node,centrality,community,density,eign,betwness,closeness,volatility,name,type
2198,1,0,0.0606060606060606,0.0001313912701829,0.0,0.201533558687508,0.5,User_2198,
3319,1,0,0.0606060606060606,6.58885695572962e-05,0.0,0.1793361563060219,0.16666666666666666,User_3319,incoming
417,1,0,0.0606060606060606,0.0001313912701829,0.0,0.201533558687508,0.5,User_417,outandin
3384,1,0,0.0606060606060606,1.3658182969424072e-05,0.0,0.1719156019378762,0.3333333333333333,User_3384,outandin
2888,1,0,0.0606060606060606,7.115684593034816e-05,0.0,0.1801790094226065,0.16666666666666666,User_2888,outgoing
2896,1,0,0.0606060606060606,0.0005764423676926,0.0,0.1971984903220063,0.3333333333333333,User_2896,outgoing
2955,1,0,0.0606060606060606,0.0018501590348179,0.0,0.2318356083307369,0.16666666666666666,User_2955,outgoing
3046,1,0,0.0606060606060606,0.001815018183026,0.0,0.2205590855405912,0.16666666666666666,User_3046,outandin
3089,1,0,0.0606060606060606,0.0023063167474857,0.0,0.2192974371053617,0.16666666666666666,User_3089,outandin
3122,1,0,0.0606060606060606,0.0080299685985039,0.0,0.2479182666393948,0.3333333333333333,User_3122,outandin
3231,1,0,0.0606060606060606,0.0023063167474857,0.0,0.2192974371053617,0.16666666666666666,User_3231,incoming
3285,1,0,0.0606060606060606,0.007655907251062,0.0,0.2508679188302263,0.5,User_3285,outandin
3359,1,0,0.0606060606060606,0.0019823519183014,0.0,0.2216021920933318,0.5,User_3359,outandin
3421,1,0,0.0606060606060606,0.007655907251062,0.0,0.2508679188302263,0.3333333333333333,User_3421,outandin
2939,2,0,0.0606060606060606,0.0009962581039122,0.0021019027372669,0.221718702183812,0.16666666666666666,User_2939,outgoing
3078,2,0,0.0606060606060606,0.0344019485887981,0.0,0.2875615216867442,0.16666666666666666,User_3078,outandin
3092,2,0,0.0606060606060606,0.0080711421506638,0.0021019027372669,0.2480641009138885,0.16666666666666666,User_3092,outandin
3315,2,0,0.0606060606060606,0.0088483496933576,0.00027211219328,0.2790926350454074,0.16666666666666666,User_3315,incoming
3318,2,0,0.0606060606060606,0.0009225345589166,0.0021019027372669,0.2204437906709934,0.16666666666666666,User_3318,outandin
3381,2,0,0.0606060606060606,0.0003824494499081,0.0021019027372669,0.2093367940201591,0.16666666666666666,User_3381,incoming
535,3,0,0.0606060606060606,0.0039405996486873,0.0005863340490126,0.2518417268161305,0.3333333333333333,User_535,
2805,3,0,0.0606060606060606,0.0254130374700155,0.0021019027372669,0.2861954336977336,0.5,User_2805,
3274,3,0,0.0606060606060606,0.0323175226702548,0.0001203483974831,0.3073680550682292,0.16666666666666666,User_3274,outandin
3410,3,0,0.0606060606060606,0.0061199291653007,0.0006586291538863,0.2605554350037754,0.16666666666666666,User_3410,outandin
1366,3,0,0.0606060606060606,0.0023633456434407,0.0004785085780572,0.2490162217618013,0.16666666666666666,User_1366,outgoing
1850,3,0,0.0606060606060606,0.0106959163480108,0.0043640797905119,0.267412156977559,0.5,User_1850,
2063,5,0,0.0606060606060606,0.0279520687332483,0.0002934116853344,0.3008983029280132,0.3333333333333333,User_2063,
493,5,0,0.0606060606060606,0.0036791350531908,0.0046030831088715,0.2549631025112518,0.5,User_493,incoming
1764,6,0,0.0606060606060606,0.0277553437882816,0.0067581518162836,0.2879542311735135,0.5,User_1764,
3045,7,0,0.0606060606060606,0.0322906681527384,0.0043624379992206,0.2840747534884543,0.16666666666666666,User_3045,incoming
2045,9,0,0.0606060606060606,0.0257006500928489,0.0046432891873536,0.2858075035944497,0.08333333333333333,User_2045,
2861,11,0,0.0606060606060606,0.0259047283507007,0.0091801106994103,0.3054755317302502,0.16666666666666666,User_2861,
41,14,0,0.0606060606060606,0.1071872963280401,0.0048543606552668,0.3394035988359038,0.3333333333333333,User_41,
3598,18,0,0.0606060606060606,0.1124246594922501,0.0107225006353545,0.3340269081612756,0.3333333333333333,User_3598,
2083,1,1,0.0416326530612244,0.0064290741089398,0.0,0.2613628581057394,0.3333333333333333,User_2083,outandin
2249,1,1,0.0416326530612244,0.0128581482178797,0.0,0.2613628581057394,0.16666666666666666,User_2249,
270,1,1,0.0416326530612244,0.0128581482178797,0.0,0.2613628581057394,0.6666666666666666,User_270,
395,1,1,0.0416326530612244,0.0128581482178797,0.0,0.2613628581057394,0.5,User_395,outgoing
2494,1,1,0.0416326530612244,0.0128581482178797,0.0,0.2613628581057394,0.16666666666666666,User_2494,outgoing
3371,1,1,0.0416326530612244,8.947440650263601e-05,0.0,0.1920350507985476,0.3333333333333333,User_3371,outandin
3372,1,1,0.0416326530612244,8.947440650263601e-05,0.0,0.1920350507985476,0.16666666666666666,User_3372,outandin
2652,1,1,0.0416326530612244,0.0128581482178797,0.0,0.2613628581057394,0.16666666666666666,User_2652,incoming
2692,1,1,0.0416326530612244,0.0064290741089398,0.0,0.2613628581057394,0.16666666666666666,User_2692,incoming
2759,1,1,0.0416326530612244,0.0128581482178797,0.0,0.2613628581057394,0.16666666666666666,User_2759,outandin
732,1,1,0.0416326530612244,0.0015623232252751,0.0,0.2227728323051297,0.3333333333333333,User_732,
2908,1,1,0.0416326530612244,0.0011667186567122,0.0,0.2118076200671072,0.16666666666666666,User_2908,outgoing
2925,1,1,0.0416326530612244,0.0128581482178797,0.0,0.2613628581057394,0.16666666666666666,User_2925,outgoing
2965,1,1,0.0416326530612244,0.0064290741089398,0.0,0.2613628581057394,0.16666666666666666,User_2965,outandin
2996,1,1,0.0416326530612244,9.921507692717037e-08,0.0,0.141655684095939,0.16666666666666666,User_2996,outandin
3023,1,1,0.0416326530612244,0.0128581482178797,0.0,0.2613628581057394,0.16666666666666666,User_3023,incoming
3049,1,1,0.0416326530612244,0.0064290741089398,0.0,0.2613628581057394,0.16666666666666666,User_3049,outandin
3090,1,1,0.0416326530612244,0.0128581482178797,0.0,0.2613628581057394,0.16666666666666666,User_3090,outandin
3216,1,1,0.0416326530612244,0.0128581482178797,0.0,0.2613628581057394,0.16666666666666666,User_3216,outandin
3217,1,1,0.0416326530612244,0.0128581482178797,0.0,0.2613628581057394,0.3333333333333333,User_3217,outandin
3242,1,1,0.0416326530612244,0.0128581482178797,0.0,0.2613628581057394,0.3333333333333333,User_3242,outandin
3258,1,1,0.0416326530612244,7.76005788344946e-05,0.0,0.2005273283659584,0.16666666666666666,User_3258,incoming
3307,1,1,0.0416326530612244,0.0064290741089398,0.0,0.2613628581057394,0.16666666666666666,User_3307,outandin
3337,1,1,0.0416326530612244,0.0128581482178797,0.0,0.2613628581057394,0.16666666666666666,User_3337,incoming
3342,1,1,0.0416326530612244,0.0064290741089398,0.0,0.2613628581057394,0.16666666666666666,User_3342,incoming
3344,1,1,0.0416326530612244,0.0009005351220411,0.0,0.2009573369328618,0.16666666666666666,User_3344,outandin
1754,1,1,0.0416326530612244,0.0128581482178797,0.0,0.2613628581057394,0.3333333333333333,User_1754,outgoing
1839,1,1,0.0416326530612244,0.0007811616126375,0.0,0.2227728323051297,0.3333333333333333,User_1839,outandin
1911,1,1,0.0416326530612244,0.0064290741089398,0.0,0.2613628581057394,0.3333333333333333,User_1911,
1975,1,1,0.0416326530612244,0.0064290741089398,0.0,0.2613628581057394,0.16666666666666666,User_1975,outandin
100,2,1,0.0416326530612244,0.0131624947847406,0.0002245397252119,0.2645602080010104,0.4166666666666667,User_100,outandin
2711,2,1,0.0416326530612244,2.7786251349538432e-06,0.0021019027372669,0.1661252596232462,0.16666666666666666,User_2711,outgoing
2876,2,1,0.0416326530612244,0.044953780059192,0.0,0.2992966441118598,0.16666666666666666,User_2876,
2970,2,1,0.0416326530612244,7.769979391142177e-05,0.0041990120817465,0.2007182158751121,0.16666666666666666,User_2970,outandin
3183,2,1,0.0416326530612244,0.0331832720172279,7.96982906036466e-05,0.2863897939243535,0.16666666666666666,User_3183,outandin
3202,2,1,0.0416326530612244,0.044953780059192,0.0,0.2992966441118598,0.16666666666666666,User_3202,outandin
3227,2,1,0.0416326530612244,0.0214719477164164,0.0,0.2851311504757339,0.16666666666666666,User_3227,outandin
3230,2,1,0.0416326530612244,0.0136393098305172,0.0,0.2677517279705463,0.16666666666666666,User_3230,outandin
3255,2,1,0.0416326530612244,0.0137586833399208,0.0001147165068016,0.2618497184437197,0.16666666666666666,User_3255,outandin
1258,2,1,0.0416326530612244,0.0152284406071997,4.1929002448645695e-05,0.2615249435991383,0.5,User_1258,outandin
3317,2,1,0.0416326530612244,0.013037097030885,0.0004241697699435,0.2623383959898043,0.16666666666666666,User_3317,incoming
1719,2,1,0.0416326530612244,0.0135846124745942,0.0004291323800312,0.2655598057642384,0.6666666666666666,User_1719,
2187,3,1,0.0416326530612244,0.0163353727392859,0.0024959450922834,0.2716321877962064,0.3333333333333333,User_2187,
481,4,1,0.0416326530612244,0.002173155574581,0.0083972252646951,0.2533547440994956,0.4166666666666667,User_481,incoming
3361,4,1,0.0416326530612244,0.0025056617977045,0.0042206602369169,0.2399482057204043,0.16666666666666666,User_3361,outandin
2437,5,1,0.0416326530612244,0.0126088186407125,0.0021357016164068,0.254041549128681,0.16666666666666666,User_2437,
3341,6,1,0.0416326530612244,0.0219534120598735,0.0226357896922381,0.3088311765313881,0.16666666666666666,User_3341,incoming
2944,7,1,0.0416326530612244,0.0777983207016638,0.000893091033221,0.3276681985653539,0.16666666666666666,User_2944,
3314,9,1,0.0416326530612244,0.0218744312199202,0.0073676780330099,0.2899339783799316,0.16666666666666666,User_3314,incoming
1810,71,1,0.0416326530612244,0.1800279295149797,0.098165097375783,0.3589012523860515,0.08333333333333333,User_1810,
2093,1,2,0.6666666666666666,6.7963855667418805e-28,0.0,0.0014587892049598,0.3333333333333333,User_2093,outandin
563,1,2,0.6666666666666666,1.3592771133483544e-27,0.0,0.0014587892049598,0.6666666666666666,User_563,
3226,2,2,0.6666666666666666,1.5197180128556071e-27,2.3966963936909364e-06,0.0021881838074398,0.16666666666666666,User_3226,outandin
861,1,3,0.6666666666666666,6.796385566741885e-28,0.0,0.0014587892049598,0.3333333333333333,User_861,outgoing
2978,1,3,0.6666666666666666,1.3592771133483548e-27,0.0,0.0014587892049598,0.16666666666666666,User_2978,outandin
2582,2,3,0.6666666666666666,1.519718012855608e-27,2.3966963936909364e-06,0.0021881838074398,0.16666666666666666,User_2582,outgoing
894,1,4,1.0,2.9553331547921397e-33,0.0,0.0010940919037199,0.3333333333333333,User_894,outgoing
2945,1,4,1.0,2.9553331547921397e-33,0.0,0.0010940919037199,0.16666666666666666,User_2945,
2836,1,5,1.0,2.9553331547921397e-33,0.0,0.0010940919037199,0.16666666666666666,User_2836,outgoing
1054,1,5,1.0,2.9553331547921397e-33,0.0,0.0010940919037199,0.3333333333333333,User_1054,outgoing
2131,1,6,1.0,2.9553331547921397e-33,0.0,0.0010940919037199,0.5,User_2131,outgoing
1204,1,6,1.0,2.9553331547921397e-33,0.0,0.0010940919037199,0.5,User_1204,outandin
2173,1,7,0.0313513513513513,0.0026530578924297,0.0,0.2338929404068832,0.16666666666666666,User_2173,
188,1,7,0.0313513513513513,0.0320956318413123,0.0,0.2861954336977336,0.3333333333333333,User_188,outandin
2404,1,7,0.0313513513513513,0.0160478159206561,0.0,0.2861954336977336,0.16666666666666666,User_2404,
2472,1,7,0.0313513513513513,0.0320956318413123,0.0,0.2861954336977336,0.16666666666666666,User_2472,
2487,1,7,0.0313513513513513,0.0160478159206561,0.0,0.2861954336977336,0.16666666666666666,User_2487,
570,1,7,0.0313513513513513,0.0023043633866391,0.0,0.2206745010746261,0.3333333333333333,User_570,outandin
3370,1,7,0.0313513513513513,0.0320956318413123,0.0,0.2861954336977336,0.3333333333333333,User_3370,outandin
2731,1,7,0.0313513513513513,0.0320956318413123,0.0,0.2861954336977336,0.5833333333333334,User_2731,outgoing
2758,1,7,0.0313513513513513,0.0160478159206561,0.0,0.2861954336977336,0.16666666666666666,User_2758,outgoing
2803,1,7,0.0313513513513513,0.004165060823015,0.0,0.2370483257749356,0.16666666666666666,User_2803,
2809,1,7,0.0313513513513513,0.0320956318413123,0.0,0.2861954336977336,0.16666666666666666,User_2809,outgoing
2823,1,7,0.0313513513513513,0.0020825304115075,0.0,0.2370483257749356,0.16666666666666666,User_2823,outgoing
2894,1,7,0.0313513513513513,0.0160478159206561,0.0,0.2861954336977336,0.16666666666666666,User_2894,outgoing
2926,1,7,0.0313513513513513,0.0160478159206561,0.0,0.2861954336977336,0.16666666666666666,User_2926,outgoing
2968,1,7,0.0313513513513513,0.0160478159206561,0.0,0.2861954336977336,0.16666666666666666,User_2968,outandin
2994,1,7,0.0313513513513513,0.0320956318413123,0.0,0.2861954336977336,0.16666666666666666,User_2994,outandin
3048,1,7,0.0313513513513513,0.0160478159206561,0.0,0.2861954336977336,0.16666666666666666,User_3048,outandin
3080,1,7,0.0313513513513513,0.0320956318413123,0.0,0.2861954336977336,0.16666666666666666,User_3080,outandin
3104,1,7,0.0313513513513513,0.0320956318413123,0.0,0.2861954336977336,0.16666666666666666,User_3104,incoming
3112,1,7,0.0313513513513513,0.0320956318413123,0.0,0.2861954336977336,0.16666666666666666,User_3112,outandin
3121,1,7,0.0313513513513513,0.0320956318413123,0.0,0.2861954336977336,0.16666666666666666,User_3121,outandin
3138,1,7,0.0313513513513513,0.0320956318413123,0.0,0.2861954336977336,0.16666666666666666,User_3138,outandin
3141,1,7,0.0313513513513513,0.0320956318413123,0.0,0.2861954336977336,0.16666666666666666,User_3141,outandin
3150,1,7,0.0313513513513513,0.0320956318413123,0.0,0.2861954336977336,0.16666666666666666,User_3150,outandin
3181,1,7,0.0313513513513513,0.0320956318413123,0.0,0.2861954336977336,0.16666666666666666,User_3181,outandin
3187,1,7,0.0313513513513513,0.0320956318413123,0.0,0.2861954336977336,0.16666666666666666,User_3187,outandin
3222,1,7,0.0313513513513513,0.0320956318413123,0.0,0.2861954336977336,0.16666666666666666,User_3222,outandin
3282,1,7,0.0313513513513513,0.0039109866708962,0.0,0.2497536106328756,0.16666666666666666,User_3282,outandin
3291,1,7,0.0313513513513513,0.0160478159206561,0.0,0.2861954336977336,0.16666666666666666,User_3291,outandin
3306,1,7,0.0313513513513513,0.0320956318413123,0.0,0.2861954336977336,0.16666666666666666,User_3306,outandin
3312,1,7,0.0313513513513513,0.0160478159206561,0.0,0.2861954336977336,0.16666666666666666,User_3312,outandin
3368,1,7,0.0313513513513513,0.0160478159206561,0.0,0.2861954336977336,0.16666666666666666,User_3368,incoming
3380,1,7,0.0313513513513513,0.0320956318413123,0.0,0.2861954336977336,0.3333333333333333,User_3380,incoming
3382,1,7,0.0313513513513513,0.0320956318413123,0.0,0.2861954336977336,0.16666666666666666,User_3382,incoming
3387,1,7,0.0313513513513513,0.0320956318413123,0.0,0.2861954336977336,0.16666666666666666,User_3387,outandin
3395,1,7,0.0313513513513513,0.0160478159206561,0.0,0.2861954336977336,0.16666666666666666,User_3395,incoming
3404,1,7,0.0313513513513513,0.0320956318413123,0.0,0.2861954336977336,0.16666666666666666,User_3404,incoming
3405,1,7,0.0313513513513513,0.0320956318413123,0.0,0.2861954336977336,0.16666666666666666,User_3405,incoming
3417,1,7,0.0313513513513513,0.0320956318413123,0.0,0.2861954336977336,0.16666666666666666,User_3417,incoming
3419,1,7,0.0313513513513513,0.0320956318413123,0.0,0.2861954336977336,0.16666666666666666,User_3419,outandin
3423,1,7,0.0313513513513513,0.0023043633866391,0.0,0.2206745010746261,0.16666666666666666,User_3423,outandin
3433,1,7,0.0313513513513513,0.0320956318413123,0.0,0.2861954336977336,0.16666666666666666,User_3433,incoming
3442,1,7,0.0313513513513513,0.0082232935373577,0.0,0.2502723866787006,0.16666666666666666,User_3442,incoming
3441,1,7,0.0313513513513513,0.0320956318413123,0.0,0.2861954336977336,0.16666666666666666,User_3441,incoming
3443,1,7,0.0313513513513513,0.0320956318413123,0.0,0.2861954336977336,0.16666666666666666,User_3443,outandin
1971,1,7,0.0313513513513513,0.0320956318413123,0.0,0.2861954336977336,0.6666666666666666,User_1971,outandin
2496,2,7,0.0313513513513513,0.04031892537867,0.0,0.2883480147375114,0.3333333333333333,User_2496,outgoing
2693,2,7,0.0313513513513513,0.0026598197103709,5.181093674596583e-05,0.2315174150719794,0.16666666666666666,User_2693,
2767,2,7,0.0313513513513513,0.0364025315905806,0.0,0.3054755317302502,0.3333333333333333,User_2767,
2788,2,7,0.0313513513513513,0.0322601938929083,0.0021019027372669,0.2863897939243535,0.16666666666666666,User_2788,outgoing
3203,2,7,0.0313513513513513,0.0362606926643274,0.0,0.2876595986040999,0.16666666666666666,User_3203,outandin
3277,2,7,0.0313513513513513,0.0322855826103433,0.0005158388378757,0.2864870730663115,0.16666666666666666,User_3277,outandin
3304,2,7,0.0313513513513513,0.0127788603215517,0.0001611781692182,0.2653091988383834,0.16666666666666666,User_3304,outandin
1295,2,7,0.0313513513513513,0.0362606926643274,0.0,0.2876595986040999,0.5,User_1295,incoming
3408,2,7,0.0313513513513513,0.0322601938929083,0.0021019027372669,0.2863897939243535,0.16666666666666666,User_3408,incoming
1981,2,7,0.0313513513513513,0.0167139387096973,4.469596683688779e-05,0.2868768513970139,0.3333333333333333,User_1981,incoming
215,3,7,0.0313513513513513,0.0371390334790344,0.0031077916051815,0.2938738477725509,1.0,User_215,incoming
363,3,7,0.0313513513513513,0.0323901722161074,0.0015685579570705,0.2898343447103852,0.3333333333333333,User_363,
2777,3,7,0.0313513513513513,0.0357435823173456,3.105485188981297e-05,0.2909340955871752,0.16666666666666666,User_2777,
3000,3,7,0.0313513513513513,0.005279533478056,1.1051433370908203e-05,0.2385906486866255,0.16666666666666666,User_3000,incoming
3120,3,7,0.0313513513513513,0.0339743446442984,0.0001458468453213,0.2889407136372802,0.16666666666666666,User_3120,incoming
1967,3,7,0.0313513513513513,0.0097867547414062,0.0018754091297051,0.2834065669043081,0.3333333333333333,User_1967,
2625,4,7,0.0313513513513513,0.0103667167957727,0.0004601825730665,0.2580838259202022,0.16666666666666666,User_2625,
2977,4,7,0.0313513513513513,0.0567538761010393,0.0005626875541949,0.3004695201664485,0.16666666666666666,User_2977,incoming
1675,4,7,0.0313513513513513,0.0093265371229969,0.002595591161628,0.2686044404800067,0.16666666666666666,User_1675,
1800,4,7,0.0313513513513513,0.0255690788380598,3.0394467901807784e-05,0.2768936123135985,0.3333333333333333,User_1800,outandin
2987,5,7,0.0313513513513513,0.0610963007247101,0.0006578036964706,0.3111095326843309,0.3333333333333333,User_2987,incoming
729,6,7,0.0313513513513513,0.0472180325128002,0.0003395127830476,0.3115692438519472,0.3333333333333333,User_729,
3185,6,7,0.0313513513513513,0.0764216552065244,1.1743812329085589e-05,0.314239174033987,0.3333333333333333,User_3185,outandin
1731,9,7,0.0313513513513513,0.0371459317310428,0.0093183091530563,0.3090575093833715,0.6666666666666666,User_1731,
905,10,7,0.0313513513513513,0.0461868123721476,0.0211915932898988,0.3155323393592297,0.25,User_905,
2780,13,7,0.0313513513513513,0.1095117710839786,0.0029569452742267,0.3373671772428884,0.16666666666666666,User_2780,outgoing
2176,14,7,0.0313513513513513,0.115132372541281,0.002895939274266,0.338314457724517,0.16666666666666666,User_2176,
1271,15,7,0.0313513513513513,0.0583129276135081,0.0081978600310996,0.3145908030985532,0.3333333333333333,User_1271,
2642,133,7,0.0313513513513513,0.4494082133985997,0.1838026051526141,0.4074482816943097,0.16666666666666666,User_2642,
2119,1,8,0.0597439544807965,0.00032067483809,0.0,0.199625548664431,0.16666666666666666,User_2119,outgoing
2141,1,8,0.0597439544807965,5.909791315439931e-05,0.0,0.1726546454671895,0.6666666666666666,User_2141,incoming
2246,1,8,0.0597439544807965,0.0014228040154776,0.0,0.2178811529597574,0.5,User_2246,outandin
340,1,8,0.0597439544807965,0.0033938935088155,0.0,0.2449660014833636,0.3333333333333333,User_340,outgoing
2839,1,8,0.0597439544807965,0.0017732746943448,0.0,0.2159288128794728,0.16666666666666666,User_2839,
2999,1,8,0.0597439544807965,0.0005595670656344,0.0,0.2009094671527444,0.16666666666666666,User_2999,outandin
1001,1,8,0.0597439544807965,0.0033938935088155,0.0,0.2449660014833636,0.6666666666666666,User_1001,incoming
3151,1,8,0.0597439544807965,0.0017527112437855,0.0,0.2238370337333389,0.16666666666666666,User_3151,outandin
3159,1,8,0.0597439544807965,0.0033348829213571,0.0,0.2424311420256455,0.16666666666666666,User_3159,outandin
1701,1,8,0.0597439544807965,0.0033938935088155,0.0,0.2449660014833636,0.3333333333333333,User_1701,outandin
1733,1,8,0.0597439544807965,0.0033938935088155,0.0,0.2449660014833636,0.5,User_1733,outgoing
1947,1,8,0.0597439544807965,0.0066697658427142,0.0,0.2424311420256455,0.3333333333333333,User_1947,incoming
2040,1,8,0.0597439544807965,0.0033938935088155,0.0,0.2449660014833636,0.3333333333333333,User_2040,outgoing
2165,2,8,0.0597439544807965,0.0003199407915368,4.667465525183956e-05,0.2110655513281333,0.3333333333333333,User_2165,
2918,2,8,0.0597439544807965,0.0011877396672134,0.0017465300075738,0.2294390487234007,0.16666666666666666,User_2918,outgoing
3063,2,8,0.0597439544807965,0.010127792393825,0.0,0.2655598057642384,0.6666666666666666,User_3063,outandin
3111,2,8,0.0597439544807965,0.0388834188589433,0.0,0.2915374846551057,0.16666666666666666,User_3111,outandin
2174,3,8,0.0597439544807965,0.0016667886480486,4.9211477588602624e-05,0.2264209243240861,0.16666666666666666,User_2174,
2188,3,8,0.0597439544807965,0.0044898669382468,0.0021019027372669,0.251916948359385,0.5,User_2188,incoming
491,3,8,0.0597439544807965,0.0008273829416958,0.0021521019375895,0.2104336185397258,0.5,User_491,outgoing
3148,3,8,0.0597439544807965,0.0245404656574322,0.0021019027372669,0.2917391709122175,0.16666666666666666,User_3148,outandin
3194,3,8,0.0597439544807965,0.0236449752444708,0.0,0.279462539134268,0.3333333333333333,User_3194,outandin
3209,3,8,0.0597439544807965,0.0282943838360573,0.0004416717943661,0.2901334513612731,0.16666666666666666,User_3209,incoming
3221,3,8,0.0597439544807965,0.0248272434679642,0.0021019027372669,0.278447653716481,0.16666666666666666,User_3221,outandin
1555,3,8,0.0597439544807965,0.0199211137426401,0.0021019027372669,0.281702719808691,0.16666666666666666,User_1555,
3050,4,8,0.0597439544807965,0.0427658448247029,0.0001930549320427,0.3006837586835012,0.16666666666666666,User_3050,incoming
3208,4,8,0.0597439544807965,0.0108386519346427,0.0006295735637142,0.2638979796956261,0.3333333333333333,User_3208,incoming
1922,4,8,0.0597439544807965,0.009657171656023,0.0005892318251457,0.2810456324915765,0.5,User_1922,outgoing
7,5,8,0.0597439544807965,0.0159869743018084,3.949130610939972e-05,0.2686900105470599,0.5833333333333334,User_7,outgoing
3002,5,8,0.0597439544807965,0.0462916066438935,0.0001370584047022,0.3099661679923635,0.16666666666666666,User_3002,incoming
1746,5,8,0.0597439544807965,0.0154621557842211,0.0076421781177014,0.2817968403298433,0.3333333333333333,User_1746,
2848,6,8,0.0597439544807965,0.0254246674158446,0.0056414885375333,0.2994028907018889,0.3333333333333333,User_2848,
2940,6,8,0.0597439544807965,0.0078345922998468,0.0022965649499797,0.2539650536305995,0.16666666666666666,User_2940,outgoing
2262,7,8,0.0597439544807965,0.0415052793999662,0.0030261051641532,0.3141221389598588,0.3333333333333333,User_2262,
2961,8,8,0.0597439544807965,0.0475886757104041,0.002486065674015,0.3071441890412312,0.16666666666666666,User_2961,incoming
3146,10,8,0.0597439544807965,0.0811204183150037,0.0017273664272863,0.3271597917405822,0.16666666666666666,User_3146,outandin
2835,20,8,0.0597439544807965,0.0933857819101654,0.0085053019452251,0.3241421764439742,0.16666666666666666,User_2835,
3099,33,8,0.0597439544807965,0.0950348753009885,0.0265850657161329,0.328689767383952,0.3333333333333333,User_3099,incoming
1499,1,9,1.0,2.9553331547921397e-33,0.0,0.0010940919037199,0.16666666666666666,User_1499,
1753,1,9,1.0,2.9553331547921397e-33,0.0,0.0010940919037199,0.3333333333333333,User_1753,outandin
115,1,10,0.0428571428571428,0.0001046309131185,0.0,0.1926051480034759,0.5833333333333334,User_115,incoming
143,1,10,0.0428571428571428,0.0002101460428052,0.0,0.2080458665780022,0.5,User_143,outgoing
2255,1,10,0.0428571428571428,0.0006549381197564,0.0,0.2110127453358071,0.3333333333333333,User_2255,outandin
2275,1,10,0.0428571428571428,0.0015930238571799,0.0,0.2317082261283574,0.16666666666666666,User_2275,outgoing
2299,1,10,0.0428571428571428,0.0005218881681462,0.0,0.2155976337186148,0.16666666666666666,User_2299,outgoing
2313,1,10,0.0428571428571428,0.0001951671325573,0.0,0.1914683185260433,0.3333333333333333,User_2313,outgoing
274,1,10,0.0428571428571428,0.0010156332386915,0.0,0.2106964634292333,0.6666666666666666,User_274,outandin
2502,1,10,0.0428571428571428,0.0054065239572391,0.0,0.2459661543036514,0.16666666666666666,User_2502,outgoing
2609,1,10,0.0428571428571428,0.0080164809145282,0.0,0.2527473608352475,0.16666666666666666,User_2609,outgoing
770,1,10,0.0428571428571428,0.000691089190258,0.0,0.2248514910976329,0.5,User_770,outandin
3012,1,10,0.0428571428571428,0.0023292380804094,0.0,0.2250915247150309,0.16666666666666666,User_3012,outandin
3114,1,10,0.0428571428571428,0.0080164809145282,0.0,0.2527473608352475,0.16666666666666666,User_3114,outandin
3157,1,10,0.0428571428571428,0.0004202920856104,0.0,0.2080458665780022,0.16666666666666666,User_3157,outandin
3188,1,10,0.0428571428571428,0.0042362248331575,0.0,0.2358551295042564,0.16666666666666666,User_3188,outandin
3253,1,10,0.0428571428571428,0.0080164809145282,0.0,0.2527473608352475,0.16666666666666666,User_3253,outandin
3308,1,10,0.0428571428571428,0.0050116046639311,0.0,0.2379847469264167,0.16666666666666666,User_3308,outandin
3358,1,10,0.0428571428571428,0.0010437763362924,0.0,0.2155976337186148,0.16666666666666666,User_3358,outandin
3360,1,10,0.0428571428571428,0.0004202920856104,0.0,0.2080458665780022,0.16666666666666666,User_3360,outandin
3403,1,10,0.0428571428571428,6.115085092535421e-05,0.0,0.1840318444484444,0.16666666666666666,User_3403,outandin
3414,1,10,0.0428571428571428,0.0040082404572641,0.0,0.2527473608352475,0.3333333333333333,User_3414,incoming
3420,1,10,0.0428571428571428,0.0057261221147449,0.0,0.2453936407062034,0.16666666666666666,User_3420,outandin
1475,1,10,0.0428571428571428,0.0005218881681462,0.0,0.2155976337186148,0.3333333333333333,User_1475,outandin
1991,1,10,0.0428571428571428,0.0054585473680677,0.0,0.2389285957810824,0.3333333333333333,User_1991,
2049,2,10,0.0428571428571428,0.0015693680094769,1.4646477961444611e-06,0.2270304019131147,0.3333333333333333,User_2049,outandin
2563,2,10,0.0428571428571428,0.0166302804130649,0.0,0.2724218162491024,0.16666666666666666,User_2563,outgoing
3145,2,10,0.0428571428571428,0.0091509946794886,0.0011780892079617,0.2710211899444797,0.16666666666666666,User_3145,outandin
3220,2,10,0.0428571428571428,0.0054318967495415,0.0,0.2407014677817411,0.16666666666666666,User_3220,outandin
3267,2,10,0.0428571428571428,0.0054655178013981,0.0021019027372669,0.2390640428308449,0.3333333333333333,User_3267,outandin
3388,2,10,0.0428571428571428,0.0074362640940976,2.396696393690936e-06,0.2535832661176251,0.16666666666666666,User_3388,incoming
3383,2,10,0.0428571428571428,0.0036905703495355,0.0001703883926817,0.2480641009138885,0.16666666666666666,User_3383,incoming
3396,2,10,0.0428571428571428,0.0017123257236777,0.0021019027372669,0.2275817439576959,0.16666666666666666,User_3396,incoming
2392,3,10,0.0428571428571428,0.0495501755865322,0.0,0.3086051749386099,0.3333333333333333,User_2392,
448,3,10,0.0428571428571428,0.0029298308536148,0.0021019027372669,0.2408389329261053,0.5,User_448,outandin
2661,3,10,0.0428571428571428,0.0132346073604469,1.7575773553733534e-05,0.2537358432933878,0.16666666666666666,User_2661,
2728,3,10,0.0428571428571428,0.0105261608604215,0.0021143753414702,0.2872676917940126,0.16666666666666666,User_2728,
3254,3,10,0.0428571428571428,0.0114466853927511,0.0001185649949194,0.2672426942671803,0.16666666666666666,User_3254,outandin
3352,3,10,0.0428571428571428,0.0331726046287657,0.0005890584398057,0.2870721385661065,0.16666666666666666,User_3352,outandin
3379,3,10,0.0428571428571428,0.0183400851295201,0.0021865328862011,0.270326263816417,0.16666666666666666,User_3379,outandin
2950,4,10,0.0428571428571428,0.0326121970987637,0.0021019027372669,0.2938738477725509,0.16666666666666666,User_2950,outandin
2969,4,10,0.0428571428571428,0.0315303238344214,0.0004551059325002,0.2875615216867442,0.16666666666666666,User_2969,incoming
3054,4,10,0.0428571428571428,0.0446073485679768,0.0021019027372669,0.3052544129957368,0.16666666666666666,User_3054,outandin
3259,4,10,0.0428571428571428,0.0083182879087764,0.0002805453315396,0.2708471236696278,0.16666666666666666,User_3259,outandin
3309,4,10,0.0428571428571428,0.0142200099161955,0.0022531420123214,0.2698074034252147,0.16666666666666666,User_3309,incoming
1819,4,10,0.0428571428571428,0.0397939371886764,0.0005052829858064,0.300148734201858,0.3333333333333333,User_1819,
2898,5,10,0.0428571428571428,0.019351984025416,0.00515038268299,0.2934648375460059,0.16666666666666666,User_2898,
3182,6,10,0.0428571428571428,0.0593077671321257,0.0027057964573692,0.3124927540226828,0.16666666666666666,User_3182,outandin
3374,6,10,0.0428571428571428,0.0420482325748598,0.0016222476173745,0.3058078111338727,0.16666666666666666,User_3374,incoming
546,8,10,0.0428571428571428,0.023944110131469,0.0060975910644238,0.2979222688474818,0.5,User_546,
2942,9,10,0.0428571428571428,0.0778744431597346,0.0042452372239972,0.3340269081612756,0.16666666666666666,User_2942,
3161,9,10,0.0428571428571428,0.0801681371532323,0.0041598522116852,0.3294601340262582,0.16666666666666666,User_3161,incoming
1528,9,10,0.0428571428571428,0.0146146748752162,0.0083266515468573,0.27789718059546,0.3333333333333333,User_1528,
1743,10,10,0.0428571428571428,0.0058846158787862,0.0088452360489513,0.265476217534536,0.5,User_1743,incoming
3195,12,10,0.0428571428571428,0.0764210636143718,0.0084604914494313,0.3179110226563215,0.3333333333333333,User_3195,incoming
3273,14,10,0.0428571428571428,0.0756937280162141,0.005204954526215,0.3304929244150552,0.16666666666666666,User_3273,incoming
3219,15,10,0.0428571428571428,0.0701688662934997,0.0118009488236287,0.316242198390409,0.3333333333333333,User_3219,incoming
2296,42,10,0.0428571428571428,0.1122436316377897,0.070500538265694,0.3428528224013094,0.16666666666666666,User_2296,
125,1,11,0.0331930808789153,0.0001876439968425,0.0,0.1996728085007625,0.5833333333333334,User_125,outandin
214,1,11,0.0331930808789153,0.0176274901807113,0.0,0.2838835217459512,0.3333333333333333,User_214,incoming
312,1,11,0.0331930808789153,0.0039799160927857,0.0,0.2567482323005239,0.3333333333333333,User_312,incoming
2364,1,11,0.0331930808789153,7.844275833024229e-05,0.0,0.1940229912830046,0.16666666666666666,User_2364,outgoing
2564,1,11,0.0331930808789153,0.0011232251063162,0.0,0.2346086072620921,0.16666666666666666,User_2564,outgoing
3375,1,11,0.0331930808789153,0.0027049436716394,0.0,0.2479182666393948,0.16666666666666666,User_3375,outandin
606,1,11,0.0331930808789153,0.0010019765796665,0.0,0.2306311028458356,0.3333333333333333,User_606,incoming
2691,1,11,0.0331930808789153,0.0063056455819848,0.0,0.254809046255958,0.3333333333333333,User_2691,outgoing
700,1,11,0.0331930808789153,0.0059842440434168,0.0,0.2495319358305388,0.3333333333333333,User_700,
2812,1,11,0.0331930808789153,0.0176274901807113,0.0,0.2838835217459512,0.16666666666666666,User_2812,outgoing
2843,1,11,0.0331930808789153,0.0088137450903556,0.0,0.2838835217459512,0.16666666666666666,User_2843,outgoing
2866,1,11,0.0331930808789153,0.0039799160927857,0.0,0.2567482323005239,0.16666666666666666,User_2866,outgoing
903,1,11,0.0331930808789153,0.0003500519944656,0.0,0.2211953692911673,0.5,User_903,outandin
2974,1,11,0.0331930808789153,0.0031535850452979,0.0,0.248942722286665,0.16666666666666666,User_2974,outandin
2995,1,11,0.0331930808789153,0.0031535850452979,0.0,0.248942722286665,0.16666666666666666,User_2995,outandin
3022,1,11,0.0331930808789153,0.0031528227909924,0.0,0.254809046255958,0.16666666666666666,User_3022,outandin
3034,1,11,0.0331930808789153,0.0079598321855715,0.0,0.2567482323005239,0.16666666666666666,User_3034,outandin
3055,1,11,0.0331930808789153,0.0176274901807113,0.0,0.2838835217459512,0.16666666666666666,User_3055,outandin
3056,1,11,0.0331930808789153,0.0017681357713933,0.0,0.220847851036193,0.16666666666666666,User_3056,incoming
3061,1,11,0.0331930808789153,0.0031528227909924,0.0,0.254809046255958,0.16666666666666666,User_3061,outandin
1098,1,11,0.0331930808789153,0.0015767925226489,0.0,0.248942722286665,0.6666666666666666,User_1098,incoming
3167,1,11,0.0331930808789153,0.0031528227909924,0.0,0.254809046255958,0.16666666666666666,User_3167,outandin
3174,1,11,0.0331930808789153,0.0010526313636636,0.0,0.2219520902913739,0.16666666666666666,User_3174,outandin
1154,1,11,0.0331930808789153,0.0027049436716394,0.0,0.2479182666393948,1.0,User_1154,incoming
3235,1,11,0.0331930808789153,0.0015767925226489,0.0,0.248942722286665,0.16666666666666666,User_3235,outandin
3386,1,11,0.0331930808789153,0.0015767925226489,0.0,0.248942722286665,0.16666666666666666,User_3386,outandin
3397,1,11,0.0331930808789153,4.238208308056907e-05,0.0,0.1923854797233624,0.16666666666666666,User_3397,incoming
3430,1,11,0.0331930808789153,0.0036637410961686,0.0,0.2416670324089458,0.16666666666666666,User_3430,outandin
3434,1,11,0.0331930808789153,0.0020039531593331,0.0,0.2306311028458356,0.16666666666666666,User_3434,outandin
1566,1,11,0.0331930808789153,0.0015767925226489,0.0,0.248942722286665,0.16666666666666666,User_1566,
1779,1,11,0.0331930808789153,0.001944311615595,0.0,0.227766120201788,0.3333333333333333,User_1779,outgoing
1877,1,11,0.0331930808789153,0.0027049436716394,0.0,0.2479182666393948,0.3333333333333333,User_1877,outandin
1921,1,11,0.0331930808789153,0.0011852677868665,0.0,0.2403584904836765,0.3333333333333333,User_1921,outgoing
1946,1,11,0.0331930808789153,0.0176274901807113,0.0,0.2838835217459512,0.16666666666666666,User_1946,outgoing
2,2,11,0.0331930808789153,0.0011867813048623,0.0021019027372669,0.2404955640454009,0.5833333333333334,User_2,
2076,2,11,0.0331930808789153,0.0073627448303672,0.0004176409596143,0.2766211686150282,0.3333333333333333,User_2076,outgoing
167,2,11,0.0331930808789153,0.0023084928931828,0.0001340145064446,0.250123945168215,0.5,User_167,outgoing
204,2,11,0.0331930808789153,0.0015686461251395,0.000154252984835,0.2439739494090891,0.3333333333333333,User_204,
223,2,11,0.0331930808789153,0.0023084928931828,0.0001340145064446,0.250123945168215,0.5,User_223,outgoing
245,2,11,0.0331930808789153,0.0023084928931828,0.0001340145064446,0.250123945168215,0.5,User_245,outgoing
2318,2,11,0.0331930808789153,0.0047474551553266,2.9958704921136702e-06,0.2440445437231542,0.3333333333333333,User_2318,
2370,2,11,0.0331930808789153,0.0015860697036157,3.147400305788761e-05,0.2295014811176111,0.16666666666666666,User_2370,outgoing
791,2,11,0.0331930808789153,0.007413840502612,0.0,0.2535070463201746,0.3333333333333333,User_791,outandin
3066,2,11,0.0331930808789153,0.0027615865031332,0.0007269227252909,0.2480641009138885,0.16666666666666666,User_3066,outandin
3276,2,11,0.0331930808789153,0.0381327699044703,0.0,0.2915374846551057,0.16666666666666666,User_3276,outandin
3293,2,11,0.0331930808789153,0.012445366662434,0.0001676033544905,0.2720703042281358,0.3333333333333333,User_3293,outandin
1584,2,11,0.0331930808789153,0.0063840883403151,0.0001833130328588,0.2555811948809761,0.16666666666666666,User_1584,
2030,2,11,0.0331930808789153,0.0239331357626962,0.0,0.2881509884206426,0.16666666666666666,User_2030,outgoing
1,3,11,0.0331930808789153,0.0026273502959769,0.0023580750370772,0.251992214851276,0.08333333333333333,User_1,
2315,3,11,0.0331930808789153,0.0254341157852132,0.0,0.2969781489814158,0.16666666666666666,User_2315,
2402,3,11,0.0331930808789153,0.0214395067005716,0.0007085905262378,0.2790926350454074,0.16666666666666666,User_2402,outandin
2993,3,11,0.0331930808789153,0.0540827754053357,0.0,0.2988724107396248,0.3333333333333333,User_2993,outandin
3003,3,11,0.0331930808789153,0.0120397351820152,0.0056013317028577,0.2884466289696378,0.16666666666666666,User_3003,incoming
3345,3,11,0.0331930808789153,0.0019793743596684,7.153027966785346e-06,0.2424311420256455,0.5,User_3345,incoming
1317,3,11,0.0331930808789153,0.0086958142544881,0.0,0.2701530887595199,0.16666666666666666,User_1317,
1453,3,11,0.0331930808789153,0.0027976675875735,0.0001667122929585,0.2501981439060282,0.3333333333333333,User_1453,
1529,3,11,0.0331930808789153,0.0082136246822239,0.0001509657873042,0.259752985250145,0.5,User_1529,
1624,3,11,0.0331930808789153,0.0021966972258413,0.0027317239130252,0.2430599259674988,0.16666666666666666,User_1624,
1771,3,11,0.0331930808789153,0.0124723314192935,0.0022138143401788,0.2913360770663976,0.5,User_1771,outandin
141,4,11,0.0331930808789153,0.0165760746236214,0.0007959643146501,0.2748184891193291,0.5,User_141,outgoing
2201,4,11,0.0331930808789153,0.0247562475780836,0.0021019027372669,0.2866818297441268,0.3333333333333333,User_2201,
192,4,11,0.0331930808789153,0.0092392630236227,0.0029249414537494,0.2771665931998754,0.5,User_192,
2476,4,11,0.0331930808789153,0.0429190882309349,0.0006265076128208,0.3101941681159327,0.16666666666666666,User_2476,outgoing
2821,4,11,0.0331930808789153,0.0545348819022669,0.0,0.3148256599877645,0.16666666666666666,User_2821,outgoing
3225,4,11,0.0331930808789153,0.0550880441916338,0.0,0.3008983029280132,0.16666666666666666,User_3225,outandin
171,5,11,0.0331930808789153,0.0272229751911342,0.0023428919083727,0.2984493783111185,0.5,User_171,
178,5,11,0.0331930808789153,0.0136979051389206,0.0009859542921334,0.2870721385661065,0.5,User_178,
361,5,11,0.0331930808789153,0.0135158254825599,0.0003883938173999,0.2897347794940642,0.4166666666666667,User_361,
2929,5,11,0.0331930808789153,0.0528789179109705,0.0001040138426237,0.3128404833483758,0.16666666666666666,User_2929,outandin
2981,5,11,0.0331930808789153,0.04313186856412,5.3868744325818327e-05,0.3107656385804057,0.16666666666666666,User_2981,outandin
3025,5,11,0.0331930808789153,0.0042385275852337,0.0015816827446015,0.2616060617578229,0.3333333333333333,User_3025,outandin
1502,5,11,0.0331930808789153,0.0239072302133245,0.0001356069232202,0.2835018296158726,0.6666666666666666,User_1502,
2498,6,11,0.0331930808789153,0.014061367213584,0.0066595785420196,0.287855953278915,0.3333333333333333,User_2498,
2795,6,11,0.0331930808789153,0.0470250708102193,0.0001074199662453,0.3105367979039842,0.3333333333333333,User_2795,outgoing
1656,6,11,0.0331930808789153,0.0137386796617901,0.0030694075296351,0.2931588262451238,0.16666666666666666,User_1656,
2017,6,11,0.0331930808789153,0.0098021018868268,0.0086093936439871,0.2872676917940126,0.3333333333333333,User_2017,
856,7,11,0.0331930808789153,0.014738461666773,0.0038387093889563,0.2885453106764355,0.6666666666666666,User_856,
1318,7,11,0.0331930808789153,0.0122121812662075,0.0022338368514211,0.2842662430425416,0.6666666666666666,User_1318,
1815,7,11,0.0331930808789153,0.018146402732033,0.0126897125491413,0.2959361203884986,0.3333333333333333,User_1815,
2784,8,11,0.0331930808789153,0.0512916723172091,0.0032130399943871,0.3227776284375128,0.3333333333333333,User_2784,
2962,8,11,0.0331930808789153,0.0416528055330841,0.0014981430986854,0.3012206939668646,0.16666666666666666,User_2962,incoming
2943,10,11,0.0331930808789153,0.0756394287955539,0.0007037155075814,0.3341592484576945,0.5,User_2943,outgoing
13,13,11,0.0331930808789153,0.0280581655441897,0.0105745240151888,0.3033877493191443,0.5,User_13,
2733,13,11,0.0331930808789153,0.0837817528303696,0.006765441859758,0.3369628218566604,0.16666666666666666,User_2733,
2880,13,11,0.0331930808789153,0.044812072561131,0.0080084080511641,0.3089443015044766,0.16666666666666666,User_2880,
135,17,11,0.0331930808789153,0.0314526447616004,0.0099283163374379,0.3103082940056001,0.25,User_135,
1832,17,11,0.0331930808789153,0.0845266289804495,0.0335697388657621,0.3458048147221078,0.3333333333333333,User_1832,
2658,19,11,0.0331930808789153,0.0757454690577977,0.0150159541351003,0.3340269081612756,0.6666666666666666,User_2658,
2688,20,11,0.0331930808789153,0.1114443894443818,0.0326939637641569,0.350256620891703,0.5,User_2688,
1363,20,11,0.0331930808789153,0.0331901802623476,0.0286480160878868,0.3204475467732603,0.3333333333333333,User_1363,
2934,25,11,0.0331930808789153,0.0882810798205862,0.038990090287982,0.3466576009483029,0.3333333333333333,User_2934,incoming
1396,28,11,0.0331930808789153,0.0441539072190686,0.0482531698502289,0.33588926447918,0.4166666666666667,User_1396,
2725,57,11,0.0331930808789153,0.2467983340088057,0.0767018378413979,0.402778387348243,0.5,User_2725,
2243,1,12,0.0766488413547237,0.0041231788171207,0.0,0.2353943463877256,0.3333333333333333,User_2243,
2845,1,12,0.0766488413547237,0.0007172749584892,0.0,0.2302533287216,0.16666666666666666,User_2845,
882,1,12,0.0766488413547237,0.0020303264367738,0.0,0.2378505197707899,0.5,User_882,incoming
3232,1,12,0.0766488413547237,0.0040606528735477,0.0,0.2378505197707899,0.16666666666666666,User_3232,outandin
3238,1,12,0.0766488413547237,0.0020077874237439,0.0,0.2255731326844667,0.16666666666666666,User_3238,outandin
3263,1,12,0.0766488413547237,0.0072555226447588,0.0,0.2439033959245867,0.16666666666666666,User_3263,outandin
3271,1,12,0.0766488413547237,0.0072555226447588,0.0,0.2439033959245867,0.16666666666666666,User_3271,outandin
3303,1,12,0.0766488413547237,0.0033594343300689,0.0,0.2332461125849615,0.16666666666666666,User_3303,outandin
3234,1,12,0.0766488413547237,0.0033594343300689,0.0,0.2332461125849615,0.16666666666666666,User_3234,outandin
3244,1,12,0.0766488413547237,0.0072555226447588,0.0,0.2439033959245867,0.16666666666666666,User_3244,outandin
3252,1,12,0.0766488413547237,0.0072555226447588,0.0,0.2439033959245867,0.3333333333333333,User_3252,outandin
2325,2,12,0.0766488413547237,0.0121731794204246,3.4826454090141026e-05,0.2880525761978214,0.16666666666666666,User_2325,
3241,2,12,0.0766488413547237,0.0393511544860711,0.0,0.287855953278915,0.16666666666666666,User_3241,outandin
3264,2,12,0.0766488413547237,0.0094016613128764,6.657489982474822e-06,0.2524447599842027,0.16666666666666666,User_3264,outandin
3268,2,12,0.0766488413547237,0.0196755772430355,0.0009783011995444,0.287855953278915,0.16666666666666666,User_3268,incoming
3385,2,12,0.0766488413547237,0.0127369783156574,0.0001247426124163,0.2666512624430038,0.16666666666666666,User_3385,incoming
1412,2,12,0.0766488413547237,0.0112881117510372,0.0001810226794708,0.275446748238805,0.6666666666666666,User_1412,
2610,3,12,0.0766488413547237,0.0299696952142179,8.428382317813128e-06,0.27789718059546,0.16666666666666666,User_2610,
3250,3,12,0.0766488413547237,0.0071388325417424,6.288099012586573e-05,0.2527473608352475,0.16666666666666666,User_3250,incoming
3269,3,12,0.0766488413547237,0.0185725841219151,0.0006058814963021,0.2788158489610648,0.16666666666666666,User_3269,outandin
3270,3,12,0.0766488413547237,0.0129979236829677,0.0007013700147883,0.2709341288490912,0.3333333333333333,User_3270,incoming
2524,4,12,0.0766488413547237,0.0209059160106681,0.0056021651457943,0.2976068959446792,0.3333333333333333,User_2524,outgoing
3246,4,12,0.0766488413547237,0.0435705960958431,0.0,0.2923459074895047,0.16666666666666666,User_3246,outandin
2178,5,12,0.0766488413547237,0.0388212634762779,0.0003311613892788,0.2980275417340003,0.16666666666666666,User_2178,outgoing
3223,6,12,0.0766488413547237,0.0281098523810611,0.002573801325143,0.29469529808079,0.16666666666666666,User_3223,incoming
3236,7,12,0.0766488413547237,0.056110175097293,0.0002664720229688,0.31683619200121,0.16666666666666666,User_3236,outandin
3237,7,12,0.0766488413547237,0.0307349667174785,0.0015055799096553,0.302625742054977,0.16666666666666666,User_3237,incoming
1620,8,12,0.0766488413547237,0.0577250700491171,0.0025657692840212,0.3116843840011903,0.16666666666666666,User_1620,
3119,10,12,0.0766488413547237,0.0598579392068805,8.318092065711325e-05,0.3055862112707322,0.16666666666666666,User_3119,outandin
25,11,12,0.0766488413547237,0.0200855708265237,0.0184271734646123,0.3027343657958439,0.4166666666666667,User_25,
3366,11,12,0.0766488413547237,0.0300480567989566,0.0018048342256722,0.2902332908145977,0.3333333333333333,User_3366,incoming
3197,13,12,0.0766488413547237,0.0568525890103592,0.013031105869165,0.3160052240941255,0.16666666666666666,User_3197,outandin
3233,14,12,0.0766488413547237,0.0470362000374556,0.0143296436767119,0.3079291504590073,0.3333333333333333,User_3233,outandin
3239,20,12,0.0766488413547237,0.1015831094101103,0.0113658575355121,0.3267795207699422,0.16666666666666666,User_3239,outandin
3024,1,13,1.0,1.679076334273937e-28,0.0,0.0010940919037199,0.16666666666666666,User_3024,incoming
1670,1,13,1.0,1.679076334273937e-28,0.0,0.0010940919037199,0.3333333333333333,User_1670,
33,1,14,0.0536540240518038,0.0022278410100929,0.0,0.2338280962315556,1.0,User_33,outandin
36,1,14,0.0536540240518038,0.0006602663474814,0.0,0.2238370337333389,0.25,User_36,incoming
2429,1,14,0.0536540240518038,7.698108768964901e-05,0.0,0.1947397698238792,0.3333333333333333,User_2429,outgoing
2442,1,14,0.0536540240518038,0.0140253856718033,0.0,0.2738369945153315,0.16666666666666666,User_2442,outgoing
2837,1,14,0.0536540240518038,0.0140253856718033,0.0,0.2738369945153315,0.16666666666666666,User_2837,
871,1,14,0.0536540240518038,0.0026873509998233,0.0,0.2391318239600853,0.3333333333333333,User_871,outgoing
3009,1,14,0.0536540240518038,0.0002037014133957,0.0,0.2029398323164632,0.16666666666666666,User_3009,outandin
3071,1,14,0.0536540240518038,0.0070126928359016,0.0,0.2738369945153315,0.16666666666666666,User_3071,outandin
3162,1,14,0.0536540240518038,0.0070126928359016,0.0,0.2738369945153315,0.16666666666666666,User_3162,outandin
3281,1,14,0.0536540240518038,0.0014170510764333,0.0,0.2283210457788903,0.16666666666666666,User_3281,outandin
3288,1,14,0.0536540240518038,0.0070126928359016,0.0,0.2738369945153315,0.16666666666666666,User_3288,outandin
3301,1,14,0.0536540240518038,0.0008149961214769,0.0,0.2125549251782311,0.16666666666666666,User_3301,outandin
3331,1,14,0.0536540240518038,0.0035635961085481,0.0,0.2408389329261053,0.16666666666666666,User_3331,outandin
1635,1,14,0.0536540240518038,2.001859843981313e-05,0.0,0.1760421505128827,0.3333333333333333,User_1635,incoming
23,2,14,0.0536540240518038,0.000848480847457,0.0006161615764157,0.2365165291943974,0.5833333333333334,User_23,
2817,2,14,0.0536540240518038,0.0006161238793066,0.0001343010639478,0.2324746259942726,0.16666666666666666,User_2817,outgoing
2829,2,14,0.0536540240518038,0.0191101906948469,0.0,0.2743714844200459,0.16666666666666666,User_2829,outgoing
2960,2,14,0.0536540240518038,0.0048737378020736,2.4157177936408644e-06,0.2637329403086995,0.16666666666666666,User_2960,outandin
3265,2,14,0.0536540240518038,0.0329318749532545,0.0,0.2895358541391077,0.16666666666666666,User_3265,outandin
1245,2,14,0.0536540240518038,0.009015628027724,0.0,0.2592738835251217,0.3333333333333333,User_1245,
3299,2,14,0.0536540240518038,0.0071565000539207,1.7944496075839833e-05,0.2538122007545053,0.16666666666666666,User_3299,outandin
1611,2,14,0.0536540240518038,0.0010186975348727,1.917357114952749e-05,0.2186153299915036,0.16666666666666666,User_1611,outgoing
2158,3,14,0.0536540240518038,0.0206687980524826,9.101264341041831e-06,0.2875615216867442,0.16666666666666666,User_2158,
2427,3,14,0.0536540240518038,0.0005605641743123,0.0021019027372669,0.2154874663023048,0.3333333333333333,User_2427,
2430,3,14,0.0536540240518038,0.0141223853579327,0.0053671438203998,0.275446748238805,0.3333333333333333,User_2430,outgoing
2770,3,14,0.0536540240518038,0.0007772846320507,0.0017315947881256,0.2293766502875227,0.3333333333333333,User_2770,
3142,3,14,0.0536540240518038,0.0308881977139364,0.001012524508315,0.3006837586835012,0.16666666666666666,User_3142,outandin
2214,4,14,0.0536540240518038,0.0106051281997128,0.0001675912898683,0.257139616800982,0.5,User_2214,
539,4,14,0.0536540240518038,0.0173538702226766,0.0004144926831592,0.2832162334141104,0.8333333333333334,User_539,incoming
592,4,14,0.0536540240518038,0.0692646741754445,0.0,0.3167172148356068,0.16666666666666666,User_592,outgoing
3106,4,14,0.0536540240518038,0.0204678142375115,0.000894842300289,0.2941813544147963,0.16666666666666666,User_3106,outandin
3190,4,14,0.0536540240518038,0.0156815155318397,0.0009410495859083,0.2710211899444797,0.16666666666666666,User_3190,incoming
2070,5,14,0.0536540240518038,0.0114110055222624,0.0024320341922324,0.2728624856380527,0.16666666666666666,User_2070,
308,5,14,0.0536540240518038,0.0340814662043812,0.0017111095683761,0.3007909925489376,0.3333333333333333,User_308,incoming
2948,5,14,0.0536540240518038,0.0200302889012047,8.877410948989911e-05,0.282079579634522,0.3333333333333333,User_2948,
3377,5,14,0.0536540240518038,0.0021555919230991,0.0025780178887136,0.2441858549818243,0.3333333333333333,User_3377,incoming
2901,6,14,0.0536540240518038,0.0471839034808024,0.0014469208631937,0.3145908030985532,0.3333333333333333,User_2901,
3044,6,14,0.0536540240518038,0.0640779499484251,3.483162844299447e-05,0.3145908030985532,0.16666666666666666,User_3044,outandin
2118,7,14,0.0536540240518038,0.0198404672755755,0.0067148434298117,0.2994028907018889,0.16666666666666666,User_2118,outgoing
1403,7,14,0.0536540240518038,0.0359817379746006,0.0017932302356839,0.3048131344803834,0.5,User_1403,incoming
57,8,14,0.0536540240518038,0.0311918749919847,0.0090461536985772,0.3089443015044766,0.4166666666666667,User_57,
492,8,14,0.0536540240518038,0.0184893914056222,0.0097995223499602,0.2917391709122175,0.5,User_492,outgoing
1217,9,14,0.0536540240518038,0.0028521520851611,0.0061683089951184,0.2572180369341937,0.3333333333333333,User_1217,
3326,10,14,0.0536540240518038,0.0498946259439317,0.005526079016161,0.3213020735646556,0.16666666666666666,User_3326,outandin
2110,18,14,0.0536540240518038,0.0752526553434744,0.0065587450083272,0.3182709219272532,0.3333333333333333,User_2110,incoming
1565,18,14,0.0536540240518038,0.0829723569150002,0.0323966517591042,0.3509854111973454,0.3333333333333333,User_1565,
2388,55,14,0.0536540240518038,0.1963700449945725,0.1289080197991815,0.3828497245153068,0.3333333333333333,User_2388,
2098,1,15,0.0375,0.0102855084444491,0.0,0.2545014915833497,0.3333333333333333,User_2098,incoming
224,1,15,0.0375,0.0086999062467398,0.0,0.2602338608785007,0.3333333333333333,User_224,outandin
2405,1,15,0.0375,0.0051427542222245,0.0,0.2545014915833497,0.16666666666666666,User_2405,
523,1,15,0.0375,0.0025154553701383,0.0,0.2474091942232974,0.16666666666666666,User_523,outgoing
2679,1,15,0.0375,0.0086999062467398,0.0,0.2602338608785007,0.16666666666666666,User_2679,outgoing
2984,1,15,0.0375,0.0086999062467398,0.0,0.2602338608785007,0.16666666666666666,User_2984,outandin
1053,1,15,0.0375,0.00036780684465,0.0,0.2013411179535023,0.16666666666666666,User_1053,outgoing
3149,1,15,0.0375,0.000393002986056,0.0,0.210328664116514,0.16666666666666666,User_3149,outandin
3164,1,15,0.0375,0.0102855084444491,0.0,0.2545014915833497,0.16666666666666666,User_3164,outandin
3205,1,15,0.0375,0.0102855084444491,0.0,0.2545014915833497,0.16666666666666666,User_3205,outandin
3240,1,15,0.0375,0.0102855084444491,0.0,0.2545014915833497,0.16666666666666666,User_3240,outandin
3245,1,15,0.0375,0.0102855084444491,0.0,0.2545014915833497,0.16666666666666666,User_3245,outandin
3321,1,15,0.0375,0.0086999062467398,0.0,0.2602338608785007,0.3333333333333333,User_3321,outandin
1281,1,15,0.0375,0.0102855084444491,0.0,0.2545014915833497,0.3333333333333333,User_1281,
3354,1,15,0.0375,0.0086999062467398,0.0,0.2602338608785007,0.16666666666666666,User_3354,incoming
3355,1,15,0.0375,0.0102855084444491,0.0,0.2545014915833497,0.3333333333333333,User_3355,outandin
3365,1,15,0.0375,0.0086999062467398,0.0,0.2602338608785007,0.16666666666666666,User_3365,outandin
3406,1,15,0.0375,0.0004359587851299,0.0,0.2188422270646655,0.3333333333333333,User_3406,incoming
3436,1,15,0.0375,0.0051427542222245,0.0,0.2545014915833497,0.16666666666666666,User_3436,incoming
3438,1,15,0.0375,0.0086999062467398,0.0,0.2602338608785007,0.16666666666666666,User_3438,incoming
1543,1,15,0.0375,0.0001555384154629,0.0,0.2049120367121528,0.3333333333333333,User_1543,outgoing
1639,1,15,0.0375,0.0086999062467398,0.0,0.2602338608785007,0.75,User_1639,incoming
1712,1,15,0.0375,0.0014529285134291,0.0,0.2155425359333557,0.3333333333333333,User_1712,outandin
1725,1,15,0.0375,0.0003043465668609,0.0,0.2099621466535277,0.16666666666666666,User_1725,
1765,1,15,0.0375,0.0005016960215,0.0,0.2216604318284418,0.5,User_1765,outgoing
1912,1,15,0.0375,0.0102855084444491,0.0,0.2545014915833497,0.16666666666666666,User_1912,
104,2,15,0.0375,0.0118623009670981,0.0,0.2715447337756668,0.4166666666666667,User_104,outandin
202,2,15,0.0375,0.0111011213355027,5.3785715249952975e-05,0.2565920118975421,0.3333333333333333,User_202,
2334,2,15,0.0375,0.0423811402857614,0.0,0.2959361203884986,0.3333333333333333,User_2334,outandin
2503,2,15,0.0375,0.0031281546612426,0.0004790613335195,0.2522937311119417,0.16666666666666666,User_2503,outgoing
2552,2,15,0.0375,0.004355507825335,0.0021019027372669,0.2603945486592223,0.3333333333333333,User_2552,
2590,2,15,0.0375,0.0081296142893026,0.0001791440036363,0.25327866159376,0.3333333333333333,User_2590,outgoing
2593,2,15,0.0375,0.0047450811524367,0.0008251881018459,0.2643943395320442,0.16666666666666666,User_2593,outgoing
2600,2,15,0.0375,0.0263333243651053,0.0,0.2959361203884986,0.3333333333333333,User_2600,
2928,2,15,0.0375,0.0055787130073545,0.0001227383461838,0.2551173451624988,0.3333333333333333,User_2928,outgoing
2958,2,15,0.0375,0.0146354615678191,0.0,0.2813268656128155,0.16666666666666666,User_2958,incoming
2976,2,15,0.0375,0.0162256755558013,0.0,0.2749080648980512,0.16666666666666666,User_2976,outandin
3001,2,15,0.0375,0.0015840646836859,1.2432839030971948e-05,0.2262994212791041,0.5,User_3001,incoming
3020,2,15,0.0375,0.0145959988629501,0.0019571872837863,0.2867793074149,0.16666666666666666,User_3020,incoming
3257,2,15,0.0375,0.0049710972142725,0.0,0.2403584904836765,0.3333333333333333,User_3257,incoming
3327,2,15,0.0375,0.0151289803556797,0.0003181846935515,0.2826467637758783,0.5,User_3327,outandin
3338,2,15,0.0375,0.0107214672295791,0.0,0.2551173451624988,0.16666666666666666,User_3338,outandin
1394,2,15,0.0375,0.0102986421482991,0.0021019027372669,0.2546551760589435,0.8333333333333334,User_1394,incoming
256,3,15,0.0375,0.0110041646502193,0.0022955987237421,0.2692045780744401,0.6666666666666666,User_256,
3127,3,15,0.0375,0.0110636509477415,0.0001197038247567,0.2601535913347381,0.16666666666666666,User_3127,outandin
3198,3,15,0.0375,0.0273506291424394,0.0,0.3033877493191443,0.16666666666666666,User_3198,outandin
3251,3,15,0.0375,0.0105817520205299,0.001085831216049,0.2598330077348186,0.16666666666666666,User_3251,outandin
3292,3,15,0.0375,0.051834384926487,0.0,0.3077044666571401,0.16666666666666666,User_3292,incoming
3295,3,15,0.0375,0.0112846149743451,0.0007078893934864,0.263239058398009,0.16666666666666666,User_3295,outandin
3346,3,15,0.0375,0.0107406740850417,0.0001025974208739,0.2678367555119788,0.16666666666666666,User_3346,incoming
1885,3,15,0.0375,0.011850149278217,0.0001878254507747,0.2602338608785007,0.6666666666666666,User_1885,
2397,4,15,0.0375,0.0139296072462979,0.0003289812276895,0.2671580434295917,0.16666666666666666,User_2397,
3015,4,15,0.0375,0.0128925904543893,0.002029926010138,0.2832162334141104,0.16666666666666666,User_3015,outandin
3347,4,15,0.0375,0.0130486585586889,1.5330297289644522e-05,0.2686900105470599,0.16666666666666666,User_3347,outandin
3391,4,15,0.0375,0.011419674698945,6.993036123682442e-05,0.2657271402354194,0.16666666666666666,User_3391,incoming
1629,4,15,0.0375,0.0203418055384054,0.0027163074081969,0.2778056466097566,0.16666666666666666,User_1629,
2067,8,15,0.0375,0.0140481806433155,0.0071005306127338,0.2880525761978214,0.25,User_2067,
3006,8,15,0.0375,0.0704343323320411,0.002371521317734,0.3331034530439261,0.3333333333333333,User_3006,incoming
3087,8,15,0.0375,0.0085227544288428,0.0065265895378516,0.2686044404800067,0.16666666666666666,User_3087,outandin
3113,8,15,0.0375,0.0440958206122432,0.0014885051917259,0.3087181343730677,0.16666666666666666,User_3113,incoming
230,9,15,0.0375,0.0122085922758258,0.0086582237116477,0.2833113681918781,0.5,User_230,
2963,10,15,0.0375,0.096411202912976,0.0031706465494904,0.3542284515360021,0.3333333333333333,User_2963,outandin
2763,19,15,0.0375,0.1065743583020601,0.0564613862492054,0.3585960642462674,0.16666666666666666,User_2763,
2125,35,15,0.0375,0.1218057278479289,0.0514317589826302,0.3567757796561848,0.16666666666666666,User_2125,
1018,61,15,0.0375,0.1440158603098379,0.0873111394575224,0.3460886102204436,0.5833333333333334,User_1018,
10,1,16,0.0725806451612903,0.0019659255666412,0.0,0.239607370200915,0.5833333333333334,User_10,outandin
2351,1,16,0.0725806451612903,0.0094532446407256,0.0,0.2706732808431389,0.16666666666666666,User_2351,
520,1,16,0.0725806451612903,0.0189064892814512,0.0,0.2706732808431389,0.3333333333333333,User_520,outandin
2686,1,16,0.0725806451612903,0.0094532446407256,0.0,0.2706732808431389,0.16666666666666666,User_2686,
2751,1,16,0.0725806451612903,0.0189064892814512,0.0,0.2706732808431389,0.16666666666666666,User_2751,outgoing
3437,1,16,0.0725806451612903,0.001849487072662,0.0,0.2289408097468026,0.16666666666666666,User_3437,outandin
3032,1,16,0.0725806451612903,0.0189064892814512,0.0,0.2706732808431389,0.16666666666666666,User_3032,outandin
3275,1,16,0.0725806451612903,0.0189064892814512,0.0,0.2706732808431389,0.3333333333333333,User_3275,outandin
3289,1,16,0.0725806451612903,0.0189064892814512,0.0,0.2706732808431389,0.16666666666666666,User_3289,outandin
3336,1,16,0.0725806451612903,0.0189064892814512,0.0,0.2706732808431389,0.16666666666666666,User_3336,incoming
3343,1,16,0.0725806451612903,0.0189064892814512,0.0,0.2706732808431389,0.16666666666666666,User_3343,incoming
3390,1,16,0.0725806451612903,0.0189064892814512,0.0,0.2706732808431389,0.16666666666666666,User_3390,outandin
3416,1,16,0.0725806451612903,0.0094532446407256,0.0,0.2706732808431389,0.16666666666666666,User_3416,outandin
3440,1,16,0.0725806451612903,0.0189064892814512,0.0,0.2706732808431389,0.16666666666666666,User_3440,outandin
1806,1,16,0.0725806451612903,0.0189064892814512,0.0,0.2706732808431389,0.16666666666666666,User_1806,outgoing
1856,1,16,0.0725806451612903,0.0094532446407256,0.0,0.2706732808431389,0.3333333333333333,User_1856,outandin
1984,1,16,0.0725806451612903,0.0006760710782697,0.0,0.2113299782278178,0.3333333333333333,User_1984,outandin
353,2,16,0.0725806451612903,0.0189306314961885,0.0021019027372669,0.2708471236696278,0.3333333333333333,User_353,
2980,2,16,0.0725806451612903,0.0232133890307195,0.0011120362925004,0.2893372017520483,0.16666666666666666,User_2980,outandin
3348,2,16,0.0725806451612903,0.0510021211227635,0.0,0.2987665402434364,0.16666666666666666,User_3348,outandin
3413,2,16,0.0725806451612903,0.0232133890307195,0.0011120362925004,0.2893372017520483,0.5,User_3413,outandin
550,3,16,0.0725806451612903,0.0315382466614735,0.0,0.2858075035944497,0.5,User_550,
1052,3,16,0.0725806451612903,0.0512135711703601,0.0001089506678285,0.3008983029280132,0.9166666666666666,User_1052,
1890,3,16,0.0725806451612903,0.0250659539783582,0.0003009614318186,0.2929551730139705,0.16666666666666666,User_1890,outgoing
3172,4,16,0.0725806451612903,0.0326677519737161,1.4352617943642315e-06,0.2816086621393058,0.5,User_3172,incoming
3335,4,16,0.0725806451612903,0.0517854371300663,0.0022027340517493,0.3004695201664485,0.16666666666666666,User_3335,incoming
3287,5,16,0.0725806451612903,0.0139390890562434,0.00287771273315,0.2869744617581561,0.16666666666666666,User_3287,outandin
3013,6,16,0.0725806451612903,0.0442029435688581,0.0116370026813664,0.3138883301478307,0.3333333333333333,User_3013,incoming
3378,7,16,0.0725806451612903,0.0398814674039618,0.0007427086933905,0.3082667920713527,0.16666666666666666,User_3378,outandin
3333,8,16,0.0725806451612903,0.031670722981166,0.0061802238020046,0.3038249074593735,0.16666666666666666,User_3333,outandin
6,10,16,0.0725806451612903,0.0550468846050303,0.0141348877901342,0.3191138642100723,0.4166666666666667,User_6,
2028,91,16,0.0725806451612903,0.2647193390559791,0.1454005148574712,0.3766940344382408,0.3333333333333333,User_2028,
17,1,17,0.6666666666666666,6.796385566741885e-28,0.0,0.0014587892049598,0.5833333333333334,User_17,incoming
265,1,17,0.6666666666666666,1.3592771133483548e-27,0.0,0.0014587892049598,0.3333333333333333,User_265,incoming
1277,2,17,0.6666666666666666,1.519718012855608e-27,2.3966963936909364e-06,0.0021881838074398,0.5,User_1277,outandin
216,1,18,0.0256371814092953,0.0047190314153458,0.0,0.2648925700713633,0.8333333333333334,User_216,outandin
2284,1,18,0.0256371814092953,0.0006215262971203,0.0,0.2059125837664114,0.3333333333333333,User_2284,
2416,1,18,0.0256371814092953,0.0094380628306917,0.0,0.2648925700713633,0.16666666666666666,User_2416,outgoing
2511,1,18,0.0256371814092953,0.0047190314153458,0.0,0.2648925700713633,0.16666666666666666,User_2511,outgoing
2624,1,18,0.0256371814092953,0.0047190314153458,0.0,0.2648925700713633,0.16666666666666666,User_2624,outgoing
2739,1,18,0.0256371814092953,0.0016314798725247,0.0,0.2257542674269863,0.16666666666666666,User_2739,outgoing
709,1,18,0.0256371814092953,0.0004124224659109,0.0,0.2269693065412328,0.3333333333333333,User_709,outandin
2779,1,18,0.0256371814092953,0.0004124224659109,0.0,0.2269693065412328,0.16666666666666666,User_2779,outgoing
2826,1,18,0.0256371814092953,0.0008157399362623,0.0,0.2257542674269863,0.16666666666666666,User_2826,outgoing
2828,1,18,0.0256371814092953,0.0094380628306917,0.0,0.2648925700713633,0.16666666666666666,User_2828,outgoing
2847,1,18,0.0256371814092953,0.0094380628306917,0.0,0.2648925700713633,0.16666666666666666,User_2847,outgoing
2862,1,18,0.0256371814092953,0.0016314798725247,0.0,0.2257542674269863,0.16666666666666666,User_2862,outgoing
2874,1,18,0.0256371814092953,0.0016314798725247,0.0,0.2257542674269863,0.16666666666666666,User_2874,outgoing
2890,1,18,0.0256371814092953,0.0016314798725247,0.0,0.2257542674269863,0.16666666666666666,User_2890,outandin
2895,1,18,0.0256371814092953,0.0094380628306917,0.0,0.2648925700713633,0.16666666666666666,User_2895,outgoing
2905,1,18,0.0256371814092953,0.0007398408384396,0.0,0.2094927826893246,0.16666666666666666,User_2905,outgoing
2913,1,18,0.0256371814092953,0.0003699204192198,0.0,0.2094927826893246,0.16666666666666666,User_2913,incoming
2931,1,18,0.0256371814092953,0.0047190314153458,0.0,0.2648925700713633,0.16666666666666666,User_2931,outgoing
2949,1,18,0.0256371814092953,0.0094380628306917,0.0,0.2648925700713633,0.16666666666666666,User_2949,outandin
2959,1,18,0.0256371814092953,0.0094380628306917,0.0,0.2648925700713633,0.16666666666666666,User_2959,outandin
2975,1,18,0.0256371814092953,0.0094380628306917,0.0,0.2648925700713633,0.16666666666666666,User_2975,outandin
2991,1,18,0.0256371814092953,0.0094380628306917,0.0,0.2648925700713633,0.16666666666666666,User_2991,outandin
2997,1,18,0.0256371814092953,0.0094380628306917,0.0,0.2648925700713633,0.16666666666666666,User_2997,outandin
3010,1,18,0.0256371814092953,0.0094380628306917,0.0,0.2648925700713633,0.16666666666666666,User_3010,outandin
3011,1,18,0.0256371814092953,0.0094380628306917,0.0,0.2648925700713633,0.16666666666666666,User_3011,outandin
3017,1,18,0.0256371814092953,0.0016314798725247,0.0,0.2257542674269863,0.16666666666666666,User_3017,outandin
3030,1,18,0.0256371814092953,0.0008157399362623,0.0,0.2257542674269863,0.16666666666666666,User_3030,outandin
3038,1,18,0.0256371814092953,0.0094380628306917,0.0,0.2648925700713633,0.16666666666666666,User_3038,outandin
3042,1,18,0.0256371814092953,0.0094380628306917,0.0,0.2648925700713633,0.16666666666666666,User_3042,outandin
3043,1,18,0.0256371814092953,0.0047190314153458,0.0,0.2648925700713633,0.16666666666666666,User_3043,incoming
3069,1,18,0.0256371814092953,0.0094380628306917,0.0,0.2648925700713633,0.16666666666666666,User_3069,outandin
3070,1,18,0.0256371814092953,0.0094380628306917,0.0,0.2648925700713633,0.16666666666666666,User_3070,outandin
3075,1,18,0.0256371814092953,0.0094380628306917,0.0,0.2648925700713633,0.16666666666666666,User_3075,outandin
3079,1,18,0.0256371814092953,0.0094380628306917,0.0,0.2648925700713633,0.16666666666666666,User_3079,outandin
3081,1,18,0.0256371814092953,0.0007398408384396,0.0,0.2094927826893246,0.16666666666666666,User_3081,outandin
3083,1,18,0.0256371814092953,0.0094380628306917,0.0,0.2648925700713633,0.16666666666666666,User_3083,outandin
3088,1,18,0.0256371814092953,0.0094380628306917,0.0,0.2648925700713633,0.16666666666666666,User_3088,outandin
3091,1,18,0.0256371814092953,0.0094380628306917,0.0,0.2648925700713633,0.16666666666666666,User_3091,outandin
3094,1,18,0.0256371814092953,0.0094380628306917,0.0,0.2648925700713633,0.16666666666666666,User_3094,outandin
3115,1,18,0.0256371814092953,0.0007398408384396,0.0,0.2094927826893246,0.16666666666666666,User_3115,outandin
3125,1,18,0.0256371814092953,0.0025282942733822,0.0,0.2353943463877256,0.16666666666666666,User_3125,outandin
3132,1,18,0.0256371814092953,0.0004124224659109,0.0,0.2269693065412328,0.16666666666666666,User_3132,outandin
3135,1,18,0.0256371814092953,0.0004124224659109,0.0,0.2269693065412328,0.16666666666666666,User_3135,incoming
3154,1,18,0.0256371814092953,0.0003107631485601,0.0,0.2059125837664114,0.16666666666666666,User_3154,outandin
3169,1,18,0.0256371814092953,0.0016314798725247,0.0,0.2257542674269863,0.16666666666666666,User_3169,outandin
3180,1,18,0.0256371814092953,0.0007398408384396,0.0,0.2094927826893246,0.16666666666666666,User_3180,outandin
3184,1,18,0.0256371814092953,0.0094380628306917,0.0,0.2648925700713633,0.3333333333333333,User_3184,outandin
3192,1,18,0.0256371814092953,0.0094380628306917,0.0,0.2648925700713633,0.16666666666666666,User_3192,outandin
3218,1,18,0.0256371814092953,0.0007398408384396,0.0,0.2094927826893246,0.16666666666666666,User_3218,outandin
3229,1,18,0.0256371814092953,0.0006215262971203,0.0,0.2059125837664114,0.16666666666666666,User_3229,incoming
3243,1,18,0.0256371814092953,0.0016314798725247,0.0,0.2257542674269863,0.16666666666666666,User_3243,outandin
3249,1,18,0.0256371814092953,0.0007398408384396,0.0,0.2094927826893246,0.16666666666666666,User_3249,outandin
3280,1,18,0.0256371814092953,0.0007398408384396,0.0,0.2094927826893246,0.16666666666666666,User_3280,outandin
3286,1,18,0.0256371814092953,0.0007398408384396,0.0,0.2094927826893246,0.16666666666666666,User_3286,outandin
3290,1,18,0.0256371814092953,0.0025282942733822,0.0,0.2353943463877256,0.16666666666666666,User_3290,outandin
3294,1,18,0.0256371814092953,0.0003107631485601,0.0,0.2059125837664114,0.16666666666666666,User_3294,outandin
3332,1,18,0.0256371814092953,0.001438079231864,0.0,0.2269082440428358,0.16666666666666666,User_3332,outandin
3400,1,18,0.0256371814092953,0.0094380628306917,0.0,0.2648925700713633,0.16666666666666666,User_3400,outandin
3409,1,18,0.0256371814092953,0.0047190314153458,0.0,0.2648925700713633,0.16666666666666666,User_3409,outandin
3418,1,18,0.0256371814092953,0.0025282942733822,0.0,0.2353943463877256,0.16666666666666666,User_3418,outandin
1651,1,18,0.0256371814092953,0.0015258401798154,0.0,0.2230084460886359,0.3333333333333333,User_1651,
1894,1,18,0.0256371814092953,0.0006215262971203,0.0,0.2059125837664114,0.5,User_1894,outandin
2730,2,18,0.0256371814092953,0.0102538027669541,0.0,0.2694626016317,0.3333333333333333,User_2730,outgoing
2858,2,18,0.0256371814092953,0.0097488259792518,0.00042711744723,0.2674969689524963,0.16666666666666666,User_2858,outgoing
2889,2,18,0.0256371814092953,0.0337271117138371,0.0,0.2941813544147963,0.3333333333333333,User_2889,
2916,2,18,0.0256371814092953,0.0031498205705025,0.0,0.2378505197707899,0.16666666666666666,User_2916,outgoing
2933,2,18,0.0256371814092953,0.0011421060469367,8.057297182907618e-05,0.2299394610434081,0.16666666666666666,User_2933,outgoing
2952,2,18,0.0256371814092953,0.0110695427032165,0.0,0.2694626016317,0.16666666666666666,User_2952,incoming
3035,2,18,0.0256371814092953,0.0063505112878706,0.0,0.2694626016317,0.16666666666666666,User_3035,outandin
3072,2,18,0.0256371814092953,0.0102538027669541,0.0,0.2694626016317,0.16666666666666666,User_3072,outandin
3077,2,18,0.0256371814092953,0.0050889518345657,0.0044488741814049,0.2685189248988287,0.16666666666666666,User_3077,outandin
3082,2,18,0.0256371814092953,0.0022656810182551,0.0,0.2275203515260914,0.16666666666666666,User_3082,outandin
3084,2,18,0.0256371814092953,0.0119663571040739,0.0,0.2698937417943107,0.16666666666666666,User_3084,outandin
3085,2,18,0.0256371814092953,0.0098079832499115,0.0,0.2685189248988287,0.16666666666666666,User_3085,outandin
3093,2,18,0.0256371814092953,0.0109639030105071,0.0,0.2658108865764957,0.16666666666666666,User_3093,incoming
3116,2,18,0.0256371814092953,0.0020763005616922,0.0015707129490202,0.2529747879745714,0.16666666666666666,User_3116,outandin
3163,2,18,0.0256371814092953,0.0046176628978285,0.0044679903586208,0.2556586672043713,0.16666666666666666,User_3163,outandin
3166,2,18,0.0256371814092953,0.0029947412802466,0.0,0.2370483257749356,0.16666666666666666,User_3166,outandin
3171,2,18,0.0256371814092953,0.0048793416979428,8.388437377918278e-06,0.2537358432933878,0.16666666666666666,User_3171,outandin
3206,2,18,0.0256371814092953,0.0143839883976951,0.0,0.2728624856380527,0.16666666666666666,User_3206,outandin
3210,2,18,0.0256371814092953,0.0056793666216309,0.0,0.2689470481847006,0.16666666666666666,User_3210,outandin
3248,2,18,0.0256371814092953,0.00136136713556,0.0001961857391932,0.2224790142725457,0.16666666666666666,User_3248,outandin
3261,2,18,0.0256371814092953,0.0019495350757921,0.0,0.225996233415654,0.16666666666666666,User_3261,outandin
3310,2,18,0.0256371814092953,0.0019495350757921,0.0,0.225996233415654,0.16666666666666666,User_3310,outandin
3320,2,18,0.0256371814092953,0.0024192674573765,0.0,0.2253320713618009,0.16666666666666666,User_3320,outandin
3323,2,18,0.0256371814092953,0.0119663571040739,0.0,0.2698937417943107,0.16666666666666666,User_3323,incoming
3353,2,18,0.0256371814092953,0.0134463032879558,0.0,0.2826467637758783,0.16666666666666666,User_3353,incoming
3357,2,18,0.0256371814092953,0.0007107798395391,0.0001838500087008,0.2196973021899507,0.3333333333333333,User_3357,outandin
2558,3,18,0.0256371814092953,0.0299760319846677,0.0,0.2957285915523215,0.16666666666666666,User_2558,outgoing
2867,3,18,0.0256371814092953,0.0044778293491743,0.0,0.2402215730866479,0.3333333333333333,User_2867,outgoing
2906,3,18,0.0256371814092953,0.002753703440592,0.0015116406859088,0.2536595317615702,0.16666666666666666,User_2906,
2915,3,18,0.0256371814092953,0.0103776443310794,0.000178708845882,0.2680921624625623,0.16666666666666666,User_2915,outgoing
2966,3,18,0.0256371814092953,0.009902958634427,0.0016330814433497,0.2687756351520781,0.3333333333333333,User_2966,outandin
3016,3,18,0.0256371814092953,0.0095450243180301,0.0005377201401512,0.2664827624351409,0.16666666666666666,User_3016,incoming
3033,3,18,0.0256371814092953,0.0113875979064838,0.0,0.2697211202773332,0.16666666666666666,User_3033,outandin
3153,3,18,0.0256371814092953,0.0082281754788907,0.0003031402873235,0.2730391528349696,0.3333333333333333,User_3153,outandin
3165,3,18,0.0256371814092953,0.0159377426676205,0.0,0.2710211899444797,0.3333333333333333,User_3165,incoming
3363,3,18,0.0256371814092953,0.0056474656623207,0.0045325569236176,0.2657271402354194,0.3333333333333333,User_3363,outandin
3394,3,18,0.0256371814092953,0.0026685746917241,0.0,0.2334397849729369,0.3333333333333333,User_3394,incoming
2825,4,18,0.0256371814092953,0.0026224506158845,0.0027282803758878,0.2442565719974575,0.16666666666666666,User_2825,
3037,4,18,0.0256371814092953,0.0159979687496051,0.0051764102732953,0.2938738477725509,0.3333333333333333,User_3037,incoming
3207,4,18,0.0256371814092953,0.0125090746706276,0.0001618700917187,0.2734818233162195,0.3333333333333333,User_3207,outandin
2363,5,18,0.0256371814092953,0.0134458350279172,0.0018424456753475,0.2846499976737162,0.16666666666666666,User_2363,outgoing
3047,5,18,0.0256371814092953,0.0065305646009905,0.0002867171700052,0.2555037694962802,0.3333333333333333,User_3047,incoming
2419,6,18,0.0256371814092953,0.0200990349923615,0.0005789232377587,0.2958323195746128,0.3333333333333333,User_2419,outgoing
2343,7,18,0.0256371814092953,0.0387405575200608,0.0167095293154227,0.33588926447918,0.16666666666666666,User_2343,outgoing
3136,9,18,0.0256371814092953,0.0556002445285685,0.0016748521928734,0.3225307621824937,0.16666666666666666,User_3136,incoming
3086,11,18,0.0256371814092953,0.0201353511532659,0.0141096518578986,0.2969781489814158,0.3333333333333333,User_3086,incoming
3260,11,18,0.0256371814092953,0.0089062027807214,0.0106920331473604,0.2758972663091989,0.5,User_3260,incoming
2378,12,18,0.0256371814092953,0.0213638523444853,0.011415263768874,0.2903331990042069,0.3333333333333333,User_2378,
3129,13,18,0.0256371814092953,0.0115486734649434,0.0270612333068986,0.2970827555854952,0.5,User_3129,incoming
2485,17,18,0.0256371814092953,0.0087019997766695,0.0143806650326142,0.262012408545269,0.3333333333333333,User_2485,
2647,17,18,0.0256371814092953,0.0353995039518954,0.0117378431388958,0.3116843840011903,0.3333333333333333,User_2647,
3018,23,18,0.0256371814092953,0.0103587668850352,0.0243648460165558,0.2678367555119788,0.16666666666666666,User_3018,incoming
2635,32,18,0.0256371814092953,0.0228428895686714,0.0383065706903379,0.2950045271448832,0.3333333333333333,User_2635,
1953,79,18,0.0256371814092953,0.1321399916837826,0.1412665044220518,0.3655907859155704,0.25,User_1953,
2656,1,19,1.0,2.9553331547921397e-33,0.0,0.0010940919037199,0.16666666666666666,User_2656,
1851,1,19,1.0,2.9553331547921397e-33,0.0,0.0010940919037199,0.5,User_1851,outgoing
4,1,20,0.0531400966183574,6.604565645855206e-05,0.0,0.1761524526122015,0.25,User_4,
2127,1,20,0.0531400966183574,0.0007046227400367,0.0,0.2327954576613914,0.16666666666666666,User_2127,
330,1,20,0.0531400966183574,0.0005656814625915,0.0,0.2204437906709934,0.3333333333333333,User_330,
2385,1,20,0.0531400966183574,3.5354320294764846e-05,0.0,0.1862260859145994,0.16666666666666666,User_2385,outgoing
2555,1,20,0.0531400966183574,0.0015152454110954,0.0,0.2411832837023795,0.16666666666666666,User_2555,outgoing
2885,1,20,0.0531400966183574,3.302282822927603e-05,0.0,0.1761524526122015,0.16666666666666666,User_2885,outgoing
3026,1,20,0.0531400966183574,6.011366839834948e-06,0.0,0.164344883691976,0.16666666666666666,User_3026,outandin
3158,1,20,0.0531400966183574,0.0028808665631223,0.0,0.2367156730584398,0.16666666666666666,User_3158,outandin
3262,1,20,0.0531400966183574,3.075740765738396e-05,0.0,0.1890223987241643,0.16666666666666666,User_3262,incoming
3399,1,20,0.0531400966183574,0.0015152454110954,0.0,0.2411832837023795,0.16666666666666666,User_3399,incoming
3439,1,20,0.0531400966183574,0.0001555218591719,0.0,0.2032822229711306,0.16666666666666666,User_3439,incoming
1769,1,20,0.0531400966183574,0.0001555218591719,0.0,0.2032822229711306,0.5,User_1769,outandin
2018,1,20,0.0531400966183574,8.37381967847692e-05,0.0,0.1981249572720744,0.5,User_2018,outgoing
2053,2,20,0.0531400966183574,0.0001908761794666,0.0002930071941684,0.2079432798587823,0.16666666666666666,User_2053,
29,2,20,0.0531400966183574,0.0017509492494581,0.0009567512027723,0.2509425596867661,0.5833333333333334,User_29,
62,2,20,0.0531400966183574,0.0015241714783459,0.0006030860918917,0.2415286205919876,0.75,User_62,outgoing
112,2,20,0.0531400966183574,8.41675650547243e-05,0.0021019027372669,0.1982180829864209,0.25,User_112,outgoing
2822,2,20,0.0531400966183574,0.006159464696907,0.0003009614318186,0.2741930894366778,0.16666666666666666,User_2822,
2998,2,20,0.0531400966183574,0.0009246859560709,0.0021019027372669,0.2156527596796781,0.16666666666666666,User_2998,outandin
3373,2,20,0.0531400966183574,0.0028517051343479,0.0008645132703708,0.259752985250145,0.16666666666666666,User_3373,outandin
3376,2,20,0.0531400966183574,0.0028517051343479,0.0008645132703708,0.259752985250145,0.16666666666666666,User_3376,outandin
1752,2,20,0.0531400966183574,0.0004623429780354,0.0021019027372669,0.2156527596796781,0.5,User_1752,
1859,2,20,0.0531400966183574,0.003585489303159,2.476586273480634e-05,0.2536595317615702,0.3333333333333333,User_1859,
2252,3,20,0.0531400966183574,0.0096464190881926,1.6641217589830023e-05,0.2694626016317,0.6666666666666666,User_2252,
2306,3,20,0.0531400966183574,0.0166487962859315,0.0003629690158171,0.2789080499693191,0.5,User_2306,
2455,3,20,0.0531400966183574,0.0018278079780885,0.0016869206979946,0.2474817908178465,0.16666666666666666,User_2455,outgoing
522,3,20,0.0531400966183574,0.0080776982539349,0.0032250839503972,0.2638154341905602,0.5,User_522,incoming
2580,3,20,0.0531400966183574,0.0011806947065819,1.0768965581651774e-05,0.2352630245766307,0.5,User_2580,
545,3,20,0.0531400966183574,0.0008612429520454,0.0023154027345849,0.2352630245766307,0.3333333333333333,User_545,
3005,3,20,0.0531400966183574,0.0380272054434699,8.710945214069306e-05,0.2920422240675973,0.3333333333333333,User_3005,outandin
3019,3,20,0.0531400966183574,0.0043442306308067,0.0001441875741529,0.2627470227748352,0.16666666666666666,User_3019,outandin
3110,3,20,0.0531400966183574,0.0437399221620398,0.0,0.3114541887397418,0.16666666666666666,User_3110,outandin
1331,3,20,0.0531400966183574,0.0025096482325392,0.0027483695743194,0.2505697989029177,0.5,User_1331,outgoing
1383,3,20,0.0531400966183574,0.0059210425609593,0.0032104369970217,0.2682627045506428,0.3333333333333333,User_1383,
2013,3,20,0.0531400966183574,0.0012903632919379,3.8532630982356184e-05,0.2380519173319845,0.6666666666666666,User_2013,outandin
1735,4,20,0.0531400966183574,0.0023105435983567,0.0036375118204447,0.2527473608352475,0.3333333333333333,User_1735,
1846,4,20,0.0531400966183574,0.0009899517742839,0.0038354543537844,0.2309468628442555,0.3333333333333333,User_1846,outgoing
2291,5,20,0.0531400966183574,0.047169353462077,0.0013945338463999,0.3096247955606538,0.16666666666666666,User_2291,outgoing
3204,6,20,0.0531400966183574,0.0158404897865212,0.0023326657132538,0.2860013370997697,0.5,User_3204,incoming
3029,7,20,0.0531400966183574,0.0064074405011851,0.0019702649720237,0.2655598057642384,0.16666666666666666,User_3029,incoming
1585,8,20,0.0531400966183574,0.0128808050419508,0.0149996910281674,0.2778056466097566,0.5,User_1585,outgoing
2194,10,20,0.0531400966183574,0.0023447958486398,0.0102260035409819,0.2495319358305388,0.3333333333333333,User_2194,
1352,11,20,0.0531400966183574,0.004355077462067,0.0116982499987736,0.2577683200205443,0.3333333333333333,User_1352,
1802,12,20,0.0531400966183574,0.0403361854446677,0.0080914318599136,0.3140051910302386,0.5,User_1802,
1693,13,20,0.0531400966183574,0.0197313533951014,0.0128393797204755,0.3071441890412312,0.6666666666666666,User_1693,
1334,22,20,0.0531400966183574,0.0424307267243066,0.028169830388949,0.3219152454607714,0.3333333333333333,User_1334,
3411,1,21,1.0,1.679076334273937e-28,0.0,0.0010940919037199,0.16666666666666666,User_3411,outandin
1948,1,21,1.0,1.679076334273937e-28,0.0,0.0010940919037199,0.3333333333333333,User_1948,
2073,1,22,0.0233754090696587,0.000154017220146,0.0,0.199154177829332,0.5,User_2073,outandin
2183,1,22,0.0233754090696587,0.0086137994985366,0.0,0.2510172449723872,0.16666666666666666,User_2183,outandin
2213,1,22,0.0233754090696587,0.0002493511722681,0.0,0.2091291701232881,0.16666666666666666,User_2213,outgoing
2344,1,22,0.0233754090696587,0.0003092190621152,0.0,0.199154177829332,0.16666666666666666,User_2344,
3329,1,22,0.0233754090696587,0.0048534942474444,0.0,0.2441858549818243,0.16666666666666666,User_3329,incoming
436,1,22,0.0233754090696587,0.0043068997492683,0.0,0.2510172449723872,0.5,User_436,incoming
2526,1,22,0.0233754090696587,0.0043068997492683,0.0,0.2510172449723872,0.16666666666666666,User_2526,incoming
2565,1,22,0.0233754090696587,0.0048534942474444,0.0,0.2441858549818243,0.3333333333333333,User_2565,
2830,1,22,0.0233754090696587,0.0009041718170957,0.0,0.222420343646419,0.16666666666666666,User_2830,outgoing
2899,1,22,0.0233754090696587,0.0086137994985366,0.0,0.2510172449723872,0.16666666666666666,User_2899,outandin
2972,1,22,0.0233754090696587,0.0043068997492683,0.0,0.2510172449723872,0.16666666666666666,User_2972,outandin
2983,1,22,0.0233754090696587,0.0086137994985366,0.0,0.2510172449723872,0.16666666666666666,User_2983,outandin
2985,1,22,0.0233754090696587,0.0043068997492683,0.0,0.2510172449723872,0.16666666666666666,User_2985,outandin
2986,1,22,0.0233754090696587,0.0043068997492683,0.0,0.2510172449723872,0.16666666666666666,User_2986,outandin
2989,1,22,0.0233754090696587,0.0086137994985366,0.0,0.2510172449723872,0.16666666666666666,User_2989,outandin
2990,1,22,0.0233754090696587,0.0043068997492683,0.0,0.2510172449723872,0.16666666666666666,User_2990,outandin
3008,1,22,0.0233754090696587,0.0043068997492683,0.0,0.2510172449723872,0.3333333333333333,User_3008,outandin
3028,1,22,0.0233754090696587,0.0043068997492683,0.0,0.2510172449723872,0.16666666666666666,User_3028,outandin
3051,1,22,0.0233754090696587,0.0043068997492683,0.0,0.2510172449723872,0.16666666666666666,User_3051,outandin
3053,1,22,0.0233754090696587,0.0086137994985366,0.0,0.2510172449723872,0.16666666666666666,User_3053,outandin
3052,1,22,0.0233754090696587,0.0009041718170957,0.0,0.222420343646419,0.16666666666666666,User_3052,outandin
3058,1,22,0.0233754090696587,0.0005132419835372,0.0,0.2298767901627748,0.16666666666666666,User_3058,outandin
3064,1,22,0.0233754090696587,0.0086137994985366,0.0,0.2510172449723872,0.16666666666666666,User_3064,outandin
3065,1,22,0.0233754090696587,7.368851498733018e-05,0.0,0.1856113431133849,0.3333333333333333,User_3065,outandin
3068,1,22,0.0233754090696587,0.0009041718170957,0.0,0.222420343646419,0.16666666666666666,User_3068,outandin
3095,1,22,0.0233754090696587,0.0043068997492683,0.0,0.2510172449723872,0.16666666666666666,User_3095,outandin
3117,1,22,0.0233754090696587,0.0043068997492683,0.0,0.2510172449723872,0.16666666666666666,User_3117,outandin
3118,1,22,0.0233754090696587,0.0043068997492683,0.0,0.2510172449723872,0.16666666666666666,User_3118,outandin
3124,1,22,0.0233754090696587,0.0086137994985366,0.0,0.2510172449723872,0.16666666666666666,User_3124,outandin
3128,1,22,0.0233754090696587,0.0086137994985366,0.0,0.2510172449723872,0.16666666666666666,User_3128,outandin
3156,1,22,0.0233754090696587,0.0043068997492683,0.0,0.2510172449723872,0.16666666666666666,User_3156,outandin
3170,1,22,0.0233754090696587,0.0043068997492683,0.0,0.2510172449723872,0.16666666666666666,User_3170,outandin
3176,1,22,0.0233754090696587,0.0043068997492683,0.0,0.2510172449723872,0.16666666666666666,User_3176,outandin
3177,1,22,0.0233754090696587,0.0043068997492683,0.0,0.2510172449723872,0.16666666666666666,User_3177,outandin
3178,1,22,0.0233754090696587,0.0043068997492683,0.0,0.2510172449723872,0.3333333333333333,User_3178,outandin
3179,1,22,0.0233754090696587,0.0043068997492683,0.0,0.2510172449723872,0.16666666666666666,User_3179,outandin
3200,1,22,0.0233754090696587,0.0043068997492683,0.0,0.2510172449723872,0.16666666666666666,User_3200,outandin
3201,1,22,0.0233754090696587,0.000308034440292,0.0,0.199154177829332,0.16666666666666666,User_3201,outandin
3211,1,22,0.0233754090696587,0.0086137994985366,0.0,0.2510172449723872,0.16666666666666666,User_3211,incoming
3212,1,22,0.0233754090696587,0.0043068997492683,0.0,0.2510172449723872,0.16666666666666666,User_3212,outandin
3213,1,22,0.0233754090696587,0.0043068997492683,0.0,0.2510172449723872,0.16666666666666666,User_3213,outandin
3214,1,22,0.0233754090696587,0.0086137994985366,0.0,0.2510172449723872,0.3333333333333333,User_3214,incoming
3228,1,22,0.0233754090696587,0.0043068997492683,0.0,0.2510172449723872,0.16666666666666666,User_3228,outandin
3266,1,22,0.0233754090696587,0.0043068997492683,0.0,0.2510172449723872,0.16666666666666666,User_3266,outandin
3279,1,22,0.0233754090696587,0.0006219608864395,0.0,0.199625548664431,0.16666666666666666,User_3279,outandin
3283,1,22,0.0233754090696587,0.0043068997492683,0.0,0.2510172449723872,0.3333333333333333,User_3283,outandin
3284,1,22,0.0233754090696587,0.0043068997492683,0.0,0.2510172449723872,0.16666666666666666,User_3284,outandin
3305,1,22,0.0233754090696587,0.0043068997492683,0.0,0.2510172449723872,0.16666666666666666,User_3305,outandin
3102,1,22,0.0233754090696587,0.0018083436341914,0.0,0.222420343646419,0.3333333333333333,User_3102,incoming
3324,1,22,0.0233754090696587,0.0043068997492683,0.0,0.2510172449723872,0.16666666666666666,User_3324,outandin
3325,1,22,0.0233754090696587,0.0043068997492683,0.0,0.2510172449723872,0.16666666666666666,User_3325,outandin
3328,1,22,0.0233754090696587,7.045524418380993e-06,0.0,0.1559863035152988,0.3333333333333333,User_3328,incoming
3334,1,22,0.0233754090696587,0.0086137994985366,0.0,0.2510172449723872,0.16666666666666666,User_3334,outandin
3340,1,22,0.0233754090696587,0.0010264839670744,0.0,0.2298767901627748,0.16666666666666666,User_3340,outandin
3362,1,22,0.0233754090696587,0.0043068997492683,0.0,0.2510172449723872,0.16666666666666666,User_3362,outandin
3364,1,22,0.0233754090696587,0.0043068997492683,0.0,0.2510172449723872,0.16666666666666666,User_3364,outandin
3393,1,22,0.0233754090696587,0.0043068997492683,0.0,0.2510172449723872,0.16666666666666666,User_3393,outandin
3398,1,22,0.0233754090696587,0.0005132419835372,0.0,0.2298767901627748,0.16666666666666666,User_3398,outandin
3407,1,22,0.0233754090696587,0.0043068997492683,0.0,0.2510172449723872,0.16666666666666666,User_3407,incoming
3422,1,22,0.0233754090696587,0.000655282381724,0.0,0.2034293157518623,0.3333333333333333,User_3422,incoming
3424,1,22,0.0233754090696587,0.0043068997492683,0.0,0.2510172449723872,0.16666666666666666,User_3424,outandin
3426,1,22,0.0233754090696587,0.0043068997492683,0.0,0.2510172449723872,0.16666666666666666,User_3426,outandin
1462,1,22,0.0233754090696587,0.0086137994985366,0.0,0.2510172449723872,0.3333333333333333,User_1462,outandin
1897,1,22,0.0233754090696587,0.0043068997492683,0.0,0.2510172449723872,0.3333333333333333,User_1897,outandin
2080,2,22,0.0233754090696587,0.0003848810960845,1.1983481968454682e-06,0.2035274959235572,0.3333333333333333,User_2080,outgoing
149,2,22,0.0233754090696587,0.009640283465611,0.0,0.2578471241538431,0.5,User_149,incoming
2281,2,22,0.0233754090696587,0.0010539708453911,0.0001844733177164,0.230064905375674,0.3333333333333333,User_2281,outgoing
2772,2,22,0.0233754090696587,0.0099502592217892,0.0035417721773389,0.2698937417943107,0.16666666666666666,User_2772,outgoing
2971,2,22,0.0233754090696587,0.0043123992676582,0.0021019027372669,0.251166748989643,0.16666666666666666,User_2971,outandin
2982,2,22,0.0233754090696587,0.004334386627585,0.0019150327231568,0.2512415678007808,0.16666666666666666,User_2982,outandin
3021,2,22,0.0233754090696587,0.0043289824139122,0.0021019027372669,0.251166748989643,0.16666666666666666,User_3021,outandin
3041,2,22,0.0233754090696587,0.0099973489406766,0.0003450615100716,0.2756267787932094,0.16666666666666666,User_3041,outandin
3060,2,22,0.0233754090696587,0.0010317472486028,0.0021019027372669,0.2300021661050507,0.3333333333333333,User_3060,outandin
3067,2,22,0.0233754090696587,0.010422143132728,0.0,0.2565139729644832,0.16666666666666666,User_3067,outandin
3107,2,22,0.0233754090696587,0.010422143132728,0.0,0.2565139729644832,0.16666666666666666,User_3107,incoming
3137,2,22,0.0233754090696587,0.040709431339849,0.0,0.3054755317302502,0.16666666666666666,User_3137,outandin
3175,2,22,0.0233754090696587,0.0203547156699245,0.0229584747475398,0.3054755317302502,0.16666666666666666,User_3175,outandin
3199,2,22,0.0233754090696587,0.0086247985353165,0.0021019027372669,0.251166748989643,0.16666666666666666,User_3199,outandin
3313,2,22,0.0233754090696587,9.86377131394677e-05,0.0021019027372669,0.18618497640336,0.16666666666666666,User_3313,outandin
3412,2,22,0.0233754090696587,0.0275202887799879,0.0,0.2893372017520483,0.16666666666666666,User_3412,incoming
3435,2,22,0.0233754090696587,0.0275202887799879,0.0,0.2893372017520483,0.16666666666666666,User_3435,incoming
415,3,22,0.0233754090696587,0.0087072836843942,0.0031650878656996,0.251916948359385,0.6666666666666666,User_415,
3040,3,22,0.0233754090696587,0.00673676968058,0.0012056694385791,0.2613628581057394,0.3333333333333333,User_3040,outandin
3155,3,22,0.0233754090696587,0.0091738384521258,0.0021019027372669,0.258004877059413,0.16666666666666666,User_3155,incoming
2233,4,22,0.0233754090696587,0.0013740588912897,0.008171764284449,0.2307573031757102,0.5,User_2233,
242,4,22,0.0233754090696587,0.0348211583006543,0.0037317045256627,0.2989783562946547,0.3333333333333333,User_242,outgoing
2538,4,22,0.0233754090696587,0.0069827199954306,0.0026999207963496,0.2672426942671803,0.16666666666666666,User_2538,
3296,4,22,0.0233754090696587,0.0180353727646249,0.0007076772558295,0.2710211899444797,0.16666666666666666,User_3296,outandin
3105,9,22,0.0233754090696587,0.0732897867897043,0.0018166693762623,0.3357555506000084,0.3333333333333333,User_3105,outandin
3316,10,22,0.0233754090696587,0.067949755247189,0.0054693317852943,0.3272867454820415,0.16666666666666666,User_3316,incoming
1615,12,22,0.0233754090696587,0.0143715408252507,0.0493609625162873,0.3020837905111823,0.16666666666666666,User_1615,
2775,15,22,0.0233754090696587,0.0253202222488253,0.0109325304966365,0.2893372017520483,0.3333333333333333,User_2775,
35,97,22,0.0233754090696587,0.1206108358638781,0.146148770818233,0.3396769807117281,0.25,User_35,
2726,1,23,0.0662878787878787,0.0065716797823906,0.0,0.246325333851408,0.3333333333333333,User_2726,outgoing
2902,1,23,0.0662878787878787,0.0007550736390512,0.0,0.2202135621689872,0.16666666666666666,User_2902,outandin
2988,1,23,0.0662878787878787,0.0005940878669994,0.0,0.2152125397058487,0.16666666666666666,User_2988,outandin
3073,1,23,0.0662878787878787,0.0032858398911953,0.0,0.246325333851408,0.16666666666666666,User_3073,outandin
3139,1,23,0.0662878787878787,0.0065716797823906,0.0,0.246325333851408,0.16666666666666666,User_3139,outandin
3215,1,23,0.0662878787878787,0.0016356825384588,0.0,0.222537715859425,0.16666666666666666,User_3215,outandin
3224,1,23,0.0662878787878787,0.0005797036948343,0.0,0.2216021920933318,0.16666666666666666,User_3224,outandin
3322,1,23,0.0662878787878787,0.0007550736390512,0.0,0.2202135621689872,0.16666666666666666,User_3322,outandin
3351,1,23,0.0662878787878787,0.0007550736390512,0.0,0.2202135621689872,0.16666666666666666,User_3351,outandin
1316,1,23,0.0662878787878787,0.0065716797823906,0.0,0.246325333851408,0.8333333333333334,User_1316,
1327,1,23,0.0662878787878787,0.0006342701507906,0.0,0.2204437906709934,0.3333333333333333,User_1327,outandin
3401,1,23,0.0662878787878787,0.0007550736390512,0.0,0.2202135621689872,0.16666666666666666,User_3401,outandin
3428,1,23,0.0662878787878787,0.0008420547212657,0.0,0.2230084460886359,0.16666666666666666,User_3428,incoming
2819,2,23,0.0662878787878787,0.0386673116237029,0.0,0.293771488368938,0.16666666666666666,User_2819,
3031,2,23,0.0662878787878787,0.0059875717169271,0.0001337931705301,0.2717196981659862,0.16666666666666666,User_3031,outandin
3123,2,23,0.0662878787878787,0.0073267534214419,0.0,0.2510172449723872,0.16666666666666666,User_3123,outandin
3297,2,23,0.0662878787878787,0.0386673116237029,0.0,0.293771488368938,0.16666666666666666,User_3297,outandin
3298,2,23,0.0662878787878787,0.0064717001287583,0.0,0.2661464004756141,0.16666666666666666,User_3298,outandin
96,3,23,0.0662878787878787,0.0028407713944575,0.0005765213397612,0.251166748989643,0.9166666666666666,User_96,
3196,3,23,0.0662878787878787,0.0279927415799785,9.899219815212787e-05,0.2985550241087508,0.16666666666666666,User_3196,outandin
2536,4,23,0.0662878787878787,0.0127690221563482,0.0013335752650046,0.2780804296430006,0.16666666666666666,User_2536,
3062,4,23,0.0662878787878787,0.0188766295574642,0.0030121840530364,0.2939762785316211,0.16666666666666666,User_3062,incoming
1185,4,23,0.0662878787878787,0.007581312866025,0.0037878952658101,0.2680921624625623,0.5,User_1185,
540,5,23,0.0662878787878787,0.0177601520064674,0.0025515209783503,0.2860013370997697,0.5,User_540,
2992,5,23,0.0662878787878787,0.0170742608592565,0.0023240670163616,0.2868768513970139,0.16666666666666666,User_2992,outandin
1916,5,23,0.0662878787878787,0.0166361354250797,0.0021696554157076,0.2772577064783764,0.3333333333333333,User_1916,
2333,7,23,0.0662878787878787,0.0235791437461281,0.0036275272676814,0.2903331990042069,0.16666666666666666,User_2333,
2484,7,23,0.0662878787878787,0.0475170090869063,0.0018464413764819,0.3199612834245907,0.3333333333333333,User_2484,
3193,7,23,0.0662878787878787,0.0162323326592737,0.0094833701698906,0.2879542311735135,0.16666666666666666,User_3193,incoming
2903,8,23,0.0662878787878787,0.0105720585951718,0.0098718249749734,0.2856139326472133,0.16666666666666666,User_2903,
1840,8,23,0.0662878787878787,0.022901019081883,0.0024140381159752,0.2895358541391077,0.16666666666666666,User_1840,
2710,10,23,0.0662878787878787,0.0464553816847809,0.0012015512470144,0.3069206488745346,0.16666666666666666,User_2710,
1899,31,23,0.0662878787878787,0.0920137810364207,0.0265478884753196,0.3311417130377782,0.6666666666666666,User_1899,
3097,1,24,1.0,2.9553331547921397e-33,0.0,0.0010940919037199,0.16666666666666666,User_3097,outandin
2042,1,24,1.0,2.9553331547921397e-33,0.0,0.0010940919037199,0.5,User_2042,incoming
2113,1,25,1.0,1.679076334273937e-28,0.0,0.0010940919037199,0.16666666666666666,User_2113,
3147,1,25,1.0,1.679076334273937e-28,0.0,0.0010940919037199,0.16666666666666666,User_3147,outandin
2235,1,26,0.5,5.9235014977714815e-28,0.0,0.0016411378555798,0.16666666666666666,User_2235,
3098,1,26,0.5,2.1931511205462324e-27,0.0,0.0016411378555798,0.16666666666666666,User_3098,outandin
2857,2,26,0.5,2.5092343145544436e-27,4.793392787381873e-06,0.0024617067833698,0.16666666666666666,User_2857,outgoing
2964,2,26,0.5,1.355442255393771e-27,4.793392787381873e-06,0.0024617067833698,0.3333333333333333,User_2964,outandin
3191,1,27,0.6666666666666666,1.0365198857864394e-25,0.0,0.0014587892049598,0.3333333333333333,User_3191,outandin
3369,1,27,0.6666666666666666,1.0365198857864394e-25,0.0,0.0014587892049598,0.16666666666666666,User_3369,incoming
2244,2,27,0.6666666666666666,1.4658604812353137e-25,2.3966963936909364e-06,0.0021881838074398,0.16666666666666666,User_2244,
72,1,28,0.0869565217391304,0.0012536929912187,0.0,0.2116481664008083,0.4166666666666667,User_72,outgoing
2486,1,28,0.0869565217391304,0.0018506648510887,0.0,0.2309468628442555,0.3333333333333333,User_2486,outgoing
2716,1,28,0.0869565217391304,0.0005582952452687,0.0,0.205661532091495,0.16666666666666666,User_2716,outgoing
2808,1,28,0.0869565217391304,0.0006867034857475,0.0,0.2264817247871162,0.16666666666666666,User_2808,outgoing
2859,1,28,0.0869565217391304,0.0006867034857475,0.0,0.2264817247871162,0.3333333333333333,User_2859,outgoing
3144,1,28,0.0869565217391304,0.0018506648510887,0.0,0.2309468628442555,0.16666666666666666,User_3144,outandin
3173,1,28,0.0869565217391304,0.0009253324255443,0.0,0.2309468628442555,0.16666666666666666,User_3173,incoming
1227,1,28,0.0869565217391304,0.0023317317883138,0.0,0.2231854837542262,0.3333333333333333,User_1227,incoming
1473,1,28,0.0869565217391304,0.0006031451312994,0.0,0.2037733614658664,0.6666666666666666,User_1473,outandin
1775,1,28,0.0869565217391304,0.0003532929655466,0.0,0.2018712166364818,0.3333333333333333,User_1775,outandin
3103,2,28,0.0869565217391304,0.0020079206154226,5.461043925624348e-05,0.2384557373783492,0.16666666666666666,User_3103,incoming
3140,2,28,0.0869565217391304,0.0030165307452456,0.0,0.2412522720558412,0.16666666666666666,User_3140,incoming
1201,2,28,0.0869565217391304,0.0096813169831115,0.000316280317442,0.2714573360499585,0.3333333333333333,User_1201,
2762,3,28,0.0869565217391304,0.0122411211138113,0.0,0.2733045829900262,0.16666666666666666,User_2762,
2892,3,28,0.0869565217391304,0.0078166771531291,0.0021019027372669,0.2616060617578229,0.3333333333333333,User_2892,outgoing
2973,3,28,0.0869565217391304,0.0098932505884757,0.0021066961300543,0.2555037694962802,0.16666666666666666,User_2973,outandin
3076,3,28,0.0869565217391304,0.0159625060601872,2.8132650525943613e-05,0.2663144752469911,0.16666666666666666,User_3076,outandin
2328,4,28,0.0869565217391304,0.0175522736221976,0.0021125949255615,0.2713699945647429,0.3333333333333333,User_2328,
3059,4,28,0.0869565217391304,0.0092990962719902,0.0049304979248049,0.2860983524787045,0.16666666666666666,User_3059,outandin
1905,4,28,0.0869565217391304,0.0084443075441049,0.002107175469333,0.2585585355938752,0.16666666666666666,User_1905,
1386,5,28,0.0869565217391304,0.0063866167223802,0.0008717437542569,0.2682627045506428,0.16666666666666666,User_1386,
304,8,28,0.0869565217391304,0.0192295392279684,0.014042638968363,0.2962479603467584,0.3333333333333333,User_304,
3036,9,28,0.0869565217391304,0.032646527309589,0.0056416098049247,0.2906333367013167,0.16666666666666666,User_3036,incoming
2897,14,28,0.0869565217391304,0.0259116609634964,0.0134496927766289,0.3039343939125121,0.16666666666666666,User_2897,
80,1,29,0.0487264673311184,9.677299147095648e-05,0.0,0.1953260637117232,0.25,User_80,outandin
2135,1,29,0.0487264673311184,9.677299147095648e-05,0.0,0.1953260637117232,0.3333333333333333,User_2135,outandin
2192,1,29,0.0487264673311184,0.0013364597232525,0.0,0.2434106617914057,0.16666666666666666,User_2192,outgoing
166,1,29,0.0487264673311184,9.677299147095648e-05,0.0,0.1953260637117232,0.3333333333333333,User_166,outandin
200,1,29,0.0487264673311184,9.677299147095648e-05,0.0,0.1953260637117232,0.3333333333333333,User_200,outandin
243,1,29,0.0487264673311184,9.677299147095648e-05,0.0,0.1953260637117232,0.3333333333333333,User_243,outandin
257,1,29,0.0487264673311184,9.677299147095648e-05,0.0,0.1953260637117232,0.5,User_257,outgoing
262,1,29,0.0487264673311184,9.677299147095648e-05,0.0,0.1953260637117232,0.3333333333333333,User_262,outandin
273,1,29,0.0487264673311184,9.677299147095648e-05,0.0,0.1953260637117232,0.3333333333333333,User_273,outandin
378,1,29,0.0487264673311184,9.677299147095648e-05,0.0,0.1953260637117232,0.3333333333333333,User_378,outandin
387,1,29,0.0487264673311184,9.677299147095648e-05,0.0,0.1953260637117232,0.3333333333333333,User_387,outgoing
443,1,29,0.0487264673311184,9.677299147095648e-05,0.0,0.1953260637117232,0.3333333333333333,User_443,outandin
462,1,29,0.0487264673311184,9.677299147095648e-05,0.0,0.1953260637117232,0.3333333333333333,User_462,outandin
530,1,29,0.0487264673311184,9.677299147095648e-05,0.0,0.1953260637117232,0.3333333333333333,User_530,outandin
642,1,29,0.0487264673311184,0.0013364597232525,0.0,0.2434106617914057,0.3333333333333333,User_642,outandin
2778,1,29,0.0487264673311184,0.0013364597232525,0.0,0.2434106617914057,0.16666666666666666,User_2778,outgoing
2815,1,29,0.0487264673311184,0.0013364597232525,0.0,0.2434106617914057,0.16666666666666666,User_2815,outgoing
2871,1,29,0.0487264673311184,9.677299147095648e-05,0.0,0.1953260637117232,0.16666666666666666,User_2871,outgoing
827,1,29,0.0487264673311184,9.677299147095648e-05,0.0,0.1953260637117232,0.5,User_827,outandin
2878,1,29,0.0487264673311184,3.242847036350789e-05,0.0,0.1809133297098286,0.16666666666666666,User_2878,
2881,1,29,0.0487264673311184,0.0013364597232525,0.0,0.2434106617914057,0.16666666666666666,User_2881,outgoing
853,1,29,0.0487264673311184,9.677299147095648e-05,0.0,0.1953260637117232,0.3333333333333333,User_853,outandin
3108,1,29,0.0487264673311184,0.0013364597232525,0.0,0.2434106617914057,0.16666666666666666,User_3108,outandin
3109,1,29,0.0487264673311184,0.0013364597232525,0.0,0.2434106617914057,0.16666666666666666,User_3109,outandin
1196,1,29,0.0487264673311184,9.677299147095648e-05,0.0,0.1953260637117232,0.3333333333333333,User_1196,outandin
1332,1,29,0.0487264673311184,9.677299147095648e-05,0.0,0.1953260637117232,0.3333333333333333,User_1332,outandin
1368,1,29,0.0487264673311184,9.677299147095648e-05,0.0,0.1953260637117232,0.3333333333333333,User_1368,outandin
3431,1,29,0.0487264673311184,0.0013364597232525,0.0,0.2434106617914057,0.16666666666666666,User_3431,outandin
3432,1,29,0.0487264673311184,0.0013364597232525,0.0,0.2434106617914057,0.16666666666666666,User_3432,outandin
1674,1,29,0.0487264673311184,9.677299147095648e-05,0.0,0.1953260637117232,0.3333333333333333,User_1674,incoming
1757,1,29,0.0487264673311184,0.0013364597232525,0.0,0.2434106617914057,0.3333333333333333,User_1757,outgoing
1773,1,29,0.0487264673311184,9.677299147095648e-05,0.0,0.1953260637117232,0.3333333333333333,User_1773,outandin
1786,1,29,0.0487264673311184,3.242847036350789e-05,0.0,0.1809133297098286,0.3333333333333333,User_1786,outandin
2103,2,29,0.0487264673311184,0.0014332327147235,0.018707564903311,0.2479911623367306,0.3333333333333333,User_2103,outandin
502,2,29,0.0487264673311184,0.0014332327147235,0.018707564903311,0.2479911623367306,0.3333333333333333,User_502,outandin
2887,2,29,0.0487264673311184,0.0015373479044886,0.0,0.2451083821875097,0.16666666666666666,User_2887,outgoing
2269,3,29,0.0487264673311184,0.0004540168331225,0.0042014087781402,0.2228316890639949,0.5,User_2269,outandin
2090,5,29,0.0487264673311184,0.0125840789872732,0.0148269637460912,0.2896352826604467,0.16666666666666666,User_2090,outgoing
3349,5,29,0.0487264673311184,0.0077296480913093,0.0002273667379161,0.2680921624625623,0.16666666666666666,User_3349,incoming
3367,5,29,0.0487264673311184,0.015588045790082,0.001101416315292,0.2962479603467584,0.16666666666666666,User_3367,incoming
3027,6,29,0.0487264673311184,0.0056252315507174,0.0037789995528656,0.268177406393393,0.16666666666666666,User_3027,outandin
2877,25,29,0.0487264673311184,0.0027098724574347,0.0440345697629796,0.2451083821875097,0.5,User_2877,outgoing
2266,43,29,0.0487264673311184,0.0374240076663486,0.104156320727933,0.3258956503505491,0.16666666666666666,User_2266,
2464,1,30,1.0,2.9553331547921397e-33,0.0,0.0010940919037199,0.16666666666666666,User_2464,
2465,1,30,1.0,2.9553331547921397e-33,0.0,0.0010940919037199,0.16666666666666666,User_2465,outandin
