node,centrality,community,density,eign,betwness,closeness,volatility,name,type
17,1,0,0.0258727881396461,0.0006361004565291,0.0,0.2369996645970755,0.25,User_17,outgoing
29,1,0,0.0258727881396461,0.0009907937209321,0.0,0.2484694232276377,0.25,User_29,outgoing
39,1,0,0.0258727881396461,0.0006361004565291,0.0,0.2369996645970755,0.25,User_39,outgoing
69,1,0,0.0258727881396461,0.0006361004565291,0.0,0.2369996645970755,0.75,User_69,outandin
78,1,0,0.0258727881396461,0.0006361004565291,0.0,0.2369996645970755,0.75,User_78,outandin
359,1,0,0.0258727881396461,0.0009907937209321,0.0,0.2484694232276377,0.25,User_359,outgoing
500,1,0,0.0258727881396461,0.0009234817944171,0.0,0.2436321947552763,0.25,User_500,outgoing
590,1,0,0.0258727881396461,0.0002151458897396,0.0,0.2137587336323173,0.75,User_590,outgoing
597,1,0,0.0258727881396461,0.0006255440031554,0.0,0.2383295385864827,0.75,User_597,outandin
703,1,0,0.0258727881396461,0.0018638511556409,0.0,0.2781536051651329,0.75,User_703,outandin
1202,1,0,0.0258727881396461,0.0006361004565291,0.0,0.2369996645970755,0.75,User_1202,outandin
1213,1,0,0.0258727881396461,4.890036769508398e-05,0.0,0.2072476735808228,0.75,User_1213,outandin
1331,1,0,0.0258727881396461,0.0006945209993682,0.0,0.2386541829434879,0.25,User_1331,outgoing
1719,1,0,0.0258727881396461,0.000460595789661,0.0,0.2471550020150069,0.5,User_1719,
1845,1,0,0.0258727881396461,0.0006945209993682,0.0,0.2386541829434879,1.0,User_1845,outandin
1846,1,0,0.0258727881396461,0.0006255440031554,0.0,0.2383295385864827,0.5,User_1846,outgoing
2004,1,0,0.0258727881396461,0.0009907937209321,0.0,0.2484694232276377,0.5,User_2004,
2013,1,0,0.0258727881396461,0.0006361004565291,0.0,0.2369996645970755,0.5,User_2013,outgoing
2054,1,0,0.0258727881396461,0.0006255440031554,0.0,0.2383295385864827,1.0,User_2054,outandin
2127,1,0,0.0258727881396461,0.0019671186107321,0.0,0.262622450145607,0.5,User_2127,outgoing
2198,1,0,0.0258727881396461,0.0006361004565291,0.0,0.2369996645970755,0.5,User_2198,outgoing
2201,1,0,0.0258727881396461,0.0006255440031554,0.0,0.2383295385864827,0.5,User_2201,outgoing
2304,1,0,0.0258727881396461,3.1138377135833195e-05,0.0,0.1917657704784655,0.5,User_2304,outgoing
2427,1,0,0.0258727881396461,0.0006255440031554,0.0,0.2383295385864827,0.5,User_2427,outgoing
2580,1,0,0.0258727881396461,3.5486373192980925e-05,0.0,0.1828353791321555,0.5,User_2580,outgoing
2618,1,0,0.0258727881396461,0.0006945209993682,0.0,0.2386541829434879,0.5,User_2618,outgoing
2665,1,0,0.0258727881396461,0.0006945209993682,0.0,0.2386541829434879,1.0,User_2665,outandin
2896,1,0,0.0258727881396461,0.0059691106631061,0.0,0.2755831727147276,0.5,User_2896,outgoing
2964,1,0,0.0258727881396461,0.0006945209993682,0.0,0.2386541829434879,0.5,User_2964,outgoing
2993,1,0,0.0258727881396461,0.0003723508697721,0.0,0.222267049861577,0.5,User_2993,outgoing
3547,1,0,0.0258727881396461,0.0009907937209321,0.0,0.2484694232276377,0.5,User_3547,outgoing
3766,1,0,0.0258727881396461,0.0007365243955759,0.0,0.2251230350830557,0.5,User_3766,
3865,1,0,0.0258727881396461,0.0009907937209321,0.0,0.2484694232276377,0.5,User_3865,outgoing
4211,1,0,0.0258727881396461,0.0009234817944171,0.0,0.2436321947552763,0.5,User_4211,outgoing
5048,1,0,0.0258727881396461,0.0019815874418643,0.0,0.2484694232276377,0.5,User_5048,outandin
5104,1,0,0.0258727881396461,0.0002319708600492,0.0,0.2077391457576856,0.5,User_5104,outandin
5399,1,0,0.0258727881396461,0.0017921247809539,0.0,0.2575079949342467,0.5,User_5399,outandin
5418,1,0,0.0258727881396461,0.0037277023112819,0.0,0.2781536051651329,0.5,User_5418,outandin
5439,1,0,0.0258727881396461,0.0035842495619078,0.0,0.2575079949342467,0.5,User_5439,incoming
5453,1,0,0.0258727881396461,4.890036769508398e-05,0.0,0.2072476735808228,0.5,User_5453,outandin
5487,1,0,0.0258727881396461,0.0019671186107321,0.0,0.262622450145607,0.5,User_5487,outandin
5496,1,0,0.0258727881396461,0.0006361004565291,0.0,0.2369996645970755,0.5,User_5496,outandin
5499,1,0,0.0258727881396461,0.0059691106631061,0.0,0.2755831727147276,0.5,User_5499,outandin
5507,1,0,0.0258727881396461,0.0009907937209321,0.0,0.2484694232276377,0.5,User_5507,incoming
5511,1,0,0.0258727881396461,0.0039342372214642,0.0,0.262622450145607,0.5,User_5511,outandin
5519,1,0,0.0258727881396461,0.0001133906474784,0.0,0.2076160593137468,0.5,User_5519,outandin
5520,1,0,0.0258727881396461,0.0019671186107321,0.0,0.262622450145607,0.5,User_5520,incoming
5542,1,0,0.0258727881396461,0.0006361004565291,0.0,0.2369996645970755,0.5,User_5542,outandin
5545,1,0,0.0258727881396461,0.0009221635606475,0.0,0.2455098995318102,0.5,User_5545,outandin
5549,1,0,0.0258727881396461,0.0001741721181486,0.0,0.2188657114970494,0.5,User_5549,incoming
5557,1,0,0.0258727881396461,0.0009907937209321,0.0,0.2484694232276377,0.5,User_5557,outandin
5561,1,0,0.0258727881396461,0.002984555331553,0.0,0.2755831727147276,0.5,User_5561,outandin
5573,1,0,0.0258727881396461,0.0051230168890137,0.0,0.2728471902719689,0.5,User_5573,outandin
5593,1,0,0.0258727881396461,0.0012722009130583,0.0,0.2369996645970755,0.5,User_5593,outandin
5601,1,0,0.0258727881396461,0.0009115995283145,0.0,0.238208024545735,0.5,User_5601,outandin
5617,1,0,0.0258727881396461,0.0019671186107321,0.0,0.262622450145607,0.5,User_5617,outandin
5626,1,0,0.0258727881396461,0.0001105169193851,0.0,0.1999737503819524,0.5,User_5626,outandin
5644,1,0,0.0258727881396461,0.0005111459714579,0.0,0.2254126755270351,0.5,User_5644,outandin
5645,1,0,0.0258727881396461,0.002984555331553,0.0,0.2755831727147276,0.5,User_5645,outandin
5662,1,0,0.0258727881396461,0.002984555331553,0.0,0.2755831727147276,0.5,User_5662,outandin
5670,1,0,0.0258727881396461,0.0051230168890137,0.0,0.2728471902719689,0.5,User_5670,outandin
5675,1,0,0.0258727881396461,0.0009907937209321,0.0,0.2484694232276377,0.5,User_5675,outandin
5683,1,0,0.0258727881396461,0.0002378259919637,0.0,0.2185926413641772,0.5,User_5683,outandin
5695,1,0,0.0258727881396461,0.0059691106631061,0.0,0.2755831727147276,0.5,User_5695,outandin
5698,1,0,0.0258727881396461,0.0019671186107321,0.0,0.262622450145607,0.5,User_5698,outandin
5705,1,0,0.0258727881396461,0.0008084184317603,0.0,0.2313279446157954,0.5,User_5705,outandin
5706,1,0,0.0258727881396461,0.0009601034784958,0.0,0.2395105974755818,0.5,User_5706,outandin
5713,1,0,0.0258727881396461,0.0009221635606475,0.0,0.2455098995318102,0.5,User_5713,outandin
5720,1,0,0.0258727881396461,0.0005711484100588,0.0,0.2306048069146272,0.5,User_5720,outandin
5721,1,0,0.0258727881396461,0.0019331318064386,0.0,0.254561572180731,0.5,User_5721,outandin
5739,1,0,0.0258727881396461,0.0001360999161997,0.0,0.2197234702033398,0.5,User_5739,outandin
5741,1,0,0.0258727881396461,0.0006139745618602,0.0,0.2332527902191886,0.5,User_5741,outandin
5745,1,0,0.0258727881396461,0.0006139745618602,0.0,0.2332527902191886,0.5,User_5745,outandin
5747,1,0,0.0258727881396461,0.0009601034784958,0.0,0.2395105974755818,0.5,User_5747,outandin
5752,1,0,0.0258727881396461,0.0001133906474784,0.0,0.2076160593137468,0.5,User_5752,outandin
5757,1,0,0.0258727881396461,0.002984555331553,0.0,0.2755831727147276,0.5,User_5757,outandin
5768,1,0,0.0258727881396461,0.0005711484100588,0.0,0.2306048069146272,0.5,User_5768,outandin
5769,1,0,0.0258727881396461,0.0019671186107321,0.0,0.262622450145607,0.5,User_5769,outandin
5770,1,0,0.0258727881396461,0.0019331318064386,0.0,0.254561572180731,0.5,User_5770,outandin
5780,1,0,0.0258727881396461,0.0008150075860848,0.0,0.2340708110265706,0.5,User_5780,outandin
5785,1,0,0.0258727881396461,0.0002378259919637,0.0,0.2185926413641772,0.5,User_5785,outandin
5802,1,0,0.0258727881396461,0.0051230168890137,0.0,0.2728471902719689,0.5,User_5802,outandin
5807,1,0,0.0258727881396461,0.0019671186107321,0.0,0.262622450145607,0.5,User_5807,incoming
5808,1,0,0.0258727881396461,0.0005711484100588,0.0,0.2306048069146272,0.5,User_5808,outandin
5809,1,0,0.0258727881396461,0.0005711484100588,0.0,0.2306048069146272,0.5,User_5809,outandin
5811,1,0,0.0258727881396461,0.0009221635606475,0.0,0.2455098995318102,0.25,User_5811,incoming
5819,1,0,0.0258727881396461,0.0019671186107321,0.0,0.262622450145607,0.5,User_5819,outandin
5821,1,0,0.0258727881396461,0.0005777445942463,0.0,0.2290222249063896,0.5,User_5821,outandin
5823,1,0,0.0258727881396461,0.0009221635606475,0.0,0.2455098995318102,0.5,User_5823,outandin
5824,1,0,0.0258727881396461,0.0019103869478195,0.0,0.2559561753884413,0.5,User_5824,outandin
5830,1,0,0.0258727881396461,0.0006139745618602,0.0,0.2332527902191886,0.5,User_5830,outandin
5833,1,0,0.0258727881396461,0.0003723508697721,0.0,0.222267049861577,0.5,User_5833,incoming
5836,1,0,0.0258727881396461,0.0005060197039665,0.0,0.2141506518605202,0.5,User_5836,incoming
23,2,0,0.0258727881396461,0.0016047682827924,0.0,0.2494866529774127,0.25,User_23,outgoing
535,2,0,0.0258727881396461,0.0013084955612285,5.907372037530545e-05,0.2465897284354512,0.25,User_535,outgoing
856,2,0,0.0258727881396461,0.0026616396101003,0.0001149371357853,0.2642066006460141,0.25,User_856,
1001,2,0,0.0258727881396461,0.0028906004051492,8.52328264296733e-06,0.2642066006460141,0.25,User_1001,outgoing
1502,2,0,0.0258727881396461,0.0006270907107246,0.0013407967895886,0.238410616844209,0.25,User_1502,outgoing
1690,2,0,0.0258727881396461,0.0019142755153493,7.002641325618919e-06,0.2506018266452896,1.0,User_1690,outandin
1726,2,0,0.0258727881396461,0.0029579123316642,1.84632179939598e-05,0.2659108359755463,1.0,User_1726,outandin
2214,2,0,0.0258727881396461,0.0006202835035372,8.805761897450567e-05,0.2333304505455476,0.5,User_2214,outgoing
2328,2,0,0.0258727881396461,0.0002542070063648,5.1348357009642366e-05,0.2274612165574658,0.5,User_2328,outgoing
3893,2,0,0.0258727881396461,0.0039079330929775,8.304803407085587e-07,0.276017332892301,0.5,User_3893,
5100,2,0,0.0258727881396461,0.0029579123316642,1.84632179939598e-05,0.2659108359755463,0.5,User_5100,outandin
5513,2,0,0.0258727881396461,0.0028892821713796,0.0,0.2661633149310871,0.5,User_5513,outandin
5514,2,0,0.0258727881396461,0.0029571531162539,0.0,0.2749884277863654,0.5,User_5514,outandin
5534,2,0,0.0258727881396461,0.0022323043915542,0.0,0.2488664801894717,0.5,User_5534,outandin
5571,2,0,0.0258727881396461,0.0033569062013252,0.0001538549803963,0.2759086646510048,0.5,User_5571,incoming
5616,2,0,0.0258727881396461,0.0033765160305917,2.6491494968642683e-05,0.2759086646510048,0.5,User_5616,outandin
5676,2,0,0.0258727881396461,0.0043308116452416,0.0,0.2644558521560575,0.5,User_5676,outandin
5677,2,0,0.0258727881396461,0.0031206552477528,0.0,0.2756915846630812,0.5,User_5677,incoming
5688,2,0,0.0258727881396461,0.0009845522579746,0.0,0.2395515324606229,0.25,User_5688,incoming
5736,2,0,0.0258727881396461,0.0113928660292924,0.0,0.2984701908916322,0.5,User_5736,outandin
5749,2,0,0.0258727881396461,0.0009845522579746,0.0,0.2395515324606229,0.5,User_5749,outandin
5754,2,0,0.0258727881396461,0.0039446588100489,0.0,0.277163538941488,0.5,User_5754,incoming
5788,2,0,0.0258727881396461,3.487083534035918e-05,0.0,0.1807370749744816,0.5,User_5788,outandin
5814,2,0,0.0258727881396461,0.000949803806742,7.148643192636328e-06,0.23414901711111,0.5,User_5814,outandin
5818,2,0,0.0258727881396461,0.0023655421413299,5.640579683638342e-06,0.2579344895890881,0.5,User_5818,outandin
5822,2,0,0.0258727881396461,0.0043096916629664,0.0,0.2587917312457727,0.5,User_5822,incoming
5828,2,0,0.0258727881396461,0.0048576149828886,0.0,0.2637095045018071,0.5,User_5828,outandin
2,3,0,0.0258727881396461,0.0039930066578544,0.0003750227244925,0.2789285604830059,0.25,User_2,
664,3,0,0.0258727881396461,0.0016342674148071,5.946378336407226e-05,0.2471985919624523,0.25,User_664,outgoing
1098,3,0,0.0258727881396461,0.0075139693968126,0.0003265066677413,0.3007759691903658,0.25,User_1098,outgoing
1693,3,0,0.0258727881396461,0.0035032567332399,1.5173482548810025e-05,0.2666189873363334,0.5,User_1693,
2614,3,0,0.0258727881396461,0.0019695477171964,0.0026806559590447,0.262819429294413,1.0,User_2614,outandin
3204,3,0,0.0258727881396461,0.0035401336257386,5.176200904649428e-05,0.264007537469788,0.5,User_3204,outgoing
4969,3,0,0.0258727881396461,0.0046712035518461,0.0013407967895886,0.2636103096533956,0.5,User_4969,outgoing
5318,3,0,0.0258727881396461,0.0040496869308571,2.8982684485212587e-05,0.2654073123323432,0.75,User_5318,outandin
5485,3,0,0.0258727881396461,0.0047487751163628,8.389488560642841e-05,0.2773280602348841,0.5,User_5485,outandin
5516,3,0,0.0258727881396461,0.0018556498348224,6.138628695192363e-05,0.247067868222652,0.5,User_5516,outandin
5527,3,0,0.0258727881396461,0.0039315356204384,0.0,0.2531363583939146,0.5,User_5527,outandin
5629,3,0,0.0258727881396461,0.0047715492105231,2.3879883344291024e-05,0.2665682800355847,0.5,User_5629,incoming
5634,3,0,0.0258727881396461,0.0026906854709037,3.15646875296541e-06,0.2541461498507896,0.5,User_5634,incoming
5643,3,0,0.0258727881396461,0.0030220223721429,1.2430699113163558e-05,0.2594144024481037,0.5,User_5643,incoming
5764,3,0,0.0258727881396461,0.0002958711822072,0.0011074140629848,0.221459316863186,0.5,User_5764,outandin
1185,4,0,0.0258727881396461,0.0036608192889332,0.0015709693751656,0.2685088154074913,0.25,User_1185,outgoing
2187,4,0,0.0258727881396461,0.0038930801890333,0.0006731639609124,0.2672799421104319,0.5,User_2187,outgoing
3319,4,0,0.0258727881396461,0.0112151102093378,0.000939059979448,0.3121639234804242,0.5,User_3319,outgoing
3444,4,0,0.0258727881396461,0.0052547760492619,1.128047095653447e-05,0.2784298801007359,0.5,User_3444,outgoing
4922,4,0,0.0258727881396461,0.0022254401585982,0.0013663802364945,0.2512306894474108,0.5,User_4922,outgoing
5005,4,0,0.0258727881396461,0.0054964707759326,0.0001397170138378,0.2760716991189885,0.5,User_5005,outandin
5521,4,0,0.0258727881396461,0.0070165183517209,0.0013547734040787,0.2817885035036399,0.5,User_5521,incoming
5526,4,0,0.0258727881396461,0.0067098183040702,5.3908687450156384e-05,0.2839578639439029,0.5,User_5526,incoming
5551,4,0,0.0258727881396461,0.0009748319249439,0.0009373474594689,0.2464163179372547,0.5,User_5551,incoming
5594,4,0,0.0258727881396461,0.0057623429314552,8.114623137107524e-05,0.2694379116545761,0.5,User_5594,outandin
5784,4,0,0.0258727881396461,0.0086661265307019,0.0013407967895886,0.2733793673546137,0.5,User_5784,outandin
5799,4,0,0.0258727881396461,0.0055470217139261,0.0007477691262453,0.2852872005754335,0.5,User_5799,outandin
2661,5,0,0.0258727881396461,0.0074643816917339,9.942080957501469e-05,0.2834410548892022,0.5,User_2661,outgoing
3465,5,0,0.0258727881396461,0.0104763880561658,0.0007942541080413,0.305562680712253,0.5,User_3465,outgoing
4519,5,0,0.0258727881396461,0.0146549472580294,0.001200131367071,0.3137712147810845,0.5,User_4519,
5180,5,0,0.0258727881396461,0.0045673036174599,0.003949449320342,0.2634121436623012,0.5,User_5180,outandin
5539,5,0,0.0258727881396461,0.0095808801812604,0.0026806559590447,0.2813360129319761,0.5,User_5539,outandin
5540,5,0,0.0258727881396461,0.0082607742325424,7.560299205410869e-05,0.2850551182483434,0.5,User_5540,incoming
5577,5,0,0.0258727881396461,0.0054285636202881,0.0001658708432539,0.2652566268787102,0.5,User_5577,outandin
5578,5,0,0.0258727881396461,0.0054830553506623,0.0016626758702037,0.2832119653318053,0.5,User_5578,incoming
5760,5,0,0.0258727881396461,0.00063917738057,0.0008972337069288,0.2215643402508859,0.5,User_5760,outandin
5763,5,0,0.0258727881396461,0.0003823059564659,0.000443875622704,0.2215643402508859,0.5,User_5763,outandin
6,6,0,0.0258727881396461,0.0105012403061806,0.0019410105067617,0.3182597675810864,0.25,User_6,
5762,6,0,0.0258727881396461,0.00142868496024,0.0013580608992967,0.2247620295745838,0.5,User_5762,outandin
5806,6,0,0.0258727881396461,0.005603886686945,5.1311176970209675e-06,0.2765619606209756,0.5,User_5806,incoming
1383,7,0,0.0258727881396461,0.0093621883373914,0.0057356759279365,0.3205892077829608,0.25,User_1383,
5317,7,0,0.0258727881396461,0.0103075645699825,0.0003936064129023,0.2838428546834963,0.5,User_5317,outandin
5510,7,0,0.0258727881396461,0.0186039180804518,0.0002328190274858,0.3073719334269966,0.25,User_5510,incoming
5613,7,0,0.0258727881396461,0.0086773355368578,0.0002055210852886,0.2690241874140316,0.5,User_5613,outandin
1154,8,0,0.0258727881396461,0.0073767787203937,0.0098490245539159,0.2818451671882374,0.25,User_1154,outgoing
5515,8,0,0.0258727881396461,0.0109095142726549,0.0011815708544025,0.3037087792908136,0.5,User_5515,incoming
5528,8,0,0.0258727881396461,0.0140981653425039,0.0010214424298098,0.2953257514595669,0.5,User_5528,incoming
5624,8,0,0.0258727881396461,0.0125360668926794,0.0002397857183897,0.2854033835119333,0.5,User_5624,outandin
5661,8,0,0.0258727881396461,0.0088206741065084,2.482006437327392e-05,0.2718944745736382,0.5,User_5661,outandin
1656,9,0,0.0258727881396461,0.0185617216712564,0.0037482848851234,0.3304918689995531,0.5,User_1656,
2028,9,0,0.0258727881396461,0.0096234605589128,0.0036888059731316,0.2960743591945721,0.5,User_2028,outgoing
5559,10,0,0.0258727881396461,0.0159389622503777,0.0029055160341856,0.3040381814375498,0.5,User_5559,incoming
5602,10,0,0.0258727881396461,0.013293714360739,0.0025269885927049,0.2854033835119333,0.5,User_5602,incoming
3470,12,0,0.0258727881396461,0.0108948849709885,0.0055153356901188,0.2859273799320899,0.5,User_3470,
5450,12,0,0.0258727881396461,0.0230976856356102,0.0003310464304485,0.2913962612114563,0.5,User_5450,outandin
5623,12,0,0.0258727881396461,0.0101893609144559,0.0014135139980375,0.274020726574214,0.5,User_5623,incoming
1512,13,0,0.0258727881396461,0.0148314703407391,0.0019853611861269,0.2922468758188292,0.25,User_1512,
5157,13,0,0.0258727881396461,0.0203244816854884,0.0001497535678473,0.2929799365441272,0.5,User_5157,incoming
5440,13,0,0.0258727881396461,0.020587955764993,0.0016836472791411,0.2927351746923778,0.5,User_5440,incoming
135,14,0,0.0258727881396461,0.0297485548329353,0.0068715387886599,0.3336386613727933,0.25,User_135,
5606,14,0,0.0258727881396461,0.0149979708884225,0.002845326640315,0.287452013213106,0.5,User_5606,incoming
5655,14,0,0.0258727881396461,0.0230127414614155,0.0066054481476566,0.3015524992313048,0.75,User_5655,outandin
5654,17,0,0.0258727881396461,0.0245978398302999,0.0066302093762984,0.3129305685258104,0.5,User_5654,outandin
5525,18,0,0.0258727881396461,0.0232747534351716,0.0024492229234361,0.2988520290889349,0.5,User_5525,incoming
2524,19,0,0.0258727881396461,0.0279844797480001,0.007897947619505,0.3154661301884098,0.5,User_2524,outgoing
62,20,0,0.0258727881396461,0.0292389555080451,0.0284343834706702,0.3557401056921586,0.25,User_62,
2194,22,0,0.0258727881396461,0.0252011531508303,0.0199072710920478,0.314899127483061,0.5,User_2194,
2822,22,0,0.0258727881396461,0.0247327270594822,0.0077826635588513,0.3060965312136066,0.5,User_2822,
4921,24,0,0.0258727881396461,0.0769852723217104,0.0058945915351382,0.3464201721273121,0.5,User_4921,
5482,24,0,0.0258727881396461,0.0367190452700363,0.0025012226597981,0.3146870265889323,0.5,User_5482,incoming
545,25,0,0.0258727881396461,0.0292172165940745,0.0080275290103537,0.3038404544606773,0.25,User_545,
5065,26,0,0.0258727881396461,0.0325584745114417,0.002227536450495,0.3027902390207614,0.5,User_5065,incoming
5508,28,0,0.0258727881396461,0.0779007829940488,0.0082512861595672,0.3438704652667087,0.5,User_5508,incoming
115,31,0,0.0258727881396461,0.0256198043207425,0.0150782393119974,0.3125816272138949,0.75,User_115,
1735,31,0,0.0258727881396461,0.0328270558323365,0.0085157357480515,0.307506804832625,0.5,User_1735,
4860,32,0,0.0258727881396461,0.0386747796375213,0.0090539109263382,0.3169642732761431,0.5,User_4860,incoming
3572,33,0,0.0258727881396461,0.0371964557462075,0.0089008834353703,0.3242229970916273,0.5,User_3572,outgoing
5506,35,0,0.0258727881396461,0.0452176711080823,0.0145702970759249,0.3331628277696945,0.5,User_5506,incoming
1,39,0,0.0258727881396461,0.0751122212814656,0.0483553327481229,0.3883668651779176,0.25,User_1,
3640,42,0,0.0258727881396461,0.0371465162245526,0.0204809968917913,0.3275569096581222,0.5,User_3640,
3878,46,0,0.0258727881396461,0.1032211006313119,0.0212981642190473,0.3780998155994348,0.25,User_3878,
3707,52,0,0.0258727881396461,0.0722036551004593,0.0173483267298058,0.3492688802459767,0.5,User_3707,
4385,54,0,0.0258727881396461,0.0399122775202921,0.0330242843935571,0.3328463586860852,0.5,User_4385,
1352,83,0,0.0258727881396461,0.0792472115447854,0.056287069565934,0.3587448211996685,0.0,User_1352,
3722,83,0,0.0258727881396461,0.1202653634426681,0.088899648109781,0.3833741839242627,0.5,User_3722,
256,1,1,0.0164046479835953,0.0009906252004395,0.0,0.2322478900459162,0.25,User_256,outgoing
775,1,1,0.0164046479835953,4.276310197589756e-05,0.0,0.2044662314262735,0.75,User_775,outandin
1201,1,1,0.0164046479835953,5.78986689958737e-07,0.0,0.1596373595019481,0.25,User_1201,
1217,1,1,0.0164046479835953,4.276310197589756e-05,0.0,0.2044662314262735,0.25,User_1217,outgoing
1765,1,1,0.0164046479835953,0.0017213778389389,0.0,0.2581720420753555,0.5,User_1765,outgoing
1921,1,1,0.0164046479835953,0.0017213778389389,0.0,0.2581720420753555,0.5,User_1921,outgoing
1958,1,1,0.0164046479835953,0.0017213778389389,0.0,0.2581720420753555,0.5,User_1958,outgoing
2042,1,1,0.0164046479835953,3.203628776256401e-05,0.0,0.1920811314824043,0.5,User_2042,outgoing
2483,1,1,0.0164046479835953,0.0017213778389389,0.0,0.2581720420753555,1.0,User_2483,outandin
3862,1,1,0.0164046479835953,0.0017213778389389,0.0,0.2581720420753555,0.5,User_3862,outgoing
4090,1,1,0.0164046479835953,7.501730887661464e-05,0.0,0.2156000640558536,0.5,User_4090,outgoing
4264,1,1,0.0164046479835953,0.0034427556778779,0.0,0.2581720420753555,0.5,User_4264,outgoing
4463,1,1,0.0164046479835953,0.0017213778389389,0.0,0.2581720420753555,0.5,User_4463,outgoing
4612,1,1,0.0164046479835953,0.0017213778389389,0.0,0.2581720420753555,0.5,User_4612,outgoing
4642,1,1,0.0164046479835953,0.0034427556778779,0.0,0.2581720420753555,0.5,User_4642,outgoing
4734,1,1,0.0164046479835953,9.062562055694652e-05,0.0,0.2000879395327772,0.5,User_4734,outgoing
4767,1,1,0.0164046479835953,1.6018143881282005e-05,0.0,0.1920811314824043,0.5,User_4767,outgoing
4829,1,1,0.0164046479835953,9.136833778638188e-05,0.0,0.2010926852836592,0.5,User_4829,outgoing
4924,1,1,0.0164046479835953,0.0017213778389389,0.0,0.2581720420753555,0.5,User_4924,
4992,1,1,0.0164046479835953,0.0001812512411138,0.0,0.2000879395327772,0.5,User_4992,outandin
5018,1,1,0.0164046479835953,0.0017213778389389,0.0,0.2581720420753555,0.5,User_5018,outandin
5019,1,1,0.0164046479835953,0.0017213778389389,0.0,0.2581720420753555,0.5,User_5019,outandin
5020,1,1,0.0164046479835953,0.0034427556778779,0.0,0.2581720420753555,0.5,User_5020,outandin
5024,1,1,0.0164046479835953,0.0034427556778779,0.0,0.2581720420753555,0.5,User_5024,outandin
5043,1,1,0.0164046479835953,0.0034427556778779,0.0,0.2581720420753555,0.5,User_5043,outandin
5090,1,1,0.0164046479835953,0.0017213778389389,0.0,0.2581720420753555,0.5,User_5090,outandin
5091,1,1,0.0164046479835953,0.0034427556778779,0.0,0.2581720420753555,0.5,User_5091,outandin
5095,1,1,0.0164046479835953,0.0034427556778779,0.0,0.2581720420753555,0.5,User_5095,outandin
5117,1,1,0.0164046479835953,9.062562055694652e-05,0.0,0.2000879395327772,0.5,User_5117,outandin
5118,1,1,0.0164046479835953,6.596275128464466e-05,0.0,0.1997742326720502,0.5,User_5118,outandin
5124,1,1,0.0164046479835953,0.0001812512411138,0.0,0.2000879395327772,0.5,User_5124,outandin
5130,1,1,0.0164046479835953,0.0005842485824731,0.0,0.2205879786633781,0.5,User_5130,outandin
5131,1,1,0.0164046479835953,0.0034427556778779,0.0,0.2581720420753555,0.5,User_5131,outandin
5134,1,1,0.0164046479835953,0.0034427556778779,0.0,0.2581720420753555,0.5,User_5134,outandin
5135,1,1,0.0164046479835953,0.0017213778389389,0.0,0.2581720420753555,0.5,User_5135,outandin
5136,1,1,0.0164046479835953,0.0017213778389389,0.0,0.2581720420753555,0.5,User_5136,outandin
5137,1,1,0.0164046479835953,0.0017213778389389,0.0,0.2581720420753555,0.5,User_5137,outandin
5140,1,1,0.0164046479835953,0.0017213778389389,0.0,0.2581720420753555,0.5,User_5140,outandin
5145,1,1,0.0164046479835953,0.0001812512411138,0.0,0.2000879395327772,0.5,User_5145,outandin
5211,1,1,0.0164046479835953,0.0034427556778779,0.0,0.2581720420753555,0.5,User_5211,outandin
5220,1,1,0.0164046479835953,0.0017213778389389,0.0,0.2581720420753555,0.5,User_5220,outandin
5229,1,1,0.0164046479835953,0.0017213778389389,0.0,0.2581720420753555,0.5,User_5229,outandin
5247,1,1,0.0164046479835953,0.0017213778389389,0.0,0.2581720420753555,0.5,User_5247,outandin
5248,1,1,0.0164046479835953,0.0034427556778779,0.0,0.2581720420753555,0.5,User_5248,outandin
5256,1,1,0.0164046479835953,0.0017213778389389,0.0,0.2581720420753555,0.5,User_5256,outandin
5261,1,1,0.0164046479835953,3.203628776256401e-05,0.0,0.1920811314824043,0.5,User_5261,outandin
5265,1,1,0.0164046479835953,0.0034427556778779,0.0,0.2581720420753555,0.5,User_5265,outandin
5268,1,1,0.0164046479835953,9.062562055694652e-05,0.0,0.2000879395327772,0.5,User_5268,outandin
5271,1,1,0.0164046479835953,0.0007298394964457,0.0,0.227979182893153,0.5,User_5271,outandin
5274,1,1,0.0164046479835953,0.0017213778389389,0.0,0.2581720420753555,0.5,User_5274,outandin
5351,1,1,0.0164046479835953,0.0017213778389389,0.0,0.2581720420753555,0.5,User_5351,outandin
5356,1,1,0.0164046479835953,0.0001500346177532,0.0,0.2156000640558536,0.5,User_5356,outandin
5412,1,1,0.0164046479835953,0.0017213778389389,0.0,0.2581720420753555,0.5,User_5412,outandin
5452,1,1,0.0164046479835953,3.0603953857824747e-06,0.0,0.1770835143938224,0.5,User_5452,outandin
5468,1,1,0.0164046479835953,0.0017213778389389,0.0,0.2581720420753555,0.5,User_5468,outandin
5474,1,1,0.0164046479835953,0.0017213778389389,0.0,0.2581720420753555,0.5,User_5474,outandin
5502,1,1,0.0164046479835953,0.0017213778389389,0.0,0.2581720420753555,0.5,User_5502,outandin
5503,1,1,0.0164046479835953,0.0017213778389389,0.0,0.2581720420753555,0.5,User_5503,outandin
5537,1,1,0.0164046479835953,0.0017213778389389,0.0,0.2581720420753555,0.5,User_5537,outandin
5538,1,1,0.0164046479835953,0.0017213778389389,0.0,0.2581720420753555,0.5,User_5538,outandin
5564,1,1,0.0164046479835953,0.0003999535672821,0.0,0.2334081626023488,0.5,User_5564,outandin
5566,1,1,0.0164046479835953,0.0034427556778779,0.0,0.2581720420753555,0.5,User_5566,outandin
5567,1,1,0.0164046479835953,0.0017213778389389,0.0,0.2581720420753555,0.5,User_5567,outandin
5568,1,1,0.0164046479835953,0.0003496613419963,0.0,0.2178113467641188,0.5,User_5568,outandin
5579,1,1,0.0164046479835953,0.0034427556778779,0.0,0.2581720420753555,0.5,User_5579,outandin
5585,1,1,0.0164046479835953,8.568464410457213e-05,0.0,0.2046453520845532,0.5,User_5585,outandin
5586,1,1,0.0164046479835953,8.568464410457213e-05,0.0,0.2046453520845532,0.5,User_5586,outandin
5587,1,1,0.0164046479835953,8.568464410457213e-05,0.0,0.2046453520845532,0.5,User_5587,outandin
5588,1,1,0.0164046479835953,8.568464410457213e-05,0.0,0.2046453520845532,0.5,User_5588,outandin
5589,1,1,0.0164046479835953,8.568464410457213e-05,0.0,0.2046453520845532,0.5,User_5589,outandin
5592,1,1,0.0164046479835953,0.0017213778389389,0.0,0.2581720420753555,0.5,User_5592,outandin
5600,1,1,0.0164046479835953,0.0017213778389389,0.0,0.2581720420753555,0.5,User_5600,outandin
5652,1,1,0.0164046479835953,0.0017213778389389,0.0,0.2581720420753555,0.5,User_5652,outandin
5653,1,1,0.0164046479835953,0.0017213778389389,0.0,0.2581720420753555,0.5,User_5653,outandin
5659,1,1,0.0164046479835953,9.99445040703509e-05,0.0,0.206911133219236,0.5,User_5659,outandin
5702,1,1,0.0164046479835953,0.0034427556778779,0.0,0.2581720420753555,0.5,User_5702,outandin
5703,1,1,0.0164046479835953,0.0017213778389389,0.0,0.2581720420753555,0.5,User_5703,outandin
5717,1,1,0.0164046479835953,0.0017213778389389,0.0,0.2581720420753555,0.5,User_5717,outandin
5755,1,1,0.0164046479835953,0.0017213778389389,0.0,0.2581720420753555,0.5,User_5755,outandin
5756,1,1,0.0164046479835953,0.0017213778389389,0.0,0.2581720420753555,0.5,User_5756,outandin
5792,1,1,0.0164046479835953,0.0017213778389389,0.0,0.2581720420753555,0.5,User_5792,outandin
5793,1,1,0.0164046479835953,0.0034427556778779,0.0,0.2581720420753555,0.5,User_5793,outandin
5804,1,1,0.0164046479835953,0.0002068080447245,0.0,0.2293595183156774,0.5,User_5804,outandin
5815,1,1,0.0164046479835953,0.0017213778389389,0.0,0.2581720420753555,0.5,User_5815,outandin
5816,1,1,0.0164046479835953,0.0017213778389389,0.0,0.2581720420753555,0.5,User_5816,outandin
5820,1,1,0.0164046479835953,0.0004136160894491,0.0,0.2293595183156774,0.5,User_5820,outandin
5832,1,1,0.0164046479835953,0.0034427556778779,0.0,0.2581720420753555,0.75,User_5832,outandin
5837,1,1,0.0164046479835953,0.0001998890081407,0.0,0.206911133219236,0.5,User_5837,outandin
1245,2,1,0.0164046479835953,0.0034605663644767,0.0001154278540887,0.2586962008909385,0.25,User_1245,outgoing
2305,2,1,0.0164046479835953,0.0007476501830445,1.250160176772649e-06,0.228239051689807,0.5,User_2305,outgoing
2377,2,1,0.0164046479835953,0.0004399370570995,0.0001362892645928,0.2342664242732918,0.5,User_2377,outgoing
2565,2,1,0.0164046479835953,0.0002373895399432,3.767223746971152e-06,0.2138239536883455,0.5,User_2565,
3285,2,1,0.0164046479835953,0.0034545387269837,0.0003080193740215,0.258505351609573,0.5,User_3285,outgoing
3989,2,1,0.0164046479835953,0.0040874079935133,0.0,0.2722113063560118,0.5,User_3989,outgoing
4987,2,1,0.0164046479835953,0.0065670079005914,0.0,0.275962988073854,0.5,User_4987,outgoing
5093,2,1,0.0164046479835953,0.0003194351357902,1.8752402651589736e-05,0.224222686998417,0.5,User_5093,outandin
5433,2,1,0.0164046479835953,0.0178558493360018,0.0,0.3048316695143768,0.5,User_5433,outandin
5605,2,1,0.0164046479835953,0.0027121715598711,0.0028997010475886,0.2766165416276109,0.5,User_5605,incoming
5711,2,1,0.0164046479835953,0.0089279246680009,0.0,0.3048316695143768,0.5,User_5711,outandin
5738,2,1,0.0164046479835953,2.333198319916268e-05,0.0013407967895886,0.1906960566567489,0.5,User_5738,outandin
900,3,1,0.0164046479835953,0.003804232606183,0.0002833395521031,0.2777127038690518,0.75,User_900,outgoing
1437,3,1,0.0164046479835953,0.0017234997795413,0.0026806559590447,0.2583623993414018,0.25,User_1437,outgoing
1971,3,1,0.0164046479835953,0.004793741782092,0.0002431610305724,0.2754748459958932,0.5,User_1971,outgoing
4217,3,1,0.0164046479835953,0.0001232785515967,0.0013522407355867,0.2161319994490524,0.5,User_4217,outgoing
4516,3,1,0.0164046479835953,0.0178718674798831,0.0051843595898403,0.305562680712253,0.5,User_4516,outgoing
5009,3,1,0.0164046479835953,0.0036797246084443,0.0001431980034763,0.2648556342454847,0.5,User_5009,outandin
5045,3,1,0.0164046479835953,0.0042385579256084,8.438581193215382e-06,0.2603298693215276,0.5,User_5045,outandin
5073,3,1,0.0164046479835953,0.0072643355368454,0.000366162140581,0.2684573867893324,0.5,User_5073,outandin
5287,3,1,0.0164046479835953,0.0003588592328091,4.119834848859018e-05,0.2257030622265869,0.5,User_5287,outandin
5492,3,1,0.0164046479835953,0.0070443634929341,0.0013407967895886,0.2800431601252956,0.5,User_5492,outandin
5556,3,1,0.0164046479835953,0.000469851860702,0.0026809441453192,0.2366795029427735,0.5,User_5556,outandin
5618,3,1,0.0164046479835953,0.0036222081063703,0.0003604086990623,0.2727410033911471,0.5,User_5618,outandin
5704,3,1,0.0164046479835953,0.0013852612074434,0.0002425074584062,0.2463297041172416,0.5,User_5704,outandin
5079,4,1,0.0164046479835953,0.0018412836873288,0.0013602456845541,0.2529992809435207,0.5,User_5079,incoming
5554,4,1,0.0164046479835953,0.0083259130986602,0.0,0.2903098625573954,0.5,User_5554,outandin
988,5,1,0.0164046479835953,0.0030225924397887,0.0052593033227436,0.2763983467614089,0.25,User_988,outgoing
1615,5,1,0.0164046479835953,0.0057909794609336,0.0023041517598561,0.2894704701419052,0.5,User_1615,outgoing
3772,5,1,0.0164046479835953,0.0117738455494688,0.0018618658779849,0.2846498814839774,0.5,User_3772,outandin
4002,5,1,0.0164046479835953,0.0147076559979398,0.0027828983219779,0.297078426542413,0.5,User_4002,outgoing
4828,5,1,0.0164046479835953,0.0079472123653354,0.0006162689282291,0.2744499738451351,0.5,User_4828,outgoing
5590,5,1,0.0164046479835953,0.0079250405946839,7.000648892585989e-05,0.2700088646555778,0.5,User_5590,outandin
5614,5,1,0.0164046479835953,0.019961385127691,0.0013837428759953,0.304368298898394,0.5,User_5614,incoming
5619,5,1,0.0164046479835953,0.0040281435184462,0.0027239265010492,0.2622784461877067,0.5,User_5619,outandin
2313,6,1,0.0164046479835953,0.0006455222860914,0.0040242656090311,0.2388982472178464,0.5,User_2313,outgoing
5021,6,1,0.0164046479835953,0.0086989704252341,0.0009981951547749,0.3008405272434223,0.5,User_5021,outandin
5475,6,1,0.0164046479835953,0.0034533850337432,0.0066946077466175,0.2586484621566903,0.5,User_5475,outandin
5689,6,1,0.0164046479835953,0.0193918019435782,0.0008234119110497,0.3117473346145695,0.5,User_5689,outandin
3750,7,1,0.0164046479835953,0.001328391320636,0.0027202742100248,0.2509158640220381,0.5,User_3750,
2322,8,1,0.0164046479835953,0.0193500512311333,0.0028084333686924,0.310986469142912,0.5,User_2322,
5553,8,1,0.0164046479835953,0.0080591847561229,0.0071731976817977,0.3063641565960884,0.5,User_5553,outandin
4554,9,1,0.0164046479835953,0.0036528253188266,0.0080333196227181,0.2514109446506017,0.5,User_4554,outgoing
5801,10,1,0.0164046479835953,0.0083353317247171,0.0081914556933767,0.2994266217532803,0.5,User_5801,incoming
35,116,1,0.0164046479835953,0.0693786494339367,0.1228998482264218,0.3504916270135296,0.0,User_35,
537,1,2,0.0266666666666666,0.0003965744237774,0.0,0.2400438459371647,0.25,User_537,outgoing
896,1,2,0.0266666666666666,0.0003965744237774,0.0,0.2400438459371647,0.25,User_896,outgoing
1389,1,2,0.0266666666666666,1.7741956329127868e-06,0.0,0.155458741839741,0.75,User_1389,outandin
1752,1,2,0.0266666666666666,0.0004553290247566,0.0,0.2412004846716752,0.5,User_1752,outgoing
1778,1,2,0.0266666666666666,0.0072065468290619,0.0,0.2958244019474683,1.0,User_1778,outandin
1896,1,2,0.0266666666666666,0.0009882001865404,0.0,0.2455098995318102,1.0,User_1896,outandin
2243,1,2,0.0266666666666666,0.0005344012512079,0.0,0.2303395261178479,0.5,User_2243,outgoing
3129,1,2,0.0266666666666666,0.0072065468290619,0.0,0.2958244019474683,0.5,User_3129,
3172,1,2,0.0266666666666666,0.0144130936581238,0.0,0.2958244019474683,0.5,User_3172,outgoing
3214,1,2,0.0266666666666666,0.0004553290247566,0.0,0.2412004846716752,0.5,User_3214,outgoing
4092,1,2,0.0266666666666666,0.0144130936581238,0.0,0.2958244019474683,0.5,User_4092,outgoing
4524,1,2,0.0266666666666666,0.0072065468290619,0.0,0.2958244019474683,0.5,User_4524,outgoing
4594,1,2,0.0266666666666666,0.0006787515827369,0.0,0.2382890201338158,0.5,User_4594,
5022,1,2,0.0266666666666666,0.0015772232800315,0.0,0.2560964765991421,0.5,User_5022,outandin
5300,1,2,0.0266666666666666,0.0072065468290619,0.0,0.2958244019474683,0.5,User_5300,outandin
5306,1,2,0.0266666666666666,0.0144130936581238,0.0,0.2958244019474683,0.5,User_5306,outandin
5322,1,2,0.0266666666666666,0.0144130936581238,0.0,0.2958244019474683,0.5,User_5322,outandin
5347,1,2,0.0266666666666666,0.0144130936581238,0.0,0.2958244019474683,0.5,User_5347,outandin
5362,1,2,0.0266666666666666,0.0144130936581238,0.0,0.2958244019474683,0.5,User_5362,outandin
5364,1,2,0.0266666666666666,0.0003110328950988,0.0,0.2416162758881408,0.5,User_5364,outandin
5370,1,2,0.0266666666666666,0.0006220657901976,0.0,0.2416162758881408,0.5,User_5370,outandin
5371,1,2,0.0266666666666666,0.0003110328950988,0.0,0.2416162758881408,0.5,User_5371,outandin
5409,1,2,0.0266666666666666,0.0072065468290619,0.0,0.2958244019474683,0.5,User_5409,outandin
5425,1,2,0.0266666666666666,0.0144130936581238,0.0,0.2958244019474683,0.5,User_5425,outandin
5426,1,2,0.0266666666666666,0.0144130936581238,0.0,0.2958244019474683,0.5,User_5426,outandin
5445,1,2,0.0266666666666666,0.0144130936581238,0.0,0.2958244019474683,0.5,User_5445,outandin
5459,1,2,0.0266666666666666,0.0072065468290619,0.0,0.2958244019474683,0.5,User_5459,outandin
5461,1,2,0.0266666666666666,0.0015772232800315,0.0,0.2560964765991421,0.5,User_5461,outandin
5462,1,2,0.0266666666666666,0.0072065468290619,0.0,0.2958244019474683,0.5,User_5462,outandin
5463,1,2,0.0266666666666666,0.0072065468290619,0.0,0.2958244019474683,0.5,User_5463,outandin
5464,1,2,0.0266666666666666,0.0009791252180201,0.0,0.2372403548454815,0.5,User_5464,outandin
5546,1,2,0.0266666666666666,0.0015772232800315,0.0,0.2560964765991421,0.5,User_5546,outandin
5639,1,2,0.0266666666666666,0.0072065468290619,0.0,0.2958244019474683,0.5,User_5639,outandin
5650,1,2,0.0266666666666666,0.0003596029369043,0.0,0.227387413437233,0.5,User_5650,incoming
5708,1,2,0.0266666666666666,0.0009106580495133,0.0,0.2412004846716752,0.5,User_5708,outandin
5744,1,2,0.0266666666666666,0.003404640488985,0.0,0.2544691387848774,0.5,User_5744,outandin
5778,1,2,0.0266666666666666,0.0072065468290619,0.0,0.2958244019474683,0.5,User_5778,outandin
5789,1,2,0.0266666666666666,0.0009882001865404,0.0,0.2455098995318102,0.5,User_5789,outandin
2018,2,2,0.0266666666666666,0.002773258022125,1.0400609375810471e-05,0.2535943579567767,0.5,User_2018,outgoing
2167,2,2,0.0266666666666666,0.0002080833209352,9.7449247986758e-05,0.2207964739173132,0.5,User_2167,outgoing
2392,2,2,0.0266666666666666,0.0144487588164712,0.0040167646479705,0.2961994962863704,0.5,User_2392,
2431,2,2,0.0266666666666666,0.003372279240149,0.0,0.2568002961574028,0.5,User_2431,
3796,2,2,0.0266666666666666,0.0007187664410275,0.0026797183389121,0.2276089666169381,0.5,User_3796,outgoing
3982,2,2,0.0266666666666666,0.0144844456129839,0.0006694607746617,0.2959493277928853,0.5,User_3982,outgoing
4075,2,2,0.0266666666666666,0.0126303021952482,0.000289973142883,0.307912130146552,0.5,User_4075,outgoing
4235,2,2,0.0266666666666666,0.0002714641379921,6.826280353292349e-05,0.2152689320268936,0.5,User_4235,outgoing
4569,2,2,0.0266666666666666,0.0040682732085687,0.0,0.2624257660413976,0.5,User_4569,outgoing
4841,2,2,0.0266666666666666,3.575318098258578e-05,0.0013407967895886,0.1847635138975882,0.5,User_4841,outgoing
4882,2,2,0.0266666666666666,0.0163713440941641,0.0,0.297015472860162,0.5,User_4882,outgoing
4932,2,2,0.0266666666666666,0.0018284148868242,3.316853960151466e-05,0.2550711585854603,0.5,User_4932,outgoing
5421,2,2,0.0266666666666666,0.0019230516508602,0.0,0.269697136122206,0.5,User_5421,outandin
5435,2,2,0.0266666666666666,0.0031924857374764,2.9113036967079877e-06,0.2565183046169664,0.5,User_5435,outandin
5448,2,2,0.0266666666666666,0.00573788822504,0.0,0.2807162059737842,0.5,User_5448,outandin
5458,2,2,0.0266666666666666,0.0014379690203121,9.376201325794868e-07,0.2274612165574658,0.5,User_5458,incoming
5622,2,2,0.0266666666666666,0.0044726489154901,6.676953345120213e-05,0.2749344873336808,0.5,User_5622,outandin
5686,2,2,0.0266666666666666,0.0019493165599083,2.903527622455609e-05,0.2591745592505741,0.5,User_5686,outandin
5687,2,2,0.0266666666666666,0.0034098038637793,9.546257059669164e-05,0.2564244450104472,0.5,User_5687,outandin
5718,2,2,0.0266666666666666,0.00096010650076,4.714950427654798e-05,0.2424521737462558,0.5,User_5718,outandin
5743,2,2,0.0266666666666666,0.0106111873180469,0.0,0.2968267717973538,0.5,User_5743,outandin
5746,2,2,0.0266666666666666,0.0027751517750875,9.429329921526892e-05,0.2646555922256618,0.5,User_5746,outandin
5776,2,2,0.0266666666666666,0.002565423466572,3.659721403254417e-05,0.2605718565583017,0.5,User_5776,outandin
5829,2,2,0.0266666666666666,0.0147652747924041,0.0,0.297078426542413,0.5,User_5829,outandin
4205,3,2,0.0266666666666666,0.0144933673529558,0.0020102575642504,0.2960743591945721,0.25,User_4205,
4279,3,2,0.0266666666666666,0.0145634340016868,0.0009872914643503,0.3114702258726899,0.5,User_4279,outgoing
5052,3,2,0.0266666666666666,0.010174654660773,0.0001297920750367,0.2652064364100482,0.5,User_5052,outandin
5345,3,2,0.0266666666666666,0.006330546228636,6.498559110847239e-06,0.2901295831974963,0.5,User_5345,outandin
5383,3,2,0.0266666666666666,0.0175623802194522,3.125400441931623e-07,0.2963247392023477,0.5,User_5383,outandin
5700,3,2,0.0266666666666666,0.0197147750145268,0.0008016597213824,0.307912130146552,0.5,User_5700,outandin
5707,3,2,0.0266666666666666,0.0195257906542272,0.0,0.2997467956430933,0.5,User_5707,incoming
353,4,2,0.0266666666666666,0.0215386827900453,0.0013407967895886,0.3010990368264457,0.25,User_353,
1991,4,2,0.0266666666666666,0.0037963966057353,0.0002103097700703,0.2650058643273028,0.5,User_1991,outgoing
4209,4,2,0.0266666666666666,0.011226515617482,6.1202644028973085e-06,0.264007537469788,0.5,User_4209,outgoing
4244,4,2,0.0266666666666666,0.0007665980478984,0.0014889046133061,0.2353284110858134,0.5,User_4244,outgoing
5460,4,2,0.0266666666666666,0.0232924241593572,9.376201325794868e-07,0.2976462128747302,0.5,User_5460,outandin
5544,4,2,0.0266666666666666,0.005786200096303,0.0002126450795915,0.2882797236583926,0.5,User_5544,outandin
5730,4,2,0.0266666666666666,0.0147385034028996,0.0005062665275257,0.3088620573880795,0.5,User_5730,outandin
5731,4,2,0.0266666666666666,0.0147385034028996,0.0005062665275257,0.3088620573880795,0.5,User_5731,outandin
5732,4,2,0.0266666666666666,0.0147385034028996,0.0005062665275257,0.3088620573880795,0.5,User_5732,outandin
5783,4,2,0.0266666666666666,0.0186738875591747,0.0008158762209662,0.3093392223410074,0.5,User_5783,outandin
5367,5,2,0.0266666666666666,0.0038914836415202,0.0032392733996052,0.2871575530479624,0.5,User_5367,outandin
5441,5,2,0.0266666666666666,0.0274081712707488,0.0,0.3089982399530654,0.5,User_5441,outandin
5466,5,2,0.0266666666666666,0.0186506815880739,1.669038250287723e-06,0.2849971566545556,0.5,User_5466,outandin
5733,5,2,0.0266666666666666,0.0259712305754157,0.0013785511812449,0.3219145650957981,0.5,User_5733,outandin
1947,6,2,0.0266666666666666,0.0141920431639681,0.002450503603232,0.3130703632850357,0.5,User_1947,
4382,6,2,0.0266666666666666,0.0335163126344696,2.7376683452555095e-06,0.3173230736760482,0.5,User_4382,
4812,6,2,0.0266666666666666,0.0222840506971537,0.0006390016503819,0.3102979890252612,0.5,User_4812,outgoing
4852,6,2,0.0266666666666666,0.0156173763606241,0.0073203959412076,0.3037087792908136,0.5,User_4852,
5471,6,2,0.0266666666666666,0.013867256073098,0.0012940539065859,0.3146163897703939,0.5,User_5471,outandin
5719,6,2,0.0266666666666666,0.0217411245593538,0.0019361917930142,0.3219885174424775,0.5,User_5719,outandin
5729,6,2,0.0266666666666666,0.0225703782098466,0.0,0.3081829411669096,0.5,User_5729,outandin
5280,8,2,0.0266666666666666,0.0401728445403692,3.240124821590485e-05,0.3184767135712576,0.5,User_5280,outandin
192,9,2,0.0266666666666666,0.0159821801163384,0.004619001963599,0.3178988470009309,0.25,User_192,
2318,9,2,0.0266666666666666,0.027356635801716,0.0031140633470555,0.314828395423878,0.5,User_2318,outgoing
5312,9,2,0.0266666666666666,0.0125360627948624,0.0052665294590486,0.3206625523740802,0.5,User_5312,outandin
2165,11,2,0.0266666666666666,0.0183506461850446,0.0067432842294192,0.3199306131995217,0.5,User_2165,outgoing
3919,20,2,0.0266666666666666,0.0398275539982468,0.0046130900314411,0.3275569096581222,0.25,User_3919,
5413,20,2,0.0266666666666666,0.0394628749777947,0.0072400951552821,0.313000450296361,0.5,User_5413,incoming
5635,23,2,0.0266666666666666,0.0686097418112762,0.0052340638288903,0.3437018186432331,0.5,User_5635,outandin
2934,31,2,0.0266666666666666,0.0635673101467785,0.0178972658054953,0.346677223949321,0.5,User_2934,
3988,167,2,0.0266666666666666,0.2904553359517768,0.1958899897911661,0.4237049626442276,0.5,User_3988,
690,1,3,0.0364389233954451,0.0014255148723165,0.0,0.251365856604574,0.75,User_690,outandin
2429,1,3,0.0364389233954451,0.0018170290900124,0.0,0.2486898538728007,0.5,User_2429,outgoing
3327,1,3,0.0364389233954451,0.0005373127628427,0.0,0.2415746322694079,0.5,User_3327,
4811,1,3,0.0364389233954451,0.0014445543501353,0.0,0.2260306428684252,0.5,User_4811,outandin
5491,1,3,0.0364389233954451,0.0033025719586846,0.0,0.2502438879534199,0.5,User_5491,outandin
5498,1,3,0.0364389233954451,1.5737600125988656e-05,0.0,0.1889734416107732,0.5,User_5498,outandin
5547,1,3,0.0364389233954451,0.0025880089297371,0.0,0.2492204865624297,0.5,User_5547,outandin
5575,1,3,0.0364389233954451,0.0007222771750676,0.0,0.2260306428684252,0.5,User_5575,outandin
5603,1,3,0.0364389233954451,0.0016512859793423,0.0,0.2502438879534199,0.5,User_5603,outandin
5615,1,3,0.0364389233954451,0.0033025719586846,0.0,0.2502438879534199,0.5,User_5615,outandin
5641,1,3,0.0364389233954451,0.0007074455957067,0.0,0.2374010867932088,0.5,User_5641,outandin
5642,1,3,0.0364389233954451,0.0071606070349279,0.0,0.2639578185361779,0.5,User_5642,outandin
5664,1,3,0.0364389233954451,0.0014445543501353,0.0,0.2260306428684252,0.5,User_5664,outandin
5679,1,3,0.0364389233954451,0.0003485021363484,0.0,0.229059652954258,0.5,User_5679,outandin
5685,1,3,0.0364389233954451,0.0071606070349279,0.0,0.2639578185361779,0.5,User_5685,outandin
5693,1,3,0.0364389233954451,0.0005373127628427,0.0,0.2415746322694079,0.5,User_5693,outandin
5694,1,3,0.0364389233954451,0.0071606070349279,0.0,0.2639578185361779,0.5,User_5694,outandin
5699,1,3,0.0364389233954451,0.0071606070349279,0.0,0.2639578185361779,0.5,User_5699,outandin
5714,1,3,0.0364389233954451,0.0071606070349279,0.0,0.2639578185361779,0.5,User_5714,outandin
5724,1,3,0.0364389233954451,0.0071606070349279,0.0,0.2639578185361779,0.5,User_5724,outandin
5725,1,3,0.0364389233954451,0.0071606070349279,0.0,0.2639578185361779,0.5,User_5725,outandin
5767,1,3,0.0364389233954451,0.0071606070349279,0.0,0.2639578185361779,0.5,User_5767,outandin
5798,1,3,0.0364389233954451,0.0006970042726968,0.0,0.229059652954258,0.5,User_5798,outandin
5805,1,3,0.0364389233954451,0.0005194719110507,0.0,0.224978493808524,0.5,User_5805,outandin
104,2,3,0.0364389233954451,0.0055844121584348,3.676363891266426e-05,0.2664669232751149,0.25,User_104,
4724,2,3,0.0364389233954451,0.0016424096102519,9.552604649291152e-05,0.2588395228858919,0.5,User_4724,outgoing
5358,2,3,0.0364389233954451,0.0151934341219528,0.0,0.2940247569597451,0.5,User_5358,outandin
5555,2,3,0.0364389233954451,0.0046953568659282,0.0,0.2651562649313478,0.5,User_5555,outandin
5565,2,3,0.0364389233954451,0.0123366248944023,0.0,0.267432935780787,0.5,User_5565,incoming
5582,2,3,0.0364389233954451,0.0086051613850633,1.2274799124525113e-05,0.265608492785125,0.5,User_5582,outandin
5633,2,3,0.0364389233954451,0.0081150613740681,0.0,0.2963247392023477,0.5,User_5633,outandin
5638,2,3,0.0364389233954451,0.0079139924247687,0.0001364062306683,0.2959493277928853,0.5,User_5638,outandin
5658,2,3,0.0364389233954451,0.0007687879780224,5.313180751283758e-06,0.2295473331849172,0.5,User_5658,outandin
5674,2,3,0.0364389233954451,0.005256583486931,3.7504805303179475e-07,0.2519079828229879,0.5,User_5674,outandin
5680,2,3,0.0364389233954451,0.0195891115175982,0.0,0.2985337628172747,0.5,User_5680,outandin
5709,2,3,0.0364389233954451,0.0050053275422467,0.0020073691532496,0.2897696953539601,0.5,User_5709,outandin
5791,2,3,0.0364389233954451,0.0073674150796525,9.172853895700944e-06,0.2729003147249035,0.5,User_5791,outandin
5800,2,3,0.0364389233954451,0.0049573760070188,0.0,0.2611058152807572,0.5,User_5800,outandin
4,3,3,0.0364389233954451,0.0006343033608594,0.0013501729909144,0.2341099075375154,0.25,User_4,outgoing
1899,3,3,0.0364389233954451,0.004851794490818,1.0438674321712274e-05,0.2661127807911723,0.5,User_1899,
3001,3,3,0.0364389233954451,0.0317035811878202,0.0,0.3058293729930405,0.5,User_3001,outgoing
3609,3,3,0.0364389233954451,0.0016226048669202,0.0008285419789317,0.2646056289271483,0.5,User_3609,
5014,3,3,0.0364389233954451,0.0049659734829705,3.9201683318585795e-06,0.2615931348314865,0.5,User_5014,outandin
5352,3,3,0.0364389233954451,0.0194370434557475,3.6206034347869945e-05,0.3105730149406392,0.5,User_5352,outandin
5640,3,3,0.0364389233954451,0.0079498842774315,0.0034445770540013,0.2965128022904812,0.5,User_5640,outandin
5715,3,3,0.0364389233954451,0.0148876593579827,0.0,0.2731130195688045,0.5,User_5715,outandin
2306,4,3,0.0364389233954451,0.0095363664154668,0.0003516195991412,0.29464284558064,0.5,User_2306,
3413,4,3,0.0364389233954451,0.0149970592576884,0.0002127673188956,0.2849392186271813,0.5,User_3413,outgoing
5155,4,3,0.0364389233954451,0.0219632746056585,5.664250297835171e-05,0.3073719334269966,0.5,User_5155,outandin
5647,4,3,0.0364389233954451,0.0014466777365596,0.0020134229075793,0.2364399487899974,0.5,User_5647,outandin
1386,5,3,0.0364389233954451,0.0102321874422356,0.0006742928638024,0.3041041476300943,0.25,User_1386,outgoing
1998,5,3,0.0364389233954451,0.0092786397869737,0.0004136053086052,0.2980259443816935,0.5,User_1998,outgoing
5298,5,3,0.0364389233954451,0.0314627473965784,2.6370566228798065e-06,0.3304918689995531,0.5,User_5298,outandin
5543,5,3,0.0364389233954451,0.0123261716017824,0.0003672934280838,0.2899495276018007,0.5,User_5543,outandin
892,6,3,0.0364389233954451,0.0104684687964779,0.0014423990223473,0.2920033367556468,0.75,User_892,outandin
3581,6,3,0.0364389233954451,0.0230841407250075,6.152848686709109e-05,0.2841305526914868,0.5,User_3581,outgoing
5636,7,3,0.0364389233954451,0.0285129331370084,0.0014389056136691,0.3132802897691338,0.5,User_5636,outandin
5649,9,3,0.0364389233954451,0.014045496666405,0.004482153647767,0.2989157637933684,0.5,User_5649,incoming
1764,10,3,0.0364389233954451,0.0366167309448268,0.0028820897282869,0.3332420390934628,0.5,User_1764,
2397,10,3,0.0364389233954451,0.0291118898003278,0.0040501559046813,0.293778246997926,0.5,User_2397,outgoing
5353,11,3,0.0364389233954451,0.0313510147943821,0.0013615596558698,0.317682687313487,0.5,User_5353,incoming
5691,11,3,0.0364389233954451,0.0216550988791116,0.0040728452485417,0.3205892077829608,0.5,User_5691,incoming
3903,12,3,0.0364389233954451,0.0473892466863186,0.0011305211854808,0.3368459544405442,0.5,User_3903,
481,15,3,0.0364389233954451,0.0398365359173496,0.0022516633699462,0.3278633956554631,0.5,User_481,
3427,15,3,0.0364389233954451,0.0574535566404958,0.0056469522464304,0.33806464457962,0.5,User_3427,
5712,20,3,0.0364389233954451,0.0333475384153301,0.010486344365948,0.3277100809976864,0.5,User_5712,incoming
3429,27,3,0.0364389233954451,0.0939952836529748,0.0160886076084026,0.3590204960110412,0.5,User_3429,
5529,28,3,0.0364389233954451,0.1043094469503747,0.002574754487199,0.3341955213226287,0.5,User_5529,outandin
4925,29,3,0.0364389233954451,0.0665457495491401,0.0080962455371122,0.3360383640438995,0.5,User_4925,
5612,54,3,0.0364389233954451,0.1443024464495615,0.0236647353107735,0.361241241347192,0.5,User_5612,incoming
15,1,4,0.0256277949776401,0.0118908621632682,0.0,0.289590086038658,0.75,User_15,outandin
125,1,4,0.0256277949776401,0.0009108944043894,0.0,0.2475041526447297,0.25,User_125,outgoing
146,1,4,0.0256277949776401,0.0108475107323725,0.0,0.2803792791412492,0.75,User_146,outgoing
347,1,4,0.0256277949776401,0.0054237553661862,0.0,0.2803792791412492,0.75,User_347,outandin
574,1,4,0.0256277949776401,0.0054237553661862,0.0,0.2803792791412492,0.75,User_574,outandin
777,1,4,0.0256277949776401,0.0054237553661862,0.0,0.2803792791412492,0.75,User_777,outandin
1348,1,4,0.0256277949776401,0.0054237553661862,0.0,0.2803792791412492,0.75,User_1348,outandin
1612,1,4,0.0256277949776401,0.0054237553661862,0.0,0.2803792791412492,0.5,User_1612,outgoing
1754,1,4,0.0256277949776401,0.0054237553661862,0.0,0.2803792791412492,0.5,User_1754,outgoing
2212,1,4,0.0256277949776401,0.0014240023572963,0.0,0.254561572180731,0.5,User_2212,outgoing
2262,1,4,0.0256277949776401,0.0023468704487741,0.0,0.259366398302573,0.5,User_2262,outgoing
2590,1,4,0.0256277949776401,0.0054237553661862,0.0,0.2803792791412492,0.5,User_2590,outgoing
2688,1,4,0.0256277949776401,0.0023468704487741,0.0,0.259366398302573,0.5,User_2688,
2725,1,4,0.0256277949776401,0.0024505720717933,0.0,0.2551175858076274,0.5,User_2725,outgoing
3006,1,4,0.0256277949776401,0.0001004616046696,0.0,0.2002594679850128,0.5,User_3006,outgoing
3184,1,4,0.0256277949776401,0.0108475107323725,0.0,0.2803792791412492,0.5,User_3184,outgoing
3380,1,4,0.0256277949776401,0.0054237553661862,0.0,0.2803792791412492,0.5,User_3380,outgoing
3389,1,4,0.0256277949776401,0.0046937408975483,0.0,0.259366398302573,0.5,User_3389,outgoing
3512,1,4,0.0256277949776401,0.0054237553661862,0.0,0.2803792791412492,0.5,User_3512,outgoing
3513,1,4,0.0256277949776401,0.0054237553661862,0.0,0.2803792791412492,0.5,User_3513,outgoing
3578,1,4,0.0256277949776401,8.779428525141702e-06,0.0,0.183625837341426,0.5,User_3578,outgoing
3653,1,4,0.0256277949776401,3.099850338986357e-05,0.0,0.1988389865835018,0.5,User_3653,outgoing
3660,1,4,0.0256277949776401,0.0042127979903909,0.0,0.2631648547553707,0.5,User_3660,outgoing
3815,1,4,0.0256277949776401,0.0030676741015903,0.0,0.2753666044061109,0.5,User_3815,outgoing
3851,1,4,0.0256277949776401,0.0019668188205705,0.0,0.2405381871335343,0.5,User_3851,outgoing
3909,1,4,0.0256277949776401,0.0031686794935305,0.0,0.2605718565583017,0.5,User_3909,outgoing
4052,1,4,0.0256277949776401,0.0108475107323725,0.0,0.2803792791412492,0.5,User_4052,outgoing
4254,1,4,0.0256277949776401,0.0054237553661862,0.0,0.2803792791412492,0.5,User_4254,outgoing
4330,1,4,0.0256277949776401,0.0054237553661862,0.0,0.2803792791412492,0.5,User_4330,outgoing
4331,1,4,0.0256277949776401,0.0108475107323725,0.0,0.2803792791412492,0.5,User_4331,outgoing
4370,1,4,0.0256277949776401,0.0059454310816341,0.0,0.289590086038658,0.5,User_4370,outgoing
4418,1,4,0.0256277949776401,0.0033761071008906,0.0,0.2586007410382112,0.5,User_4418,outgoing
4717,1,4,0.0256277949776401,0.0061875570136989,0.0,0.2571300708910484,0.5,User_4717,outgoing
4934,1,4,0.0256277949776401,0.0054237553661862,0.0,0.2803792791412492,0.5,User_4934,outgoing
4943,1,4,0.0256277949776401,0.0067522142017813,0.0,0.2586007410382112,0.5,User_4943,outgoing
4955,1,4,0.0256277949776401,0.0002998596755874,0.0,0.2201721672050117,0.5,User_4955,outgoing
4980,1,4,0.0256277949776401,0.0006003212578996,0.0,0.2427040721085895,0.5,User_4980,outgoing
4990,1,4,0.0256277949776401,0.0061353482031806,0.0,0.2753666044061109,0.5,User_4990,outgoing
5035,1,4,0.0256277949776401,0.0108475107323725,0.0,0.2803792791412492,0.5,User_5035,outandin
5038,1,4,0.0256277949776401,0.0006618534054504,0.0,0.2202759730358486,0.5,User_5038,outandin
5047,1,4,0.0256277949776401,0.0046937408975483,0.0,0.259366398302573,0.5,User_5047,outandin
5051,1,4,0.0256277949776401,0.0031686794935305,0.0,0.2605718565583017,0.5,User_5051,outandin
5053,1,4,0.0256277949776401,0.0009108944043894,0.0,0.2475041526447297,0.5,User_5053,outandin
5061,1,4,0.0256277949776401,0.0046937408975483,0.0,0.259366398302573,0.5,User_5061,outandin
5128,1,4,0.0256277949776401,0.0065511502058726,0.0,0.261495525452818,0.5,User_5128,outandin
5162,1,4,0.0256277949776401,0.0059454310816341,0.0,0.289590086038658,0.5,User_5162,outandin
5184,1,4,0.0256277949776401,0.0001243116996226,0.0,0.1970499109274714,0.5,User_5184,outandin
5208,1,4,0.0256277949776401,0.0108475107323725,0.0,0.2803792791412492,0.5,User_5208,outandin
5272,1,4,0.0256277949776401,0.0024505720717933,0.0,0.2551175858076274,0.5,User_5272,outandin
5279,1,4,0.0256277949776401,0.0108475107323725,0.0,0.2803792791412492,0.5,User_5279,outandin
5284,1,4,0.0256277949776401,0.0025717791650949,0.0,0.2380866343514701,0.5,User_5284,outandin
5304,1,4,0.0256277949776401,0.0054237553661862,0.0,0.2803792791412492,0.5,User_5304,outandin
5321,1,4,0.0256277949776401,0.0061353482031806,0.0,0.2753666044061109,0.5,User_5321,outandin
5355,1,4,0.0256277949776401,0.0049011441435866,0.0,0.2551175858076274,0.5,User_5355,outandin
5437,1,4,0.0256277949776401,0.0049865928858656,0.0,0.2467199465634756,0.5,User_5437,outandin
5449,1,4,0.0256277949776401,0.0033761071008906,0.0,0.2586007410382112,0.25,User_5449,incoming
5451,1,4,0.0256277949776401,0.0025717791650949,0.0,0.2380866343514701,0.5,User_5451,outandin
5560,1,4,0.0256277949776401,0.0067522142017813,0.0,0.2586007410382112,0.5,User_5560,outandin
5595,1,4,0.0256277949776401,0.0059454310816341,0.0,0.289590086038658,0.5,User_5595,outandin
5599,1,4,0.0256277949776401,0.0054237553661862,0.0,0.2803792791412492,0.5,User_5599,outandin
5607,1,4,0.0256277949776401,0.0061875570136989,0.0,0.2571300708910484,0.5,User_5607,outandin
5672,1,4,0.0256277949776401,0.0017318660468491,0.0,0.244056419367422,0.5,User_5672,outandin
5682,1,4,0.0256277949776401,0.0118908621632682,0.0,0.289590086038658,0.5,User_5682,outandin
5710,1,4,0.0256277949776401,0.0002410114215087,0.0,0.2177098503303983,0.5,User_5710,outandin
5737,1,4,0.0256277949776401,0.0054237553661862,0.0,0.2803792791412492,0.5,User_5737,outandin
5742,1,4,0.0256277949776401,0.0054237553661862,0.0,0.2803792791412492,0.5,User_5742,outandin
5766,1,4,0.0256277949776401,0.0042665630142825,0.0,0.259366398302573,0.5,User_5766,outandin
5838,1,4,0.0256277949776401,0.0108475107323725,0.0,0.2803792791412492,0.5,User_5838,outandin
41,2,4,0.0256277949776401,0.0068686571654382,0.0,0.2574606936860957,0.0,User_41,
1529,2,4,0.0256277949776401,0.0044085576888494,0.0001254567635052,0.2900695398234902,0.25,User_1529,
1802,2,4,0.0256277949776401,0.0084924364116094,0.000355076598003,0.2971414069169185,0.5,User_1802,
2943,2,4,0.0256277949776401,0.0047276284462155,2.0898275865870067e-05,0.2605718565583017,0.5,User_2943,outgoing
3270,2,4,0.0256277949776401,0.0018028882489849,2.6079139549928012e-05,0.2475041526447297,0.5,User_3270,outgoing
3603,2,4,0.0256277949776401,0.0003538462856945,0.0013407967895886,0.2259577650212969,0.5,User_3603,
4163,2,4,0.0256277949776401,0.0012494140120714,0.0013407967895886,0.2494422524340816,0.5,User_4163,
4238,2,4,0.0256277949776401,0.0025052538941637,0.0013407967895886,0.2466331192023763,0.5,User_4238,outgoing
4608,2,4,0.0256277949776401,0.0101096097748793,0.0,0.2805476413985398,0.75,User_4608,outgoing
4970,2,4,0.0256277949776401,0.0013609700749218,0.0,0.2433783671517806,0.5,User_4970,outgoing
5012,2,4,0.0256277949776401,0.0020833333979252,3.8174533969307675e-06,0.2392244438346313,0.5,User_5012,outandin
5121,2,4,0.0256277949776401,0.011271543559331,0.0,0.2804353774363955,0.5,User_5121,outandin
5257,2,4,0.0256277949776401,0.0027100792606751,1.7235664201828806e-07,0.2520892115876088,0.5,User_5257,outandin
5315,2,4,0.0256277949776401,0.0087593361787938,0.0,0.2597509296566169,0.5,User_5315,outandin
5469,2,4,0.0256277949776401,0.0127182641874353,0.0,0.2932864650401977,0.5,User_5469,outandin
469,3,4,0.0256277949776401,0.0040491795711687,0.0013411405836372,0.2516818129694927,0.25,User_469,outgoing
644,3,4,0.0256277949776401,0.0172531020696239,0.0,0.2821856284330793,0.75,User_644,outandin
1535,3,4,0.0256277949776401,0.0141188897307463,0.0001088498444964,0.3088620573880795,0.75,User_1535,outgoing
3641,3,4,0.0256277949776401,0.012085760880422,0.0013407967895886,0.2839578639439029,0.5,User_3641,outgoing
4945,3,4,0.0256277949776401,0.0157159297685044,5.357829329025639e-07,0.2937166840794436,0.5,User_4945,outgoing
5138,3,4,0.0256277949776401,0.0094413184537858,1.8550398946963345e-05,0.2830975593672197,0.5,User_5138,incoming
5143,3,4,0.0256277949776401,0.008544582731836,0.0006049132690107,0.2972674478106267,0.5,User_5143,outandin
5234,3,4,0.0256277949776401,0.0091508585216403,3.4710301131791294e-05,0.2762893783613453,0.5,User_5234,outandin
5297,3,4,0.0256277949776401,0.0160514582127696,0.0001122546535607,0.2960118302908352,0.5,User_5297,outandin
5604,3,4,0.0256277949776401,0.003245907029399,7.251352290618243e-05,0.2632637145805981,0.5,User_5604,outandin
5825,3,4,0.0256277949776401,0.0023350790727489,5.765762868815465e-05,0.2489991146610596,0.5,User_5825,incoming
1508,4,4,0.0256277949776401,0.0058084618864599,0.0007397573089733,0.2578870315413256,0.25,User_1508,outgoing
1585,4,4,0.0256277949776401,0.0110022408180027,0.0002040785074018,0.2902497445489966,0.5,User_1585,outgoing
4360,4,4,0.0256277949776401,0.0137258430218869,7.486494582111996e-05,0.2820720499953923,0.5,User_4360,outgoing
4851,4,4,0.0256277949776401,0.0269712806872811,0.0,0.3002605005199453,0.5,User_4851,outgoing
5396,4,4,0.0256277949776401,0.0128321153620534,0.0007977057374065,0.2982161737078946,0.5,User_5396,outandin
5398,4,4,0.0256277949776401,0.0262302051944781,5.6257207954769206e-06,0.3021375331810961,0.5,User_5398,outandin
5411,4,4,0.0256277949776401,0.0137106473579709,0.0009037519382185,0.294766775273839,0.5,User_5411,incoming
5442,4,4,0.0256277949776401,0.0142525091898849,0.0027082415297099,0.29353215003709,0.5,User_5442,outandin
5765,4,4,0.0256277949776401,0.0065072846727583,0.0004044896325282,0.2742351822396996,0.5,User_5765,incoming
3,5,4,0.0256277949776401,0.0085443013199419,0.0010831378069061,0.2948908092630138,0.5,User_3,
1746,5,4,0.0256277949776401,0.004856836634554,0.0017306730014106,0.2798754026411951,0.5,User_1746,outgoing
4708,5,4,0.0256277949776401,0.025580651441583,0.0008760858735006,0.3184767135712576,0.5,User_4708,outgoing
5397,5,4,0.0256277949776401,0.0139314133639902,5.5019984395101034e-05,0.2742351822396996,0.5,User_5397,outandin
33,6,4,0.0256277949776401,0.0144831045474803,0.0003356683029338,0.3039063348714451,0.5,User_33,
4119,6,4,0.0256277949776401,0.0133376222461315,0.0013572619803389,0.2841305526914868,0.5,User_4119,outgoing
4131,6,4,0.0256277949776401,0.031890210982224,0.000317289608152,0.3151115144845109,0.5,User_4131,outgoing
4251,6,4,0.0256277949776401,0.0140007314239011,0.0020929402622722,0.3048316695143768,0.5,User_4251,outgoing
5103,6,4,0.0256277949776401,0.025501796905562,0.000644314541334,0.3120249368715727,0.5,User_5103,outandin
5569,6,4,0.0256277949776401,0.0157925881627307,0.0002239072385879,0.2994906018006634,0.25,User_5569,incoming
5576,6,4,0.0256277949776401,0.0122288565144363,0.0008599068642631,0.2982796374605458,0.5,User_5576,outandin
3699,7,4,0.0256277949776401,0.028395689767482,0.0016315731956833,0.2996186439562002,0.5,User_3699,
5212,7,4,0.0256277949776401,0.0271027319707808,0.0005671640195733,0.3157503979335672,0.5,User_5212,outandin
5524,7,4,0.0256277949776401,0.0304310064041134,7.93448906868126e-05,0.3163918772973149,0.5,User_5524,incoming
51,8,4,0.0256277949776401,0.0271987194095867,0.0002846678080915,0.3033800901357369,0.5,User_51,
1316,8,4,0.0256277949776401,0.0358310531167083,0.0038012606247006,0.3308038745402654,0.0,User_1316,
3229,8,4,0.0256277949776401,0.0344429130057967,0.0007832871024235,0.3054295089185236,0.5,User_3229,outgoing
4983,8,4,0.0256277949776401,0.0241960616695482,0.0058541136824479,0.3225813616633152,0.5,User_4983,outgoing
5231,8,4,0.0256277949776401,0.0412573268474586,0.0021611501066295,0.3411918248361988,0.5,User_5231,incoming
96,9,4,0.0256277949776401,0.0235848587518896,0.0002914330671486,0.3016173910968592,0.0,User_96,
3107,9,4,0.0256277949776401,0.0290587489167044,5.5434243865062616e-05,0.2950149476798789,0.5,User_3107,outgoing
2303,10,4,0.0256277949776401,0.0274148192499128,0.0019124446115924,0.3143341593243114,0.5,User_2303,
4709,10,4,0.0256277949776401,0.0396357627273063,0.0013854811002107,0.3187664353939287,0.5,User_4709,
5591,10,4,0.0256277949776401,0.0349015524181259,0.0037493135434351,0.3249747313765603,0.5,User_5591,incoming
1396,11,4,0.0256277949776401,0.0367103445013771,0.0048307107142113,0.3311164697441778,0.0,User_1396,
2498,12,4,0.0256277949776401,0.0259589914174743,0.0082704841384535,0.3265647754955976,0.5,User_2498,
3837,12,4,0.0256277949776401,0.0406682741722779,0.0071143774035071,0.3212505194653002,0.25,User_3837,
3630,13,4,0.0256277949776401,0.0787386334267894,2.0131999601924608e-05,0.3308819679950672,0.5,User_3630,
550,14,4,0.0256277949776401,0.0747864568549166,0.0006441894685221,0.3462490159157867,0.25,User_550,outgoing
2063,14,4,0.0256277949776401,0.0590009807846549,0.0018971199842249,0.3252009318856392,0.25,User_2063,
4304,15,4,0.0256277949776401,0.0496066038028438,0.0039912621538732,0.3390459643026378,0.5,User_4304,
3714,16,4,0.0256277949776401,0.0518275607654904,0.0031598261991795,0.3144752112243896,0.25,User_3714,
1832,17,4,0.0256277949776401,0.0620148879984024,0.0078407214910217,0.3434491586442305,0.25,User_1832,
4592,17,4,0.0256277949776401,0.0503630689911843,0.0050074438179142,0.3294044691955592,0.5,User_4592,outgoing
1334,18,4,0.0256277949776401,0.0503262869831518,0.0061681857581556,0.334434745031521,0.25,User_1334,
25,20,4,0.0256277949776401,0.0313921776187548,0.0301458184639219,0.3368459544405442,0.25,User_25,
1565,23,4,0.0256277949776401,0.0573937330552655,0.01241935321541,0.3438704652667087,0.25,User_1565,
2835,23,4,0.0256277949776401,0.0987673223990062,0.004092238343955,0.344885830813756,0.5,User_2835,
5403,25,4,0.0256277949776401,0.1004921037597231,0.0024753009384532,0.3297144240007303,0.5,User_5403,outandin
1731,30,4,0.0256277949776401,0.1246943362878356,0.0064942148953503,0.3485739906558331,0.25,User_1731,
4365,32,4,0.0256277949776401,0.1320188402790675,0.0058499901046123,0.35664529680079,0.5,User_4365,
361,33,4,0.0256277949776401,0.0848947244744598,0.0136822384424274,0.3597577044217414,0.0,User_361,
3804,33,4,0.0256277949776401,0.085980468984196,0.0113248984132567,0.3526965315619287,0.25,User_3804,
4515,34,4,0.0256277949776401,0.1578157176017488,0.0063739543487363,0.3812883613784289,0.5,User_4515,
2642,39,4,0.0256277949776401,0.0945870887556349,0.0168158922906973,0.3526965315619287,0.5,User_2642,outgoing
3897,50,4,0.0256277949776401,0.1360750564627961,0.0104284515387689,0.3512822096308533,0.5,User_3897,
3452,57,4,0.0256277949776401,0.1277120335884445,0.0193007667214373,0.3549293533621435,0.5,User_3452,
905,59,4,0.0256277949776401,0.1236420240052477,0.0467615023951065,0.3829551957451106,0.0,User_905,
4291,94,4,0.0256277949776401,0.2396211166634328,0.0625857267119529,0.4110310898613211,0.25,User_4291,
4172,146,4,0.0256277949776401,0.2186015794707943,0.1640402577634848,0.3927195338826295,0.5,User_4172,
801,1,5,0.0700757575757575,0.0002469645630677,0.0,0.2168677110362223,0.75,User_801,outandin
1034,1,5,0.0700757575757575,0.0002469645630677,0.0,0.2168677110362223,0.25,User_1034,outgoing
2144,1,5,0.0700757575757575,0.0002469645630677,0.0,0.2168677110362223,0.5,User_2144,outgoing
3915,1,5,0.0700757575757575,5.1728171349437945e-05,0.0,0.1948583367756297,0.5,User_3915,outgoing
4222,1,5,0.0700757575757575,0.0001234822815338,0.0,0.2168677110362223,0.5,User_4222,outgoing
4918,1,5,0.0700757575757575,0.0020836586478153,0.0,0.243125067897156,0.5,User_4918,outgoing
5050,1,5,0.0700757575757575,0.0008588978755388,0.0,0.2311372058751822,0.5,User_5050,outandin
5055,1,5,0.0700757575757575,6.143731540424079e-06,0.0,0.1776221032096191,0.5,User_5055,outandin
5126,1,5,0.0700757575757575,5.444747917298355e-05,0.0,0.207217033771009,0.5,User_5126,outandin
5127,1,5,0.0700757575757575,5.444747917298355e-05,0.0,0.207217033771009,0.5,User_5127,outandin
5282,1,5,0.0700757575757575,0.0002469645630677,0.0,0.2168677110362223,0.5,User_5282,outandin
5292,1,5,0.0700757575757575,0.0002469645630677,0.0,0.2168677110362223,0.5,User_5292,outandin
5424,1,5,0.0700757575757575,0.000173634047709,0.0,0.2394696764782342,0.5,User_5424,outandin
5701,1,5,0.0700757575757575,0.0002469645630677,0.0,0.2168677110362223,0.5,User_5701,outandin
5748,1,5,0.0700757575757575,0.0001736383112164,0.0,0.2226554434356004,0.5,User_5748,outandin
3445,2,5,0.0700757575757575,0.001471278261677,4.793998971377951e-05,0.2432938754429968,0.5,User_3445,outgoing
4308,2,5,0.0700757575757575,0.0002872977095762,0.0,0.2184904156550436,0.5,User_4308,outgoing
4618,2,5,0.0700757575757575,0.0009110736827302,0.0,0.2464163179372547,0.5,User_4618,outgoing
4787,2,5,0.0700757575757575,0.0001237872200144,0.0013407967895886,0.2169348423505811,0.5,User_4787,outgoing
5074,2,5,0.0700757575757575,0.0012887938869753,0.0,0.2463297041172416,0.5,User_5074,outandin
5221,2,5,0.0700757575757575,0.0003378542896971,1.2157807719114013e-05,0.2252315629804121,0.5,User_5221,outandin
5260,2,5,0.0700757575757575,0.0009453721153056,1.062142888263676e-05,0.2475915944933942,0.5,User_5260,outandin
5283,2,5,0.0700757575757575,0.0020849420086385,0.0013407967895886,0.2432094423784669,0.5,User_5283,outandin
93,3,5,0.0700757575757575,0.000467549418613,4.074588615107869e-06,0.2441414416350992,0.25,User_93,outgoing
5346,3,5,0.0700757575757575,0.0086719040003532,0.0035725579594511,0.3206625523740802,0.5,User_5346,outandin
4780,4,5,0.0700757575757575,0.0016247477161392,0.0012211307936496,0.2597028008944052,0.5,User_4780,outgoing
1885,5,5,0.0700757575757575,0.0173089447650596,0.0017005509536389,0.3024635339721849,0.5,User_1885,
2230,5,5,0.0700757575757575,0.0133830733699878,0.0043205033221199,0.313000450296361,0.5,User_2230,outgoing
3864,5,5,0.0700757575757575,0.0069950745508645,0.0015237500507436,0.2881019561001243,0.5,User_3864,
5125,5,5,0.0700757575757575,0.0021940381177728,0.0030271958370118,0.2627701568104808,0.5,User_5125,incoming
1318,8,5,0.0700757575757575,0.0069968659154531,0.0080370866242971,0.3168926105419635,0.25,User_1318,outgoing
3725,13,5,0.0700757575757575,0.0419906869304518,0.0065579748675504,0.3233254939854913,0.5,User_3725,outgoing
4315,24,5,0.0700757575757575,0.0049762955716592,0.0151771235539002,0.2784852009590909,0.5,User_4315,
448,1,6,0.0557491289198606,0.0001182775467043,0.0,0.202838786747772,0.75,User_448,outgoing
1628,1,6,0.0557491289198606,0.0001388690254595,0.0,0.2175071409725488,1.0,User_1628,outandin
1743,1,6,0.0557491289198606,0.0001182775467043,0.0,0.202838786747772,0.5,User_1743,outgoing
1964,1,6,0.0557491289198606,0.0017299464860977,0.0,0.2618374773822352,1.0,User_1964,outandin
2124,1,6,0.0557491289198606,0.0045587391685584,0.0,0.2533193595566789,0.75,User_2124,outgoing
2136,1,6,0.0557491289198606,0.0045587391685584,0.0,0.2533193595566789,1.0,User_2136,outandin
3366,1,6,0.0557491289198606,0.0017299464860977,0.0,0.2618374773822352,0.5,User_3366,outgoing
3600,1,6,0.0557491289198606,0.0017299464860977,0.0,0.2618374773822352,0.5,User_3600,outgoing
5001,1,6,0.0557491289198606,0.0034598929721954,0.0,0.2618374773822352,0.5,User_5001,outandin
5062,1,6,0.0557491289198606,0.0017299464860977,0.0,0.2618374773822352,0.5,User_5062,outandin
5179,1,6,0.0557491289198606,0.0001182775467043,0.0,0.202838786747772,0.5,User_5179,outandin
5456,1,6,0.0557491289198606,4.294920333788272e-05,0.0,0.2066975396589153,0.5,User_5456,outandin
5563,1,6,0.0557491289198606,0.0034598929721954,0.0,0.2618374773822352,0.5,User_5563,outandin
5772,1,6,0.0557491289198606,7.839806467776738e-05,0.0,0.2143143756004747,0.5,User_5772,outandin
5782,1,6,0.0557491289198606,7.839806467776738e-05,0.0,0.2143143756004747,0.5,User_5782,outandin
5790,1,6,0.0557491289198606,7.839806467776738e-05,0.0,0.2143143756004747,0.5,User_5790,outandin
2901,2,6,0.0557491289198606,0.0067948867334818,0.0005125570365934,0.2828119484316192,0.5,User_2901,outgoing
4213,2,6,0.0557491289198606,0.0062100251479007,3.4111513394796572e-06,0.2652064364100482,0.5,User_4213,outgoing
5063,2,6,0.0557491289198606,0.0002825684494733,3.5581654507208654e-05,0.2328265808018446,0.5,User_5063,outandin
5096,2,6,0.0557491289198606,0.0036541782479688,0.0,0.2622293763193835,0.5,User_5096,outandin
5132,2,6,0.0557491289198606,0.0065190626567434,2.3435429612471053e-06,0.2760716991189885,0.5,User_5132,outandin
5150,2,6,0.0557491289198606,0.0031549705108805,0.000414954507252,0.2860440849851234,0.5,User_5150,outandin
5219,2,6,0.0557491289198606,0.0047426082334711,0.0,0.2627701568104808,0.5,User_5219,outandin
5417,2,6,0.0557491289198606,0.0017310121166638,0.0013407967895886,0.2619353422588497,0.5,User_5417,outandin
4986,3,6,0.0557491289198606,0.0084023467980687,0.0006220730118111,0.29353215003709,0.5,User_4986,outgoing
5039,3,6,0.0557491289198606,0.0005926723917648,1.640835232014102e-06,0.2443116640103023,0.5,User_5039,incoming
5149,3,6,0.0557491289198606,0.006323650004411,0.0005419674962782,0.2932864650401977,0.5,User_5149,outandin
5216,3,6,0.0557491289198606,0.0033288500847271,0.000414954507252,0.2861024732449693,0.5,User_5216,outandin
5305,3,6,0.0557491289198606,0.006323650004411,0.0005419674962782,0.2932864650401977,0.5,User_5305,outandin
710,4,6,0.0557491289198606,0.0140794610301299,1.9505103258021607e-05,0.2755831727147276,0.25,User_710,outgoing
1403,4,6,0.0557491289198606,0.0153143373305346,3.6757448996204594e-06,0.2815620764216763,0.25,User_1403,
5037,4,6,0.0557491289198606,0.0093857703300513,4.435733303726854e-05,0.2923078240723888,0.5,User_5037,outandin
5046,4,6,0.0557491289198606,0.0077327635682595,1.8248855289304223e-05,0.2746651021805026,0.5,User_5046,outandin
5215,4,6,0.0557491289198606,0.0035040268079556,0.000414954507252,0.2863362648472124,0.5,User_5215,outandin
1052,5,6,0.0557491289198606,0.0047671593474496,0.0040298511038859,0.2557693460633403,0.0,User_1052,
1967,5,6,0.0557491289198606,0.0031597841978985,0.0041830088034912,0.2742888486158717,0.5,User_1967,outgoing
2266,5,6,0.0557491289198606,0.0055969964366769,0.0023048440017967,0.2795404899136627,0.5,User_2266,outgoing
5086,5,6,0.0557491289198606,0.0039153426343069,0.0013765399636534,0.2810539435386214,0.5,User_5086,outandin
5213,5,6,0.0557491289198606,0.0129011604027271,0.0001990981930174,0.2991709746909508,0.5,User_5213,outandin
5195,7,6,0.0557491289198606,0.0074108448031405,0.0017260859135586,0.3026594723444407,0.5,User_5195,outandin
4694,31,6,0.0557491289198606,0.0918677676219434,0.0077778666995848,0.341607608195736,0.5,User_4694,outgoing
1810,66,6,0.0557491289198606,0.0697230526048255,0.0600566807853473,0.357281676377034,0.25,User_1810,
160,1,7,0.0246219222597175,0.0036067261368001,0.0,0.2409102812696983,0.75,User_160,outgoing
284,1,7,0.0246219222597175,0.0002935660406714,0.0,0.2263226249680453,0.75,User_284,outandin
313,1,7,0.0246219222597175,0.0075727682862099,0.0,0.2610085691670586,0.75,User_313,outandin
346,1,7,0.0246219222597175,0.004323252066024,0.0,0.2533651511979582,0.75,User_346,outgoing
416,1,7,0.0246219222597175,0.0060648945944628,0.0,0.2615931348314865,0.75,User_416,outandin
1267,1,7,0.0246219222597175,0.0007128357943263,0.0,0.2197923814375262,0.25,User_1267,outgoing
1930,1,7,0.0246219222597175,0.0003610576294904,0.0,0.2298107913472872,1.0,User_1930,outandin
2085,1,7,0.0246219222597175,0.0015938457248256,0.0,0.2401260949849417,0.5,User_2085,outgoing
2867,1,7,0.0246219222597175,5.3663590148719075e-05,0.0,0.2013816115556185,0.5,User_2867,outgoing
2870,1,7,0.0246219222597175,5.5682850479703515e-05,0.0,0.2005747018355902,1.0,User_2870,outandin
3583,1,7,0.0246219222597175,0.0036067261368001,0.0,0.2409102812696983,0.5,User_3583,
3971,1,7,0.0246219222597175,0.0003936902683944,0.0,0.2221261515732337,0.5,User_3971,outgoing
4038,1,7,0.0246219222597175,0.001208017153875,0.0,0.2505570283208982,0.5,User_4038,outgoing
4065,1,7,0.0246219222597175,0.0011635980261787,0.0,0.2395105974755818,0.5,User_4065,outgoing
4295,1,7,0.0246219222597175,0.0024160343077501,0.0,0.2505570283208982,0.5,User_4295,outgoing
4362,1,7,0.0246219222597175,0.0036067261368001,0.0,0.2409102812696983,0.5,User_4362,outgoing
4398,1,7,0.0246219222597175,0.0002882066489047,0.0,0.2002022591668482,0.5,User_4398,outgoing
4461,1,7,0.0246219222597175,0.0018033630684,0.0,0.2409102812696983,0.5,User_4461,outgoing
4536,1,7,0.0246219222597175,0.0001717081122249,0.0,0.2163655474571017,0.5,User_4536,outgoing
4598,1,7,0.0246219222597175,0.0030324472972314,0.0,0.2615931348314865,0.5,User_4598,outgoing
4916,1,7,0.0246219222597175,0.0006101590702959,0.0,0.2337585084101242,0.5,User_4916,
5008,1,7,0.0246219222597175,0.0024160343077501,0.0,0.2505570283208982,0.5,User_5008,outandin
5040,1,7,0.0246219222597175,0.001208017153875,0.0,0.2505570283208982,0.5,User_5040,outandin
5060,1,7,0.0246219222597175,0.0007023301728358,0.0,0.2304531431152753,0.5,User_5060,outandin
5105,1,7,0.0246219222597175,0.0004539994598612,0.0,0.2159322163652911,0.5,User_5105,outandin
5183,1,7,0.0246219222597175,0.0009483275032205,0.0,0.2345015921745198,0.5,User_5183,outandin
5187,1,7,0.0246219222597175,0.0024160343077501,0.0,0.2505570283208982,0.5,User_5187,outandin
5241,1,7,0.0246219222597175,0.004323252066024,0.0,0.2533651511979582,0.5,User_5241,outandin
5244,1,7,0.0246219222597175,0.0022619724629344,0.0,0.2382890201338158,0.5,User_5244,outandin
5246,1,7,0.0246219222597175,0.0002882066489047,0.0,0.2002022591668482,0.5,User_5246,outandin
5253,1,7,0.0246219222597175,0.0036067261368001,0.0,0.2409102812696983,0.5,User_5253,outandin
5254,1,7,0.0246219222597175,0.0018033630684,0.0,0.2409102812696983,0.5,User_5254,outandin
5307,1,7,0.0246219222597175,0.0036067261368001,0.0,0.2409102812696983,0.5,User_5307,outandin
5308,1,7,0.0246219222597175,0.0036067261368001,0.0,0.2409102812696983,0.5,User_5308,outandin
5548,1,7,0.0246219222597175,0.0005224962890057,0.0,0.232479020803965,0.5,User_5548,outandin
5611,1,7,0.0246219222597175,0.0001467830203357,0.0,0.2263226249680453,0.5,User_5611,incoming
5660,1,7,0.0246219222597175,0.002161626033012,0.0,0.2533651511979582,0.5,User_5660,outandin
5678,1,7,0.0246219222597175,0.0037321501905729,0.0,0.247067868222652,0.5,User_5678,outandin
5740,1,7,0.0246219222597175,0.004323252066024,0.0,0.2533651511979582,0.5,User_5740,outandin
5773,1,7,0.0246219222597175,0.002161626033012,0.0,0.2533651511979582,0.5,User_5773,outandin
5797,1,7,0.0246219222597175,0.0030324472972314,0.0,0.2615931348314865,0.5,User_5797,outandin
5810,1,7,0.0246219222597175,0.0030324472972314,0.0,0.2615931348314865,0.5,User_5810,outandin
5813,1,7,0.0246219222597175,0.0060648945944628,0.0,0.2615931348314865,0.5,User_5813,outandin
415,2,7,0.0246219222597175,0.0146635392326558,5.472660409374269e-05,0.2966383103549428,0.25,User_415,outgoing
882,2,7,0.0246219222597175,0.0071283274259017,8.021861134291166e-07,0.2628687202601472,0.25,User_882,outgoing
1412,2,7,0.0246219222597175,0.0126761500328491,0.0,0.2733793673546137,0.25,User_1412,outgoing
2044,2,7,0.0246219222597175,0.0036798837876124,0.0001039900467144,0.2684059778680783,0.5,User_2044,outgoing
2123,2,7,0.0246219222597175,0.0002742550726447,0.0,0.2250868823554046,1.0,User_2123,outandin
2310,2,7,0.0246219222597175,0.006659861320709,0.0,0.2547003482513365,0.5,User_2310,outgoing
3272,2,7,0.0246219222597175,0.0021791486682341,3.735228404544822e-05,0.2467199465634756,0.5,User_3272,outgoing
3781,2,7,0.0246219222597175,0.0147793151152718,0.0,0.3092027391191495,0.5,User_3781,
3831,2,7,0.0246219222597175,0.0027614062250492,1.4252278829474151e-05,0.275800081941579,0.5,User_3831,outgoing
3916,2,7,0.0246219222597175,0.0102471718528649,0.0,0.281731862598413,0.5,User_3916,
4434,2,7,0.0246219222597175,0.0054491474385424,0.0010948664657648,0.2807724391881219,0.5,User_4434,outgoing
4593,2,7,0.0246219222597175,0.0055451990121015,0.0,0.2708960217292432,0.5,User_4593,outgoing
5054,2,7,0.0246219222597175,0.0059782979107153,5.000640707090596e-07,0.2557693460633403,0.5,User_5054,outandin
5094,2,7,0.0246219222597175,0.0032129571701629,1.7881078892020914e-05,0.2596546899642654,0.5,User_5094,outandin
5098,2,7,0.0246219222597175,0.0027817610121967,9.79742006717338e-06,0.2478981281264776,0.5,User_5098,outandin
5123,2,7,0.0246219222597175,0.0041739912392295,5.509178894410884e-05,0.2764528632006124,0.5,User_5123,outandin
5218,2,7,0.0246219222597175,0.0012058557657269,2.3270561762005083e-05,0.2309848412042031,0.5,User_5218,outandin
5226,2,7,0.0246219222597175,0.0076857278291207,0.0,0.2837279385479969,0.5,User_5226,outandin
5263,2,7,0.0246219222597175,0.0004708796549166,1.5009951639979954e-05,0.2357638379187728,0.5,User_5263,outandin
5427,2,7,0.0246219222597175,0.0002742550726447,0.0,0.2250868823554046,0.5,User_5427,outandin
5488,2,7,0.0246219222597175,0.0035268153599011,0.0,0.2731130195688045,0.5,User_5488,outandin
5581,2,7,0.0246219222597175,0.0025813276425592,0.0001345735077467,0.2601848925983116,0.5,User_5581,outandin
5753,2,7,0.0246219222597175,0.0103881466604869,0.0,0.273967165056119,0.5,User_5753,outandin
5796,2,7,0.0246219222597175,0.0021629574094113,0.0013407967895886,0.2534567841640334,0.5,User_5796,outandin
468,3,7,0.0246219222597175,0.0080732353148661,0.000107343659322,0.2849971566545556,0.75,User_468,outgoing
2472,3,7,0.0246219222597175,0.0152037312886435,0.0,0.2894106992416074,0.5,User_2472,outgoing
4521,3,7,0.0246219222597175,0.0050472109752232,5.156910729187177e-06,0.2507811802517632,0.5,User_4521,
4551,3,7,0.0246219222597175,0.0010234159978153,3.6165347970923058e-06,0.2471550020150069,0.5,User_4551,outgoing
4693,3,7,0.0246219222597175,0.0047072661867202,1.52544441804215e-05,0.2623766410383947,0.5,User_4693,outgoing
5030,3,7,0.0246219222597175,0.0045870572526049,9.376201325794868e-07,0.2605718565583017,0.5,User_5030,outandin
5044,3,7,0.0246219222597175,0.0028171545616627,0.000166245471824,0.2715783794665965,0.5,User_5044,outandin
5141,3,7,0.0246219222597175,0.0089795992737874,0.0005766104199996,0.2870987333935077,0.5,User_5141,outandin
5465,3,7,0.0246219222597175,0.0183091159807684,2.2061650178340866e-07,0.2988520290889349,0.5,User_5465,outandin
5522,3,7,0.0246219222597175,0.0011220495159314,0.0013509912815969,0.2521799237904111,0.5,User_5522,outandin
5574,3,7,0.0246219222597175,0.0068587821440927,3.4691944905441012e-06,0.2712105294944087,0.5,User_5574,outandin
540,4,7,0.0246219222597175,0.0339167630102705,0.0,0.3123030339632586,0.25,User_540,outgoing
3824,4,7,0.0246219222597175,0.0091491951784072,0.0013407967895886,0.2769444806218346,0.5,User_3824,outgoing
4189,4,7,0.0246219222597175,0.0186309483262845,0.0,0.2849392186271813,0.5,User_4189,outgoing
5007,4,7,0.0246219222597175,0.0144273172806911,8.136336175085348e-05,0.2881611875878093,0.5,User_5007,outandin
5192,4,7,0.0246219222597175,0.0102598697170093,0.0008468327568382,0.3127211103139457,0.5,User_5192,outandin
5242,4,7,0.0246219222597175,0.005808203422176,0.0026806559590447,0.2515914587016881,0.5,User_5242,outandin
547,5,7,0.0246219222597175,0.0116318021420645,4.5815503676945415e-05,0.2834983851996571,0.75,User_547,outgoing
1939,5,7,0.0246219222597175,0.0052523116165385,0.0026797183389121,0.2921250555287838,0.5,User_1939,outgoing
3904,5,7,0.0246219222597175,0.0218126404167036,6.37154504638046e-05,0.2891718622709108,0.5,User_3904,outgoing
5059,5,7,0.0246219222597175,0.0141538240192724,0.0025123270860959,0.3012932107538918,0.5,User_5059,outandin
113,6,7,0.0246219222597175,0.0158679893683728,0.0013583765452267,0.287216396808833,0.75,User_113,outgoing
1639,6,7,0.0246219222597175,0.0262311742141579,0.0003960523291785,0.2962621045079486,0.25,User_1639,
3278,6,7,0.0246219222597175,0.0246581442859221,8.321378676642946e-07,0.2915781186659257,0.5,User_3278,outgoing
5294,6,7,0.0246219222597175,0.0266204497143368,1.5566601942650496e-06,0.2967011042394379,0.5,User_5294,outandin
5443,6,7,0.0246219222597175,0.0173296529531031,5.6425239186271554e-05,0.2843034516079319,0.5,User_5443,incoming
625,7,7,0.0246219222597175,0.0143655178469743,0.0020515244305738,0.2833264638017192,0.75,User_625,outgoing
1919,7,7,0.0246219222597175,0.0333531997515787,0.0002184477778191,0.3064311360793845,0.5,User_1919,outgoing
2131,7,7,0.0246219222597175,0.0222956005509461,1.2312512409286133e-05,0.2936551469572815,0.5,User_2131,outgoing
3910,7,7,0.0246219222597175,0.046067674586157,0.0,0.3222846669181662,0.5,User_3910,outgoing
5139,7,7,0.0246219222597175,0.0302266337869422,0.0001147671322597,0.3033800901357369,0.5,User_5139,outandin
5186,7,7,0.0246219222597175,0.006920772271213,0.001399636141077,0.2776576894665421,0.5,User_5186,outandin
5827,7,7,0.0246219222597175,0.0266015182648904,1.14170401037748e-05,0.2894106992416074,0.5,User_5827,incoming
5175,8,7,0.0246219222597175,0.0403621223459505,0.0011519075321083,0.3266408800808913,0.5,User_5175,outandin
5217,8,7,0.0246219222597175,0.0167078943019021,0.0028032616380827,0.3222846669181662,0.5,User_5217,outandin
5259,8,7,0.0246219222597175,0.0422211473322616,0.0001302024887769,0.3170359684295645,0.5,User_5259,outandin
5473,8,7,0.0246219222597175,0.0200613281511035,0.0024024543303265,0.3205158967361319,0.5,User_5473,outandin
1850,9,7,0.0246219222597175,0.0145525624614886,0.0046017767227823,0.3001961911388102,0.5,User_1850,
2658,9,7,0.0246219222597175,0.00591523397806,0.0029289244782059,0.2942716809630705,0.5,User_2658,
3598,9,7,0.0246219222597175,0.0468989606062445,0.0023981072226765,0.3169642732761431,0.5,User_3598,
4570,9,7,0.0246219222597175,0.0210592661556525,0.0040296093393241,0.3047653873509686,0.5,User_4570,
5457,9,7,0.0246219222597175,0.0245920336658382,0.001702810186873,0.3069680281268298,0.5,User_5457,incoming
3099,11,7,0.0246219222597175,0.0150820071137148,0.0041325951028431,0.2979625885261702,0.5,User_3099,outgoing
4320,11,7,0.0246219222597175,0.0294907472639931,0.000216210589521,0.2971414069169185,0.5,User_4320,
4884,11,7,0.0246219222597175,0.0321189728136223,0.0022715024912584,0.3180431169564567,0.5,User_4884,outgoing
3820,13,7,0.0246219222597175,0.0531536627095505,0.0024224596748966,0.3302582508075176,0.5,User_3820,
4553,14,7,0.0246219222597175,0.0587683569036196,0.0067119882573343,0.3366841259733617,0.5,User_4553,
4840,14,7,0.0246219222597175,0.0455840162949979,0.0019097496488657,0.314828395423878,0.5,User_4840,outgoing
5255,14,7,0.0246219222597175,0.0538954430001808,0.0109396462630041,0.3318219735859623,0.5,User_5255,outandin
4499,17,7,0.0246219222597175,0.0752121162203819,0.0018495705623652,0.3303360868317475,0.25,User_4499,
57,19,7,0.0246219222597175,0.0746929874598858,0.0027405681366545,0.356917753100867,0.25,User_57,
4532,19,7,0.0246219222597175,0.0382213040468344,0.0068315969681714,0.3082507183697173,0.5,User_4532,
546,23,7,0.0246219222597175,0.0486881468523985,0.0127312766807771,0.3366032700353277,0.0,User_546,
4867,25,7,0.0246219222597175,0.1028442536636195,0.0026976621921451,0.341607608195736,0.5,User_4867,
5025,25,7,0.0246219222597175,0.0708887722126661,0.0064310266088122,0.3331628277696945,0.5,User_5025,outandin
280,32,7,0.0246219222597175,0.0726852240761528,0.0114136895159339,0.3194202407536701,0.75,User_280,
3649,35,7,0.0246219222597175,0.1108256934977201,0.0018264034342096,0.3470205537081219,0.5,User_3649,
5227,37,7,0.0246219222597175,0.087123929748938,0.0121796647114435,0.3416908865010006,0.25,User_5227,incoming
3451,45,7,0.0246219222597175,0.1222225901378441,0.0206533020076601,0.3568268880924401,0.25,User_3451,
4833,61,7,0.0246219222597175,0.152611175978017,0.0141247224286888,0.3557401056921586,0.5,User_4833,outgoing
2188,1,8,0.1108870967741935,0.0012178595913904,0.0,0.2482493830016126,0.5,User_2188,outgoing
4334,1,8,0.1108870967741935,0.0001202143619694,0.0,0.2141179371260471,0.5,User_4334,outgoing
4335,1,8,0.1108870967741935,0.0009527840877756,0.0,0.2287605706589039,0.5,User_4335,
4439,1,8,0.1108870967741935,0.0012178595913904,0.0,0.2482493830016126,0.5,User_4439,outgoing
4774,1,8,0.1108870967741935,0.0003674772296015,0.0,0.2161319994490524,0.5,User_4774,outgoing
5006,1,8,0.1108870967741935,0.0015602908440918,0.0,0.2621803248086616,0.5,User_5006,outandin
5015,1,8,0.1108870967741935,7.622744888816434e-05,0.0,0.2108644525992334,0.5,User_5015,incoming
5016,1,8,0.1108870967741935,7.622744888816434e-05,0.0,0.2108644525992334,0.5,User_5016,incoming
5684,1,8,0.1108870967741935,0.0012178595913904,0.0,0.2482493830016126,0.5,User_5684,outandin
5795,1,8,0.1108870967741935,0.0031205816881836,0.0,0.2621803248086616,0.5,User_5795,outandin
5532,2,8,0.1108870967741935,0.0007123141659619,2.5470577389497005e-05,0.2297731174470663,0.5,User_5532,outandin
5750,2,8,0.1108870967741935,0.003693572351233,0.0,0.277163538941488,0.5,User_5750,outandin
4361,3,8,0.1108870967741935,0.0048449422964379,0.0013407967895886,0.273967165056119,0.5,User_4361,outgoing
5129,3,8,0.1108870967741935,0.003528795176789,5.526891737031702e-05,0.2781536051651329,0.5,User_5129,outandin
5267,3,8,0.1108870967741935,0.0074053800290219,0.0013407967895886,0.2772731981062521,0.5,User_5267,outandin
5512,3,8,0.1108870967741935,0.0073308644901677,0.0002392747166611,0.2726348991299562,0.5,User_5512,outandin
5533,3,8,0.1108870967741935,0.0042531925207149,0.0004644981997487,0.2713680573915014,0.5,User_5533,outandin
2017,5,8,0.1108870967741935,0.0131064577102805,0.0007855741943839,0.3091345426614699,0.5,User_2017,outgoing
4988,5,8,0.1108870967741935,0.0015361152948218,0.0033879776679154,0.2686632195566618,0.5,User_4988,outgoing
5080,5,8,0.1108870967741935,0.003579117082698,0.0013510060690681,0.2859273799320899,0.5,User_5080,outandin
5523,5,8,0.1108870967741935,0.0095067220961104,0.0001186420000196,0.2826408583236751,0.5,User_5523,incoming
3744,7,8,0.1108870967741935,0.0179834542363002,0.0023639773965847,0.3191293297875922,0.5,User_3744,outgoing
1670,8,8,0.1108870967741935,0.0191980776040839,0.0026796459031517,0.2984066460351511,0.5,User_1670,outgoing
5067,8,8,0.1108870967741935,0.0041095681426801,0.0002079087959814,0.2886953689860154,0.5,User_5067,outandin
5068,8,8,0.1108870967741935,0.0041095681426801,0.0002079087959814,0.2886953689860154,0.5,User_5068,outandin
5069,8,8,0.1108870967741935,0.0041095681426801,0.0002079087959814,0.2886953689860154,0.5,User_5069,outandin
5070,8,8,0.1108870967741935,0.0041095681426801,0.0002079087959814,0.2886953689860154,0.5,User_5070,outandin
5071,8,8,0.1108870967741935,0.0040146656768389,0.0002079087959814,0.2886953689860154,0.5,User_5071,outandin
5072,8,8,0.1108870967741935,0.0040146656768389,0.0002079087959814,0.2886953689860154,0.5,User_5072,outandin
5066,10,8,0.1108870967741935,0.0045948700070598,0.000622934977242,0.2963874003863617,0.5,User_5066,incoming
2067,17,8,0.1108870967741935,0.049084134421485,0.0043633242814778,0.3324516167995979,0.25,User_2067,
2388,47,8,0.1108870967741935,0.0628836213493691,0.0337469647074533,0.3579203310590155,0.25,User_2388,
328,1,9,0.0143342692478203,0.0006446523156354,0.0,0.2480736312260362,0.75,User_328,outandin
954,1,9,0.0143342692478203,0.0014250240247827,0.0,0.2647555754490186,0.75,User_954,outandin
1376,1,9,0.0143342692478203,4.447584267318169e-05,0.0,0.2076775842979856,0.75,User_1376,outandin
1473,1,9,0.0143342692478203,0.0004147844097209,0.0,0.2438865523624682,0.25,User_1473,outgoing
1490,1,9,0.0143342692478203,0.0004147844097209,0.0,0.2438865523624682,0.25,User_1490,outgoing
1576,1,9,0.0143342692478203,0.0004147844097209,0.0,0.2438865523624682,1.0,User_1576,outandin
1733,1,9,0.0143342692478203,0.0006446523156354,0.0,0.2480736312260362,0.5,User_1733,outgoing
2056,1,9,0.0143342692478203,0.0025510344635803,0.0,0.2395515324606229,0.5,User_2056,outgoing
2484,1,9,0.0143342692478203,0.0017908627846985,0.0,0.2634121436623012,0.5,User_2484,outgoing
2600,1,9,0.0143342692478203,0.0012755172317901,0.0,0.2395515324606229,0.5,User_2600,outgoing
2958,1,9,0.0143342692478203,0.0030290702121004,0.0,0.2658603976530927,0.5,User_2958,outgoing
2963,1,9,0.0143342692478203,0.0030290702121004,0.0,0.2658603976530927,0.5,User_2963,outgoing
3195,1,9,0.0143342692478203,0.0030290702121004,0.0,0.2658603976530927,0.5,User_3195,outgoing
3394,1,9,0.0143342692478203,0.0012893046312708,0.0,0.2480736312260362,0.5,User_3394,outgoing
3487,1,9,0.0143342692478203,0.0030290702121004,0.0,0.2658603976530927,0.5,User_3487,outgoing
3493,1,9,0.0143342692478203,0.000209410790363,0.0,0.2253401955670586,0.5,User_3493,outgoing
3847,1,9,0.0143342692478203,0.0008295688194418,0.0,0.2438865523624682,0.5,User_3847,outgoing
4650,1,9,0.0143342692478203,8.39303264402166e-06,0.0,0.1812512629544943,0.5,User_4650,outgoing
4688,1,9,0.0143342692478203,0.0017908627846985,0.0,0.2634121436623012,0.5,User_4688,outgoing
4748,1,9,0.0143342692478203,0.0017908627846985,0.0,0.2634121436623012,0.5,User_4748,
4966,1,9,0.0143342692478203,0.0014250240247827,0.0,0.2647555754490186,0.5,User_4966,outgoing
4998,1,9,0.0143342692478203,0.0014250240247827,0.0,0.2647555754490186,0.5,User_4998,outandin
5017,1,9,0.0143342692478203,0.0035817255693971,0.0,0.2634121436623012,0.5,User_5017,outandin
5042,1,9,0.0143342692478203,0.0035817255693971,0.0,0.2634121436623012,0.5,User_5042,outandin
5077,1,9,0.0143342692478203,0.0014250240247827,0.0,0.2647555754490186,0.5,User_5077,outandin
5082,1,9,0.0143342692478203,0.0014250240247827,0.0,0.2647555754490186,0.5,User_5082,outandin
5083,1,9,0.0143342692478203,0.0014250240247827,0.0,0.2647555754490186,0.5,User_5083,outandin
5106,1,9,0.0143342692478203,0.0014250240247827,0.0,0.2647555754490186,0.5,User_5106,outandin
5107,1,9,0.0143342692478203,0.0014250240247827,0.0,0.2647555754490186,0.5,User_5107,outandin
5108,1,9,0.0143342692478203,0.0014250240247827,0.0,0.2647555754490186,0.5,User_5108,outandin
5109,1,9,0.0143342692478203,0.0014250240247827,0.0,0.2647555754490186,0.5,User_5109,outandin
5110,1,9,0.0143342692478203,0.0014250240247827,0.0,0.2647555754490186,0.5,User_5110,outandin
5111,1,9,0.0143342692478203,0.0014250240247827,0.0,0.2647555754490186,0.5,User_5111,outandin
5112,1,9,0.0143342692478203,0.0014250240247827,0.0,0.2647555754490186,0.5,User_5112,outandin
5113,1,9,0.0143342692478203,0.0014250240247827,0.0,0.2647555754490186,0.5,User_5113,outandin
5114,1,9,0.0143342692478203,0.0014250240247827,0.0,0.2647555754490186,0.5,User_5114,outandin
5116,1,9,0.0143342692478203,0.0014250240247827,0.0,0.2647555754490186,0.5,User_5116,outandin
5148,1,9,0.0143342692478203,0.0014250240247827,0.0,0.2647555754490186,0.5,User_5148,outandin
5152,1,9,0.0143342692478203,0.0017908627846985,0.0,0.2634121436623012,0.5,User_5152,outandin
5154,1,9,0.0143342692478203,0.0014250240247827,0.0,0.2647555754490186,0.5,User_5154,outandin
5158,1,9,0.0143342692478203,0.0030290702121004,0.0,0.2658603976530927,0.5,User_5158,outandin
5163,1,9,0.0143342692478203,0.0001144796147454,0.0,0.202078433740932,0.5,User_5163,outandin
5166,1,9,0.0143342692478203,0.0014250240247827,0.0,0.2647555754490186,0.5,User_5166,outandin
5167,1,9,0.0143342692478203,0.0014250240247827,0.0,0.2647555754490186,0.5,User_5167,outandin
5168,1,9,0.0143342692478203,0.0014250240247827,0.0,0.2647555754490186,0.5,User_5168,outandin
5169,1,9,0.0143342692478203,0.0014250240247827,0.0,0.2647555754490186,0.5,User_5169,outandin
5170,1,9,0.0143342692478203,0.0014250240247827,0.0,0.2647555754490186,0.5,User_5170,outandin
5171,1,9,0.0143342692478203,0.0014250240247827,0.0,0.2647555754490186,0.5,User_5171,outandin
5172,1,9,0.0143342692478203,0.0014250240247827,0.0,0.2647555754490186,0.5,User_5172,outandin
5173,1,9,0.0143342692478203,0.0014250240247827,0.0,0.2647555754490186,0.5,User_5173,outandin
5174,1,9,0.0143342692478203,0.0014250240247827,0.0,0.2647555754490186,0.5,User_5174,outandin
5176,1,9,0.0143342692478203,0.0014250240247827,0.0,0.2647555754490186,0.5,User_5176,outandin
5177,1,9,0.0143342692478203,0.0014250240247827,0.0,0.2647555754490186,0.5,User_5177,outandin
5181,1,9,0.0143342692478203,0.0014250240247827,0.0,0.2647555754490186,0.5,User_5181,outandin
5182,1,9,0.0143342692478203,0.0014250240247827,0.0,0.2647555754490186,0.5,User_5182,outandin
5190,1,9,0.0143342692478203,0.0014250240247827,0.0,0.2647555754490186,0.5,User_5190,outandin
5191,1,9,0.0143342692478203,0.0014250240247827,0.0,0.2647555754490186,0.5,User_5191,outandin
5196,1,9,0.0143342692478203,0.0014250240247827,0.0,0.2647555754490186,0.5,User_5196,outandin
5209,1,9,0.0143342692478203,0.0014250240247827,0.0,0.2647555754490186,0.5,User_5209,outandin
5210,1,9,0.0143342692478203,0.0014250240247827,0.0,0.2647555754490186,0.5,User_5210,outandin
5222,1,9,0.0143342692478203,0.0014250240247827,0.0,0.2647555754490186,0.5,User_5222,outandin
5223,1,9,0.0143342692478203,0.0014250240247827,0.0,0.2647555754490186,0.5,User_5223,outandin
5225,1,9,0.0143342692478203,0.0014250240247827,0.0,0.2647555754490186,0.5,User_5225,outandin
5230,1,9,0.0143342692478203,0.0014250240247827,0.0,0.2647555754490186,0.5,User_5230,outandin
5232,1,9,0.0143342692478203,0.0014250240247827,0.0,0.2647555754490186,0.5,User_5232,outandin
5233,1,9,0.0143342692478203,0.0014250240247827,0.0,0.2647555754490186,0.5,User_5233,outandin
5243,1,9,0.0143342692478203,0.0014250240247827,0.0,0.2647555754490186,0.5,User_5243,incoming
5262,1,9,0.0143342692478203,0.0014250240247827,0.0,0.2647555754490186,0.5,User_5262,outandin
5270,1,9,0.0143342692478203,0.0014250240247827,0.0,0.2647555754490186,0.5,User_5270,incoming
5273,1,9,0.0143342692478203,0.0014250240247827,0.0,0.2647555754490186,0.5,User_5273,outandin
5276,1,9,0.0143342692478203,0.0014250240247827,0.0,0.2647555754490186,0.5,User_5276,outandin
5277,1,9,0.0143342692478203,0.0014250240247827,0.0,0.2647555754490186,0.5,User_5277,outandin
5278,1,9,0.0143342692478203,0.0009096133651234,0.0,0.2250507412374927,0.5,User_5278,outandin
5281,1,9,0.0143342692478203,0.0014250240247827,0.0,0.2647555754490186,0.5,User_5281,outandin
5289,1,9,0.0143342692478203,0.0014250240247827,0.0,0.2647555754490186,0.5,User_5289,outandin
5291,1,9,0.0143342692478203,0.0014250240247827,0.0,0.2647555754490186,0.5,User_5291,outandin
5295,1,9,0.0143342692478203,0.0014250240247827,0.0,0.2647555754490186,0.5,User_5295,outandin
5299,1,9,0.0143342692478203,0.0010788716923954,0.0,0.242620047849594,0.5,User_5299,incoming
5301,1,9,0.0143342692478203,0.0014250240247827,0.0,0.2647555754490186,0.5,User_5301,outandin
5303,1,9,0.0143342692478203,0.0014250240247827,0.0,0.2647555754490186,0.5,User_5303,outandin
5311,1,9,0.0143342692478203,0.0025510344635803,0.0,0.2395515324606229,0.5,User_5311,outandin
5313,1,9,0.0143342692478203,0.0014250240247827,0.0,0.2647555754490186,0.5,User_5313,outandin
5314,1,9,0.0143342692478203,0.0014250240247827,0.0,0.2647555754490186,0.5,User_5314,outandin
5319,1,9,0.0143342692478203,0.0014250240247827,0.0,0.2647555754490186,0.5,User_5319,outandin
5320,1,9,0.0143342692478203,0.0014250240247827,0.0,0.2647555754490186,0.5,User_5320,outandin
5323,1,9,0.0143342692478203,0.0014250240247827,0.0,0.2647555754490186,0.5,User_5323,outandin
5324,1,9,0.0143342692478203,0.0014250240247827,0.0,0.2647555754490186,0.5,User_5324,outandin
5325,1,9,0.0143342692478203,0.0014250240247827,0.0,0.2647555754490186,0.5,User_5325,outandin
5326,1,9,0.0143342692478203,0.0014250240247827,0.0,0.2647555754490186,0.5,User_5326,outandin
5327,1,9,0.0143342692478203,0.0014250240247827,0.0,0.2647555754490186,0.5,User_5327,outandin
5328,1,9,0.0143342692478203,0.0014250240247827,0.0,0.2647555754490186,0.5,User_5328,outandin
5329,1,9,0.0143342692478203,0.0014250240247827,0.0,0.2647555754490186,0.5,User_5329,outandin
5330,1,9,0.0143342692478203,0.0014250240247827,0.0,0.2647555754490186,0.5,User_5330,outandin
5331,1,9,0.0143342692478203,0.0014250240247827,0.0,0.2647555754490186,0.5,User_5331,outandin
5332,1,9,0.0143342692478203,0.0014250240247827,0.0,0.2647555754490186,0.5,User_5332,outandin
5333,1,9,0.0143342692478203,0.0014250240247827,0.0,0.2647555754490186,0.5,User_5333,outandin
5334,1,9,0.0143342692478203,0.0014250240247827,0.0,0.2647555754490186,0.5,User_5334,outandin
5335,1,9,0.0143342692478203,0.0014250240247827,0.0,0.2647555754490186,0.5,User_5335,outandin
5336,1,9,0.0143342692478203,0.0017908627846985,0.0,0.2634121436623012,0.5,User_5336,outandin
5337,1,9,0.0143342692478203,0.0014250240247827,0.0,0.2647555754490186,0.5,User_5337,outandin
5340,1,9,0.0143342692478203,0.0014250240247827,0.0,0.2647555754490186,0.5,User_5340,outandin
5341,1,9,0.0143342692478203,0.0014250240247827,0.0,0.2647555754490186,0.5,User_5341,outandin
5342,1,9,0.0143342692478203,0.0014250240247827,0.0,0.2647555754490186,0.5,User_5342,outandin
5343,1,9,0.0143342692478203,0.0014250240247827,0.0,0.2647555754490186,0.5,User_5343,outandin
5349,1,9,0.0143342692478203,0.0014250240247827,0.0,0.2647555754490186,0.5,User_5349,outandin
5350,1,9,0.0143342692478203,0.0014250240247827,0.0,0.2647555754490186,0.5,User_5350,outandin
5354,1,9,0.0143342692478203,0.0014250240247827,0.0,0.2647555754490186,0.5,User_5354,outandin
5357,1,9,0.0143342692478203,0.0014250240247827,0.0,0.2647555754490186,0.5,User_5357,outandin
5361,1,9,0.0143342692478203,0.0014250240247827,0.0,0.2647555754490186,0.5,User_5361,outandin
5369,1,9,0.0143342692478203,0.0014250240247827,0.0,0.2647555754490186,0.5,User_5369,outandin
5385,1,9,0.0143342692478203,0.0014250240247827,0.0,0.2647555754490186,0.5,User_5385,outandin
5386,1,9,0.0143342692478203,0.0014250240247827,0.0,0.2647555754490186,0.5,User_5386,outandin
5387,1,9,0.0143342692478203,0.0014250240247827,0.0,0.2647555754490186,0.5,User_5387,outandin
5388,1,9,0.0143342692478203,0.0014250240247827,0.0,0.2647555754490186,0.5,User_5388,outandin
5389,1,9,0.0143342692478203,0.0014250240247827,0.0,0.2647555754490186,0.5,User_5389,outandin
5391,1,9,0.0143342692478203,0.0014250240247827,0.0,0.2647555754490186,0.5,User_5391,outandin
5392,1,9,0.0143342692478203,0.0014250240247827,0.0,0.2647555754490186,0.5,User_5392,outandin
5400,1,9,0.0143342692478203,0.0014250240247827,0.0,0.2647555754490186,0.5,User_5400,outandin
5401,1,9,0.0143342692478203,0.0014250240247827,0.0,0.2647555754490186,0.5,User_5401,outandin
5402,1,9,0.0143342692478203,0.0014250240247827,0.0,0.2647555754490186,0.5,User_5402,outandin
5405,1,9,0.0143342692478203,0.0014250240247827,0.0,0.2647555754490186,0.5,User_5405,outandin
5406,1,9,0.0143342692478203,0.0014250240247827,0.0,0.2647555754490186,0.5,User_5406,outandin
5407,1,9,0.0143342692478203,0.0014250240247827,0.0,0.2647555754490186,0.5,User_5407,outandin
5430,1,9,0.0143342692478203,0.0014250240247827,0.0,0.2647555754490186,0.5,User_5430,outandin
5431,1,9,0.0143342692478203,0.0014250240247827,0.0,0.2647555754490186,0.5,User_5431,outandin
5436,1,9,0.0143342692478203,0.0014250240247827,0.0,0.2647555754490186,0.5,User_5436,outandin
5447,1,9,0.0143342692478203,0.0004147844097209,0.0,0.2438865523624682,0.5,User_5447,outandin
5454,1,9,0.0143342692478203,0.0006446523156354,0.0,0.2480736312260362,0.5,User_5454,outandin
5455,1,9,0.0143342692478203,0.0030290702121004,0.0,0.2658603976530927,0.5,User_5455,outandin
5467,1,9,0.0143342692478203,0.0014250240247827,0.0,0.2647555754490186,0.5,User_5467,outandin
5530,1,9,0.0143342692478203,0.0006446523156354,0.0,0.2480736312260362,0.5,User_5530,outandin
5779,1,9,0.0143342692478203,0.0006446523156354,0.0,0.2480736312260362,0.5,User_5779,outandin
5786,1,9,0.0143342692478203,0.0014250240247827,0.0,0.2647555754490186,0.5,User_5786,outandin
5835,1,9,0.0143342692478203,0.0010788716923954,0.0,0.242620047849594,0.5,User_5835,outandin
2538,2,9,0.0143342692478203,0.0022097813105998,1.983374467825257e-05,0.2665682800355847,0.5,User_2538,outgoing
2730,2,9,0.0143342692478203,0.0015878299458073,3.984885563462819e-06,0.2265787288113651,0.5,User_2730,outgoing
2987,2,9,0.0143342692478203,0.0027005412565729,6.538931248254093e-05,0.2702170843314256,0.5,User_2987,outgoing
3528,2,9,0.0143342692478203,0.0111544938556071,0.0,0.2863362648472124,0.5,User_3528,outgoing
3531,2,9,0.0143342692478203,0.0051354692072958,3.7264973253560264e-05,0.2751503762126236,0.5,User_3531,outgoing
3743,2,9,0.0143342692478203,0.0017919668336542,0.0013407967895886,0.2635111894015989,0.5,User_3743,outgoing
4525,2,9,0.0143342692478203,0.0001691411213093,0.0013407967895886,0.2223728409371894,0.5,User_4525,outgoing
4758,2,9,0.0143342692478203,0.000814800857471,6.30830317571666e-05,0.2585530375257526,0.5,User_4758,outgoing
4965,2,9,0.0143342692478203,0.0014912184412127,0.0003531668069285,0.2651562649313478,0.5,User_4965,outgoing
4967,2,9,0.0143342692478203,0.0015574128576427,0.0,0.2651562649313478,0.5,User_4967,outgoing
5147,2,9,0.0143342692478203,0.0032158868094813,0.0003316944455766,0.2896499310657377,0.5,User_5147,outandin
5153,2,9,0.0143342692478203,0.0035314230199782,0.0001556802095162,0.2891718622709108,0.5,User_5153,outandin
5160,2,9,0.0143342692478203,0.0032158868094813,0.0003316944455766,0.2896499310657377,0.5,User_5160,outandin
5161,2,9,0.0143342692478203,0.0032158868094813,0.0003316944455766,0.2896499310657377,0.5,User_5161,outandin
5164,2,9,0.0143342692478203,0.0044540942368832,0.0003288396374557,0.2889929930777535,0.5,User_5164,outandin
5185,2,9,0.0143342692478203,0.006848779390969,0.0008468327568382,0.3039063348714451,0.5,User_5185,outandin
5207,2,9,0.0143342692478203,0.0018398084345037,0.0008633794256647,0.2788730633559699,0.5,User_5207,outandin
5288,2,9,0.0143342692478203,0.0014452424441796,0.0002531477860243,0.2657091974269392,0.5,User_5288,outandin
5344,2,9,0.0143342692478203,0.006848779390969,0.0008468327568382,0.3039063348714451,0.5,User_5344,outandin
5373,2,9,0.0143342692478203,0.0027005412565729,6.538931248254093e-05,0.2702170843314256,0.5,User_5373,outandin
5374,2,9,0.0143342692478203,0.0027005412565729,6.538931248254093e-05,0.2702170843314256,0.5,User_5374,outandin
5375,2,9,0.0143342692478203,0.0027005412565729,6.538931248254093e-05,0.2702170843314256,0.5,User_5375,outandin
5376,2,9,0.0143342692478203,0.0027005412565729,6.538931248254093e-05,0.2702170843314256,0.5,User_5376,outandin
5377,2,9,0.0143342692478203,0.0027005412565729,6.538931248254093e-05,0.2702170843314256,0.5,User_5377,outandin
5378,2,9,0.0143342692478203,0.0027005412565729,6.538931248254093e-05,0.2702170843314256,0.5,User_5378,outandin
5379,2,9,0.0143342692478203,0.0027005412565729,6.538931248254093e-05,0.2702170843314256,0.5,User_5379,outandin
5380,2,9,0.0143342692478203,0.0027005412565729,6.538931248254093e-05,0.2702170843314256,0.5,User_5380,outandin
5381,2,9,0.0143342692478203,0.0027005412565729,6.538931248254093e-05,0.2702170843314256,0.5,User_5381,outandin
5382,2,9,0.0143342692478203,0.0027005412565729,6.538931248254093e-05,0.2702170843314256,0.5,User_5382,outandin
5394,2,9,0.0143342692478203,0.0027005412565729,6.538931248254093e-05,0.2702170843314256,0.5,User_5394,outandin
5395,2,9,0.0143342692478203,0.0027005412565729,6.538931248254093e-05,0.2702170843314256,0.5,User_5395,outandin
5404,2,9,0.0143342692478203,0.0121368153636433,0.0,0.2826978653543979,0.5,User_5404,outandin
5552,2,9,0.0143342692478203,0.0023471875854303,0.0018376549658137,0.2815620764216763,0.5,User_5552,outandin
4977,3,9,0.0143342692478203,0.0026679464381023,3.232792732766514e-05,0.2629673576786313,0.5,User_4977,outgoing
5159,3,9,0.0143342692478203,0.0062449570215818,0.0007575045605386,0.3029866010434727,0.5,User_5159,outandin
5189,3,9,0.0143342692478203,0.0036348053353826,0.0005820284900613,0.2916387882703089,0.5,User_5189,incoming
5199,3,9,0.0143342692478203,0.0037514540259636,0.0,0.2477666636781164,0.5,User_5199,outandin
5205,3,9,0.0143342692478203,0.0062449570215818,0.0007575045605386,0.3029866010434727,0.5,User_5205,outandin
5206,3,9,0.0143342692478203,0.0102436883629852,0.0011854180182947,0.3003248374602753,0.5,User_5206,outandin
5238,3,9,0.0143342692478203,0.0002712161304187,2.344050331448717e-07,0.2256667229797302,0.5,User_5238,outandin
5240,3,9,0.0143342692478203,0.0033021359661537,0.0003316944455766,0.2897696953539601,0.5,User_5240,outandin
5368,3,9,0.0143342692478203,0.0088500940015984,0.0005612313665899,0.292490821458077,0.5,User_5368,outandin
5483,3,9,0.0143342692478203,0.0043948800690892,0.0,0.2716836628081227,0.5,User_5483,outandin
3504,4,9,0.0143342692478203,0.0023070627411248,0.0037722424295891,0.254561572180731,0.5,User_3504,outgoing
5204,4,9,0.0143342692478203,0.0069172490505606,0.0008460998860361,0.3046991340058923,0.5,User_5204,outandin
5235,4,9,0.0143342692478203,0.0020047235317045,0.0009697721403592,0.2710531843796374,0.5,User_5235,outandin
5484,4,9,0.0143342692478203,0.0074239502811897,0.0003288396374557,0.2924297968760911,0.5,User_5484,outandin
4991,5,9,0.0143342692478203,0.016995943781772,0.0004769439445036,0.3125119323137357,0.5,User_4991,outgoing
5237,5,9,0.0143342692478203,0.0034448552487245,0.0011070639439547,0.2901295831974963,0.5,User_5237,outandin
5239,5,9,0.0143342692478203,0.0034755375415874,0.0009975386145185,0.2898895587232895,0.5,User_5239,outandin
2233,6,9,0.0143342692478203,0.0168821382476866,0.0002630413360318,0.3027902390207614,0.5,User_2233,outgoing
5269,6,9,0.0143342692478203,0.0183308152232049,0.0034381035073134,0.2921250555287838,0.5,User_5269,outandin
204,7,9,0.0143342692478203,0.0068002991066234,0.0074541100461506,0.2875109777286369,0.25,User_204,outgoing
5479,7,9,0.0143342692478203,0.008440181613106,0.0016716228193005,0.292612947062026,0.5,User_5479,outandin
5203,8,9,0.0143342692478203,0.0199962283935161,0.0018290724656549,0.3270219357039442,0.5,User_5203,outandin
5201,9,9,0.0143342692478203,0.0206098060077343,0.0018293741486431,0.3270982535419147,0.5,User_5201,outandin
5202,9,9,0.0143342692478203,0.0204952310887795,0.001829228735677,0.3270982535419147,0.5,User_5202,outandin
5198,10,9,0.0143342692478203,0.022317781273653,0.0021735861639715,0.3274038814359039,0.5,User_5198,outandin
5200,11,9,0.0143342692478203,0.0247286479362896,0.0024967071926549,0.3308038745402654,0.5,User_5200,outandin
5197,12,9,0.0143342692478203,0.0261832527895386,0.0029660342488849,0.3308819679950672,0.5,User_5197,outandin
3719,15,9,0.0143342692478203,0.0434824039106514,0.0028492591113595,0.3224329460379813,0.5,User_3719,
5193,15,9,0.0143342692478203,0.0270949373251967,0.0050480362876175,0.3314296562844892,0.5,User_5193,outandin
3527,17,9,0.0143342692478203,0.0167159983438892,0.0132679954020042,0.3246736197422063,0.5,User_3527,
1953,28,9,0.0143342692478203,0.025981888280789,0.0253729719533664,0.3321364967836741,0.25,User_1953,
5363,46,9,0.0143342692478203,0.0514082281687132,0.0115798408894491,0.3170359684295645,0.5,User_5363,outandin
2045,65,9,0.0143342692478203,0.1220832071490115,0.0288859693326589,0.3648141635677003,0.25,User_2045,
4559,69,9,0.0143342692478203,0.0721633782546311,0.0450579867872266,0.360219999081754,0.5,User_4559,
2125,199,9,0.0143342692478203,0.0574343994006546,0.2057518308168339,0.362737064292729,0.25,User_2125,
171,1,10,0.024606971975393,7.770186356253007e-05,0.0,0.1966076611624498,0.25,User_171,outgoing
216,1,10,0.024606971975393,0.0101298804947683,0.0,0.2645556844898272,0.75,User_216,
412,1,10,0.024606971975393,0.0043576658090934,0.0,0.2757458226297668,0.75,User_412,outgoing
446,1,10,0.024606971975393,0.0101298804947683,0.0,0.2645556844898272,0.25,User_446,outgoing
1548,1,10,0.024606971975393,0.0101298804947683,0.0,0.2645556844898272,0.25,User_1548,
1922,1,10,0.024606971975393,0.000888605284788,0.0,0.2473731056172087,0.5,User_1922,outgoing
2805,1,10,0.024606971975393,0.0009366477425569,0.0,0.2388982472178464,0.5,User_2805,
2919,1,10,0.024606971975393,0.0005545766696119,0.0,0.2320172184120352,1.0,User_2919,outandin
3168,1,10,0.024606971975393,0.0024150987595493,0.0,0.2431672478187204,0.5,User_3168,outgoing
3503,1,10,0.024606971975393,0.0087153316181869,0.0,0.2757458226297668,0.5,User_3503,outgoing
3571,1,10,0.024606971975393,0.000888605284788,0.0,0.2473731056172087,0.5,User_3571,outgoing
4273,1,10,0.024606971975393,0.0050649402473841,0.0,0.2645556844898272,0.5,User_4273,outgoing
4424,1,10,0.024606971975393,0.0043576658090934,0.0,0.2757458226297668,0.5,User_4424,
4735,1,10,0.024606971975393,0.0050298817535551,0.0,0.2543306144850489,0.5,User_4735,outgoing
4866,1,10,0.024606971975393,0.0059305412589524,0.0,0.2609113954629755,0.5,User_4866,outgoing
4871,1,10,0.024606971975393,3.885093178126504e-05,0.0,0.1966076611624498,0.5,User_4871,outgoing
4880,1,10,0.024606971975393,0.0050986947344187,0.0,0.2625732514850327,0.5,User_4880,outgoing
4902,1,10,0.024606971975393,6.580405180484968e-05,0.0,0.190929848307738,0.5,User_4902,outgoing
5032,1,10,0.024606971975393,0.000213683936074,0.0,0.2087291163703804,0.5,User_5032,outandin
5049,1,10,0.024606971975393,0.000213683936074,0.0,0.2087291163703804,0.5,User_5049,outandin
5092,1,10,0.024606971975393,0.0010719996165226,0.0,0.2274612165574658,0.5,User_5092,outandin
5178,1,10,0.024606971975393,0.0087153316181869,0.0,0.2757458226297668,0.5,User_5178,outandin
5290,1,10,0.024606971975393,0.0006111046471677,0.0,0.2171028526064288,0.5,User_5290,outandin
5293,1,10,0.024606971975393,0.0070823706296014,0.0,0.2649056920104148,0.5,User_5293,outandin
5302,1,10,0.024606971975393,0.0006111046471677,0.0,0.2171028526064288,0.5,User_5302,outandin
5372,1,10,0.024606971975393,0.002882921519967,0.0,0.2647055743960538,0.5,User_5372,outandin
5410,1,10,0.024606971975393,0.0043576658090934,0.0,0.2757458226297668,0.5,User_5410,outandin
5470,1,10,0.024606971975393,0.0070823706296014,0.0,0.2649056920104148,0.5,User_5470,outandin
5494,1,10,0.024606971975393,0.0101298804947683,0.0,0.2645556844898272,0.5,User_5494,outandin
5495,1,10,0.024606971975393,0.0001996165166636,0.0,0.2146097100638653,0.5,User_5495,outandin
5497,1,10,0.024606971975393,0.0101298804947683,0.0,0.2645556844898272,0.5,User_5497,outandin
5517,1,10,0.024606971975393,0.0025493473672093,0.0,0.2625732514850327,0.5,User_5517,outandin
5518,1,10,0.024606971975393,0.0050986947344187,0.0,0.2625732514850327,0.5,User_5518,outandin
5558,1,10,0.024606971975393,0.0050298817535551,0.0,0.2543306144850489,0.5,User_5558,outandin
5580,1,10,0.024606971975393,0.0057658430399341,0.0,0.2647055743960538,0.5,User_5580,outandin
5597,1,10,0.024606971975393,0.0050986947344187,0.0,0.2625732514850327,0.5,User_5597,outandin
5627,1,10,0.024606971975393,0.0059305412589524,0.0,0.2609113954629755,0.5,User_5627,outandin
5646,1,10,0.024606971975393,0.0001996165166636,0.0,0.2146097100638653,0.5,User_5646,outandin
5656,1,10,0.024606971975393,0.0023493998777678,0.0,0.2544229472548747,0.5,User_5656,outandin
5657,1,10,0.024606971975393,0.0023493998777678,0.0,0.2544229472548747,0.5,User_5657,outandin
5673,1,10,0.024606971975393,0.0059305412589524,0.0,0.2609113954629755,0.5,User_5673,outandin
5692,1,10,0.024606971975393,0.0059305412589524,0.0,0.2609113954629755,0.5,User_5692,outandin
5723,1,10,0.024606971975393,0.0020799034337206,0.0,0.2333304505455476,0.5,User_5723,outandin
5781,1,10,0.024606971975393,0.0059305412589524,0.0,0.2609113954629755,0.5,User_5781,incoming
32,2,10,0.024606971975393,0.0152372095042898,0.0,0.2726348991299562,0.75,User_32,outandin
1277,2,10,0.024606971975393,0.0029950042799834,0.0,0.2702691894383156,0.75,User_1277,outgoing
1916,2,10,0.024606971975393,0.0024411392810979,0.0,0.2597509296566169,0.5,User_1916,outgoing
1948,2,10,0.024606971975393,0.0020464175854353,8.113256576033997e-05,0.2628687202601472,0.5,User_1948,outgoing
2336,2,10,0.024606971975393,0.011201880111291,0.0,0.2650058643273028,1.0,User_2336,outandin
2767,2,10,0.024606971975393,0.0122097839284889,0.0,0.2655078644491579,0.5,User_2767,outgoing
3063,2,10,0.024606971975393,0.0209773912271408,0.0,0.2902497445489966,0.5,User_3063,
3957,2,10,0.024606971975393,0.0059597551744476,0.0012114047450739,0.2817885035036399,0.5,User_3957,outgoing
4118,2,10,0.024606971975393,0.011859826980866,0.0,0.2828119484316192,0.5,User_4118,
4759,2,10,0.024606971975393,0.0084842057637131,0.0,0.2704778109662494,0.5,User_4759,outgoing
5156,2,10,0.024606971975393,0.0135726361726463,0.0,0.2862193213042893,0.5,User_5156,outandin
5236,2,10,0.024606971975393,0.0074872208788731,0.0,0.2764528632006124,0.5,User_5236,outandin
5285,2,10,0.024606971975393,0.0017849047458622,0.00019287520487,0.2736462351478143,0.5,User_5285,outandin
5309,2,10,0.024606971975393,0.0083652482555706,4.688100662897434e-07,0.2668728134857396,0.5,User_5309,outandin
5338,2,10,0.024606971975393,0.0027324204637618,0.000566615656647,0.2705822425534951,0.5,User_5338,outandin
5422,2,10,0.024606971975393,0.0030292962511941,4.239921664318138e-05,0.2493534987417016,0.5,User_5422,incoming
5477,2,10,0.024606971975393,0.0022121649743471,0.0001808398066605,0.2508709533608564,0.5,User_5477,outandin
5490,2,10,0.024606971975393,0.0019912530572816,0.0007320465937592,0.26346165722314,0.5,User_5490,outandin
5504,2,10,0.024606971975393,0.0052996911448047,0.0,0.2550247482582068,0.5,User_5504,outandin
5583,2,10,0.024606971975393,0.0107957247934893,0.0,0.276017332892301,0.5,User_5583,outandin
5598,2,10,0.024606971975393,0.0169895568976869,0.0,0.294086449103463,0.5,User_5598,outandin
5630,2,10,0.024606971975393,0.0113542966251386,0.0,0.2852872005754335,0.5,User_5630,incoming
5726,2,10,0.024606971975393,0.0122364285826171,0.0,0.2993626690361181,0.5,User_5726,outandin
5803,2,10,0.024606971975393,0.0090638337545353,4.9408691913990856e-05,0.2782640493204496,0.5,User_5803,outandin
202,3,10,0.024606971975393,0.00319569789531,1.4935735849416082e-05,0.2657091974269392,0.25,User_202,outgoing
304,3,10,0.024606971975393,0.0150766255100379,2.158373832287656e-07,0.2816752444588233,0.25,User_304,outgoing
705,3,10,0.024606971975393,0.0057161856438911,0.000553685545652,0.2845920845537268,0.75,User_705,outandin
2012,3,10,0.024606971975393,0.0192281466502648,0.0,0.2907313869377939,0.5,User_2012,outgoing
2141,3,10,0.024606971975393,0.0026523172724367,0.0013464521543337,0.2371199486427177,0.5,User_2141,outgoing
3194,3,10,0.024606971975393,0.0165324057458584,3.0865755917212916e-07,0.2724229380810699,0.5,User_3194,outgoing
3317,3,10,0.024606971975393,0.0234457666828193,0.0,0.3127908985554797,0.5,User_3317,outgoing
3656,3,10,0.024606971975393,0.0033155039482229,0.0001778347063833,0.2578395909542135,0.5,User_3656,outgoing
3810,3,10,0.024606971975393,0.0233761276795839,0.0,0.3022026771080432,0.5,User_3810,outgoing
4452,3,10,0.024606971975393,0.0101418350022552,3.048810728211803e-05,0.2729003147249035,0.5,User_4452,
4723,3,10,0.024606971975393,0.0074757549812489,0.0,0.2934092561078301,0.5,User_4723,outgoing
4762,3,10,0.024606971975393,0.020253312260784,0.0,0.2875699664397014,0.5,User_4762,outgoing
5076,3,10,0.024606971975393,0.0149436464421768,2.3078920127162788e-05,0.2987246411822474,0.5,User_5076,outandin
5142,3,10,0.024606971975393,0.0155243702242977,7.552122783580198e-05,0.3041701424537987,0.5,User_5142,outandin
5310,3,10,0.024606971975393,0.0165096749192888,3.395703205431684e-05,0.2982161737078946,0.5,User_5310,outandin
5505,3,10,0.024606971975393,0.0044456978057501,0.0,0.280099123986232,0.5,User_5505,outandin
5531,3,10,0.024606971975393,0.0078971656483392,0.0002148221346633,0.2915174742984827,0.5,User_5531,outandin
5536,3,10,0.024606971975393,0.0135826566318237,2.2676542362885963e-06,0.2980259443816935,0.5,User_5536,outandin
5632,3,10,0.024606971975393,0.0168037133084081,0.0,0.2802671498554498,0.5,User_5632,outandin
13,4,10,0.024606971975393,0.0203445803838721,0.0001163158004132,0.3064981448561349,0.0,User_13,
732,4,10,0.024606971975393,0.0092291608485036,2.9280309021196203e-05,0.2727410033911471,0.25,User_732,outgoing
2404,4,10,0.024606971975393,0.001565940810223,0.0026817275249105,0.2459406942318134,0.5,User_2404,outgoing
4125,4,10,0.024606971975393,0.0217717949964862,0.0011445683628033,0.315324188172577,0.5,User_4125,outgoing
4419,4,10,0.024606971975393,0.0226789800666338,0.0,0.2804914981843315,0.5,User_4419,outgoing
5489,4,10,0.024606971975393,0.0105318763850788,9.775362745839836e-06,0.2727940864980741,0.5,User_5489,outandin
5550,4,10,0.024606971975393,0.0090603782296975,1.3543811836488308e-05,0.2795404899136627,0.5,User_5550,outandin
5570,4,10,0.024606971975393,0.0071285732440153,0.0002534599447549,0.2809975975194677,0.5,User_5570,outandin
5777,4,10,0.024606971975393,0.0254794557423269,0.0,0.3096125505692743,0.5,User_5777,outandin
3545,5,10,0.024606971975393,0.0225917267447432,3.6290668410721295e-06,0.2898895587232895,0.5,User_3545,outgoing
5029,5,10,0.024606971975393,0.0043063816741999,0.0026806559590447,0.2652064364100482,0.5,User_5029,outandin
5481,5,10,0.024606971975393,0.0281397409827749,1.91989053979116e-06,0.2933478477243836,0.5,User_5481,outandin
5610,5,10,0.024606971975393,0.0149318942567655,0.0004635479361692,0.2830403910393991,0.5,User_5610,outandin
5625,5,10,0.024606971975393,0.0122967263618997,0.0009876148463688,0.292612947062026,0.5,User_5625,outandin
1394,6,10,0.024606971975393,0.0142168126108019,0.0041573932099615,0.3224329460379813,0.25,User_1394,
4518,6,10,0.024606971975393,0.0341176864686689,2.834616488309818e-05,0.3224329460379813,0.5,User_4518,
5478,6,10,0.024606971975393,0.0080455434423678,0.0065244460652703,0.2747727928694579,0.5,User_5478,outandin
4136,7,10,0.024606971975393,0.0248777637848907,0.0020980915396274,0.3193474633007757,0.5,User_4136,outgoing
5286,7,10,0.024606971975393,0.0123156542051281,0.0027947125758938,0.2788730633559699,0.5,User_5286,outandin
5296,7,10,0.024606971975393,0.0258532936752692,4.720972463201877e-05,0.2877470778951149,0.5,User_5296,outandin
5480,7,10,0.024606971975393,0.0383762677547928,0.0005475086520755,0.3193474633007757,0.5,User_5480,outandin
5501,7,10,0.024606971975393,0.0186385772129714,0.0013465277928552,0.3022678491324358,0.5,User_5501,outandin
4838,8,10,0.024606971975393,0.0145049396728834,0.0022920741896926,0.3022026771080432,0.5,User_4838,outgoing
5115,8,10,0.024606971975393,0.0246885804040698,0.0053547009941912,0.3283242015523787,0.5,User_5115,outandin
5608,8,10,0.024606971975393,0.0168647022793191,0.0028546475874388,0.3045005466928318,0.5,User_5608,incoming
5609,8,10,0.024606971975393,0.0308085252408236,0.0009483896890624,0.3097493958954928,0.5,User_5609,outandin
5667,8,10,0.024606971975393,0.0223512332921777,0.0016838489222899,0.3039722438575373,0.5,User_5667,incoming
215,10,10,0.024606971975393,0.0216035471410509,0.0019915208269535,0.2961994962863704,0.0,User_215,
4937,10,10,0.024606971975393,0.048670347076393,0.0014393191854971,0.3234000960837805,0.5,User_4937,outgoing
5541,11,10,0.024606971975393,0.0419152032237185,0.0017584372241237,0.3062302854330576,0.5,User_5541,outandin
3000,12,10,0.024606971975393,0.0538144370972782,0.0004895888147947,0.3242980139812829,0.5,User_3000,outgoing
5476,12,10,0.024606971975393,0.0377513176805813,0.0019346273348194,0.3158927240088133,0.5,User_5476,incoming
3013,13,10,0.024606971975393,0.0613839471877792,0.0006484809453019,0.3151115144845109,0.5,User_3013,
2110,14,10,0.024606971975393,0.0526947381847935,0.0009906811265062,0.3117473346145695,0.5,User_2110,outgoing
5596,14,10,0.024606971975393,0.0473462403902182,0.0207506473094701,0.3436175573491308,0.5,User_5596,outandin
2942,17,10,0.024606971975393,0.0679369150429648,0.0052302370448833,0.3523418844713687,0.5,User_2942,
5228,17,10,0.024606971975393,0.0799072302438815,0.0006205497757151,0.3303360868317475,0.5,User_5228,outandin
4899,20,10,0.024606971975393,0.0358129373825182,0.0070788793053027,0.3308819679950672,0.5,User_4899,outgoing
2625,27,10,0.024606971975393,0.1029226993934549,0.0102094441850271,0.3430288831197026,0.5,User_2625,
5316,32,10,0.024606971975393,0.1013633587674889,0.0086169314913616,0.3434491586442305,0.5,User_5316,incoming
3040,37,10,0.024606971975393,0.1161942491949316,0.0118732084700457,0.362643212529652,0.5,User_3040,outgoing
4649,38,10,0.024606971975393,0.14272298915791,0.0071390019850793,0.3630189112735314,0.5,User_4649,
5472,40,10,0.024606971975393,0.1027487075650531,0.0172816182296406,0.3586530236507432,0.5,User_5472,outandin
3828,45,10,0.024606971975393,0.1195141957442046,0.0150087527481679,0.3555596185761301,0.25,User_3828,
4611,52,10,0.024606971975393,0.1756321745352561,0.0203583102233426,0.3836890272179317,0.5,User_4611,
4197,83,10,0.024606971975393,0.2041398907440378,0.0254638890881055,0.3623619484041119,0.5,User_4197,
184,1,11,0.0312989045383411,0.0010084460079797,0.0,0.2422007977237091,0.75,User_184,outandin
1324,1,11,0.0312989045383411,0.0021367777529402,0.0,0.240868880637069,0.75,User_1324,outandin
1517,1,11,0.0312989045383411,0.0001404405173094,0.0,0.2068195390920916,0.25,User_1517,outgoing
1543,1,11,0.0312989045383411,0.0013553850215473,0.0,0.259366398302573,0.25,User_1543,outgoing
2048,1,11,0.0312989045383411,0.0008137036351957,0.0,0.2158324632625661,0.5,User_2048,outgoing
2496,1,11,0.0312989045383411,0.0027107700430947,0.0,0.259366398302573,0.5,User_2496,outgoing
2531,1,11,0.0312989045383411,0.0004068518175978,0.0,0.2158324632625661,1.0,User_2531,outandin
2784,1,11,0.0312989045383411,0.0013553850215473,0.0,0.259366398302573,0.5,User_2784,outgoing
2877,1,11,0.0312989045383411,0.0002803087463241,0.0,0.2268721295608781,0.5,User_2877,outgoing
3020,1,11,0.0312989045383411,0.0001071961250132,0.0,0.2175071409725488,0.5,User_3020,outgoing
3161,1,11,0.0312989045383411,3.388754866711179e-05,0.0,0.2012081562485077,0.5,User_3161,outgoing
3414,1,11,0.0312989045383411,8.016377956132243e-05,0.0,0.2120768673667884,0.5,User_3414,outgoing
3425,1,11,0.0312989045383411,0.0004068518175978,0.0,0.2158324632625661,0.5,User_3425,outgoing
3734,1,11,0.0312989045383411,0.0010683888764701,0.0,0.240868880637069,0.5,User_3734,outgoing
4122,1,11,0.0312989045383411,0.0001134175715432,0.0,0.2101058336721788,0.5,User_4122,outgoing
4440,1,11,0.0312989045383411,0.0036183853281242,0.0,0.2642564133535265,0.5,User_4440,outgoing
4855,1,11,0.0312989045383411,3.388754866711179e-05,0.0,0.2012081562485077,0.5,User_4855,outgoing
5000,1,11,0.0312989045383411,0.0001316586205529,0.0,0.2178113467641188,0.5,User_5000,outandin
5087,1,11,0.0312989045383411,0.0010629618773521,0.0,0.2317870045356548,0.5,User_5087,outandin
5089,1,11,0.0312989045383411,0.0036403286178535,0.0,0.2466765252423627,0.5,User_5089,outandin
5099,1,11,0.0312989045383411,0.0013553850215473,0.0,0.259366398302573,0.5,User_5099,outandin
5194,1,11,0.0312989045383411,0.0008137036351957,0.0,0.2158324632625661,0.5,User_5194,outandin
5365,1,11,0.0312989045383411,0.0036183853281242,0.0,0.2642564133535265,0.5,User_5365,outandin
5419,1,11,0.0312989045383411,0.0021367777529402,0.0,0.240868880637069,0.5,User_5419,outandin
5434,1,11,0.0312989045383411,0.0021367777529402,0.0,0.240868880637069,0.5,User_5434,outandin
5444,1,11,0.0312989045383411,0.0021367777529402,0.0,0.240868880637069,0.5,User_5444,outandin
5761,1,11,0.0312989045383411,0.0002328482596836,0.0,0.2037824972996663,0.5,User_5761,outandin
929,2,11,0.0312989045383411,0.0069538770896138,9.43933660316672e-05,0.2930411909736786,0.75,User_929,outgoing
1815,2,11,0.0312989045383411,0.0034617840167428,1.433704263668246e-05,0.2694897166750826,0.5,User_1815,
1938,2,11,0.0312989045383411,0.0152267972933196,2.9543114248370667e-05,0.2968896455045763,0.5,User_1938,
2755,2,11,0.0312989045383411,0.0129842884853127,0.0,0.2820720499953923,0.5,User_2755,outgoing
3611,2,11,0.0312989045383411,0.0074406473821457,0.0,0.2933478477243836,0.5,User_3611,outgoing
3718,2,11,0.0312989045383411,0.000361228936149,3.1130392125863574e-05,0.2348945896475791,0.5,User_3718,outgoing
3986,2,11,0.0312989045383411,0.0003789000762799,4.7661952277159535e-05,0.2143143756004747,0.5,User_3986,
4088,2,11,0.0312989045383411,0.0050845661175497,0.0,0.2785405438050685,0.5,User_4088,outgoing
4389,2,11,0.0312989045383411,0.0155311907811217,0.0,0.2974567097680612,0.5,User_4389,outgoing
4800,2,11,0.0312989045383411,0.0069538770896138,9.43933660316672e-05,0.2930411909736786,0.5,User_4800,outgoing
5081,2,11,0.0312989045383411,0.0014339862173692,0.0009510233667794,0.2649056920104148,0.5,User_5081,outandin
5088,2,11,0.0312989045383411,0.0041718095565296,3.4602647749957254e-06,0.25096079076582,0.5,User_5088,outandin
5097,2,11,0.0312989045383411,0.0004543756859577,0.0001393354810446,0.2387761527133057,0.5,User_5097,outandin
5119,2,11,0.0312989045383411,0.0056572206338129,0.0,0.2620332803191446,0.5,User_5119,outandin
5120,2,11,0.0312989045383411,0.0088756591773095,0.0,0.2815620764216763,0.5,User_5120,outandin
5144,2,11,0.0312989045383411,0.0069490518383764,2.1382459264380737e-05,0.2778778779593784,0.5,User_5144,outandin
5446,2,11,0.0312989045383411,0.0075605331191264,0.0002308071542116,0.2820720499953923,0.5,User_5446,outandin
4004,3,11,0.0312989045383411,0.0056607047495418,0.0013407967895886,0.2621312916452412,0.5,User_4004,
4886,3,11,0.0312989045383411,0.011994579620874,0.0,0.2817885035036399,0.5,User_4886,outgoing
5034,3,11,0.0312989045383411,0.0045713967049317,0.0013407967895886,0.267432935780787,0.5,User_5034,outandin
5036,3,11,0.0312989045383411,0.0112655140564082,8.543811270572748e-06,0.2812231172606551,0.5,User_5036,outandin
5245,3,11,0.0312989045383411,0.0086834777030338,7.604456385784623e-05,0.2747727928694579,0.5,User_5245,outandin
5275,3,11,0.0312989045383411,0.0188452415401576,0.0,0.3080474761378252,0.5,User_5275,outandin
5759,3,11,0.0312989045383411,0.0046915248940449,0.0013719065447568,0.2572716623397769,0.5,User_5759,incoming
4771,4,11,0.0312989045383411,0.0093294325677262,0.0002601496823096,0.2727940864980741,0.5,User_4771,outgoing
4857,4,11,0.0312989045383411,0.0053057978495878,0.0013410037784564,0.2800431601252956,0.5,User_4857,outgoing
5056,4,11,0.0312989045383411,0.0173666226250362,0.0,0.2987883215576859,0.5,User_5056,outandin
5101,4,11,0.0312989045383411,0.0094107889453337,4.040210975012541e-06,0.2777127038690518,0.5,User_5101,outandin
1471,5,11,0.0312989045383411,0.0076134203207227,0.0007933257283795,0.2714731776926409,0.75,User_1471,outgoing
1648,5,11,0.0312989045383411,0.0112977266284372,0.0013843657155508,0.2952013513957676,1.0,User_1648,outandin
4996,5,11,0.0312989045383411,0.0043205723510144,0.0016391015181615,0.2795404899136627,0.5,User_4996,outandin
5146,5,11,0.0312989045383411,0.0071683991933005,1.6405261264758888e-05,0.2756915846630812,0.5,User_5146,incoming
2252,6,11,0.0312989045383411,0.0013657419679005,0.0101258142463082,0.2531820838921793,0.25,User_2252,
4890,6,11,0.0312989045383411,0.0159329921032595,0.0026303240375051,0.3163204731273087,0.5,User_4890,outgoing
4788,7,11,0.0312989045383411,0.0346639354225297,8.454475099366348e-06,0.3169642732761431,0.5,User_4788,outgoing
4942,7,11,0.0312989045383411,0.0032310032144283,0.0025153265712451,0.2706344885937642,0.5,User_4942,outgoing
4114,8,11,0.0312989045383411,0.0214208937578103,0.0026648060981775,0.3035772181995028,0.5,User_4114,
5064,8,11,0.0312989045383411,0.0131254274297554,0.0004783521343604,0.2934092561078301,0.5,User_5064,outandin
4562,9,11,0.0312989045383411,0.0183287088885339,0.0017441865326288,0.308386362250188,0.5,User_4562,outgoing
4511,16,11,0.0312989045383411,0.0163984563350489,0.0055420435971326,0.2767804139863951,0.5,User_4511,outgoing
5251,17,11,0.0312989045383411,0.0430614332510138,0.0067379559994518,0.3193474633007757,0.5,User_5251,outandin
3345,23,11,0.0312989045383411,0.0729191433769107,0.021823376778552,0.3618007270075128,0.25,User_3345,
5013,25,11,0.0312989045383411,0.0733625376479566,0.0039375882058776,0.3296368806272589,0.5,User_5013,outandin
4635,28,11,0.0312989045383411,0.0406461872381329,0.0090281075646165,0.3216929117344743,0.5,User_4635,outgoing
2296,34,11,0.0312989045383411,0.0546263406053051,0.0227194665795382,0.3526965315619287,0.5,User_2296,
230,1,12,0.0524390243902439,2.6634753953880945e-05,0.0,0.1920811314824043,0.25,User_230,
363,1,12,0.0524390243902439,0.0006668575640469,0.0,0.2350127458797962,0.25,User_363,outgoing
2289,1,12,0.0524390243902439,0.001602346360982,0.0,0.2315955083323041,0.5,User_2289,outgoing
2398,1,12,0.0524390243902439,0.001072831530595,0.0,0.2388168370126264,0.5,User_2398,
2486,1,12,0.0524390243902439,0.00214566306119,0.0,0.2388168370126264,0.5,User_2486,outgoing
3219,1,12,0.0524390243902439,0.001072831530595,0.0,0.2388168370126264,0.5,User_3219,outgoing
3406,1,12,0.0524390243902439,0.001072831530595,0.0,0.2388168370126264,0.5,User_3406,outgoing
3926,1,12,0.0524390243902439,0.0003334287820234,0.0,0.2350127458797962,0.5,User_3926,outgoing
4300,1,12,0.0524390243902439,0.0002012997994151,0.0,0.2220557693959291,0.5,User_4300,
4528,1,12,0.0524390243902439,0.0005337163075065,0.0,0.2325947587831239,0.5,User_4528,outgoing
4534,1,12,0.0524390243902439,0.001072831530595,0.0,0.2388168370126264,0.5,User_4534,outgoing
5031,1,12,0.0524390243902439,0.0005337163075065,0.0,0.2325947587831239,0.5,User_5031,outandin
5348,1,12,0.0524390243902439,5.336812337851373e-05,0.0,0.1920811314824043,0.5,User_5348,outandin
5393,1,12,0.0524390243902439,0.0004025995988303,0.0,0.2220557693959291,0.5,User_5393,outandin
5416,1,12,0.0524390243902439,7.949344906912299e-06,0.0,0.157414197711939,0.5,User_5416,outandin
5423,1,12,0.0524390243902439,0.001602346360982,0.0,0.2315955083323041,0.5,User_5423,outandin
5500,1,12,0.0524390243902439,0.001072831530595,0.0,0.2388168370126264,0.5,User_5500,outandin
159,2,12,0.0524390243902439,0.0008283263880541,1.4335616235988406e-05,0.2484253839821171,0.25,User_159,outgoing
270,2,12,0.0524390243902439,0.0050285845811571,3.604357912253611e-06,0.2727410033911471,0.25,User_270,outgoing
1819,2,12,0.0524390243902439,0.0010754797189651,0.0013407967895886,0.2388982472178464,0.5,User_1819,
2977,2,12,0.0524390243902439,0.0061654621428979,0.0,0.2616908171073758,0.5,User_2977,outgoing
3713,2,12,0.0524390243902439,0.0010734923544465,0.0013407967895886,0.2388982472178464,0.5,User_3713,outgoing
5033,2,12,0.0524390243902439,0.0020267755468748,0.0,0.2317870045356548,0.5,User_5033,outandin
5250,2,12,0.0524390243902439,0.0027537399786308,0.0,0.255164029933935,0.5,User_5250,outandin
5414,2,12,0.0524390243902439,0.0016102957058889,0.0013389215493235,0.231748679964799,0.5,User_5414,outandin
5420,2,12,0.0524390243902439,0.0016102957058889,0.0013389215493235,0.231748679964799,0.5,User_5420,outandin
3655,3,12,0.0524390243902439,0.0180216017143049,0.0,0.2898296146458033,0.5,User_3655,
4267,3,12,0.0524390243902439,0.0169476411418722,5.07269627579941e-05,0.2985973618293789,0.5,User_4267,outgoing
4850,3,12,0.0524390243902439,0.0160545593539982,0.0,0.2935936356152293,0.5,User_4850,outgoing
5366,3,12,0.0524390243902439,0.0030686760323662,1.0455339537799288e-05,0.2572244478669673,0.5,User_5366,outandin
5415,3,12,0.0524390243902439,0.0001602044959441,0.0013412655996549,0.1875322473143035,0.5,User_5415,outandin
3966,4,12,0.0524390243902439,0.002530654150228,4.166332068148812e-05,0.2489991146610596,0.5,User_3966,
4253,7,12,0.0524390243902439,0.0134386401347335,0.0033908444416372,0.3091345426614699,0.5,User_4253,outgoing
5249,7,12,0.0524390243902439,0.0208143082446124,0.0028628618868805,0.3202229875318951,0.5,User_5249,outandin
1528,8,12,0.0524390243902439,0.0081105633521995,0.0027061202117076,0.2870987333935077,0.25,User_1528,outgoing
5027,9,12,0.0524390243902439,0.0107557498836311,0.0057847006085625,0.3049643203714327,0.5,User_5027,outandin
1363,10,12,0.0524390243902439,0.0087806316949148,0.0028901497788352,0.3092709656723532,0.25,User_1363,
3746,11,12,0.0524390243902439,0.0193769029118914,0.0034358143502164,0.2950770560899168,0.5,User_3746,outgoing
5408,11,12,0.0524390243902439,0.0322908868578539,0.0080678667800053,0.3032488135930559,0.5,User_5408,outandin
5028,14,12,0.0524390243902439,0.0346797165961616,0.0019945225157721,0.3034457710385592,0.5,User_5028,incoming
1018,32,12,0.0524390243902439,0.0432394713509734,0.0183342012834442,0.3157503979335672,0.0,User_1018,
5429,2,13,0.8333333333333334,1.3119035058827876e-05,0.0,0.1682410294595012,0.5,User_5429,outandin
7,3,13,0.8333333333333334,0.0001321821203206,0.000669929584728,0.2030738940056657,0.25,User_7,
5428,3,13,0.8333333333333334,0.0001321821203206,0.000669929584728,0.2030738940056657,0.5,User_5428,outandin
5432,5,13,0.8333333333333334,0.002518406871316,0.0042342324942661,0.2560029253748137,0.5,User_5432,incoming
2281,1,14,0.0286380286380286,0.0007202953176463,0.0,0.2274243090097525,0.5,User_2281,outgoing
2387,1,14,0.0286380286380286,0.000135272726692,0.0,0.2187632302836124,1.0,User_2387,outandin
3037,1,14,0.0286380286380286,0.0008257117212667,0.0,0.2226200788480153,0.5,User_3037,outgoing
3047,1,14,0.0286380286380286,0.0008845506624018,0.0,0.222267049861577,0.5,User_3047,outgoing
3956,1,14,0.0286380286380286,1.119899580186711e-06,0.0,0.1679386552153252,0.5,User_3956,outgoing
4195,1,14,0.0286380286380286,6.20953861574867e-07,0.0,0.1535008231767719,0.5,User_4195,outgoing
4280,1,14,0.0286380286380286,0.0008257117212667,0.0,0.2226200788480153,0.5,User_4280,outgoing
4474,1,14,0.0286380286380286,0.0002927066454184,0.0,0.2206921770472531,0.5,User_4474,outgoing
4477,1,14,0.0286380286380286,3.9276348647490225e-06,0.0,0.1807370749744816,0.5,User_4477,outgoing
4522,1,14,0.0286380286380286,2.3144569201172264e-06,0.0,0.1811341453123681,0.5,User_4522,outgoing
4540,1,14,0.0286380286380286,0.0002927066454184,0.0,0.2206921770472531,0.5,User_4540,outgoing
4541,1,14,0.0286380286380286,0.0002927066454184,0.0,0.2206921770472531,0.5,User_4541,outgoing
4648,1,14,0.0286380286380286,2.491490281973434e-06,0.0,0.1536017552248882,0.5,User_4648,outgoing
4810,1,14,0.0286380286380286,0.0002927066454184,0.0,0.2206921770472531,0.5,User_4810,outgoing
4931,1,14,0.0286380286380286,1.0784729793057787e-06,0.0,0.1537702705899182,0.5,User_4931,outgoing
4938,1,14,0.0286380286380286,2.3144569201172264e-06,0.0,0.1811341453123681,0.5,User_4938,outgoing
4949,1,14,0.0286380286380286,0.0002927066454184,0.0,0.2206921770472531,0.5,User_4949,outgoing
4958,1,14,0.0286380286380286,2.3144569201172264e-06,0.0,0.1811341453123681,0.5,User_4958,outgoing
4994,1,14,0.0286380286380286,0.0008257117212667,0.0,0.2226200788480153,0.5,User_4994,outandin
5002,1,14,0.0286380286380286,3.844007202489485e-06,0.0,0.1801563003119672,0.5,User_5002,outandin
5004,1,14,0.0286380286380286,1.0784729793057787e-06,0.0,0.1537702705899182,0.5,User_5004,outandin
5010,1,14,0.0286380286380286,0.0004128558606333,0.0,0.2226200788480153,0.5,User_5010,outandin
5011,1,14,0.0286380286380286,9.157061783679466e-05,0.0,0.2101688433688866,0.5,User_5011,outandin
5026,1,14,0.0286380286380286,0.0002927066454184,0.0,0.2206921770472531,0.5,User_5026,outandin
5058,1,14,0.0286380286380286,0.0002927066454184,0.0,0.2206921770472531,0.5,User_5058,outandin
5084,1,14,0.0286380286380286,0.0002927066454184,0.0,0.2206921770472531,0.5,User_5084,outandin
5085,1,14,0.0286380286380286,0.0008257117212667,0.0,0.2226200788480153,0.5,User_5085,outandin
5122,1,14,0.0286380286380286,0.0008257117212667,0.0,0.2226200788480153,0.5,User_5122,outandin
5133,1,14,0.0286380286380286,0.0006782165806838,0.0,0.2198268532664844,0.5,User_5133,outandin
5151,1,14,0.0286380286380286,0.0008257117212667,0.0,0.2226200788480153,0.5,User_5151,outandin
5165,1,14,0.0286380286380286,0.0008257117212667,0.0,0.2226200788480153,0.5,User_5165,outandin
5214,1,14,0.0286380286380286,9.157061783679466e-05,0.0,0.2101688433688866,0.5,User_5214,outandin
5252,1,14,0.0286380286380286,0.0003391082903419,0.0,0.2198268532664844,0.5,User_5252,outandin
5258,1,14,0.0286380286380286,0.0001401141877654,0.0,0.2109279181982098,0.5,User_5258,outandin
5264,1,14,0.0286380286380286,7.005709388273105e-05,0.0,0.2109279181982098,0.5,User_5264,outandin
5438,1,14,0.0286380286380286,6.196055757154566e-08,0.0,0.132816830894258,0.5,User_5438,outandin
5486,1,14,0.0286380286380286,1.245745140986717e-06,0.0,0.1536017552248882,0.5,User_5486,outandin
5681,1,14,0.0286380286380286,1.851589751189427e-07,0.0,0.1531318711271828,0.5,User_5681,outandin
5774,1,14,0.0286380286380286,1.851589751189427e-07,0.0,0.1531318711271828,0.5,User_5774,outandin
5775,1,14,0.0286380286380286,7.453883998088531e-06,0.0,0.1813920041965969,0.5,User_5775,outandin
2284,2,14,0.0286380286380286,2.5028978323294848e-05,0.0013407967895886,0.1820044171441507,0.5,User_2284,outgoing
2485,2,14,0.0286380286380286,0.0008868411136467,0.0009498930596469,0.2226908192607411,0.5,User_2485,outgoing
3422,2,14,0.0286380286380286,0.0013399716580715,2.1309548467715605e-06,0.2364000702356392,0.5,User_3422,outgoing
3901,2,14,0.0286380286380286,0.0001851840556799,8.601192050863457e-06,0.2112776630128285,0.75,User_3901,outgoing
3935,2,14,0.0286380286380286,0.0006278584600755,0.0033113665776263,0.2406620907326759,0.5,User_3935,outgoing
4301,2,14,0.0286380286380286,3.393519667984212e-05,0.0054410039582768,0.2021950398769626,0.5,User_4301,outgoing
4411,2,14,0.0286380286380286,1.9204937870793235e-06,0.0041297103026305,0.1723157138464598,0.5,User_4411,outgoing
4523,2,14,0.0286380286380286,0.0008278686672253,0.0002949671165353,0.2231517300473021,0.5,User_4523,outgoing
4753,2,14,0.0286380286380286,1.2488192385914703e-06,0.0013407967895886,0.1536354287435169,0.5,User_4753,outgoing
4997,2,14,0.0286380286380286,0.0008757388690583,0.0,0.2230451967579734,0.5,User_4997,incoming
4999,2,14,0.0286380286380286,0.0006136659777553,0.0,0.2224787327662071,0.5,User_4999,outandin
5003,2,14,0.0286380286380286,4.6161594731584856e-05,8.930121444537353e-06,0.1819099307497864,0.5,User_5003,outandin
5359,2,14,0.0286380286380286,2.5171940585069965e-05,4.297425607655981e-06,0.184568872323822,0.5,User_5359,outandin
5390,2,14,0.0286380286380286,2.626259728343118e-05,0.0002668526965048,0.1820990017444595,0.5,User_5390,outandin
1894,3,14,0.0286380286380286,8.233948400584903e-05,0.0005934409838563,0.2119165431549901,0.5,User_1894,outgoing
2789,3,14,0.0286380286380286,0.0001583075128951,0.003902274073065,0.2215993701861035,1.0,User_2789,outandin
3776,3,14,0.0286380286380286,0.0054521250566902,0.0138207080719704,0.2816186490711482,0.5,User_3776,outgoing
4204,3,14,0.0286380286380286,0.0010063707775861,0.0012021949146234,0.2252677622030062,0.5,User_4204,outgoing
4779,3,14,0.0286380286380286,0.0001549371943683,0.0013437659200085,0.2207269317208039,0.5,User_4779,outgoing
5339,3,14,0.0286380286380286,0.014515323927081,0.0020792446912983,0.2961369145208334,0.5,User_5339,outandin
5360,3,14,0.0286380286380286,0.0004810239931066,0.0010966996714044,0.2266153623972683,0.5,User_5360,outandin
5648,3,14,0.0286380286380286,7.463070516780741e-06,0.0026806559590447,0.1814859531823261,0.5,User_5648,incoming
3153,4,14,0.0286380286380286,4.513482278679059e-05,0.0019635680110496,0.2026628132485692,0.5,User_3153,outgoing
4266,4,14,0.0286380286380286,0.0060761793238889,0.0077674567996018,0.2839003476660127,0.5,User_4266,
4897,4,14,0.0286380286380286,0.0011386205211386,0.0034295734602113,0.2515011692853229,0.75,User_4897,outgoing
5075,4,14,0.0286380286380286,5.021264823579459e-05,0.0053566238174266,0.1821463309197017,0.5,User_5075,incoming
2647,5,14,0.0286380286380286,0.0036908320625749,0.0035732749585711,0.2675350289038184,0.5,User_2647,outgoing
4995,5,14,0.0286380286380286,4.3470648302541807e-05,0.0031021084114403,0.1823833463145224,0.5,User_4995,outandin
5041,5,14,0.0286380286380286,0.0178260127086824,0.0036353601839484,0.287452013213106,0.5,User_5041,outandin
5224,5,14,0.0286380286380286,0.0124879853851765,0.0007343509639191,0.2832692029965854,0.5,User_5224,outandin
3018,6,14,0.0286380286380286,0.0010082027591499,0.0114505628792605,0.2234363169818435,0.5,User_3018,outgoing
3260,6,14,0.0286380286380286,0.0003004387268265,0.0067860211174314,0.2225847254926321,0.5,User_3260,
5023,6,14,0.0286380286380286,9.3271460616656e-05,0.0074652418464644,0.2221965783809614,0.5,User_5023,outandin
2378,7,14,0.0286380286380286,0.0136677288062609,0.0031547297108968,0.2833837477612423,0.5,User_2378,outgoing
2635,7,14,0.0286380286380286,0.0028237223530418,0.0105720193944899,0.2687662543484381,0.5,User_2635,outgoing
5384,9,14,0.0286380286380286,0.0252698923874847,0.0019749663917924,0.3255786333164006,0.5,User_5384,outandin
4993,13,14,0.0286380286380286,0.0117974756547215,0.0136672049878698,0.2848234132142054,0.5,User_4993,outandin
3880,19,14,0.0286380286380286,0.0166401907902417,0.0133004033813716,0.2880427489574815,0.5,User_3880,outgoing
100,1,15,1.0,2.7147767666026996e-24,0.0,0.000684462696783,0.75,User_100,outgoing
4198,1,15,1.0,2.7147767666026996e-24,0.0,0.000684462696783,0.5,User_4198,outgoing
4381,1,16,1.0,2.67476435964726e-21,0.0,0.000684462696783,0.5,User_4381,outgoing
4489,1,16,1.0,2.67476435964726e-21,0.0,0.000684462696783,0.5,User_4489,outgoing
563,1,17,1.0,2.7147767666026996e-24,0.0,0.000684462696783,0.25,User_563,outgoing
645,1,17,1.0,2.7147767666026996e-24,0.0,0.000684462696783,1.0,User_645,outandin
908,1,18,1.0,2.7147767666026996e-24,0.0,0.000684462696783,0.75,User_908,outandin
992,1,18,1.0,2.7147767666026996e-24,0.0,0.000684462696783,0.75,User_992,outandin
1420,1,19,1.0,2.67476435964726e-21,0.0,0.000684462696783,0.75,User_1420,outandin
5078,1,19,1.0,2.67476435964726e-21,0.0,0.000684462696783,0.5,User_5078,outandin
1546,1,20,1.0,2.7147767666026996e-24,0.0,0.000684462696783,0.75,User_1546,outandin
4599,1,20,1.0,2.7147767666026996e-24,0.0,0.000684462696783,0.5,User_4599,outgoing
1557,1,21,1.0,2.67476435964726e-21,0.0,0.000684462696783,0.75,User_1557,outandin
5722,1,21,1.0,2.67476435964726e-21,0.0,0.000684462696783,0.5,User_5722,outandin
2175,1,22,1.0,2.67476435964726e-21,0.0,0.000684462696783,0.5,User_2175,outgoing
3404,1,22,1.0,2.67476435964726e-21,0.0,0.000684462696783,0.5,User_3404,outgoing
5663,1,23,0.2857142857142857,0.0001882100905036,0.0,0.2153350770359663,0.5,User_5663,outandin
5666,1,23,0.2857142857142857,9.362205549947378e-06,0.0,0.176592669324317,0.5,User_5666,outandin
5668,1,23,0.2857142857142857,0.0001882100905036,0.0,0.2153350770359663,0.5,User_5668,outandin
5669,1,23,0.2857142857142857,0.0001882100905036,0.0,0.2153350770359663,0.5,User_5669,outandin
2396,2,23,0.2857142857142857,0.0010955471996204,2.8740289492448357e-05,0.2461998974929044,0.5,User_2396,outgoing
5665,2,23,0.2857142857142857,0.0001886746192163,0.0013407967895886,0.2154012627058713,0.5,User_5665,outandin
5631,7,23,0.2857142857142857,0.0037929251435026,0.0072522167784918,0.275962988073854,0.5,User_5631,outandin
2399,1,24,1.0,2.67476435964726e-21,0.0,0.000684462696783,1.0,User_2399,outandin
5188,1,24,1.0,2.67476435964726e-21,0.0,0.000684462696783,0.5,User_5188,outandin
2848,1,25,1.0,2.67476435964726e-21,0.0,0.000684462696783,0.5,User_2848,outgoing
5057,1,25,1.0,2.67476435964726e-21,0.0,0.000684462696783,0.5,User_5057,outandin
3359,1,26,1.0,2.67476435964726e-21,0.0,0.000684462696783,0.5,User_3359,outgoing
3459,1,26,1.0,2.67476435964726e-21,0.0,0.000684462696783,0.5,User_3459,outgoing
3506,1,27,1.0,2.67476435964726e-21,0.0,0.000684462696783,0.5,User_3506,outgoing
4316,1,27,1.0,2.67476435964726e-21,0.0,0.000684462696783,0.5,User_4316,
3829,1,28,1.0,2.7147767666026996e-24,0.0,0.000684462696783,0.5,User_3829,outgoing
5826,1,28,1.0,2.7147767666026996e-24,0.0,0.000684462696783,0.5,User_5826,outandin
3976,1,29,1.0,2.7147767666026996e-24,0.0,0.000684462696783,0.5,User_3976,outgoing
4415,1,29,1.0,2.7147767666026996e-24,0.0,0.000684462696783,0.5,User_4415,outgoing
4101,1,30,1.0,2.67476435964726e-21,0.0,0.000684462696783,0.5,User_4101,outgoing
4196,1,30,1.0,2.67476435964726e-21,0.0,0.000684462696783,0.5,User_4196,outgoing
