node,centrality,community,density,name,type,betwness,closeness,eign,volatility
10003,950,0,947,10003,incoming,0.2769031477154812,0.2779467162892025,0.0062265781133364,4
10033,1101,1,762,10033,incoming,0.306972203660415,0.3667724740971432,0.5343605263416884,4
10007,721,2,617,10007,incoming,0.1748257036193202,0.3157514823408094,0.0989649006832461,4
10032,560,3,284,10032,incoming,0.1029195360740917,0.3109418634171109,0.1530678963376755,4
10034,421,4,253,10034,incoming,0.0649042432242221,0.3049345217348005,0.107790490191433,4
10020,517,5,241,10020,incoming,0.0881509526309179,0.3115746629356398,0.1598874314486779,4
10011,159,6,144,10011,incoming,0.0381532218179792,0.309777935150994,0.0114393353578956,4
10071,166,7,142,10071,incoming,0.0431262750960687,0.3120509554140127,0.0103816048333197,4
10039,324,8,135,10039,incoming,0.0411675069051669,0.2977295930769604,0.0938978966026824,4
10047,143,9,134,10047,incoming,0.0635574436524278,0.2142382368375021,0.0003080428783756,4
10055,445,10,121,10055,incoming,0.0610074899463843,0.3377267964484641,0.2069071103428377,4
10016,288,11,116,10016,incoming,0.0414188072046338,0.3041470076980382,0.0859775166843961,4
10006,193,12,115,10006,incoming,0.0264094356605813,0.288799811365244,0.0281872733192955,4
10073,418,13,93,10073,incoming,0.0508842945596417,0.3060928674963762,0.1669462206576478,4
10077,170,14,90,10077,incoming,0.0253602210900138,0.2841367791026771,0.0308483202235665,4
10017,179,15,79,10017,incoming,0.0226834649918207,0.2902232121700393,0.0456789134543109,4
10093,332,16,79,10093,incoming,0.088702189259068,0.3421420191072127,0.1296064632176529,4
10149,106,17,75,10149,incoming,0.0179464219575849,0.2830598567136584,0.0136831756100532,4
10147,108,18,71,10147,incoming,0.02283426695759,0.3078779347443567,0.0087523828290026,4
10008,190,19,64,10008,incoming,0.0195239663980775,0.297180569709322,0.056390957690934,4
10087,66,20,64,10087,incoming,0.0198321041703429,0.1510793141729369,9.062969272281828e-07,4
10105,99,21,62,10105,incoming,0.018164334662575,0.2746804216191971,0.0079495855984042,4
10025,133,22,61,10025,incoming,0.0150307492026997,0.290195706771549,0.0360118028144209,4
10091,148,23,61,10091,incoming,0.0234607519852939,0.3220615303707599,0.0332130825052697,4
10053,166,24,59,10053,incoming,0.021787491375454,0.2952605949568487,0.0340723584791886,4
10196,107,25,57,10196,incoming,0.01727701242961,0.2871208214168503,0.0134088542061171,4
10177,245,26,56,10177,incoming,0.0533688459404708,0.3352493567635627,0.1034386529022946,4
10108,73,27,52,10108,incoming,0.0138914446226179,0.2807242722897089,0.0092671059943814,4
10009,95,28,49,10009,incoming,0.0087263237248059,0.2789595954994761,0.0332862970610778,4
10051,150,29,48,10051,incoming,0.0167331707600806,0.3206114863096173,0.0557645798880146,4
10026,65,30,44,10026,incoming,0.017637773449239,0.2779467162892025,0.0086082037841684,4
10065,180,31,44,10065,incoming,0.0149306173770869,0.2930564195817581,0.0697246029297213,4
10064,68,32,43,10064,incoming,0.0084772070804436,0.2942674547114506,0.0158674602177823,4
10088,70,33,43,10088,incoming,0.010941869860877,0.269625324703914,0.0044247421520098,4
10070,54,34,40,10070,incoming,0.0111444292655295,0.2942674547114506,0.0028002810790744,4
10037,54,35,38,10037,incoming,0.0085496694844276,0.2744834386625431,0.0066128506106706,4
10148,67,36,37,10148,incoming,0.0131252758020145,0.3077850932301352,0.0089364253606927,4
10191,54,37,37,10191,incoming,0.0102832905014674,0.2631601564178591,0.0035746720810156,2
10086,74,38,35,10086,incoming,0.0109878780121771,0.2743604677209802,0.0082372413227674,4
10036,47,39,34,10036,incoming,0.0081812612638597,0.2740903191156066,0.0042310818094645,4
10041,92,40,34,10041,incoming,0.0083151484263786,0.2838470451911935,0.0164032261712835,4
10052,90,41,31,10052,incoming,0.0107517781759181,0.2841895215555246,0.0167937398926208,4
10162,44,42,30,10162,incoming,0.0206852797635944,0.290636419723791,0.0028872187880137,4
10054,176,43,30,10054,incoming,0.0184770984750547,0.3205779196984766,0.0763888087855172,4
10119,49,44,29,10119,incoming,0.008145126753947,0.2748283444778531,0.0070174269036213,3
10031,53,45,29,10031,incoming,0.0072283143518115,0.2760921509399937,0.0066403061541864,3
10045,67,46,29,10045,outandin,0.0068354893859725,0.2821989770056679,0.0096641810876192,0
10056,69,47,29,10056,incoming,0.0089526225716088,0.2767409281937729,0.0106154785586151,4
10014,36,48,28,10014,incoming,0.0070234952219196,0.1945176762062065,1.1711329860553252e-05,4
10153,66,49,28,10153,incoming,0.0110879134142279,0.2906640087332099,0.0160665908973803,4
10019,34,50,27,10019,incoming,0.0053678885149448,0.2698391716237057,0.0051412001561986,4
10066,60,51,27,10066,incoming,0.0222333460233486,0.3036342902474094,0.0036497471011426,3
10139,34,52,26,10139,incoming,0.0079676919650287,0.2848239616762011,0.0025858443390936,4
10060,45,53,26,10060,incoming,0.0109964842813658,0.278275094288181,0.0039374856598904,1
10010,71,54,25,10010,incoming,0.0042714416130361,0.2815761644213527,0.0190868634898891,4
10013,54,55,25,10013,incoming,0.0047694583236542,0.260562481385355,0.0062038485996703,4
10030,53,56,25,10030,incoming,0.0048206273036262,0.2681613171607479,0.0061579952149092,2
10219,37,57,25,10219,outandin,0.0077438708506757,0.2946922669746403,0.002874918109197,3
10143,54,58,24,10143,incoming,0.0072346148662011,0.277191870728285,0.0069090561968398,3
10057,109,59,24,10057,incoming,0.0067266389667484,0.2854346306222325,0.0309181931002139,1
10061,36,60,24,10061,outandin,0.0074583122892049,0.2660873343471649,0.0026042755355951,2
10339,31,61,24,10339,incoming,0.0053277158020875,0.2597006064204232,0.0036075436645795,3
3,1,0,947,10003__Node__3,incoming,0.0,0.2175024861486006,0.000164196921212,4
4,1,0,947,10003__Node__4,incoming,0.0,0.2175024861486006,0.000164196921212,2
7,2,12,115,10006__Node__7,incoming,7.654843875462916e-05,0.2408179315768777,0.0049595920774873,4
8,1,2,617,10007__Node__8,incoming,0.0,0.2399874598322752,0.0026097371147464,4
9,1,0,947,10003__Node__9,incoming,0.0,0.2175024861486006,0.000164196921212,4
10,3,1,762,10033__Node__10,incoming,0.0003493288713012,0.2832824498103432,0.019614762711005,4
11,1,28,49,10009__Node__11,incoming,0.0,0.2181222396352757,0.0008777706464921,4
12,5,29,48,10051__Node__12,outandin,0.0001521911965707,0.2701844171887408,0.0135755427905799,0
13,1,6,144,10011__Node__13,incoming,0.0,0.2365209331067511,0.0003016590512941,4
14,2,2,617,10007__Node__14,incoming,0.000240068620874,0.2510041806705467,0.0066461880927264,4
16,1,0,947,10003__Node__16,incoming,0.0,0.2175024861486006,0.000164196921212,4
17,1,55,25,10013__Node__17,incoming,0.0,0.2067103220144467,0.00016359753643,4
18,1,48,28,10014__Node__18,incoming,0.0,0.162846354305164,3.088316361570195e-07,3
19,1,6,144,10011__Node__19,incoming,0.0,0.2365209331067511,0.0003016590512941,4
22,7,2,617,10007__Node__22,incoming,0.0022631904790835,0.2947348156704206,0.016498689416782,1
23,1,0,947,10003__Node__23,incoming,0.0,0.2175024861486006,0.000164196921212,4
25,3,50,27,10019__Node__25,incoming,0.0002853476945649,0.2709254999115201,0.0151764818346278,4
26,2,11,116,10016__Node__26,outandin,1.774558880497904e-05,0.2398746572659616,0.0066696824832326,1
27,9,56,25,10030__Node__27,outandin,0.0013404452148782,0.2510659232535257,0.0099415131124089,1
28,2,2,617,10007__Node__28,incoming,5.461457950978722e-05,0.2429965875724148,0.0033530448211858,1
31,1,0,947,10003__Node__31,incoming,0.0,0.2175024861486006,0.000164196921212,3
32,1,0,947,10003__Node__32,incoming,0.0,0.2175024861486006,0.000164196921212,4
34,1,0,947,10003__Node__34,incoming,0.0,0.2175024861486006,0.000164196921212,4
35,2,0,947,10003__Node__35,incoming,0.000664712073882,0.2530787668402347,0.0002604419576191,4
37,1,0,947,10003__Node__37,incoming,0.0,0.2175024861486006,0.000164196921212,4
38,6,54,25,10010__Node__38,incoming,0.0003638221908159,0.2796602429445611,0.0169192943191196,2
39,1,22,61,10025__Node__39,incoming,0.0,0.2249320502460883,0.0009496431333218,4
40,1,0,947,10003__Node__40,incoming,0.0,0.2175024861486006,0.000164196921212,1
41,1,30,44,10026__Node__41,incoming,0.0,0.2175024861486006,0.0002270011766974,4
42,1,6,144,10011__Node__42,incoming,0.0,0.2365209331067511,0.0003016590512941,4
45,1,2,617,10007__Node__45,incoming,0.0,0.2399874598322752,0.0026097371147464,4
47,1,0,947,10003__Node__47,incoming,0.0,0.2175024861486006,0.000164196921212,3
48,3,12,115,10006__Node__48,incoming,0.0001037560957758,0.2438092204793375,0.0035154331887164,2
49,1,0,947,10003__Node__49,incoming,0.0,0.2175024861486006,0.000164196921212,3
51,2,3,284,10032__Node__51,incoming,2.540204857449719e-05,0.2390693316677077,0.0044690094693768,2
52,1,1,762,10033__Node__52,incoming,0.0,0.2683610867659947,0.014091263555276,4
53,1,4,253,10034__Node__53,incoming,0.0,0.2336869419216973,0.0028424708247791,4
55,1,39,34,10036__Node__55,incoming,0.0,0.2151338438839317,0.0001115750246547,4
56,1,0,947,10003__Node__56,incoming,0.0,0.2175024861486006,0.000164196921212,2
58,1,0,947,10003__Node__58,incoming,0.0,0.2175024861486006,0.000164196921212,3
59,1,28,49,10009__Node__59,incoming,0.0,0.2181222396352757,0.0008777706464921,4
60,1,35,38,10037__Node__60,incoming,0.0,0.2153759583597102,0.0001743830545354,4
62,2,2,617,10007__Node__62,incoming,0.000162186252984,0.262382176520994,0.0034855770692224,4
63,1,8,135,10039__Node__63,incoming,0.0,0.2294320395624157,0.0024761185437346,4
65,1,0,947,10003__Node__65,incoming,0.0,0.2175024861486006,0.000164196921212,4
66,2,3,284,10032__Node__66,incoming,2.352474870298016e-05,0.2428616751269035,0.0068789218027592,4
70,1,46,29,10045__Node__70,outandin,0.0,0.2200977573317999,0.000254847646932,0
72,1,9,134,10047__Node__72,incoming,0.0,0.1764434712458223,8.12319243570349e-06,4
74,1,2,617,10007__Node__74,incoming,0.0,0.2399874598322752,0.0026097371147464,3
75,7,3,284,10032__Node__75,incoming,0.0012246300364805,0.2646728325697986,0.0145510829996229,4
76,1,0,947,10003__Node__76,incoming,0.0,0.2175024861486006,0.000164196921212,4
77,1,0,947,10003__Node__77,incoming,0.0,0.2175024861486006,0.000164196921212,4
78,1,0,947,10003__Node__78,outandin,0.0,0.2175024861486006,0.000164196921212,3
79,1,0,947,10003__Node__79,incoming,0.0,0.2175024861486006,0.000164196921212,4
82,4,22,61,10025__Node__82,outandin,0.0001210512991089,0.2590743717742618,0.0065260898372901,3
83,1,41,31,10052__Node__83,incoming,0.0,0.2213067360508817,0.0004428564671978,4
84,1,1,762,10033__Node__84,outandin,0.0,0.2683610867659947,0.014091263555276,0
85,8,3,284,10032__Node__85,incoming,0.0035567642649876,0.3126723169610946,0.0282648695000943,4
87,1,10,121,10055__Node__87,incoming,0.0,0.2524736147757256,0.0054562088320071,4
89,4,59,24,10057__Node__89,incoming,0.0005231651630059,0.2753349518928153,0.0083133557042631,3
91,1,0,947,10003__Node__91,incoming,0.0,0.2175024861486006,0.000164196921212,4
92,3,18,71,10147__Node__92,incoming,0.000218732124036,0.2506343619546533,0.0018929584697599,4
93,1,53,26,10060__Node__93,incoming,0.0,0.2177035193743334,0.0001038327972286,2
94,3,19,64,10008__Node__94,incoming,5.665162774128595e-05,0.2456872342132713,0.0101057595224913,2
96,1,9,134,10047__Node__96,incoming,0.0,0.1764434712458223,8.12319243570349e-06,4
97,1,2,617,10007__Node__97,incoming,0.0,0.2399874598322752,0.0026097371147464,4
98,2,60,24,10061__Node__98,incoming,9.882088208756658e-05,0.2287293643086576,0.0001629408892831,3
99,1,0,947,10003__Node__99,incoming,0.0,0.2175024861486006,0.000164196921212,4
100,1,3,284,10032__Node__100,incoming,0.0,0.2371988535130529,0.00403645097798,4
101,1,12,115,10006__Node__101,incoming,0.0,0.2240925058548009,0.0007433077064394,4
104,1,32,43,10064__Node__104,incoming,0.0,0.2273706096383753,0.0004184301662631,3
105,5,46,29,10045__Node__105,incoming,0.0006197790776159,0.2777324263038548,0.0183389831752537,4
106,1,1,762,10033__Node__106,incoming,0.0,0.2683610867659947,0.014091263555276,4
107,1,51,27,10066__Node__107,incoming,0.0,0.2329225619960444,9.624503640716152e-05,3
108,1,50,27,10019__Node__108,incoming,0.0,0.2125060725935179,0.0001355751460299,4
109,2,2,617,10007__Node__109,incoming,0.0002583425659199,0.2510247581570749,0.0068260214857944,4
110,2,51,27,10066__Node__110,incoming,0.0002160524080347,0.2516850238369226,0.0023635005459454,2
111,7,4,253,10034__Node__111,incoming,0.001286261376155,0.3067521538769786,0.0339651779109124,1
112,1,0,947,10003__Node__112,incoming,0.0,0.2175024861486006,0.000164196921212,4
114,1,12,115,10006__Node__114,incoming,0.0,0.2240925058548009,0.0007433077064394,4
115,1,8,135,10039__Node__115,incoming,0.0,0.2294320395624157,0.0024761185437346,4
116,1,34,40,10070__Node__116,incoming,0.0,0.2273706096383753,7.384433686416915e-05,4
117,1,7,142,10071__Node__117,incoming,0.0,0.237843716016778,0.0002737663480395,4
118,1,0,947,10003__Node__118,incoming,0.0,0.2175024861486006,0.000164196921212,4
120,1,13,93,10073__Node__120,incoming,0.0,0.2343666283964791,0.0044024269736943,4
121,1,29,48,10051__Node__121,incoming,0.0,0.2427846495401205,0.001470530388221,4
124,2,30,44,10026__Node__124,incoming,4.950012163827039e-05,0.2355565812754827,0.000303138089658,4
125,1,14,90,10077__Node__125,outandin,0.0,0.2212747506865154,0.0008134803921311,0
126,1,12,115,10006__Node__126,incoming,0.0,0.2240925058548009,0.0007433077064394,4
127,3,59,24,10057__Node__127,incoming,0.0002946148160724,0.2790485737719858,0.0177490573430194,1
129,1,8,135,10039__Node__129,incoming,0.0,0.2294320395624157,0.0024761185437346,4
131,4,1,762,10033__Node__131,incoming,0.000769907430941,0.2972815533980582,0.0243879505963667,2
133,4,2,617,10007__Node__133,incoming,0.0013180050489469,0.2994035396499462,0.0219574267145629,2
134,1,43,30,10054__Node__134,incoming,0.0,0.2427654007769761,0.0020143981155187,4
135,7,1,762,10033__Node__135,incoming,0.0014727481943606,0.3028384927306893,0.031503496691177,2
136,2,11,116,10016__Node__136,incoming,1.3099787635006944e-05,0.2339726446091541,0.0025221031564703,4
137,1,1,762,10033__Node__137,incoming,0.0,0.2683610867659947,0.014091263555276,4
139,2,10,121,10055__Node__139,incoming,1.9014069920422304e-05,0.272856888255213,0.0195474723872831,4
140,1,3,284,10032__Node__140,incoming,0.0,0.2371988535130529,0.00403645097798,4
141,2,38,35,10086__Node__141,incoming,3.990072120200618e-05,0.2305202138071219,0.0011157181197669,4
142,4,2,617,10007__Node__142,incoming,0.0006052178094617,0.252598581092229,0.0069051779666225,4
143,1,0,947,10003__Node__143,incoming,0.0,0.2175024861486006,0.000164196921212,4
144,5,13,93,10073__Node__144,incoming,0.0002669774384571,0.2720810378532077,0.0136909991142853,3
145,2,12,115,10006__Node__145,incoming,8.037209610163477e-05,0.2271344855722869,0.0010232413818531,4
146,1,15,79,10017__Node__146,incoming,0.0,0.2249485747869526,0.0012045680335147,4
147,1,6,144,10011__Node__147,incoming,0.0,0.2365209331067511,0.0003016590512941,1
148,1,0,947,10003__Node__148,incoming,0.0,0.2175024861486006,0.000164196921212,3
149,1,6,144,10011__Node__149,incoming,0.0,0.2365209331067511,0.0003016590512941,4
150,1,20,64,10087__Node__150,incoming,0.0,0.1312529469758669,2.389934928079441e-08,4
151,1,11,116,10016__Node__151,incoming,0.0,0.233224160255922,0.0022672555095382,4
152,1,9,134,10047__Node__152,outandin,0.0,0.1764434712458223,8.12319243570349e-06,3
153,1,33,43,10088__Node__153,incoming,0.0,0.2123734221112498,0.0001166819118451,4
154,1,0,947,10003__Node__154,incoming,0.0,0.2175024861486006,0.000164196921212,3
155,2,29,48,10051__Node__155,incoming,2.109196554546504e-05,0.2576790372801481,0.005686814759269,4
156,3,2,617,10007__Node__156,incoming,0.0006891008419018,0.242151047844998,0.0030640538446955,1
158,11,3,284,10032__Node__158,incoming,0.0052165012920871,0.3185932785350119,0.0367508148786483,4
159,1,6,144,10011__Node__159,incoming,0.0,0.2365209331067511,0.0003016590512941,4
160,3,13,93,10073__Node__160,outandin,0.0001539988972854,0.2450384122919334,0.0089723072585091,1
161,5,59,24,10057__Node__161,incoming,0.000480597936506,0.2833873206848681,0.0216623166127716,2
162,1,0,947,10003__Node__162,incoming,0.0,0.2175024861486006,0.000164196921212,4
164,11,16,79,10093__Node__164,incoming,0.0030169672090405,0.2864091291740716,0.0202327943730757,4
166,1,1,762,10033__Node__166,outandin,0.0,0.2683610867659947,0.014091263555276,2
168,2,22,61,10025__Node__168,incoming,6.219814621082156e-05,0.2702559576345984,0.0150409066885978,4
170,2,4,253,10034__Node__170,incoming,1.349748557715658e-05,0.2390506674994144,0.0053185893685137,4
173,1,2,617,10007__Node__173,incoming,0.0,0.2399874598322752,0.0026097371147464,4
174,1,6,144,10011__Node__174,outandin,0.0,0.2365209331067511,0.0003016590512941,1
175,1,1,762,10033__Node__175,incoming,0.0,0.2683610867659947,0.014091263555276,4
176,1,1,762,10033__Node__176,incoming,0.0,0.2683610867659947,0.014091263555276,4
177,3,3,284,10032__Node__177,incoming,0.0001541322773419,0.2424002533248891,0.0067222027193411,4
178,1,13,93,10073__Node__178,outandin,0.0,0.2343666283964791,0.0044024269736943,0
179,1,6,144,10011__Node__179,incoming,0.0,0.2365209331067511,0.0003016590512941,4
180,1,0,947,10003__Node__180,incoming,0.0,0.2175024861486006,0.000164196921212,4
181,2,13,93,10073__Node__181,outandin,4.307413200160149e-05,0.237566917526573,0.0052159073658254,2
182,2,3,284,10032__Node__182,incoming,3.0266518697410877e-05,0.2408747640025173,0.005523499155729,4
183,3,19,64,10008__Node__183,outandin,5.665162774128595e-05,0.2456872342132713,0.0101057595224913,1
184,5,3,284,10032__Node__184,incoming,0.0002199791458045,0.2497756750142752,0.0116365576199006,4
186,1,27,52,10108__Node__186,incoming,0.0,0.2191996563819886,0.000244376645587,4
189,1,2,617,10007__Node__189,incoming,0.0,0.2399874598322752,0.0026097371147464,4
190,2,2,617,10007__Node__190,incoming,5.461457950978722e-05,0.2429965875724148,0.0033530448211858,3
191,1,27,52,10108__Node__191,incoming,0.0,0.2191996563819886,0.000244376645587,2
192,1,11,116,10016__Node__192,incoming,0.0,0.233224160255922,0.0022672555095382,4
193,6,29,48,10051__Node__193,incoming,0.0004055380065552,0.2805056797361671,0.0187755484456017,4
195,2,3,284,10032__Node__195,incoming,1.4977051643351827e-05,0.2406097752632406,0.0065125695217147,4
196,12,3,284,10032__Node__196,incoming,0.0041153905236252,0.3059552358113509,0.0246372753096477,4
198,3,3,284,10032__Node__198,incoming,5.0283161755922194e-05,0.2421701993040177,0.0069451280131115,2
199,1,9,134,10047__Node__199,incoming,0.0,0.1764434712458223,8.12319243570349e-06,4
200,11,5,241,10020__Node__200,outandin,0.009042139687557,0.2902369668246445,0.0200561607674806,0
201,1,5,241,10020__Node__201,incoming,0.0,0.237566917526573,0.0042162843710479,2
203,1,35,38,10037__Node__203,incoming,0.0,0.2153759583597102,0.0001743830545354,4
205,2,1,762,10033__Node__205,incoming,0.0001323849442163,0.2720810378532077,0.0152958315887908,4
206,1,2,617,10007__Node__206,incoming,0.0,0.2399874598322752,0.0026097371147464,4
207,9,1,762,10033__Node__207,incoming,0.0028985729802344,0.3114320585842148,0.0352245071163863,1
208,7,13,93,10073__Node__208,incoming,0.0012015360290538,0.2795070743952533,0.0167520392500966,3
209,4,1,762,10033__Node__209,outandin,0.0001178063013896,0.2749640804597701,0.022439641149294,3
211,1,0,947,10003__Node__211,incoming,0.0,0.2175024861486006,0.000164196921212,4
212,1,0,947,10003__Node__212,incoming,0.0,0.2175024861486006,0.000164196921212,4
213,1,9,134,10047__Node__213,incoming,0.0,0.1764434712458223,8.12319243570349e-06,4
214,1,44,29,10119__Node__214,incoming,0.0,0.215588256002253,0.0001850518649942,3
216,1,0,947,10003__Node__216,incoming,0.0,0.2175024861486006,0.000164196921212,3
217,4,4,253,10034__Node__217,incoming,0.0014478114663136,0.2834135505368382,0.0225066251239073,3
218,2,6,144,10011__Node__218,incoming,7.665318694891207e-05,0.249084845033759,0.0011774990057701,3
219,2,27,52,10108__Node__219,incoming,0.0002264698482337,0.2697559686371245,0.014335640200863,3
220,3,2,617,10007__Node__220,incoming,0.0012331020875999,0.2891406987724268,0.0175144810621535,3
222,1,34,40,10070__Node__222,incoming,0.0,0.2273706096383753,7.384433686416915e-05,4
223,1,3,284,10032__Node__223,incoming,0.0,0.2371988535130529,0.00403645097798,3
224,1,9,134,10047__Node__224,incoming,0.0,0.1764434712458223,8.12319243570349e-06,2
225,1,20,64,10087__Node__225,incoming,0.0,0.1312529469758669,2.389934928079441e-08,4
227,1,33,43,10088__Node__227,incoming,0.0,0.2123734221112498,0.0001166819118451,3
230,2,1,762,10033__Node__230,incoming,1.9014069920422304e-05,0.272856888255213,0.0195474723872831,4
231,5,10,121,10055__Node__231,incoming,0.0002697182059385,0.2823941713547911,0.0268401374309722,4
232,1,4,253,10034__Node__232,incoming,0.0,0.2336869419216973,0.0028424708247791,4
235,1,9,134,10047__Node__235,incoming,0.0,0.1764434712458223,8.12319243570349e-06,2
237,1,14,90,10077__Node__237,incoming,0.0,0.2212747506865154,0.0008134803921311,3
238,1,33,43,10088__Node__238,incoming,0.0,0.2123734221112498,0.0001166819118451,4
239,1,0,947,10003__Node__239,incoming,0.0,0.2175024861486006,0.000164196921212,4
240,1,4,253,10034__Node__240,incoming,0.0,0.2336869419216973,0.0028424708247791,4
241,1,2,617,10007__Node__241,incoming,0.0,0.2399874598322752,0.0026097371147464,4
242,11,2,617,10007__Node__242,incoming,0.0061096562752253,0.3055583275122243,0.023494543781854,4
243,1,22,61,10025__Node__243,incoming,0.0,0.2249320502460883,0.0009496431333218,4
247,2,23,61,10091__Node__247,outandin,3.1286762892173274e-05,0.2477546727081479,0.0016893203466071,1
248,4,12,115,10006__Node__248,outandin,0.0003262436593796,0.2330289193302891,0.0015046599965687,2
250,1,20,64,10087__Node__250,incoming,0.0,0.1312529469758669,2.389934928079441e-08,4
251,1,53,26,10060__Node__251,incoming,0.0,0.2177035193743334,0.0001038327972286,1
252,1,2,617,10007__Node__252,incoming,0.0,0.2399874598322752,0.0026097371147464,4
253,3,11,116,10016__Node__253,outandin,9.863496758406368e-05,0.2359922928709056,0.0032676303374967,1
254,5,35,38,10037__Node__254,incoming,0.0010375469245795,0.287727870700996,0.0243441887136648,4
255,1,6,144,10011__Node__255,incoming,0.0,0.2365209331067511,0.0003016590512941,4
256,1,0,947,10003__Node__256,incoming,0.0,0.2175024861486006,0.000164196921212,4
257,1,0,947,10003__Node__257,incoming,0.0,0.2175024861486006,0.000164196921212,3
258,1,15,79,10017__Node__258,incoming,0.0,0.2249485747869526,0.0012045680335147,4
259,2,7,142,10071__Node__259,incoming,0.0005432990392154,0.2720568636161706,0.0143650299033155,4
260,1,0,947,10003__Node__260,incoming,0.0,0.2175024861486006,0.000164196921212,4
262,1,5,241,10020__Node__262,incoming,0.0,0.237566917526573,0.0042162843710479,1
263,1,0,947,10003__Node__263,incoming,0.0,0.2175024861486006,0.000164196921212,4
264,5,4,253,10034__Node__264,incoming,0.0003895892938814,0.2790740065621582,0.0142598537625742,4
266,1,0,947,10003__Node__266,incoming,0.0,0.2175024861486006,0.000164196921212,4
267,2,2,617,10007__Node__267,incoming,0.0002668918386908,0.2692104800422015,0.0080659459467535,4
268,1,7,142,10071__Node__268,incoming,0.0,0.237843716016778,0.0002737663480395,4
269,2,1,762,10033__Node__269,incoming,9.278977770165876e-05,0.2792776358993068,0.0175090287936074,4
270,2,3,284,10032__Node__270,incoming,5.71577342834703e-05,0.2454902589593522,0.0084388779516744,4
271,1,2,617,10007__Node__271,incoming,0.0,0.2399874598322752,0.0026097371147464,4
272,2,6,144,10011__Node__272,incoming,7.98968157286727e-05,0.2465179937203123,0.0023160571668129,1
273,1,7,142,10071__Node__273,incoming,0.0,0.237843716016778,0.0002737663480395,4
274,5,4,253,10034__Node__274,incoming,0.0003231847710058,0.256041475039719,0.0144698240632309,3
275,1,6,144,10011__Node__275,incoming,0.0,0.2365209331067511,0.0003016590512941,4
276,1,52,26,10139__Node__276,incoming,0.0,0.2216912829423689,6.818956921190524e-05,4
277,1,31,44,10065__Node__277,incoming,0.0,0.2266469282013323,0.0018386608062089,4
278,1,9,134,10047__Node__278,incoming,0.0,0.1764434712458223,8.12319243570349e-06,1
279,3,24,59,10053__Node__279,incoming,5.641664081646529e-05,0.2344743089057355,0.0025459238464017,4
280,5,0,947,10003__Node__280,incoming,0.0257546868939482,0.2786930008191499,0.0026829492132768,4
281,1,0,947,10003__Node__281,incoming,0.0,0.2175024861486006,0.000164196921212,4
284,4,1,762,10033__Node__284,outandin,0.0001737666802669,0.2843346643142353,0.0226919323554366,0
285,6,54,25,10010__Node__285,outandin,0.0006629842708257,0.257874347313458,0.0158106304148376,0
286,2,48,28,10014__Node__286,incoming,4.456545452564894e-05,0.1766572434085271,8.432024071860509e-06,4
287,1,2,617,10007__Node__287,incoming,0.0,0.2399874598322752,0.0026097371147464,4
289,3,30,44,10026__Node__289,incoming,0.0002599518120067,0.2532462161938632,0.0021159617311817,3
290,2,0,947,10003__Node__290,incoming,0.0112443353822329,0.2743973474325656,0.0028919083594572,4
292,1,5,241,10020__Node__292,incoming,0.0,0.237566917526573,0.0042162843710479,4
293,1,28,49,10009__Node__293,incoming,0.0,0.2181222396352757,0.0008777706464921,2
294,2,2,617,10007__Node__294,incoming,5.461457950978722e-05,0.2429965875724148,0.0033530448211858,3
296,3,13,93,10073__Node__296,incoming,7.280694598102749e-05,0.2659140251845419,0.0093072403897747,4
297,1,3,284,10032__Node__297,incoming,0.0,0.2371988535130529,0.00403645097798,4
298,3,4,253,10034__Node__298,outandin,0.000197025787879,0.2368685696604007,0.0038750125618212,3
299,3,7,142,10071__Node__299,incoming,0.0002478279026593,0.2529742233972241,0.002641760377325,4
300,3,51,27,10066__Node__300,incoming,0.0064869226110976,0.2641249029586819,0.0004912451833448,4
301,2,1,762,10033__Node__301,incoming,9.278977770165876e-05,0.2792776358993068,0.0175090287936074,4
302,1,36,37,10148__Node__302,incoming,0.0,0.2353574173712528,0.0002356564880674,4
303,1,17,75,10149__Node__303,incoming,0.0,0.2206210822105339,0.0003608298597847,4
304,1,6,144,10011__Node__304,incoming,0.0,0.2365209331067511,0.0003016590512941,4
307,2,0,947,10003__Node__307,incoming,0.0006985071978301,0.244295516195947,0.0002680297184406,3
308,1,13,93,10073__Node__308,incoming,0.0,0.2343666283964791,0.0044024269736943,4
309,4,16,79,10093__Node__309,incoming,0.0001559609460693,0.2620229334246106,0.0058509967770533,3
311,1,7,142,10071__Node__311,incoming,0.0,0.237843716016778,0.0002737663480395,4
312,2,1,762,10033__Node__312,incoming,1.7830732819827e-05,0.2706620701847432,0.0161056616707947,3
314,3,4,253,10034__Node__314,incoming,5.199928592348838e-05,0.2455887070901508,0.0093550403464938,3
315,1,2,617,10007__Node__315,incoming,0.0,0.2399874598322752,0.0026097371147464,4
316,1,20,64,10087__Node__316,incoming,0.0,0.1312529469758669,2.389934928079441e-08,4
317,1,0,947,10003__Node__317,incoming,0.0,0.2175024861486006,0.000164196921212,3
318,1,2,617,10007__Node__318,incoming,0.0,0.2399874598322752,0.0026097371147464,4
319,2,1,762,10033__Node__319,incoming,1.9014069920422304e-05,0.272856888255213,0.0195474723872831,4
320,1,5,241,10020__Node__320,incoming,0.0,0.237566917526573,0.0042162843710479,4
321,1,0,947,10003__Node__321,incoming,0.0,0.2175024861486006,0.000164196921212,4
322,1,49,28,10153__Node__322,incoming,0.0,0.225213298028832,0.0004236813080482,4
323,3,6,144,10011__Node__323,incoming,0.0001779773859615,0.2519335198288629,0.0032657003001347,4
324,2,54,25,10010__Node__324,outandin,1.4950745210355967e-05,0.2543189368770764,0.0059595357257822,2
325,2,47,29,10056__Node__325,incoming,2.013232017815538e-05,0.2388828210329224,0.0005107369011394,4
326,1,0,947,10003__Node__326,incoming,0.0,0.2175024861486006,0.000164196921212,3
328,3,1,762,10033__Node__328,incoming,0.0002598668950541,0.274176217765043,0.0198274060626968,3
329,2,0,947,10003__Node__329,incoming,0.0013899445399375,0.2317940953822861,0.0002997720672419,4
330,1,0,947,10003__Node__330,incoming,0.0,0.2175024861486006,0.000164196921212,4
331,1,0,947,10003__Node__331,incoming,0.0,0.2175024861486006,0.000164196921212,4
332,1,2,617,10007__Node__332,outandin,0.0,0.2399874598322752,0.0026097371147464,3
333,6,16,79,10093__Node__333,incoming,0.0001827275625024,0.2689976280418167,0.0133370838952314,4
334,1,0,947,10003__Node__334,incoming,0.0,0.2175024861486006,0.000164196921212,4
335,3,3,284,10032__Node__335,outandin,0.0001989368159395,0.2447055062734756,0.0070885550003856,3
336,1,5,241,10020__Node__336,incoming,0.0,0.237566917526573,0.0042162843710479,4
337,1,1,762,10033__Node__337,incoming,0.0,0.2683610867659947,0.014091263555276,4
340,1,0,947,10003__Node__340,incoming,0.0,0.2175024861486006,0.000164196921212,4
341,1,1,762,10033__Node__341,incoming,0.0,0.2683610867659947,0.014091263555276,4
342,1,44,29,10119__Node__342,incoming,0.0,0.215588256002253,0.0001850518649942,3
343,4,1,762,10033__Node__343,incoming,0.0002373439643206,0.2740044742729307,0.01729799766107,4
345,5,2,617,10007__Node__345,incoming,0.0009081378503031,0.2662145713788906,0.0155579674620168,3
346,1,5,241,10020__Node__346,incoming,0.0,0.237566917526573,0.0042162843710479,2
348,3,1,762,10033__Node__348,incoming,0.0002211896395149,0.2738084592685326,0.0169191420629258,3
349,3,1,762,10033__Node__349,incoming,0.0003907154378274,0.28226401179941,0.0190773576665779,4
350,1,1,762,10033__Node__350,incoming,0.0,0.2683610867659947,0.014091263555276,4
351,1,1,762,10033__Node__351,incoming,0.0,0.2683610867659947,0.014091263555276,4
352,1,2,617,10007__Node__352,incoming,0.0,0.2399874598322752,0.0026097371147464,4
353,1,24,59,10053__Node__353,outandin,0.0,0.2279630732578916,0.000898499345689,3
355,1,9,134,10047__Node__355,incoming,0.0,0.1764434712458223,8.12319243570349e-06,4
356,1,2,617,10007__Node__356,incoming,0.0,0.2399874598322752,0.0026097371147464,4
357,1,42,30,10162__Node__357,incoming,0.0,0.225196734573803,7.613691296057906e-05,4
358,1,0,947,10003__Node__358,incoming,0.0,0.2175024861486006,0.000164196921212,4
359,1,14,90,10077__Node__359,incoming,0.0,0.2212747506865154,0.0008134803921311,4
360,1,46,29,10045__Node__360,outandin,0.0,0.2200977573317999,0.000254847646932,0
361,1,0,947,10003__Node__361,incoming,0.0,0.2175024861486006,0.000164196921212,4
362,1,9,134,10047__Node__362,incoming,0.0,0.1764434712458223,8.12319243570349e-06,3
363,4,1,762,10033__Node__363,incoming,0.0001578143845613,0.2750875932081574,0.021980300669065,4
364,1,7,142,10071__Node__364,incoming,0.0,0.237843716016778,0.0002737663480395,4
365,1,13,93,10073__Node__365,incoming,0.0,0.2343666283964791,0.0044024269736943,4
366,1,20,64,10087__Node__366,incoming,0.0,0.1312529469758669,2.389934928079441e-08,4
367,1,41,31,10052__Node__367,incoming,0.0,0.2213067360508817,0.0004428564671978,4
370,1,6,144,10011__Node__370,incoming,0.0,0.2365209331067511,0.0003016590512941,4
371,1,2,617,10007__Node__371,incoming,0.0,0.2399874598322752,0.0026097371147464,4
372,3,56,25,10030__Node__372,incoming,0.0001037560957758,0.2438092204793375,0.0035154331887164,4
374,1,0,947,10003__Node__374,incoming,0.0,0.2175024861486006,0.000164196921212,4
375,3,55,25,10013__Node__375,incoming,0.0001717927659858,0.2454312279576787,0.0072223527322572,3
376,1,27,52,10108__Node__376,incoming,0.0,0.2191996563819886,0.000244376645587,4
378,1,0,947,10003__Node__378,incoming,0.0,0.2175024861486006,0.000164196921212,4
379,1,0,947,10003__Node__379,incoming,0.0,0.2175024861486006,0.000164196921212,4
380,1,0,947,10003__Node__380,incoming,0.0,0.2175024861486006,0.000164196921212,4
382,1,2,617,10007__Node__382,incoming,0.0,0.2399874598322752,0.0026097371147464,4
383,6,7,142,10071__Node__383,incoming,0.0016585575131361,0.2737839771101574,0.0115149420457672,4
384,1,34,40,10070__Node__384,incoming,0.0,0.2273706096383753,7.384433686416915e-05,4
385,1,0,947,10003__Node__385,incoming,0.0,0.2175024861486006,0.000164196921212,4
386,1,6,144,10011__Node__386,incoming,0.0,0.2365209331067511,0.0003016590512941,2
389,1,2,617,10007__Node__389,incoming,0.0,0.2399874598322752,0.0026097371147464,4
391,2,19,64,10008__Node__391,incoming,7.487631396247306e-05,0.2720810378532077,0.0155783117330249,4
393,3,17,75,10149__Node__393,outandin,0.0003221731977208,0.2675637888850052,0.0079948794691642,3
394,1,16,79,10093__Node__394,outandin,0.0,0.2549329781034052,0.0034177652383314,3
396,1,1,762,10033__Node__396,incoming,0.0,0.2683610867659947,0.014091263555276,4
397,2,2,617,10007__Node__397,incoming,4.611461389513688e-05,0.2417686537702329,0.0034250600777106,4
399,1,0,947,10003__Node__399,incoming,0.0,0.2175024861486006,0.000164196921212,4
401,1,2,617,10007__Node__401,incoming,0.0,0.2399874598322752,0.0026097371147464,1
402,1,0,947,10003__Node__402,incoming,0.0,0.2175024861486006,0.000164196921212,2
403,1,0,947,10003__Node__403,incoming,0.0,0.2175024861486006,0.000164196921212,4
404,5,59,24,10057__Node__404,incoming,0.0005292481087487,0.2868921577813173,0.0224795813973776,1
406,1,2,617,10007__Node__406,incoming,0.0,0.2399874598322752,0.0026097371147464,3
408,1,14,90,10077__Node__408,incoming,0.0,0.2212747506865154,0.0008134803921311,4
410,8,8,135,10039__Node__410,incoming,0.0017198860362147,0.280634222344423,0.0143732992861213,4
412,6,4,253,10034__Node__412,incoming,0.0015355064748144,0.2931265556193758,0.0261773542588587,4
413,2,1,762,10033__Node__413,incoming,1.9014069920422304e-05,0.272856888255213,0.0195474723872831,4
414,2,2,617,10007__Node__414,incoming,5.461457950978722e-05,0.2429965875724148,0.0033530448211858,4
415,2,14,90,10077__Node__415,incoming,9.016985873904356e-05,0.2404586147322129,0.0050297647631791,4
416,2,2,617,10007__Node__416,incoming,0.0001594221328562,0.2489633303520611,0.0070121640884408,4
418,1,12,115,10006__Node__418,incoming,0.0,0.2240925058548009,0.0007433077064394,4
420,1,22,61,10025__Node__420,incoming,0.0,0.2249320502460883,0.0009496431333218,4
421,4,36,37,10148__Node__421,incoming,0.0002757117034185,0.2679618447536536,0.0086667004751096,3
422,1,9,134,10047__Node__422,incoming,0.0,0.1764434712458223,8.12319243570349e-06,4
425,2,46,29,10045__Node__425,incoming,1.3099787635006944e-05,0.2339726446091541,0.0025221031564703,3
426,4,1,762,10033__Node__426,incoming,0.0003129384266916,0.2845724907063197,0.0245790797212953,1
429,4,1,762,10033__Node__429,incoming,0.0008505629533491,0.2887317303158887,0.0243272310717026,3
430,1,0,947,10003__Node__430,incoming,0.0,0.2175024861486006,0.000164196921212,3
431,1,0,947,10003__Node__431,incoming,0.0,0.2175024861486006,0.000164196921212,4
432,1,2,617,10007__Node__432,incoming,0.0,0.2399874598322752,0.0026097371147464,4
436,2,1,762,10033__Node__436,incoming,1.9014069920422304e-05,0.272856888255213,0.0195474723872831,2
437,1,2,617,10007__Node__437,incoming,0.0,0.2399874598322752,0.0026097371147464,4
438,1,2,617,10007__Node__438,incoming,0.0,0.2399874598322752,0.0026097371147464,4
439,1,22,61,10025__Node__439,outandin,0.0,0.2249320502460883,0.0009496431333218,0
440,1,0,947,10003__Node__440,incoming,0.0,0.2175024861486006,0.000164196921212,4
441,3,6,144,10011__Node__441,outandin,0.0001889583534174,0.2517471018663159,0.0020647825767471,3
444,1,30,44,10026__Node__444,incoming,0.0,0.2175024861486006,0.0002270011766974,4
445,6,1,762,10033__Node__445,incoming,0.0011243156448648,0.2930704441041347,0.0273549823233643,3
446,3,1,762,10033__Node__446,outandin,4.266605460566154e-05,0.274176217765043,0.0215618705028018,1
447,2,1,762,10033__Node__447,incoming,1.9014069920422304e-05,0.272856888255213,0.0195474723872831,4
448,2,1,762,10033__Node__448,incoming,1.9014069920422304e-05,0.272856888255213,0.0195474723872831,4
449,1,0,947,10003__Node__449,incoming,0.0,0.2175024861486006,0.000164196921212,4
451,6,23,61,10091__Node__451,incoming,0.0008257960286327,0.2883782256545489,0.0248385946367211,4
452,1,37,37,10191__Node__452,incoming,0.0,0.2083418384704361,9.426528333245428e-05,2
454,1,0,947,10003__Node__454,incoming,0.0,0.2175024861486006,0.000164196921212,4
456,1,42,30,10162__Node__456,incoming,0.0,0.225196734573803,7.613691296057906e-05,4
457,3,10,121,10055__Node__457,outandin,5.5771465237004186e-05,0.2569869911875787,0.0071493024414635,2
460,2,1,762,10033__Node__460,incoming,0.0001759196866761,0.2699938277047879,0.0143711972306897,4
462,1,39,34,10036__Node__462,incoming,0.0,0.2151338438839317,0.0001115750246547,4
463,1,25,57,10196__Node__463,incoming,0.0,0.2230802855893923,0.0003535959137667,4
465,1,0,947,10003__Node__465,outandin,0.0,0.2175024861486006,0.000164196921212,2
466,2,3,284,10032__Node__466,outandin,9.71369166979492e-05,0.2655911180501344,0.0094926598099871,1
467,1,9,134,10047__Node__467,incoming,0.0,0.1764434712458223,8.12319243570349e-06,4
468,1,35,38,10037__Node__468,incoming,0.0,0.2153759583597102,0.0001743830545354,4
469,2,14,90,10077__Node__469,incoming,5.6052535365899614e-05,0.2360650682291265,0.0030807359016693,4
471,1,3,284,10032__Node__471,incoming,0.0,0.2371988535130529,0.00403645097798,4
473,1,3,284,10032__Node__473,incoming,0.0,0.2371988535130529,0.00403645097798,2
474,2,6,144,10011__Node__474,incoming,8.014144281561397e-05,0.2482166018158236,0.001251302184616,3
475,2,1,762,10033__Node__475,incoming,5.269534795206538e-05,0.27710407239819,0.0168189749935212,4
476,4,53,26,10060__Node__476,incoming,0.0017642466471956,0.291313861668728,0.0224478317015327,1
477,3,29,48,10051__Node__477,incoming,3.2485198421746364e-05,0.2608843827213087,0.0086006688001606,4
478,1,2,617,10007__Node__478,incoming,0.0,0.2399874598322752,0.0026097371147464,4
479,1,16,79,10093__Node__479,incoming,0.0,0.2549329781034052,0.0034177652383314,4
481,1,0,947,10003__Node__481,incoming,0.0,0.2175024861486006,0.000164196921212,4
484,1,1,762,10033__Node__484,outandin,0.0,0.2683610867659947,0.014091263555276,1
486,1,6,144,10011__Node__486,incoming,0.0,0.2365209331067511,0.0003016590512941,3
487,1,37,37,10191__Node__487,incoming,0.0,0.2083418384704361,9.426528333245428e-05,2
488,2,1,762,10033__Node__488,outandin,6.667454559342008e-05,0.2713817247186032,0.014967103509752,2
489,1,47,29,10056__Node__489,incoming,0.0,0.2167634149794705,0.0002799336754136,4
490,4,34,40,10070__Node__490,outandin,0.0003630037409326,0.2511276962191421,0.0019979342552114,2
491,6,16,79,10093__Node__491,incoming,0.000694538427271,0.2796857873584216,0.0141431308951424,4
492,3,2,617,10007__Node__492,incoming,0.0005597691020779,0.2442760271240526,0.0034697267330309,4
493,1,4,253,10034__Node__493,outandin,0.0,0.2336869419216973,0.0028424708247791,3
496,2,59,24,10057__Node__496,incoming,9.673153584000271e-06,0.2355747038005847,0.0036577937877433,2
497,3,1,762,10033__Node__497,incoming,0.0001528839149485,0.2832824498103432,0.0229652376256146,4
498,6,1,762,10033__Node__498,incoming,0.0004643337335802,0.2854479351169945,0.0291093236325267,4
501,4,6,144,10011__Node__501,incoming,0.0016516821147416,0.2755579553635709,0.0154592476517371,4
502,1,27,52,10108__Node__502,incoming,0.0,0.2191996563819886,0.000244376645587,3
503,3,43,30,10054__Node__503,incoming,0.0004451450507801,0.2718394886363636,0.0100803440622722,3
504,1,20,64,10087__Node__504,incoming,0.0,0.1312529469758669,2.389934928079441e-08,4
505,1,9,134,10047__Node__505,incoming,0.0,0.1764434712458223,8.12319243570349e-06,4
506,2,1,762,10033__Node__506,incoming,4.524087821338092e-05,0.2693051890941073,0.0149690342017682,4
509,1,0,947,10003__Node__509,incoming,0.0,0.2175024861486006,0.000164196921212,4
510,1,6,144,10011__Node__510,incoming,0.0,0.2365209331067511,0.0003016590512941,4
512,2,1,762,10033__Node__512,incoming,1.9014069920422304e-05,0.272856888255213,0.0195474723872831,4
514,1,51,27,10066__Node__514,incoming,0.0,0.2329225619960444,9.624503640716152e-05,3
516,1,0,947,10003__Node__516,incoming,0.0,0.2175024861486006,0.000164196921212,4
517,1,0,947,10003__Node__517,incoming,0.0,0.2175024861486006,0.000164196921212,4
518,6,16,79,10093__Node__518,incoming,0.0003927904087166,0.2726867931249443,0.0130904708660078,4
519,3,7,142,10071__Node__519,incoming,0.0008267154633423,0.2766284217183124,0.0198212387353226,3
521,2,51,27,10066__Node__521,incoming,0.0002823752945336,0.2412543334383864,0.0003406216819942,3
522,2,8,135,10039__Node__522,incoming,1.4977051643351827e-05,0.2406097752632406,0.0065125695217147,2
523,4,5,241,10020__Node__523,incoming,0.0010423369066599,0.2610623241538068,0.0063460082881989,1
526,1,4,253,10034__Node__526,incoming,0.0,0.2336869419216973,0.0028424708247791,3
528,2,35,38,10037__Node__528,incoming,6.711513168106857e-05,0.24423705830741,0.0021887811700541,4
529,1,9,134,10047__Node__529,incoming,0.0,0.1764434712458223,8.12319243570349e-06,3
530,5,3,284,10032__Node__530,incoming,0.000921349063493,0.2667247386759582,0.0098557884071025,4
532,1,2,617,10007__Node__532,incoming,0.0,0.2399874598322752,0.0026097371147464,4
533,1,6,144,10011__Node__533,incoming,0.0,0.2365209331067511,0.0003016590512941,4
534,2,37,37,10191__Node__534,incoming,7.942288141916204e-05,0.2232592052497266,0.0009720359298246,2
537,1,3,284,10032__Node__537,incoming,0.0,0.2371988535130529,0.00403645097798,4
538,1,11,116,10016__Node__538,incoming,0.0,0.233224160255922,0.0022672555095382,2
539,1,54,25,10010__Node__539,outandin,0.0,0.2197187141216992,0.0005033268937751,2
540,1,57,25,10219__Node__540,outandin,0.0,0.227624145108534,7.581253999781134e-05,2
541,3,15,79,10017__Node__541,incoming,0.0003171389560834,0.2415969701751617,0.0056652290501498,3
542,1,2,617,10007__Node__542,incoming,0.0,0.2399874598322752,0.0026097371147464,4
543,8,1,762,10033__Node__543,incoming,0.0017160502534274,0.3088250126071609,0.0351622757351082,4
544,3,4,253,10034__Node__544,incoming,5.199928592348838e-05,0.2455887070901508,0.0093550403464938,2
546,4,39,34,10036__Node__546,incoming,0.0006688567942483,0.2580482049553346,0.0035384449889263,4
548,1,47,29,10056__Node__548,outandin,0.0,0.2167634149794705,0.0002799336754136,1
549,4,26,56,10177__Node__549,incoming,0.0002699353108733,0.2685493773022276,0.0092280065896453,3
551,3,1,762,10033__Node__551,incoming,0.0001528839149485,0.2832824498103432,0.0229652376256146,2
552,1,22,61,10025__Node__552,outandin,0.0,0.2249320502460883,0.0009496431333218,3
553,1,6,144,10011__Node__553,incoming,0.0,0.2365209331067511,0.0003016590512941,4
554,3,10,121,10055__Node__554,incoming,4.391716205324575e-05,0.2633072491185828,0.0118730339212202,4
555,2,17,75,10149__Node__555,incoming,0.0001002962345249,0.2393496443367466,0.0043972808377648,4
556,3,1,762,10033__Node__556,incoming,0.0002040483323643,0.2810721498072333,0.020146208732533,3
557,2,0,947,10003__Node__557,incoming,0.0259894147439895,0.2926502915033929,0.014255460476488,4
558,1,4,253,10034__Node__558,incoming,0.0,0.2336869419216973,0.0028424708247791,4
560,3,1,762,10033__Node__560,incoming,0.0001241290631249,0.2762789858341604,0.021034520565032,4
561,1,6,144,10011__Node__561,incoming,0.0,0.2365209331067511,0.0003016590512941,4
562,1,2,617,10007__Node__562,incoming,0.0,0.2399874598322752,0.0026097371147464,4
563,1,0,947,10003__Node__563,incoming,0.0,0.2175024861486006,0.000164196921212,4
564,1,6,144,10011__Node__564,incoming,0.0,0.2365209331067511,0.0003016590512941,4
565,1,4,253,10034__Node__565,incoming,0.0,0.2336869419216973,0.0028424708247791,2
566,1,0,947,10003__Node__566,incoming,0.0,0.2175024861486006,0.000164196921212,2
568,1,1,762,10033__Node__568,incoming,0.0,0.2683610867659947,0.014091263555276,3
569,1,0,947,10003__Node__569,incoming,0.0,0.2175024861486006,0.000164196921212,4
571,1,0,947,10003__Node__571,incoming,0.0,0.2175024861486006,0.000164196921212,3
572,1,0,947,10003__Node__572,incoming,0.0,0.2175024861486006,0.000164196921212,4
573,2,2,617,10007__Node__573,incoming,0.0007749913762437,0.2856076858502005,0.0167010006700224,4
574,1,18,71,10147__Node__574,incoming,0.0,0.2354117013915584,0.0002308032257257,4
575,1,20,64,10087__Node__575,incoming,0.0,0.1312529469758669,2.389934928079441e-08,4
577,5,24,59,10053__Node__577,incoming,0.0003747513627955,0.2679852966917556,0.0082117694351218,2
578,1,0,947,10003__Node__578,incoming,0.0,0.2175024861486006,0.000164196921212,4
579,3,22,61,10025__Node__579,incoming,0.0011132443474289,0.2661914283230461,0.0038610392993624,4
581,1,3,284,10032__Node__581,incoming,0.0,0.2371988535130529,0.00403645097798,4
582,1,2,617,10007__Node__582,incoming,0.0,0.2399874598322752,0.0026097371147464,4
583,1,2,617,10007__Node__583,incoming,0.0,0.2399874598322752,0.0026097371147464,4
584,3,23,61,10091__Node__584,incoming,9.93042751973709e-05,0.2583312241626592,0.0060917473203015,3
585,4,1,762,10033__Node__585,incoming,0.0004182286691127,0.2830467738953596,0.0232052661750265,4
587,10,3,284,10032__Node__587,incoming,0.0023450114488062,0.2968204730515704,0.0240246590036423,2
588,2,4,253,10034__Node__588,incoming,0.0001580641336142,0.2481562525326201,0.0054522079395255,4
591,1,0,947,10003__Node__591,incoming,0.0,0.2175024861486006,0.000164196921212,4
592,1,0,947,10003__Node__592,incoming,0.0,0.2175024861486006,0.000164196921212,4
593,1,2,617,10007__Node__593,incoming,0.0,0.2399874598322752,0.0026097371147464,4
594,5,3,284,10032__Node__594,incoming,0.0004529703035521,0.2476144266537279,0.0082808333887447,4
595,1,18,71,10147__Node__595,outandin,0.0,0.2354117013915584,0.0002308032257257,1
596,7,2,617,10007__Node__596,incoming,0.0012091708582875,0.287107360525082,0.0162872895455641,4
598,1,0,947,10003__Node__598,incoming,0.0,0.2175024861486006,0.000164196921212,4
601,1,2,617,10007__Node__601,incoming,0.0,0.2399874598322752,0.0026097371147464,2
602,4,11,116,10016__Node__602,incoming,0.000106173109246,0.2657294107437299,0.0098832625743359,3
603,2,59,24,10057__Node__603,incoming,9.673153584000271e-06,0.2355747038005847,0.0036577937877433,1
605,1,0,947,10003__Node__605,incoming,0.0,0.2175024861486006,0.000164196921212,4
606,2,5,241,10020__Node__606,incoming,6.992276531450556e-05,0.2470350947962888,0.008252735349028,4
607,1,0,947,10003__Node__607,incoming,0.0,0.2175024861486006,0.000164196921212,4
608,1,0,947,10003__Node__608,outandin,0.0,0.2175024861486006,0.000164196921212,3
609,1,2,617,10007__Node__609,incoming,0.0,0.2399874598322752,0.0026097371147464,4
611,4,12,115,10006__Node__611,incoming,0.0003699054894382,0.2592937589973749,0.004733267881794,4
612,2,34,40,10070__Node__612,incoming,0.0001771075327468,0.2538761296741563,0.0055300531688712,4
614,1,7,142,10071__Node__614,incoming,0.0,0.237843716016778,0.0002737663480395,4
616,3,45,29,10031__Node__616,incoming,7.311409179349483e-05,0.226865229310217,0.0006121488068836,3
617,6,10,121,10055__Node__617,incoming,0.0008567728379737,0.2953887709820567,0.0310295791786813,3
618,1,3,284,10032__Node__618,incoming,0.0,0.2371988535130529,0.00403645097798,4
620,2,2,617,10007__Node__620,incoming,3.4001010930272524e-05,0.2405530677979417,0.0027733346511765,4
621,1,2,617,10007__Node__621,incoming,0.0,0.2399874598322752,0.0026097371147464,4
622,3,24,59,10053__Node__622,incoming,4.258303000779791e-05,0.2393309363764264,0.0045562931334324,3
623,1,20,64,10087__Node__623,incoming,0.0,0.1312529469758669,2.389934928079441e-08,3
624,1,7,142,10071__Node__624,incoming,0.0,0.237843716016778,0.0002737663480395,4
626,1,1,762,10033__Node__626,incoming,0.0,0.2683610867659947,0.014091263555276,4
628,1,1,762,10033__Node__628,outandin,0.0,0.2683610867659947,0.014091263555276,0
629,1,14,90,10077__Node__629,outandin,0.0,0.2212747506865154,0.0008134803921311,0
630,1,1,762,10033__Node__630,incoming,0.0,0.2683610867659947,0.014091263555276,4
631,1,2,617,10007__Node__631,incoming,0.0,0.2399874598322752,0.0026097371147464,4
632,1,45,29,10031__Node__632,outandin,0.0,0.2163651780667043,0.0001751070662853,2
633,2,2,617,10007__Node__633,incoming,5.461457950978722e-05,0.2429965875724148,0.0033530448211858,4
636,1,0,947,10003__Node__636,incoming,0.0,0.2175024861486006,0.000164196921212,4
637,3,58,24,10143__Node__637,incoming,0.0002003947657607,0.25209945661123,0.0025181252091552,3
638,1,0,947,10003__Node__638,incoming,0.0,0.2175024861486006,0.000164196921212,4
639,1,3,284,10032__Node__639,incoming,0.0,0.2371988535130529,0.00403645097798,2
640,1,1,762,10033__Node__640,outandin,0.0,0.2683610867659947,0.014091263555276,0
642,1,20,64,10087__Node__642,incoming,0.0,0.1312529469758669,2.389934928079441e-08,4
643,3,14,90,10077__Node__643,incoming,0.00034977478083,0.2825244510057206,0.0183225091857386,4
645,1,1,762,10033__Node__645,incoming,0.0,0.2683610867659947,0.014091263555276,4
646,3,19,64,10008__Node__646,incoming,6.6619799236279e-05,0.2425922991601964,0.0069079005823117,4
647,2,23,61,10091__Node__647,incoming,7.665318694891207e-05,0.249084845033759,0.0011774990057701,4
648,1,2,617,10007__Node__648,incoming,0.0,0.2399874598322752,0.0026097371147464,4
649,1,2,617,10007__Node__649,incoming,0.0,0.2399874598322752,0.0026097371147464,4
650,2,25,57,10196__Node__650,incoming,2.963932805812744e-05,0.2262282970077576,0.0005279789683021,4
651,1,14,90,10077__Node__651,incoming,0.0,0.2212747506865154,0.0008134803921311,4
653,1,14,90,10077__Node__653,incoming,0.0,0.2212747506865154,0.0008134803921311,4
654,4,16,79,10093__Node__654,outandin,0.0001965547342057,0.2671436049555051,0.0094484415535888,1
655,1,52,26,10139__Node__655,incoming,0.0,0.2216912829423689,6.818956921190524e-05,4
658,1,44,29,10119__Node__658,incoming,0.0,0.215588256002253,0.0001850518649942,3
659,5,4,253,10034__Node__659,incoming,0.0009302913143562,0.2771793247035394,0.0125305774330477,4
660,1,3,284,10032__Node__660,incoming,0.0,0.2371988535130529,0.00403645097798,4
661,3,2,617,10007__Node__661,incoming,0.0005115740386888,0.2784142571376614,0.0109084167715326,3
663,1,0,947,10003__Node__663,incoming,0.0,0.2175024861486006,0.000164196921212,4
664,1,16,79,10093__Node__664,incoming,0.0,0.2549329781034052,0.0034177652383314,4
665,1,0,947,10003__Node__665,incoming,0.0,0.2175024861486006,0.000164196921212,4
669,1,0,947,10003__Node__669,incoming,0.0,0.2175024861486006,0.000164196921212,1
670,1,9,134,10047__Node__670,incoming,0.0,0.1764434712458223,8.12319243570349e-06,4
672,2,1,762,10033__Node__672,incoming,1.9014069920422304e-05,0.272856888255213,0.0195474723872831,3
673,1,2,617,10007__Node__673,incoming,0.0,0.2399874598322752,0.0026097371147464,3
675,1,0,947,10003__Node__675,incoming,0.0,0.2175024861486006,0.000164196921212,4
676,4,13,93,10073__Node__676,incoming,0.0001263129532801,0.2698748457606205,0.0119261085277731,3
677,1,0,947,10003__Node__677,incoming,0.0,0.2175024861486006,0.000164196921212,4
678,1,2,617,10007__Node__678,incoming,0.0,0.2399874598322752,0.0026097371147464,4
679,2,5,241,10020__Node__679,incoming,2.466272065988632e-05,0.2415397964818174,0.0064835398805862,4
680,1,44,29,10119__Node__680,incoming,0.0,0.215588256002253,0.0001850518649942,3
681,3,1,762,10033__Node__681,outandin,8.244362856103914e-05,0.2736371760500447,0.0204252430337753,1
683,4,26,56,10177__Node__683,incoming,0.0003170019562568,0.2864359214218896,0.0225039957413909,4
684,2,1,762,10033__Node__684,incoming,4.139241354486576e-05,0.271357674583481,0.015929924361485,4
685,1,18,71,10147__Node__685,incoming,0.0,0.2354117013915584,0.0002308032257257,4
687,5,31,44,10065__Node__687,incoming,0.0001908857278521,0.2512513333880364,0.0125799098985966,4
688,1,1,762,10033__Node__688,incoming,0.0,0.2683610867659947,0.014091263555276,3
690,1,4,253,10034__Node__690,incoming,0.0,0.2336869419216973,0.0028424708247791,4
691,3,10,121,10055__Node__691,outandin,0.0002332252973814,0.279405055205767,0.0220235909310177,3
692,1,36,37,10148__Node__692,incoming,0.0,0.2353574173712528,0.0002356564880674,4
693,1,7,142,10071__Node__693,incoming,0.0,0.237843716016778,0.0002737663480395,4
696,1,4,253,10034__Node__696,incoming,0.0,0.2336869419216973,0.0028424708247791,4
698,1,39,34,10036__Node__698,incoming,0.0,0.2151338438839317,0.0001115750246547,4
700,3,1,762,10033__Node__700,incoming,0.0011359712852167,0.2948199499326016,0.0194287121082676,4
701,3,22,61,10025__Node__701,incoming,0.0002751386724945,0.2808658961658411,0.0192571910596458,3
702,1,0,947,10003__Node__702,incoming,0.0,0.2175024861486006,0.000164196921212,4
704,2,2,617,10007__Node__704,incoming,0.0007749913762437,0.2856076858502005,0.0167010006700224,4
706,1,2,617,10007__Node__706,incoming,0.0,0.2399874598322752,0.0026097371147464,4
707,1,0,947,10003__Node__707,outandin,0.0,0.2175024861486006,0.000164196921212,0
708,3,46,29,10045__Node__708,outandin,6.934597249076501e-05,0.236795298120795,0.0034206025021594,3
709,2,2,617,10007__Node__709,incoming,4.611461389513688e-05,0.2417686537702329,0.0034250600777106,4
710,2,2,617,10007__Node__710,incoming,0.000162186252984,0.262382176520994,0.0034855770692224,3
711,2,6,144,10011__Node__711,outandin,0.0004195924771556,0.2718394886363636,0.0143929226065702,3
712,1,25,57,10196__Node__712,incoming,0.0,0.2230802855893923,0.0003535959137667,4
713,2,19,64,10008__Node__713,outandin,7.487631396247306e-05,0.2720810378532077,0.0155783117330249,1
715,1,6,144,10011__Node__715,incoming,0.0,0.2365209331067511,0.0003016590512941,4
717,1,2,617,10007__Node__717,incoming,0.0,0.2399874598322752,0.0026097371147464,4
718,4,1,762,10033__Node__718,incoming,0.0012401003900855,0.2729541807808878,0.0153748073745208,3
719,2,7,142,10071__Node__719,incoming,0.0001220531628083,0.2420170723996206,0.0004559604417058,3
720,3,14,90,10077__Node__720,incoming,0.0002660951934293,0.2742744536008599,0.0157805839018831,4
722,1,0,947,10003__Node__722,incoming,0.0,0.2175024861486006,0.000164196921212,3
723,1,45,29,10031__Node__723,incoming,0.0,0.2163651780667043,0.0001751070662853,3
724,2,15,79,10017__Node__724,incoming,2.757541724590199e-05,0.2367220718979513,0.0040470388582939,4
726,4,35,38,10037__Node__726,incoming,0.0003161583820303,0.2617541460078646,0.0055937107040443,3
727,1,0,947,10003__Node__727,incoming,0.0,0.2175024861486006,0.000164196921212,4
729,1,5,241,10020__Node__729,incoming,0.0,0.237566917526573,0.0042162843710479,4
733,2,6,144,10011__Node__733,incoming,0.0004195924771556,0.2718394886363636,0.0143929226065702,4
735,1,1,762,10033__Node__735,incoming,0.0,0.2683610867659947,0.014091263555276,4
736,2,2,617,10007__Node__736,incoming,0.0002980292885332,0.2714298377803386,0.0060275023530778,4
737,1,5,241,10020__Node__737,incoming,0.0,0.237566917526573,0.0042162843710479,1
738,1,5,241,10020__Node__738,outandin,0.0,0.237566917526573,0.0042162843710479,0
739,1,15,79,10017__Node__739,incoming,0.0,0.2249485747869526,0.0012045680335147,4
741,1,0,947,10003__Node__741,incoming,0.0,0.2175024861486006,0.000164196921212,3
742,1,2,617,10007__Node__742,incoming,0.0,0.2399874598322752,0.0026097371147464,4
746,1,2,617,10007__Node__746,incoming,0.0,0.2399874598322752,0.0026097371147464,4
747,3,46,29,10045__Node__747,incoming,7.149125677175494e-05,0.2347619412711799,0.0026972102227556,2
748,1,6,144,10011__Node__748,incoming,0.0,0.2365209331067511,0.0003016590512941,1
749,4,1,762,10033__Node__749,incoming,0.0009145049837196,0.2733440457061239,0.0148991761989919,4
750,1,7,142,10071__Node__750,incoming,0.0,0.237843716016778,0.0002737663480395,4
753,8,2,617,10007__Node__753,incoming,0.0026734242207918,0.2881068874670681,0.0145702831340351,4
756,1,6,144,10011__Node__756,incoming,0.0,0.2365209331067511,0.0003016590512941,4
757,4,31,44,10065__Node__757,incoming,9.352228496730892e-05,0.2642388677942699,0.0087994604457498,1
758,2,14,90,10077__Node__758,incoming,0.0001681338849437,0.2716465578424414,0.0149047439474071,3
759,1,0,947,10003__Node__759,incoming,0.0,0.2175024861486006,0.000164196921212,4
760,2,31,44,10065__Node__760,incoming,2.19454479566299e-05,0.2585711872994427,0.0052564260445404,4
762,2,1,762,10033__Node__762,incoming,1.9014069920422304e-05,0.272856888255213,0.0195474723872831,4
763,1,45,29,10031__Node__763,incoming,0.0,0.2163651780667043,0.0001751070662853,2
764,2,14,90,10077__Node__764,incoming,3.1286762892173274e-05,0.2477546727081479,0.0016893203466071,3
765,10,3,284,10032__Node__765,incoming,0.0042990492012618,0.3158329035585353,0.035355693239782,4
766,1,5,241,10020__Node__766,incoming,0.0,0.237566917526573,0.0042162843710479,4
767,5,15,79,10017__Node__767,incoming,0.0002470748767479,0.2640338018453048,0.0073327145049278,4
769,1,0,947,10003__Node__769,incoming,0.0,0.2175024861486006,0.000164196921212,4
770,1,1,762,10033__Node__770,incoming,0.0,0.2683610867659947,0.014091263555276,4
771,3,33,43,10088__Node__771,outandin,0.0003676173522338,0.2356109572176054,0.003176371510702,3
772,5,8,135,10039__Node__772,incoming,0.0012093662930617,0.2841499628804751,0.0232602607452785,4
774,3,6,144,10011__Node__774,incoming,0.0010819697984149,0.2657524735289012,0.0037872361205166,4
776,1,2,617,10007__Node__776,incoming,0.0,0.2399874598322752,0.0026097371147464,4
778,5,3,284,10032__Node__778,incoming,0.0003682473660919,0.2492267621683216,0.0104631728898093,4
779,3,4,253,10034__Node__779,incoming,0.0001364939766953,0.2485591362935303,0.0093260107053654,3
780,1,5,241,10020__Node__780,incoming,0.0,0.237566917526573,0.0042162843710479,4
781,7,4,253,10034__Node__781,incoming,0.0017438078090955,0.3008449597170367,0.0259399556024708,4
785,3,1,762,10033__Node__785,incoming,0.0001517880964792,0.2780350494869699,0.0218147278968214,4
786,2,47,29,10056__Node__786,incoming,2.013232017815538e-05,0.2388828210329224,0.0005107369011394,4
787,1,3,284,10032__Node__787,incoming,0.0,0.2371988535130529,0.00403645097798,4
788,11,3,284,10032__Node__788,incoming,0.0031264889095095,0.3095430651031136,0.0344185941087658,1
789,1,2,617,10007__Node__789,incoming,0.0,0.2399874598322752,0.0026097371147464,4
790,3,2,617,10007__Node__790,incoming,0.0004386270187982,0.2722503778785454,0.0088092536531929,3
794,1,37,37,10191__Node__794,incoming,0.0,0.2083418384704361,9.426528333245428e-05,3
795,3,4,253,10034__Node__795,incoming,0.0001422023263097,0.2456084061923478,0.0073136028427591,2
796,3,41,31,10052__Node__796,incoming,0.0001668545250705,0.2583094314155559,0.0048947973263133,4
797,1,2,617,10007__Node__797,incoming,0.0,0.2399874598322752,0.0026097371147464,4
799,1,9,134,10047__Node__799,outandin,0.0,0.1764434712458223,8.12319243570349e-06,3
800,4,1,762,10033__Node__800,incoming,0.0004074336153174,0.2927902084528591,0.0271815219966626,4
801,1,2,617,10007__Node__801,incoming,0.0,0.2399874598322752,0.0026097371147464,4
802,3,2,617,10007__Node__802,incoming,9.433547746246123e-05,0.2426499722640462,0.0035874484452412,3
803,1,6,144,10011__Node__803,incoming,0.0,0.2365209331067511,0.0003016590512941,4
804,1,9,134,10047__Node__804,incoming,0.0,0.1764434712458223,8.12319243570349e-06,4
805,1,59,24,10057__Node__805,incoming,0.0,0.2220610631662919,0.0008153229629642,1
808,2,1,762,10033__Node__808,outandin,0.000152850489183,0.2752606975907947,0.0165673820990106,0
809,2,4,253,10034__Node__809,incoming,2.352474870298016e-05,0.2428616751269035,0.0068789218027592,3
810,1,33,43,10088__Node__810,outandin,0.0,0.2123734221112498,0.0001166819118451,2
811,3,14,90,10077__Node__811,incoming,0.0001220451606485,0.259535514493982,0.00721933235746,4
812,1,0,947,10003__Node__812,incoming,0.0,0.2175024861486006,0.000164196921212,3
813,3,1,762,10033__Node__813,incoming,0.000113602375645,0.2797880116959064,0.0186576357997302,3
816,1,11,116,10016__Node__816,incoming,0.0,0.233224160255922,0.0022672555095382,2
818,1,1,762,10033__Node__818,outandin,0.0,0.2683610867659947,0.014091263555276,0
820,6,43,30,10054__Node__820,outandin,0.0007226495842223,0.2896329928111994,0.0209271722785337,1
821,1,0,947,10003__Node__821,incoming,0.0,0.2175024861486006,0.000164196921212,4
823,1,0,947,10003__Node__823,incoming,0.0,0.2175024861486006,0.000164196921212,4
824,1,1,762,10033__Node__824,incoming,0.0,0.2683610867659947,0.014091263555276,4
825,1,6,144,10011__Node__825,incoming,0.0,0.2365209331067511,0.0003016590512941,4
826,1,18,71,10147__Node__826,incoming,0.0,0.2354117013915584,0.0002308032257257,4
827,3,39,34,10036__Node__827,incoming,8.294440541357281e-05,0.2355022304260882,0.0033866043408306,4
829,2,27,52,10108__Node__829,incoming,0.0001264403755678,0.237566917526573,0.0003182209824512,4
831,2,1,762,10033__Node__831,incoming,1.9014069920422304e-05,0.272856888255213,0.0195474723872831,3
832,1,8,135,10039__Node__832,incoming,0.0,0.2294320395624157,0.0024761185437346,4
833,1,2,617,10007__Node__833,incoming,0.0,0.2399874598322752,0.0026097371147464,3
834,3,8,135,10039__Node__834,incoming,0.0004120135794677,0.2844403158383651,0.0206038330769907,4
835,4,2,617,10007__Node__835,outandin,0.0007446271237737,0.254128973358785,0.0094545266642643,2
836,1,17,75,10149__Node__836,incoming,0.0,0.2206210822105339,0.0003608298597847,4
837,1,2,617,10007__Node__837,incoming,0.0,0.2399874598322752,0.0026097371147464,4
838,1,20,64,10087__Node__838,incoming,0.0,0.1312529469758669,2.389934928079441e-08,4
840,1,14,90,10077__Node__840,incoming,0.0,0.2212747506865154,0.0008134803921311,4
841,1,0,947,10003__Node__841,incoming,0.0,0.2175024861486006,0.000164196921212,4
842,2,1,762,10033__Node__842,incoming,0.0003196517024447,0.2693051890941073,0.0141950963525046,4
844,1,1,762,10033__Node__844,incoming,0.0,0.2683610867659947,0.014091263555276,4
846,2,1,762,10033__Node__846,incoming,5.269534795206538e-05,0.27710407239819,0.0168189749935212,4
848,1,52,26,10139__Node__848,incoming,0.0,0.2216912829423689,6.818956921190524e-05,4
850,2,17,75,10149__Node__850,incoming,7.434162341532645e-05,0.2369969040247678,0.0047632568334791,4
851,13,16,79,10093__Node__851,incoming,0.0045490435581594,0.3070289782412513,0.0323588062565419,3
852,1,20,64,10087__Node__852,incoming,0.0,0.1312529469758669,2.389934928079441e-08,4
853,1,6,144,10011__Node__853,outandin,0.0,0.2365209331067511,0.0003016590512941,2
854,1,0,947,10003__Node__854,incoming,0.0,0.2175024861486006,0.000164196921212,3
855,3,32,43,10064__Node__855,incoming,9.724795172576544e-05,0.2715742793791574,0.0165240918370579,4
856,1,6,144,10011__Node__856,incoming,0.0,0.2365209331067511,0.0003016590512941,3
857,1,5,241,10020__Node__857,incoming,0.0,0.237566917526573,0.0042162843710479,3
859,1,41,31,10052__Node__859,incoming,0.0,0.2213067360508817,0.0004428564671978,4
860,2,1,762,10033__Node__860,outandin,4.139241354486576e-05,0.271357674583481,0.015929924361485,3
861,2,2,617,10007__Node__861,incoming,0.0001899725461313,0.2434990059642147,0.0035593802480682,4
862,11,29,48,10051__Node__862,outandin,0.0108746843498979,0.326056862953892,0.0310430974368699,1
863,1,2,617,10007__Node__863,incoming,0.0,0.2399874598322752,0.0026097371147464,4
864,1,3,284,10032__Node__864,incoming,0.0,0.2371988535130529,0.00403645097798,4
865,1,11,116,10016__Node__865,incoming,0.0,0.233224160255922,0.0022672555095382,4
866,1,0,947,10003__Node__866,incoming,0.0,0.2175024861486006,0.000164196921212,3
869,1,0,947,10003__Node__869,incoming,0.0,0.2175024861486006,0.000164196921212,4
870,1,2,617,10007__Node__870,incoming,0.0,0.2399874598322752,0.0026097371147464,4
872,2,0,947,10003__Node__872,outandin,0.000664712073882,0.2530787668402347,0.0002604419576191,3
873,5,15,79,10017__Node__873,outandin,0.000830846516786,0.2912584419290402,0.020811637222363,2
874,1,0,947,10003__Node__874,incoming,0.0,0.2175024861486006,0.000164196921212,1
875,3,15,79,10017__Node__875,outandin,0.0001207486475843,0.2469753185997741,0.0082633232293419,2
876,1,0,947,10003__Node__876,incoming,0.0,0.2175024861486006,0.000164196921212,4
877,1,0,947,10003__Node__877,incoming,0.0,0.2175024861486006,0.000164196921212,4
878,2,32,43,10064__Node__878,outandin,1.681893920694377e-05,0.2368319282233738,0.0012962008127553,1
880,1,60,24,10061__Node__880,outandin,0.0,0.2101722836158967,6.867560595065936e-05,1
881,1,30,44,10026__Node__881,incoming,0.0,0.2175024861486006,0.0002270011766974,4
884,2,5,241,10020__Node__884,incoming,0.0001462096216378,0.2789214793222809,0.018307547926324,3
885,1,6,144,10011__Node__885,incoming,0.0,0.2365209331067511,0.0003016590512941,4
886,2,6,144,10011__Node__886,incoming,0.0004195924771556,0.2718394886363636,0.0143929226065702,4
887,2,12,115,10006__Node__887,incoming,5.133616210701521e-05,0.2368319282233738,0.0035857785312185,4
888,1,2,617,10007__Node__888,incoming,0.0,0.2399874598322752,0.0026097371147464,4
889,1,0,947,10003__Node__889,incoming,0.0,0.2175024861486006,0.000164196921212,3
890,1,1,762,10033__Node__890,incoming,0.0,0.2683610867659947,0.014091263555276,4
892,4,12,115,10006__Node__892,incoming,0.0002100314890072,0.2484986203538386,0.0100983480529332,4
893,1,2,617,10007__Node__893,incoming,0.0,0.2399874598322752,0.0026097371147464,4
897,1,51,27,10066__Node__897,incoming,0.0,0.2329225619960444,9.624503640716152e-05,2
898,5,4,253,10034__Node__898,incoming,0.000297043405331,0.2481964821269352,0.0099008648529534,1
899,1,57,25,10219__Node__899,outandin,0.0,0.227624145108534,7.581253999781134e-05,3
900,4,4,253,10034__Node__900,incoming,0.000258604173099,0.2710454102859166,0.0104051677281155,4
901,1,1,762,10033__Node__901,incoming,0.0,0.2683610867659947,0.014091263555276,4
902,1,5,241,10020__Node__902,incoming,0.0,0.237566917526573,0.0042162843710479,3
903,2,12,115,10006__Node__903,incoming,5.461457950978722e-05,0.2429965875724148,0.0033530448211858,4
904,1,2,617,10007__Node__904,incoming,0.0,0.2399874598322752,0.0026097371147464,4
905,2,1,762,10033__Node__905,incoming,1.9014069920422304e-05,0.272856888255213,0.0195474723872831,4
906,1,8,135,10039__Node__906,incoming,0.0,0.2294320395624157,0.0024761185437346,4
908,1,49,28,10153__Node__908,incoming,0.0,0.225213298028832,0.0004236813080482,4
909,1,7,142,10071__Node__909,incoming,0.0,0.237843716016778,0.0002737663480395,4
910,1,6,144,10011__Node__910,incoming,0.0,0.2365209331067511,0.0003016590512941,4
911,1,4,253,10034__Node__911,incoming,0.0,0.2336869419216973,0.0028424708247791,4
913,1,2,617,10007__Node__913,incoming,0.0,0.2399874598322752,0.0026097371147464,4
914,4,3,284,10032__Node__914,incoming,0.0002971150072831,0.2747913488288612,0.0148112491785009,4
915,2,13,93,10073__Node__915,outandin,2.401378789768431e-05,0.2628777472527472,0.0078201922120258,0
916,1,4,253,10034__Node__916,incoming,0.0,0.2336869419216973,0.0028424708247791,4
917,3,2,617,10007__Node__917,incoming,0.000271561218561,0.2670271213046132,0.0064627960364741,4
918,2,7,142,10071__Node__918,incoming,9.204327786780429e-05,0.2466768710223153,0.0006273622618062,4
919,1,0,947,10003__Node__919,incoming,0.0,0.2175024861486006,0.000164196921212,4
920,1,0,947,10003__Node__920,incoming,0.0,0.2175024861486006,0.000164196921212,4
921,1,0,947,10003__Node__921,incoming,0.0,0.2175024861486006,0.000164196921212,4
927,1,27,52,10108__Node__927,incoming,0.0,0.2191996563819886,0.000244376645587,4
930,2,1,762,10033__Node__930,incoming,0.0001681338849437,0.2716465578424414,0.0149047439474071,4
931,3,1,762,10033__Node__931,incoming,0.0001513613664651,0.281796429228787,0.0202367402318526,4
932,1,3,284,10032__Node__932,incoming,0.0,0.2371988535130529,0.00403645097798,4
933,1,2,617,10007__Node__933,incoming,0.0,0.2399874598322752,0.0026097371147464,4
936,3,5,241,10020__Node__936,incoming,0.0001166740749576,0.2412923561859732,0.0055330916569542,3
937,2,6,144,10011__Node__937,incoming,7.960763955615078e-05,0.2451953875720691,0.0011151394434252,3
938,1,12,115,10006__Node__938,incoming,0.0,0.2240925058548009,0.0007433077064394,4
939,1,0,947,10003__Node__939,incoming,0.0,0.2175024861486006,0.000164196921212,4
940,3,22,61,10025__Node__940,outandin,0.0002367428677249,0.248579314823835,0.0018369678623171,1
941,3,1,762,10033__Node__941,incoming,0.000562920209698,0.2747666905958363,0.0152687625610462,4
942,2,6,144,10011__Node__942,incoming,0.0004195924771556,0.2718394886363636,0.0143929226065702,3
943,2,1,762,10033__Node__943,incoming,1.9014069920422304e-05,0.272856888255213,0.0195474723872831,4
944,2,47,29,10056__Node__944,incoming,2.013232017815538e-05,0.2388828210329224,0.0005107369011394,4
946,1,2,617,10007__Node__946,incoming,0.0,0.2399874598322752,0.0026097371147464,4
947,4,8,135,10039__Node__947,incoming,0.0001307530084605,0.2437898089171974,0.0073879844803093,4
949,2,6,144,10011__Node__949,incoming,0.0004195924771556,0.2718394886363636,0.0143929226065702,4
950,1,3,284,10032__Node__950,incoming,0.0,0.2371988535130529,0.00403645097798,4
951,2,10,121,10055__Node__951,incoming,1.9014069920422304e-05,0.272856888255213,0.0195474723872831,4
953,3,13,93,10073__Node__953,incoming,0.0002257036510893,0.2839655012519707,0.0227099749000184,1
954,3,4,253,10034__Node__954,incoming,7.751462659436891e-05,0.2459240221668942,0.0083659699805081,4
955,1,3,284,10032__Node__955,incoming,0.0,0.2371988535130529,0.00403645097798,4
956,1,12,115,10006__Node__956,incoming,0.0,0.2240925058548009,0.0007433077064394,4
957,6,2,617,10007__Node__957,incoming,0.001053721099438,0.2792521659826721,0.0094089275439681,4
960,3,1,762,10033__Node__960,incoming,0.0001528839149485,0.2832824498103432,0.0229652376256146,4
961,1,5,241,10020__Node__961,incoming,0.0,0.237566917526573,0.0042162843710479,3
962,1,44,29,10119__Node__962,incoming,0.0,0.215588256002253,0.0001850518649942,1
963,4,18,71,10147__Node__963,incoming,0.0009002390866018,0.2508396821495863,0.0010938219755994,4
966,1,2,617,10007__Node__966,incoming,0.0,0.2399874598322752,0.0026097371147464,4
968,1,12,115,10006__Node__968,incoming,0.0,0.2240925058548009,0.0007433077064394,2
969,1,2,617,10007__Node__969,incoming,0.0,0.2399874598322752,0.0026097371147464,4
970,2,18,71,10147__Node__970,incoming,2.689243794407916e-05,0.2418450359371297,0.0004664597137931,4
971,1,7,142,10071__Node__971,incoming,0.0,0.237843716016778,0.0002737663480395,4
973,2,23,61,10091__Node__973,outandin,0.000162186252984,0.262382176520994,0.0034855770692224,3
974,1,5,241,10020__Node__974,outandin,0.0,0.237566917526573,0.0042162843710479,1
975,1,7,142,10071__Node__975,incoming,0.0,0.237843716016778,0.0002737663480395,4
976,1,5,241,10020__Node__976,incoming,0.0,0.237566917526573,0.0042162843710479,4
977,4,2,617,10007__Node__977,incoming,0.0015753893114407,0.2947348156704206,0.0197817365716918,2
978,4,32,43,10064__Node__978,incoming,0.0003716489195191,0.273368449245603,0.0162009447601625,2
980,2,1,762,10033__Node__980,incoming,1.9014069920422304e-05,0.272856888255213,0.0195474723872831,3
981,1,1,762,10033__Node__981,incoming,0.0,0.2683610867659947,0.014091263555276,3
982,2,18,71,10147__Node__982,incoming,2.013232017815538e-05,0.2388828210329224,0.0005107369011394,4
984,2,18,71,10147__Node__984,incoming,2.689243794407916e-05,0.2418450359371297,0.0004664597137931,4
985,1,37,37,10191__Node__985,incoming,0.0,0.2083418384704361,9.426528333245428e-05,2
986,1,3,284,10032__Node__986,incoming,0.0,0.2371988535130529,0.00403645097798,4
987,1,0,947,10003__Node__987,incoming,0.0,0.2175024861486006,0.000164196921212,4
988,6,5,241,10020__Node__988,incoming,0.0005374590133315,0.2815632183908046,0.015142593386758,2
990,1,2,617,10007__Node__990,incoming,0.0,0.2399874598322752,0.0026097371147464,4
994,1,1,762,10033__Node__994,incoming,0.0,0.2683610867659947,0.014091263555276,4
995,3,44,29,10119__Node__995,incoming,0.0001038726407591,0.2363383760419882,0.0038428456527375,2
997,4,4,253,10034__Node__997,outandin,0.0014923986149159,0.2739799570508232,0.0117628412208156,2
999,1,3,284,10032__Node__999,incoming,0.0,0.2371988535130529,0.00403645097798,4
1001,5,4,253,10034__Node__1001,incoming,0.0003485566666555,0.2773801974816559,0.0135881285477895,4
1002,1,0,947,10003__Node__1002,incoming,0.0,0.2175024861486006,0.000164196921212,4
1003,1,15,79,10017__Node__1003,incoming,0.0,0.2249485747869526,0.0012045680335147,4
1005,1,4,253,10034__Node__1005,incoming,0.0,0.2336869419216973,0.0028424708247791,4
1006,2,1,762,10033__Node__1006,incoming,5.1129740124111545e-05,0.2700652672429,0.0145945904490511,4
1007,1,61,24,10339__Node__1007,incoming,0.0,0.2061675195259897,9.513211784706468e-05,3
1008,2,6,144,10011__Node__1008,incoming,0.0002017375539299,0.2560628867703629,0.0057578678833012,4
1009,1,0,947,10003__Node__1009,incoming,0.0,0.2175024861486006,0.000164196921212,4
1010,1,1,762,10033__Node__1010,incoming,0.0,0.2683610867659947,0.014091263555276,3
1011,1,2,617,10007__Node__1011,incoming,0.0,0.2399874598322752,0.0026097371147464,4
1012,2,4,253,10034__Node__1012,incoming,0.0001580641336142,0.2481562525326201,0.0054522079395255,3
1013,1,0,947,10003__Node__1013,incoming,0.0,0.2175024861486006,0.000164196921212,4
1014,3,14,90,10077__Node__1014,incoming,0.0001546258036714,0.2423426988523941,0.0056395886738737,3
1015,1,18,71,10147__Node__1015,incoming,0.0,0.2354117013915584,0.0002308032257257,4
1016,4,11,116,10016__Node__1016,incoming,0.0001054377236112,0.262382176520994,0.0102411893508392,3
1017,1,6,144,10011__Node__1017,incoming,0.0,0.2365209331067511,0.0003016590512941,4
1018,1,0,947,10003__Node__1018,incoming,0.0,0.2175024861486006,0.000164196921212,4
1019,1,7,142,10071__Node__1019,incoming,0.0,0.237843716016778,0.0002737663480395,4
1020,1,0,947,10003__Node__1020,incoming,0.0,0.2175024861486006,0.000164196921212,3
1021,4,54,25,10010__Node__1021,incoming,0.0001069803418821,0.2641249029586819,0.0085093052601907,4
1023,2,2,617,10007__Node__1023,incoming,4.611461389513688e-05,0.2417686537702329,0.0034250600777106,4
1024,3,4,253,10034__Node__1024,incoming,0.0003348593731055,0.2817445712182554,0.0223899432120622,2
1025,1,2,617,10007__Node__1025,incoming,0.0,0.2399874598322752,0.0026097371147464,3
1026,4,23,61,10091__Node__1026,incoming,0.0002036280622005,0.2761045987376014,0.0213010829882513,3
1027,1,56,25,10030__Node__1027,incoming,0.0,0.21146408839779,0.0001623883675305,2
1028,1,2,617,10007__Node__1028,incoming,0.0,0.2399874598322752,0.0026097371147464,4
1030,1,0,947,10003__Node__1030,incoming,0.0,0.2175024861486006,0.000164196921212,3
1031,4,16,79,10093__Node__1031,incoming,8.782838588669503e-05,0.2662377184592644,0.0110512305440461,3
1032,2,2,617,10007__Node__1032,incoming,0.0016264019312206,0.2612405084890368,0.0028405403404721,4
1033,4,1,762,10033__Node__1033,incoming,0.0002382295855922,0.2857942878476759,0.0256929490638597,3
1034,1,6,144,10011__Node__1034,incoming,0.0,0.2365209331067511,0.0003016590512941,4
1036,1,0,947,10003__Node__1036,incoming,0.0,0.2175024861486006,0.000164196921212,4
1037,3,4,253,10034__Node__1037,incoming,5.199928592348838e-05,0.2455887070901508,0.0093550403464938,3
1038,1,1,762,10033__Node__1038,incoming,0.0,0.2683610867659947,0.014091263555276,3
1040,1,0,947,10003__Node__1040,incoming,0.0,0.2175024861486006,0.000164196921212,4
1042,1,1,762,10033__Node__1042,incoming,0.0,0.2683610867659947,0.014091263555276,3
1043,2,1,762,10033__Node__1043,incoming,1.9014069920422304e-05,0.272856888255213,0.0195474723872831,4
1044,2,1,762,10033__Node__1044,incoming,2.984093335877199e-05,0.2709974334011859,0.015561793943497,3
1045,1,0,947,10003__Node__1045,incoming,0.0,0.2175024861486006,0.000164196921212,4
1046,5,27,52,10108__Node__1046,incoming,0.0022069633186562,0.2802745995423341,0.0204192112946764,4
1047,4,1,762,10033__Node__1047,incoming,0.0013381681261102,0.2916190476190476,0.0231068526353514,3
1048,2,28,49,10009__Node__1048,incoming,4.524087821338092e-05,0.2693051890941073,0.0149690342017682,4
1049,1,20,64,10087__Node__1049,incoming,0.0,0.1312529469758669,2.389934928079441e-08,4
1051,1,30,44,10026__Node__1051,incoming,0.0,0.2175024861486006,0.0002270011766974,1
1053,1,15,79,10017__Node__1053,incoming,0.0,0.2249485747869526,0.0012045680335147,4
1054,4,12,115,10006__Node__1054,incoming,0.0017114605385792,0.2657294107437299,0.0037820642501824,3
1055,1,20,64,10087__Node__1055,incoming,0.0,0.1312529469758669,2.389934928079441e-08,4
1056,2,1,762,10033__Node__1056,incoming,5.874520053440121e-05,0.2753844770213148,0.0184936905289704,4
1058,1,0,947,10003__Node__1058,incoming,0.0,0.2175024861486006,0.000164196921212,2
1060,12,4,253,10034__Node__1060,incoming,0.0028575356515171,0.3152800658978583,0.0446532632801993,1
1061,1,28,49,10009__Node__1061,incoming,0.0,0.2181222396352757,0.0008777706464921,4
1062,2,1,762,10033__Node__1062,incoming,0.0001462096216378,0.2789214793222809,0.018307547926324,4
1063,1,0,947,10003__Node__1063,incoming,0.0,0.2175024861486006,0.000164196921212,4
1064,1,10,121,10055__Node__1064,outandin,0.0,0.2524736147757256,0.0054562088320071,1
1065,2,27,52,10108__Node__1065,incoming,0.000103533712171,0.239032006245121,0.0003482094428156,4
1067,1,2,617,10007__Node__1067,incoming,0.0,0.2399874598322752,0.0026097371147464,4
1069,2,59,24,10057__Node__1069,incoming,2.053652077245074e-05,0.2573325489536935,0.0042330882012956,2
1070,3,8,135,10039__Node__1070,incoming,5.428414404860309e-05,0.2363566190659977,0.0038174743566215,4
1071,1,20,64,10087__Node__1071,incoming,0.0,0.1312529469758669,2.389934928079441e-08,4
1073,1,42,30,10162__Node__1073,outandin,0.0,0.225196734573803,7.613691296057906e-05,3
1075,1,0,947,10003__Node__1075,incoming,0.0,0.2175024861486006,0.000164196921212,4
1076,2,19,64,10008__Node__1076,incoming,1.929066180125086e-05,0.2401757000549062,0.0057033325487969,4
1078,1,2,617,10007__Node__1078,incoming,0.0,0.2399874598322752,0.0026097371147464,4
1079,1,23,61,10091__Node__1079,outandin,0.0,0.2436152438539263,0.000875839954476,2
1081,1,5,241,10020__Node__1081,incoming,0.0,0.237566917526573,0.0042162843710479,3
1083,1,26,56,10177__Node__1083,incoming,0.0,0.2510865108651086,0.0027277114382451,4
1084,2,2,617,10007__Node__1084,incoming,5.461457950978722e-05,0.2429965875724148,0.0033530448211858,4
1085,1,3,284,10032__Node__1085,incoming,0.0,0.2371988535130529,0.00403645097798,4
1086,1,18,71,10147__Node__1086,incoming,0.0,0.2354117013915584,0.0002308032257257,4
1088,2,10,121,10055__Node__1088,incoming,2.5100148913008877e-05,0.255955863913734,0.0064058519653289,4
1089,1,20,64,10087__Node__1089,incoming,0.0,0.1312529469758669,2.389934928079441e-08,4
1090,1,3,284,10032__Node__1090,incoming,0.0,0.2371988535130529,0.00403645097798,4
1091,1,11,116,10016__Node__1091,incoming,0.0,0.233224160255922,0.0022672555095382,4
1092,5,26,56,10177__Node__1092,incoming,0.0003760870114376,0.2849432346919784,0.0219783992650704,3
1093,1,0,947,10003__Node__1093,incoming,0.0,0.2175024861486006,0.000164196921212,4
1095,1,1,762,10033__Node__1095,incoming,0.0,0.2683610867659947,0.014091263555276,3
1096,5,26,56,10177__Node__1096,incoming,0.0005138891371059,0.2804029304029304,0.0169202748770975,4
1099,1,12,115,10006__Node__1099,incoming,0.0,0.2240925058548009,0.0007433077064394,4
1100,6,22,61,10025__Node__1100,incoming,0.0007460487694174,0.289413988657845,0.0199150133588974,4
1102,1,52,26,10139__Node__1102,incoming,0.0,0.2216912829423689,6.818956921190524e-05,4
1103,4,16,79,10093__Node__1103,incoming,0.0002927917377635,0.2774053270520021,0.0137257480112828,3
1105,5,22,61,10025__Node__1105,incoming,0.0002443017443322,0.2765784481979947,0.0233892842826159,3
1106,1,4,253,10034__Node__1106,incoming,0.0,0.2336869419216973,0.0028424708247791,4
1107,2,6,144,10011__Node__1107,incoming,0.0002017375539299,0.2560628867703629,0.0057578678833012,4
1108,1,2,617,10007__Node__1108,incoming,0.0,0.2399874598322752,0.0026097371147464,4
1109,1,60,24,10061__Node__1109,outandin,0.0,0.2101722836158967,6.867560595065936e-05,2
1110,3,50,27,10019__Node__1110,incoming,0.0002713222987074,0.273490532332976,0.019683047533313,4
1111,4,3,284,10032__Node__1111,incoming,0.0001771376952132,0.2524736147757256,0.0131200095826625,3
1112,1,9,134,10047__Node__1112,incoming,0.0,0.1764434712458223,8.12319243570349e-06,4
1115,4,1,762,10033__Node__1115,incoming,0.0009099721918402,0.2941402497598463,0.0230873066107435,2
1116,1,32,43,10064__Node__1116,incoming,0.0,0.2273706096383753,0.0004184301662631,4
1118,1,4,253,10034__Node__1118,incoming,0.0,0.2336869419216973,0.0028424708247791,4
1119,1,24,59,10053__Node__1119,incoming,0.0,0.2279630732578916,0.000898499345689,4
1120,3,6,144,10011__Node__1120,incoming,0.000562920209698,0.2747666905958363,0.0152687625610462,4
1122,1,41,31,10052__Node__1122,incoming,0.0,0.2213067360508817,0.0004428564671978,4
1125,2,23,61,10091__Node__1125,incoming,1.1057453891770409e-05,0.248720656323613,0.002346370342697,4
1126,1,2,617,10007__Node__1126,incoming,0.0,0.2399874598322752,0.0026097371147464,4
1127,1,2,617,10007__Node__1127,incoming,0.0,0.2399874598322752,0.0026097371147464,4
1128,5,23,61,10091__Node__1128,incoming,0.001738332682169,0.2663998607969375,0.0072537373101077,4
1129,1,0,947,10003__Node__1129,incoming,0.0,0.2175024861486006,0.000164196921212,4
1131,1,0,947,10003__Node__1131,incoming,0.0,0.2175024861486006,0.000164196921212,4
1132,3,15,79,10017__Node__1132,incoming,0.0002055953293612,0.2762789858341604,0.0207520404207979,4
1133,1,2,617,10007__Node__1133,incoming,0.0,0.2399874598322752,0.0026097371147464,4
1134,1,2,617,10007__Node__1134,incoming,0.0,0.2399874598322752,0.0026097371147464,4
1135,2,23,61,10091__Node__1135,incoming,2.5648093912864785e-05,0.2566853885489144,0.0063320487864831,3
1136,1,2,617,10007__Node__1136,incoming,0.0,0.2399874598322752,0.0026097371147464,4
1137,3,3,284,10032__Node__1137,incoming,0.0001513224617988,0.2519749835418038,0.0110952061738072,4
1139,1,19,64,10008__Node__1139,incoming,0.0,0.229105873550318,0.0014870481777489,4
1141,1,2,617,10007__Node__1141,incoming,0.0,0.2399874598322752,0.0026097371147464,4
1143,2,2,617,10007__Node__1143,incoming,0.0001453828274531,0.2434215756419429,0.0038143051482612,4
1144,1,23,61,10091__Node__1144,incoming,0.0,0.2436152438539263,0.000875839954476,4
1145,2,39,34,10036__Node__1145,incoming,1.0204596028169712e-05,0.2223513179870742,0.0005441335160515,4
1146,4,32,43,10064__Node__1146,incoming,0.0003541431859841,0.2673301903265235,0.0090521027704201,2
1148,2,55,25,10013__Node__1148,incoming,3.438066324768589e-05,0.230294825511432,0.0026397160801647,4
1149,1,52,26,10139__Node__1149,incoming,0.0,0.2216912829423689,6.818956921190524e-05,4
1151,2,55,25,10013__Node__1151,incoming,2.841857182727051e-06,0.2169784580498866,0.0003259859039606,4
1152,10,26,56,10177__Node__1152,incoming,0.0020545467523921,0.313954680611094,0.0396729172920582,4
1153,1,0,947,10003__Node__1153,incoming,0.0,0.2175024861486006,0.000164196921212,4
1154,4,44,29,10119__Node__1154,outandin,0.0005815433694147,0.2750134722471708,0.016713006731341,2
1155,6,5,241,10020__Node__1155,incoming,0.0013158881240474,0.2721293992179168,0.0106485096798486,4
1157,5,1,762,10033__Node__1157,incoming,0.0008330121726222,0.2885140864976915,0.0242118722258291,4
1158,1,33,43,10088__Node__1158,incoming,0.0,0.2123734221112498,0.0001166819118451,4
1160,5,1,762,10033__Node__1160,incoming,0.0014652312592001,0.2934074357991568,0.0235363763502806,2
1161,2,29,48,10051__Node__1161,outandin,8.778301870516908e-06,0.2537919602154994,0.0058729573619154,1
1162,1,25,57,10196__Node__1162,incoming,0.0,0.2230802855893923,0.0003535959137667,4
1164,5,1,762,10033__Node__1164,incoming,0.0007836337939975,0.2786676374226429,0.0229408215908521,4
1165,7,26,56,10177__Node__1165,outandin,0.0008007524758087,0.2927622143608375,0.0288006344113546,3
1169,1,1,762,10033__Node__1169,outandin,0.0,0.2683610867659947,0.014091263555276,1
1170,5,2,617,10007__Node__1170,incoming,0.0010795670028813,0.2904847737406318,0.0152468568928871,4
1171,3,38,35,10086__Node__1171,outandin,0.0001529676782527,0.2262282970077576,0.000588748332855,1
1172,6,8,135,10039__Node__1172,incoming,0.0005001191992142,0.2785155539385119,0.0137002837100669,4
1173,1,6,144,10011__Node__1173,incoming,0.0,0.2365209331067511,0.0003016590512941,1
1174,1,3,284,10032__Node__1174,incoming,0.0,0.2371988535130529,0.00403645097798,4
1175,1,2,617,10007__Node__1175,incoming,0.0,0.2399874598322752,0.0026097371147464,4
1176,1,2,617,10007__Node__1176,incoming,0.0,0.2399874598322752,0.0026097371147464,4
1179,1,30,44,10026__Node__1179,incoming,0.0,0.2175024861486006,0.0002270011766974,4
1180,1,34,40,10070__Node__1180,incoming,0.0,0.2273706096383753,7.384433686416915e-05,2
1181,2,18,71,10147__Node__1181,incoming,2.013232017815538e-05,0.2388828210329224,0.0005107369011394,4
1182,1,2,617,10007__Node__1182,incoming,0.0,0.2399874598322752,0.0026097371147464,4
1183,6,13,93,10073__Node__1183,incoming,0.0011795731328751,0.2797880116959064,0.0138438844420608,4
1184,1,2,617,10007__Node__1184,incoming,0.0,0.2399874598322752,0.0026097371147464,4
1185,4,14,90,10077__Node__1185,incoming,0.0008200270461929,0.2637608751830476,0.0061364079433808,3
1187,4,4,253,10034__Node__1187,incoming,0.0001263759149482,0.2479954644853,0.0097127389650003,1
1188,1,12,115,10006__Node__1188,incoming,0.0,0.2240925058548009,0.0007433077064394,4
1189,3,1,762,10033__Node__1189,incoming,7.59423424727486e-05,0.2754092462673143,0.0213861331934921,4
1190,1,18,71,10147__Node__1190,incoming,0.0,0.2354117013915584,0.0002308032257257,4
1191,1,9,134,10047__Node__1191,incoming,0.0,0.1764434712458223,8.12319243570349e-06,4
1193,1,3,284,10032__Node__1193,incoming,0.0,0.2371988535130529,0.00403645097798,4
1194,2,1,762,10033__Node__1194,incoming,5.269534795206538e-05,0.27710407239819,0.0168189749935212,3
1196,1,52,26,10139__Node__1196,incoming,0.0,0.2216912829423689,6.818956921190524e-05,4
1197,2,2,617,10007__Node__1197,incoming,5.461457950978722e-05,0.2429965875724148,0.0033530448211858,3
1199,4,25,57,10196__Node__1199,incoming,0.0004292370605981,0.2554647088269648,0.0032961741712945,4
1201,2,35,38,10037__Node__1201,incoming,7.693617298778254e-05,0.2376222256712711,0.0004051862802611,4
1203,1,57,25,10219__Node__1203,incoming,0.0,0.227624145108534,7.581253999781134e-05,3
1204,2,2,617,10007__Node__1204,incoming,5.461457950978722e-05,0.2429965875724148,0.0033530448211858,4
1205,1,2,617,10007__Node__1205,incoming,0.0,0.2399874598322752,0.0026097371147464,4
1206,1,12,115,10006__Node__1206,incoming,0.0,0.2240925058548009,0.0007433077064394,4
1208,1,9,134,10047__Node__1208,incoming,0.0,0.1764434712458223,8.12319243570349e-06,4
1209,1,12,115,10006__Node__1209,incoming,0.0,0.2240925058548009,0.0007433077064394,4
1210,1,1,762,10033__Node__1210,outandin,0.0,0.2683610867659947,0.014091263555276,0
1211,1,0,947,10003__Node__1211,incoming,0.0,0.2175024861486006,0.000164196921212,3
1215,1,2,617,10007__Node__1215,incoming,0.0,0.2399874598322752,0.0026097371147464,4
1216,1,3,284,10032__Node__1216,incoming,0.0,0.2371988535130529,0.00403645097798,4
1217,1,0,947,10003__Node__1217,incoming,0.0,0.2175024861486006,0.000164196921212,4
1218,1,14,90,10077__Node__1218,incoming,0.0,0.2212747506865154,0.0008134803921311,4
1219,4,29,48,10051__Node__1219,incoming,0.0001737666802669,0.2843346643142353,0.0226919323554366,4
1220,2,5,241,10020__Node__1220,incoming,0.0002583425659199,0.2510247581570749,0.0068260214857944,3
1221,1,3,284,10032__Node__1221,incoming,0.0,0.2371988535130529,0.00403645097798,4
1222,4,31,44,10065__Node__1222,outandin,0.0002636560217265,0.2828637413394919,0.021616739120754,3
1223,1,20,64,10087__Node__1223,incoming,0.0,0.1312529469758669,2.389934928079441e-08,4
1224,3,7,142,10071__Node__1224,incoming,0.0004560270545613,0.2548693191276843,0.0026352871409102,3
1227,1,2,617,10007__Node__1227,incoming,0.0,0.2399874598322752,0.0026097371147464,4
1228,1,44,29,10119__Node__1228,incoming,0.0,0.215588256002253,0.0001850518649942,3
1230,1,0,947,10003__Node__1230,incoming,0.0,0.2175024861486006,0.000164196921212,4
1231,1,7,142,10071__Node__1231,incoming,0.0,0.237843716016778,0.0002737663480395,4
1232,1,6,144,10011__Node__1232,incoming,0.0,0.2365209331067511,0.0003016590512941,4
1234,2,1,762,10033__Node__1234,incoming,1.9014069920422304e-05,0.272856888255213,0.0195474723872831,4
1235,1,0,947,10003__Node__1235,incoming,0.0,0.2175024861486006,0.000164196921212,4
1236,2,8,135,10039__Node__1236,incoming,6.136073827800365e-05,0.260595744680851,0.0079323273757417,4
1237,1,0,947,10003__Node__1237,incoming,0.0,0.2175024861486006,0.000164196921212,4
1238,14,10,121,10055__Node__1238,incoming,0.0037365764418109,0.3208634601278424,0.0492631167595776,4
1239,2,16,79,10093__Node__1239,incoming,9.278977770165876e-05,0.2792776358993068,0.0175090287936074,4
1240,1,6,144,10011__Node__1240,incoming,0.0,0.2365209331067511,0.0003016590512941,4
1241,1,2,617,10007__Node__1241,incoming,0.0,0.2399874598322752,0.0026097371147464,4
1243,2,27,52,10108__Node__1243,incoming,8.657360932822342e-05,0.2307634335669605,0.0014489446791018,2
1244,1,19,64,10008__Node__1244,incoming,0.0,0.229105873550318,0.0014870481777489,3
1245,1,23,61,10091__Node__1245,incoming,0.0,0.2436152438539263,0.000875839954476,4
1246,1,0,947,10003__Node__1246,incoming,0.0,0.2175024861486006,0.000164196921212,4
1247,1,9,134,10047__Node__1247,incoming,0.0,0.1764434712458223,8.12319243570349e-06,4
1248,5,1,762,10033__Node__1248,outandin,0.0004691361069072,0.2864359214218896,0.026183930279874,3
1249,2,15,79,10017__Node__1249,outandin,5.419631522445344e-05,0.2568576461706233,0.0066607768655219,1
1250,2,33,43,10088__Node__1250,incoming,3.645589296865439e-06,0.216594751361675,0.0003339006859229,4
1251,1,0,947,10003__Node__1251,incoming,0.0,0.2175024861486006,0.000164196921212,4
1252,1,8,135,10039__Node__1252,incoming,0.0,0.2294320395624157,0.0024761185437346,2
1253,4,10,121,10055__Node__1253,outandin,0.0006329850151856,0.2943381716812458,0.0278002077363112,3
1254,1,7,142,10071__Node__1254,incoming,0.0,0.237843716016778,0.0002737663480395,4
1256,6,15,79,10017__Node__1256,incoming,0.0006672723908608,0.2868115399025852,0.0265538679484904,2
1257,3,1,762,10033__Node__1257,outandin,0.0001705732644766,0.2799414883891022,0.0207609460385086,0
1258,3,5,241,10020__Node__1258,incoming,0.0003138928484113,0.2819261578123561,0.0195121159598388,4
1259,1,2,617,10007__Node__1259,incoming,0.0,0.2399874598322752,0.0026097371147464,4
1262,2,0,947,10003__Node__1262,incoming,0.000664712073882,0.2530787668402347,0.0002604419576191,4
1263,3,2,617,10007__Node__1263,incoming,0.0005338087153698,0.2518713498395986,0.0070110733507886,4
1264,3,1,762,10033__Node__1264,outandin,9.84834997526299e-05,0.281356243682808,0.0222751838255283,2
1265,2,6,144,10011__Node__1265,outandin,8.014144281561397e-05,0.2482166018158236,0.001251302184616,3
1266,5,1,762,10033__Node__1266,incoming,0.0003170845133312,0.2896055991676913,0.0293820627148277,4
1267,3,19,64,10008__Node__1267,outandin,0.0001110953356413,0.2573758090274859,0.0061251316395107,0
1268,1,0,947,10003__Node__1268,incoming,0.0,0.2175024861486006,0.000164196921212,4
1270,1,14,90,10077__Node__1270,incoming,0.0,0.2212747506865154,0.0008134803921311,4
1271,1,17,75,10149__Node__1271,incoming,0.0,0.2206210822105339,0.0003608298597847,4
1272,1,3,284,10032__Node__1272,incoming,0.0,0.2371988535130529,0.00403645097798,4
1273,1,0,947,10003__Node__1273,incoming,0.0,0.2175024861486006,0.000164196921212,4
1274,4,12,115,10006__Node__1274,incoming,0.0002471471511686,0.2417304807768216,0.0051057445883801,4
1275,2,9,134,10047__Node__1275,incoming,0.0179524644396908,0.2597997624300017,0.0034258884307671,2
1276,2,18,71,10147__Node__1276,incoming,0.0001446304904076,0.2487610691364042,0.0027069217694603,4
1277,1,0,947,10003__Node__1277,incoming,0.0,0.2175024861486006,0.000164196921212,4
1278,1,0,947,10003__Node__1278,incoming,0.0,0.2175024861486006,0.000164196921212,4
1281,4,17,75,10149__Node__1281,incoming,0.0006613094451796,0.2793795620437956,0.0208689185042739,3
1282,1,30,44,10026__Node__1282,incoming,0.0,0.2175024861486006,0.0002270011766974,2
1283,1,9,134,10047__Node__1283,incoming,0.0,0.1764434712458223,8.12319243570349e-06,4
1284,3,0,947,10003__Node__1284,incoming,0.00138563335142,0.2605735682069611,0.0003642747548478,4
1285,1,0,947,10003__Node__1285,incoming,0.0,0.2175024861486006,0.000164196921212,4
1286,3,2,617,10007__Node__1286,incoming,0.0011658104424786,0.296878029862323,0.0201187659083539,4
1287,1,15,79,10017__Node__1287,incoming,0.0,0.2249485747869526,0.0012045680335147,4
1289,4,19,64,10008__Node__1289,outandin,0.0003845716627884,0.2578092110802391,0.0050346842607998,3
1290,4,4,253,10034__Node__1290,incoming,0.0006782630505492,0.2899346652779093,0.0234463039017698,4
1291,3,8,135,10039__Node__1291,incoming,4.556353357209918e-05,0.2414826498422713,0.0062170887142028,4
1292,1,3,284,10032__Node__1292,incoming,0.0,0.2371988535130529,0.00403645097798,1
1293,1,1,762,10033__Node__1293,incoming,0.0,0.2683610867659947,0.014091263555276,4
1296,1,60,24,10061__Node__1296,outandin,0.0,0.2101722836158967,6.867560595065936e-05,0
1298,3,2,617,10007__Node__1298,outandin,0.0005683339521085,0.2608621570966093,0.0108624724637744,2
1299,1,0,947,10003__Node__1299,incoming,0.0,0.2175024861486006,0.000164196921212,4
1301,1,0,947,10003__Node__1301,incoming,0.0,0.2175024861486006,0.000164196921212,4
1303,1,3,284,10032__Node__1303,incoming,0.0,0.2371988535130529,0.00403645097798,4
1305,3,1,762,10033__Node__1305,incoming,7.59423424727486e-05,0.2754092462673143,0.0213861331934921,4
1307,3,33,43,10088__Node__1307,incoming,0.0003463817143488,0.2394245054343576,0.0045501850569709,3
1308,2,1,762,10033__Node__1308,incoming,1.9014069920422304e-05,0.272856888255213,0.0195474723872831,3
1309,2,1,762,10033__Node__1309,incoming,1.9014069920422304e-05,0.272856888255213,0.0195474723872831,1
1310,2,44,29,10119__Node__1310,incoming,5.662324470672577e-05,0.2308678277916007,0.0016721000427431,3
1311,2,6,144,10011__Node__1311,incoming,7.960763955615078e-05,0.2451953875720691,0.0011151394434252,4
1313,2,5,241,10020__Node__1313,incoming,4.77303512782284e-05,0.2638517880224041,0.0069439958092931,4
1316,2,23,61,10091__Node__1316,outandin,2.5648093912864785e-05,0.2566853885489144,0.0063320487864831,2
1317,1,0,947,10003__Node__1317,incoming,0.0,0.2175024861486006,0.000164196921212,4
1318,1,0,947,10003__Node__1318,incoming,0.0,0.2175024861486006,0.000164196921212,4
1319,1,0,947,10003__Node__1319,incoming,0.0,0.2175024861486006,0.000164196921212,4
1320,1,2,617,10007__Node__1320,incoming,0.0,0.2399874598322752,0.0026097371147464,4
1321,1,9,134,10047__Node__1321,incoming,0.0,0.1764434712458223,8.12319243570349e-06,2
1322,3,11,116,10016__Node__1322,incoming,0.0001097614638919,0.238065619654797,0.004459512229514,4
1324,1,9,134,10047__Node__1324,incoming,0.0,0.1764434712458223,8.12319243570349e-06,2
1327,2,51,27,10066__Node__1327,outandin,0.0002823921234218,0.2466967450854012,0.0005199263444553,1
1328,1,0,947,10003__Node__1328,incoming,0.0,0.2175024861486006,0.000164196921212,4
1332,1,28,49,10009__Node__1332,incoming,0.0,0.2181222396352757,0.0008777706464921,4
1333,1,2,617,10007__Node__1333,incoming,0.0,0.2399874598322752,0.0026097371147464,4
1335,1,52,26,10139__Node__1335,incoming,0.0,0.2216912829423689,6.818956921190524e-05,4
1336,1,6,144,10011__Node__1336,incoming,0.0,0.2365209331067511,0.0003016590512941,4
1337,1,0,947,10003__Node__1337,incoming,0.0,0.2175024861486006,0.000164196921212,4
1338,3,12,115,10006__Node__1338,incoming,0.0001211357798126,0.2447641886490807,0.00416836778415,2
1340,2,18,71,10147__Node__1340,incoming,0.0001181504614766,0.2395181476846057,0.0003066157657235,4
1341,3,57,25,10219__Node__1341,outandin,0.0005892686568002,0.2554220887554221,0.0030305251549404,0
1342,3,22,61,10025__Node__1342,incoming,0.0001063123650442,0.2744957418198117,0.0204971155206049,4
1344,1,27,52,10108__Node__1344,incoming,0.0,0.2191996563819886,0.000244376645587,4
1345,3,11,116,10016__Node__1345,incoming,0.000115011479011,0.2697322057787174,0.0099013051189177,3
1346,3,1,762,10033__Node__1346,outandin,0.0001203520295216,0.2731733428494959,0.0168795674948068,1
1347,1,4,253,10034__Node__1347,incoming,0.0,0.2336869419216973,0.0028424708247791,4
1348,4,14,90,10077__Node__1348,outandin,0.001279561136268,0.2560200668896321,0.0079930977916922,2
1349,3,11,116,10016__Node__1349,incoming,0.0002529991381042,0.27710407239819,0.017563087098329,4
1350,1,1,762,10033__Node__1350,incoming,0.0,0.2683610867659947,0.014091263555276,4
1351,2,0,947,10003__Node__1351,outandin,0.0025940010420958,0.2587678526155666,0.0003998534092794,3
1352,1,18,71,10147__Node__1352,incoming,0.0,0.2354117013915584,0.0002308032257257,4
1353,1,1,762,10033__Node__1353,incoming,0.0,0.2683610867659947,0.014091263555276,4
1354,1,3,284,10032__Node__1354,incoming,0.0,0.2371988535130529,0.00403645097798,4
1355,4,4,253,10034__Node__1355,incoming,0.0002763664012909,0.2575706594885599,0.0154976331475015,4
1357,2,35,38,10037__Node__1357,incoming,1.518152545672322e-05,0.2197187141216992,0.0004543167299491,4
1358,2,34,40,10070__Node__1358,incoming,4.115733491640144e-05,0.2375484871993793,0.0002560384305304,4
1361,4,10,121,10055__Node__1361,incoming,0.0002192335592099,0.281356243682808,0.0248257393154535,4
1362,2,9,134,10047__Node__1362,incoming,4.456545452564894e-05,0.1766572434085271,8.432024071860509e-06,4
1363,1,18,71,10147__Node__1363,incoming,0.0,0.2354117013915584,0.0002308032257257,4
1364,2,53,26,10060__Node__1364,incoming,0.0006985071978301,0.244295516195947,0.0002680297184406,3
1367,5,29,48,10051__Node__1367,incoming,0.0001547992724376,0.2666782790454625,0.0103865894681111,4
1368,1,2,617,10007__Node__1368,incoming,0.0,0.2399874598322752,0.0026097371147464,4
1369,1,0,947,10003__Node__1369,incoming,0.0,0.2175024861486006,0.000164196921212,1
1372,1,3,284,10032__Node__1372,incoming,0.0,0.2371988535130529,0.00403645097798,1
1373,2,23,61,10091__Node__1373,incoming,3.199120491013639e-05,0.253476821192053,0.0031430954640142,4
1374,1,8,135,10039__Node__1374,incoming,0.0,0.2294320395624157,0.0024761185437346,4
1375,3,22,61,10025__Node__1375,incoming,0.0001063123650442,0.2744957418198117,0.0204971155206049,3
1376,1,0,947,10003__Node__1376,incoming,0.0,0.2175024861486006,0.000164196921212,4
1378,1,0,947,10003__Node__1378,incoming,0.0,0.2175024861486006,0.000164196921212,4
1379,1,0,947,10003__Node__1379,incoming,0.0,0.2175024861486006,0.000164196921212,4
1380,1,58,24,10143__Node__1380,incoming,0.0,0.2170399773178338,0.0001821940936663,3
1381,3,4,253,10034__Node__1381,incoming,5.199928592348838e-05,0.2455887070901508,0.0093550403464938,4
1382,1,0,947,10003__Node__1382,incoming,0.0,0.2175024861486006,0.000164196921212,4
1383,1,0,947,10003__Node__1383,incoming,0.0,0.2175024861486006,0.000164196921212,3
1384,1,6,144,10011__Node__1384,incoming,0.0,0.2365209331067511,0.0003016590512941,4
1386,1,2,617,10007__Node__1386,incoming,0.0,0.2399874598322752,0.0026097371147464,4
1387,1,0,947,10003__Node__1387,incoming,0.0,0.2175024861486006,0.000164196921212,4
1389,1,2,617,10007__Node__1389,incoming,0.0,0.2399874598322752,0.0026097371147464,4
1390,2,14,90,10077__Node__1390,outandin,0.0001681338849437,0.2716465578424414,0.0149047439474071,3
1391,2,4,253,10034__Node__1391,incoming,9.673153584000271e-06,0.2355747038005847,0.0036577937877433,4
1395,7,13,93,10073__Node__1395,outandin,0.0007963112007242,0.2724684107492436,0.0115754878408451,0
1396,5,10,121,10055__Node__1396,outandin,0.0011591514852549,0.282159970512348,0.023405608871799,1
1398,3,1,762,10033__Node__1398,outandin,8.509455525488799e-05,0.2740044742729307,0.0200507992810582,1
1399,1,12,115,10006__Node__1399,incoming,0.0,0.2240925058548009,0.0007433077064394,4
1400,3,8,135,10039__Node__1400,incoming,0.0001119392518761,0.2481160359776355,0.0095348737395617,2
1402,2,19,64,10008__Node__1402,outandin,7.487631396247306e-05,0.2720810378532077,0.0155783117330249,3
1404,3,1,762,10033__Node__1404,outandin,0.000341134662091,0.2739799570508232,0.0197225794535684,0
1405,1,0,947,10003__Node__1405,incoming,0.0,0.2175024861486006,0.000164196921212,4
1406,3,32,43,10064__Node__1406,incoming,5.840231896799844e-05,0.2506753990994678,0.0033824714151037,4
1407,1,4,253,10034__Node__1407,incoming,0.0,0.2336869419216973,0.0028424708247791,4
1408,1,3,284,10032__Node__1408,incoming,0.0,0.2371988535130529,0.00403645097798,4
1409,3,13,93,10073__Node__1409,incoming,0.0003620677677448,0.2372539903920657,0.0047363276596173,4
1410,1,9,134,10047__Node__1410,incoming,0.0,0.1764434712458223,8.12319243570349e-06,4
1413,1,2,617,10007__Node__1413,incoming,0.0,0.2399874598322752,0.0026097371147464,1
1415,3,29,48,10051__Node__1415,incoming,1.824209233280111e-05,0.260906612133606,0.0076160070647977,3
1416,1,2,617,10007__Node__1416,incoming,0.0,0.2399874598322752,0.0026097371147464,4
1417,1,2,617,10007__Node__1417,incoming,0.0,0.2399874598322752,0.0026097371147464,4
1419,2,0,947,10003__Node__1419,incoming,0.000664712073882,0.2530787668402347,0.0002604419576191,4
1420,1,0,947,10003__Node__1420,incoming,0.0,0.2175024861486006,0.000164196921212,4
1421,3,54,25,10010__Node__1421,outandin,4.776067631969624e-05,0.2441396906394514,0.0091220382385174,1
1422,1,5,241,10020__Node__1422,incoming,0.0,0.237566917526573,0.0042162843710479,4
1424,4,4,253,10034__Node__1424,incoming,0.0001230209758584,0.248579314823835,0.0108420885242427,3
1425,1,0,947,10003__Node__1425,incoming,0.0,0.2175024861486006,0.000164196921212,4
1426,1,57,25,10219__Node__1426,outandin,0.0,0.227624145108534,7.581253999781134e-05,3
1427,2,8,135,10039__Node__1427,incoming,9.90406153807296e-06,0.231531190926276,0.0029086770351314,4
1428,1,1,762,10033__Node__1428,incoming,0.0,0.2683610867659947,0.014091263555276,3
1429,1,30,44,10026__Node__1429,incoming,0.0,0.2175024861486006,0.0002270011766974,4
1430,1,3,284,10032__Node__1430,incoming,0.0,0.2371988535130529,0.00403645097798,4
1432,1,0,947,10003__Node__1432,incoming,0.0,0.2175024861486006,0.000164196921212,4
1433,1,0,947,10003__Node__1433,incoming,0.0,0.2175024861486006,0.000164196921212,4
1434,2,1,762,10033__Node__1434,incoming,6.070864224072986e-05,0.2693051890941073,0.0145096937215391,3
1435,3,11,116,10016__Node__1435,outandin,4.9908402616676113e-05,0.2371804802478698,0.0040091513342192,2
1437,1,10,121,10055__Node__1437,outandin,0.0,0.2524736147757256,0.0054562088320071,0
1439,1,1,762,10033__Node__1439,incoming,0.0,0.2683610867659947,0.014091263555276,4
1440,1,0,947,10003__Node__1440,incoming,0.0,0.2175024861486006,0.000164196921212,4
1441,1,2,617,10007__Node__1441,incoming,0.0,0.2399874598322752,0.0026097371147464,4
1442,8,4,253,10034__Node__1442,incoming,0.0023480411586887,0.3165185032044655,0.0353973440426922,1
1443,1,13,93,10073__Node__1443,outandin,0.0,0.2343666283964791,0.0044024269736943,1
1446,1,2,617,10007__Node__1446,incoming,0.0,0.2399874598322752,0.0026097371147464,4
1447,1,2,617,10007__Node__1447,incoming,0.0,0.2399874598322752,0.0026097371147464,4
1448,2,22,61,10025__Node__1448,incoming,0.00016874383772,0.2461216943975564,0.001045888169729,4
1449,1,2,617,10007__Node__1449,incoming,0.0,0.2399874598322752,0.0026097371147464,4
1450,1,9,134,10047__Node__1450,incoming,0.0,0.1764434712458223,8.12319243570349e-06,4
1451,1,17,75,10149__Node__1451,incoming,0.0,0.2206210822105339,0.0003608298597847,4
1452,1,5,241,10020__Node__1452,incoming,0.0,0.237566917526573,0.0042162843710479,4
1454,1,41,31,10052__Node__1454,incoming,0.0,0.2213067360508817,0.0004428564671978,4
1455,2,12,115,10006__Node__1455,incoming,7.654843875462916e-05,0.2408179315768777,0.0049595920774873,4
1456,4,10,121,10055__Node__1456,incoming,0.0001857806591823,0.2809174311926605,0.0247652223239417,3
1457,1,11,116,10016__Node__1457,incoming,0.0,0.233224160255922,0.0022672555095382,3
1460,1,18,71,10147__Node__1460,incoming,0.0,0.2354117013915584,0.0002308032257257,4
1461,1,0,947,10003__Node__1461,incoming,0.0,0.2175024861486006,0.000164196921212,3
1462,2,10,121,10055__Node__1462,outandin,0.0003951206638606,0.259249851833037,0.0056832100087045,0
1467,1,46,29,10045__Node__1467,outandin,0.0,0.2200977573317999,0.000254847646932,2
1468,7,1,762,10033__Node__1468,incoming,0.0008489427247929,0.2994621026894865,0.033137105201652,2
1469,1,32,43,10064__Node__1469,incoming,0.0,0.2273706096383753,0.0004184301662631,4
1473,1,4,253,10034__Node__1473,incoming,0.0,0.2336869419216973,0.0028424708247791,2
1475,1,0,947,10003__Node__1475,incoming,0.0,0.2175024861486006,0.000164196921212,2
1476,1,0,947,10003__Node__1476,incoming,0.0,0.2175024861486006,0.000164196921212,4
1477,1,35,38,10037__Node__1477,incoming,0.0,0.2153759583597102,0.0001743830545354,4
1478,1,0,947,10003__Node__1478,incoming,0.0,0.2175024861486006,0.000164196921212,4
1480,1,61,24,10339__Node__1480,incoming,0.0,0.2061675195259897,9.513211784706468e-05,4
1481,1,30,44,10026__Node__1481,incoming,0.0,0.2175024861486006,0.0002270011766974,3
1483,3,5,241,10020__Node__1483,incoming,0.0002235752849859,0.2755083678243656,0.0137089441810351,4
1484,1,0,947,10003__Node__1484,incoming,0.0,0.2175024861486006,0.000164196921212,4
1485,1,0,947,10003__Node__1485,incoming,0.0,0.2175024861486006,0.000164196921212,2
1486,1,17,75,10149__Node__1486,incoming,0.0,0.2206210822105339,0.0003608298597847,4
1487,2,1,762,10033__Node__1487,incoming,1.9014069920422304e-05,0.272856888255213,0.0195474723872831,4
1489,3,13,93,10073__Node__1489,incoming,0.0001539988972854,0.2450384122919334,0.0089723072585091,3
1490,1,2,617,10007__Node__1490,incoming,0.0,0.2399874598322752,0.0026097371147464,4
1491,1,4,253,10034__Node__1491,incoming,0.0,0.2336869419216973,0.0028424708247791,4
1492,1,0,947,10003__Node__1492,incoming,0.0,0.2175024861486006,0.000164196921212,4
1494,3,2,617,10007__Node__1494,incoming,0.0002825460597622,0.2464783063672221,0.0045576128547006,4
1495,1,35,38,10037__Node__1495,incoming,0.0,0.2153759583597102,0.0001743830545354,4
1496,6,38,35,10086__Node__1496,incoming,0.0023892092917497,0.3008449597170367,0.0244032248902971,3
1497,2,1,762,10033__Node__1497,incoming,0.0001759196866761,0.2699938277047879,0.0143711972306897,3
1499,1,53,26,10060__Node__1499,incoming,0.0,0.2177035193743334,0.0001038327972286,1
1502,1,20,64,10087__Node__1502,incoming,0.0,0.1312529469758669,2.389934928079441e-08,4
1503,1,9,134,10047__Node__1503,incoming,0.0,0.1764434712458223,8.12319243570349e-06,3
1504,1,6,144,10011__Node__1504,incoming,0.0,0.2365209331067511,0.0003016590512941,4
1505,1,0,947,10003__Node__1505,incoming,0.0,0.2175024861486006,0.000164196921212,4
1506,1,1,762,10033__Node__1506,incoming,0.0,0.2683610867659947,0.014091263555276,4
1507,1,42,30,10162__Node__1507,incoming,0.0,0.225196734573803,7.613691296057906e-05,2
1509,1,1,762,10033__Node__1509,incoming,0.0,0.2683610867659947,0.014091263555276,4
1511,1,14,90,10077__Node__1511,incoming,0.0,0.2212747506865154,0.0008134803921311,4
1512,3,56,25,10030__Node__1512,incoming,9.754047709801908e-05,0.2374563784412563,0.0037481668987491,2
1514,2,48,28,10014__Node__1514,outandin,4.456545452564894e-05,0.1766572434085271,8.432024071860509e-06,0
1515,1,2,617,10007__Node__1515,incoming,0.0,0.2399874598322752,0.0026097371147464,4
1517,2,16,79,10093__Node__1517,incoming,2.19454479566299e-05,0.2585711872994427,0.0052564260445404,4
1518,1,0,947,10003__Node__1518,incoming,0.0,0.2175024861486006,0.000164196921212,4
1520,8,16,79,10093__Node__1520,incoming,0.000819879185007,0.2783889444494954,0.0158635994824369,2
1521,1,11,116,10016__Node__1521,incoming,0.0,0.233224160255922,0.0022672555095382,4
1522,1,3,284,10032__Node__1522,incoming,0.0,0.2371988535130529,0.00403645097798,4
1524,7,22,61,10025__Node__1524,incoming,0.0015504911304292,0.2742253268851872,0.0134829113520987,2
1525,1,20,64,10087__Node__1525,incoming,0.0,0.1312529469758669,2.389934928079441e-08,4
1526,9,17,75,10149__Node__1526,incoming,0.0031259108134047,0.2939990398463754,0.0168602776816347,4
1527,3,10,121,10055__Node__1527,incoming,9.84834997526299e-05,0.281356243682808,0.0222751838255283,4
1528,6,2,617,10007__Node__1528,incoming,0.0014914389585479,0.2865163282492748,0.0156647940032651,4
1529,3,2,617,10007__Node__1529,outandin,0.000224771779804,0.2486398700771417,0.0056158054759556,3
1530,2,1,762,10033__Node__1530,incoming,1.9014069920422304e-05,0.272856888255213,0.0195474723872831,4
1531,6,1,762,10033__Node__1531,incoming,0.0005218637204336,0.290402124430956,0.0284074498245448,2
1532,1,0,947,10003__Node__1532,incoming,0.0,0.2175024861486006,0.000164196921212,4
1533,1,9,134,10047__Node__1533,outandin,0.0,0.1764434712458223,8.12319243570349e-06,0
1535,3,6,144,10011__Node__1535,incoming,0.0006010728616971,0.2663535142658316,0.00812185126332,4
1536,1,42,30,10162__Node__1536,outandin,0.0,0.225196734573803,7.613691296057906e-05,0
1539,4,40,34,10041__Node__1539,incoming,0.0001910710827231,0.242803901355959,0.0070567030377662,4
1540,6,16,79,10093__Node__1540,outandin,0.001631701272041,0.2958454106280193,0.0227442438701055,3
1542,1,1,762,10033__Node__1542,incoming,0.0,0.2683610867659947,0.014091263555276,4
1544,1,0,947,10003__Node__1544,incoming,0.0,0.2175024861486006,0.000164196921212,3
1545,1,0,947,10003__Node__1545,incoming,0.0,0.2175024861486006,0.000164196921212,4
1546,1,1,762,10033__Node__1546,outandin,0.0,0.2683610867659947,0.014091263555276,3
1547,1,1,762,10033__Node__1547,incoming,0.0,0.2683610867659947,0.014091263555276,4
1549,1,2,617,10007__Node__1549,incoming,0.0,0.2399874598322752,0.0026097371147464,4
1550,1,5,241,10020__Node__1550,incoming,0.0,0.237566917526573,0.0042162843710479,1
1551,7,1,762,10033__Node__1551,outandin,0.0008319445623153,0.2932950191570881,0.0293445021386523,0
1552,2,2,617,10007__Node__1552,incoming,0.0002668918386908,0.2692104800422015,0.0080659459467535,3
1553,2,16,79,10093__Node__1553,outandin,0.00039234062968,0.256491874685877,0.0034916095751956,1
1554,2,50,27,10019__Node__1554,incoming,7.337633282633553e-05,0.2530996858984956,0.005591783978037,4
1555,1,6,144,10011__Node__1555,incoming,0.0,0.2365209331067511,0.0003016590512941,4
1557,1,1,762,10033__Node__1557,outandin,0.0,0.2683610867659947,0.014091263555276,3
1558,1,9,134,10047__Node__1558,incoming,0.0,0.1764434712458223,8.12319243570349e-06,4
1559,1,0,947,10003__Node__1559,incoming,0.0,0.2175024861486006,0.000164196921212,4
1560,1,5,241,10020__Node__1560,incoming,0.0,0.237566917526573,0.0042162843710479,2
1561,1,26,56,10177__Node__1561,incoming,0.0,0.2510865108651086,0.0027277114382451,2
1563,1,4,253,10034__Node__1563,incoming,0.0,0.2336869419216973,0.0028424708247791,4
1564,1,19,64,10008__Node__1564,incoming,0.0,0.229105873550318,0.0014870481777489,2
1565,1,6,144,10011__Node__1565,incoming,0.0,0.2365209331067511,0.0003016590512941,4
1566,4,25,57,10196__Node__1566,incoming,0.0004355816497983,0.2326570929260694,0.0017050648909427,4
1567,1,52,26,10139__Node__1567,incoming,0.0,0.2216912829423689,6.818956921190524e-05,4
1568,5,2,617,10007__Node__1568,incoming,0.0021397230465707,0.3086382421126902,0.0290361313047887,3
1569,9,29,48,10051__Node__1569,incoming,0.0017051420044154,0.2907054020696857,0.0216062969501153,2
1571,1,0,947,10003__Node__1571,incoming,0.0,0.2175024861486006,0.000164196921212,4
1573,1,5,241,10020__Node__1573,incoming,0.0,0.237566917526573,0.0042162843710479,4
1574,2,1,762,10033__Node__1574,incoming,4.524087821338092e-05,0.2693051890941073,0.0149690342017682,3
1576,1,13,93,10073__Node__1576,incoming,0.0,0.2343666283964791,0.0044024269736943,4
1577,1,2,617,10007__Node__1577,incoming,0.0,0.2399874598322752,0.0026097371147464,4
1579,1,20,64,10087__Node__1579,incoming,0.0,0.1312529469758669,2.389934928079441e-08,4
1580,7,10,121,10055__Node__1580,incoming,0.0010673749049285,0.294961949715827,0.0300066280792379,4
1583,4,1,762,10033__Node__1583,incoming,0.0007986032139938,0.2750381747956525,0.0205214880701824,3
1584,2,2,617,10007__Node__1584,incoming,0.000162186252984,0.262382176520994,0.0034855770692224,4
1586,2,11,116,10016__Node__1586,incoming,1.883799571012652e-05,0.2364843991350015,0.0037543036872872,2
1588,5,8,135,10039__Node__1588,outandin,0.0003008331263887,0.2470749616719115,0.0098991738625453,2
1590,1,0,947,10003__Node__1590,incoming,0.0,0.2175024861486006,0.000164196921212,4
1591,1,48,28,10014__Node__1591,incoming,0.0,0.162846354305164,3.088316361570195e-07,4
1593,4,1,762,10033__Node__1593,incoming,0.0001098668405284,0.2766034327009937,0.0234005313090108,4
1594,2,13,93,10073__Node__1594,incoming,4.307413200160149e-05,0.237566917526573,0.0052159073658254,4
1596,5,15,79,10017__Node__1596,incoming,0.0008252134242163,0.2611513859275053,0.0119937562407927,1
1598,4,31,44,10065__Node__1598,incoming,0.0001098668405284,0.2766034327009937,0.0234005313090108,3
1599,1,52,26,10139__Node__1599,outandin,0.0,0.2216912829423689,6.818956921190524e-05,1
1601,1,0,947,10003__Node__1601,incoming,0.0,0.2175024861486006,0.000164196921212,4
1602,1,2,617,10007__Node__1602,incoming,0.0,0.2399874598322752,0.0026097371147464,4
1604,1,0,947,10003__Node__1604,incoming,0.0,0.2175024861486006,0.000164196921212,4
1605,1,19,64,10008__Node__1605,incoming,0.0,0.229105873550318,0.0014870481777489,4
1606,1,61,24,10339__Node__1606,incoming,0.0,0.2061675195259897,9.513211784706468e-05,3
1611,1,0,947,10003__Node__1611,incoming,0.0,0.2175024861486006,0.000164196921212,4
1612,1,0,947,10003__Node__1612,incoming,0.0,0.2175024861486006,0.000164196921212,2
1613,1,10,121,10055__Node__1613,outandin,0.0,0.2524736147757256,0.0054562088320071,2
1614,1,0,947,10003__Node__1614,incoming,0.0,0.2175024861486006,0.000164196921212,4
1615,1,0,947,10003__Node__1615,incoming,0.0,0.2175024861486006,0.000164196921212,4
1616,4,3,284,10032__Node__1616,incoming,0.000112539952087,0.2479753806284418,0.0102535396921829,4
1617,1,20,64,10087__Node__1617,incoming,0.0,0.1312529469758669,2.389934928079441e-08,4
1618,1,2,617,10007__Node__1618,incoming,0.0,0.2399874598322752,0.0026097371147464,4
1620,1,21,62,10105__Node__1620,incoming,0.0,0.2154972200717854,0.0002096331976264,4
1621,1,47,29,10056__Node__1621,incoming,0.0,0.2167634149794705,0.0002799336754136,4
1622,1,0,947,10003__Node__1622,incoming,0.0,0.2175024861486006,0.000164196921212,4
1625,2,10,121,10055__Node__1625,incoming,2.5100148913008877e-05,0.255955863913734,0.0064058519653289,3
1627,1,0,947,10003__Node__1627,incoming,0.0,0.2175024861486006,0.000164196921212,3
1628,1,0,947,10003__Node__1628,incoming,0.0,0.2175024861486006,0.000164196921212,4
1629,1,2,617,10007__Node__1629,incoming,0.0,0.2399874598322752,0.0026097371147464,4
1630,1,49,28,10153__Node__1630,incoming,0.0,0.225213298028832,0.0004236813080482,4
1631,1,2,617,10007__Node__1631,incoming,0.0,0.2399874598322752,0.0026097371147464,4
1632,1,6,144,10011__Node__1632,incoming,0.0,0.2365209331067511,0.0003016590512941,4
1633,2,1,762,10033__Node__1633,incoming,0.0005251988672941,0.2753597122302158,0.0143182647319734,2
1634,4,8,135,10039__Node__1634,incoming,0.0007064341726701,0.2666782790454625,0.0078728492738301,4
1635,1,0,947,10003__Node__1635,incoming,0.0,0.2175024861486006,0.000164196921212,4
1636,1,61,24,10339__Node__1636,incoming,0.0,0.2061675195259897,9.513211784706468e-05,3
1637,2,0,947,10003__Node__1637,incoming,0.007611872568116,0.2598659085122634,0.0004658559725061,4
1638,2,18,71,10147__Node__1638,incoming,6.644105818678232e-05,0.2390133479041448,0.000405910292011,4
1641,2,9,134,10047__Node__1641,incoming,4.456545452564894e-05,0.1766572434085271,8.432024071860509e-06,4
1642,2,0,947,10003__Node__1642,incoming,0.000664712073882,0.2530787668402347,0.0002604419576191,3
1643,1,0,947,10003__Node__1643,incoming,0.0,0.2175024861486006,0.000164196921212,4
1644,1,17,75,10149__Node__1644,incoming,0.0,0.2206210822105339,0.0003608298597847,4
1645,2,1,762,10033__Node__1645,incoming,5.874520053440121e-05,0.2753844770213148,0.0184936905289704,4
1647,2,4,253,10034__Node__1647,incoming,1.349748557715658e-05,0.2390506674994144,0.0053185893685137,4
1648,1,12,115,10006__Node__1648,incoming,0.0,0.2240925058548009,0.0007433077064394,1
1649,1,22,61,10025__Node__1649,incoming,0.0,0.2249320502460883,0.0009496431333218,3
1650,1,2,617,10007__Node__1650,incoming,0.0,0.2399874598322752,0.0026097371147464,4
1652,3,5,241,10020__Node__1652,incoming,8.921251842584755e-05,0.2427846495401205,0.0069263963477841,2
1653,1,1,762,10033__Node__1653,outandin,0.0,0.2683610867659947,0.014091263555276,1
1654,2,54,25,10010__Node__1654,incoming,1.4950745210355967e-05,0.2543189368770764,0.0059595357257822,1
1656,2,9,134,10047__Node__1656,outandin,0.0017754777095684,0.2285927584919746,8.426010539628255e-05,3
1657,1,1,762,10033__Node__1657,incoming,0.0,0.2683610867659947,0.014091263555276,4
1658,12,1,762,10033__Node__1658,incoming,0.0034725432286177,0.3203263939742651,0.0459545154285959,2
1660,2,9,134,10047__Node__1660,incoming,0.0049220266902186,0.1770863454976577,8.147091784984286e-06,4
1663,1,3,284,10032__Node__1663,incoming,0.0,0.2371988535130529,0.00403645097798,4
1664,1,6,144,10011__Node__1664,incoming,0.0,0.2365209331067511,0.0003016590512941,4
1665,2,4,253,10034__Node__1665,incoming,2.0643215756409523e-05,0.2380101049358725,0.0037409701704682,4
1666,1,0,947,10003__Node__1666,incoming,0.0,0.2175024861486006,0.000164196921212,4
1668,1,17,75,10149__Node__1668,incoming,0.0,0.2206210822105339,0.0003608298597847,4
1669,1,20,64,10087__Node__1669,incoming,0.0,0.1312529469758669,2.389934928079441e-08,4
1670,1,13,93,10073__Node__1670,incoming,0.0,0.2343666283964791,0.0044024269736943,4
1671,1,2,617,10007__Node__1671,incoming,0.0,0.2399874598322752,0.0026097371147464,4
1673,1,34,40,10070__Node__1673,incoming,0.0,0.2273706096383753,7.384433686416915e-05,4
1674,5,36,37,10148__Node__1674,incoming,0.0009569594394768,0.2812270389419544,0.021996966970011,3
1675,1,2,617,10007__Node__1675,incoming,0.0,0.2399874598322752,0.0026097371147464,4
1676,1,2,617,10007__Node__1676,incoming,0.0,0.2399874598322752,0.0026097371147464,4
1677,1,39,34,10036__Node__1677,incoming,0.0,0.2151338438839317,0.0001115750246547,4
1678,1,2,617,10007__Node__1678,incoming,0.0,0.2399874598322752,0.0026097371147464,4
1679,5,4,253,10034__Node__1679,incoming,0.000179014344472,0.2501633986928104,0.0120922004983919,4
1680,3,2,617,10007__Node__1680,incoming,0.000264014875231,0.250511331097112,0.0061955156459649,4
1681,1,2,617,10007__Node__1681,incoming,0.0,0.2399874598322752,0.0026097371147464,4
1682,2,1,762,10033__Node__1682,incoming,1.9014069920422304e-05,0.272856888255213,0.0195474723872831,4
1683,1,8,135,10039__Node__1683,incoming,0.0,0.2294320395624157,0.0024761185437346,4
1684,7,3,284,10032__Node__1684,incoming,0.0016874167292055,0.3108629441624365,0.0309897824908527,4
1685,2,5,241,10020__Node__1685,incoming,4.228028730536554e-05,0.2402133835412253,0.005114783716737,3
1686,1,0,947,10003__Node__1686,incoming,0.0,0.2175024861486006,0.000164196921212,4
1687,3,61,24,10339__Node__1687,incoming,0.000244296873173,0.2487812804679883,0.0011333604398536,3
1688,1,2,617,10007__Node__1688,incoming,0.0,0.2399874598322752,0.0026097371147464,4
1691,1,0,947,10003__Node__1691,incoming,0.0,0.2175024861486006,0.000164196921212,4
1692,3,28,49,10009__Node__1692,incoming,0.0001740626858432,0.2449208126699728,0.0012064626302884,4
1694,2,13,93,10073__Node__1694,outandin,0.0002299475867,0.2574190836485918,0.0044785638866549,0
1695,1,1,762,10033__Node__1695,outandin,0.0,0.2683610867659947,0.014091263555276,3
1698,2,8,135,10039__Node__1698,incoming,1.2070038137016915e-05,0.2343845682792406,0.0043147793499436,4
1700,2,60,24,10061__Node__1700,incoming,0.0002422750103437,0.2535397863707874,0.0055248844379577,2
1701,4,2,617,10007__Node__1701,incoming,0.000540946592612,0.272856888255213,0.0071433708569658,4
1702,2,10,121,10055__Node__1702,incoming,1.9014069920422304e-05,0.272856888255213,0.0195474723872831,2
1705,5,25,57,10196__Node__1705,incoming,0.00082507190205,0.288922438195886,0.0242794497965873,4
1706,4,21,62,10105__Node__1706,outandin,0.0002678879589524,0.2418832451220475,0.0049437882897364,2
1708,1,0,947,10003__Node__1708,incoming,0.0,0.2175024861486006,0.000164196921212,4
1709,1,38,35,10086__Node__1709,incoming,0.0,0.2153002390662354,0.0002172187740778,4
1710,1,0,947,10003__Node__1710,incoming,0.0,0.2175024861486006,0.000164196921212,4
1711,1,3,284,10032__Node__1711,incoming,0.0,0.2371988535130529,0.00403645097798,4
1713,1,2,617,10007__Node__1713,incoming,0.0,0.2399874598322752,0.0026097371147464,4
1714,1,2,617,10007__Node__1714,incoming,0.0,0.2399874598322752,0.0026097371147464,4
1716,1,0,947,10003__Node__1716,incoming,0.0,0.2175024861486006,0.000164196921212,4
1717,1,3,284,10032__Node__1717,incoming,0.0,0.2371988535130529,0.00403645097798,4
1719,1,0,947,10003__Node__1719,incoming,0.0,0.2175024861486006,0.000164196921212,3
1720,3,1,762,10033__Node__1720,incoming,0.0001019675394,0.279201240083888,0.0239498993609775,4
1721,1,5,241,10020__Node__1721,incoming,0.0,0.237566917526573,0.0042162843710479,4
1722,1,3,284,10032__Node__1722,incoming,0.0,0.2371988535130529,0.00403645097798,4
1723,2,14,90,10077__Node__1723,incoming,0.0001109742089343,0.2266133806986382,0.0009956744857974,3
1724,2,28,49,10009__Node__1724,incoming,4.524087821338092e-05,0.2693051890941073,0.0149690342017682,4
1725,1,17,75,10149__Node__1725,incoming,0.0,0.2206210822105339,0.0003608298597847,4
1728,2,12,115,10006__Node__1728,incoming,2.0695523482327443e-05,0.2289174641148325,0.0011758661978361,4
1729,7,13,93,10073__Node__1729,incoming,0.0014069369773696,0.2887317303158887,0.0200377146355107,2
1730,2,19,64,10008__Node__1730,incoming,1.883799571012652e-05,0.2364843991350015,0.0037543036872872,1
1731,2,16,79,10093__Node__1731,incoming,9.278977770165876e-05,0.2792776358993068,0.0175090287936074,1
1732,1,9,134,10047__Node__1732,incoming,0.0,0.1764434712458223,8.12319243570349e-06,3
1733,1,0,947,10003__Node__1733,incoming,0.0,0.2175024861486006,0.000164196921212,4
1734,2,1,762,10033__Node__1734,incoming,6.070864224072986e-05,0.2693051890941073,0.0145096937215391,4
1736,1,5,241,10020__Node__1736,incoming,0.0,0.237566917526573,0.0042162843710479,4
1738,1,19,64,10008__Node__1738,incoming,0.0,0.229105873550318,0.0014870481777489,4
1740,4,4,253,10034__Node__1740,incoming,0.0002431704770109,0.2461216943975564,0.0082458782038046,4
1742,1,9,134,10047__Node__1742,incoming,0.0,0.1764434712458223,8.12319243570349e-06,2
1743,1,25,57,10196__Node__1743,incoming,0.0,0.2230802855893923,0.0003535959137667,4
1744,4,11,116,10016__Node__1744,outandin,0.0004570953032109,0.2554220887554221,0.0046046908412009,2
1745,2,54,25,10010__Node__1745,incoming,5.1129740124111545e-05,0.2700652672429,0.0145945904490511,4
1746,3,46,29,10045__Node__1746,outandin,0.0011791473066125,0.2872150830128506,0.0169558483169545,0
1748,1,0,947,10003__Node__1748,incoming,0.0,0.2175024861486006,0.000164196921212,4
1750,9,17,75,10149__Node__1750,incoming,0.0019598200829983,0.2886228673767556,0.017095842680802,3
1751,1,0,947,10003__Node__1751,incoming,0.0,0.2175024861486006,0.000164196921212,4
1753,1,0,947,10003__Node__1753,incoming,0.0,0.2175024861486006,0.000164196921212,4
1754,1,8,135,10039__Node__1754,incoming,0.0,0.2294320395624157,0.0024761185437346,3
1756,1,1,762,10033__Node__1756,incoming,0.0,0.2683610867659947,0.014091263555276,4
1759,1,0,947,10003__Node__1759,incoming,0.0,0.2175024861486006,0.000164196921212,4
1761,1,49,28,10153__Node__1761,incoming,0.0,0.225213298028832,0.0004236813080482,4
1763,3,40,34,10041__Node__1763,incoming,7.241635246895792e-05,0.24165417094152,0.0073111040088258,4
1764,1,41,31,10052__Node__1764,incoming,0.0,0.2213067360508817,0.0004428564671978,4
1765,1,0,947,10003__Node__1765,incoming,0.0,0.2175024861486006,0.000164196921212,4
1766,1,0,947,10003__Node__1766,incoming,0.0,0.2175024861486006,0.000164196921212,4
1768,2,22,61,10025__Node__1768,incoming,6.219814621082156e-05,0.2702559576345984,0.0150409066885978,3
1770,2,1,762,10033__Node__1770,outandin,1.9014069920422304e-05,0.272856888255213,0.0195474723872831,1
1771,1,6,144,10011__Node__1771,incoming,0.0,0.2365209331067511,0.0003016590512941,4
1773,1,0,947,10003__Node__1773,incoming,0.0,0.2175024861486006,0.000164196921212,4
1774,2,1,762,10033__Node__1774,incoming,1.7830732819827e-05,0.2706620701847432,0.0161056616707947,4
1775,2,22,61,10025__Node__1775,incoming,6.758072200635771e-05,0.2443930082209274,0.0010254556733196,2
1776,3,6,144,10011__Node__1776,incoming,0.0022969764584318,0.2620005133909472,0.0052366093749633,4
1777,6,16,79,10093__Node__1777,incoming,0.0008724671656338,0.2996965841244984,0.0294909411464913,4
1779,4,17,75,10149__Node__1779,incoming,0.0003926374610433,0.2405530677979417,0.0033249911883803,4
1780,1,0,947,10003__Node__1780,incoming,0.0,0.2175024861486006,0.000164196921212,4
1782,1,0,947,10003__Node__1782,incoming,0.0,0.2175024861486006,0.000164196921212,4
1785,2,4,253,10034__Node__1785,incoming,9.189972419758852e-05,0.2358287122612446,0.0032033006845639,4
1786,2,28,49,10009__Node__1786,incoming,4.524087821338092e-05,0.2693051890941073,0.0149690342017682,4
1788,4,16,79,10093__Node__1788,outandin,0.0002183910318174,0.2788706739526411,0.0174926854150809,0
1789,1,0,947,10003__Node__1789,incoming,0.0,0.2175024861486006,0.000164196921212,4
1790,4,51,27,10066__Node__1790,incoming,0.0010257785305895,0.2535607817157999,0.0027126134762099,3
1791,1,24,59,10053__Node__1791,outandin,0.0,0.2279630732578916,0.000898499345689,1
1792,2,34,40,10070__Node__1792,incoming,0.0005265996970746,0.2695897164993837,0.0141651078921401,4
1794,2,39,34,10036__Node__1794,incoming,5.6104338385262726e-05,0.2343845682792406,0.0029540458494338,4
1795,1,0,947,10003__Node__1795,incoming,0.0,0.2175024861486006,0.000164196921212,3
1796,5,32,43,10064__Node__1796,incoming,0.0004637198030283,0.2831252889505317,0.0258553777049896,4
1797,1,0,947,10003__Node__1797,incoming,0.0,0.2175024861486006,0.000164196921212,4
1798,1,6,144,10011__Node__1798,incoming,0.0,0.2365209331067511,0.0003016590512941,4
1799,3,1,762,10033__Node__1799,incoming,8.244362856103914e-05,0.2736371760500447,0.0204252430337753,4
1800,1,17,75,10149__Node__1800,incoming,0.0,0.2206210822105339,0.0003608298597847,4
1801,1,0,947,10003__Node__1801,incoming,0.0,0.2175024861486006,0.000164196921212,4
1803,1,8,135,10039__Node__1803,incoming,0.0,0.2294320395624157,0.0024761185437346,4
1804,1,0,947,10003__Node__1804,incoming,0.0,0.2175024861486006,0.000164196921212,3
1805,1,0,947,10003__Node__1805,incoming,0.0,0.2175024861486006,0.000164196921212,4
1808,1,5,241,10020__Node__1808,incoming,0.0,0.237566917526573,0.0042162843710479,4
1809,1,0,947,10003__Node__1809,incoming,0.0,0.2175024861486006,0.000164196921212,4
1810,1,1,762,10033__Node__1810,incoming,0.0,0.2683610867659947,0.014091263555276,4
1811,1,1,762,10033__Node__1811,incoming,0.0,0.2683610867659947,0.014091263555276,4
1813,1,2,617,10007__Node__1813,incoming,0.0,0.2399874598322752,0.0026097371147464,4
1814,1,8,135,10039__Node__1814,incoming,0.0,0.2294320395624157,0.0024761185437346,4
1815,1,6,144,10011__Node__1815,incoming,0.0,0.2365209331067511,0.0003016590512941,2
1816,1,11,116,10016__Node__1816,outandin,0.0,0.233224160255922,0.0022672555095382,3
1817,5,11,116,10016__Node__1817,incoming,0.0003273987953241,0.2796857873584216,0.0160897968362604,3
1819,2,40,34,10041__Node__1819,outandin,5.856551587796997e-05,0.2549329781034052,0.0031602699296419,3
1821,1,9,134,10047__Node__1821,incoming,0.0,0.1764434712458223,8.12319243570349e-06,4
1825,2,5,241,10020__Node__1825,incoming,1.929066180125086e-05,0.2401757000549062,0.0057033325487969,4
1826,6,16,79,10093__Node__1826,incoming,0.0018954172324755,0.2908158419603001,0.0175490322023507,2
1827,4,22,61,10025__Node__1827,incoming,0.0002005963467034,0.2571812531496724,0.0045111687635993,4
1829,1,0,947,10003__Node__1829,incoming,0.0,0.2175024861486006,0.000164196921212,4
1830,5,22,61,10025__Node__1830,incoming,0.0006495906738935,0.2848107152822993,0.0205739983455521,3
1831,1,5,241,10020__Node__1831,incoming,0.0,0.237566917526573,0.0042162843710479,3
1832,1,41,31,10052__Node__1832,outandin,0.0,0.2213067360508817,0.0004428564671978,2
1833,1,0,947,10003__Node__1833,incoming,0.0,0.2175024861486006,0.000164196921212,4
1834,1,0,947,10003__Node__1834,incoming,0.0,0.2175024861486006,0.000164196921212,4
1835,2,13,93,10073__Node__1835,outandin,0.0003087253462282,0.2559130798161304,0.0046761933217338,2
1837,1,0,947,10003__Node__1837,incoming,0.0,0.2175024861486006,0.000164196921212,4
1838,1,0,947,10003__Node__1838,incoming,0.0,0.2175024861486006,0.000164196921212,4
1840,1,15,79,10017__Node__1840,incoming,0.0,0.2249485747869526,0.0012045680335147,4
1841,1,0,947,10003__Node__1841,incoming,0.0,0.2175024861486006,0.000164196921212,4
1842,1,0,947,10003__Node__1842,incoming,0.0,0.2175024861486006,0.000164196921212,4
1843,1,34,40,10070__Node__1843,incoming,0.0,0.2273706096383753,7.384433686416915e-05,4
1844,1,0,947,10003__Node__1844,incoming,0.0,0.2175024861486006,0.000164196921212,4
1845,2,17,75,10149__Node__1845,incoming,8.015738875923509e-05,0.2295868636125065,0.0007144257735515,4
1848,1,1,762,10033__Node__1848,outandin,0.0,0.2683610867659947,0.014091263555276,1
1849,1,0,947,10003__Node__1849,incoming,0.0,0.2175024861486006,0.000164196921212,4
1850,1,4,253,10034__Node__1850,incoming,0.0,0.2336869419216973,0.0028424708247791,4
1851,1,1,762,10033__Node__1851,incoming,0.0,0.2683610867659947,0.014091263555276,4
1852,1,0,947,10003__Node__1852,incoming,0.0,0.2175024861486006,0.000164196921212,4
1853,1,2,617,10007__Node__1853,incoming,0.0,0.2399874598322752,0.0026097371147464,4
1855,2,0,947,10003__Node__1855,incoming,0.000664712073882,0.2530787668402347,0.0002604419576191,4
1856,2,1,762,10033__Node__1856,incoming,0.000282456741114,0.2694710903810613,0.0142656466098114,4
1857,1,0,947,10003__Node__1857,incoming,0.0,0.2175024861486006,0.000164196921212,4
1858,2,5,241,10020__Node__1858,incoming,0.00045274337356,0.2562772012052226,0.0042844739402599,3
1860,1,0,947,10003__Node__1860,incoming,0.0,0.2175024861486006,0.000164196921212,4
1861,1,0,947,10003__Node__1861,incoming,0.0,0.2175024861486006,0.000164196921212,3
1864,2,0,947,10003__Node__1864,incoming,0.000664712073882,0.2530787668402347,0.0002604419576191,4
1865,3,48,28,10014__Node__1865,incoming,0.0057705886087686,0.2214668016779979,0.0002354332007693,1
1866,2,10,121,10055__Node__1866,incoming,1.9014069920422304e-05,0.272856888255213,0.0195474723872831,2
1867,4,2,617,10007__Node__1867,incoming,0.0005229083973326,0.2540024885939444,0.0077329267286639,4
1868,1,7,142,10071__Node__1868,incoming,0.0,0.237843716016778,0.0002737663480395,4
1869,1,17,75,10149__Node__1869,incoming,0.0,0.2206210822105339,0.0003608298597847,4
1870,2,11,116,10016__Node__1870,incoming,1.3099787635006944e-05,0.2339726446091541,0.0025221031564703,4
1871,1,0,947,10003__Node__1871,incoming,0.0,0.2175024861486006,0.000164196921212,3
1872,4,28,49,10009__Node__1872,incoming,0.0001993009619272,0.2676105575948261,0.012564661965066,4
1873,1,0,947,10003__Node__1873,incoming,0.0,0.2175024861486006,0.000164196921212,4
1874,1,44,29,10119__Node__1874,incoming,0.0,0.215588256002253,0.0001850518649942,3
1875,1,0,947,10003__Node__1875,incoming,0.0,0.2175024861486006,0.000164196921212,4
1877,1,0,947,10003__Node__1877,incoming,0.0,0.2175024861486006,0.000164196921212,4
1878,7,8,135,10039__Node__1878,incoming,0.0008323702188546,0.2847047884704788,0.0164530746734812,4
1879,1,0,947,10003__Node__1879,incoming,0.0,0.2175024861486006,0.000164196921212,4
1880,2,57,25,10219__Node__1880,incoming,0.0003869612604417,0.2691868131868132,0.0141670760952738,4
1881,1,22,61,10025__Node__1881,incoming,0.0,0.2249320502460883,0.0009496431333218,4
1882,1,0,947,10003__Node__1882,incoming,0.0,0.2175024861486006,0.000164196921212,4
1883,1,0,947,10003__Node__1883,incoming,0.0,0.2175024861486006,0.000164196921212,3
1884,1,0,947,10003__Node__1884,incoming,0.0,0.2175024861486006,0.000164196921212,4
1885,1,2,617,10007__Node__1885,incoming,0.0,0.2399874598322752,0.0026097371147464,4
1886,1,52,26,10139__Node__1886,incoming,0.0,0.2216912829423689,6.818956921190524e-05,4
1887,1,41,31,10052__Node__1887,incoming,0.0,0.2213067360508817,0.0004428564671978,4
1888,1,0,947,10003__Node__1888,incoming,0.0,0.2175024861486006,0.000164196921212,4
1889,1,1,762,10033__Node__1889,incoming,0.0,0.2683610867659947,0.014091263555276,4
1890,2,3,284,10032__Node__1890,incoming,0.0001407407049755,0.2595575146223616,0.004912290932456,4
1891,1,7,142,10071__Node__1891,incoming,0.0,0.237843716016778,0.0002737663480395,3
1893,2,1,762,10033__Node__1893,incoming,1.9014069920422304e-05,0.272856888255213,0.0195474723872831,4
1895,3,1,762,10033__Node__1895,incoming,0.0002466353208681,0.2868384074941452,0.0210352593645692,2
1897,1,1,762,10033__Node__1897,incoming,0.0,0.2683610867659947,0.014091263555276,4
1899,4,37,37,10191__Node__1899,incoming,0.0008290920214537,0.2571596539850508,0.0060946076313911,2
1900,1,0,947,10003__Node__1900,incoming,0.0,0.2175024861486006,0.000164196921212,4
1902,1,0,947,10003__Node__1902,incoming,0.0,0.2175024861486006,0.000164196921212,4
1905,1,42,30,10162__Node__1905,outandin,0.0,0.225196734573803,7.613691296057906e-05,2
1907,3,2,617,10007__Node__1907,incoming,0.0005381815751159,0.249653485527925,0.0056904730164158,3
1909,3,52,26,10139__Node__1909,incoming,0.0006534082554207,0.2677977960468777,0.0075224057855234,4
1911,4,11,116,10016__Node__1911,incoming,0.0003621944356914,0.2878360594096634,0.0249772304095566,4
1912,1,0,947,10003__Node__1912,incoming,0.0,0.2175024861486006,0.000164196921212,4
1913,2,2,617,10007__Node__1913,incoming,5.461457950978722e-05,0.2429965875724148,0.0033530448211858,4
1914,1,0,947,10003__Node__1914,incoming,0.0,0.2175024861486006,0.000164196921212,4
1915,3,32,43,10064__Node__1915,incoming,0.0002258692993134,0.2656832971800434,0.0100909233693182,4
1916,5,4,253,10034__Node__1916,incoming,0.0008574602158131,0.246855852950661,0.0095617474889956,4
1917,1,0,947,10003__Node__1917,incoming,0.0,0.2175024861486006,0.000164196921212,4
1918,1,11,116,10016__Node__1918,incoming,0.0,0.233224160255922,0.0022672555095382,4
1919,4,1,762,10033__Node__1919,incoming,0.0001935681513452,0.2831776565245538,0.0217072706200737,3
1920,3,40,34,10041__Node__1920,incoming,0.0002883077657797,0.2494907520573616,0.0058847664309223,2
1921,1,0,947,10003__Node__1921,incoming,0.0,0.2175024861486006,0.000164196921212,4
1922,1,52,26,10139__Node__1922,incoming,0.0,0.2216912829423689,6.818956921190524e-05,4
1925,1,0,947,10003__Node__1925,incoming,0.0,0.2175024861486006,0.000164196921212,4
1926,5,41,31,10052__Node__1926,incoming,0.0008429927351736,0.2520372047082064,0.0079023753604212,4
1927,1,0,947,10003__Node__1927,incoming,0.0,0.2175024861486006,0.000164196921212,4
1928,1,0,947,10003__Node__1928,incoming,0.0,0.2175024861486006,0.000164196921212,4
1929,1,55,25,10013__Node__1929,incoming,0.0,0.2067103220144467,0.00016359753643,4
1930,1,11,116,10016__Node__1930,incoming,0.0,0.233224160255922,0.0022672555095382,4
1931,2,1,762,10033__Node__1931,incoming,0.0002709524667986,0.2693762646256708,0.0142763154202702,2
1932,1,0,947,10003__Node__1932,incoming,0.0,0.2175024861486006,0.000164196921212,4
1933,1,0,947,10003__Node__1933,incoming,0.0,0.2175024861486006,0.000164196921212,4
1934,1,11,116,10016__Node__1934,incoming,0.0,0.233224160255922,0.0022672555095382,4
1935,7,56,25,10030__Node__1935,outandin,0.000838971205121,0.2794815626140927,0.015596156426217,2
1936,1,1,762,10033__Node__1936,outandin,0.0,0.2683610867659947,0.014091263555276,0
1937,1,0,947,10003__Node__1937,incoming,0.0,0.2175024861486006,0.000164196921212,2
1939,2,17,75,10149__Node__1939,incoming,0.0001815557442778,0.2555499916541479,0.0058170386917918,4
1941,2,12,115,10006__Node__1941,incoming,5.461457950978722e-05,0.2429965875724148,0.0033530448211858,4
1942,1,2,617,10007__Node__1942,incoming,0.0,0.2399874598322752,0.0026097371147464,4
1943,1,61,24,10339__Node__1943,incoming,0.0,0.2061675195259897,9.513211784706468e-05,3
1944,1,0,947,10003__Node__1944,incoming,0.0,0.2175024861486006,0.000164196921212,4
1948,1,0,947,10003__Node__1948,incoming,0.0,0.2175024861486006,0.000164196921212,2
1949,4,13,93,10073__Node__1949,incoming,7.02534931787087e-05,0.2665622007486724,0.0120184340384921,3
1952,1,0,947,10003__Node__1952,incoming,0.0,0.2175024861486006,0.000164196921212,4
1953,1,0,947,10003__Node__1953,incoming,0.0,0.2175024861486006,0.000164196921212,4
1955,2,25,57,10196__Node__1955,incoming,0.0002266616504262,0.24582530507386,0.0004297328267273,3
1956,3,11,116,10016__Node__1956,incoming,0.0001944505515526,0.2757813203638656,0.0173081621981361,4
1957,1,61,24,10339__Node__1957,incoming,0.0,0.2061675195259897,9.513211784706468e-05,3
1958,1,0,947,10003__Node__1958,incoming,0.0,0.2175024861486006,0.000164196921212,4
1959,1,2,617,10007__Node__1959,incoming,0.0,0.2399874598322752,0.0026097371147464,4
1960,2,3,284,10032__Node__1960,incoming,5.708750764740053e-05,0.2392000624951175,0.0042912986249121,4
1961,1,57,25,10219__Node__1961,outandin,0.0,0.227624145108534,7.581253999781134e-05,3
1962,3,0,947,10003__Node__1962,incoming,0.0287699877747708,0.2943381716812458,0.0144911169645555,4
1963,1,0,947,10003__Node__1963,incoming,0.0,0.2175024861486006,0.000164196921212,4
1964,1,0,947,10003__Node__1964,incoming,0.0,0.2175024861486006,0.000164196921212,4
1965,1,3,284,10032__Node__1965,incoming,0.0,0.2371988535130529,0.00403645097798,4
1966,1,1,762,10033__Node__1966,incoming,0.0,0.2683610867659947,0.014091263555276,2
1968,1,8,135,10039__Node__1968,incoming,0.0,0.2294320395624157,0.0024761185437346,4
1969,1,21,62,10105__Node__1969,incoming,0.0,0.2154972200717854,0.0002096331976264,4
1970,2,31,44,10065__Node__1970,incoming,4.139241354486576e-05,0.271357674583481,0.015929924361485,4
1972,1,0,947,10003__Node__1972,incoming,0.0,0.2175024861486006,0.000164196921212,4
1973,6,1,762,10033__Node__1973,incoming,0.0019247481687421,0.3059858099330468,0.0314351917487205,4
1974,1,12,115,10006__Node__1974,incoming,0.0,0.2240925058548009,0.0007433077064394,4
1975,2,17,75,10149__Node__1975,incoming,1.820672723613729e-05,0.2271681875510052,0.0007933883511815,4
1977,1,0,947,10003__Node__1977,incoming,0.0,0.2175024861486006,0.000164196921212,4
1978,1,0,947,10003__Node__1978,incoming,0.0,0.2175024861486006,0.000164196921212,4
1979,5,15,79,10017__Node__1979,incoming,0.0001803134837511,0.2391066687490239,0.0042878196710827,4
1980,1,0,947,10003__Node__1980,incoming,0.0,0.2175024861486006,0.000164196921212,4
1981,2,5,241,10020__Node__1981,outandin,2.0748828917021057e-05,0.2433248569612206,0.0086187113447423,3
1983,1,7,142,10071__Node__1983,incoming,0.0,0.237843716016778,0.0002737663480395,4
1985,2,3,284,10032__Node__1985,incoming,2.847461816859815e-05,0.2401003685407355,0.0049349503236691,2
1986,1,0,947,10003__Node__1986,incoming,0.0,0.2175024861486006,0.000164196921212,4
1987,4,4,253,10034__Node__1987,incoming,0.0001533496123652,0.2386036000935089,0.0041807253901459,4
1988,1,1,762,10033__Node__1988,incoming,0.0,0.2683610867659947,0.014091263555276,4
1989,1,1,762,10033__Node__1989,incoming,0.0,0.2683610867659947,0.014091263555276,2
1991,2,1,762,10033__Node__1991,outandin,4.139241354486576e-05,0.271357674583481,0.015929924361485,1
1992,1,0,947,10003__Node__1992,incoming,0.0,0.2175024861486006,0.000164196921212,4
1993,1,43,30,10054__Node__1993,incoming,0.0,0.2427654007769761,0.0020143981155187,3
1994,1,0,947,10003__Node__1994,incoming,0.0,0.2175024861486006,0.000164196921212,4
1995,2,1,762,10033__Node__1995,incoming,0.0001681338849437,0.2716465578424414,0.0149047439474071,4
1996,3,1,762,10033__Node__1996,incoming,0.0004371557295782,0.2771291519594533,0.0202907800937225,4
1997,6,19,64,10008__Node__1997,incoming,0.0005393476690375,0.2815632183908046,0.015464421796089,4
1998,2,1,762,10033__Node__1998,incoming,6.219814621082156e-05,0.2702559576345984,0.0150409066885978,4
1999,1,0,947,10003__Node__1999,incoming,0.0,0.2175024861486006,0.000164196921212,4
2000,4,5,241,10020__Node__2000,incoming,0.0001738234365926,0.2711414150358629,0.0106982994965803,3
2001,1,20,64,10087__Node__2001,incoming,0.0,0.1312529469758669,2.389934928079441e-08,4
2002,1,0,947,10003__Node__2002,incoming,0.0,0.2175024861486006,0.000164196921212,4
2003,1,0,947,10003__Node__2003,incoming,0.0,0.2175024861486006,0.000164196921212,4
2004,1,5,241,10020__Node__2004,incoming,0.0,0.237566917526573,0.0042162843710479,4
2005,2,3,284,10032__Node__2005,incoming,8.59736819873287e-05,0.2390506674994144,0.0042460841756064,4
2006,3,16,79,10093__Node__2006,incoming,9.658709257222678e-05,0.2710454102859166,0.0120364765830738,4
2007,1,0,947,10003__Node__2007,incoming,0.0,0.2175024861486006,0.000164196921212,4
2008,3,1,762,10033__Node__2008,incoming,0.0004969380241457,0.2866772774084823,0.0209701853580352,4
2009,1,0,947,10003__Node__2009,incoming,0.0,0.2175024861486006,0.000164196921212,4
2010,5,1,762,10033__Node__2010,incoming,0.0005224196924663,0.2894413460629549,0.0275180604456183,4
2011,1,0,947,10003__Node__2011,incoming,0.0,0.2175024861486006,0.000164196921212,4
2012,1,0,947,10003__Node__2012,incoming,0.0,0.2175024861486006,0.000164196921212,4
2013,1,0,947,10003__Node__2013,incoming,0.0,0.2175024861486006,0.000164196921212,4
2016,1,0,947,10003__Node__2016,incoming,0.0,0.2175024861486006,0.000164196921212,4
2017,1,7,142,10071__Node__2017,incoming,0.0,0.237843716016778,0.0002737663480395,4
2018,1,13,93,10073__Node__2018,incoming,0.0,0.2343666283964791,0.0044024269736943,4
2019,3,14,90,10077__Node__2019,incoming,9.93042751973709e-05,0.2583312241626592,0.0060917473203015,4
2022,1,5,241,10020__Node__2022,incoming,0.0,0.237566917526573,0.0042162843710479,4
2023,1,0,947,10003__Node__2023,incoming,0.0,0.2175024861486006,0.000164196921212,4
2024,1,5,241,10020__Node__2024,incoming,0.0,0.237566917526573,0.0042162843710479,4
2025,1,0,947,10003__Node__2025,incoming,0.0,0.2175024861486006,0.000164196921212,4
2027,1,0,947,10003__Node__2027,incoming,0.0,0.2175024861486006,0.000164196921212,4
2028,1,28,49,10009__Node__2028,incoming,0.0,0.2181222396352757,0.0008777706464921,4
2029,3,19,64,10008__Node__2029,outandin,0.0003229559767837,0.252057951926243,0.0084992122661897,0
2030,1,0,947,10003__Node__2030,incoming,0.0,0.2175024861486006,0.000164196921212,4
2031,1,16,79,10093__Node__2031,outandin,0.0,0.2549329781034052,0.0034177652383314,1
2032,1,0,947,10003__Node__2032,incoming,0.0,0.2175024861486006,0.000164196921212,4
2033,2,2,617,10007__Node__2033,incoming,0.0007749913762437,0.2856076858502005,0.0167010006700224,4
2036,1,2,617,10007__Node__2036,incoming,0.0,0.2399874598322752,0.0026097371147464,4
2038,1,0,947,10003__Node__2038,incoming,0.0,0.2175024861486006,0.000164196921212,4
2039,1,46,29,10045__Node__2039,outandin,0.0,0.2200977573317999,0.000254847646932,0
2040,5,1,762,10033__Node__2040,incoming,0.0005447064061222,0.2882153614457831,0.027068851869003,4
2041,1,3,284,10032__Node__2041,incoming,0.0,0.2371988535130529,0.00403645097798,4
2042,1,12,115,10006__Node__2042,incoming,0.0,0.2240925058548009,0.0007433077064394,3
2043,1,2,617,10007__Node__2043,incoming,0.0,0.2399874598322752,0.0026097371147464,4
2044,4,5,241,10020__Node__2044,incoming,0.0003368581216039,0.2431316499920597,0.0068436988118657,4
2045,1,0,947,10003__Node__2045,incoming,0.0,0.2175024861486006,0.000164196921212,4
2046,4,29,48,10051__Node__2046,incoming,0.0002330541422486,0.2698035069169089,0.010166122204447,3
2047,1,0,947,10003__Node__2047,incoming,0.0,0.2175024861486006,0.000164196921212,4
2048,1,30,44,10026__Node__2048,incoming,0.0,0.2175024861486006,0.0002270011766974,4
2051,1,0,947,10003__Node__2051,incoming,0.0,0.2175024861486006,0.000164196921212,4
2052,3,1,762,10033__Node__2052,outandin,0.0006811685672803,0.2710214197203044,0.0151090962578097,2
2053,2,1,762,10033__Node__2053,incoming,5.874520053440121e-05,0.2753844770213148,0.0184936905289704,4
2054,1,0,947,10003__Node__2054,incoming,0.0,0.2175024861486006,0.000164196921212,4
2055,1,1,762,10033__Node__2055,outandin,0.0,0.2683610867659947,0.014091263555276,2
2056,1,0,947,10003__Node__2056,incoming,0.0,0.2175024861486006,0.000164196921212,3
2057,2,0,947,10003__Node__2057,incoming,0.000664712073882,0.2530787668402347,0.0002604419576191,4
2058,2,1,762,10033__Node__2058,incoming,5.874520053440121e-05,0.2753844770213148,0.0184936905289704,3
2059,1,0,947,10003__Node__2059,incoming,0.0,0.2175024861486006,0.000164196921212,4
2060,1,0,947,10003__Node__2060,incoming,0.0,0.2175024861486006,0.000164196921212,4
2061,1,0,947,10003__Node__2061,incoming,0.0,0.2175024861486006,0.000164196921212,3
2062,1,6,144,10011__Node__2062,incoming,0.0,0.2365209331067511,0.0003016590512941,4
2064,1,3,284,10032__Node__2064,incoming,0.0,0.2371988535130529,0.00403645097798,4
2065,6,10,121,10055__Node__2065,outandin,0.0010690650361489,0.3040714995034757,0.0338802341210236,2
2066,1,33,43,10088__Node__2066,incoming,0.0,0.2123734221112498,0.0001166819118451,3
2067,1,0,947,10003__Node__2067,incoming,0.0,0.2175024861486006,0.000164196921212,4
2069,4,6,144,10011__Node__2069,outandin,0.0005940101989249,0.2588334742180896,0.0042601655994557,3
2070,2,1,762,10033__Node__2070,outandin,0.0005251988672941,0.2753597122302158,0.0143182647319734,3
2071,1,1,762,10033__Node__2071,incoming,0.0,0.2683610867659947,0.014091263555276,4
2072,2,0,947,10003__Node__2072,incoming,0.0008235899375868,0.2340978593272171,0.0002328725271626,3
2073,1,1,762,10033__Node__2073,incoming,0.0,0.2683610867659947,0.014091263555276,4
2074,2,11,116,10016__Node__2074,incoming,1.3099787635006944e-05,0.2339726446091541,0.0025221031564703,4
2075,9,8,135,10039__Node__2075,incoming,0.0022079447458271,0.2514163724443715,0.0077594444793076,4
2076,4,29,48,10051__Node__2076,incoming,0.0001837241877813,0.2683140553803014,0.009619094231029,4
2077,3,8,135,10039__Node__2077,incoming,0.000104167891257,0.241463606971059,0.0066761670581447,3
2079,4,52,26,10139__Node__2079,incoming,0.0006571789299635,0.2621126519431604,0.0069415889507113,4
2080,1,0,947,10003__Node__2080,incoming,0.0,0.2175024861486006,0.000164196921212,4
2081,1,0,947,10003__Node__2081,incoming,0.0,0.2175024861486006,0.000164196921212,4
2082,1,2,617,10007__Node__2082,incoming,0.0,0.2399874598322752,0.0026097371147464,4
2083,1,0,947,10003__Node__2083,incoming,0.0,0.2175024861486006,0.000164196921212,4
2084,1,0,947,10003__Node__2084,incoming,0.0,0.2175024861486006,0.000164196921212,4
2085,1,39,34,10036__Node__2085,incoming,0.0,0.2151338438839317,0.0001115750246547,4
2086,2,36,37,10148__Node__2086,outandin,8.244963275732239e-05,0.2567714884696017,0.0044519408591154,2
2089,1,2,617,10007__Node__2089,incoming,0.0,0.2399874598322752,0.0026097371147464,3
2090,1,0,947,10003__Node__2090,incoming,0.0,0.2175024861486006,0.000164196921212,4
2091,1,1,762,10033__Node__2091,incoming,0.0,0.2683610867659947,0.014091263555276,3
2093,1,30,44,10026__Node__2093,incoming,0.0,0.2175024861486006,0.0002270011766974,4
2098,2,14,90,10077__Node__2098,incoming,3.1286762892173274e-05,0.2477546727081479,0.0016893203466071,4
2099,4,8,135,10039__Node__2099,incoming,0.0001908823106763,0.2419405815423514,0.0061119777196953,3
2100,1,0,947,10003__Node__2100,incoming,0.0,0.2175024861486006,0.000164196921212,4
2101,2,1,762,10033__Node__2101,outandin,6.219814621082156e-05,0.2702559576345984,0.0150409066885978,2
2103,8,8,135,10039__Node__2103,outandin,0.0013107880781208,0.3044040163038075,0.0344609279216918,0
2104,2,17,75,10149__Node__2104,incoming,0.0001790895641015,0.2571164665379125,0.0037785950981162,4
2105,2,0,947,10003__Node__2105,incoming,0.0008235899375868,0.2340978593272171,0.0002328725271626,4
2107,1,5,241,10020__Node__2107,incoming,0.0,0.237566917526573,0.0042162843710479,4
2108,1,49,28,10153__Node__2108,incoming,0.0,0.225213298028832,0.0004236813080482,4
2109,1,8,135,10039__Node__2109,incoming,0.0,0.2294320395624157,0.0024761185437346,4
2110,5,8,135,10039__Node__2110,outandin,0.0004807353752593,0.2749147064104866,0.0136727023173672,2
2115,2,2,617,10007__Node__2115,incoming,5.461457950978722e-05,0.2429965875724148,0.0033530448211858,4
2116,1,0,947,10003__Node__2116,incoming,0.0,0.2175024861486006,0.000164196921212,4
2119,1,0,947,10003__Node__2119,incoming,0.0,0.2175024861486006,0.000164196921212,4
2120,1,0,947,10003__Node__2120,incoming,0.0,0.2175024861486006,0.000164196921212,4
2121,2,0,947,10003__Node__2121,incoming,0.0259894147439895,0.2926502915033929,0.014255460476488,4
2122,1,1,762,10033__Node__2122,incoming,0.0,0.2683610867659947,0.014091263555276,4
2123,5,4,253,10034__Node__2123,outandin,0.0002449665599559,0.2422276718614033,0.005342447538596,3
2124,2,32,43,10064__Node__2124,incoming,2.9729403160905908e-05,0.235865043906948,0.0005540053122931,4
2126,1,0,947,10003__Node__2126,incoming,0.0,0.2175024861486006,0.000164196921212,4
2127,3,29,48,10051__Node__2127,incoming,5.061909633300327e-05,0.2635792373246104,0.0100892417329634,2
2128,1,3,284,10032__Node__2128,incoming,0.0,0.2371988535130529,0.00403645097798,4
2129,1,11,116,10016__Node__2129,incoming,0.0,0.233224160255922,0.0022672555095382,4
2132,1,3,284,10032__Node__2132,incoming,0.0,0.2371988535130529,0.00403645097798,4
2133,1,19,64,10008__Node__2133,incoming,0.0,0.229105873550318,0.0014870481777489,4
2134,3,13,93,10073__Node__2134,incoming,9.658709257222678e-05,0.2710454102859166,0.0120364765830738,1
2136,1,0,947,10003__Node__2136,incoming,0.0,0.2175024861486006,0.000164196921212,4
2138,1,0,947,10003__Node__2138,incoming,0.0,0.2175024861486006,0.000164196921212,4
2139,1,0,947,10003__Node__2139,incoming,0.0,0.2175024861486006,0.000164196921212,3
2140,2,1,762,10033__Node__2140,incoming,1.9014069920422304e-05,0.272856888255213,0.0195474723872831,3
2143,1,0,947,10003__Node__2143,incoming,0.0,0.2175024861486006,0.000164196921212,4
2144,2,30,44,10026__Node__2144,incoming,4.950012163827039e-05,0.2355565812754827,0.000303138089658,2
2145,5,10,121,10055__Node__2145,incoming,0.0008478006625736,0.2809432057986971,0.0232340112310258,4
2147,2,5,241,10020__Node__2147,incoming,6.992276531450556e-05,0.2470350947962888,0.008252735349028,4
2148,1,0,947,10003__Node__2148,incoming,0.0,0.2175024861486006,0.000164196921212,4
2149,1,3,284,10032__Node__2149,incoming,0.0,0.2371988535130529,0.00403645097798,4
2150,7,4,253,10034__Node__2150,outandin,0.0020839747927646,0.3018533123028391,0.0188480865620382,1
2151,2,1,762,10033__Node__2151,outandin,0.0002264698482337,0.2697559686371245,0.014335640200863,0
2152,1,0,947,10003__Node__2152,incoming,0.0,0.2175024861486006,0.000164196921212,4
2153,1,0,947,10003__Node__2153,incoming,0.0,0.2175024861486006,0.000164196921212,4
2154,1,20,64,10087__Node__2154,incoming,0.0,0.1312529469758669,2.389934928079441e-08,4
2155,1,0,947,10003__Node__2155,incoming,0.0,0.2175024861486006,0.000164196921212,3
2158,3,39,34,10036__Node__2158,incoming,0.0001222884942616,0.2396868884540117,0.0045805844940316,4
2159,2,26,56,10177__Node__2159,incoming,9.51533400245378e-05,0.264878892733564,0.0067641624162252,4
2161,1,0,947,10003__Node__2161,incoming,0.0,0.2175024861486006,0.000164196921212,4
2162,6,1,762,10033__Node__2162,incoming,0.0010719357436308,0.2864895209580838,0.0269003021659291,4
2163,4,11,116,10016__Node__2163,incoming,0.0001521495036725,0.2476544807505661,0.0111408145012127,3
2164,2,60,24,10061__Node__2164,outandin,2.0254124085808343e-05,0.2219966649749873,0.0001725084031793,2
2165,1,39,34,10036__Node__2165,incoming,0.0,0.2151338438839317,0.0001115750246547,4
2166,2,11,116,10016__Node__2166,outandin,3.115683542897268e-05,0.236083269082498,0.0031657548552273,3
2168,1,19,64,10008__Node__2168,incoming,0.0,0.229105873550318,0.0014870481777489,4
2169,1,0,947,10003__Node__2169,incoming,0.0,0.2175024861486006,0.000164196921212,4
2173,2,15,79,10017__Node__2173,incoming,0.0001082435677413,0.2310594627226079,0.0014315692102122,4
2174,4,1,762,10033__Node__2174,incoming,0.0001692423535464,0.277631698250068,0.0230489186805508,4
2175,1,3,284,10032__Node__2175,incoming,0.0,0.2371988535130529,0.00403645097798,4
2176,3,32,43,10064__Node__2176,outandin,0.0001063780935758,0.2568145600939361,0.0056966970944335,2
2177,1,48,28,10014__Node__2177,incoming,0.0,0.162846354305164,3.088316361570195e-07,4
2178,2,1,762,10033__Node__2178,incoming,1.9014069920422304e-05,0.272856888255213,0.0195474723872831,4
2179,1,0,947,10003__Node__2179,incoming,0.0,0.2175024861486006,0.000164196921212,4
2180,1,0,947,10003__Node__2180,incoming,0.0,0.2175024861486006,0.000164196921212,4
2181,1,7,142,10071__Node__2181,incoming,0.0,0.237843716016778,0.0002737663480395,4
2182,1,0,947,10003__Node__2182,incoming,0.0,0.2175024861486006,0.000164196921212,4
2184,1,0,947,10003__Node__2184,incoming,0.0,0.2175024861486006,0.000164196921212,4
2185,1,30,44,10026__Node__2185,incoming,0.0,0.2175024861486006,0.0002270011766974,3
2186,1,0,947,10003__Node__2186,incoming,0.0,0.2175024861486006,0.000164196921212,4
2187,1,7,142,10071__Node__2187,incoming,0.0,0.237843716016778,0.0002737663480395,4
2188,8,31,44,10065__Node__2188,outandin,0.0016480650872906,0.3102330293819655,0.0356695448577776,3
2189,1,7,142,10071__Node__2189,incoming,0.0,0.237843716016778,0.0002737663480395,4
2190,2,38,35,10086__Node__2190,incoming,3.645589296865439e-06,0.216594751361675,0.0003339006859229,3
2191,5,39,34,10036__Node__2191,incoming,0.0005181144958696,0.2473743738891581,0.0078974020702834,4
2193,1,0,947,10003__Node__2193,incoming,0.0,0.2175024861486006,0.000164196921212,4
2195,2,1,762,10033__Node__2195,incoming,0.0001857905292936,0.2706620701847432,0.0145238220466728,4
2196,1,14,90,10077__Node__2196,outandin,0.0,0.2212747506865154,0.0008134803921311,3
2197,3,1,762,10033__Node__2197,incoming,0.0001755487661337,0.2850228055477986,0.0219114557673018,3
2199,1,2,617,10007__Node__2199,incoming,0.0,0.2399874598322752,0.0026097371147464,4
2200,1,0,947,10003__Node__2200,incoming,0.0,0.2175024861486006,0.000164196921212,4
2202,2,1,762,10033__Node__2202,incoming,6.667454559342008e-05,0.2713817247186032,0.014967103509752,1
2203,1,0,947,10003__Node__2203,incoming,0.0,0.2175024861486006,0.000164196921212,4
2204,1,3,284,10032__Node__2204,incoming,0.0,0.2371988535130529,0.00403645097798,1
2205,1,0,947,10003__Node__2205,incoming,0.0,0.2175024861486006,0.000164196921212,4
2206,1,0,947,10003__Node__2206,incoming,0.0,0.2175024861486006,0.000164196921212,4
2207,2,1,762,10033__Node__2207,incoming,1.9014069920422304e-05,0.272856888255213,0.0195474723872831,4
2208,7,2,617,10007__Node__2208,outandin,0.004029587275879,0.297425934919864,0.0164019377104954,3
2209,1,2,617,10007__Node__2209,incoming,0.0,0.2399874598322752,0.0026097371147464,4
2212,2,1,762,10033__Node__2212,incoming,0.0001462096216378,0.2789214793222809,0.018307547926324,4
2214,3,1,762,10033__Node__2214,incoming,0.0004603184255937,0.2902644800455019,0.0223439989043041,4
2216,1,3,284,10032__Node__2216,incoming,0.0,0.2371988535130529,0.00403645097798,2
2217,2,9,134,10047__Node__2217,incoming,0.0049220266902186,0.1770863454976577,8.147091784984286e-06,4
2218,2,1,762,10033__Node__2218,incoming,6.070864224072986e-05,0.2693051890941073,0.0145096937215391,4
2219,1,41,31,10052__Node__2219,incoming,0.0,0.2213067360508817,0.0004428564671978,4
2221,1,0,947,10003__Node__2221,incoming,0.0,0.2175024861486006,0.000164196921212,4
2222,1,0,947,10003__Node__2222,incoming,0.0,0.2175024861486006,0.000164196921212,4
2223,4,17,75,10149__Node__2223,incoming,0.00025206101328,0.2461810580479176,0.0079517321202564,4
2225,1,9,134,10047__Node__2225,incoming,0.0,0.1764434712458223,8.12319243570349e-06,4
2227,3,7,142,10071__Node__2227,incoming,0.0003014741543189,0.2484582927620902,0.0008124141268004,4
2230,1,0,947,10003__Node__2230,incoming,0.0,0.2175024861486006,0.000164196921212,4
2231,1,49,28,10153__Node__2231,outandin,0.0,0.225213298028832,0.0004236813080482,0
2232,1,0,947,10003__Node__2232,incoming,0.0,0.2175024861486006,0.000164196921212,4
2234,1,2,617,10007__Node__2234,incoming,0.0,0.2399874598322752,0.0026097371147464,4
2235,1,0,947,10003__Node__2235,incoming,0.0,0.2175024861486006,0.000164196921212,3
2236,6,31,44,10065__Node__2236,incoming,0.0005406222538177,0.2773299519971017,0.016562617374575,4
2237,2,13,93,10073__Node__2237,incoming,0.0002341061797364,0.2362107536835609,0.0046468036192814,3
2238,1,23,61,10091__Node__2238,outandin,0.0,0.2436152438539263,0.000875839954476,1
2239,2,0,947,10003__Node__2239,incoming,0.000664712073882,0.2530787668402347,0.0002604419576191,4
2240,1,40,34,10041__Node__2240,incoming,0.0,0.2210989963174236,0.0004325584913967,4
2242,1,6,144,10011__Node__2242,incoming,0.0,0.2365209331067511,0.0003016590512941,3
2244,2,1,762,10033__Node__2244,incoming,0.0002270689771101,0.2694710903810613,0.0142663706215613,4
2245,1,25,57,10196__Node__2245,incoming,0.0,0.2230802855893923,0.0003535959137667,4
2246,1,17,75,10149__Node__2246,incoming,0.0,0.2206210822105339,0.0003608298597847,4
2247,3,59,24,10057__Node__2247,incoming,0.0001144456034316,0.2649935093033319,0.0070755590260748,1
2248,1,0,947,10003__Node__2248,incoming,0.0,0.2175024861486006,0.000164196921212,4
2249,2,61,24,10339__Node__2249,incoming,6.28973095974686e-05,0.2364113650401482,0.0001709446578448,3
2250,1,0,947,10003__Node__2250,incoming,0.0,0.2175024861486006,0.000164196921212,4
2252,1,0,947,10003__Node__2252,incoming,0.0,0.2175024861486006,0.000164196921212,4
2253,1,0,947,10003__Node__2253,incoming,0.0,0.2175024861486006,0.000164196921212,4
2254,1,0,947,10003__Node__2254,incoming,0.0,0.2175024861486006,0.000164196921212,4
2255,1,0,947,10003__Node__2255,incoming,0.0,0.2175024861486006,0.000164196921212,4
2256,2,1,762,10033__Node__2256,incoming,5.874520053440121e-05,0.2753844770213148,0.0184936905289704,4
2257,3,29,48,10051__Node__2257,incoming,3.2485198421746364e-05,0.2608843827213087,0.0086006688001606,3
2260,1,0,947,10003__Node__2260,incoming,0.0,0.2175024861486006,0.000164196921212,4
2261,7,45,29,10031__Node__2261,incoming,0.0013382472391714,0.2921198244609807,0.0252464135684153,3
2262,1,39,34,10036__Node__2262,incoming,0.0,0.2151338438839317,0.0001115750246547,1
2263,1,0,947,10003__Node__2263,incoming,0.0,0.2175024861486006,0.000164196921212,4
2264,1,61,24,10339__Node__2264,incoming,0.0,0.2061675195259897,9.513211784706468e-05,3
2265,1,0,947,10003__Node__2265,incoming,0.0,0.2175024861486006,0.000164196921212,4
2266,1,5,241,10020__Node__2266,incoming,0.0,0.237566917526573,0.0042162843710479,4
2267,3,22,61,10025__Node__2267,incoming,0.0002595413022002,0.2734172693990535,0.015854387080729,4
2268,3,1,762,10033__Node__2268,incoming,0.0003159418355881,0.2734172693990535,0.0153996620011488,4
2269,1,1,762,10033__Node__2269,incoming,0.0,0.2683610867659947,0.014091263555276,4
2270,1,0,947,10003__Node__2270,incoming,0.0,0.2175024861486006,0.000164196921212,4
2271,1,0,947,10003__Node__2271,incoming,0.0,0.2175024861486006,0.000164196921212,4
2272,1,1,762,10033__Node__2272,incoming,0.0,0.2683610867659947,0.014091263555276,4
2273,2,6,144,10011__Node__2273,incoming,0.0002017375539299,0.2560628867703629,0.0057578678833012,4
2274,2,9,134,10047__Node__2274,outandin,0.0017754777095684,0.2285927584919746,8.426010539628255e-05,0
2275,1,0,947,10003__Node__2275,incoming,0.0,0.2175024861486006,0.000164196921212,4
2276,1,18,71,10147__Node__2276,incoming,0.0,0.2354117013915584,0.0002308032257257,4
2277,1,0,947,10003__Node__2277,incoming,0.0,0.2175024861486006,0.000164196921212,3
2279,1,8,135,10039__Node__2279,outandin,0.0,0.2294320395624157,0.0024761185437346,2
2280,4,24,59,10053__Node__2280,outandin,0.0002431080467852,0.2420362026717255,0.0051551714016094,0
2281,1,0,947,10003__Node__2281,incoming,0.0,0.2175024861486006,0.000164196921212,4
2282,2,36,37,10148__Node__2282,incoming,2.6860386895018563e-05,0.2476544807505661,0.0017227046658164,1
2284,1,11,116,10016__Node__2284,outandin,0.0,0.233224160255922,0.0022672555095382,0
2285,1,3,284,10032__Node__2285,incoming,0.0,0.2371988535130529,0.00403645097798,4
2286,1,0,947,10003__Node__2286,incoming,0.0,0.2175024861486006,0.000164196921212,4
2288,1,0,947,10003__Node__2288,incoming,0.0,0.2175024861486006,0.000164196921212,4
2289,4,1,762,10033__Node__2289,incoming,0.00017040857681,0.2757564841498559,0.0188201624314797,3
2290,1,7,142,10071__Node__2290,incoming,0.0,0.237843716016778,0.0002737663480395,4
2291,1,0,947,10003__Node__2291,incoming,0.0,0.2175024861486006,0.000164196921212,4
2292,1,0,947,10003__Node__2292,incoming,0.0,0.2175024861486006,0.000164196921212,4
2293,1,15,79,10017__Node__2293,incoming,0.0,0.2249485747869526,0.0012045680335147,4
2294,2,1,762,10033__Node__2294,incoming,9.278977770165876e-05,0.2792776358993068,0.0175090287936074,4
2297,1,0,947,10003__Node__2297,incoming,0.0,0.2175024861486006,0.000164196921212,4
2298,1,0,947,10003__Node__2298,incoming,0.0,0.2175024861486006,0.000164196921212,4
2299,1,19,64,10008__Node__2299,incoming,0.0,0.229105873550318,0.0014870481777489,3
2300,2,2,617,10007__Node__2300,incoming,0.000240068620874,0.2510041806705467,0.0066461880927264,4
2301,1,0,947,10003__Node__2301,incoming,0.0,0.2175024861486006,0.000164196921212,4
2302,1,3,284,10032__Node__2302,incoming,0.0,0.2371988535130529,0.00403645097798,4
2303,1,0,947,10003__Node__2303,incoming,0.0,0.2175024861486006,0.000164196921212,2
2304,5,2,617,10007__Node__2304,incoming,0.0020981006343816,0.3136652325343167,0.0266313354300686,4
2305,1,0,947,10003__Node__2305,incoming,0.0,0.2175024861486006,0.000164196921212,3
2306,2,52,26,10139__Node__2306,incoming,0.000494715554571,0.2691158375812972,0.0141594531244879,1
2307,2,5,241,10020__Node__2307,incoming,4.218828449475295e-05,0.2391066687490239,0.0046488428624447,1
2309,1,7,142,10071__Node__2309,incoming,0.0,0.237843716016778,0.0002737663480395,4
2310,1,25,57,10196__Node__2310,incoming,0.0,0.2230802855893923,0.0003535959137667,4
2311,3,40,34,10041__Node__2311,incoming,0.0005675551750826,0.272759665063246,0.0148846519064575,4
2313,1,15,79,10017__Node__2313,incoming,0.0,0.2249485747869526,0.0012045680335147,4
2314,1,3,284,10032__Node__2314,incoming,0.0,0.2371988535130529,0.00403645097798,4
2315,1,0,947,10003__Node__2315,incoming,0.0,0.2175024861486006,0.000164196921212,4
2317,1,33,43,10088__Node__2317,incoming,0.0,0.2123734221112498,0.0001166819118451,1
2318,7,5,241,10020__Node__2318,outandin,0.001286261376155,0.3067521538769786,0.0339651779109124,2
2319,1,25,57,10196__Node__2319,incoming,0.0,0.2230802855893923,0.0003535959137667,4
2320,1,0,947,10003__Node__2320,incoming,0.0,0.2175024861486006,0.000164196921212,4
2321,3,50,27,10019__Node__2321,incoming,0.0002660352212146,0.2562128692159652,0.0054365014654134,4
2323,1,0,947,10003__Node__2323,incoming,0.0,0.2175024861486006,0.000164196921212,4
2324,1,0,947,10003__Node__2324,incoming,0.0,0.2175024861486006,0.000164196921212,3
2326,1,6,144,10011__Node__2326,incoming,0.0,0.2365209331067511,0.0003016590512941,4
2327,3,45,29,10031__Node__2327,incoming,0.000341134662091,0.2739799570508232,0.0197225794535684,3
2328,1,35,38,10037__Node__2328,incoming,0.0,0.2153759583597102,0.0001743830545354,4
2330,1,0,947,10003__Node__2330,outandin,0.0,0.2175024861486006,0.000164196921212,3
2331,1,0,947,10003__Node__2331,incoming,0.0,0.2175024861486006,0.000164196921212,2
2332,1,0,947,10003__Node__2332,incoming,0.0,0.2175024861486006,0.000164196921212,4
2333,1,0,947,10003__Node__2333,incoming,0.0,0.2175024861486006,0.000164196921212,4
2334,1,19,64,10008__Node__2334,incoming,0.0,0.229105873550318,0.0014870481777489,4
2335,1,0,947,10003__Node__2335,incoming,0.0,0.2175024861486006,0.000164196921212,4
2340,1,0,947,10003__Node__2340,incoming,0.0,0.2175024861486006,0.000164196921212,4
2341,1,0,947,10003__Node__2341,incoming,0.0,0.2175024861486006,0.000164196921212,4
2342,1,39,34,10036__Node__2342,incoming,0.0,0.2151338438839317,0.0001115750246547,4
2343,1,61,24,10339__Node__2343,incoming,0.0,0.2061675195259897,9.513211784706468e-05,3
2344,4,38,35,10086__Node__2344,outandin,0.0011016540742264,0.2426307448494453,0.0068464702076376,2
2346,3,1,762,10033__Node__2346,incoming,0.0001306598595641,0.2830991124260355,0.0212214019672155,3
2347,1,6,144,10011__Node__2347,incoming,0.0,0.2365209331067511,0.0003016590512941,4
2351,2,1,762,10033__Node__2351,incoming,4.524087821338092e-05,0.2693051890941073,0.0149690342017682,3
2353,1,5,241,10020__Node__2353,incoming,0.0,0.237566917526573,0.0042162843710479,4
2354,1,0,947,10003__Node__2354,incoming,0.0,0.2175024861486006,0.000164196921212,4
2355,1,5,241,10020__Node__2355,incoming,0.0,0.237566917526573,0.0042162843710479,3
2356,2,27,52,10108__Node__2356,incoming,0.0002264698482337,0.2697559686371245,0.014335640200863,4
2357,1,0,947,10003__Node__2357,incoming,0.0,0.2175024861486006,0.000164196921212,4
2358,1,9,134,10047__Node__2358,incoming,0.0,0.1764434712458223,8.12319243570349e-06,3
2359,1,0,947,10003__Node__2359,incoming,0.0,0.2175024861486006,0.000164196921212,4
2360,3,21,62,10105__Node__2360,incoming,8.90101228183006e-05,0.2296557413935348,0.0009073373117563,3
2361,1,0,947,10003__Node__2361,outandin,0.0,0.2175024861486006,0.000164196921212,3
2363,2,9,134,10047__Node__2363,incoming,4.456545452564894e-05,0.1766572434085271,8.432024071860509e-06,3
2364,2,1,762,10033__Node__2364,incoming,7.487631396247306e-05,0.2720810378532077,0.0155783117330249,3
2365,2,8,135,10039__Node__2365,outandin,3.139352720842988e-05,0.2405719673161533,0.006878545517429,3
2366,1,6,144,10011__Node__2366,incoming,0.0,0.2365209331067511,0.0003016590512941,4
2368,3,8,135,10039__Node__2368,incoming,7.688929236239569e-05,0.2451757546641044,0.0081794510925315,3
2369,6,4,253,10034__Node__2369,incoming,0.0006601126845087,0.2738084592685326,0.0124621464388929,4
2370,1,27,52,10108__Node__2370,incoming,0.0,0.2191996563819886,0.000244376645587,4
2372,1,0,947,10003__Node__2372,incoming,0.0,0.2175024861486006,0.000164196921212,3
2375,1,0,947,10003__Node__2375,incoming,0.0,0.2175024861486006,0.000164196921212,4
2376,2,4,253,10034__Node__2376,incoming,1.349748557715658e-05,0.2390506674994144,0.0053185893685137,4
2377,1,0,947,10003__Node__2377,incoming,0.0,0.2175024861486006,0.000164196921212,3
2378,1,1,762,10033__Node__2378,incoming,0.0,0.2683610867659947,0.014091263555276,4
2379,1,7,142,10071__Node__2379,incoming,0.0,0.237843716016778,0.0002737663480395,4
2380,5,13,93,10073__Node__2380,incoming,0.0001575475198727,0.2694710903810613,0.0120613050035603,3
2381,1,5,241,10020__Node__2381,incoming,0.0,0.237566917526573,0.0042162843710479,3
2382,1,0,947,10003__Node__2382,incoming,0.0,0.2175024861486006,0.000164196921212,4
2384,4,4,253,10034__Node__2384,incoming,0.0001531245257619,0.2480557355800388,0.0095705380140229,4
2385,1,37,37,10191__Node__2385,incoming,0.0,0.2083418384704361,9.426528333245428e-05,2
2387,1,0,947,10003__Node__2387,incoming,0.0,0.2175024861486006,0.000164196921212,4
2388,3,1,762,10033__Node__2388,incoming,0.0004333118062206,0.2875927491312107,0.0211500187511031,3
2389,1,0,947,10003__Node__2389,incoming,0.0,0.2175024861486006,0.000164196921212,4
2390,1,37,37,10191__Node__2390,incoming,0.0,0.2083418384704361,9.426528333245428e-05,2
2391,2,1,762,10033__Node__2391,outandin,0.0001462096216378,0.2789214793222809,0.018307547926324,2
2393,4,5,241,10020__Node__2393,incoming,0.0002277376557924,0.2728082679971489,0.0124690350744706,4
2395,1,51,27,10066__Node__2395,incoming,0.0,0.2329225619960444,9.624503640716152e-05,3
2396,1,0,947,10003__Node__2396,incoming,0.0,0.2175024861486006,0.000164196921212,4
2397,1,0,947,10003__Node__2397,incoming,0.0,0.2175024861486006,0.000164196921212,4
2398,2,4,253,10034__Node__2398,incoming,7.236897793700414e-05,0.2350502801873032,0.0030275226897733,4
2399,1,0,947,10003__Node__2399,incoming,0.0,0.2175024861486006,0.000164196921212,4
2400,1,0,947,10003__Node__2400,incoming,0.0,0.2175024861486006,0.000164196921212,4
2402,2,1,762,10033__Node__2402,incoming,1.9014069920422304e-05,0.272856888255213,0.0195474723872831,4
2404,4,43,30,10054__Node__2404,incoming,0.0001642212995034,0.2736127245107675,0.0140508746985925,1
2405,1,0,947,10003__Node__2405,incoming,0.0,0.2175024861486006,0.000164196921212,4
2407,1,17,75,10149__Node__2407,incoming,0.0,0.2206210822105339,0.0003608298597847,4
2408,1,0,947,10003__Node__2408,incoming,0.0,0.2175024861486006,0.000164196921212,4
2409,1,0,947,10003__Node__2409,incoming,0.0,0.2175024861486006,0.000164196921212,4
2410,2,24,59,10053__Node__2410,incoming,2.847461816859815e-05,0.2401003685407355,0.0049349503236691,4
2411,1,0,947,10003__Node__2411,incoming,0.0,0.2175024861486006,0.000164196921212,4
2412,1,13,93,10073__Node__2412,incoming,0.0,0.2343666283964791,0.0044024269736943,3
2413,1,0,947,10003__Node__2413,incoming,0.0,0.2175024861486006,0.000164196921212,4
2414,1,0,947,10003__Node__2414,incoming,0.0,0.2175024861486006,0.000164196921212,4
2418,1,0,947,10003__Node__2418,incoming,0.0,0.2175024861486006,0.000164196921212,4
2421,1,18,71,10147__Node__2421,incoming,0.0,0.2354117013915584,0.0002308032257257,2
2422,2,11,116,10016__Node__2422,incoming,9.408247513730678e-05,0.2739309357666845,0.0163585190648142,3
2423,1,34,40,10070__Node__2423,incoming,0.0,0.2273706096383753,7.384433686416915e-05,4
2424,1,0,947,10003__Node__2424,incoming,0.0,0.2175024861486006,0.000164196921212,4
2425,1,17,75,10149__Node__2425,incoming,0.0,0.2206210822105339,0.0003608298597847,4
2426,1,27,52,10108__Node__2426,incoming,0.0,0.2191996563819886,0.000244376645587,4
2427,1,5,241,10020__Node__2427,incoming,0.0,0.237566917526573,0.0042162843710479,4
2428,1,5,241,10020__Node__2428,incoming,0.0,0.237566917526573,0.0042162843710479,1
2430,3,1,762,10033__Node__2430,incoming,0.0001154538232109,0.2738084592685326,0.0199659025535463,3
2431,1,33,43,10088__Node__2431,incoming,0.0,0.2123734221112498,0.0001166819118451,4
2432,1,0,947,10003__Node__2432,incoming,0.0,0.2175024861486006,0.000164196921212,4
2433,4,1,762,10033__Node__2433,outandin,0.0001178063013896,0.2749640804597701,0.022439641149294,3
2434,1,9,134,10047__Node__2434,outandin,0.0,0.1764434712458223,8.12319243570349e-06,3
2435,1,0,947,10003__Node__2435,incoming,0.0,0.2175024861486006,0.000164196921212,4
2436,1,42,30,10162__Node__2436,outandin,0.0,0.225196734573803,7.613691296057906e-05,0
2437,1,10,121,10055__Node__2437,incoming,0.0,0.2524736147757256,0.0054562088320071,4
2438,1,29,48,10051__Node__2438,outandin,0.0,0.2427846495401205,0.001470530388221,0
2439,1,1,762,10033__Node__2439,incoming,0.0,0.2683610867659947,0.014091263555276,4
2440,1,31,44,10065__Node__2440,outandin,0.0,0.2266469282013323,0.0018386608062089,3
2442,1,0,947,10003__Node__2442,incoming,0.0,0.2175024861486006,0.000164196921212,4
2443,1,7,142,10071__Node__2443,incoming,0.0,0.237843716016778,0.0002737663480395,3
2444,1,53,26,10060__Node__2444,incoming,0.0,0.2177035193743334,0.0001038327972286,1
2446,4,10,121,10055__Node__2446,incoming,0.0004886815867819,0.2709494734979205,0.0122044348417892,4
2447,1,5,241,10020__Node__2447,incoming,0.0,0.237566917526573,0.0042162843710479,4
2448,2,22,61,10025__Node__2448,incoming,8.433125297524393e-05,0.2406475950958818,0.0049860941113019,3
2450,2,61,24,10339__Node__2450,incoming,9.832675682006938e-05,0.228490411163346,0.0009936314635361,3
2451,3,29,48,10051__Node__2451,incoming,9.10609821548403e-05,0.2591182195142591,0.0053311520937503,4
2452,1,0,947,10003__Node__2452,outandin,0.0,0.2175024861486006,0.000164196921212,3
2454,1,40,34,10041__Node__2454,incoming,0.0,0.2210989963174236,0.0004325584913967,4
2455,1,0,947,10003__Node__2455,incoming,0.0,0.2175024861486006,0.000164196921212,4
2456,1,0,947,10003__Node__2456,incoming,0.0,0.2175024861486006,0.000164196921212,4
2457,3,8,135,10039__Node__2457,incoming,0.000301618242865,0.25209945661123,0.0079283264832601,2
2458,1,39,34,10036__Node__2458,incoming,0.0,0.2151338438839317,0.0001115750246547,4
2459,3,1,762,10033__Node__2459,outandin,4.266605460566154e-05,0.274176217765043,0.0215618705028018,3
2460,2,4,253,10034__Node__2460,incoming,1.9435012046480878e-05,0.2386407918322812,0.0046811316309881,4
2461,1,0,947,10003__Node__2461,incoming,0.0,0.2175024861486006,0.000164196921212,4
2462,1,0,947,10003__Node__2462,incoming,0.0,0.2175024861486006,0.000164196921212,3
2463,1,19,64,10008__Node__2463,incoming,0.0,0.229105873550318,0.0014870481777489,4
2464,2,26,56,10177__Node__2464,incoming,0.0112443353822329,0.2743973474325656,0.0028919083594572,3
2466,1,25,57,10196__Node__2466,incoming,0.0,0.2230802855893923,0.0003535959137667,4
2467,1,0,947,10003__Node__2467,incoming,0.0,0.2175024861486006,0.000164196921212,4
2469,1,6,144,10011__Node__2469,incoming,0.0,0.2365209331067511,0.0003016590512941,4
2470,3,25,57,10196__Node__2470,incoming,0.0002029362250586,0.2578526315789474,0.0062526612129717,3
2472,1,0,947,10003__Node__2472,incoming,0.0,0.2175024861486006,0.000164196921212,4
2474,1,0,947,10003__Node__2474,incoming,0.0,0.2175024861486006,0.000164196921212,3
2475,1,1,762,10033__Node__2475,incoming,0.0,0.2683610867659947,0.014091263555276,4
2476,1,29,48,10051__Node__2476,incoming,0.0,0.2427846495401205,0.001470530388221,1
2478,1,0,947,10003__Node__2478,incoming,0.0,0.2175024861486006,0.000164196921212,4
2479,3,5,241,10020__Node__2479,incoming,5.061909633300327e-05,0.2635792373246104,0.0100892417329634,3
2480,1,0,947,10003__Node__2480,incoming,0.0,0.2175024861486006,0.000164196921212,4
2481,2,43,30,10054__Node__2481,incoming,3.522502175141427e-05,0.2473543905000403,0.0028278785076498,4
2482,5,30,44,10026__Node__2482,incoming,0.0012982086294149,0.2934636764423998,0.025664687514961,1
2484,1,24,59,10053__Node__2484,outandin,0.0,0.2279630732578916,0.000898499345689,2
2485,1,4,253,10034__Node__2485,incoming,0.0,0.2336869419216973,0.0028424708247791,2
2486,1,0,947,10003__Node__2486,incoming,0.0,0.2175024861486006,0.000164196921212,4
2490,1,14,90,10077__Node__2490,incoming,0.0,0.2212747506865154,0.0008134803921311,4
2491,2,7,142,10071__Node__2491,incoming,0.0001280937203921,0.2406097752632406,0.0004481494025749,4
2492,6,16,79,10093__Node__2492,incoming,0.0009621247289737,0.273368449245603,0.0119112141300897,4
2494,3,10,121,10055__Node__2494,incoming,0.0001887427774204,0.2585493540488052,0.0075120884122939,4
2495,1,0,947,10003__Node__2495,incoming,0.0,0.2175024861486006,0.000164196921212,4
2496,1,25,57,10196__Node__2496,incoming,0.0,0.2230802855893923,0.0003535959137667,4
2497,1,5,241,10020__Node__2497,incoming,0.0,0.237566917526573,0.0042162843710479,4
2498,1,5,241,10020__Node__2498,incoming,0.0,0.237566917526573,0.0042162843710479,4
2499,2,2,617,10007__Node__2499,incoming,0.0003082845610208,0.2693525686136523,0.0053374485529916,4
2500,3,8,135,10039__Node__2500,incoming,0.0009385669777592,0.2582658569500675,0.0034931925982135,4
2501,3,1,762,10033__Node__2501,incoming,4.266605460566154e-05,0.274176217765043,0.0215618705028018,3
2502,1,0,947,10003__Node__2502,incoming,0.0,0.2175024861486006,0.000164196921212,4
2503,5,13,93,10073__Node__2503,incoming,0.0002585186543645,0.2732220933345231,0.0136927931256846,4
2504,3,17,75,10149__Node__2504,incoming,0.0003135390884435,0.2353574173712528,0.0030113314580548,4
2505,1,25,57,10196__Node__2505,incoming,0.0,0.2230802855893923,0.0003535959137667,3
2506,1,20,64,10087__Node__2506,incoming,0.0,0.1312529469758669,2.389934928079441e-08,4
2507,1,0,947,10003__Node__2507,incoming,0.0,0.2175024861486006,0.000164196921212,4
2508,6,15,79,10017__Node__2508,incoming,0.0018469697117389,0.2754340199694162,0.0110895428222877,4
2509,1,22,61,10025__Node__2509,incoming,0.0,0.2249320502460883,0.0009496431333218,4
2510,1,0,947,10003__Node__2510,incoming,0.0,0.2175024861486006,0.000164196921212,4
2511,3,28,49,10009__Node__2511,incoming,8.244362856103914e-05,0.2736371760500447,0.0204252430337753,4
2512,1,0,947,10003__Node__2512,incoming,0.0,0.2175024861486006,0.000164196921212,4
2513,1,0,947,10003__Node__2513,incoming,0.0,0.2175024861486006,0.000164196921212,4
2514,1,5,241,10020__Node__2514,incoming,0.0,0.237566917526573,0.0042162843710479,4
2517,1,3,284,10032__Node__2517,incoming,0.0,0.2371988535130529,0.00403645097798,4
2518,1,0,947,10003__Node__2518,incoming,0.0,0.2175024861486006,0.000164196921212,4
2520,1,3,284,10032__Node__2520,incoming,0.0,0.2371988535130529,0.00403645097798,4
2521,1,17,75,10149__Node__2521,incoming,0.0,0.2206210822105339,0.0003608298597847,4
2522,1,0,947,10003__Node__2522,incoming,0.0,0.2175024861486006,0.000164196921212,4
2523,1,0,947,10003__Node__2523,incoming,0.0,0.2175024861486006,0.000164196921212,4
2524,2,1,762,10033__Node__2524,incoming,9.408247513730678e-05,0.2739309357666845,0.0163585190648142,4
2525,1,28,49,10009__Node__2525,incoming,0.0,0.2181222396352757,0.0008777706464921,4
2526,1,0,947,10003__Node__2526,incoming,0.0,0.2175024861486006,0.000164196921212,3
2527,1,1,762,10033__Node__2527,incoming,0.0,0.2683610867659947,0.014091263555276,4
2528,1,0,947,10003__Node__2528,incoming,0.0,0.2175024861486006,0.000164196921212,4
2529,1,52,26,10139__Node__2529,incoming,0.0,0.2216912829423689,6.818956921190524e-05,4
2531,1,0,947,10003__Node__2531,incoming,0.0,0.2175024861486006,0.000164196921212,4
2533,1,3,284,10032__Node__2533,incoming,0.0,0.2371988535130529,0.00403645097798,3
2535,1,61,24,10339__Node__2535,incoming,0.0,0.2061675195259897,9.513211784706468e-05,3
2536,2,44,29,10119__Node__2536,incoming,0.0001045385652134,0.2356834975369458,0.0045874788386885,3
2537,5,3,284,10032__Node__2537,incoming,0.0010877892828521,0.2880526810912511,0.0127036694112226,4
2538,1,0,947,10003__Node__2538,incoming,0.0,0.2175024861486006,0.000164196921212,4
2539,2,25,57,10196__Node__2539,incoming,5.8368686664769445e-05,0.242361880639544,0.0005892524018342,4
2540,1,44,29,10119__Node__2540,incoming,0.0,0.215588256002253,0.0001850518649942,3
2541,4,17,75,10149__Node__2541,incoming,0.0010452779233972,0.2785155539385119,0.0171033190250807,3
2542,1,0,947,10003__Node__2542,incoming,0.0,0.2175024861486006,0.000164196921212,3
2545,1,2,617,10007__Node__2545,incoming,0.0,0.2399874598322752,0.0026097371147464,4
2547,1,1,762,10033__Node__2547,incoming,0.0,0.2683610867659947,0.014091263555276,4
2549,2,15,79,10017__Node__2549,outandin,0.0001323849442163,0.2720810378532077,0.0152958315887908,1
2550,1,2,617,10007__Node__2550,incoming,0.0,0.2399874598322752,0.0026097371147464,2
2552,3,10,121,10055__Node__2552,incoming,4.266605460566154e-05,0.274176217765043,0.0215618705028018,4
2553,1,0,947,10003__Node__2553,incoming,0.0,0.2175024861486006,0.000164196921212,4
2554,1,7,142,10071__Node__2554,incoming,0.0,0.237843716016778,0.0002737663480395,4
2555,1,8,135,10039__Node__2555,incoming,0.0,0.2294320395624157,0.0024761185437346,4
2556,2,5,241,10020__Node__2556,outandin,0.0001462096216378,0.2789214793222809,0.018307547926324,1
2558,1,1,762,10033__Node__2558,incoming,0.0,0.2683610867659947,0.014091263555276,4
2561,1,8,135,10039__Node__2561,incoming,0.0,0.2294320395624157,0.0024761185437346,2
2562,2,2,617,10007__Node__2562,incoming,0.0001580641336142,0.2481562525326201,0.0054522079395255,4
2563,4,36,37,10148__Node__2563,incoming,0.0002802953068751,0.2675637888850052,0.0111216233423481,4
2564,3,5,241,10020__Node__2564,incoming,0.0001298671120521,0.240534171249018,0.0050127367520126,4
2568,2,1,762,10033__Node__2568,incoming,1.9014069920422304e-05,0.272856888255213,0.0195474723872831,4
2570,1,20,64,10087__Node__2570,incoming,0.0,0.1312529469758669,2.389934928079441e-08,4
2572,2,25,57,10196__Node__2572,incoming,9.662530118401104e-05,0.2283881554411874,0.0005979725593537,4
2573,1,38,35,10086__Node__2573,incoming,0.0,0.2153002390662354,0.0002172187740778,4
2574,1,52,26,10139__Node__2574,incoming,0.0,0.2216912829423689,6.818956921190524e-05,4
2575,1,1,762,10033__Node__2575,incoming,0.0,0.2683610867659947,0.014091263555276,4
2576,1,17,75,10149__Node__2576,incoming,0.0,0.2206210822105339,0.0003608298597847,4
2577,1,0,947,10003__Node__2577,incoming,0.0,0.2175024861486006,0.000164196921212,4
2578,1,7,142,10071__Node__2578,incoming,0.0,0.237843716016778,0.0002737663480395,3
2579,1,20,64,10087__Node__2579,incoming,0.0,0.1312529469758669,2.389934928079441e-08,4
2581,1,61,24,10339__Node__2581,incoming,0.0,0.2061675195259897,9.513211784706468e-05,3
2584,2,7,142,10071__Node__2584,incoming,0.0005432990392154,0.2720568636161706,0.0143650299033155,4
2585,4,17,75,10149__Node__2585,incoming,0.0004366535925987,0.2511276962191421,0.0018884351094435,4
2586,1,0,947,10003__Node__2586,incoming,0.0,0.2175024861486006,0.000164196921212,3
2587,1,0,947,10003__Node__2587,incoming,0.0,0.2175024861486006,0.000164196921212,4
2588,4,5,241,10020__Node__2588,outandin,0.000821753177755,0.2453525641025641,0.0078047898259461,0
2589,6,1,762,10033__Node__2589,incoming,0.0057693668042081,0.3052232854864434,0.0227266430998863,1
2590,3,23,61,10091__Node__2590,incoming,0.0004834498422886,0.2655911180501344,0.0042990574613535,4
2591,1,0,947,10003__Node__2591,incoming,0.0,0.2175024861486006,0.000164196921212,4
2592,1,42,30,10162__Node__2592,outandin,0.0,0.225196734573803,7.613691296057906e-05,1
2593,1,0,947,10003__Node__2593,incoming,0.0,0.2175024861486006,0.000164196921212,4
2595,1,26,56,10177__Node__2595,incoming,0.0,0.2510865108651086,0.0027277114382451,4
2597,1,5,241,10020__Node__2597,incoming,0.0,0.237566917526573,0.0042162843710479,4
2599,3,46,29,10045__Node__2599,outandin,0.0002199019229101,0.2424578351413413,0.0050346063313515,0
2600,1,1,762,10033__Node__2600,incoming,0.0,0.2683610867659947,0.014091263555276,1
2601,2,8,135,10039__Node__2601,incoming,4.056681851760521e-05,0.242842414148624,0.0066924029147826,4
2603,5,40,34,10041__Node__2603,outandin,0.0009663459411003,0.2663766855154414,0.0068275218281246,3
2605,1,3,284,10032__Node__2605,incoming,0.0,0.2371988535130529,0.00403645097798,3
2606,1,0,947,10003__Node__2606,incoming,0.0,0.2175024861486006,0.000164196921212,4
2607,2,15,79,10017__Node__2607,incoming,2.653171875057377e-05,0.2362472031479052,0.003471823543053,4
2608,2,36,37,10148__Node__2608,incoming,0.0001306003115105,0.2407232704402515,0.0003299217713999,3
2609,1,5,241,10020__Node__2609,incoming,0.0,0.237566917526573,0.0042162843710479,4
2610,1,1,762,10033__Node__2610,incoming,0.0,0.2683610867659947,0.014091263555276,1
2611,1,0,947,10003__Node__2611,incoming,0.0,0.2175024861486006,0.000164196921212,4
2612,3,5,241,10020__Node__2612,incoming,0.0001014727008357,0.2701605787894829,0.0140749201767494,4
2613,1,0,947,10003__Node__2613,incoming,0.0,0.2175024861486006,0.000164196921212,4
2615,2,21,62,10105__Node__2615,incoming,2.7113803057067e-05,0.2293804779384223,0.0011081325433155,4
2616,1,0,947,10003__Node__2616,incoming,0.0,0.2175024861486006,0.000164196921212,4
2618,1,59,24,10057__Node__2618,outandin,0.0,0.2220610631662919,0.0008153229629642,0
2620,2,4,253,10034__Node__2620,incoming,8.423592907523475e-05,0.2637381567614126,0.0062602360631106,4
2621,1,0,947,10003__Node__2621,incoming,0.0,0.2175024861486006,0.000164196921212,4
2622,1,22,61,10025__Node__2622,incoming,0.0,0.2249320502460883,0.0009496431333218,4
2624,1,28,49,10009__Node__2624,incoming,0.0,0.2181222396352757,0.0008777706464921,4
2625,4,29,48,10051__Node__2625,incoming,7.02534931787087e-05,0.2665622007486724,0.0120184340384921,4
2626,2,44,29,10119__Node__2626,incoming,8.163768249161951e-05,0.2250312339237157,0.0004120530416916,4
2627,1,25,57,10196__Node__2627,incoming,0.0,0.2230802855893923,0.0003535959137667,4
2628,6,11,116,10016__Node__2628,incoming,0.0017027347525296,0.2675637888850052,0.0085769495471113,1
2629,1,0,947,10003__Node__2629,incoming,0.0,0.2175024861486006,0.000164196921212,4
2630,1,61,24,10339__Node__2630,incoming,0.0,0.2061675195259897,9.513211784706468e-05,3
2631,1,7,142,10071__Node__2631,incoming,0.0,0.237843716016778,0.0002737663480395,3
2633,1,25,57,10196__Node__2633,incoming,0.0,0.2230802855893923,0.0003535959137667,4
2634,1,3,284,10032__Node__2634,incoming,0.0,0.2371988535130529,0.00403645097798,4
2636,2,1,762,10033__Node__2636,incoming,0.0002292272368013,0.2775813616172604,0.0169337343800551,2
2638,1,0,947,10003__Node__2638,incoming,0.0,0.2175024861486006,0.000164196921212,4
2639,3,34,40,10070__Node__2639,incoming,0.001109576265709,0.2707578035193209,0.0142593731754726,2
2640,1,4,253,10034__Node__2640,incoming,0.0,0.2336869419216973,0.0028424708247791,4
2641,1,2,617,10007__Node__2641,incoming,0.0,0.2399874598322752,0.0026097371147464,4
2642,1,15,79,10017__Node__2642,incoming,0.0,0.2249485747869526,0.0012045680335147,4
2643,1,2,617,10007__Node__2643,incoming,0.0,0.2399874598322752,0.0026097371147464,4
2644,2,1,762,10033__Node__2644,incoming,0.0003635579185529,0.2706142288996906,0.0144520934150607,3
2645,1,2,617,10007__Node__2645,incoming,0.0,0.2399874598322752,0.0026097371147464,4
2646,3,0,947,10003__Node__2646,incoming,0.0113691167205053,0.2701129146083274,0.0024523613847702,4
2649,1,0,947,10003__Node__2649,incoming,0.0,0.2175024861486006,0.000164196921212,4
2650,1,1,762,10033__Node__2650,incoming,0.0,0.2683610867659947,0.014091263555276,3
2652,1,0,947,10003__Node__2652,outandin,0.0,0.2175024861486006,0.000164196921212,3
2653,2,3,284,10032__Node__2653,incoming,1.4977051643351827e-05,0.2406097752632406,0.0065125695217147,4
2654,1,21,62,10105__Node__2654,outandin,0.0,0.2154972200717854,0.0002096331976264,3
2656,3,4,253,10034__Node__2656,incoming,8.710379299256297e-05,0.2452935992950412,0.008083489836274,4
2659,1,17,75,10149__Node__2659,incoming,0.0,0.2206210822105339,0.0003608298597847,3
2661,1,61,24,10339__Node__2661,incoming,0.0,0.2061675195259897,9.513211784706468e-05,3
2663,5,1,762,10033__Node__2663,incoming,0.0007501276356089,0.2899621212121212,0.0243575552867645,4
2664,1,0,947,10003__Node__2664,incoming,0.0,0.2175024861486006,0.000164196921212,4
2665,1,30,44,10026__Node__2665,outandin,0.0,0.2175024861486006,0.0002270011766974,0
2666,1,0,947,10003__Node__2666,incoming,0.0,0.2175024861486006,0.000164196921212,3
2667,4,1,762,10033__Node__2667,incoming,0.0002524161856321,0.2860612855007474,0.0227084501449645,4
2668,1,0,947,10003__Node__2668,incoming,0.0,0.2175024861486006,0.000164196921212,4
2669,3,6,144,10011__Node__2669,incoming,0.0006673340016555,0.2749640804597701,0.0152064029987013,4
2670,5,11,116,10016__Node__2670,incoming,0.0005421314008075,0.2636700249720141,0.0101573461689364,3
2672,1,30,44,10026__Node__2672,incoming,0.0,0.2175024861486006,0.0002270011766974,4
2673,3,2,617,10007__Node__2673,incoming,0.0004385135276932,0.2568791946308725,0.0112284484594887,2
2674,7,4,253,10034__Node__2674,incoming,0.0017079962764626,0.2772797247124876,0.0218616739495352,4
2677,1,20,64,10087__Node__2677,incoming,0.0,0.1312529469758669,2.389934928079441e-08,4
2678,1,1,762,10033__Node__2678,incoming,0.0,0.2683610867659947,0.014091263555276,3
2679,1,0,947,10003__Node__2679,incoming,0.0,0.2175024861486006,0.000164196921212,4
2680,1,0,947,10003__Node__2680,incoming,0.0,0.2175024861486006,0.000164196921212,3
2681,2,29,48,10051__Node__2681,incoming,8.778301870516908e-06,0.2537919602154994,0.0058729573619154,4
2682,1,0,947,10003__Node__2682,incoming,0.0,0.2175024861486006,0.000164196921212,4
2683,1,0,947,10003__Node__2683,incoming,0.0,0.2175024861486006,0.000164196921212,4
2684,2,4,253,10034__Node__2684,incoming,2.352474870298016e-05,0.2428616751269035,0.0068789218027592,4
2685,2,61,24,10339__Node__2685,incoming,7.713355770641933e-05,0.244451540795146,0.0021095302333658,3
2686,1,0,947,10003__Node__2686,incoming,0.0,0.2175024861486006,0.000164196921212,4
2687,1,5,241,10020__Node__2687,outandin,0.0,0.237566917526573,0.0042162843710479,1
2688,2,1,762,10033__Node__2688,incoming,0.0001462096216378,0.2789214793222809,0.018307547926324,2
2689,1,53,26,10060__Node__2689,incoming,0.0,0.2177035193743334,0.0001038327972286,1
2690,1,39,34,10036__Node__2690,incoming,0.0,0.2151338438839317,0.0001115750246547,4
2691,1,0,947,10003__Node__2691,incoming,0.0,0.2175024861486006,0.000164196921212,3
2692,1,0,947,10003__Node__2692,incoming,0.0,0.2175024861486006,0.000164196921212,4
2693,1,20,64,10087__Node__2693,incoming,0.0,0.1312529469758669,2.389934928079441e-08,4
2695,3,29,48,10051__Node__2695,incoming,8.702386678436028e-05,0.2788706739526411,0.0182895053817422,3
2697,1,0,947,10003__Node__2697,incoming,0.0,0.2175024861486006,0.000164196921212,4
2698,2,7,142,10071__Node__2698,incoming,9.204327786780429e-05,0.2466768710223153,0.0006273622618062,4
2699,2,8,135,10039__Node__2699,incoming,1.2070038137016915e-05,0.2343845682792406,0.0043147793499436,3
2700,1,0,947,10003__Node__2700,incoming,0.0,0.2175024861486006,0.000164196921212,4
2702,1,0,947,10003__Node__2702,incoming,0.0,0.2175024861486006,0.000164196921212,4
2703,1,5,241,10020__Node__2703,incoming,0.0,0.237566917526573,0.0042162843710479,4
2704,1,0,947,10003__Node__2704,incoming,0.0,0.2175024861486006,0.000164196921212,4
2705,5,29,48,10051__Node__2705,incoming,0.0001547992724376,0.2666782790454625,0.0103865894681111,2
2706,1,8,135,10039__Node__2706,incoming,0.0,0.2294320395624157,0.0024761185437346,4
2707,1,3,284,10032__Node__2707,incoming,0.0,0.2371988535130529,0.00403645097798,4
2708,1,2,617,10007__Node__2708,incoming,0.0,0.2399874598322752,0.0026097371147464,4
2709,5,55,25,10013__Node__2709,incoming,0.0005510265191316,0.2367220718979513,0.002883045745791,4
2710,3,6,144,10011__Node__2710,outandin,0.0009377675255687,0.2609510823248679,0.0048787732821269,1
2711,1,11,116,10016__Node__2711,incoming,0.0,0.233224160255922,0.0022672555095382,4
2712,1,0,947,10003__Node__2712,incoming,0.0,0.2175024861486006,0.000164196921212,4
2713,1,1,762,10033__Node__2713,incoming,0.0,0.2683610867659947,0.014091263555276,4
2714,5,26,56,10177__Node__2714,outandin,0.0014900902700276,0.2650393837098589,0.0080127982339389,2
2715,1,0,947,10003__Node__2715,incoming,0.0,0.2175024861486006,0.000164196921212,4
2716,1,0,947,10003__Node__2716,incoming,0.0,0.2175024861486006,0.000164196921212,3
2717,6,14,90,10077__Node__2717,incoming,0.0015662477181396,0.2857142857142857,0.0249442654557654,4
2718,3,1,762,10033__Node__2718,incoming,0.0002217392945317,0.2829421548697098,0.0237637567583311,4
2719,1,0,947,10003__Node__2719,incoming,0.0,0.2175024861486006,0.000164196921212,4
2720,1,29,48,10051__Node__2720,outandin,0.0,0.2427846495401205,0.001470530388221,1
2721,2,24,59,10053__Node__2721,outandin,2.5793076229486186e-05,0.230294825511432,0.0012593292054738,2
2723,2,47,29,10056__Node__2723,incoming,2.013232017815538e-05,0.2388828210329224,0.0005107369011394,4
2726,1,1,762,10033__Node__2726,outandin,0.0,0.2683610867659947,0.014091263555276,2
2727,1,0,947,10003__Node__2727,incoming,0.0,0.2175024861486006,0.000164196921212,4
2728,4,5,241,10020__Node__2728,incoming,0.0004791298123497,0.2670737025730484,0.0074797858167262,2
2729,2,4,253,10034__Node__2729,incoming,9.673153584000271e-06,0.2355747038005847,0.0036577937877433,3
2730,1,0,947,10003__Node__2730,incoming,0.0,0.2175024861486006,0.000164196921212,4
2731,1,15,79,10017__Node__2731,incoming,0.0,0.2249485747869526,0.0012045680335147,4
2733,1,33,43,10088__Node__2733,incoming,0.0,0.2123734221112498,0.0001166819118451,4
2734,5,4,253,10034__Node__2734,incoming,0.0002006989656711,0.2506343619546533,0.0117405878699318,4
2735,1,12,115,10006__Node__2735,incoming,0.0,0.2240925058548009,0.0007433077064394,3
2736,3,10,121,10055__Node__2736,incoming,4.961256733991155e-05,0.2641704770942973,0.0116972966119104,4
2737,5,1,762,10033__Node__2737,incoming,0.0002535057164478,0.2834922692343301,0.0251673525875392,4
2739,1,0,947,10003__Node__2739,incoming,0.0,0.2175024861486006,0.000164196921212,4
2740,2,33,43,10088__Node__2740,outandin,3.645589296865439e-06,0.216594751361675,0.0003339006859229,1
2741,2,3,284,10032__Node__2741,outandin,1.4977051643351827e-05,0.2406097752632406,0.0065125695217147,1
2742,2,11,116,10016__Node__2742,incoming,2.466272065988632e-05,0.2415397964818174,0.0064835398805862,4
2743,1,0,947,10003__Node__2743,incoming,0.0,0.2175024861486006,0.000164196921212,4
2744,9,4,253,10034__Node__2744,incoming,0.0015539098735651,0.2936606885969118,0.0209328014265928,4
2750,1,43,30,10054__Node__2750,incoming,0.0,0.2427654007769761,0.0020143981155187,4
2751,1,1,762,10033__Node__2751,incoming,0.0,0.2683610867659947,0.014091263555276,4
2752,1,0,947,10003__Node__2752,incoming,0.0,0.2175024861486006,0.000164196921212,4
2755,1,0,947,10003__Node__2755,incoming,0.0,0.2175024861486006,0.000164196921212,4
2756,2,9,134,10047__Node__2756,incoming,0.0049220266902186,0.1770863454976577,8.147091784984286e-06,4
2760,1,0,947,10003__Node__2760,incoming,0.0,0.2175024861486006,0.000164196921212,4
2761,1,5,241,10020__Node__2761,incoming,0.0,0.237566917526573,0.0042162843710479,1
2762,1,0,947,10003__Node__2762,incoming,0.0,0.2175024861486006,0.000164196921212,4
2763,1,0,947,10003__Node__2763,incoming,0.0,0.2175024861486006,0.000164196921212,4
2764,1,49,28,10153__Node__2764,incoming,0.0,0.225213298028832,0.0004236813080482,4
2765,1,4,253,10034__Node__2765,incoming,0.0,0.2336869419216973,0.0028424708247791,4
2766,5,1,762,10033__Node__2766,incoming,0.0008477524526242,0.2813045475424897,0.0203075457490599,4
2768,3,1,762,10033__Node__2768,incoming,0.0001019675394,0.279201240083888,0.0239498993609775,4
2769,2,1,762,10033__Node__2769,incoming,1.9014069920422304e-05,0.272856888255213,0.0195474723872831,4
2770,1,53,26,10060__Node__2770,incoming,0.0,0.2177035193743334,0.0001038327972286,1
2771,2,2,617,10007__Node__2771,incoming,3.7995572396404415e-05,0.2409316232591077,0.002772125482277,4
2772,1,54,25,10010__Node__2772,incoming,0.0,0.2197187141216992,0.0005033268937751,4
2773,1,47,29,10056__Node__2773,incoming,0.0,0.2167634149794705,0.0002799336754136,4
2774,2,7,142,10071__Node__2774,incoming,0.0003277652867122,0.2589648173207036,0.0044900507190875,4
2775,1,2,617,10007__Node__2775,incoming,0.0,0.2399874598322752,0.0026097371147464,4
2777,2,35,38,10037__Node__2777,incoming,0.0001280937203921,0.2406097752632406,0.0004481494025749,4
2781,1,0,947,10003__Node__2781,incoming,0.0,0.2175024861486006,0.000164196921212,4
2782,1,3,284,10032__Node__2782,incoming,0.0,0.2371988535130529,0.00403645097798,3
2784,1,0,947,10003__Node__2784,incoming,0.0,0.2175024861486006,0.000164196921212,4
2785,2,8,135,10039__Node__2785,incoming,1.4977051643351827e-05,0.2406097752632406,0.0065125695217147,4
2786,1,26,56,10177__Node__2786,incoming,0.0,0.2510865108651086,0.0027277114382451,2
2788,1,5,241,10020__Node__2788,incoming,0.0,0.237566917526573,0.0042162843710479,4
2795,2,4,253,10034__Node__2795,incoming,1.349748557715658e-05,0.2390506674994144,0.0053185893685137,4
2796,1,42,30,10162__Node__2796,incoming,0.0,0.225196734573803,7.613691296057906e-05,1
2797,1,0,947,10003__Node__2797,incoming,0.0,0.2175024861486006,0.000164196921212,2
2799,3,43,30,10054__Node__2799,incoming,4.266605460566154e-05,0.274176217765043,0.0215618705028018,4
2800,1,5,241,10020__Node__2800,outandin,0.0,0.237566917526573,0.0042162843710479,0
2802,1,8,135,10039__Node__2802,incoming,0.0,0.2294320395624157,0.0024761185437346,4
2804,3,1,762,10033__Node__2804,incoming,0.0001241290631249,0.2762789858341604,0.021034520565032,3
2806,2,0,947,10003__Node__2806,incoming,0.000664712073882,0.2530787668402347,0.0002604419576191,3
2807,5,3,284,10032__Node__2807,incoming,0.0006284786711003,0.2728812048837002,0.010168180430253,4
2809,2,8,135,10039__Node__2809,incoming,1.349748557715658e-05,0.2390506674994144,0.0053185893685137,4
2811,3,4,253,10034__Node__2811,incoming,7.751462659436891e-05,0.2459240221668942,0.0083659699805081,4
2812,1,0,947,10003__Node__2812,incoming,0.0,0.2175024861486006,0.000164196921212,4
2815,1,0,947,10003__Node__2815,incoming,0.0,0.2175024861486006,0.000164196921212,2
2817,2,3,284,10032__Node__2817,incoming,3.600362704368066e-05,0.2398370799718023,0.0052410190114948,3
2819,2,41,31,10052__Node__2819,incoming,1.8135129226966037e-05,0.2303294719422295,0.0016474245007126,4
2822,1,2,617,10007__Node__2822,incoming,0.0,0.2399874598322752,0.0026097371147464,4
2825,3,10,121,10055__Node__2825,incoming,0.0002598668950541,0.274176217765043,0.0198274060626968,4
2826,2,1,762,10033__Node__2826,incoming,0.0002441860386413,0.2803515839589818,0.0181277145332561,4
2828,1,0,947,10003__Node__2828,incoming,0.0,0.2175024861486006,0.000164196921212,4
2829,1,14,90,10077__Node__2829,incoming,0.0,0.2212747506865154,0.0008134803921311,2
2830,2,48,28,10014__Node__2830,incoming,4.456545452564894e-05,0.1766572434085271,8.432024071860509e-06,3
2831,1,20,64,10087__Node__2831,incoming,0.0,0.1312529469758669,2.389934928079441e-08,4
2832,1,56,25,10030__Node__2832,incoming,0.0,0.21146408839779,0.0001623883675305,2
2833,1,1,762,10033__Node__2833,incoming,0.0,0.2683610867659947,0.014091263555276,3
2835,1,0,947,10003__Node__2835,incoming,0.0,0.2175024861486006,0.000164196921212,2
2836,1,5,241,10020__Node__2836,incoming,0.0,0.237566917526573,0.0042162843710479,4
2837,1,0,947,10003__Node__2837,incoming,0.0,0.2175024861486006,0.000164196921212,4
2839,1,0,947,10003__Node__2839,incoming,0.0,0.2175024861486006,0.000164196921212,4
2840,4,11,116,10016__Node__2840,incoming,0.0001982221487676,0.2793031104624646,0.0238291260123401,3
2841,1,24,59,10053__Node__2841,incoming,0.0,0.2279630732578916,0.000898499345689,4
2843,1,23,61,10091__Node__2843,incoming,0.0,0.2436152438539263,0.000875839954476,4
2844,1,47,29,10056__Node__2844,incoming,0.0,0.2167634149794705,0.0002799336754136,4
2845,2,1,762,10033__Node__2845,incoming,9.278977770165876e-05,0.2792776358993068,0.0175090287936074,4
2846,7,7,142,10071__Node__2846,outandin,0.0018793299095099,0.2715020393686824,0.0108506543857457,3
2847,1,0,947,10003__Node__2847,incoming,0.0,0.2175024861486006,0.000164196921212,4
2848,2,0,947,10003__Node__2848,incoming,0.0006985071978301,0.244295516195947,0.0002680297184406,3
2849,1,0,947,10003__Node__2849,incoming,0.0,0.2175024861486006,0.000164196921212,4
2850,1,0,947,10003__Node__2850,incoming,0.0,0.2175024861486006,0.000164196921212,4
2851,2,2,617,10007__Node__2851,incoming,5.461457950978722e-05,0.2429965875724148,0.0033530448211858,4
2852,4,45,29,10031__Node__2852,incoming,0.0005037955024716,0.256663872590109,0.0049439124117353,4
2854,2,11,116,10016__Node__2854,incoming,0.0002160524080347,0.2516850238369226,0.0023635005459454,1
2855,1,16,79,10093__Node__2855,incoming,0.0,0.2549329781034052,0.0034177652383314,4
2856,1,12,115,10006__Node__2856,incoming,0.0,0.2240925058548009,0.0007433077064394,4
2857,1,0,947,10003__Node__2857,incoming,0.0,0.2175024861486006,0.000164196921212,4
2858,4,1,762,10033__Node__2858,incoming,0.0004348397679111,0.2859811338376762,0.0233505594692683,4
2859,2,2,617,10007__Node__2859,incoming,0.0001453828274531,0.2434215756419429,0.0038143051482612,4
2861,1,13,93,10073__Node__2861,incoming,0.0,0.2343666283964791,0.0044024269736943,4
2862,2,33,43,10088__Node__2862,incoming,3.645589296865439e-06,0.216594751361675,0.0003339006859229,4
2863,1,25,57,10196__Node__2863,incoming,0.0,0.2230802855893923,0.0003535959137667,4
2864,2,37,37,10191__Node__2864,outandin,0.0003177889524452,0.2363201358339121,0.0044966922570268,0
2865,3,8,135,10039__Node__2865,incoming,5.199928592348838e-05,0.2455887070901508,0.0093550403464938,4
2866,3,1,762,10033__Node__2866,incoming,0.0001019675394,0.279201240083888,0.0239498993609775,4
2867,1,0,947,10003__Node__2867,incoming,0.0,0.2175024861486006,0.000164196921212,4
2869,4,5,241,10020__Node__2869,incoming,0.000207086769644,0.2688795223041798,0.0125627312730498,3
2870,2,1,762,10033__Node__2870,outandin,0.0001681338849437,0.2716465578424414,0.0149047439474071,1
2871,1,0,947,10003__Node__2871,incoming,0.0,0.2175024861486006,0.000164196921212,4
2872,1,0,947,10003__Node__2872,incoming,0.0,0.2175024861486006,0.000164196921212,4
2873,2,60,24,10061__Node__2873,outandin,4.496259171236848e-05,0.2366123174406923,0.0002508696996169,1
2874,1,8,135,10039__Node__2874,incoming,0.0,0.2294320395624157,0.0024761185437346,4
2875,2,1,762,10033__Node__2875,incoming,1.9014069920422304e-05,0.272856888255213,0.0195474723872831,4
2876,4,61,24,10339__Node__2876,incoming,0.0004909202998566,0.2669572798605056,0.0091198923633877,2
2877,1,35,38,10037__Node__2877,incoming,0.0,0.2153759583597102,0.0001743830545354,4
2878,2,6,144,10011__Node__2878,outandin,7.960763955615078e-05,0.2451953875720691,0.0011151394434252,2
2881,4,16,79,10093__Node__2881,incoming,0.0001831658818569,0.2732708612226684,0.0141522409985089,1
2882,3,5,241,10020__Node__2882,incoming,0.000102273394821,0.2459042724060391,0.0095172106904314,4
2884,4,26,56,10177__Node__2884,incoming,0.0001966371343902,0.2670737025730484,0.0109804621416678,1
2885,6,38,35,10086__Node__2885,incoming,0.0017437462619142,0.2899346652779093,0.0163339628601191,4
2886,1,0,947,10003__Node__2886,incoming,0.0,0.2175024861486006,0.000164196921212,4
2887,3,1,762,10033__Node__2887,outandin,0.0003600889734592,0.2870804425276579,0.0225301415069504,3
2890,1,7,142,10071__Node__2890,incoming,0.0,0.237843716016778,0.0002737663480395,3
2891,1,2,617,10007__Node__2891,incoming,0.0,0.2399874598322752,0.0026097371147464,4
2893,2,15,79,10017__Node__2893,incoming,1.8135129226966037e-05,0.2303294719422295,0.0016474245007126,4
2894,3,5,241,10020__Node__2894,incoming,0.0003396269293385,0.285155522443658,0.0207836664700586,2
2895,1,0,947,10003__Node__2895,incoming,0.0,0.2175024861486006,0.000164196921212,4
2896,1,20,64,10087__Node__2896,incoming,0.0,0.1312529469758669,2.389934928079441e-08,4
2897,1,0,947,10003__Node__2897,incoming,0.0,0.2175024861486006,0.000164196921212,4
2898,1,2,617,10007__Node__2898,incoming,0.0,0.2399874598322752,0.0026097371147464,4
2900,1,0,947,10003__Node__2900,incoming,0.0,0.2175024861486006,0.000164196921212,4
2901,1,30,44,10026__Node__2901,incoming,0.0,0.2175024861486006,0.0002270011766974,2
2902,1,4,253,10034__Node__2902,incoming,0.0,0.2336869419216973,0.0028424708247791,4
2904,1,16,79,10093__Node__2904,incoming,0.0,0.2549329781034052,0.0034177652383314,4
2905,1,27,52,10108__Node__2905,incoming,0.0,0.2191996563819886,0.000244376645587,3
2908,1,1,762,10033__Node__2908,outandin,0.0,0.2683610867659947,0.014091263555276,0
2911,1,0,947,10003__Node__2911,incoming,0.0,0.2175024861486006,0.000164196921212,3
2913,11,8,135,10039__Node__2913,incoming,0.0048154579127749,0.3106421832200466,0.0240275748950432,4
2914,1,0,947,10003__Node__2914,incoming,0.0,0.2175024861486006,0.000164196921212,3
2915,2,4,253,10034__Node__2915,incoming,5.48554613184322e-05,0.2367586793474058,0.0031960667385458,4
2916,1,3,284,10032__Node__2916,incoming,0.0,0.2371988535130529,0.00403645097798,4
2917,1,6,144,10011__Node__2917,incoming,0.0,0.2365209331067511,0.0003016590512941,4
2918,1,0,947,10003__Node__2918,incoming,0.0,0.2175024861486006,0.000164196921212,4
2919,1,0,947,10003__Node__2919,incoming,0.0,0.2175024861486006,0.000164196921212,4
2921,1,1,762,10033__Node__2921,incoming,0.0,0.2683610867659947,0.014091263555276,4
2922,4,12,115,10006__Node__2922,incoming,0.0002059907262954,0.235285077608729,0.0020226233626364,4
2923,5,30,44,10026__Node__2923,incoming,0.0014827702617984,0.2969356089992242,0.0244284328850875,3
2925,3,33,43,10088__Node__2925,incoming,0.0001763821137192,0.2241581259150805,0.0006947305457077,4
2926,1,3,284,10032__Node__2926,incoming,0.0,0.2371988535130529,0.00403645097798,4
2932,1,0,947,10003__Node__2932,incoming,0.0,0.2175024861486006,0.000164196921212,4
2935,1,0,947,10003__Node__2935,incoming,0.0,0.2175024861486006,0.000164196921212,4
2937,1,0,947,10003__Node__2937,incoming,0.0,0.2175024861486006,0.000164196921212,4
2938,1,29,48,10051__Node__2938,incoming,0.0,0.2427846495401205,0.001470530388221,3
2939,1,0,947,10003__Node__2939,incoming,0.0,0.2175024861486006,0.000164196921212,4
2941,2,5,241,10020__Node__2941,incoming,0.0001462096216378,0.2789214793222809,0.018307547926324,1
2942,4,50,27,10019__Node__2942,incoming,0.0005061019011263,0.2771291519594533,0.0173699341653202,4
2944,2,1,762,10033__Node__2944,incoming,6.070864224072986e-05,0.2693051890941073,0.0145096937215391,1
2945,3,40,34,10041__Node__2945,incoming,5.0283161755922194e-05,0.2421701993040177,0.0069451280131115,4
2946,1,0,947,10003__Node__2946,incoming,0.0,0.2175024861486006,0.000164196921212,4
2947,1,0,947,10003__Node__2947,outandin,0.0,0.2175024861486006,0.000164196921212,2
2948,4,10,121,10055__Node__2948,incoming,0.0002110680873565,0.2698986337593653,0.0133457187317149,4
2949,1,0,947,10003__Node__2949,incoming,0.0,0.2175024861486006,0.000164196921212,4
2951,1,1,762,10033__Node__2951,incoming,0.0,0.2683610867659947,0.014091263555276,3
2952,1,20,64,10087__Node__2952,incoming,0.0,0.1312529469758669,2.389934928079441e-08,4
2955,2,5,241,10020__Node__2955,incoming,2.466272065988632e-05,0.2415397964818174,0.0064835398805862,1
2957,2,23,61,10091__Node__2957,incoming,2.4943380303597013e-05,0.2555286656096136,0.0052782669281703,4
2958,1,3,284,10032__Node__2958,incoming,0.0,0.2371988535130529,0.00403645097798,4
2959,2,35,38,10037__Node__2959,incoming,0.0001294369441759,0.2458647823992291,0.0010502230090114,4
2960,1,7,142,10071__Node__2960,incoming,0.0,0.237843716016778,0.0002737663480395,4
2961,1,0,947,10003__Node__2961,incoming,0.0,0.2175024861486006,0.000164196921212,4
2964,3,40,34,10041__Node__2964,incoming,4.003701811536998e-05,0.240025084267461,0.0057511478599105,4
2965,3,17,75,10149__Node__2965,incoming,0.0001439050103355,0.2410833792614754,0.0048298393291616,4
2966,1,0,947,10003__Node__2966,incoming,0.0,0.2175024861486006,0.000164196921212,4
2967,2,25,57,10196__Node__2967,incoming,9.204327786780429e-05,0.2466768710223153,0.0006273622618062,4
2968,1,2,617,10007__Node__2968,incoming,0.0,0.2399874598322752,0.0026097371147464,4
2969,4,36,37,10148__Node__2969,incoming,0.0003706367701157,0.2576790372801481,0.0044296264352767,4
2970,5,31,44,10065__Node__2970,incoming,0.0004572195754159,0.2671902268760907,0.0076491702962593,2
2971,1,2,617,10007__Node__2971,incoming,0.0,0.2399874598322752,0.0026097371147464,4
2972,2,33,43,10088__Node__2972,incoming,3.645589296865439e-06,0.216594751361675,0.0003339006859229,4
2973,1,4,253,10034__Node__2973,incoming,0.0,0.2336869419216973,0.0028424708247791,4
2975,2,5,241,10020__Node__2975,incoming,2.466272065988632e-05,0.2415397964818174,0.0064835398805862,3
2976,1,20,64,10087__Node__2976,incoming,0.0,0.1312529469758669,2.389934928079441e-08,4
2977,1,0,947,10003__Node__2977,incoming,0.0,0.2175024861486006,0.000164196921212,4
2978,1,0,947,10003__Node__2978,incoming,0.0,0.2175024861486006,0.000164196921212,3
2979,1,20,64,10087__Node__2979,incoming,0.0,0.1312529469758669,2.389934928079441e-08,4
2981,1,0,947,10003__Node__2981,incoming,0.0,0.2175024861486006,0.000164196921212,4
2984,2,15,79,10017__Node__2984,incoming,0.0001323849442163,0.2720810378532077,0.0152958315887908,4
2985,1,41,31,10052__Node__2985,incoming,0.0,0.2213067360508817,0.0004428564671978,2
2986,2,0,947,10003__Node__2986,incoming,0.0006985071978301,0.244295516195947,0.0002680297184406,4
2987,2,0,947,10003__Node__2987,incoming,0.000664712073882,0.2530787668402347,0.0002604419576191,4
2988,1,0,947,10003__Node__2988,incoming,0.0,0.2175024861486006,0.000164196921212,4
2990,4,2,617,10007__Node__2990,incoming,0.0012044820293623,0.2763787345428288,0.0077502070188943,4
2991,1,55,25,10013__Node__2991,incoming,0.0,0.2067103220144467,0.00016359753643,4
2992,3,32,43,10064__Node__2992,incoming,0.0001516943630959,0.2722503778785454,0.0153855336760152,3
2993,1,0,947,10003__Node__2993,incoming,0.0,0.2175024861486006,0.000164196921212,4
2994,1,0,947,10003__Node__2994,incoming,0.0,0.2175024861486006,0.000164196921212,3
2995,1,0,947,10003__Node__2995,incoming,0.0,0.2175024861486006,0.000164196921212,4
2996,2,17,75,10149__Node__2996,incoming,2.5793076229486186e-05,0.230294825511432,0.0012593292054738,2
2997,1,37,37,10191__Node__2997,incoming,0.0,0.2083418384704361,9.426528333245428e-05,2
2998,4,1,762,10033__Node__2998,incoming,0.0004742883511963,0.276328851186716,0.0170628134419534,4
3001,4,5,241,10020__Node__3001,incoming,0.0004127185431086,0.2654069515471959,0.0063566724031643,1
3002,1,53,26,10060__Node__3002,incoming,0.0,0.2177035193743334,0.0001038327972286,1
3004,1,39,34,10036__Node__3004,incoming,0.0,0.2151338438839317,0.0001115750246547,3
3005,1,2,617,10007__Node__3005,incoming,0.0,0.2399874598322752,0.0026097371147464,4
3007,1,0,947,10003__Node__3007,incoming,0.0,0.2175024861486006,0.000164196921212,4
3008,1,7,142,10071__Node__3008,incoming,0.0,0.237843716016778,0.0002737663480395,4
3009,2,42,30,10162__Node__3009,incoming,4.950012163827039e-05,0.2355565812754827,0.000303138089658,3
3011,2,3,284,10032__Node__3011,outandin,1.4977051643351827e-05,0.2406097752632406,0.0065125695217147,2
3012,1,5,241,10020__Node__3012,incoming,0.0,0.237566917526573,0.0042162843710479,4
3013,8,1,762,10033__Node__3013,outandin,0.0013665171192129,0.3056498303054502,0.0337299286496997,2
3014,2,22,61,10025__Node__3014,incoming,6.219814621082156e-05,0.2702559576345984,0.0150409066885978,4
3018,1,0,947,10003__Node__3018,incoming,0.0,0.2175024861486006,0.000164196921212,4
3019,2,58,24,10143__Node__3019,outandin,7.801045875601543e-05,0.2362836638629523,0.0045846210673607,1
3020,1,14,90,10077__Node__3020,incoming,0.0,0.2212747506865154,0.0008134803921311,4
3021,1,0,947,10003__Node__3021,incoming,0.0,0.2175024861486006,0.000164196921212,4
3023,1,0,947,10003__Node__3023,incoming,0.0,0.2175024861486006,0.000164196921212,4
3024,1,0,947,10003__Node__3024,incoming,0.0,0.2175024861486006,0.000164196921212,4
3025,5,4,253,10034__Node__3025,incoming,0.0001664401757513,0.2492064783917962,0.0110688626551471,4
3029,1,0,947,10003__Node__3029,outandin,0.0,0.2175024861486006,0.000164196921212,1
3030,1,19,64,10008__Node__3030,incoming,0.0,0.229105873550318,0.0014870481777489,4
3032,1,0,947,10003__Node__3032,incoming,0.0,0.2175024861486006,0.000164196921212,4
3033,2,16,79,10093__Node__3033,incoming,0.0001073998206409,0.2575706594885599,0.0036447664150289,2
3035,3,2,617,10007__Node__3035,incoming,0.0006121900903656,0.2751123090745732,0.008755213791323,4
3036,3,23,61,10091__Node__3036,outandin,7.468017401871385e-05,0.2605513955071477,0.0075455224377086,1
3037,2,1,762,10033__Node__3037,outandin,1.9014069920422304e-05,0.272856888255213,0.0195474723872831,3
3038,1,1,762,10033__Node__3038,incoming,0.0,0.2683610867659947,0.014091263555276,4
3039,1,0,947,10003__Node__3039,incoming,0.0,0.2175024861486006,0.000164196921212,4
3040,2,5,241,10020__Node__3040,outandin,2.0748828917021057e-05,0.2433248569612206,0.0086187113447423,2
3041,1,18,71,10147__Node__3041,incoming,0.0,0.2354117013915584,0.0002308032257257,4
3042,1,9,134,10047__Node__3042,incoming,0.0,0.1764434712458223,8.12319243570349e-06,4
3044,1,34,40,10070__Node__3044,incoming,0.0,0.2273706096383753,7.384433686416915e-05,2
3045,1,2,617,10007__Node__3045,incoming,0.0,0.2399874598322752,0.0026097371147464,4
3046,5,1,762,10033__Node__3046,incoming,0.0002943691599716,0.2869190404797601,0.0277073471793785,4
3048,1,2,617,10007__Node__3048,incoming,0.0,0.2399874598322752,0.0026097371147464,4
3050,1,25,57,10196__Node__3050,incoming,0.0,0.2230802855893923,0.0003535959137667,4
3051,1,2,617,10007__Node__3051,incoming,0.0,0.2399874598322752,0.0026097371147464,4
3053,1,25,57,10196__Node__3053,outandin,0.0,0.2230802855893923,0.0003535959137667,2
3055,5,11,116,10016__Node__3055,outandin,0.0018326140544522,0.2874847432165994,0.0210120376331864,1
3056,3,4,253,10034__Node__3056,outandin,4.003701811536998e-05,0.240025084267461,0.0057511478599105,1
3058,1,35,38,10037__Node__3058,incoming,0.0,0.2153759583597102,0.0001743830545354,4
3060,5,5,241,10020__Node__3060,incoming,0.0006290617291188,0.2714539007092199,0.0100619628174226,4
3062,1,0,947,10003__Node__3062,incoming,0.0,0.2175024861486006,0.000164196921212,4
3063,5,8,135,10039__Node__3063,incoming,0.0003256504044677,0.2504293776069354,0.0108968825400443,4
3065,2,2,617,10007__Node__3065,outandin,0.0002761263599395,0.2412353265579453,0.0027848441810317,1
3066,3,5,241,10020__Node__3066,outandin,6.991740145509692e-05,0.244451540795146,0.0075077258777468,0
3067,1,0,947,10003__Node__3067,incoming,0.0,0.2175024861486006,0.000164196921212,4
3070,2,1,762,10033__Node__3070,incoming,9.278977770165876e-05,0.2792776358993068,0.0175090287936074,4
3071,1,34,40,10070__Node__3071,incoming,0.0,0.2273706096383753,7.384433686416915e-05,4
3073,5,17,75,10149__Node__3073,incoming,0.0011736307595589,0.2783383328788292,0.0174064723410367,3
3075,1,25,57,10196__Node__3075,incoming,0.0,0.2230802855893923,0.0003535959137667,4
3077,1,0,947,10003__Node__3077,incoming,0.0,0.2175024861486006,0.000164196921212,4
3078,2,16,79,10093__Node__3078,incoming,1.969371507751624e-05,0.2585056986070072,0.0054321633538502,2
3079,1,0,947,10003__Node__3079,incoming,0.0,0.2175024861486006,0.000164196921212,4
3081,4,15,79,10017__Node__3081,incoming,0.0003587443026547,0.2797880116959064,0.019050135276078,1
3082,4,5,241,10020__Node__3082,incoming,0.0001335278419898,0.2721535863478801,0.0131850835891965,4
3083,1,14,90,10077__Node__3083,incoming,0.0,0.2212747506865154,0.0008134803921311,2
3084,6,26,56,10177__Node__3084,outandin,0.0036013391249521,0.2977730234367402,0.0279145750454282,0
3085,1,0,947,10003__Node__3085,incoming,0.0,0.2175024861486006,0.000164196921212,4
3087,5,8,135,10039__Node__3087,outandin,0.0002874728684692,0.2547420965058236,0.0146559666658773,2
3090,3,12,115,10006__Node__3090,incoming,0.000166617528667,0.246597406781026,0.0093620190511817,4
3091,1,17,75,10149__Node__3091,incoming,0.0,0.2206210822105339,0.0003608298597847,4
3092,1,0,947,10003__Node__3092,incoming,0.0,0.2175024861486006,0.000164196921212,4
3093,1,0,947,10003__Node__3093,incoming,0.0,0.2175024861486006,0.000164196921212,4
3095,1,2,617,10007__Node__3095,incoming,0.0,0.2399874598322752,0.0026097371147464,4
3097,1,0,947,10003__Node__3097,incoming,0.0,0.2175024861486006,0.000164196921212,3
3098,1,6,144,10011__Node__3098,incoming,0.0,0.2365209331067511,0.0003016590512941,4
3099,1,0,947,10003__Node__3099,incoming,0.0,0.2175024861486006,0.000164196921212,4
3100,2,40,34,10041__Node__3100,incoming,5.784351500300173e-05,0.2572244623655914,0.0038503237297282,3
3101,1,0,947,10003__Node__3101,incoming,0.0,0.2175024861486006,0.000164196921212,4
3103,6,14,90,10077__Node__3103,incoming,0.0017056344345292,0.2904847737406318,0.0240676284121663,3
3105,1,0,947,10003__Node__3105,incoming,0.0,0.2175024861486006,0.000164196921212,4
3107,1,6,144,10011__Node__3107,incoming,0.0,0.2365209331067511,0.0003016590512941,4
3108,1,0,947,10003__Node__3108,incoming,0.0,0.2175024861486006,0.000164196921212,4
3109,1,39,34,10036__Node__3109,incoming,0.0,0.2151338438839317,0.0001115750246547,4
3111,1,0,947,10003__Node__3111,incoming,0.0,0.2175024861486006,0.000164196921212,4
3113,1,0,947,10003__Node__3113,outandin,0.0,0.2175024861486006,0.000164196921212,2
3114,1,5,241,10020__Node__3114,incoming,0.0,0.237566917526573,0.0042162843710479,4
3116,3,22,61,10025__Node__3116,incoming,0.000144661403337,0.2711174074729945,0.015459336854861,3
3117,1,4,253,10034__Node__3117,incoming,0.0,0.2336869419216973,0.0028424708247791,4
3118,1,0,947,10003__Node__3118,incoming,0.0,0.2175024861486006,0.000164196921212,4
3120,1,2,617,10007__Node__3120,incoming,0.0,0.2399874598322752,0.0026097371147464,4
3121,1,0,947,10003__Node__3121,incoming,0.0,0.2175024861486006,0.000164196921212,4
3122,1,8,135,10039__Node__3122,incoming,0.0,0.2294320395624157,0.0024761185437346,4
3123,1,15,79,10017__Node__3123,incoming,0.0,0.2249485747869526,0.0012045680335147,4
3125,1,26,56,10177__Node__3125,outandin,0.0,0.2510865108651086,0.0027277114382451,2
3127,5,5,241,10020__Node__3127,incoming,0.0002116491146769,0.2741025870557694,0.0162347184095401,1
3128,2,10,121,10055__Node__3128,incoming,1.9014069920422304e-05,0.272856888255213,0.0195474723872831,4
3129,1,9,134,10047__Node__3129,incoming,0.0,0.1764434712458223,8.12319243570349e-06,2
3131,1,25,57,10196__Node__3131,incoming,0.0,0.2230802855893923,0.0003535959137667,4
3132,4,53,26,10060__Node__3132,incoming,0.0006342044483516,0.2621575342465753,0.0067568084793474,1
3133,1,13,93,10073__Node__3133,outandin,0.0,0.2343666283964791,0.0044024269736943,0
3134,2,16,79,10093__Node__3134,incoming,5.876240811468315e-06,0.2593816179584922,0.0061454766765766,4
3135,6,5,241,10020__Node__3135,incoming,0.0007894015426277,0.2909263657957244,0.0267191262342376,1
3136,1,57,25,10219__Node__3136,incoming,0.0,0.227624145108534,7.581253999781134e-05,4
3137,4,5,241,10020__Node__3137,incoming,0.0002183910318174,0.2788706739526411,0.0174926854150809,4
3139,1,56,25,10030__Node__3139,incoming,0.0,0.21146408839779,0.0001623883675305,2
3140,3,5,241,10020__Node__3140,incoming,0.0002176909410904,0.2764535933550018,0.0116705005873595,3
3141,6,11,116,10016__Node__3141,outandin,0.0005289104788918,0.2937170263788969,0.031649318224366,2
3142,4,1,762,10033__Node__3142,incoming,0.000255530830701,0.2801207574787302,0.0243683295272406,2
3144,3,11,116,10016__Node__3144,incoming,0.0001944505515526,0.2757813203638656,0.0173081621981361,4
3145,1,39,34,10036__Node__3145,incoming,0.0,0.2151338438839317,0.0001115750246547,4
3146,3,5,241,10020__Node__3146,incoming,6.31571383818865e-05,0.2468956619900016,0.0108859668542806,3
3147,1,36,37,10148__Node__3147,incoming,0.0,0.2353574173712528,0.0002356564880674,4
3148,1,0,947,10003__Node__3148,incoming,0.0,0.2175024861486006,0.000164196921212,4
3149,2,1,762,10033__Node__3149,incoming,5.269534795206538e-05,0.27710407239819,0.0168189749935212,3
3151,2,38,35,10086__Node__3151,incoming,3.645589296865439e-06,0.216594751361675,0.0003339006859229,1
3153,2,1,762,10033__Node__3153,incoming,6.219814621082156e-05,0.2702559576345984,0.0150409066885978,4
3154,1,23,61,10091__Node__3154,outandin,0.0,0.2436152438539263,0.000875839954476,2
3155,1,1,762,10033__Node__3155,incoming,0.0,0.2683610867659947,0.014091263555276,4
3157,1,1,762,10033__Node__3157,incoming,0.0,0.2683610867659947,0.014091263555276,4
3158,2,7,142,10071__Node__3158,incoming,9.204327786780429e-05,0.2466768710223153,0.0006273622618062,4
3159,1,0,947,10003__Node__3159,incoming,0.0,0.2175024861486006,0.000164196921212,4
3160,1,2,617,10007__Node__3160,incoming,0.0,0.2399874598322752,0.0026097371147464,4
3163,3,1,762,10033__Node__3163,outandin,9.84834997526299e-05,0.281356243682808,0.0222751838255283,1
3164,3,7,142,10071__Node__3164,incoming,0.001464206858276,0.2693051890941073,0.0070379287642647,4
3166,1,0,947,10003__Node__3166,incoming,0.0,0.2175024861486006,0.000164196921212,4
3167,1,34,40,10070__Node__3167,incoming,0.0,0.2273706096383753,7.384433686416915e-05,4
3171,2,10,121,10055__Node__3171,incoming,1.9014069920422304e-05,0.272856888255213,0.0195474723872831,4
3172,7,11,116,10016__Node__3172,incoming,0.0033875538470686,0.2892772791686349,0.0201476807036759,1
3174,2,10,121,10055__Node__3174,incoming,1.553585900745982e-05,0.2570732935941566,0.0072948696382161,4
3175,1,2,617,10007__Node__3175,incoming,0.0,0.2399874598322752,0.0026097371147464,4
3176,1,35,38,10037__Node__3176,incoming,0.0,0.2153759583597102,0.0001743830545354,4
3177,2,10,121,10055__Node__3177,incoming,5.8212518654121305e-06,0.255187932327694,0.0074706069475258,4
3178,2,0,947,10003__Node__3178,incoming,0.0161004270684974,0.2747173874035528,0.0056204057532191,3
3180,1,4,253,10034__Node__3180,incoming,0.0,0.2336869419216973,0.0028424708247791,4
3181,2,2,617,10007__Node__3181,incoming,5.461457950978722e-05,0.2429965875724148,0.0033530448211858,4
3182,1,2,617,10007__Node__3182,incoming,0.0,0.2399874598322752,0.0026097371147464,4
3183,7,1,762,10033__Node__3183,outandin,0.0016951450275231,0.2961315280464217,0.0263064541884999,0
3184,1,8,135,10039__Node__3184,incoming,0.0,0.2294320395624157,0.0024761185437346,2
3185,1,7,142,10071__Node__3185,incoming,0.0,0.237843716016778,0.0002737663480395,4
3186,2,14,90,10077__Node__3186,incoming,3.1286762892173274e-05,0.2477546727081479,0.0016893203466071,4
3187,1,11,116,10016__Node__3187,incoming,0.0,0.233224160255922,0.0022672555095382,4
3189,1,9,134,10047__Node__3189,incoming,0.0,0.1764434712458223,8.12319243570349e-06,4
3190,7,8,135,10039__Node__3190,incoming,0.001421125611559,0.2765035217626874,0.0109367102431499,3
3191,1,0,947,10003__Node__3191,incoming,0.0,0.2175024861486006,0.000164196921212,2
3192,1,7,142,10071__Node__3192,incoming,0.0,0.237843716016778,0.0002737663480395,4
3193,2,0,947,10003__Node__3193,incoming,0.0019488735485102,0.2501429621762928,0.0002323864904239,4
3194,1,7,142,10071__Node__3194,incoming,0.0,0.237843716016778,0.0002737663480395,4
3195,1,0,947,10003__Node__3195,incoming,0.0,0.2175024861486006,0.000164196921212,4
3196,1,18,71,10147__Node__3196,incoming,0.0,0.2354117013915584,0.0002308032257257,4
3197,4,8,135,10039__Node__3197,incoming,0.0005426646226778,0.2672835195530726,0.0068544102625833,2
3198,2,3,284,10032__Node__3198,incoming,2.001438450150433e-05,0.2403642358112881,0.005875111784189,4
3199,1,0,947,10003__Node__3199,incoming,0.0,0.2175024861486006,0.000164196921212,4
3200,1,0,947,10003__Node__3200,incoming,0.0,0.2175024861486006,0.000164196921212,4
3201,1,4,253,10034__Node__3201,incoming,0.0,0.2336869419216973,0.0028424708247791,4
3203,1,0,947,10003__Node__3203,incoming,0.0,0.2175024861486006,0.000164196921212,2
3204,1,7,142,10071__Node__3204,incoming,0.0,0.237843716016778,0.0002737663480395,4
3205,1,0,947,10003__Node__3205,incoming,0.0,0.2175024861486006,0.000164196921212,3
3206,1,2,617,10007__Node__3206,incoming,0.0,0.2399874598322752,0.0026097371147464,4
3207,1,15,79,10017__Node__3207,outandin,0.0,0.2249485747869526,0.0012045680335147,1
3208,1,2,617,10007__Node__3208,incoming,0.0,0.2399874598322752,0.0026097371147464,4
3210,3,1,762,10033__Node__3210,incoming,8.244362856103914e-05,0.2736371760500447,0.0204252430337753,3
3213,1,20,64,10087__Node__3213,outandin,0.0,0.1312529469758669,2.389934928079441e-08,3
3214,1,0,947,10003__Node__3214,incoming,0.0,0.2175024861486006,0.000164196921212,4
3215,1,20,64,10087__Node__3215,incoming,0.0,0.1312529469758669,2.389934928079441e-08,4
3216,1,0,947,10003__Node__3216,incoming,0.0,0.2175024861486006,0.000164196921212,4
3217,2,53,26,10060__Node__3217,incoming,2.2414079707868428e-05,0.2394057857701329,0.0002000778336358,3
3218,2,50,27,10019__Node__3218,incoming,9.283755570651056e-05,0.2401191969887076,0.000949055538161,2
3219,2,4,253,10034__Node__3219,incoming,1.349748557715658e-05,0.2390506674994144,0.0053185893685137,4
3220,1,0,947,10003__Node__3220,incoming,0.0,0.2175024861486006,0.000164196921212,4
3221,1,0,947,10003__Node__3221,incoming,0.0,0.2175024861486006,0.000164196921212,4
3222,2,1,762,10033__Node__3222,outandin,0.0001681338849437,0.2716465578424414,0.0149047439474071,2
3224,1,0,947,10003__Node__3224,incoming,0.0,0.2175024861486006,0.000164196921212,3
3226,2,58,24,10143__Node__3226,outandin,0.0001854692393389,0.2694710903810613,0.0142734576489423,3
3228,1,49,28,10153__Node__3228,incoming,0.0,0.225213298028832,0.0004236813080482,4
3229,1,2,617,10007__Node__3229,incoming,0.0,0.2399874598322752,0.0026097371147464,1
3230,2,12,115,10006__Node__3230,incoming,5.133616210701521e-05,0.2368319282233738,0.0035857785312185,3
3231,1,1,762,10033__Node__3231,incoming,0.0,0.2683610867659947,0.014091263555276,4
3232,1,35,38,10037__Node__3232,incoming,0.0,0.2153759583597102,0.0001743830545354,2
3233,1,7,142,10071__Node__3233,incoming,0.0,0.237843716016778,0.0002737663480395,4
3234,2,16,79,10093__Node__3234,outandin,9.245627144753456e-05,0.2564059621503936,0.0035999593319977,1
3235,1,3,284,10032__Node__3235,incoming,0.0,0.2371988535130529,0.00403645097798,3
3236,1,4,253,10034__Node__3236,incoming,0.0,0.2336869419216973,0.0028424708247791,4
3237,1,0,947,10003__Node__3237,incoming,0.0,0.2175024861486006,0.000164196921212,4
3239,3,1,762,10033__Node__3239,incoming,0.0001971425205421,0.2807628828167981,0.019778078314545,2
3241,2,7,142,10071__Node__3241,incoming,9.663390595554128e-05,0.2474143503555268,0.0022881644635582,4
3242,5,5,241,10020__Node__3242,incoming,0.001390600671335,0.2749147064104866,0.0134245522741309,4
3243,1,1,762,10033__Node__3243,incoming,0.0,0.2683610867659947,0.014091263555276,3
3245,1,44,29,10119__Node__3245,incoming,0.0,0.215588256002253,0.0001850518649942,4
3246,1,3,284,10032__Node__3246,incoming,0.0,0.2371988535130529,0.00403645097798,4
3247,1,23,61,10091__Node__3247,incoming,0.0,0.2436152438539263,0.000875839954476,3
3248,1,42,30,10162__Node__3248,outandin,0.0,0.225196734573803,7.613691296057906e-05,3
3249,1,43,30,10054__Node__3249,incoming,0.0,0.2427654007769761,0.0020143981155187,3
3250,1,36,37,10148__Node__3250,incoming,0.0,0.2353574173712528,0.0002356564880674,4
3251,1,47,29,10056__Node__3251,incoming,0.0,0.2167634149794705,0.0002799336754136,4
3252,1,43,30,10054__Node__3252,outandin,0.0,0.2427654007769761,0.0020143981155187,2
3253,2,6,144,10011__Node__3253,incoming,0.0004195924771556,0.2718394886363636,0.0143929226065702,4
3254,1,1,762,10033__Node__3254,incoming,0.0,0.2683610867659947,0.014091263555276,2
3255,2,11,116,10016__Node__3255,incoming,3.199120491013639e-05,0.253476821192053,0.0031430954640142,4
3256,4,4,253,10034__Node__3256,incoming,0.0006782630505492,0.2899346652779093,0.0234463039017698,3
3260,1,0,947,10003__Node__3260,incoming,0.0,0.2175024861486006,0.000164196921212,4
3261,1,27,52,10108__Node__3261,incoming,0.0,0.2191996563819886,0.000244376645587,4
3262,1,18,71,10147__Node__3262,incoming,0.0,0.2354117013915584,0.0002308032257257,2
3264,6,1,762,10033__Node__3264,outandin,0.0003754661391133,0.2893592893592893,0.0281240957092868,0
3265,1,0,947,10003__Node__3265,incoming,0.0,0.2175024861486006,0.000164196921212,4
3266,1,2,617,10007__Node__3266,incoming,0.0,0.2399874598322752,0.0026097371147464,4
3267,1,0,947,10003__Node__3267,incoming,0.0,0.2175024861486006,0.000164196921212,2
3271,3,5,241,10020__Node__3271,incoming,0.0002217392945317,0.2829421548697098,0.0237637567583311,4
3274,1,0,947,10003__Node__3274,incoming,0.0,0.2175024861486006,0.000164196921212,4
3275,1,0,947,10003__Node__3275,incoming,0.0,0.2175024861486006,0.000164196921212,4
3276,1,22,61,10025__Node__3276,outandin,0.0,0.2249320502460883,0.0009496431333218,3
3278,1,15,79,10017__Node__3278,incoming,0.0,0.2249485747869526,0.0012045680335147,3
3281,1,3,284,10032__Node__3281,incoming,0.0,0.2371988535130529,0.00403645097798,4
3283,1,34,40,10070__Node__3283,incoming,0.0,0.2273706096383753,7.384433686416915e-05,4
3284,6,4,253,10034__Node__3284,incoming,0.0002770443033318,0.2526819607195907,0.0135792486761408,4
3288,4,4,253,10034__Node__3288,incoming,0.0002786385504751,0.2779341018426068,0.0141888936077667,1
3292,2,6,144,10011__Node__3292,incoming,0.0004195924771556,0.2718394886363636,0.0143929226065702,4
3293,1,0,947,10003__Node__3293,incoming,0.0,0.2175024861486006,0.000164196921212,4
3295,3,39,34,10036__Node__3295,outandin,0.0005022921672045,0.2594915254237288,0.0052036993501787,0
3296,1,2,617,10007__Node__3296,incoming,0.0,0.2399874598322752,0.0026097371147464,4
3297,1,0,947,10003__Node__3297,incoming,0.0,0.2175024861486006,0.000164196921212,4
3298,2,17,75,10149__Node__3298,incoming,0.0003635579185529,0.2706142288996906,0.0144520934150607,4
3300,1,3,284,10032__Node__3300,incoming,0.0,0.2371988535130529,0.00403645097798,4
3302,2,37,37,10191__Node__3302,outandin,3.567249983617852e-05,0.2191525908960778,0.0002764593769987,1
3304,1,0,947,10003__Node__3304,incoming,0.0,0.2175024861486006,0.000164196921212,4
3305,5,3,284,10032__Node__3305,incoming,0.0001664401757513,0.2492064783917962,0.0110688626551471,4
3306,1,33,43,10088__Node__3306,incoming,0.0,0.2123734221112498,0.0001166819118451,4
3307,2,4,253,10034__Node__3307,incoming,2.757541724590199e-05,0.2367220718979513,0.0040470388582939,4
3308,2,2,617,10007__Node__3308,incoming,5.461457950978722e-05,0.2429965875724148,0.0033530448211858,4
3310,1,0,947,10003__Node__3310,incoming,0.0,0.2175024861486006,0.000164196921212,4
3314,1,4,253,10034__Node__3314,incoming,0.0,0.2336869419216973,0.0028424708247791,4
3316,3,32,43,10064__Node__3316,incoming,0.0001154538232109,0.2738084592685326,0.0199659025535463,4
3317,4,4,253,10034__Node__3317,incoming,0.0002248772748192,0.2715020393686824,0.0102234027845941,4
3319,1,4,253,10034__Node__3319,incoming,0.0,0.2336869419216973,0.0028424708247791,4
3321,3,1,762,10033__Node__3321,incoming,0.0001998471127244,0.2823160612207265,0.0189960769713564,2
3322,1,0,947,10003__Node__3322,incoming,0.0,0.2175024861486006,0.000164196921212,4
3325,1,0,947,10003__Node__3325,incoming,0.0,0.2175024861486006,0.000164196921212,4
3326,1,0,947,10003__Node__3326,incoming,0.0,0.2175024861486006,0.000164196921212,4
3327,1,0,947,10003__Node__3327,incoming,0.0,0.2175024861486006,0.000164196921212,4
3332,4,1,762,10033__Node__3332,incoming,0.0009910609910619,0.2791757840991977,0.0219089931801538,4
3333,2,2,617,10007__Node__3333,incoming,0.0001580641336142,0.2481562525326201,0.0054522079395255,4
3335,1,8,135,10039__Node__3335,incoming,0.0,0.2294320395624157,0.0024761185437346,4
3336,1,14,90,10077__Node__3336,incoming,0.0,0.2212747506865154,0.0008134803921311,4
3337,4,5,241,10020__Node__3337,incoming,0.0001367817437217,0.2480356419603078,0.0113103275560061,4
3338,1,2,617,10007__Node__3338,incoming,0.0,0.2399874598322752,0.0026097371147464,4
3339,1,2,617,10007__Node__3339,incoming,0.0,0.2399874598322752,0.0026097371147464,4
3341,3,19,64,10008__Node__3341,incoming,8.344232665123379e-05,0.2601750361118192,0.0053284947241286,1
3342,2,5,241,10020__Node__3342,incoming,0.0001462096216378,0.2789214793222809,0.018307547926324,4
3344,1,2,617,10007__Node__3344,incoming,0.0,0.2399874598322752,0.0026097371147464,4
3345,2,50,27,10019__Node__3345,outandin,7.337633282633553e-05,0.2530996858984956,0.005591783978037,2
3347,1,2,617,10007__Node__3347,incoming,0.0,0.2399874598322752,0.0026097371147464,4
3348,2,19,64,10008__Node__3348,incoming,1.929066180125086e-05,0.2401757000549062,0.0057033325487969,3
3349,1,0,947,10003__Node__3349,incoming,0.0,0.2175024861486006,0.000164196921212,2
3350,1,37,37,10191__Node__3350,incoming,0.0,0.2083418384704361,9.426528333245428e-05,2
3353,2,13,93,10073__Node__3353,incoming,1.3887641242574028e-05,0.2557848132988054,0.0064168250892131,4
3354,1,24,59,10053__Node__3354,incoming,0.0,0.2279630732578916,0.000898499345689,1
3355,1,9,134,10047__Node__3355,incoming,0.0,0.1764434712458223,8.12319243570349e-06,4
3356,3,8,135,10039__Node__3356,incoming,5.199928592348838e-05,0.2455887070901508,0.0093550403464938,3
3358,6,30,44,10026__Node__3358,incoming,0.0007205109340698,0.2699224259520451,0.0094585776580661,4
3359,1,0,947,10003__Node__3359,outandin,0.0,0.2175024861486006,0.000164196921212,3
3360,3,2,617,10007__Node__3360,outandin,0.0008184692706979,0.2717188747892448,0.0056910444667583,3
3361,9,3,284,10032__Node__3361,incoming,0.0031025146985543,0.3095117760032346,0.0225656486785807,3
3362,3,4,253,10034__Node__3362,incoming,7.751462659436891e-05,0.2459240221668942,0.0083659699805081,4
3363,1,2,617,10007__Node__3363,incoming,0.0,0.2399874598322752,0.0026097371147464,3
3364,1,60,24,10061__Node__3364,incoming,0.0,0.2101722836158967,6.867560595065936e-05,1
3365,4,5,241,10020__Node__3365,incoming,0.0005177612041297,0.2897700388000379,0.0221489944727037,4
3367,1,5,241,10020__Node__3367,incoming,0.0,0.237566917526573,0.0042162843710479,4
3368,1,0,947,10003__Node__3368,incoming,0.0,0.2175024861486006,0.000164196921212,4
3369,2,8,135,10039__Node__3369,incoming,1.4977051643351827e-05,0.2406097752632406,0.0065125695217147,4
3370,3,13,93,10073__Node__3370,incoming,3.2485198421746364e-05,0.2608843827213087,0.0086006688001606,2
3371,1,0,947,10003__Node__3371,incoming,0.0,0.2175024861486006,0.000164196921212,4
3372,3,10,121,10055__Node__3372,incoming,8.244362856103914e-05,0.2736371760500447,0.0204252430337753,4
3374,1,17,75,10149__Node__3374,incoming,0.0,0.2206210822105339,0.0003608298597847,4
3378,1,3,284,10032__Node__3378,incoming,0.0,0.2371988535130529,0.00403645097798,4
3379,1,1,762,10033__Node__3379,incoming,0.0,0.2683610867659947,0.014091263555276,4
3380,1,51,27,10066__Node__3380,incoming,0.0,0.2329225619960444,9.624503640716152e-05,1
3381,5,16,79,10093__Node__3381,incoming,0.0002006069055394,0.2710694050991501,0.0120778227930881,4
3382,4,4,253,10034__Node__3382,incoming,0.0001738967607968,0.2463791438686836,0.0095186378829239,4
3385,1,2,617,10007__Node__3385,incoming,0.0,0.2399874598322752,0.0026097371147464,4
3387,1,26,56,10177__Node__3387,incoming,0.0,0.2510865108651086,0.0027277114382451,4
3388,2,7,142,10071__Node__3388,incoming,9.663390595554128e-05,0.2474143503555268,0.0022881644635582,4
3389,1,23,61,10091__Node__3389,incoming,0.0,0.2436152438539263,0.000875839954476,4
3391,1,6,144,10011__Node__3391,incoming,0.0,0.2365209331067511,0.0003016590512941,4
3392,1,0,947,10003__Node__3392,incoming,0.0,0.2175024861486006,0.000164196921212,4
3393,2,2,617,10007__Node__3393,incoming,0.0007749913762437,0.2856076858502005,0.0167010006700224,4
3394,1,9,134,10047__Node__3394,outandin,0.0,0.1764434712458223,8.12319243570349e-06,0
3395,1,0,947,10003__Node__3395,incoming,0.0,0.2175024861486006,0.000164196921212,4
3398,2,23,61,10091__Node__3398,outandin,6.667454559342008e-05,0.2713817247186032,0.014967103509752,2
3399,5,1,762,10033__Node__3399,incoming,0.0002826956012916,0.2832824498103432,0.0274513456542451,4
3400,1,6,144,10011__Node__3400,incoming,0.0,0.2365209331067511,0.0003016590512941,4
3402,1,0,947,10003__Node__3402,incoming,0.0,0.2175024861486006,0.000164196921212,4
3403,1,5,241,10020__Node__3403,incoming,0.0,0.237566917526573,0.0042162843710479,4
3404,1,0,947,10003__Node__3404,incoming,0.0,0.2175024861486006,0.000164196921212,4
3405,1,41,31,10052__Node__3405,incoming,0.0,0.2213067360508817,0.0004428564671978,2
3406,3,1,762,10033__Node__3406,incoming,0.000144661403337,0.2711174074729945,0.015459336854861,4
3408,2,1,762,10033__Node__3408,incoming,1.9014069920422304e-05,0.272856888255213,0.0195474723872831,4
3409,1,7,142,10071__Node__3409,incoming,0.0,0.237843716016778,0.0002737663480395,3
3410,2,29,48,10051__Node__3410,outandin,7.878266047810105e-06,0.2574623728243504,0.0048882956265525,3
3411,1,0,947,10003__Node__3411,incoming,0.0,0.2175024861486006,0.000164196921212,2
3412,1,0,947,10003__Node__3412,incoming,0.0,0.2175024861486006,0.000164196921212,4
3413,1,0,947,10003__Node__3413,incoming,0.0,0.2175024861486006,0.000164196921212,4
3414,2,40,34,10041__Node__3414,incoming,1.820672723613729e-05,0.2271681875510052,0.0007933883511815,4
3415,2,29,48,10051__Node__3415,incoming,4.467211703889969e-05,0.2475743855109961,0.0018241263019878,4
3416,1,0,947,10003__Node__3416,incoming,0.0,0.2175024861486006,0.000164196921212,3
3418,1,1,762,10033__Node__3418,outandin,0.0,0.2683610867659947,0.014091263555276,1
3419,1,0,947,10003__Node__3419,incoming,0.0,0.2175024861486006,0.000164196921212,4
3421,1,39,34,10036__Node__3421,incoming,0.0,0.2151338438839317,0.0001115750246547,4
3422,1,0,947,10003__Node__3422,incoming,0.0,0.2175024861486006,0.000164196921212,4
3423,2,4,253,10034__Node__3423,incoming,8.423592907523475e-05,0.2637381567614126,0.0062602360631106,4
3424,1,0,947,10003__Node__3424,incoming,0.0,0.2175024861486006,0.000164196921212,4
3425,2,1,762,10033__Node__3425,incoming,1.9014069920422304e-05,0.272856888255213,0.0195474723872831,4
3426,1,3,284,10032__Node__3426,incoming,0.0,0.2371988535130529,0.00403645097798,4
3429,1,27,52,10108__Node__3429,incoming,0.0,0.2191996563819886,0.000244376645587,3
3430,1,2,617,10007__Node__3430,incoming,0.0,0.2399874598322752,0.0026097371147464,4
3431,1,21,62,10105__Node__3431,incoming,0.0,0.2154972200717854,0.0002096331976264,4
3432,1,0,947,10003__Node__3432,incoming,0.0,0.2175024861486006,0.000164196921212,4
3433,2,2,617,10007__Node__3433,incoming,0.0005074298320807,0.242151047844998,0.0028541137603334,3
3434,1,5,241,10020__Node__3434,incoming,0.0,0.237566917526573,0.0042162843710479,4
3436,2,14,90,10077__Node__3436,incoming,0.0001681338849437,0.2716465578424414,0.0149047439474071,4
3437,1,0,947,10003__Node__3437,incoming,0.0,0.2175024861486006,0.000164196921212,3
3438,1,3,284,10032__Node__3438,incoming,0.0,0.2371988535130529,0.00403645097798,4
3439,1,0,947,10003__Node__3439,incoming,0.0,0.2175024861486006,0.000164196921212,4
3440,2,54,25,10010__Node__3440,incoming,0.0001048636756687,0.2422468354430379,0.0005995719301822,3
3441,1,20,64,10087__Node__3441,incoming,0.0,0.1312529469758669,2.389934928079441e-08,4
3442,1,0,947,10003__Node__3442,incoming,0.0,0.2175024861486006,0.000164196921212,4
3443,2,26,56,10177__Node__3443,outandin,5.269534795206538e-05,0.27710407239819,0.0168189749935212,3
3445,1,5,241,10020__Node__3445,incoming,0.0,0.237566917526573,0.0042162843710479,3
3446,2,8,135,10039__Node__3446,outandin,2.672655926157661e-05,0.2533090668431502,0.0039466489319556,0
3447,1,25,57,10196__Node__3447,incoming,0.0,0.2230802855893923,0.0003535959137667,3
3448,2,4,253,10034__Node__3448,incoming,2.352474870298016e-05,0.2428616751269035,0.0068789218027592,4
3449,1,7,142,10071__Node__3449,incoming,0.0,0.237843716016778,0.0002737663480395,4
3451,2,8,135,10039__Node__3451,outandin,1.4977051643351827e-05,0.2406097752632406,0.0065125695217147,3
3452,2,14,90,10077__Node__3452,incoming,3.1286762892173274e-05,0.2477546727081479,0.0016893203466071,4
3454,3,10,121,10055__Node__3454,incoming,7.59423424727486e-05,0.2754092462673143,0.0213861331934921,3
3455,1,2,617,10007__Node__3455,incoming,0.0,0.2399874598322752,0.0026097371147464,4
3456,3,43,30,10054__Node__3456,incoming,0.0001040350949466,0.259535514493982,0.0073153244349022,4
3457,1,0,947,10003__Node__3457,incoming,0.0,0.2175024861486006,0.000164196921212,4
3459,1,2,617,10007__Node__3459,incoming,0.0,0.2399874598322752,0.0026097371147464,4
3461,1,2,617,10007__Node__3461,incoming,0.0,0.2399874598322752,0.0026097371147464,4
3462,1,14,90,10077__Node__3462,incoming,0.0,0.2212747506865154,0.0008134803921311,3
3463,2,11,116,10016__Node__3463,incoming,3.115683542897268e-05,0.236083269082498,0.0031657548552273,1
3465,3,10,121,10055__Node__3465,incoming,0.0001019675394,0.279201240083888,0.0239498993609775,3
3467,3,1,762,10033__Node__3467,incoming,0.0001141683525185,0.2741271262309758,0.0175927098485437,3
3468,2,14,90,10077__Node__3468,incoming,7.445821639035785e-05,0.2550179062213709,0.0035411918303763,4
3470,1,2,617,10007__Node__3470,incoming,0.0,0.2399874598322752,0.0026097371147464,4
3474,2,2,617,10007__Node__3474,incoming,5.461457950978722e-05,0.2429965875724148,0.0033530448211858,4
3475,1,6,144,10011__Node__3475,incoming,0.0,0.2365209331067511,0.0003016590512941,4
3476,3,8,135,10039__Node__3476,outandin,0.0001227807021914,0.2610623241538068,0.0056363884733766,0
3477,1,1,762,10033__Node__3477,incoming,0.0,0.2683610867659947,0.014091263555276,4
3478,6,54,25,10010__Node__3478,incoming,0.0012169805111036,0.2784902228285584,0.0123467944815003,3
3483,1,1,762,10033__Node__3483,incoming,0.0,0.2683610867659947,0.014091263555276,4
3486,2,2,617,10007__Node__3486,incoming,0.0001594221328562,0.2489633303520611,0.0070121640884408,4
3487,1,7,142,10071__Node__3487,incoming,0.0,0.237843716016778,0.0002737663480395,4
3488,1,10,121,10055__Node__3488,outandin,0.0,0.2524736147757256,0.0054562088320071,3
3489,1,2,617,10007__Node__3489,incoming,0.0,0.2399874598322752,0.0026097371147464,4
3490,3,57,25,10219__Node__3490,outandin,0.0003086068219938,0.2589429175475687,0.0052417400443676,2
3491,2,31,44,10065__Node__3491,outandin,3.1331148217968825e-05,0.2309548951576406,0.0021994906659937,2
3492,1,0,947,10003__Node__3492,incoming,0.0,0.2175024861486006,0.000164196921212,4
3493,1,0,947,10003__Node__3493,incoming,0.0,0.2175024861486006,0.000164196921212,4
3494,1,2,617,10007__Node__3494,incoming,0.0,0.2399874598322752,0.0026097371147464,4
3495,5,16,79,10093__Node__3495,incoming,0.000882526864171,0.2753349518928153,0.0121785726641977,4
3496,3,5,241,10020__Node__3496,incoming,7.3309902297215e-05,0.2652460152460152,0.0084145261975142,3
3498,1,17,75,10149__Node__3498,incoming,0.0,0.2206210822105339,0.0003608298597847,2
3499,1,42,30,10162__Node__3499,incoming,0.0,0.225196734573803,7.613691296057906e-05,4
3501,1,50,27,10019__Node__3501,incoming,0.0,0.2125060725935179,0.0001355751460299,4
3502,5,35,38,10037__Node__3502,incoming,0.0005536804085267,0.2672601902766867,0.0122252755802126,4
3504,3,27,52,10108__Node__3504,outandin,0.0001350250821854,0.2313912189223909,0.0013691268451941,3
3505,5,1,762,10033__Node__3505,incoming,0.0006376249685919,0.2888134314280324,0.0276701408322488,4
3506,1,1,762,10033__Node__3506,incoming,0.0,0.2683610867659947,0.014091263555276,4
3507,1,0,947,10003__Node__3507,incoming,0.0,0.2175024861486006,0.000164196921212,4
3508,1,2,617,10007__Node__3508,incoming,0.0,0.2399874598322752,0.0026097371147464,4
3511,2,40,34,10041__Node__3511,incoming,1.6635471000140385e-05,0.2349420701296708,0.0032750293161759,4
3512,1,0,947,10003__Node__3512,incoming,0.0,0.2175024861486006,0.000164196921212,4
3513,1,1,762,10033__Node__3513,incoming,0.0,0.2683610867659947,0.014091263555276,4
3515,1,1,762,10033__Node__3515,incoming,0.0,0.2683610867659947,0.014091263555276,4
3517,4,1,762,10033__Node__3517,incoming,0.000633117157242,0.2852086438152011,0.0210406119944639,4
3518,1,0,947,10003__Node__3518,incoming,0.0,0.2175024861486006,0.000164196921212,4
3519,1,0,947,10003__Node__3519,incoming,0.0,0.2175024861486006,0.000164196921212,4
3520,1,0,947,10003__Node__3520,incoming,0.0,0.2175024861486006,0.000164196921212,4
3521,2,2,617,10007__Node__3521,incoming,0.0001580641336142,0.2481562525326201,0.0054522079395255,2
3524,2,4,253,10034__Node__3524,incoming,1.349748557715658e-05,0.2390506674994144,0.0053185893685137,4
3525,1,36,37,10148__Node__3525,incoming,0.0,0.2353574173712528,0.0002356564880674,4
3527,1,0,947,10003__Node__3527,incoming,0.0,0.2175024861486006,0.000164196921212,4
3531,3,1,762,10033__Node__3531,incoming,7.478229917658741e-05,0.2715983679262019,0.0169834323172869,3
3532,2,37,37,10191__Node__3532,incoming,0.0001218085800138,0.2326040717107262,0.0001980980805611,1
3533,1,39,34,10036__Node__3533,incoming,0.0,0.2151338438839317,0.0001115750246547,4
3536,2,51,27,10066__Node__3536,incoming,0.0003553144568243,0.2697084471064916,0.0141875085916831,3
3538,3,4,253,10034__Node__3538,incoming,4.556353357209918e-05,0.2414826498422713,0.0062170887142028,3
3540,2,23,61,10091__Node__3540,incoming,0.0003785162140899,0.2480959325879112,0.0011496063025155,4
3541,1,33,43,10088__Node__3541,outandin,0.0,0.2123734221112498,0.0001166819118451,1
3543,1,14,90,10077__Node__3543,incoming,0.0,0.2212747506865154,0.0008134803921311,3
3546,1,0,947,10003__Node__3546,incoming,0.0,0.2175024861486006,0.000164196921212,4
3548,2,45,29,10031__Node__3548,outandin,7.0395771626048e-05,0.225811209439528,0.0009885874584164,2
3551,1,45,29,10031__Node__3551,outandin,0.0,0.2163651780667043,0.0001751070662853,2
3552,5,1,762,10033__Node__3552,incoming,0.0007960847462481,0.2927902084528591,0.0282650549962513,3
3553,1,46,29,10045__Node__3553,outandin,0.0,0.2200977573317999,0.000254847646932,0
3554,1,56,25,10030__Node__3554,incoming,0.0,0.21146408839779,0.0001623883675305,2
3557,2,55,25,10013__Node__3557,incoming,1.3085112138627918e-05,0.2223190299862049,0.0005961560278268,4
3559,1,1,762,10033__Node__3559,incoming,0.0,0.2683610867659947,0.014091263555276,3
3560,2,26,56,10177__Node__3560,incoming,5.269534795206538e-05,0.27710407239819,0.0168189749935212,3
3561,1,0,947,10003__Node__3561,incoming,0.0,0.2175024861486006,0.000164196921212,4
3562,1,7,142,10071__Node__3562,incoming,0.0,0.237843716016778,0.0002737663480395,4
3563,1,3,284,10032__Node__3563,incoming,0.0,0.2371988535130529,0.00403645097798,3
3564,1,2,617,10007__Node__3564,incoming,0.0,0.2399874598322752,0.0026097371147464,4
3565,1,2,617,10007__Node__3565,incoming,0.0,0.2399874598322752,0.0026097371147464,4
3567,3,3,284,10032__Node__3567,incoming,0.0003055928366877,0.2825765965300849,0.019966375339465,3
3568,1,11,116,10016__Node__3568,incoming,0.0,0.233224160255922,0.0022672555095382,4
3569,1,3,284,10032__Node__3569,incoming,0.0,0.2371988535130529,0.00403645097798,4
3570,1,12,115,10006__Node__3570,incoming,0.0,0.2240925058548009,0.0007433077064394,4
3571,1,0,947,10003__Node__3571,incoming,0.0,0.2175024861486006,0.000164196921212,4
3572,4,4,253,10034__Node__3572,incoming,0.0006782630505492,0.2899346652779093,0.0234463039017698,4
3574,1,30,44,10026__Node__3574,incoming,0.0,0.2175024861486006,0.0002270011766974,3
3575,5,4,253,10034__Node__3575,incoming,0.0007547210107648,0.2476544807505661,0.0096488094648149,4
3577,2,18,71,10147__Node__3577,incoming,2.013232017815538e-05,0.2388828210329224,0.0005107369011394,4
3578,1,60,24,10061__Node__3578,outandin,0.0,0.2101722836158967,6.867560595065936e-05,1
3580,2,2,617,10007__Node__3580,incoming,0.0001580641336142,0.2481562525326201,0.0054522079395255,4
3581,1,2,617,10007__Node__3581,incoming,0.0,0.2399874598322752,0.0026097371147464,4
3583,3,4,253,10034__Node__3583,incoming,6.29741452509655e-05,0.2459437751004016,0.0087175826089682,4
3584,2,24,59,10053__Node__3584,incoming,0.000108451759923,0.2575056765621057,0.0063547081776962,4
3586,3,28,49,10009__Node__3586,incoming,6.454684974164946e-05,0.257354177172634,0.0072836226118211,4
3589,4,31,44,10065__Node__3589,incoming,0.0001519969408993,0.2792521659826721,0.0223467494506981,4
3590,1,27,52,10108__Node__3590,incoming,0.0,0.2191996563819886,0.000244376645587,4
3592,1,0,947,10003__Node__3592,outandin,0.0,0.2175024861486006,0.000164196921212,3
3593,1,30,44,10026__Node__3593,incoming,0.0,0.2175024861486006,0.0002270011766974,4
3594,5,5,241,10020__Node__3594,incoming,0.0004243654116747,0.2726867931249443,0.0126457718279768,4
3595,1,9,134,10047__Node__3595,outandin,0.0,0.1764434712458223,8.12319243570349e-06,0
3597,1,38,35,10086__Node__3597,incoming,0.0,0.2153002390662354,0.0002172187740778,4
3598,2,10,121,10055__Node__3598,incoming,1.9014069920422304e-05,0.272856888255213,0.0195474723872831,4
3599,1,25,57,10196__Node__3599,incoming,0.0,0.2230802855893923,0.0003535959137667,4
3600,2,2,617,10007__Node__3600,incoming,5.461457950978722e-05,0.2429965875724148,0.0033530448211858,4
3604,2,50,27,10019__Node__3604,incoming,8.245262282100893e-05,0.2517471018663159,0.0028632865842751,4
3606,1,6,144,10011__Node__3606,incoming,0.0,0.2365209331067511,0.0003016590512941,4
3608,1,3,284,10032__Node__3608,incoming,0.0,0.2371988535130529,0.00403645097798,4
3609,1,4,253,10034__Node__3609,outandin,0.0,0.2336869419216973,0.0028424708247791,3
3610,1,5,241,10020__Node__3610,incoming,0.0,0.237566917526573,0.0042162843710479,4
3611,3,15,79,10017__Node__3611,incoming,6.6619799236279e-05,0.2425922991601964,0.0069079005823117,4
3612,5,59,24,10057__Node__3612,incoming,0.0002576877564273,0.2742744536008599,0.0127310261974007,4
3613,2,10,121,10055__Node__3613,incoming,5.8212518654121305e-06,0.255187932327694,0.0074706069475258,4
3614,1,0,947,10003__Node__3614,incoming,0.0,0.2175024861486006,0.000164196921212,3
3615,3,5,241,10020__Node__3615,outandin,9.809984339422426e-05,0.244022951864839,0.0073820392262753,3
3617,2,25,57,10196__Node__3617,incoming,9.204327786780429e-05,0.2466768710223153,0.0006273622618062,4
3619,1,61,24,10339__Node__3619,incoming,0.0,0.2061675195259897,9.513211784706468e-05,3
3620,5,12,115,10006__Node__3620,incoming,0.0003141536095574,0.250880786562884,0.0109968473986223,4
3621,2,1,762,10033__Node__3621,incoming,1.9014069920422304e-05,0.272856888255213,0.0195474723872831,3
3623,1,5,241,10020__Node__3623,incoming,0.0,0.237566917526573,0.0042162843710479,3
3624,2,36,37,10148__Node__3624,incoming,0.0001253437873659,0.242726912405866,0.0004800331336545,4
3625,4,4,253,10034__Node__3625,incoming,0.0001035187206084,0.2485187890593296,0.0111937011527028,4
3626,1,34,40,10070__Node__3626,incoming,0.0,0.2273706096383753,7.384433686416915e-05,4
3627,1,1,762,10033__Node__3627,incoming,0.0,0.2683610867659947,0.014091263555276,4
3631,1,5,241,10020__Node__3631,incoming,0.0,0.237566917526573,0.0042162843710479,4
3632,3,59,24,10057__Node__3632,incoming,4.26739507670869e-05,0.2413494127847402,0.0074850054461968,1
3634,1,5,241,10020__Node__3634,incoming,0.0,0.237566917526573,0.0042162843710479,4
3635,1,50,27,10019__Node__3635,incoming,0.0,0.2125060725935179,0.0001355751460299,4
3636,1,33,43,10088__Node__3636,incoming,0.0,0.2123734221112498,0.0001166819118451,4
3637,3,4,253,10034__Node__3637,outandin,0.0001080634442506,0.2431702668360864,0.0063142943678322,2
3639,1,2,617,10007__Node__3639,incoming,0.0,0.2399874598322752,0.0026097371147464,4
3640,1,3,284,10032__Node__3640,incoming,0.0,0.2371988535130529,0.00403645097798,4
3642,2,39,34,10036__Node__3642,incoming,0.0007528925987036,0.2411783238815374,0.0027213121394011,4
3643,2,11,116,10016__Node__3643,incoming,3.869155142151821e-05,0.2593596476367948,0.0077234643415453,4
3644,1,0,947,10003__Node__3644,incoming,0.0,0.2175024861486006,0.000164196921212,4
3646,1,0,947,10003__Node__3646,incoming,0.0,0.2175024861486006,0.000164196921212,2
3648,1,35,38,10037__Node__3648,incoming,0.0,0.2153759583597102,0.0001743830545354,4
3651,1,1,762,10033__Node__3651,incoming,0.0,0.2683610867659947,0.014091263555276,4
3652,1,1,762,10033__Node__3652,incoming,0.0,0.2683610867659947,0.014091263555276,4
3653,1,0,947,10003__Node__3653,incoming,0.0,0.2175024861486006,0.000164196921212,4
3654,1,9,134,10047__Node__3654,incoming,0.0,0.1764434712458223,8.12319243570349e-06,4
3655,1,9,134,10047__Node__3655,incoming,0.0,0.1764434712458223,8.12319243570349e-06,4
3657,1,2,617,10007__Node__3657,incoming,0.0,0.2399874598322752,0.0026097371147464,4
3658,2,2,617,10007__Node__3658,incoming,4.611461389513688e-05,0.2417686537702329,0.0034250600777106,4
3659,2,5,241,10020__Node__3659,incoming,2.109196554546504e-05,0.2576790372801481,0.005686814759269,4
3660,1,6,144,10011__Node__3660,incoming,0.0,0.2365209331067511,0.0003016590512941,4
3661,1,22,61,10025__Node__3661,outandin,0.0,0.2249320502460883,0.0009496431333218,0
3662,1,1,762,10033__Node__3662,incoming,0.0,0.2683610867659947,0.014091263555276,4
3664,1,2,617,10007__Node__3664,incoming,0.0,0.2399874598322752,0.0026097371147464,4
3666,2,28,49,10009__Node__3666,incoming,4.524087821338092e-05,0.2693051890941073,0.0149690342017682,4
3669,1,0,947,10003__Node__3669,incoming,0.0,0.2175024861486006,0.000164196921212,4
3670,3,8,135,10039__Node__3670,outandin,5.199928592348838e-05,0.2455887070901508,0.0093550403464938,1
3671,1,0,947,10003__Node__3671,incoming,0.0,0.2175024861486006,0.000164196921212,4
3673,1,0,947,10003__Node__3673,incoming,0.0,0.2175024861486006,0.000164196921212,4
3674,1,2,617,10007__Node__3674,incoming,0.0,0.2399874598322752,0.0026097371147464,4
3675,1,3,284,10032__Node__3675,incoming,0.0,0.2371988535130529,0.00403645097798,4
3676,1,27,52,10108__Node__3676,incoming,0.0,0.2191996563819886,0.000244376645587,4
3677,4,4,253,10034__Node__3677,incoming,0.0004129543275769,0.2728082679971489,0.01261506431018,4
3678,1,39,34,10036__Node__3678,incoming,0.0,0.2151338438839317,0.0001115750246547,3
3679,1,35,38,10037__Node__3679,incoming,0.0,0.2153759583597102,0.0001743830545354,4
3680,1,1,762,10033__Node__3680,incoming,0.0,0.2683610867659947,0.014091263555276,4
3682,3,29,48,10051__Node__3682,incoming,1.824209233280111e-05,0.260906612133606,0.0076160070647977,4
3684,1,3,284,10032__Node__3684,incoming,0.0,0.2371988535130529,0.00403645097798,4
3685,1,0,947,10003__Node__3685,incoming,0.0,0.2175024861486006,0.000164196921212,4
3686,2,5,241,10020__Node__3686,outandin,5.182447575752253e-05,0.2654529692241005,0.0076340496093794,3
3687,1,1,762,10033__Node__3687,incoming,0.0,0.2683610867659947,0.014091263555276,4
3688,1,35,38,10037__Node__3688,incoming,0.0,0.2153759583597102,0.0001743830545354,3
3689,1,5,241,10020__Node__3689,incoming,0.0,0.237566917526573,0.0042162843710479,4
3691,7,8,135,10039__Node__3691,incoming,0.0011113420336805,0.2551666666666666,0.012618083458822,1
3692,1,51,27,10066__Node__3692,incoming,0.0,0.2329225619960444,9.624503640716152e-05,3
3693,1,0,947,10003__Node__3693,incoming,0.0,0.2175024861486006,0.000164196921212,4
3694,5,25,57,10196__Node__3694,incoming,0.0007564421973389,0.2418450359371297,0.0050416142407489,4
3696,1,36,37,10148__Node__3696,incoming,0.0,0.2353574173712528,0.0002356564880674,4
3697,2,1,762,10033__Node__3697,incoming,0.0007749913762437,0.2856076858502005,0.0167010006700224,4
3698,2,8,135,10039__Node__3698,incoming,1.4977051643351827e-05,0.2406097752632406,0.0065125695217147,4
3699,3,4,253,10034__Node__3699,incoming,0.0001305434746208,0.2380471118712586,0.0042235683650464,4
3700,1,14,90,10077__Node__3700,incoming,0.0,0.2212747506865154,0.0008134803921311,4
3701,1,56,25,10030__Node__3701,incoming,0.0,0.21146408839779,0.0001623883675305,2
3702,5,8,135,10039__Node__3702,incoming,0.0007126063944979,0.2779593318809005,0.0134013539047307,3
3703,1,0,947,10003__Node__3703,incoming,0.0,0.2175024861486006,0.000164196921212,2
3704,1,0,947,10003__Node__3704,incoming,0.0,0.2175024861486006,0.000164196921212,4
3709,1,2,617,10007__Node__3709,incoming,0.0,0.2399874598322752,0.0026097371147464,4
3710,2,56,25,10030__Node__3710,incoming,0.0003727339310896,0.2698510619547017,0.0142536519228066,3
3711,6,17,75,10149__Node__3711,incoming,0.0019791778499801,0.2936606885969118,0.0254622220283169,4
3713,1,0,947,10003__Node__3713,incoming,0.0,0.2175024861486006,0.000164196921212,3
3714,3,23,61,10091__Node__3714,incoming,5.114076687365256e-05,0.2491861979166666,0.0021926472403822,3
3715,1,0,947,10003__Node__3715,incoming,0.0,0.2175024861486006,0.000164196921212,4
3716,4,61,24,10339__Node__3716,incoming,0.0007135860789167,0.2744219394156659,0.0170142741807729,2
3717,1,0,947,10003__Node__3717,incoming,0.0,0.2175024861486006,0.000164196921212,4
3718,1,2,617,10007__Node__3718,incoming,0.0,0.2399874598322752,0.0026097371147464,4
3719,2,0,947,10003__Node__3719,incoming,0.000664712073882,0.2530787668402347,0.0002604419576191,4
3720,3,1,762,10033__Node__3720,incoming,0.0001063123650442,0.2744957418198117,0.0204971155206049,4
3721,2,6,144,10011__Node__3721,incoming,0.0004504881151298,0.2456872342132713,0.0005754253993336,4
3722,2,1,762,10033__Node__3722,incoming,1.9014069920422304e-05,0.272856888255213,0.0195474723872831,4
3723,2,5,241,10020__Node__3723,outandin,2.0748828917021057e-05,0.2433248569612206,0.0086187113447423,3
3724,6,1,762,10033__Node__3724,incoming,0.0004347309028984,0.2910923091548626,0.0301973856777919,4
3725,3,15,79,10017__Node__3725,incoming,0.0003171389560834,0.2415969701751617,0.0056652290501498,4
3729,1,7,142,10071__Node__3729,incoming,0.0,0.237843716016778,0.0002737663480395,4
3730,1,1,762,10033__Node__3730,incoming,0.0,0.2683610867659947,0.014091263555276,4
3731,1,24,59,10053__Node__3731,incoming,0.0,0.2279630732578916,0.000898499345689,4
3732,3,1,762,10033__Node__3732,incoming,0.000122768459661,0.27020825979527,0.0153874643680313,4
3734,4,1,762,10033__Node__3734,incoming,0.0005646742633389,0.2897426192278576,0.0258511788748014,4
3739,1,0,947,10003__Node__3739,incoming,0.0,0.2175024861486006,0.000164196921212,4
3740,1,1,762,10033__Node__3740,outandin,0.0,0.2683610867659947,0.014091263555276,1
3741,1,0,947,10003__Node__3741,incoming,0.0,0.2175024861486006,0.000164196921212,4
3742,2,49,28,10153__Node__3742,incoming,2.2286636690274223e-05,0.2558275545158325,0.0038414465463796,4
3743,3,16,79,10093__Node__3743,incoming,7.373039001811588e-05,0.267938396919846,0.0116016855085837,3
3744,1,1,762,10033__Node__3744,incoming,0.0,0.2683610867659947,0.014091263555276,4
3746,1,59,24,10057__Node__3746,incoming,0.0,0.2220610631662919,0.0008153229629642,1
3747,2,0,947,10003__Node__3747,incoming,0.000664712073882,0.2530787668402347,0.0002604419576191,4
3748,2,38,35,10086__Node__3748,incoming,2.838684347926721e-05,0.2280649486071801,0.001032541737042,4
3749,1,41,31,10052__Node__3749,incoming,0.0,0.2213067360508817,0.0004428564671978,4
3750,1,14,90,10077__Node__3750,incoming,0.0,0.2212747506865154,0.0008134803921311,4
3751,1,1,762,10033__Node__3751,incoming,0.0,0.2683610867659947,0.014091263555276,4
3752,1,0,947,10003__Node__3752,incoming,0.0,0.2175024861486006,0.000164196921212,4
3753,2,4,253,10034__Node__3753,incoming,1.349748557715658e-05,0.2390506674994144,0.0053185893685137,4
3754,1,0,947,10003__Node__3754,incoming,0.0,0.2175024861486006,0.000164196921212,4
3757,1,5,241,10020__Node__3757,incoming,0.0,0.237566917526573,0.0042162843710479,4
3758,1,0,947,10003__Node__3758,incoming,0.0,0.2175024861486006,0.000164196921212,4
3763,1,5,241,10020__Node__3763,incoming,0.0,0.237566917526573,0.0042162843710479,4
3764,1,17,75,10149__Node__3764,incoming,0.0,0.2206210822105339,0.0003608298597847,4
3765,1,0,947,10003__Node__3765,incoming,0.0,0.2175024861486006,0.000164196921212,3
3766,1,44,29,10119__Node__3766,incoming,0.0,0.215588256002253,0.0001850518649942,3
3767,1,7,142,10071__Node__3767,incoming,0.0,0.237843716016778,0.0002737663480395,4
3768,2,5,241,10020__Node__3768,outandin,3.692626919999511e-05,0.2389014589997659,0.0046591408382458,2
3770,8,1,762,10033__Node__3770,incoming,0.0036476464413976,0.3037999801567616,0.0283568346292275,4
3771,1,14,90,10077__Node__3771,incoming,0.0,0.2212747506865154,0.0008134803921311,3
3772,2,32,43,10064__Node__3772,incoming,3.708025701289083e-05,0.2412923561859732,0.0012319105583942,4
3773,1,15,79,10017__Node__3773,incoming,0.0,0.2249485747869526,0.0012045680335147,4
3774,1,13,93,10073__Node__3774,incoming,0.0,0.2343666283964791,0.0044024269736943,3
3778,1,4,253,10034__Node__3778,incoming,0.0,0.2336869419216973,0.0028424708247791,4
3779,2,2,617,10007__Node__3779,outandin,0.0001594221328562,0.2489633303520611,0.0070121640884408,2
3780,1,6,144,10011__Node__3780,incoming,0.0,0.2365209331067511,0.0003016590512941,4
3781,3,43,30,10054__Node__3781,incoming,6.729487089004578e-05,0.2613519972686924,0.0097378624570641,1
3782,1,0,947,10003__Node__3782,incoming,0.0,0.2175024861486006,0.000164196921212,4
3785,1,12,115,10006__Node__3785,incoming,0.0,0.2240925058548009,0.0007433077064394,4
3786,1,10,121,10055__Node__3786,incoming,0.0,0.2524736147757256,0.0054562088320071,3
3787,1,0,947,10003__Node__3787,incoming,0.0,0.2175024861486006,0.000164196921212,4
3789,8,2,617,10007__Node__3789,incoming,0.0021653720036679,0.3062612522504501,0.0225564056365897,2
3790,1,1,762,10033__Node__3790,incoming,0.0,0.2683610867659947,0.014091263555276,4
3791,1,25,57,10196__Node__3791,incoming,0.0,0.2230802855893923,0.0003535959137667,4
3792,3,10,121,10055__Node__3792,incoming,5.739747768646593e-05,0.259249851833037,0.0082445127715379,4
3794,2,7,142,10071__Node__3794,incoming,0.0001245776653543,0.2411213481376486,0.0003680316313719,4
3795,5,31,44,10065__Node__3795,incoming,0.0001714615546438,0.2429194763982546,0.0070243066579153,3
3796,3,1,762,10033__Node__3796,incoming,0.0002598668950541,0.274176217765043,0.0198274060626968,4
3797,1,2,617,10007__Node__3797,incoming,0.0,0.2399874598322752,0.0026097371147464,3
3799,1,9,134,10047__Node__3799,incoming,0.0,0.1764434712458223,8.12319243570349e-06,4
3800,1,8,135,10039__Node__3800,incoming,0.0,0.2294320395624157,0.0024761185437346,4
3801,3,1,762,10033__Node__3801,incoming,0.000326294668035,0.2713336287106779,0.0152160137548831,3
3802,2,4,253,10034__Node__3802,incoming,2.352474870298016e-05,0.2428616751269035,0.0068789218027592,1
3803,1,2,617,10007__Node__3803,incoming,0.0,0.2399874598322752,0.0026097371147464,4
3804,3,31,44,10065__Node__3804,outandin,7.59423424727486e-05,0.2754092462673143,0.0213861331934921,2
3805,1,0,947,10003__Node__3805,incoming,0.0,0.2175024861486006,0.000164196921212,4
3807,1,3,284,10032__Node__3807,incoming,0.0,0.2371988535130529,0.00403645097798,4
3808,1,30,44,10026__Node__3808,incoming,0.0,0.2175024861486006,0.0002270011766974,4
3811,1,9,134,10047__Node__3811,incoming,0.0,0.1764434712458223,8.12319243570349e-06,3
3812,2,11,116,10016__Node__3812,incoming,1.3099787635006944e-05,0.2339726446091541,0.0025221031564703,3
3813,1,2,617,10007__Node__3813,outandin,0.0,0.2399874598322752,0.0026097371147464,2
3814,1,16,79,10093__Node__3814,incoming,0.0,0.2549329781034052,0.0034177652383314,2
3815,1,2,617,10007__Node__3815,incoming,0.0,0.2399874598322752,0.0026097371147464,4
3816,2,0,947,10003__Node__3816,incoming,0.0046212473014009,0.2597116200169635,0.0004379632692515,4
3817,1,2,617,10007__Node__3817,incoming,0.0,0.2399874598322752,0.0026097371147464,4
3818,2,2,617,10007__Node__3818,incoming,0.0006875644170128,0.2597116200169635,0.0026835814516105,4
3819,1,0,947,10003__Node__3819,incoming,0.0,0.2175024861486006,0.000164196921212,4
3820,1,0,947,10003__Node__3820,incoming,0.0,0.2175024861486006,0.000164196921212,4
3821,2,36,37,10148__Node__3821,incoming,6.057419631550378e-05,0.2464187992918075,0.0014402245215822,3
3823,3,1,762,10033__Node__3823,incoming,0.0001733338298555,0.2780602978568834,0.0172374051597843,4
3824,1,32,43,10064__Node__3824,incoming,0.0,0.2273706096383753,0.0004184301662631,3
3827,1,2,617,10007__Node__3827,incoming,0.0,0.2399874598322752,0.0026097371147464,4
3829,1,2,617,10007__Node__3829,incoming,0.0,0.2399874598322752,0.0026097371147464,4
3830,3,1,762,10033__Node__3830,incoming,0.0001063123650442,0.2744957418198117,0.0204971155206049,4
3831,3,28,49,10009__Node__3831,incoming,6.454684974164946e-05,0.257354177172634,0.0072836226118211,4
3832,5,17,75,10149__Node__3832,incoming,0.0013122103007405,0.2479352226720647,0.0071185461905165,4
3833,1,0,947,10003__Node__3833,incoming,0.0,0.2175024861486006,0.000164196921212,4
3835,1,28,49,10009__Node__3835,incoming,0.0,0.2181222396352757,0.0008777706464921,4
3836,1,0,947,10003__Node__3836,incoming,0.0,0.2175024861486006,0.000164196921212,4
3838,2,2,617,10007__Node__3838,outandin,0.0002980292885332,0.2714298377803386,0.0060275023530778,3
3839,4,13,93,10073__Node__3839,incoming,0.0001728828615201,0.2789468889496219,0.0207795438801557,2
3840,1,2,617,10007__Node__3840,incoming,0.0,0.2399874598322752,0.0026097371147464,4
3841,3,19,64,10008__Node__3841,incoming,0.0002192921130567,0.2750134722471708,0.0167828797665397,4
3842,4,32,43,10064__Node__3842,outandin,0.0008973426802764,0.2711654268508678,0.0147605634211561,0
3843,2,1,762,10033__Node__3843,incoming,6.219814621082156e-05,0.2702559576345984,0.0150409066885978,4
3844,1,0,947,10003__Node__3844,incoming,0.0,0.2175024861486006,0.000164196921212,4
3845,3,35,38,10037__Node__3845,incoming,0.0001562984110519,0.2373827428482828,0.0039286867418226,4
3846,1,0,947,10003__Node__3846,incoming,0.0,0.2175024861486006,0.000164196921212,4
3848,5,13,93,10073__Node__3848,incoming,0.000336592870111,0.2696134542572863,0.0120166544556887,3
3851,2,6,144,10011__Node__3851,incoming,0.0002356891144375,0.2454115572653682,0.0003979040877013,4
3852,4,40,34,10041__Node__3852,incoming,0.0001195571345902,0.2452150236245695,0.0084321761908604,4
3854,6,1,762,10033__Node__3854,incoming,0.0006643957361098,0.2891680045330059,0.0267069873114414,4
3855,1,14,90,10077__Node__3855,incoming,0.0,0.2212747506865154,0.0008134803921311,4
3857,1,12,115,10006__Node__3857,incoming,0.0,0.2240925058548009,0.0007433077064394,4
3858,6,1,762,10033__Node__3858,incoming,0.0023885569077727,0.3163876834056623,0.0296348676500386,4
3859,2,1,762,10033__Node__3859,incoming,1.9014069920422304e-05,0.272856888255213,0.0195474723872831,4
3860,1,54,25,10010__Node__3860,incoming,0.0,0.2197187141216992,0.0005033268937751,3
3861,1,12,115,10006__Node__3861,incoming,0.0,0.2240925058548009,0.0007433077064394,4
3862,3,1,762,10033__Node__3862,outandin,0.0002849522124614,0.2772295156179266,0.0175170252323325,3
3863,1,24,59,10053__Node__3863,incoming,0.0,0.2279630732578916,0.000898499345689,4
3864,1,1,762,10033__Node__3864,incoming,0.0,0.2683610867659947,0.014091263555276,4
3865,1,12,115,10006__Node__3865,incoming,0.0,0.2240925058548009,0.0007433077064394,4
3866,5,4,253,10034__Node__3866,incoming,0.0005887161581698,0.2621575342465753,0.0065474016147136,4
3869,1,2,617,10007__Node__3869,incoming,0.0,0.2399874598322752,0.0026097371147464,4
3870,1,0,947,10003__Node__3870,incoming,0.0,0.2175024861486006,0.000164196921212,4
3871,1,1,762,10033__Node__3871,incoming,0.0,0.2683610867659947,0.014091263555276,4
3872,1,60,24,10061__Node__3872,outandin,0.0,0.2101722836158967,6.867560595065936e-05,2
3873,6,16,79,10093__Node__3873,incoming,0.0006048763119511,0.2708536045997346,0.0104843920084081,4
3874,3,1,762,10033__Node__3874,incoming,0.0001971425205421,0.2807628828167981,0.019778078314545,4
3875,1,11,116,10016__Node__3875,outandin,0.0,0.233224160255922,0.0022672555095382,1
3877,2,43,30,10054__Node__3877,incoming,1.969371507751624e-05,0.2585056986070072,0.0054321633538502,4
3878,2,61,24,10339__Node__3878,incoming,4.93613479781492e-05,0.2245197242997507,0.0004559619776318,2
3879,1,20,64,10087__Node__3879,incoming,0.0,0.1312529469758669,2.389934928079441e-08,4
3880,2,11,116,10016__Node__3880,outandin,3.852428259362188e-05,0.2610623241538068,0.0056850207478697,3
3881,1,0,947,10003__Node__3881,incoming,0.0,0.2175024861486006,0.000164196921212,4
3884,1,3,284,10032__Node__3884,incoming,0.0,0.2371988535130529,0.00403645097798,1
3887,1,6,144,10011__Node__3887,incoming,0.0,0.2365209331067511,0.0003016590512941,4
3889,1,0,947,10003__Node__3889,incoming,0.0,0.2175024861486006,0.000164196921212,4
3890,3,47,29,10056__Node__3890,incoming,0.0002330439383822,0.2609288453344695,0.0074100720873532,4
3891,1,0,947,10003__Node__3891,incoming,0.0,0.2175024861486006,0.000164196921212,4
3893,1,0,947,10003__Node__3893,incoming,0.0,0.2175024861486006,0.000164196921212,3
3896,1,32,43,10064__Node__3896,outandin,0.0,0.2273706096383753,0.0004184301662631,1
3897,4,18,71,10147__Node__3897,outandin,0.0009452926808681,0.2829683023750115,0.0186515857835298,3
3898,1,58,24,10143__Node__3898,incoming,0.0,0.2170399773178338,0.0001821940936663,3
3899,1,1,762,10033__Node__3899,incoming,0.0,0.2683610867659947,0.014091263555276,3
3900,1,52,26,10139__Node__3900,incoming,0.0,0.2216912829423689,6.818956921190524e-05,4
3903,1,0,947,10003__Node__3903,incoming,0.0,0.2175024861486006,0.000164196921212,4
3904,1,0,947,10003__Node__3904,incoming,0.0,0.2175024861486006,0.000164196921212,4
3905,1,7,142,10071__Node__3905,incoming,0.0,0.237843716016778,0.0002737663480395,2
3906,1,8,135,10039__Node__3906,incoming,0.0,0.2294320395624157,0.0024761185437346,4
3907,1,0,947,10003__Node__3907,incoming,0.0,0.2175024861486006,0.000164196921212,3
3908,1,2,617,10007__Node__3908,incoming,0.0,0.2399874598322752,0.0026097371147464,4
3910,2,4,253,10034__Node__3910,outandin,0.0001796894824894,0.2397995144490563,0.0030694720014766,0
3911,1,10,121,10055__Node__3911,incoming,0.0,0.2524736147757256,0.0054562088320071,4
3912,5,29,48,10051__Node__3912,outandin,0.0003691985751828,0.2693051890941073,0.0094560797059708,2
3913,1,0,947,10003__Node__3913,incoming,0.0,0.2175024861486006,0.000164196921212,4
3914,4,19,64,10008__Node__3914,outandin,0.0010189504624335,0.2784142571376614,0.0176907388872734,1
3916,2,1,762,10033__Node__3916,incoming,1.9014069920422304e-05,0.272856888255213,0.0195474723872831,4
3918,3,2,617,10007__Node__3918,incoming,0.0006340416094257,0.2833086602516654,0.0100639533310579,4
3919,2,10,121,10055__Node__3919,incoming,1.9014069920422304e-05,0.272856888255213,0.0195474723872831,4
3921,2,46,29,10045__Node__3921,incoming,3.848159595920957e-05,0.2256947003759121,0.0004644808445584,4
3922,1,2,617,10007__Node__3922,incoming,0.0,0.2399874598322752,0.0026097371147464,4
3923,2,2,617,10007__Node__3923,incoming,5.461457950978722e-05,0.2429965875724148,0.0033530448211858,4
3925,4,11,116,10016__Node__3925,incoming,0.0003928039728922,0.28630201028518,0.0232370645822433,1
3927,2,1,762,10033__Node__3927,incoming,9.278977770165876e-05,0.2792776358993068,0.0175090287936074,4
3929,4,3,284,10032__Node__3929,incoming,0.0002783946075231,0.2732464751026236,0.0108288341057352,4
3931,1,4,253,10034__Node__3931,incoming,0.0,0.2336869419216973,0.0028424708247791,4
3932,1,5,241,10020__Node__3932,incoming,0.0,0.237566917526573,0.0042162843710479,4
3933,2,1,762,10033__Node__3933,incoming,0.0001681338849437,0.2716465578424414,0.0149047439474071,3
3934,1,7,142,10071__Node__3934,incoming,0.0,0.237843716016778,0.0002737663480395,4
3935,3,3,284,10032__Node__3935,incoming,0.0001779245770097,0.2701367445963828,0.0094686143318302,3
3936,1,41,31,10052__Node__3936,incoming,0.0,0.2213067360508817,0.0004428564671978,4
3937,1,27,52,10108__Node__3937,incoming,0.0,0.2191996563819886,0.000244376645587,4
3938,1,0,947,10003__Node__3938,incoming,0.0,0.2175024861486006,0.000164196921212,4
3944,4,1,762,10033__Node__3944,incoming,0.0003453486613973,0.2913970308336505,0.0254376863382635,2
3945,1,1,762,10033__Node__3945,incoming,0.0,0.2683610867659947,0.014091263555276,4
3947,1,5,241,10020__Node__3947,incoming,0.0,0.237566917526573,0.0042162843710479,4
3948,2,2,617,10007__Node__3948,incoming,0.000240068620874,0.2510041806705467,0.0066461880927264,4
3950,1,35,38,10037__Node__3950,outandin,0.0,0.2153759583597102,0.0001743830545354,3
3952,1,1,762,10033__Node__3952,incoming,0.0,0.2683610867659947,0.014091263555276,4
3954,2,56,25,10030__Node__3954,incoming,2.979151575628657e-05,0.2169323414806943,0.0002790702793757,3
3955,1,5,241,10020__Node__3955,incoming,0.0,0.237566917526573,0.0042162843710479,4
3956,1,2,617,10007__Node__3956,incoming,0.0,0.2399874598322752,0.0026097371147464,3
3957,1,22,61,10025__Node__3957,outandin,0.0,0.2249320502460883,0.0009496431333218,1
3959,1,46,29,10045__Node__3959,outandin,0.0,0.2200977573317999,0.000254847646932,0
3962,2,12,115,10006__Node__3962,outandin,5.133616210701521e-05,0.2368319282233738,0.0035857785312185,3
3963,1,5,241,10020__Node__3963,incoming,0.0,0.237566917526573,0.0042162843710479,4
3965,1,0,947,10003__Node__3965,incoming,0.0,0.2175024861486006,0.000164196921212,4
3966,1,0,947,10003__Node__3966,incoming,0.0,0.2175024861486006,0.000164196921212,4
3968,2,30,44,10026__Node__3968,incoming,0.0001775690996736,0.2350683248886841,0.0017140493544464,4
3969,1,7,142,10071__Node__3969,incoming,0.0,0.237843716016778,0.0002737663480395,4
3970,3,26,56,10177__Node__3970,incoming,3.488857089453841e-05,0.2603741496598639,0.0066488035703517,1
3971,3,25,57,10196__Node__3971,outandin,8.517371863389399e-05,0.229191616766467,0.0009708354355,0
3972,4,28,49,10009__Node__3972,incoming,0.0002634149785408,0.282159970512348,0.0204011975556184,4
3973,1,2,617,10007__Node__3973,incoming,0.0,0.2399874598322752,0.0026097371147464,4
3974,1,20,64,10087__Node__3974,incoming,0.0,0.1312529469758669,2.389934928079441e-08,4
3975,2,4,253,10034__Node__3975,incoming,8.423592907523475e-05,0.2637381567614126,0.0062602360631106,4
3976,1,2,617,10007__Node__3976,incoming,0.0,0.2399874598322752,0.0026097371147464,4
3977,6,4,253,10034__Node__3977,incoming,0.0015424380907371,0.295702559150169,0.0263623183492292,4
3978,1,0,947,10003__Node__3978,incoming,0.0,0.2175024861486006,0.000164196921212,4
3979,2,56,25,10030__Node__3979,incoming,0.0001038925428305,0.2559772613275372,0.003580153605862,2
3981,1,57,25,10219__Node__3981,outandin,0.0,0.227624145108534,7.581253999781134e-05,3
3982,2,19,64,10008__Node__3982,incoming,2.6860386895018563e-05,0.2476544807505661,0.0017227046658164,4
3984,1,6,144,10011__Node__3984,incoming,0.0,0.2365209331067511,0.0003016590512941,4
3985,1,0,947,10003__Node__3985,incoming,0.0,0.2175024861486006,0.000164196921212,4
3989,6,1,762,10033__Node__3989,incoming,0.0006264358932282,0.2975704567541302,0.0335983470858757,2
3990,2,54,25,10010__Node__3990,incoming,6.553965817842254e-06,0.2453525641025641,0.0019738572819961,4
3991,1,0,947,10003__Node__3991,incoming,0.0,0.2175024861486006,0.000164196921212,4
3992,4,16,79,10093__Node__3992,incoming,0.0002755368202804,0.2749640804597701,0.0135139397494347,4
3993,1,22,61,10025__Node__3993,incoming,0.0,0.2249320502460883,0.0009496431333218,4
3994,1,0,947,10003__Node__3994,incoming,0.0,0.2175024861486006,0.000164196921212,4
3995,1,0,947,10003__Node__3995,incoming,0.0,0.2175024861486006,0.000164196921212,3
3996,1,1,762,10033__Node__3996,incoming,0.0,0.2683610867659947,0.014091263555276,4
3997,3,4,253,10034__Node__3997,incoming,5.331071849900444e-05,0.2441396906394514,0.0076942447657234,4
3998,1,34,40,10070__Node__3998,incoming,0.0,0.2273706096383753,7.384433686416915e-05,4
3999,1,9,134,10047__Node__3999,incoming,0.0,0.1764434712458223,8.12319243570349e-06,2
4000,2,38,35,10086__Node__4000,incoming,3.645589296865439e-06,0.216594751361675,0.0003339006859229,4
4001,1,0,947,10003__Node__4001,incoming,0.0,0.2175024861486006,0.000164196921212,3
4002,2,1,762,10033__Node__4002,incoming,1.9014069920422304e-05,0.272856888255213,0.0195474723872831,4
4004,2,4,253,10034__Node__4004,incoming,5.6104338385262726e-05,0.2343845682792406,0.0029540458494338,2
4005,2,5,241,10020__Node__4005,incoming,6.992276531450556e-05,0.2470350947962888,0.008252735349028,4
4006,1,2,617,10007__Node__4006,incoming,0.0,0.2399874598322752,0.0026097371147464,4
4007,1,0,947,10003__Node__4007,incoming,0.0,0.2175024861486006,0.000164196921212,4
4010,1,2,617,10007__Node__4010,incoming,0.0,0.2399874598322752,0.0026097371147464,4
4012,1,32,43,10064__Node__4012,incoming,0.0,0.2273706096383753,0.0004184301662631,4
4013,1,17,75,10149__Node__4013,incoming,0.0,0.2206210822105339,0.0003608298597847,4
4014,1,0,947,10003__Node__4014,incoming,0.0,0.2175024861486006,0.000164196921212,4
4015,1,9,134,10047__Node__4015,incoming,0.0,0.1764434712458223,8.12319243570349e-06,4
4019,1,1,762,10033__Node__4019,incoming,0.0,0.2683610867659947,0.014091263555276,4
4021,1,41,31,10052__Node__4021,outandin,0.0,0.2213067360508817,0.0004428564671978,3
4022,2,23,61,10091__Node__4022,outandin,3.199120491013639e-05,0.253476821192053,0.0031430954640142,2
4023,1,23,61,10091__Node__4023,incoming,0.0,0.2436152438539263,0.000875839954476,2
4024,2,2,617,10007__Node__4024,incoming,0.0001300566236737,0.2459635312073259,0.005085855658481,4
4025,2,11,116,10016__Node__4025,incoming,2.466272065988632e-05,0.2415397964818174,0.0064835398805862,4
4029,1,4,253,10034__Node__4029,incoming,0.0,0.2336869419216973,0.0028424708247791,4
4031,1,5,241,10020__Node__4031,incoming,0.0,0.237566917526573,0.0042162843710479,4
4033,3,5,241,10020__Node__4033,outandin,8.769849127295542e-05,0.2696371961958436,0.0113464227829875,1
4035,3,11,116,10016__Node__4035,incoming,7.37377366557679e-05,0.2422660020571247,0.0067383875275183,4
4036,2,8,135,10039__Node__4036,incoming,3.4611772545125e-05,0.2347979449428724,0.003219426250174,4
4039,2,24,59,10053__Node__4039,incoming,3.115683542897268e-05,0.236083269082498,0.0031657548552273,4
4042,1,2,617,10007__Node__4042,incoming,0.0,0.2399874598322752,0.0026097371147464,4
4043,3,1,762,10033__Node__4043,incoming,0.0001019675394,0.279201240083888,0.0239498993609775,2
4045,4,26,56,10177__Node__4045,outandin,0.0002524161856321,0.2860612855007474,0.0227084501449645,3
4046,1,6,144,10011__Node__4046,incoming,0.0,0.2365209331067511,0.0003016590512941,3
4048,1,1,762,10033__Node__4048,outandin,0.0,0.2683610867659947,0.014091263555276,2
4049,3,30,44,10026__Node__4049,incoming,0.0004038508934564,0.2485591362935303,0.0006567340034247,3
4050,1,2,617,10007__Node__4050,incoming,0.0,0.2399874598322752,0.0026097371147464,4
4051,1,48,28,10014__Node__4051,incoming,0.0,0.162846354305164,3.088316361570195e-07,4
4052,1,0,947,10003__Node__4052,incoming,0.0,0.2175024861486006,0.000164196921212,4
4053,2,24,59,10053__Node__4053,incoming,1.1422832238532758e-05,0.2349961627014581,0.0033746178894237,4
4054,4,26,56,10177__Node__4054,incoming,0.0005816640953693,0.2680791455086674,0.0072921413845274,4
4055,6,7,142,10071__Node__4055,incoming,0.0062212293262015,0.3013779527559055,0.0255135543225715,2
4057,10,22,61,10025__Node__4057,incoming,0.001701054693023,0.3037397083622656,0.0370748236221823,4
4058,3,48,28,10014__Node__4058,incoming,0.004485570473846,0.2289516973231643,8.456893703243958e-05,3
4059,1,9,134,10047__Node__4059,incoming,0.0,0.1764434712458223,8.12319243570349e-06,4
4060,1,19,64,10008__Node__4060,incoming,0.0,0.229105873550318,0.0014870481777489,4
4061,1,20,64,10087__Node__4061,incoming,0.0,0.1312529469758669,2.389934928079441e-08,4
4064,1,2,617,10007__Node__4064,incoming,0.0,0.2399874598322752,0.0026097371147464,4
4065,1,16,79,10093__Node__4065,outandin,0.0,0.2549329781034052,0.0034177652383314,3
4066,3,3,284,10032__Node__4066,incoming,6.227538238430256e-05,0.244217578561174,0.0079996176994636,2
4067,1,0,947,10003__Node__4067,incoming,0.0,0.2175024861486006,0.000164196921212,4
4068,3,15,79,10017__Node__4068,incoming,0.0001881567185386,0.2746681019016864,0.0167663619770118,4
4069,1,2,617,10007__Node__4069,incoming,0.0,0.2399874598322752,0.0026097371147464,4
4070,1,0,947,10003__Node__4070,incoming,0.0,0.2175024861486006,0.000164196921212,4
4073,1,20,64,10087__Node__4073,incoming,0.0,0.1312529469758669,2.389934928079441e-08,4
4074,1,9,134,10047__Node__4074,outandin,0.0,0.1764434712458223,8.12319243570349e-06,0
4075,3,3,284,10032__Node__4075,outandin,0.0003055928366877,0.2825765965300849,0.019966375339465,3
4076,2,1,762,10033__Node__4076,incoming,0.0001462096216378,0.2789214793222809,0.018307547926324,3
4078,1,1,762,10033__Node__4078,incoming,0.0,0.2683610867659947,0.014091263555276,3
4079,1,45,29,10031__Node__4079,incoming,0.0,0.2163651780667043,0.0001751070662853,3
4080,1,8,135,10039__Node__4080,incoming,0.0,0.2294320395624157,0.0024761185437346,3
4082,1,0,947,10003__Node__4082,incoming,0.0,0.2175024861486006,0.000164196921212,3
4083,1,48,28,10014__Node__4083,incoming,0.0,0.162846354305164,3.088316361570195e-07,4
4084,1,9,134,10047__Node__4084,incoming,0.0,0.1764434712458223,8.12319243570349e-06,2
4085,2,1,762,10033__Node__4085,incoming,4.524087821338092e-05,0.2693051890941073,0.0149690342017682,4
4086,1,9,134,10047__Node__4086,outandin,0.0,0.1764434712458223,8.12319243570349e-06,3
4087,1,0,947,10003__Node__4087,incoming,0.0,0.2175024861486006,0.000164196921212,4
4089,1,0,947,10003__Node__4089,incoming,0.0,0.2175024861486006,0.000164196921212,4
4090,1,55,25,10013__Node__4090,incoming,0.0,0.2067103220144467,0.00016359753643,4
4091,1,0,947,10003__Node__4091,incoming,0.0,0.2175024861486006,0.000164196921212,4
4092,2,8,135,10039__Node__4092,incoming,1.1422832238532758e-05,0.2349961627014581,0.0033746178894237,4
4093,1,4,253,10034__Node__4093,incoming,0.0,0.2336869419216973,0.0028424708247791,4
4094,2,1,762,10033__Node__4094,incoming,6.070864224072986e-05,0.2693051890941073,0.0145096937215391,4
4096,1,1,762,10033__Node__4096,incoming,0.0,0.2683610867659947,0.014091263555276,4
4097,1,1,762,10033__Node__4097,incoming,0.0,0.2683610867659947,0.014091263555276,4
4098,3,10,121,10055__Node__4098,outandin,0.0001019675394,0.279201240083888,0.0239498993609775,3
4099,1,1,762,10033__Node__4099,incoming,0.0,0.2683610867659947,0.014091263555276,4
4100,2,2,617,10007__Node__4100,incoming,5.461457950978722e-05,0.2429965875724148,0.0033530448211858,4
4101,3,45,29,10031__Node__4101,incoming,9.327826695894669e-05,0.2320927764723717,0.0016345227467321,3
4102,1,7,142,10071__Node__4102,outandin,0.0,0.237843716016778,0.0002737663480395,3
4103,2,1,762,10033__Node__4103,incoming,6.219814621082156e-05,0.2702559576345984,0.0150409066885978,4
4104,1,44,29,10119__Node__4104,incoming,0.0,0.215588256002253,0.0001850518649942,3
4105,4,1,762,10033__Node__4105,incoming,0.0004130272585036,0.2837812789620018,0.0219194522060268,4
4106,1,9,134,10047__Node__4106,incoming,0.0,0.1764434712458223,8.12319243570349e-06,4
4107,2,11,116,10016__Node__4107,incoming,4.217117360853262e-05,0.2340799633055577,0.0024494496032045,4
4108,2,16,79,10093__Node__4108,outandin,5.420766786901448e-05,0.2620229334246106,0.005893883782066,2
4109,3,1,762,10033__Node__4109,incoming,7.59423424727486e-05,0.2754092462673143,0.0213861331934921,4
4112,3,47,29,10056__Node__4112,outandin,0.0002377233708565,0.2555499916541479,0.0033532077259185,1
4113,1,2,617,10007__Node__4113,incoming,0.0,0.2399874598322752,0.0026097371147464,4
4115,7,43,30,10054__Node__4115,outandin,0.0023441104126645,0.2832300434742392,0.0185298156512382,2
4116,1,0,947,10003__Node__4116,incoming,0.0,0.2175024861486006,0.000164196921212,4
4117,3,16,79,10093__Node__4117,incoming,0.0001600987700688,0.2573109243697479,0.004023640640046,4
4119,1,13,93,10073__Node__4119,outandin,0.0,0.2343666283964791,0.0044024269736943,2
4121,8,5,241,10020__Node__4121,incoming,0.0047123704343467,0.2710934041611332,0.0098534785933232,4
4125,1,2,617,10007__Node__4125,incoming,0.0,0.2399874598322752,0.0026097371147464,4
4127,5,10,121,10055__Node__4127,incoming,0.0010479997728861,0.2851024208566108,0.0143739492550797,3
4128,6,1,762,10033__Node__4128,outandin,0.0007769418083761,0.2923150357995226,0.0267195751935378,1
4129,1,2,617,10007__Node__4129,incoming,0.0,0.2399874598322752,0.0026097371147464,3
4131,2,32,43,10064__Node__4131,incoming,3.909815098605876e-05,0.2339190221543162,0.0004922745031273,4
4132,1,1,762,10033__Node__4132,incoming,0.0,0.2683610867659947,0.014091263555276,2
4133,2,19,64,10008__Node__4133,incoming,3.218102106032818e-05,0.2592937589973749,0.0049048134160804,3
4134,2,1,762,10033__Node__4134,outandin,4.524087821338092e-05,0.2693051890941073,0.0149690342017682,2
4135,1,1,762,10033__Node__4135,outandin,0.0,0.2683610867659947,0.014091263555276,1
4136,1,4,253,10034__Node__4136,incoming,0.0,0.2336869419216973,0.0028424708247791,4
4137,2,27,52,10108__Node__4137,incoming,7.51122122415316e-05,0.234420456285408,0.0025116321551253,4
4138,2,5,241,10020__Node__4138,incoming,4.228028730536554e-05,0.2402133835412253,0.005114783716737,4
4139,1,1,762,10033__Node__4139,incoming,0.0,0.2683610867659947,0.014091263555276,4
4140,1,2,617,10007__Node__4140,incoming,0.0,0.2399874598322752,0.0026097371147464,4
4141,1,6,144,10011__Node__4141,incoming,0.0,0.2365209331067511,0.0003016590512941,4
4142,1,34,40,10070__Node__4142,incoming,0.0,0.2273706096383753,7.384433686416915e-05,4
4143,1,0,947,10003__Node__4143,incoming,0.0,0.2175024861486006,0.000164196921212,4
4144,1,7,142,10071__Node__4144,incoming,0.0,0.237843716016778,0.0002737663480395,4
4145,1,42,30,10162__Node__4145,outandin,0.0,0.225196734573803,7.613691296057906e-05,0
4146,1,3,284,10032__Node__4146,incoming,0.0,0.2371988535130529,0.00403645097798,4
4147,1,9,134,10047__Node__4147,incoming,0.0,0.1764434712458223,8.12319243570349e-06,4
4149,2,31,44,10065__Node__4149,incoming,1.0272513370455112e-05,0.2517678013484624,0.0038530589217277,4
4151,1,6,144,10011__Node__4151,incoming,0.0,0.2365209331067511,0.0003016590512941,4
4152,1,6,144,10011__Node__4152,incoming,0.0,0.2365209331067511,0.0003016590512941,4
4155,1,0,947,10003__Node__4155,incoming,0.0,0.2175024861486006,0.000164196921212,4
4156,1,42,30,10162__Node__4156,outandin,0.0,0.225196734573803,7.613691296057906e-05,0
4157,1,2,617,10007__Node__4157,incoming,0.0,0.2399874598322752,0.0026097371147464,4
4159,2,1,762,10033__Node__4159,incoming,0.0002270689771101,0.2694710903810613,0.0142663706215613,4
4160,1,0,947,10003__Node__4160,incoming,0.0,0.2175024861486006,0.000164196921212,4
4164,1,0,947,10003__Node__4164,incoming,0.0,0.2175024861486006,0.000164196921212,4
4165,2,4,253,10034__Node__4165,incoming,2.352474870298016e-05,0.2428616751269035,0.0068789218027592,4
4166,2,18,71,10147__Node__4166,incoming,2.013232017815538e-05,0.2388828210329224,0.0005107369011394,4
4167,1,1,762,10033__Node__4167,outandin,0.0,0.2683610867659947,0.014091263555276,0
4168,2,3,284,10032__Node__4168,outandin,2.847461816859815e-05,0.2401003685407355,0.0049349503236691,2
4169,2,3,284,10032__Node__4169,incoming,0.000240068620874,0.2510041806705467,0.0066461880927264,4
4170,1,2,617,10007__Node__4170,incoming,0.0,0.2399874598322752,0.0026097371147464,4
4171,5,1,762,10033__Node__4171,incoming,0.0009613303173357,0.2957311184083446,0.024230043860925,4
4172,1,18,71,10147__Node__4172,incoming,0.0,0.2354117013915584,0.0002308032257257,4
4174,2,23,61,10091__Node__4174,incoming,1.679102535143733e-05,0.2486802566393243,0.0016911629174402,3
4175,1,20,64,10087__Node__4175,incoming,0.0,0.1312529469758669,2.389934928079441e-08,4
4177,2,4,253,10034__Node__4177,outandin,2.352474870298016e-05,0.2428616751269035,0.0068789218027592,3
4180,1,7,142,10071__Node__4180,incoming,0.0,0.237843716016778,0.0002737663480395,4
4182,1,37,37,10191__Node__4182,incoming,0.0,0.2083418384704361,9.426528333245428e-05,2
4183,2,10,121,10055__Node__4183,incoming,2.4208268945259237e-05,0.2616870352961285,0.0098586358057014,3
4184,1,0,947,10003__Node__4184,incoming,0.0,0.2175024861486006,0.000164196921212,4
4187,1,3,284,10032__Node__4187,incoming,0.0,0.2371988535130529,0.00403645097798,4
4189,1,2,617,10007__Node__4189,incoming,0.0,0.2399874598322752,0.0026097371147464,4
4192,1,1,762,10033__Node__4192,incoming,0.0,0.2683610867659947,0.014091263555276,1
4193,1,14,90,10077__Node__4193,incoming,0.0,0.2212747506865154,0.0008134803921311,3
4194,7,1,762,10033__Node__4194,incoming,0.0014176509640859,0.3032583935822521,0.0320295073737539,4
4196,1,0,947,10003__Node__4196,outandin,0.0,0.2175024861486006,0.000164196921212,3
4197,1,37,37,10191__Node__4197,incoming,0.0,0.2083418384704361,9.426528333245428e-05,3
4198,3,1,762,10033__Node__4198,incoming,0.0001100060534664,0.277631698250068,0.0203323513351793,3
4199,1,4,253,10034__Node__4199,incoming,0.0,0.2336869419216973,0.0028424708247791,4
4200,1,0,947,10003__Node__4200,incoming,0.0,0.2175024861486006,0.000164196921212,4
4201,1,0,947,10003__Node__4201,incoming,0.0,0.2175024861486006,0.000164196921212,4
4202,1,11,116,10016__Node__4202,incoming,0.0,0.233224160255922,0.0022672555095382,4
4204,1,2,617,10007__Node__4204,incoming,0.0,0.2399874598322752,0.0026097371147464,3
4205,5,10,121,10055__Node__4205,outandin,0.0003170845133312,0.2896055991676913,0.0293820627148277,3
4206,1,14,90,10077__Node__4206,incoming,0.0,0.2212747506865154,0.0008134803921311,4
4208,1,2,617,10007__Node__4208,incoming,0.0,0.2399874598322752,0.0026097371147464,4
4209,2,4,253,10034__Node__4209,incoming,5.48554613184322e-05,0.2367586793474058,0.0031960667385458,4
4211,1,6,144,10011__Node__4211,incoming,0.0,0.2365209331067511,0.0003016590512941,3
4213,1,0,947,10003__Node__4213,incoming,0.0,0.2175024861486006,0.000164196921212,4
4215,2,33,43,10088__Node__4215,incoming,3.645589296865439e-06,0.216594751361675,0.0003339006859229,3
4217,1,19,64,10008__Node__4217,incoming,0.0,0.229105873550318,0.0014870481777489,4
4218,1,0,947,10003__Node__4218,incoming,0.0,0.2175024861486006,0.000164196921212,4
4219,2,35,38,10037__Node__4219,outandin,1.518152545672322e-05,0.2197187141216992,0.0004543167299491,3
4220,3,10,121,10055__Node__4220,outandin,0.0001192571110754,0.2654299583911234,0.0092976553783868,1
4221,1,13,93,10073__Node__4221,incoming,0.0,0.2343666283964791,0.0044024269736943,4
4222,3,4,253,10034__Node__4222,incoming,0.0004062529435782,0.2881339983062012,0.0203514996183866,3
4223,5,1,762,10033__Node__4223,incoming,0.001030230014855,0.3004611912471789,0.0306426785610903,4
4224,1,7,142,10071__Node__4224,incoming,0.0,0.237843716016778,0.0002737663480395,4
4225,1,0,947,10003__Node__4225,incoming,0.0,0.2175024861486006,0.000164196921212,4
4227,1,32,43,10064__Node__4227,incoming,0.0,0.2273706096383753,0.0004184301662631,4
4229,1,3,284,10032__Node__4229,incoming,0.0,0.2371988535130529,0.00403645097798,3
4230,1,6,144,10011__Node__4230,incoming,0.0,0.2365209331067511,0.0003016590512941,4
4231,2,1,762,10033__Node__4231,incoming,1.9014069920422304e-05,0.272856888255213,0.0195474723872831,4
4233,1,20,64,10087__Node__4233,incoming,0.0,0.1312529469758669,2.389934928079441e-08,4
4235,1,3,284,10032__Node__4235,incoming,0.0,0.2371988535130529,0.00403645097798,4
4236,2,18,71,10147__Node__4236,outandin,2.013232017815538e-05,0.2388828210329224,0.0005107369011394,3
4238,4,32,43,10064__Node__4238,outandin,0.0012144949677433,0.2877549102527958,0.0213886155242984,2
4239,1,27,52,10108__Node__4239,incoming,0.0,0.2191996563819886,0.000244376645587,2
4240,4,23,61,10091__Node__4240,incoming,0.0004125847282326,0.2760050477735713,0.0205588874877891,3
4241,3,12,115,10006__Node__4241,incoming,7.890278304402552e-05,0.2393309363764264,0.005058087056383,4
4242,2,1,762,10033__Node__4242,incoming,1.9014069920422304e-05,0.272856888255213,0.0195474723872831,4
4245,3,2,617,10007__Node__4245,incoming,0.0001889182641574,0.2445101014133993,0.0037856033125826,4
4247,1,2,617,10007__Node__4247,incoming,0.0,0.2399874598322752,0.0026097371147464,4
4248,4,16,79,10093__Node__4248,incoming,0.0002227551061672,0.2768034713433375,0.0145125951268084,4
4249,1,1,762,10033__Node__4249,incoming,0.0,0.2683610867659947,0.014091263555276,4
4251,1,0,947,10003__Node__4251,incoming,0.0,0.2175024861486006,0.000164196921212,4
4252,2,11,116,10016__Node__4252,outandin,0.000107024471334,0.2512513333880364,0.002343068049536,2
4254,1,2,617,10007__Node__4254,incoming,0.0,0.2399874598322752,0.0026097371147464,4
4255,3,8,135,10039__Node__4255,incoming,5.199928592348838e-05,0.2455887070901508,0.0093550403464938,4
4257,1,0,947,10003__Node__4257,incoming,0.0,0.2175024861486006,0.000164196921212,4
4259,2,1,762,10033__Node__4259,incoming,1.9014069920422304e-05,0.272856888255213,0.0195474723872831,4
4260,1,0,947,10003__Node__4260,incoming,0.0,0.2175024861486006,0.000164196921212,4
4261,2,2,617,10007__Node__4261,incoming,0.0001594221328562,0.2489633303520611,0.0070121640884408,3
4262,2,9,134,10047__Node__4262,incoming,4.456545452564894e-05,0.1766572434085271,8.432024071860509e-06,2
4264,1,33,43,10088__Node__4264,incoming,0.0,0.2123734221112498,0.0001166819118451,4
4265,2,5,241,10020__Node__4265,incoming,8.47119151229738e-05,0.2384549489915115,0.0043913914373332,2
4267,1,11,116,10016__Node__4267,incoming,0.0,0.233224160255922,0.0022672555095382,4
4269,1,0,947,10003__Node__4269,incoming,0.0,0.2175024861486006,0.000164196921212,3
4270,3,13,93,10073__Node__4270,incoming,7.280694598102749e-05,0.2659140251845419,0.0093072403897747,4
4273,1,0,947,10003__Node__4273,incoming,0.0,0.2175024861486006,0.000164196921212,4
4275,3,1,762,10033__Node__4275,incoming,9.84834997526299e-05,0.281356243682808,0.0222751838255283,4
4276,1,2,617,10007__Node__4276,incoming,0.0,0.2399874598322752,0.0026097371147464,4
4277,1,9,134,10047__Node__4277,incoming,0.0,0.1764434712458223,8.12319243570349e-06,3
4279,2,14,90,10077__Node__4279,incoming,3.522502175141427e-05,0.2473543905000403,0.0028278785076498,3
4280,1,45,29,10031__Node__4280,incoming,0.0,0.2163651780667043,0.0001751070662853,3
4281,2,14,90,10077__Node__4281,incoming,9.016985873904356e-05,0.2404586147322129,0.0050297647631791,4
4282,1,48,28,10014__Node__4282,incoming,0.0,0.162846354305164,3.088316361570195e-07,4
4284,1,2,617,10007__Node__4284,incoming,0.0,0.2399874598322752,0.0026097371147464,4
4285,5,5,241,10020__Node__4285,incoming,0.0003867866871904,0.2675637888850052,0.0096433906154144,4
4286,3,4,253,10034__Node__4286,incoming,0.0001207984508431,0.2466371325010068,0.0079572545415162,4
4288,1,0,947,10003__Node__4288,incoming,0.0,0.2175024861486006,0.000164196921212,4
4292,1,1,762,10033__Node__4292,incoming,0.0,0.2683610867659947,0.014091263555276,1
4295,2,40,34,10041__Node__4295,incoming,0.0001136081611653,0.2420744722902996,0.0030422956061432,4
4298,1,0,947,10003__Node__4298,incoming,0.0,0.2175024861486006,0.000164196921212,4
4299,1,0,947,10003__Node__4299,incoming,0.0,0.2175024861486006,0.000164196921212,4
4300,1,7,142,10071__Node__4300,incoming,0.0,0.237843716016778,0.0002737663480395,4
4302,1,1,762,10033__Node__4302,incoming,0.0,0.2683610867659947,0.014091263555276,4
4303,1,20,64,10087__Node__4303,incoming,0.0,0.1312529469758669,2.389934928079441e-08,4
4304,3,10,121,10055__Node__4304,incoming,9.84834997526299e-05,0.281356243682808,0.0222751838255283,4
4305,1,4,253,10034__Node__4305,incoming,0.0,0.2336869419216973,0.0028424708247791,4
4307,1,0,947,10003__Node__4307,incoming,0.0,0.2175024861486006,0.000164196921212,4
4308,1,0,947,10003__Node__4308,incoming,0.0,0.2175024861486006,0.000164196921212,4
4309,1,43,30,10054__Node__4309,incoming,0.0,0.2427654007769761,0.0020143981155187,4
4310,1,2,617,10007__Node__4310,incoming,0.0,0.2399874598322752,0.0026097371147464,4
4312,1,25,57,10196__Node__4312,incoming,0.0,0.2230802855893923,0.0003535959137667,4
4313,1,1,762,10033__Node__4313,outandin,0.0,0.2683610867659947,0.014091263555276,2
4315,1,2,617,10007__Node__4315,incoming,0.0,0.2399874598322752,0.0026097371147464,4
4317,1,45,29,10031__Node__4317,outandin,0.0,0.2163651780667043,0.0001751070662853,1
4318,1,5,241,10020__Node__4318,incoming,0.0,0.237566917526573,0.0042162843710479,3
4320,1,7,142,10071__Node__4320,incoming,0.0,0.237843716016778,0.0002737663480395,4
4321,3,27,52,10108__Node__4321,incoming,0.0003603712067674,0.2716465578424414,0.0152852833341849,4
4325,3,19,64,10008__Node__4325,incoming,0.0006775193724784,0.2756075607560756,0.0158799707843191,4
4326,1,20,64,10087__Node__4326,incoming,0.0,0.1312529469758669,2.389934928079441e-08,4
4327,1,1,762,10033__Node__4327,incoming,0.0,0.2683610867659947,0.014091263555276,4
4329,1,1,762,10033__Node__4329,incoming,0.0,0.2683610867659947,0.014091263555276,4
4331,2,10,121,10055__Node__4331,incoming,1.7981716736169336e-05,0.25559265442404,0.0062715317949713,2
4333,1,6,144,10011__Node__4333,incoming,0.0,0.2365209331067511,0.0003016590512941,4
4337,1,2,617,10007__Node__4337,incoming,0.0,0.2399874598322752,0.0026097371147464,4
4339,2,1,762,10033__Node__4339,incoming,5.269534795206538e-05,0.27710407239819,0.0168189749935212,4
4340,1,2,617,10007__Node__4340,incoming,0.0,0.2399874598322752,0.0026097371147464,4
4342,2,2,617,10007__Node__4342,incoming,8.88567449667529e-05,0.2445686900958466,0.0044483979209554,4
4345,2,1,762,10033__Node__4345,incoming,0.0003010210590602,0.272832575960082,0.0148345712617154,2
4346,7,2,617,10007__Node__4346,incoming,0.001530759252699,0.2880797817292313,0.0124153853319917,4
4348,1,2,617,10007__Node__4348,incoming,0.0,0.2399874598322752,0.0026097371147464,4
4350,1,13,93,10073__Node__4350,incoming,0.0,0.2343666283964791,0.0044024269736943,4
4351,1,40,34,10041__Node__4351,incoming,0.0,0.2210989963174236,0.0004325584913967,4
4352,1,2,617,10007__Node__4352,incoming,0.0,0.2399874598322752,0.0026097371147464,4
4354,1,46,29,10045__Node__4354,outandin,0.0,0.2200977573317999,0.000254847646932,0
4355,1,2,617,10007__Node__4355,incoming,0.0,0.2399874598322752,0.0026097371147464,4
4356,1,2,617,10007__Node__4356,incoming,0.0,0.2399874598322752,0.0026097371147464,4
4357,1,0,947,10003__Node__4357,outandin,0.0,0.2175024861486006,0.000164196921212,1
4359,1,2,617,10007__Node__4359,incoming,0.0,0.2399874598322752,0.0026097371147464,4
4360,1,0,947,10003__Node__4360,incoming,0.0,0.2175024861486006,0.000164196921212,4
4361,1,27,52,10108__Node__4361,outandin,0.0,0.2191996563819886,0.000244376645587,3
4362,1,8,135,10039__Node__4362,outandin,0.0,0.2294320395624157,0.0024761185437346,2
4364,3,31,44,10065__Node__4364,incoming,4.451088485194571e-05,0.2545303408146301,0.0047288988762037,4
4365,1,0,947,10003__Node__4365,incoming,0.0,0.2175024861486006,0.000164196921212,4
4367,1,14,90,10077__Node__4367,incoming,0.0,0.2212747506865154,0.0008134803921311,4
4368,1,1,762,10033__Node__4368,incoming,0.0,0.2683610867659947,0.014091263555276,4
4370,1,7,142,10071__Node__4370,incoming,0.0,0.237843716016778,0.0002737663480395,4
4371,2,10,121,10055__Node__4371,outandin,6.773574068986296e-05,0.2564489112227806,0.0062696892241382,3
4372,1,2,617,10007__Node__4372,incoming,0.0,0.2399874598322752,0.0026097371147464,1
4373,3,3,284,10032__Node__4373,incoming,0.000183416550081,0.2420170723996206,0.0054186526026987,4
4375,2,46,29,10045__Node__4375,outandin,4.83521501675567e-05,0.236083269082498,0.0030973184717112,0
4376,1,35,38,10037__Node__4376,incoming,0.0,0.2153759583597102,0.0001743830545354,4
4377,3,1,762,10033__Node__4377,incoming,0.0002332252973814,0.279405055205767,0.0220235909310177,2
4378,2,54,25,10010__Node__4378,incoming,1.4950745210355967e-05,0.2543189368770764,0.0059595357257822,4
4380,2,12,115,10006__Node__4380,outandin,0.0001807251039877,0.2510659232535257,0.0016191476609154,2
4381,1,2,617,10007__Node__4381,incoming,0.0,0.2399874598322752,0.0026097371147464,4
4382,3,2,617,10007__Node__4382,incoming,0.0009931587096344,0.2925664055035352,0.0211034276437168,4
4385,1,1,762,10033__Node__4385,incoming,0.0,0.2683610867659947,0.014091263555276,2
4387,1,0,947,10003__Node__4387,incoming,0.0,0.2175024861486006,0.000164196921212,3
4388,1,0,947,10003__Node__4388,incoming,0.0,0.2175024861486006,0.000164196921212,4
4389,1,58,24,10143__Node__4389,outandin,0.0,0.2170399773178338,0.0001821940936663,1
4390,2,32,43,10064__Node__4390,incoming,6.070864224072986e-05,0.2693051890941073,0.0145096937215391,3
4392,1,45,29,10031__Node__4392,incoming,0.0,0.2163651780667043,0.0001751070662853,3
4394,1,0,947,10003__Node__4394,incoming,0.0,0.2175024861486006,0.000164196921212,4
4395,4,1,762,10033__Node__4395,incoming,0.0001395071653278,0.2802745995423341,0.0259642974764962,4
4398,1,44,29,10119__Node__4398,incoming,0.0,0.215588256002253,0.0001850518649942,3
4399,1,7,142,10071__Node__4399,incoming,0.0,0.237843716016778,0.0002737663480395,4
4400,1,34,40,10070__Node__4400,incoming,0.0,0.2273706096383753,7.384433686416915e-05,4
4401,1,0,947,10003__Node__4401,incoming,0.0,0.2175024861486006,0.000164196921212,4
4403,1,7,142,10071__Node__4403,incoming,0.0,0.237843716016778,0.0002737663480395,4
4404,1,5,241,10020__Node__4404,incoming,0.0,0.237566917526573,0.0042162843710479,4
4405,1,0,947,10003__Node__4405,incoming,0.0,0.2175024861486006,0.000164196921212,4
4407,2,2,617,10007__Node__4407,incoming,0.0003228029418517,0.2418068388217642,0.0028269558888242,4
4408,1,0,947,10003__Node__4408,incoming,0.0,0.2175024861486006,0.000164196921212,4
4409,3,56,25,10030__Node__4409,incoming,7.483844050940341e-05,0.2413684376478007,0.002935723018707,2
4411,1,0,947,10003__Node__4411,outandin,0.0,0.2175024861486006,0.000164196921212,3
4412,2,2,617,10007__Node__4412,incoming,0.0001136081611653,0.2420744722902996,0.0030422956061432,2
4415,1,14,90,10077__Node__4415,incoming,0.0,0.2212747506865154,0.0008134803921311,4
4416,1,2,617,10007__Node__4416,incoming,0.0,0.2399874598322752,0.0026097371147464,4
4417,1,27,52,10108__Node__4417,incoming,0.0,0.2191996563819886,0.000244376645587,4
4418,1,6,144,10011__Node__4418,incoming,0.0,0.2365209331067511,0.0003016590512941,3
4420,1,7,142,10071__Node__4420,incoming,0.0,0.237843716016778,0.0002737663480395,4
4421,1,59,24,10057__Node__4421,outandin,0.0,0.2220610631662919,0.0008153229629642,0
4422,1,27,52,10108__Node__4422,incoming,0.0,0.2191996563819886,0.000244376645587,4
4423,4,4,253,10034__Node__4423,incoming,0.0005588891098838,0.2714057791171778,0.0101996104134161,2
4424,1,47,29,10056__Node__4424,incoming,0.0,0.2167634149794705,0.0002799336754136,4
4425,1,2,617,10007__Node__4425,incoming,0.0,0.2399874598322752,0.0026097371147464,4
4426,3,4,253,10034__Node__4426,incoming,0.0001242401483379,0.240156862745098,0.0055985230439274,4
4428,2,46,29,10045__Node__4428,outandin,1.694592440241363e-05,0.2309548951576406,0.0014594156804468,1
4431,2,34,40,10070__Node__4431,incoming,0.0005265996970746,0.2695897164993837,0.0141651078921401,4
4433,2,1,762,10033__Node__4433,incoming,0.000378411866955,0.2707578035193209,0.0143220667810017,4
4436,1,2,617,10007__Node__4436,incoming,0.0,0.2399874598322752,0.0026097371147464,4
4437,4,3,284,10032__Node__4437,incoming,0.0002346785509431,0.2453918897259176,0.0082795513748773,4
4439,3,19,64,10008__Node__4439,incoming,0.0001241290631249,0.2762789858341604,0.021034520565032,3
4440,4,12,115,10006__Node__4440,incoming,0.0002116217089751,0.2290201944652206,0.0012395967598929,4
4442,2,3,284,10032__Node__4442,incoming,3.581664649938214e-05,0.2388641859739449,0.0044793074451779,4
4444,3,5,241,10020__Node__4444,incoming,0.0001518562752552,0.2672368650724385,0.0080666081007762,4
4445,1,44,29,10119__Node__4445,incoming,0.0,0.215588256002253,0.0001850518649942,3
4446,1,15,79,10017__Node__4446,incoming,0.0,0.2249485747869526,0.0012045680335147,4
4447,1,2,617,10007__Node__4447,incoming,0.0,0.2399874598322752,0.0026097371147464,4
4448,4,31,44,10065__Node__4448,incoming,7.054304241496524e-05,0.2648330738626535,0.0104393296063696,3
4450,1,1,762,10033__Node__4450,incoming,0.0,0.2683610867659947,0.014091263555276,3
4452,2,16,79,10093__Node__4452,incoming,9.594370001841616e-05,0.2670737025730484,0.0074542162163115,3
4453,1,0,947,10003__Node__4453,outandin,0.0,0.2175024861486006,0.000164196921212,2
4455,1,27,52,10108__Node__4455,incoming,0.0,0.2191996563819886,0.000244376645587,4
4456,1,0,947,10003__Node__4456,incoming,0.0,0.2175024861486006,0.000164196921212,4
4457,2,1,762,10033__Node__4457,incoming,1.9014069920422304e-05,0.272856888255213,0.0195474723872831,4
4459,1,18,71,10147__Node__4459,incoming,0.0,0.2354117013915584,0.0002308032257257,4
4460,1,0,947,10003__Node__4460,incoming,0.0,0.2175024861486006,0.000164196921212,4
4464,3,1,762,10033__Node__4464,outandin,0.0002411885129682,0.2783383328788292,0.0172426563015694,0
4466,1,6,144,10011__Node__4466,incoming,0.0,0.2365209331067511,0.0003016590512941,4
4467,1,33,43,10088__Node__4467,incoming,0.0,0.2123734221112498,0.0001166819118451,4
4468,1,47,29,10056__Node__4468,incoming,0.0,0.2167634149794705,0.0002799336754136,4
4470,1,48,28,10014__Node__4470,outandin,0.0,0.162846354305164,3.088316361570195e-07,0
4472,2,10,121,10055__Node__4472,incoming,5.8212518654121305e-06,0.255187932327694,0.0074706069475258,4
4473,1,35,38,10037__Node__4473,incoming,0.0,0.2153759583597102,0.0001743830545354,4
4475,1,7,142,10071__Node__4475,incoming,0.0,0.237843716016778,0.0002737663480395,4
4476,1,34,40,10070__Node__4476,incoming,0.0,0.2273706096383753,7.384433686416915e-05,4
4477,3,12,115,10006__Node__4477,incoming,0.0003667674688154,0.2534348617778513,0.0073894957991658,4
4478,1,7,142,10071__Node__4478,incoming,0.0,0.237843716016778,0.0002737663480395,4
4480,1,26,56,10177__Node__4480,outandin,0.0,0.2510865108651086,0.0027277114382451,1
4483,1,28,49,10009__Node__4483,incoming,0.0,0.2181222396352757,0.0008777706464921,4
4484,5,3,284,10032__Node__4484,incoming,0.0002157402148072,0.2503065478623396,0.0114581077256977,4
4486,5,2,617,10007__Node__4486,incoming,0.0014459482286762,0.2811495730419612,0.0096628311622011,4
4487,1,0,947,10003__Node__4487,incoming,0.0,0.2175024861486006,0.000164196921212,4
4489,1,7,142,10071__Node__4489,incoming,0.0,0.237843716016778,0.0002737663480395,4
4491,1,0,947,10003__Node__4491,incoming,0.0,0.2175024861486006,0.000164196921212,4
4492,1,9,134,10047__Node__4492,incoming,0.0,0.1764434712458223,8.12319243570349e-06,4
4493,1,0,947,10003__Node__4493,incoming,0.0,0.2175024861486006,0.000164196921212,4
4494,1,7,142,10071__Node__4494,incoming,0.0,0.237843716016778,0.0002737663480395,4
4495,2,6,144,10011__Node__4495,incoming,0.0003534652261018,0.258244075229822,0.0037194242896256,4
4496,1,39,34,10036__Node__4496,outandin,0.0,0.2151338438839317,0.0001115750246547,3
4497,1,1,762,10033__Node__4497,incoming,0.0,0.2683610867659947,0.014091263555276,4
4498,3,1,762,10033__Node__4498,incoming,4.266605460566154e-05,0.274176217765043,0.0215618705028018,3
4499,1,17,75,10149__Node__4499,incoming,0.0,0.2206210822105339,0.0003608298597847,4
4501,1,11,116,10016__Node__4501,incoming,0.0,0.233224160255922,0.0022672555095382,4
4502,3,27,52,10108__Node__4502,incoming,0.0006338729454792,0.2807886290692343,0.0177534054391945,2
4503,1,10,121,10055__Node__4503,outandin,0.0,0.2524736147757256,0.0054562088320071,3
4504,1,7,142,10071__Node__4504,incoming,0.0,0.237843716016778,0.0002737663480395,4
4505,1,0,947,10003__Node__4505,incoming,0.0,0.2175024861486006,0.000164196921212,4
4507,1,33,43,10088__Node__4507,incoming,0.0,0.2123734221112498,0.0001166819118451,4
4508,1,12,115,10006__Node__4508,incoming,0.0,0.2240925058548009,0.0007433077064394,4
4510,1,2,617,10007__Node__4510,incoming,0.0,0.2399874598322752,0.0026097371147464,4
4514,1,18,71,10147__Node__4514,incoming,0.0,0.2354117013915584,0.0002308032257257,4
4515,1,55,25,10013__Node__4515,incoming,0.0,0.2067103220144467,0.00016359753643,4
4517,1,23,61,10091__Node__4517,incoming,0.0,0.2436152438539263,0.000875839954476,4
4519,1,2,617,10007__Node__4519,incoming,0.0,0.2399874598322752,0.0026097371147464,4
4520,1,20,64,10087__Node__4520,incoming,0.0,0.1312529469758669,2.389934928079441e-08,4
4521,1,2,617,10007__Node__4521,incoming,0.0,0.2399874598322752,0.0026097371147464,4
4523,2,2,617,10007__Node__4523,incoming,3.4001010930272524e-05,0.2405530677979417,0.0027733346511765,4
4524,1,32,43,10064__Node__4524,incoming,0.0,0.2273706096383753,0.0004184301662631,4
4525,1,20,64,10087__Node__4525,incoming,0.0,0.1312529469758669,2.389934928079441e-08,4
4526,1,2,617,10007__Node__4526,incoming,0.0,0.2399874598322752,0.0026097371147464,4
4528,3,5,241,10020__Node__4528,incoming,0.0002176909410904,0.2764535933550018,0.0116705005873595,2
4531,4,26,56,10177__Node__4531,incoming,0.0009703963899188,0.2616870352961285,0.0064793773624996,4
4532,3,1,762,10033__Node__4532,incoming,0.000254883695554,0.2760548142805625,0.0203609527794142,4
4534,4,10,121,10055__Node__4534,incoming,0.0001660674378839,0.2709974334011859,0.0137784095188023,4
4536,1,0,947,10003__Node__4536,incoming,0.0,0.2175024861486006,0.000164196921212,4
4537,4,1,762,10033__Node__4537,incoming,0.0002269608552736,0.2866236076008612,0.0239258538828206,4
4539,1,0,947,10003__Node__4539,incoming,0.0,0.2175024861486006,0.000164196921212,3
4540,1,25,57,10196__Node__4540,incoming,0.0,0.2230802855893923,0.0003535959137667,4
4541,1,20,64,10087__Node__4541,incoming,0.0,0.1312529469758669,2.389934928079441e-08,4
4542,1,20,64,10087__Node__4542,incoming,0.0,0.1312529469758669,2.389934928079441e-08,4
4543,3,12,115,10006__Node__4543,incoming,0.000103484993669,0.2376222256712711,0.0031288552298774,1
4544,3,5,241,10020__Node__4544,incoming,4.8368796012615e-05,0.2447055062734756,0.0094340343077066,3
4546,1,6,144,10011__Node__4546,incoming,0.0,0.2365209331067511,0.0003016590512941,4
4547,1,9,134,10047__Node__4547,incoming,0.0,0.1764434712458223,8.12319243570349e-06,4
4548,1,20,64,10087__Node__4548,incoming,0.0,0.1312529469758669,2.389934928079441e-08,4
4549,1,9,134,10047__Node__4549,incoming,0.0,0.1764434712458223,8.12319243570349e-06,4
4550,1,0,947,10003__Node__4550,incoming,0.0,0.2175024861486006,0.000164196921212,4
4553,1,0,947,10003__Node__4553,incoming,0.0,0.2175024861486006,0.000164196921212,4
4554,1,54,25,10010__Node__4554,incoming,0.0,0.2197187141216992,0.0005033268937751,3
4556,5,11,116,10016__Node__4556,outandin,0.0011906488151923,0.2570517125587642,0.0033492506400979,2
4557,1,2,617,10007__Node__4557,incoming,0.0,0.2399874598322752,0.0026097371147464,4
4558,2,1,762,10033__Node__4558,outandin,0.000378411866955,0.2707578035193209,0.0143220667810017,0
4559,2,11,116,10016__Node__4559,incoming,3.199120491013639e-05,0.253476821192053,0.0031430954640142,4
4561,1,24,59,10053__Node__4561,incoming,0.0,0.2279630732578916,0.000898499345689,4
4562,1,7,142,10071__Node__4562,incoming,0.0,0.237843716016778,0.0002737663480395,4
4563,2,53,26,10060__Node__4563,incoming,0.0001954306430333,0.2390506674994144,0.0002888846622228,2
4564,1,0,947,10003__Node__4564,incoming,0.0,0.2175024861486006,0.000164196921212,3
4568,2,1,762,10033__Node__4568,incoming,0.0003196517024447,0.2693051890941073,0.0141950963525046,4
4571,1,0,947,10003__Node__4571,incoming,0.0,0.2175024861486006,0.000164196921212,4
4572,1,7,142,10071__Node__4572,incoming,0.0,0.237843716016778,0.0002737663480395,4
4573,2,9,134,10047__Node__4573,outandin,0.0017754777095684,0.2285927584919746,8.426010539628255e-05,0
4574,1,1,762,10033__Node__4574,incoming,0.0,0.2683610867659947,0.014091263555276,4
4575,1,2,617,10007__Node__4575,incoming,0.0,0.2399874598322752,0.0026097371147464,4
4576,1,0,947,10003__Node__4576,incoming,0.0,0.2175024861486006,0.000164196921212,4
4577,1,0,947,10003__Node__4577,incoming,0.0,0.2175024861486006,0.000164196921212,3
4579,1,20,64,10087__Node__4579,incoming,0.0,0.1312529469758669,2.389934928079441e-08,4
4581,1,0,947,10003__Node__4581,incoming,0.0,0.2175024861486006,0.000164196921212,2
4583,1,5,241,10020__Node__4583,incoming,0.0,0.237566917526573,0.0042162843710479,4
4584,2,11,116,10016__Node__4584,incoming,9.408247513730678e-05,0.2739309357666845,0.0163585190648142,4
4586,5,23,61,10091__Node__4586,incoming,0.0015444069015585,0.2742498880429915,0.0093558362170699,4
4588,2,7,142,10071__Node__4588,incoming,0.0005432990392154,0.2720568636161706,0.0143650299033155,3
4589,1,1,762,10033__Node__4589,incoming,0.0,0.2683610867659947,0.014091263555276,3
4590,1,7,142,10071__Node__4590,incoming,0.0,0.237843716016778,0.0002737663480395,4
4591,1,0,947,10003__Node__4591,incoming,0.0,0.2175024861486006,0.000164196921212,4
4592,1,0,947,10003__Node__4592,outandin,0.0,0.2175024861486006,0.000164196921212,2
4593,2,34,40,10070__Node__4593,incoming,8.078791121174549e-05,0.2423426988523941,0.001023487470186,4
4594,1,30,44,10026__Node__4594,incoming,0.0,0.2175024861486006,0.0002270011766974,2
4596,1,9,134,10047__Node__4596,incoming,0.0,0.1764434712458223,8.12319243570349e-06,4
4597,1,1,762,10033__Node__4597,incoming,0.0,0.2683610867659947,0.014091263555276,4
4598,1,7,142,10071__Node__4598,incoming,0.0,0.237843716016778,0.0002737663480395,3
4599,4,19,64,10008__Node__4599,incoming,0.0005944583596271,0.2632619723153641,0.0062209564742499,2
4602,1,0,947,10003__Node__4602,incoming,0.0,0.2175024861486006,0.000164196921212,4
4605,1,0,947,10003__Node__4605,incoming,0.0,0.2175024861486006,0.000164196921212,4
4607,3,1,762,10033__Node__4607,incoming,0.0003920347266179,0.2889769724424311,0.0208554259715012,4
4609,1,1,762,10033__Node__4609,incoming,0.0,0.2683610867659947,0.014091263555276,4
4610,2,35,38,10037__Node__4610,incoming,0.0001280937203921,0.2406097752632406,0.0004481494025749,4
4612,1,7,142,10071__Node__4612,incoming,0.0,0.237843716016778,0.0002737663480395,4
4613,1,1,762,10033__Node__4613,incoming,0.0,0.2683610867659947,0.014091263555276,1
4614,7,3,284,10032__Node__4614,incoming,0.003494707986837,0.3065065065065065,0.0257107271697933,3
4615,4,5,241,10020__Node__4615,outandin,0.0004206763523865,0.2462008522955696,0.0091967599786049,0
4616,1,2,617,10007__Node__4616,incoming,0.0,0.2399874598322752,0.0026097371147464,4
4617,2,6,144,10011__Node__4617,incoming,0.0004504881151298,0.2456872342132713,0.0005754253993336,3
4618,4,4,253,10034__Node__4618,incoming,0.0001230209758584,0.248579314823835,0.0108420885242427,4
4619,2,27,52,10108__Node__4619,incoming,0.0002264698482337,0.2697559686371245,0.014335640200863,4
4622,1,45,29,10031__Node__4622,incoming,0.0,0.2163651780667043,0.0001751070662853,3
4623,1,45,29,10031__Node__4623,incoming,0.0,0.2163651780667043,0.0001751070662853,3
4625,2,37,37,10191__Node__4625,incoming,0.0001245776653543,0.2411213481376486,0.0003680316313719,1
4626,4,12,115,10006__Node__4626,incoming,0.0007048734351024,0.2804542956585455,0.0177432482968468,4
4628,4,1,762,10033__Node__4628,incoming,0.0001687642513396,0.2813045475424897,0.0257885601671865,4
4631,2,2,617,10007__Node__4631,incoming,0.0001580641336142,0.2481562525326201,0.0054522079395255,4
4632,2,12,115,10006__Node__4632,incoming,5.133616210701521e-05,0.2368319282233738,0.0035857785312185,4
4633,2,41,31,10052__Node__4633,outandin,2.762352856596589e-05,0.2346360153256705,0.0027101119767361,0
4634,1,23,61,10091__Node__4634,incoming,0.0,0.2436152438539263,0.000875839954476,3
4635,2,11,116,10016__Node__4635,outandin,0.0002037214301843,0.251622976415482,0.0023410998464024,2
4636,1,32,43,10064__Node__4636,outandin,0.0,0.2273706096383753,0.0004184301662631,2
4637,3,28,49,10009__Node__4637,incoming,0.0003195068185121,0.2707099283882946,0.0152134108473552,4
4638,4,11,116,10016__Node__4638,incoming,0.0007074265279096,0.2720810378532077,0.0101321083446434,4
4639,1,2,617,10007__Node__4639,incoming,0.0,0.2399874598322752,0.0026097371147464,4
4640,2,1,762,10033__Node__4640,incoming,1.9014069920422304e-05,0.272856888255213,0.0195474723872831,4
4641,2,1,762,10033__Node__4641,incoming,1.7830732819827e-05,0.2706620701847432,0.0161056616707947,4
4642,1,50,27,10019__Node__4642,incoming,0.0,0.2125060725935179,0.0001355751460299,4
4643,1,0,947,10003__Node__4643,incoming,0.0,0.2175024861486006,0.000164196921212,2
4644,1,1,762,10033__Node__4644,incoming,0.0,0.2683610867659947,0.014091263555276,4
4645,2,2,617,10007__Node__4645,incoming,0.0001711986091852,0.2412733433141596,0.0027947889797406,4
4646,1,5,241,10020__Node__4646,incoming,0.0,0.237566917526573,0.0042162843710479,4
4647,1,20,64,10087__Node__4647,incoming,0.0,0.1312529469758669,2.389934928079441e-08,4
4648,1,1,762,10033__Node__4648,incoming,0.0,0.2683610867659947,0.014091263555276,4
4650,1,1,762,10033__Node__4650,incoming,0.0,0.2683610867659947,0.014091263555276,4
4651,1,6,144,10011__Node__4651,incoming,0.0,0.2365209331067511,0.0003016590512941,4
4652,1,58,24,10143__Node__4652,incoming,0.0,0.2170399773178338,0.0001821940936663,3
4654,2,26,56,10177__Node__4654,outandin,5.876240811468315e-06,0.2593816179584922,0.0061454766765766,0
4655,1,25,57,10196__Node__4655,incoming,0.0,0.2230802855893923,0.0003535959137667,4
4656,1,39,34,10036__Node__4656,incoming,0.0,0.2151338438839317,0.0001115750246547,4
4657,2,35,38,10037__Node__4657,incoming,1.518152545672322e-05,0.2197187141216992,0.0004543167299491,4
4658,1,2,617,10007__Node__4658,incoming,0.0,0.2399874598322752,0.0026097371147464,4
4662,1,7,142,10071__Node__4662,incoming,0.0,0.237843716016778,0.0002737663480395,4
4663,1,7,142,10071__Node__4663,outandin,0.0,0.237843716016778,0.0002737663480395,3
4664,1,22,61,10025__Node__4664,incoming,0.0,0.2249320502460883,0.0009496431333218,4
4665,1,14,90,10077__Node__4665,incoming,0.0,0.2212747506865154,0.0008134803921311,3
4666,1,8,135,10039__Node__4666,incoming,0.0,0.2294320395624157,0.0024761185437346,4
4667,1,20,64,10087__Node__4667,incoming,0.0,0.1312529469758669,2.389934928079441e-08,4
4668,2,2,617,10007__Node__4668,incoming,5.461457950978722e-05,0.2429965875724148,0.0033530448211858,4
4670,1,7,142,10071__Node__4670,incoming,0.0,0.237843716016778,0.0002737663480395,4
4671,2,58,24,10143__Node__4671,incoming,6.578821614109223e-05,0.2538129973474801,0.0056384029256734,3
4672,1,7,142,10071__Node__4672,incoming,0.0,0.237843716016778,0.0002737663480395,4
4673,1,2,617,10007__Node__4673,incoming,0.0,0.2399874598322752,0.0026097371147464,4
4674,1,13,93,10073__Node__4674,incoming,0.0,0.2343666283964791,0.0044024269736943,4
4675,1,0,947,10003__Node__4675,outandin,0.0,0.2175024861486006,0.000164196921212,3
4678,1,15,79,10017__Node__4678,incoming,0.0,0.2249485747869526,0.0012045680335147,4
4679,1,9,134,10047__Node__4679,incoming,0.0,0.1764434712458223,8.12319243570349e-06,2
4680,1,2,617,10007__Node__4680,incoming,0.0,0.2399874598322752,0.0026097371147464,4
4681,2,2,617,10007__Node__4681,incoming,0.000240068620874,0.2510041806705467,0.0066461880927264,4
4682,1,5,241,10020__Node__4682,incoming,0.0,0.237566917526573,0.0042162843710479,4
4683,2,3,284,10032__Node__4683,incoming,2.352474870298016e-05,0.2428616751269035,0.0068789218027592,3
4686,1,5,241,10020__Node__4686,incoming,0.0,0.237566917526573,0.0042162843710479,4
4687,1,14,90,10077__Node__4687,incoming,0.0,0.2212747506865154,0.0008134803921311,4
4688,1,60,24,10061__Node__4688,outandin,0.0,0.2101722836158967,6.867560595065936e-05,1
4689,3,4,253,10034__Node__4689,incoming,0.0009450323816664,0.2549542048293089,0.0031906802675948,4
4690,4,11,116,10016__Node__4690,incoming,0.0005046568473081,0.2840181801317132,0.0208296510827943,2
4694,6,16,79,10093__Node__4694,incoming,0.0010627305306834,0.2970796546036674,0.0294397680271616,4
4695,6,5,241,10020__Node__4695,incoming,0.0010715658812763,0.3028684470820969,0.0282906764915828,4
4696,5,1,762,10033__Node__4696,incoming,0.0002165763906378,0.282290034110814,0.0278029582827052,2
4697,1,9,134,10047__Node__4697,incoming,0.0,0.1764434712458223,8.12319243570349e-06,4
4698,1,57,25,10219__Node__4698,incoming,0.0,0.227624145108534,7.581253999781134e-05,3
4699,2,26,56,10177__Node__4699,incoming,4.918516196355024e-05,0.2554007840520477,0.0039322794717599,2
4700,1,6,144,10011__Node__4700,incoming,0.0,0.2365209331067511,0.0003016590512941,4
4706,4,16,79,10093__Node__4706,incoming,0.0003334162478211,0.2659140251845419,0.0095177237769443,4
4707,1,2,617,10007__Node__4707,incoming,0.0,0.2399874598322752,0.0026097371147464,4
4708,2,19,64,10008__Node__4708,incoming,3.218102106032818e-05,0.2592937589973749,0.0049048134160804,2
4711,2,11,116,10016__Node__4711,incoming,3.869155142151821e-05,0.2593596476367948,0.0077234643415453,2
4713,1,7,142,10071__Node__4713,incoming,0.0,0.237843716016778,0.0002737663480395,4
4715,4,2,617,10007__Node__4715,incoming,0.0005618540397953,0.2662608695652174,0.0045976085700748,4
4717,2,1,762,10033__Node__4717,incoming,1.7830732819827e-05,0.2706620701847432,0.0161056616707947,3
4718,2,1,762,10033__Node__4718,incoming,1.9014069920422304e-05,0.272856888255213,0.0195474723872831,4
4721,1,2,617,10007__Node__4721,incoming,0.0,0.2399874598322752,0.0026097371147464,4
4723,1,37,37,10191__Node__4723,incoming,0.0,0.2083418384704361,9.426528333245428e-05,4
4726,8,3,284,10032__Node__4726,incoming,0.0019392955849784,0.2849697533736621,0.015881821145641,2
4727,1,2,617,10007__Node__4727,incoming,0.0,0.2399874598322752,0.0026097371147464,4
4728,1,20,64,10087__Node__4728,incoming,0.0,0.1312529469758669,2.389934928079441e-08,4
4731,3,8,135,10039__Node__4731,outandin,0.0001614762902388,0.2671436049555051,0.0107747982005208,3
4732,3,11,116,10016__Node__4732,incoming,6.31571383818865e-05,0.2468956619900016,0.0108859668542806,1
4734,1,31,44,10065__Node__4734,incoming,0.0,0.2266469282013323,0.0018386608062089,3
4736,3,49,28,10153__Node__4736,incoming,0.0001600987700688,0.2573109243697479,0.004023640640046,3
4737,1,0,947,10003__Node__4737,incoming,0.0,0.2175024861486006,0.000164196921212,3
4738,1,20,64,10087__Node__4738,incoming,0.0,0.1312529469758669,2.389934928079441e-08,4
4739,2,1,762,10033__Node__4739,incoming,0.0001462096216378,0.2789214793222809,0.018307547926324,3
4740,1,28,49,10009__Node__4740,incoming,0.0,0.2181222396352757,0.0008777706464921,4
4741,1,5,241,10020__Node__4741,outandin,0.0,0.237566917526573,0.0042162843710479,1
4742,1,26,56,10177__Node__4742,outandin,0.0,0.2510865108651086,0.0027277114382451,3
4743,4,32,43,10064__Node__4743,incoming,0.0001578143845613,0.2750875932081574,0.021980300669065,1
4744,1,0,947,10003__Node__4744,incoming,0.0,0.2175024861486006,0.000164196921212,4
4748,4,14,90,10077__Node__4748,outandin,0.0003302114257856,0.2464783063672221,0.009179074087309,3
4750,4,1,762,10033__Node__4750,incoming,0.0005895253043641,0.2886228673767556,0.0260600419089978,3
4751,1,0,947,10003__Node__4751,incoming,0.0,0.2175024861486006,0.000164196921212,4
4752,1,10,121,10055__Node__4752,outandin,0.0,0.2524736147757256,0.0054562088320071,2
4753,4,18,71,10147__Node__4753,incoming,0.0007453524500785,0.2644670927621351,0.0061957576490091,1
4755,1,5,241,10020__Node__4755,incoming,0.0,0.237566917526573,0.0042162843710479,4
4756,2,5,241,10020__Node__4756,outandin,3.692626919999511e-05,0.2389014589997659,0.0046591408382458,2
4757,1,1,762,10033__Node__4757,incoming,0.0,0.2683610867659947,0.014091263555276,4
4758,1,51,27,10066__Node__4758,incoming,0.0,0.2329225619960444,9.624503640716152e-05,4
4760,3,13,93,10073__Node__4760,incoming,0.0001503631264314,0.277707237438781,0.0193695304834464,1
4765,1,22,61,10025__Node__4765,incoming,0.0,0.2249320502460883,0.0009496431333218,3
4767,1,60,24,10061__Node__4767,outandin,0.0,0.2101722836158967,6.867560595065936e-05,2
4768,3,43,30,10054__Node__4768,incoming,3.402859400022194e-05,0.2589867207984437,0.0082554858954221,4
4769,1,0,947,10003__Node__4769,incoming,0.0,0.2175024861486006,0.000164196921212,3
4770,1,21,62,10105__Node__4770,incoming,0.0,0.2154972200717854,0.0002096331976264,2
4771,3,1,762,10033__Node__4771,incoming,0.0002217392945317,0.2829421548697098,0.0237637567583311,3
4773,1,1,762,10033__Node__4773,incoming,0.0,0.2683610867659947,0.014091263555276,3
4775,4,8,135,10039__Node__4775,incoming,0.0001522476575747,0.2638517880224041,0.0084156584013325,3
4776,1,20,64,10087__Node__4776,incoming,0.0,0.1312529469758669,2.389934928079441e-08,4
4778,1,0,947,10003__Node__4778,incoming,0.0,0.2175024861486006,0.000164196921212,1
4779,1,29,48,10051__Node__4779,incoming,0.0,0.2427846495401205,0.001470530388221,4
4780,1,25,57,10196__Node__4780,incoming,0.0,0.2230802855893923,0.0003535959137667,3
4781,1,47,29,10056__Node__4781,incoming,0.0,0.2167634149794705,0.0002799336754136,4
4782,1,3,284,10032__Node__4782,incoming,0.0,0.2371988535130529,0.00403645097798,4
4783,1,1,762,10033__Node__4783,incoming,0.0,0.2683610867659947,0.014091263555276,4
4784,1,30,44,10026__Node__4784,incoming,0.0,0.2175024861486006,0.0002270011766974,4
4785,2,4,253,10034__Node__4785,incoming,0.0001306793636296,0.2382137855920336,0.0037921139581009,4
4786,1,6,144,10011__Node__4786,outandin,0.0,0.2365209331067511,0.0003016590512941,3
4787,4,23,61,10091__Node__4787,incoming,0.0015950659993183,0.2718636242564148,0.0042109174285648,3
4788,1,2,617,10007__Node__4788,incoming,0.0,0.2399874598322752,0.0026097371147464,4
4789,1,1,762,10033__Node__4789,incoming,0.0,0.2683610867659947,0.014091263555276,4
4791,2,54,25,10010__Node__4791,outandin,9.305030327804163e-06,0.229105873550318,0.0014529700270969,2
4792,1,2,617,10007__Node__4792,incoming,0.0,0.2399874598322752,0.0026097371147464,3
4794,3,1,762,10033__Node__4794,incoming,0.0002332252973814,0.279405055205767,0.0220235909310177,4
4795,2,7,142,10071__Node__4795,incoming,9.204327786780429e-05,0.2466768710223153,0.0006273622618062,4
4796,1,2,617,10007__Node__4796,incoming,0.0,0.2399874598322752,0.0026097371147464,4
4797,1,14,90,10077__Node__4797,incoming,0.0,0.2212747506865154,0.0008134803921311,4
4798,1,0,947,10003__Node__4798,incoming,0.0,0.2175024861486006,0.000164196921212,4
4799,1,9,134,10047__Node__4799,incoming,0.0,0.1764434712458223,8.12319243570349e-06,4
4801,2,10,121,10055__Node__4801,outandin,5.651560297346427e-05,0.2643301104972376,0.0096724932030551,3
4803,3,11,116,10016__Node__4803,outandin,0.0002937087053096,0.2525360824742268,0.0025803077610759,2
4804,2,7,142,10071__Node__4804,incoming,0.0005432990392154,0.2720568636161706,0.0143650299033155,4
4805,1,23,61,10091__Node__4805,outandin,0.0,0.2436152438539263,0.000875839954476,0
4806,2,4,253,10034__Node__4806,incoming,9.673153584000271e-06,0.2355747038005847,0.0036577937877433,1
4807,2,33,43,10088__Node__4807,incoming,3.645589296865439e-06,0.216594751361675,0.0003339006859229,4
4808,1,0,947,10003__Node__4808,incoming,0.0,0.2175024861486006,0.000164196921212,4
4812,1,0,947,10003__Node__4812,incoming,0.0,0.2175024861486006,0.000164196921212,4
4813,2,51,27,10066__Node__4813,incoming,0.0004257373297883,0.2475743855109961,0.0009947443820962,3
4814,2,1,762,10033__Node__4814,incoming,0.0001462096216378,0.2789214793222809,0.018307547926324,3
4815,1,23,61,10091__Node__4815,outandin,0.0,0.2436152438539263,0.000875839954476,2
4816,1,14,90,10077__Node__4816,incoming,0.0,0.2212747506865154,0.0008134803921311,4
4818,1,44,29,10119__Node__4818,incoming,0.0,0.215588256002253,0.0001850518649942,2
4819,1,23,61,10091__Node__4819,incoming,0.0,0.2436152438539263,0.000875839954476,4
4820,5,10,121,10055__Node__4820,incoming,0.0015295097853836,0.2868921577813173,0.0253450702194125,3
4821,1,10,121,10055__Node__4821,incoming,0.0,0.2524736147757256,0.0054562088320071,3
4822,1,0,947,10003__Node__4822,incoming,0.0,0.2175024861486006,0.000164196921212,4
4823,1,27,52,10108__Node__4823,incoming,0.0,0.2191996563819886,0.000244376645587,4
4824,1,9,134,10047__Node__4824,incoming,0.0,0.1764434712458223,8.12319243570349e-06,4
4828,1,2,617,10007__Node__4828,incoming,0.0,0.2399874598322752,0.0026097371147464,4
4829,1,2,617,10007__Node__4829,incoming,0.0,0.2399874598322752,0.0026097371147464,4
4830,4,8,135,10039__Node__4830,incoming,8.668745393604138e-05,0.2424386381631037,0.0066496472055996,4
4832,3,27,52,10108__Node__4832,incoming,0.0003956645356126,0.2752606975907947,0.0166028957104013,4
4833,1,44,29,10119__Node__4833,incoming,0.0,0.215588256002253,0.0001850518649942,4
4834,1,2,617,10007__Node__4834,incoming,0.0,0.2399874598322752,0.0026097371147464,4
4835,1,9,134,10047__Node__4835,incoming,0.0,0.1764434712458223,8.12319243570349e-06,4
4836,1,12,115,10006__Node__4836,incoming,0.0,0.2240925058548009,0.0007433077064394,4
4838,3,55,25,10013__Node__4838,incoming,0.0009704474337627,0.2460425873844917,0.0030003358278739,4
4839,1,3,284,10032__Node__4839,incoming,0.0,0.2371988535130529,0.00403645097798,4
4842,1,53,26,10060__Node__4842,incoming,0.0,0.2177035193743334,0.0001038327972286,3
4844,5,4,253,10034__Node__4844,incoming,0.000357906608389,0.248256850981028,0.009997232035517,4
4845,1,0,947,10003__Node__4845,incoming,0.0,0.2175024861486006,0.000164196921212,4
4846,3,17,75,10149__Node__4846,incoming,0.0001863496101941,0.2450384122919334,0.0089795412045271,4
4847,2,46,29,10045__Node__4847,outandin,1.3099787635006944e-05,0.2339726446091541,0.0025221031564703,0
4848,2,0,947,10003__Node__4848,incoming,0.0217461202397156,0.2773299519971017,0.0035819621595434,4
4850,5,16,79,10093__Node__4850,outandin,0.0006180142338934,0.2848637082519304,0.0172406828503838,3
4851,4,23,61,10091__Node__4851,incoming,0.0001645366401331,0.2662145713788906,0.0116841188934993,4
4852,1,18,71,10147__Node__4852,incoming,0.0,0.2354117013915584,0.0002308032257257,4
4853,1,55,25,10013__Node__4853,incoming,0.0,0.2067103220144467,0.00016359753643,4
4854,2,31,44,10065__Node__4854,outandin,9.868439387192918e-06,0.2378252427184466,0.0062410877799033,3
4855,4,6,144,10011__Node__4855,incoming,0.0010279287016084,0.25559265442404,0.0017831973970605,4
4856,4,10,121,10055__Node__4856,outandin,0.0001618387454955,0.2662840246977998,0.0098009822721619,3
4857,2,28,49,10009__Node__4857,incoming,4.524087821338092e-05,0.2693051890941073,0.0149690342017682,4
4858,2,19,64,10008__Node__4858,incoming,3.0266518697410877e-05,0.2408747640025173,0.005523499155729,2
4861,1,1,762,10033__Node__4861,incoming,0.0,0.2683610867659947,0.014091263555276,4
4862,4,23,61,10091__Node__4862,outandin,8.137416148667304e-05,0.2589429175475687,0.0075641202793556,1
4863,1,2,617,10007__Node__4863,incoming,0.0,0.2399874598322752,0.0026097371147464,4
4864,6,26,56,10177__Node__4864,outandin,0.0006800768532009,0.2987317073170731,0.0331611506798089,3
4865,1,38,35,10086__Node__4865,outandin,0.0,0.2153002390662354,0.0002172187740778,1
4866,4,2,617,10007__Node__4866,incoming,0.0004512391497244,0.2532462161938632,0.0078037328162892,4
4867,1,21,62,10105__Node__4867,incoming,0.0,0.2154972200717854,0.0002096331976264,3
4874,1,12,115,10006__Node__4874,incoming,0.0,0.2240925058548009,0.0007433077064394,4
4876,7,5,241,10020__Node__4876,incoming,0.000573556959069,0.2826026765113059,0.0202460071422095,4
4877,2,9,134,10047__Node__4877,incoming,4.456545452564894e-05,0.1766572434085271,8.432024071860509e-06,4
4878,2,19,64,10008__Node__4878,incoming,1.929066180125086e-05,0.2401757000549062,0.0057033325487969,3
4880,2,8,135,10039__Node__4880,incoming,1.349748557715658e-05,0.2390506674994144,0.0053185893685137,4
4881,2,1,762,10033__Node__4881,incoming,5.57144256871153e-05,0.2707338638373121,0.0149065865182402,2
4882,1,0,947,10003__Node__4882,incoming,0.0,0.2175024861486006,0.000164196921212,4
4883,3,13,93,10073__Node__4883,incoming,8.064540917175848e-05,0.2662145713788906,0.0121258913152397,4
4884,2,12,115,10006__Node__4884,outandin,7.208426843160746e-05,0.2404019784878699,0.0047797586844194,1
4885,1,6,144,10011__Node__4885,incoming,0.0,0.2365209331067511,0.0003016590512941,3
4886,1,28,49,10009__Node__4886,outandin,0.0,0.2181222396352757,0.0008777706464921,1
4888,1,56,25,10030__Node__4888,incoming,0.0,0.21146408839779,0.0001623883675305,2
4892,4,3,284,10032__Node__4892,incoming,0.0006462083919292,0.2928742228598756,0.0224951229049094,3
4893,4,3,284,10032__Node__4893,incoming,0.0006572433008195,0.2899621212121212,0.0234286408526395,3
4894,1,42,30,10162__Node__4894,incoming,0.0,0.225196734573803,7.613691296057906e-05,2
4895,6,1,762,10033__Node__4895,incoming,0.0008863519544442,0.3027187345526446,0.0308711141916227,2
4896,1,3,284,10032__Node__4896,incoming,0.0,0.2371988535130529,0.00403645097798,4
4897,1,0,947,10003__Node__4897,incoming,0.0,0.2175024861486006,0.000164196921212,4
4898,1,30,44,10026__Node__4898,incoming,0.0,0.2175024861486006,0.0002270011766974,4
4901,1,0,947,10003__Node__4901,incoming,0.0,0.2175024861486006,0.000164196921212,4
4904,1,14,90,10077__Node__4904,incoming,0.0,0.2212747506865154,0.0008134803921311,4
4905,1,2,617,10007__Node__4905,incoming,0.0,0.2399874598322752,0.0026097371147464,4
4906,3,1,762,10033__Node__4906,incoming,0.0002529991381042,0.27710407239819,0.017563087098329,4
4907,2,12,115,10006__Node__4907,incoming,0.0004748760023529,0.2491456468673718,0.0010170740544789,4
4911,1,2,617,10007__Node__4911,incoming,0.0,0.2399874598322752,0.0026097371147464,4
4913,3,5,241,10020__Node__4913,incoming,9.638970544997356e-05,0.2662840246977998,0.0116868913185738,4
4915,2,1,762,10033__Node__4915,incoming,1.9014069920422304e-05,0.272856888255213,0.0195474723872831,4
4916,3,5,241,10020__Node__4916,outandin,0.0002040483323643,0.2810721498072333,0.020146208732533,1
4922,3,4,253,10034__Node__4922,incoming,0.0001579637116205,0.2701129146083274,0.0127011066304806,2
4923,1,3,284,10032__Node__4923,incoming,0.0,0.2371988535130529,0.00403645097798,4
4924,3,1,762,10033__Node__4924,incoming,0.0001241290631249,0.2762789858341604,0.021034520565032,3
4925,1,0,947,10003__Node__4925,incoming,0.0,0.2175024861486006,0.000164196921212,4
4926,1,3,284,10032__Node__4926,incoming,0.0,0.2371988535130529,0.00403645097798,3
4927,1,9,134,10047__Node__4927,incoming,0.0,0.1764434712458223,8.12319243570349e-06,4
4928,3,1,762,10033__Node__4928,incoming,0.000582942916202,0.2752854445743055,0.0197782756130088,4
4932,1,2,617,10007__Node__4932,incoming,0.0,0.2399874598322752,0.0026097371147464,4
4934,6,10,121,10055__Node__4934,incoming,0.0011290365959029,0.2912307399657599,0.0295992814889055,4
4935,3,58,24,10143__Node__4935,incoming,0.0007184496266335,0.2473543905000403,0.0006320350438402,3
4939,1,27,52,10108__Node__4939,incoming,0.0,0.2191996563819886,0.000244376645587,4
4944,1,0,947,10003__Node__4944,incoming,0.0,0.2175024861486006,0.000164196921212,4
4945,2,1,762,10033__Node__4945,incoming,0.0001906270138771,0.2698272823405005,0.014346111202208,3
4946,1,1,762,10033__Node__4946,incoming,0.0,0.2683610867659947,0.014091263555276,4
4948,2,11,116,10016__Node__4948,outandin,3.353261949820513e-05,0.2378621921851938,0.0026909368175864,1
4950,4,13,93,10073__Node__4950,outandin,7.02534931787087e-05,0.2665622007486724,0.0120184340384921,2
4951,1,1,762,10033__Node__4951,incoming,0.0,0.2683610867659947,0.014091263555276,4
4954,1,20,64,10087__Node__4954,incoming,0.0,0.1312529469758669,2.389934928079441e-08,4
4957,7,2,617,10007__Node__4957,incoming,0.0036128206947427,0.3091680129240711,0.0247120552222781,1
4958,1,36,37,10148__Node__4958,incoming,0.0,0.2353574173712528,0.0002356564880674,4
4960,1,14,90,10077__Node__4960,incoming,0.0,0.2212747506865154,0.0008134803921311,4
4961,4,50,27,10019__Node__4961,incoming,0.0003413487136326,0.2652919771270143,0.0105929472969813,4
4962,1,34,40,10070__Node__4962,incoming,0.0,0.2273706096383753,7.384433686416915e-05,4
4963,3,2,617,10007__Node__4963,incoming,0.0003141631579227,0.2657294107437299,0.0049561074574434,4
4967,3,10,121,10055__Node__4967,incoming,0.0001019675394,0.279201240083888,0.0239498993609775,4
4968,1,34,40,10070__Node__4968,incoming,0.0,0.2273706096383753,7.384433686416915e-05,4
4969,1,2,617,10007__Node__4969,incoming,0.0,0.2399874598322752,0.0026097371147464,4
4971,6,2,617,10007__Node__4971,incoming,0.0014544271722953,0.2836761163609412,0.0096519153600736,4
4974,1,2,617,10007__Node__4974,incoming,0.0,0.2399874598322752,0.0026097371147464,4
4975,2,55,25,10013__Node__4975,incoming,3.4001010930272524e-05,0.2405530677979417,0.0027733346511765,4
4977,1,2,617,10007__Node__4977,incoming,0.0,0.2399874598322752,0.0026097371147464,4
4979,1,4,253,10034__Node__4979,incoming,0.0,0.2336869419216973,0.0028424708247791,4
4980,1,9,134,10047__Node__4980,incoming,0.0,0.1764434712458223,8.12319243570349e-06,4
4981,3,1,762,10033__Node__4981,incoming,0.000270279186485,0.2727839643652561,0.0161655808495525,4
4982,3,10,121,10055__Node__4982,incoming,4.8865730172380384e-05,0.2625621677242326,0.0103619626994766,3
4983,1,2,617,10007__Node__4983,incoming,0.0,0.2399874598322752,0.0026097371147464,4
4986,1,2,617,10007__Node__4986,incoming,0.0,0.2399874598322752,0.0026097371147464,4
4989,1,14,90,10077__Node__4989,incoming,0.0,0.2212747506865154,0.0008134803921311,4
4990,1,17,75,10149__Node__4990,incoming,0.0,0.2206210822105339,0.0003608298597847,3
4991,1,12,115,10006__Node__4991,incoming,0.0,0.2240925058548009,0.0007433077064394,1
4992,4,10,121,10055__Node__4992,incoming,0.0002382295855922,0.2857942878476759,0.0256929490638597,4
4993,3,3,284,10032__Node__4993,incoming,9.244569984224552e-05,0.2445101014133993,0.007321778269957,4
4994,2,1,762,10033__Node__4994,incoming,5.874520053440121e-05,0.2753844770213148,0.0184936905289704,4
4996,1,3,284,10032__Node__4996,incoming,0.0,0.2371988535130529,0.00403645097798,4
4998,1,6,144,10011__Node__4998,incoming,0.0,0.2365209331067511,0.0003016590512941,4
5002,2,33,43,10088__Node__5002,incoming,3.645589296865439e-06,0.216594751361675,0.0003339006859229,2
5004,2,1,762,10033__Node__5004,incoming,1.9014069920422304e-05,0.272856888255213,0.0195474723872831,4
5006,1,24,59,10053__Node__5006,incoming,0.0,0.2279630732578916,0.000898499345689,4
5007,1,18,71,10147__Node__5007,incoming,0.0,0.2354117013915584,0.0002308032257257,4
5008,4,11,116,10016__Node__5008,incoming,0.0006731255000083,0.2636927316569066,0.007450714832226,4
5009,2,2,617,10007__Node__5009,outandin,0.0001300566236737,0.2459635312073259,0.005085855658481,3
5010,1,3,284,10032__Node__5010,incoming,0.0,0.2371988535130529,0.00403645097798,4
5012,1,0,947,10003__Node__5012,incoming,0.0,0.2175024861486006,0.000164196921212,4
5013,1,1,762,10033__Node__5013,incoming,0.0,0.2683610867659947,0.014091263555276,4
5016,2,1,762,10033__Node__5016,incoming,1.7830732819827e-05,0.2706620701847432,0.0161056616707947,1
5018,1,2,617,10007__Node__5018,incoming,0.0,0.2399874598322752,0.0026097371147464,4
5020,1,14,90,10077__Node__5020,incoming,0.0,0.2212747506865154,0.0008134803921311,3
5021,1,1,762,10033__Node__5021,outandin,0.0,0.2683610867659947,0.014091263555276,3
5022,3,5,241,10020__Node__5022,incoming,0.0001119392518761,0.2481160359776355,0.0095348737395617,3
5023,3,19,64,10008__Node__5023,incoming,0.0005651938184525,0.251622976415482,0.0018625515659072,4
5024,1,9,134,10047__Node__5024,incoming,0.0,0.1764434712458223,8.12319243570349e-06,4
5025,2,4,253,10034__Node__5025,outandin,8.661806638370373e-05,0.2619556848318932,0.0082986796567862,2
5026,1,32,43,10064__Node__5026,outandin,0.0,0.2273706096383753,0.0004184301662631,2
5028,1,3,284,10032__Node__5028,incoming,0.0,0.2371988535130529,0.00403645097798,4
5029,3,1,762,10033__Node__5029,incoming,0.00042908652059,0.2795581119328038,0.0192369982354098,4
5031,2,2,617,10007__Node__5031,incoming,0.0001580641336142,0.2481562525326201,0.0054522079395255,3
5033,1,1,762,10033__Node__5033,incoming,0.0,0.2683610867659947,0.014091263555276,3
5034,2,2,617,10007__Node__5034,incoming,0.0020321315044087,0.2606179249297812,0.0027059821511535,1
5035,1,38,35,10086__Node__5035,incoming,0.0,0.2153002390662354,0.0002172187740778,4
5036,1,1,762,10033__Node__5036,incoming,0.0,0.2683610867659947,0.014091263555276,4
5037,2,28,49,10009__Node__5037,outandin,4.524087821338092e-05,0.2693051890941073,0.0149690342017682,3
5039,1,38,35,10086__Node__5039,outandin,0.0,0.2153002390662354,0.0002172187740778,2
5040,3,4,253,10034__Node__5040,incoming,4.5002535760654544e-05,0.2422276718614033,0.0071572501747227,1
5041,1,3,284,10032__Node__5041,incoming,0.0,0.2371988535130529,0.00403645097798,4
5043,1,44,29,10119__Node__5043,incoming,0.0,0.215588256002253,0.0001850518649942,2
5044,4,5,241,10020__Node__5044,incoming,0.0001631406327985,0.2737105568963976,0.0136136782925258,4
5045,1,20,64,10087__Node__5045,incoming,0.0,0.1312529469758669,2.389934928079441e-08,4
5046,1,2,617,10007__Node__5046,incoming,0.0,0.2399874598322752,0.0026097371147464,4
5047,1,14,90,10077__Node__5047,incoming,0.0,0.2212747506865154,0.0008134803921311,2
5048,1,3,284,10032__Node__5048,incoming,0.0,0.2371988535130529,0.00403645097798,4
5050,2,1,762,10033__Node__5050,outandin,6.219814621082156e-05,0.2702559576345984,0.0150409066885978,0
5051,1,6,144,10011__Node__5051,incoming,0.0,0.2365209331067511,0.0003016590512941,4
5053,2,11,116,10016__Node__5053,incoming,1.883799571012652e-05,0.2364843991350015,0.0037543036872872,3
5054,1,0,947,10003__Node__5054,outandin,0.0,0.2175024861486006,0.000164196921212,2
5056,1,6,144,10011__Node__5056,incoming,0.0,0.2365209331067511,0.0003016590512941,3
5057,1,0,947,10003__Node__5057,incoming,0.0,0.2175024861486006,0.000164196921212,4
5058,1,60,24,10061__Node__5058,incoming,0.0,0.2101722836158967,6.867560595065936e-05,4
5059,2,19,64,10008__Node__5059,incoming,1.929066180125086e-05,0.2401757000549062,0.0057033325487969,4
5060,1,17,75,10149__Node__5060,incoming,0.0,0.2206210822105339,0.0003608298597847,4
5061,1,60,24,10061__Node__5061,outandin,0.0,0.2101722836158967,6.867560595065936e-05,2
5065,1,3,284,10032__Node__5065,incoming,0.0,0.2371988535130529,0.00403645097798,4
5066,1,2,617,10007__Node__5066,incoming,0.0,0.2399874598322752,0.0026097371147464,4
5069,1,2,617,10007__Node__5069,incoming,0.0,0.2399874598322752,0.0026097371147464,4
5070,1,58,24,10143__Node__5070,outandin,0.0,0.2170399773178338,0.0001821940936663,3
5071,3,1,762,10033__Node__5071,incoming,4.266605460566154e-05,0.274176217765043,0.0215618705028018,4
5072,2,22,61,10025__Node__5072,incoming,6.219814621082156e-05,0.2702559576345984,0.0150409066885978,4
5073,4,45,29,10031__Node__5073,incoming,0.0006660446094673,0.277631698250068,0.0118456076536448,2
5075,1,1,762,10033__Node__5075,incoming,0.0,0.2683610867659947,0.014091263555276,2
5076,4,1,762,10033__Node__5076,incoming,0.0011238949018892,0.2758061610520627,0.021678552414647,4
5079,2,5,241,10020__Node__5079,incoming,2.466272065988632e-05,0.2415397964818174,0.0064835398805862,4
5081,1,0,947,10003__Node__5081,incoming,0.0,0.2175024861486006,0.000164196921212,4
5082,1,3,284,10032__Node__5082,incoming,0.0,0.2371988535130529,0.00403645097798,4
5083,1,2,617,10007__Node__5083,incoming,0.0,0.2399874598322752,0.0026097371147464,4
5084,1,60,24,10061__Node__5084,incoming,0.0,0.2101722836158967,6.867560595065936e-05,3
5085,1,3,284,10032__Node__5085,incoming,0.0,0.2371988535130529,0.00403645097798,4
5086,1,10,121,10055__Node__5086,incoming,0.0,0.2524736147757256,0.0054562088320071,2
5087,1,6,144,10011__Node__5087,incoming,0.0,0.2365209331067511,0.0003016590512941,4
5088,1,18,71,10147__Node__5088,incoming,0.0,0.2354117013915584,0.0002308032257257,4
5089,2,27,52,10108__Node__5089,incoming,0.000103533712171,0.239032006245121,0.0003482094428156,4
5090,2,1,762,10033__Node__5090,incoming,9.408247513730678e-05,0.2739309357666845,0.0163585190648142,3
5091,1,47,29,10056__Node__5091,outandin,0.0,0.2167634149794705,0.0002799336754136,1
5092,4,3,284,10032__Node__5092,incoming,0.0004711707834922,0.2608399352585399,0.0049797463705162,3
5093,1,3,284,10032__Node__5093,incoming,0.0,0.2371988535130529,0.00403645097798,4
5094,1,3,284,10032__Node__5094,incoming,0.0,0.2371988535130529,0.00403645097798,4
5095,1,3,284,10032__Node__5095,incoming,0.0,0.2371988535130529,0.00403645097798,4
5096,1,2,617,10007__Node__5096,incoming,0.0,0.2399874598322752,0.0026097371147464,4
5103,1,0,947,10003__Node__5103,incoming,0.0,0.2175024861486006,0.000164196921212,4
5104,2,0,947,10003__Node__5104,incoming,0.000664712073882,0.2530787668402347,0.0002604419576191,4
5106,1,23,61,10091__Node__5106,incoming,0.0,0.2436152438539263,0.000875839954476,4
5107,3,1,762,10033__Node__5107,incoming,0.001060897284855,0.2899072145427002,0.0221572095020295,4
5108,1,57,25,10219__Node__5108,outandin,0.0,0.227624145108534,7.581253999781134e-05,3
5112,3,3,284,10032__Node__5112,incoming,0.000185804532583,0.2701129146083274,0.0086587842498263,3
5113,4,1,762,10033__Node__5113,incoming,0.0011741726968635,0.2903470510146027,0.0194893046095532,2
5115,1,8,135,10039__Node__5115,incoming,0.0,0.2294320395624157,0.0024761185437346,4
5117,1,18,71,10147__Node__5117,incoming,0.0,0.2354117013915584,0.0002308032257257,4
5119,1,7,142,10071__Node__5119,incoming,0.0,0.237843716016778,0.0002737663480395,4
5121,1,4,253,10034__Node__5121,incoming,0.0,0.2336869419216973,0.0028424708247791,4
5124,1,14,90,10077__Node__5124,incoming,0.0,0.2212747506865154,0.0008134803921311,2
5125,1,2,617,10007__Node__5125,incoming,0.0,0.2399874598322752,0.0026097371147464,4
5126,1,11,116,10016__Node__5126,incoming,0.0,0.233224160255922,0.0022672555095382,2
5127,1,48,28,10014__Node__5127,incoming,0.0,0.162846354305164,3.088316361570195e-07,4
5130,1,1,762,10033__Node__5130,incoming,0.0,0.2683610867659947,0.014091263555276,4
5131,1,2,617,10007__Node__5131,incoming,0.0,0.2399874598322752,0.0026097371147464,4
5132,1,43,30,10054__Node__5132,incoming,0.0,0.2427654007769761,0.0020143981155187,4
5134,2,14,90,10077__Node__5134,outandin,3.1286762892173274e-05,0.2477546727081479,0.0016893203466071,0
5137,1,0,947,10003__Node__5137,incoming,0.0,0.2175024861486006,0.000164196921212,4
5138,1,1,762,10033__Node__5138,incoming,0.0,0.2683610867659947,0.014091263555276,4
5140,1,0,947,10003__Node__5140,incoming,0.0,0.2175024861486006,0.000164196921212,4
5141,2,2,617,10007__Node__5141,incoming,0.0006618110785173,0.2418068388217642,0.0027040023980788,4
5142,2,31,44,10065__Node__5142,incoming,2.001438450150433e-05,0.2403642358112881,0.005875111784189,4
5143,2,38,35,10086__Node__5143,incoming,9.010815038951952e-05,0.2365940349250502,0.0046196457477722,2
5144,1,7,142,10071__Node__5144,incoming,0.0,0.237843716016778,0.0002737663480395,4
5147,3,12,115,10006__Node__5147,incoming,0.0003667674688154,0.2534348617778513,0.0073894957991658,1
5148,1,1,762,10033__Node__5148,outandin,0.0,0.2683610867659947,0.014091263555276,0
5149,1,17,75,10149__Node__5149,incoming,0.0,0.2206210822105339,0.0003608298597847,3
5150,2,15,79,10017__Node__5150,incoming,0.0001323849442163,0.2720810378532077,0.0152958315887908,3
5151,1,47,29,10056__Node__5151,outandin,0.0,0.2167634149794705,0.0002799336754136,3
5152,1,2,617,10007__Node__5152,incoming,0.0,0.2399874598322752,0.0026097371147464,4
5153,4,49,28,10153__Node__5153,incoming,0.0001910678392964,0.2487812804679883,0.0076194111166059,4
5154,1,8,135,10039__Node__5154,incoming,0.0,0.2294320395624157,0.0024761185437346,1
5156,1,1,762,10033__Node__5156,incoming,0.0,0.2683610867659947,0.014091263555276,4
5157,1,0,947,10003__Node__5157,incoming,0.0,0.2175024861486006,0.000164196921212,4
5158,4,1,762,10033__Node__5158,incoming,0.0001479034771468,0.2757813203638656,0.0225115136361237,3
5160,1,13,93,10073__Node__5160,incoming,0.0,0.2343666283964791,0.0044024269736943,3
5161,1,52,26,10139__Node__5161,incoming,0.0,0.2216912829423689,6.818956921190524e-05,4
5162,1,17,75,10149__Node__5162,incoming,0.0,0.2206210822105339,0.0003608298597847,4
5164,1,17,75,10149__Node__5164,incoming,0.0,0.2206210822105339,0.0003608298597847,4
5166,1,30,44,10026__Node__5166,incoming,0.0,0.2175024861486006,0.0002270011766974,4
5167,1,2,617,10007__Node__5167,incoming,0.0,0.2399874598322752,0.0026097371147464,4
5168,1,15,79,10017__Node__5168,incoming,0.0,0.2249485747869526,0.0012045680335147,3
5169,1,4,253,10034__Node__5169,incoming,0.0,0.2336869419216973,0.0028424708247791,4
5170,1,33,43,10088__Node__5170,incoming,0.0,0.2123734221112498,0.0001166819118451,4
5173,1,35,38,10037__Node__5173,incoming,0.0,0.2153759583597102,0.0001743830545354,4
5175,1,2,617,10007__Node__5175,incoming,0.0,0.2399874598322752,0.0026097371147464,4
5176,1,2,617,10007__Node__5176,incoming,0.0,0.2399874598322752,0.0026097371147464,4
5177,2,23,61,10091__Node__5177,incoming,2.4943380303597013e-05,0.2555286656096136,0.0052782669281703,3
5178,2,45,29,10031__Node__5178,incoming,0.0003699340539207,0.2408558168803586,0.0002713521026924,3
5183,1,16,79,10093__Node__5183,incoming,0.0,0.2549329781034052,0.0034177652383314,4
5186,5,13,93,10073__Node__5186,incoming,0.0003094634194288,0.2857942878476759,0.0241135707292265,4
5187,1,9,134,10047__Node__5187,incoming,0.0,0.1764434712458223,8.12319243570349e-06,4
5189,1,3,284,10032__Node__5189,incoming,0.0,0.2371988535130529,0.00403645097798,4
5190,2,3,284,10032__Node__5190,incoming,8.59736819873287e-05,0.2390506674994144,0.0042460841756064,4
5192,1,1,762,10033__Node__5192,incoming,0.0,0.2683610867659947,0.014091263555276,4
5194,2,3,284,10032__Node__5194,incoming,8.59736819873287e-05,0.2390506674994144,0.0042460841756064,4
5196,1,7,142,10071__Node__5196,incoming,0.0,0.237843716016778,0.0002737663480395,4
5197,3,5,241,10020__Node__5197,incoming,0.0003463817143488,0.2394245054343576,0.0045501850569709,4
5198,2,2,617,10007__Node__5198,incoming,0.0003614598976384,0.2418068388217642,0.0027919312084127,4
5200,2,8,135,10039__Node__5200,incoming,2.3909748183611603e-05,0.2311641250188736,0.0029189750109324,4
5203,1,1,762,10033__Node__5203,incoming,0.0,0.2683610867659947,0.014091263555276,4
5205,1,21,62,10105__Node__5205,incoming,0.0,0.2154972200717854,0.0002096331976264,4
5206,2,13,93,10073__Node__5206,incoming,8.778301870516908e-06,0.2537919602154994,0.0058729573619154,3
5207,1,41,31,10052__Node__5207,incoming,0.0,0.2213067360508817,0.0004428564671978,4
5208,1,22,61,10025__Node__5208,incoming,0.0,0.2249320502460883,0.0009496431333218,4
5211,1,2,617,10007__Node__5211,incoming,0.0,0.2399874598322752,0.0026097371147464,4
5212,2,1,762,10033__Node__5212,incoming,7.487631396247306e-05,0.2720810378532077,0.0155783117330249,1
5214,1,16,79,10093__Node__5214,incoming,0.0,0.2549329781034052,0.0034177652383314,3
5215,2,21,62,10105__Node__5215,incoming,8.59736819873287e-05,0.2390506674994144,0.0042460841756064,4
5216,1,48,28,10014__Node__5216,outandin,0.0,0.162846354305164,3.088316361570195e-07,0
5219,4,4,253,10034__Node__5219,incoming,0.0006402265994984,0.2917301829268293,0.0236261372948378,4
5220,2,49,28,10153__Node__5220,incoming,2.8974668900630195e-05,0.2352489244007375,0.0019107294857971,4
5221,3,1,762,10033__Node__5221,incoming,0.0004125746099014,0.2833086602516654,0.0193322825667709,1
5223,3,1,762,10033__Node__5223,incoming,0.0003055928366877,0.2825765965300849,0.019966375339465,3
5224,1,3,284,10032__Node__5224,incoming,0.0,0.2371988535130529,0.00403645097798,4
5225,1,20,64,10087__Node__5225,incoming,0.0,0.1312529469758669,2.389934928079441e-08,4
5226,1,1,762,10033__Node__5226,incoming,0.0,0.2683610867659947,0.014091263555276,4
5227,1,1,762,10033__Node__5227,incoming,0.0,0.2683610867659947,0.014091263555276,3
5228,1,2,617,10007__Node__5228,incoming,0.0,0.2399874598322752,0.0026097371147464,4
5229,3,4,253,10034__Node__5229,incoming,0.0002946148160724,0.2790485737719858,0.0177490573430194,3
5232,3,47,29,10056__Node__5232,incoming,0.0007200215700636,0.2487610691364042,0.0009351886404746,1
5233,1,49,28,10153__Node__5233,incoming,0.0,0.225213298028832,0.0004236813080482,4
5234,1,21,62,10105__Node__5234,incoming,0.0,0.2154972200717854,0.0002096331976264,4
5235,1,11,116,10016__Node__5235,outandin,0.0,0.233224160255922,0.0022672555095382,2
5236,2,1,762,10033__Node__5236,incoming,4.524087821338092e-05,0.2693051890941073,0.0149690342017682,4
5238,1,24,59,10053__Node__5238,incoming,0.0,0.2279630732578916,0.000898499345689,4
5239,2,10,121,10055__Node__5239,outandin,4.108006732650373e-05,0.2645127850725639,0.0088739740703385,2
5240,1,1,762,10033__Node__5240,outandin,0.0,0.2683610867659947,0.014091263555276,0
5242,3,22,61,10025__Node__5242,incoming,0.0002595413022002,0.2734172693990535,0.015854387080729,3
5243,1,0,947,10003__Node__5243,incoming,0.0,0.2175024861486006,0.000164196921212,4
5244,2,4,253,10034__Node__5244,outandin,2.352474870298016e-05,0.2428616751269035,0.0068789218027592,0
5245,1,9,134,10047__Node__5245,incoming,0.0,0.1764434712458223,8.12319243570349e-06,1
5246,6,19,64,10008__Node__5246,incoming,0.0003861183399307,0.2555286656096136,0.0157476329214533,2
5247,1,20,64,10087__Node__5247,incoming,0.0,0.1312529469758669,2.389934928079441e-08,4
5249,1,21,62,10105__Node__5249,incoming,0.0,0.2154972200717854,0.0002096331976264,1
5250,3,16,79,10093__Node__5250,outandin,0.0002913174691904,0.263443173019014,0.006888784383016,0
5252,1,2,617,10007__Node__5252,incoming,0.0,0.2399874598322752,0.0026097371147464,4
5253,1,0,947,10003__Node__5253,incoming,0.0,0.2175024861486006,0.000164196921212,4
5254,1,21,62,10105__Node__5254,incoming,0.0,0.2154972200717854,0.0002096331976264,4
5255,2,52,26,10139__Node__5255,incoming,0.0001233206182476,0.2372723750484308,0.0002989927949376,4
5257,1,3,284,10032__Node__5257,incoming,0.0,0.2371988535130529,0.00403645097798,4
5258,1,3,284,10032__Node__5258,incoming,0.0,0.2371988535130529,0.00403645097798,4
5260,1,0,947,10003__Node__5260,incoming,0.0,0.2175024861486006,0.000164196921212,4
5264,2,33,43,10088__Node__5264,incoming,3.645589296865439e-06,0.216594751361675,0.0003339006859229,4
5265,3,28,49,10009__Node__5265,incoming,7.63005835920465e-05,0.2630584192439862,0.0107364064521936,3
5266,1,0,947,10003__Node__5266,incoming,0.0,0.2175024861486006,0.000164196921212,4
5268,2,1,762,10033__Node__5268,incoming,5.269534795206538e-05,0.27710407239819,0.0168189749935212,4
5269,2,43,30,10054__Node__5269,incoming,1.3887641242574028e-05,0.2557848132988054,0.0064168250892131,3
5270,5,10,121,10055__Node__5270,outandin,0.0014589263440973,0.2985860555826426,0.0283982972819329,1
5273,2,24,59,10053__Node__5273,incoming,2.5089349426785222e-05,0.2320575975748389,0.0011533469926211,4
5275,1,17,75,10149__Node__5275,incoming,0.0,0.2206210822105339,0.0003608298597847,4
5277,1,5,241,10020__Node__5277,incoming,0.0,0.237566917526573,0.0042162843710479,4
5278,3,51,27,10066__Node__5278,incoming,0.000541754298552,0.2495314155325564,0.0022049084352583,3
5279,1,5,241,10020__Node__5279,incoming,0.0,0.237566917526573,0.0042162843710479,4
5280,2,47,29,10056__Node__5280,outandin,2.013232017815538e-05,0.2388828210329224,0.0005107369011394,2
5282,1,58,24,10143__Node__5282,incoming,0.0,0.2170399773178338,0.0001821940936663,1
5283,2,23,61,10091__Node__5283,incoming,3.199120491013639e-05,0.253476821192053,0.0031430954640142,4
5284,2,2,617,10007__Node__5284,incoming,5.461457950978722e-05,0.2429965875724148,0.0033530448211858,4
5285,1,15,79,10017__Node__5285,incoming,0.0,0.2249485747869526,0.0012045680335147,3
5287,2,5,241,10020__Node__5287,incoming,5.182447575752253e-05,0.2654529692241005,0.0076340496093794,4
5288,4,18,71,10147__Node__5288,outandin,0.0004020427283079,0.26097332310577,0.0075234682694148,0
5289,1,5,241,10020__Node__5289,incoming,0.0,0.237566917526573,0.0042162843710479,2
5290,3,50,27,10019__Node__5290,incoming,0.0001804837504335,0.2578960667059715,0.0049616834277725,4
5291,2,2,617,10007__Node__5291,incoming,0.0001300566236737,0.2459635312073259,0.005085855658481,4
5293,1,6,144,10011__Node__5293,incoming,0.0,0.2365209331067511,0.0003016590512941,4
5294,1,2,617,10007__Node__5294,incoming,0.0,0.2399874598322752,0.0026097371147464,4
5295,1,1,762,10033__Node__5295,incoming,0.0,0.2683610867659947,0.014091263555276,4
5296,1,2,617,10007__Node__5296,incoming,0.0,0.2399874598322752,0.0026097371147464,4
5300,2,11,116,10016__Node__5300,outandin,5.39563082541534e-05,0.2407043471425202,0.0051097263343174,3
5301,1,2,617,10007__Node__5301,outandin,0.0,0.2399874598322752,0.0026097371147464,2
5302,1,21,62,10105__Node__5302,incoming,0.0,0.2154972200717854,0.0002096331976264,4
5303,1,0,947,10003__Node__5303,incoming,0.0,0.2175024861486006,0.000164196921212,4
5304,5,12,115,10006__Node__5304,outandin,0.000452082232495,0.2661914283230461,0.0085209575495128,1
5306,1,0,947,10003__Node__5306,incoming,0.0,0.2175024861486006,0.000164196921212,4
5307,1,2,617,10007__Node__5307,incoming,0.0,0.2399874598322752,0.0026097371147464,4
5308,1,3,284,10032__Node__5308,incoming,0.0,0.2371988535130529,0.00403645097798,4
5309,2,24,59,10053__Node__5309,incoming,2.7113803057067e-05,0.2293804779384223,0.0011081325433155,3
5310,1,1,762,10033__Node__5310,outandin,0.0,0.2683610867659947,0.014091263555276,3
5311,1,0,947,10003__Node__5311,incoming,0.0,0.2175024861486006,0.000164196921212,4
5313,2,5,241,10020__Node__5313,outandin,0.0002430247332174,0.2562557536195498,0.0042849599769986,2
5315,1,3,284,10032__Node__5315,incoming,0.0,0.2371988535130529,0.00403645097798,4
5319,1,3,284,10032__Node__5319,incoming,0.0,0.2371988535130529,0.00403645097798,3
5320,1,31,44,10065__Node__5320,incoming,0.0,0.2266469282013323,0.0018386608062089,4
5321,3,10,121,10055__Node__5321,incoming,0.0007054331900743,0.2638517880224041,0.0100682690033278,3
5322,2,1,762,10033__Node__5322,incoming,5.269534795206538e-05,0.27710407239819,0.0168189749935212,3
5323,1,7,142,10071__Node__5323,incoming,0.0,0.237843716016778,0.0002737663480395,4
5324,1,0,947,10003__Node__5324,incoming,0.0,0.2175024861486006,0.000164196921212,4
5325,1,6,144,10011__Node__5325,incoming,0.0,0.2365209331067511,0.0003016590512941,4
5326,2,3,284,10032__Node__5326,incoming,8.59736819873287e-05,0.2390506674994144,0.0042460841756064,4
5328,2,0,947,10003__Node__5328,incoming,0.000664712073882,0.2530787668402347,0.0002604419576191,2
5329,2,7,142,10071__Node__5329,incoming,0.0001364011546181,0.2422851717043836,0.0003700113844466,4
5330,2,1,762,10033__Node__5330,incoming,1.9014069920422304e-05,0.272856888255213,0.0195474723872831,4
5331,1,22,61,10025__Node__5331,incoming,0.0,0.2249320502460883,0.0009496431333218,4
5333,1,3,284,10032__Node__5333,incoming,0.0,0.2371988535130529,0.00403645097798,3
5334,1,1,762,10033__Node__5334,incoming,0.0,0.2683610867659947,0.014091263555276,2
5335,1,2,617,10007__Node__5335,incoming,0.0,0.2399874598322752,0.0026097371147464,4
5336,1,11,116,10016__Node__5336,outandin,0.0,0.233224160255922,0.0022672555095382,3
5338,1,1,762,10033__Node__5338,incoming,0.0,0.2683610867659947,0.014091263555276,4
5339,2,8,135,10039__Node__5339,incoming,4.073884112727048e-05,0.2343845682792406,0.0028369484035193,4
5340,1,15,79,10017__Node__5340,incoming,0.0,0.2249485747869526,0.0012045680335147,1
5342,2,2,617,10007__Node__5342,incoming,5.461457950978722e-05,0.2429965875724148,0.0033530448211858,2
5347,1,2,617,10007__Node__5347,incoming,0.0,0.2399874598322752,0.0026097371147464,4
5348,1,1,762,10033__Node__5348,incoming,0.0,0.2683610867659947,0.014091263555276,3
5349,1,23,61,10091__Node__5349,incoming,0.0,0.2436152438539263,0.000875839954476,4
5350,1,24,59,10053__Node__5350,incoming,0.0,0.2279630732578916,0.000898499345689,4
5351,1,49,28,10153__Node__5351,incoming,0.0,0.225213298028832,0.0004236813080482,4
5352,1,8,135,10039__Node__5352,incoming,0.0,0.2294320395624157,0.0024761185437346,4
5353,3,1,762,10033__Node__5353,incoming,0.0001305089771082,0.2810721498072333,0.0189795591818285,4
5355,1,21,62,10105__Node__5355,incoming,0.0,0.2154972200717854,0.0002096331976264,4
5356,2,19,64,10008__Node__5356,incoming,7.487631396247306e-05,0.2720810378532077,0.0155783117330249,3
5357,1,17,75,10149__Node__5357,incoming,0.0,0.2206210822105339,0.0003608298597847,4
5358,3,26,56,10177__Node__5358,outandin,4.910933978685924e-05,0.2653839486912809,0.010547903650271,2
5359,2,4,253,10034__Node__5359,incoming,2.352474870298016e-05,0.2428616751269035,0.0068789218027592,4
5361,1,3,284,10032__Node__5361,incoming,0.0,0.2371988535130529,0.00403645097798,4
5362,1,1,762,10033__Node__5362,incoming,0.0,0.2683610867659947,0.014091263555276,4
5363,1,1,762,10033__Node__5363,incoming,0.0,0.2683610867659947,0.014091263555276,3
5365,1,24,59,10053__Node__5365,incoming,0.0,0.2279630732578916,0.000898499345689,2
5367,1,0,947,10003__Node__5367,incoming,0.0,0.2175024861486006,0.000164196921212,4
5368,1,1,762,10033__Node__5368,outandin,0.0,0.2683610867659947,0.014091263555276,0
5369,1,15,79,10017__Node__5369,incoming,0.0,0.2249485747869526,0.0012045680335147,4
5370,1,40,34,10041__Node__5370,incoming,0.0,0.2210989963174236,0.0004325584913967,4
5371,1,27,52,10108__Node__5371,incoming,0.0,0.2191996563819886,0.000244376645587,4
5376,1,0,947,10003__Node__5376,incoming,0.0,0.2175024861486006,0.000164196921212,4
5378,1,11,116,10016__Node__5378,outandin,0.0,0.233224160255922,0.0022672555095382,1
5380,1,3,284,10032__Node__5380,incoming,0.0,0.2371988535130529,0.00403645097798,3
5383,1,7,142,10071__Node__5383,incoming,0.0,0.237843716016778,0.0002737663480395,4
5384,1,37,37,10191__Node__5384,incoming,0.0,0.2083418384704361,9.426528333245428e-05,1
5385,1,12,115,10006__Node__5385,incoming,0.0,0.2240925058548009,0.0007433077064394,4
5386,1,41,31,10052__Node__5386,incoming,0.0,0.2213067360508817,0.0004428564671978,4
5388,2,50,27,10019__Node__5388,incoming,0.0001366573165654,0.2562128692159652,0.0043518595170779,4
5390,2,56,25,10030__Node__5390,incoming,6.685743377175822e-05,0.2228043367532562,0.0005232182273153,2
5391,1,3,284,10032__Node__5391,incoming,0.0,0.2371988535130529,0.00403645097798,4
5392,6,1,762,10033__Node__5392,incoming,0.002255519195303,0.3122896481387047,0.0318056572269277,2
5393,2,2,617,10007__Node__5393,incoming,5.461457950978722e-05,0.2429965875724148,0.0033530448211858,2
5394,3,2,617,10007__Node__5394,incoming,0.0004814652092872,0.2787437414656349,0.0104299293267722,4
5395,1,21,62,10105__Node__5395,incoming,0.0,0.2154972200717854,0.0002096331976264,4
5396,2,40,34,10041__Node__5396,incoming,1.0204596028169712e-05,0.2223513179870742,0.0005441335160515,4
5398,1,0,947,10003__Node__5398,incoming,0.0,0.2175024861486006,0.000164196921212,4
5401,2,12,115,10006__Node__5401,incoming,8.447802069962387e-05,0.2293976625711717,0.0009529409040658,4
5405,1,7,142,10071__Node__5405,incoming,0.0,0.237843716016778,0.0002737663480395,4
5406,4,5,241,10020__Node__5406,incoming,0.0005741488334297,0.2692104800422015,0.0079045222898104,4
5407,2,8,135,10039__Node__5407,incoming,1.1422832238532758e-05,0.2349961627014581,0.0033746178894237,3
5408,1,0,947,10003__Node__5408,incoming,0.0,0.2175024861486006,0.000164196921212,4
5410,1,3,284,10032__Node__5410,incoming,0.0,0.2371988535130529,0.00403645097798,3
5411,1,3,284,10032__Node__5411,incoming,0.0,0.2371988535130529,0.00403645097798,4
5412,3,32,43,10064__Node__5412,outandin,0.0001845975601446,0.2599100246159069,0.0064733753435201,1
5413,3,38,35,10086__Node__5413,outandin,0.0001248705150875,0.2311466747188042,0.001232400031612,1
5414,3,10,121,10055__Node__5414,incoming,0.0001100004447104,0.2672135439392617,0.0097498140248145,4
5416,9,5,241,10020__Node__5416,incoming,0.004549963521037,0.2919805473443311,0.0234414965431214,3
5417,1,2,617,10007__Node__5417,incoming,0.0,0.2399874598322752,0.0026097371147464,4
5418,1,7,142,10071__Node__5418,incoming,0.0,0.237843716016778,0.0002737663480395,4
5420,1,51,27,10066__Node__5420,incoming,0.0,0.2329225619960444,9.624503640716152e-05,3
5422,2,24,59,10053__Node__5422,incoming,2.7113803057067e-05,0.2293804779384223,0.0011081325433155,4
5423,5,10,121,10055__Node__5423,outandin,0.0007987227788029,0.2733928571428571,0.0132849214118913,2
5424,1,6,144,10011__Node__5424,incoming,0.0,0.2365209331067511,0.0003016590512941,4
5425,1,3,284,10032__Node__5425,incoming,0.0,0.2371988535130529,0.00403645097798,2
5426,1,1,762,10033__Node__5426,incoming,0.0,0.2683610867659947,0.014091263555276,4
5429,1,0,947,10003__Node__5429,incoming,0.0,0.2175024861486006,0.000164196921212,4
5430,1,25,57,10196__Node__5430,incoming,0.0,0.2230802855893923,0.0003535959137667,4
5433,1,1,762,10033__Node__5433,incoming,0.0,0.2683610867659947,0.014091263555276,4
5434,1,0,947,10003__Node__5434,incoming,0.0,0.2175024861486006,0.000164196921212,4
5436,1,19,64,10008__Node__5436,incoming,0.0,0.229105873550318,0.0014870481777489,4
5437,1,3,284,10032__Node__5437,incoming,0.0,0.2371988535130529,0.00403645097798,4
5438,1,3,284,10032__Node__5438,incoming,0.0,0.2371988535130529,0.00403645097798,4
5439,1,39,34,10036__Node__5439,incoming,0.0,0.2151338438839317,0.0001115750246547,4
5440,1,21,62,10105__Node__5440,incoming,0.0,0.2154972200717854,0.0002096331976264,1
5441,4,45,29,10031__Node__5441,incoming,0.0002003983049546,0.2569869911875787,0.0047887329185206,3
5443,1,10,121,10055__Node__5443,incoming,0.0,0.2524736147757256,0.0054562088320071,3
5444,2,5,241,10020__Node__5444,incoming,1.7305131385909284e-05,0.2385850085709833,0.0047196112648231,4
5447,1,39,34,10036__Node__5447,incoming,0.0,0.2151338438839317,0.0001115750246547,4
5449,5,1,762,10033__Node__5449,incoming,0.000236568607576,0.2808916613154756,0.0231620724136623,4
5450,2,1,762,10033__Node__5450,incoming,7.487631396247306e-05,0.2720810378532077,0.0155783117330249,1
5451,1,17,75,10149__Node__5451,incoming,0.0,0.2206210822105339,0.0003608298597847,4
5452,4,6,144,10011__Node__5452,incoming,0.0009173866333463,0.2709015305671061,0.0103891067728583,3
5453,1,1,762,10033__Node__5453,incoming,0.0,0.2683610867659947,0.014091263555276,4
5454,1,18,71,10147__Node__5454,incoming,0.0,0.2354117013915584,0.0002308032257257,4
5458,1,2,617,10007__Node__5458,incoming,0.0,0.2399874598322752,0.0026097371147464,4
5460,2,3,284,10032__Node__5460,incoming,0.0002441860386413,0.2803515839589818,0.0181277145332561,4
5461,2,2,617,10007__Node__5461,incoming,5.461457950978722e-05,0.2429965875724148,0.0033530448211858,4
5462,2,7,142,10071__Node__5462,incoming,0.0001583494154027,0.2415397964818174,0.0003476106849036,4
5463,1,46,29,10045__Node__5463,incoming,0.0,0.2200977573317999,0.000254847646932,3
5464,1,0,947,10003__Node__5464,incoming,0.0,0.2175024861486006,0.000164196921212,4
5467,2,32,43,10064__Node__5467,incoming,0.0004389165320493,0.2607066836951894,0.0030281672810095,4
5468,2,13,93,10073__Node__5468,incoming,5.71577342834703e-05,0.2454902589593522,0.0084388779516744,3
5470,1,0,947,10003__Node__5470,incoming,0.0,0.2175024861486006,0.000164196921212,4
5471,1,24,59,10053__Node__5471,incoming,0.0,0.2279630732578916,0.000898499345689,4
5473,2,5,241,10020__Node__5473,incoming,6.992276531450556e-05,0.2470350947962888,0.008252735349028,2
5474,1,26,56,10177__Node__5474,incoming,0.0,0.2510865108651086,0.0027277114382451,4
5477,4,10,121,10055__Node__5477,incoming,0.0006442947636619,0.2809174311926605,0.0139554210981968,3
5478,1,0,947,10003__Node__5478,incoming,0.0,0.2175024861486006,0.000164196921212,4
5479,3,15,79,10017__Node__5479,incoming,0.0001793196115308,0.2388828210329224,0.0044078687180786,4
5481,1,36,37,10148__Node__5481,outandin,0.0,0.2353574173712528,0.0002356564880674,3
5482,4,56,25,10030__Node__5482,incoming,0.0002370160746782,0.2443150083778824,0.0072049077067198,4
5483,1,39,34,10036__Node__5483,incoming,0.0,0.2151338438839317,0.0001115750246547,4
5484,1,18,71,10147__Node__5484,incoming,0.0,0.2354117013915584,0.0002308032257257,3
5485,1,0,947,10003__Node__5485,incoming,0.0,0.2175024861486006,0.000164196921212,3
5486,1,26,56,10177__Node__5486,incoming,0.0,0.2510865108651086,0.0027277114382451,4
5489,1,25,57,10196__Node__5489,incoming,0.0,0.2230802855893923,0.0003535959137667,4
5490,1,4,253,10034__Node__5490,incoming,0.0,0.2336869419216973,0.0028424708247791,4
5491,1,24,59,10053__Node__5491,incoming,0.0,0.2279630732578916,0.000898499345689,4
5492,1,5,241,10020__Node__5492,incoming,0.0,0.237566917526573,0.0042162843710479,4
5495,3,54,25,10010__Node__5495,incoming,8.404344841738379e-05,0.2663535142658316,0.0081373765031545,3
5496,2,51,27,10066__Node__5496,incoming,0.0002823752945336,0.2412543334383864,0.0003406216819942,4
5497,2,1,762,10033__Node__5497,incoming,0.000378411866955,0.2707578035193209,0.0143220667810017,3
5498,1,26,56,10177__Node__5498,incoming,0.0,0.2510865108651086,0.0027277114382451,4
5500,1,1,762,10033__Node__5500,outandin,0.0,0.2683610867659947,0.014091263555276,2
5501,1,0,947,10003__Node__5501,incoming,0.0,0.2175024861486006,0.000164196921212,4
5502,1,49,28,10153__Node__5502,incoming,0.0,0.225213298028832,0.0004236813080482,4
5503,1,17,75,10149__Node__5503,incoming,0.0,0.2206210822105339,0.0003608298597847,4
5504,1,37,37,10191__Node__5504,outandin,0.0,0.2083418384704361,9.426528333245428e-05,3
5506,2,59,24,10057__Node__5506,incoming,1.0116977358985008e-05,0.2359195623699822,0.0052177499366586,4
5507,2,1,762,10033__Node__5507,outandin,1.9014069920422304e-05,0.272856888255213,0.0195474723872831,1
5508,1,2,617,10007__Node__5508,incoming,0.0,0.2399874598322752,0.0026097371147464,4
5511,1,3,284,10032__Node__5511,incoming,0.0,0.2371988535130529,0.00403645097798,4
5512,3,1,762,10033__Node__5512,incoming,0.0001019675394,0.279201240083888,0.0239498993609775,4
5513,2,8,135,10039__Node__5513,incoming,1.349748557715658e-05,0.2390506674994144,0.0053185893685137,3
5516,6,3,284,10032__Node__5516,incoming,0.0005406360212793,0.2811237605582078,0.0151583531082633,3
5518,1,2,617,10007__Node__5518,incoming,0.0,0.2399874598322752,0.0026097371147464,4
5519,2,40,34,10041__Node__5519,incoming,2.330611411939482e-05,0.2262282970077576,0.0007124921668104,3
5520,1,26,56,10177__Node__5520,incoming,0.0,0.2510865108651086,0.0027277114382451,4
5523,1,0,947,10003__Node__5523,incoming,0.0,0.2175024861486006,0.000164196921212,4
5524,1,1,762,10033__Node__5524,incoming,0.0,0.2683610867659947,0.014091263555276,2
5525,1,2,617,10007__Node__5525,incoming,0.0,0.2399874598322752,0.0026097371147464,4
5526,1,2,617,10007__Node__5526,incoming,0.0,0.2399874598322752,0.0026097371147464,4
5527,1,0,947,10003__Node__5527,incoming,0.0,0.2175024861486006,0.000164196921212,4
5528,1,8,135,10039__Node__5528,incoming,0.0,0.2294320395624157,0.0024761185437346,4
5529,1,2,617,10007__Node__5529,incoming,0.0,0.2399874598322752,0.0026097371147464,4
5530,1,25,57,10196__Node__5530,incoming,0.0,0.2230802855893923,0.0003535959137667,4
5531,1,52,26,10139__Node__5531,incoming,0.0,0.2216912829423689,6.818956921190524e-05,4
5532,4,3,284,10032__Node__5532,incoming,0.0001230209758584,0.248579314823835,0.0108420885242427,3
5533,2,1,762,10033__Node__5533,incoming,0.0003469801132741,0.2689976280418167,0.014186395673123,2
5534,7,26,56,10177__Node__5534,incoming,0.0007353979157632,0.2966479364464251,0.0313731765858889,2
5535,1,13,93,10073__Node__5535,incoming,0.0,0.2343666283964791,0.0044024269736943,3
5536,1,1,762,10033__Node__5536,incoming,0.0,0.2683610867659947,0.014091263555276,4
5538,1,7,142,10071__Node__5538,incoming,0.0,0.237843716016778,0.0002737663480395,4
5541,1,3,284,10032__Node__5541,incoming,0.0,0.2371988535130529,0.00403645097798,4
5543,1,7,142,10071__Node__5543,incoming,0.0,0.237843716016778,0.0002737663480395,4
5544,1,24,59,10053__Node__5544,incoming,0.0,0.2279630732578916,0.000898499345689,4
5548,1,15,79,10017__Node__5548,incoming,0.0,0.2249485747869526,0.0012045680335147,4
5549,1,24,59,10053__Node__5549,incoming,0.0,0.2279630732578916,0.000898499345689,4
5551,1,15,79,10017__Node__5551,incoming,0.0,0.2249485747869526,0.0012045680335147,4
5552,1,3,284,10032__Node__5552,incoming,0.0,0.2371988535130529,0.00403645097798,4
5554,2,43,30,10054__Node__5554,incoming,5.8212518654121305e-06,0.255187932327694,0.0074706069475258,4
5556,3,3,284,10032__Node__5556,incoming,0.0004120135794677,0.2844403158383651,0.0206038330769907,4
5557,2,23,61,10091__Node__5557,outandin,2.88617941332696e-05,0.2454115572653682,0.0017536106009682,3
5559,1,21,62,10105__Node__5559,incoming,0.0,0.2154972200717854,0.0002096331976264,4
5562,3,10,121,10055__Node__5562,incoming,0.000287416394317,0.2640793445450625,0.0087458077678728,3
5563,1,3,284,10032__Node__5563,incoming,0.0,0.2371988535130529,0.00403645097798,4
5564,1,2,617,10007__Node__5564,incoming,0.0,0.2399874598322752,0.0026097371147464,4
5565,1,1,762,10033__Node__5565,incoming,0.0,0.2683610867659947,0.014091263555276,4
5566,1,21,62,10105__Node__5566,incoming,0.0,0.2154972200717854,0.0002096331976264,4
5567,1,6,144,10011__Node__5567,incoming,0.0,0.2365209331067511,0.0003016590512941,3
5568,2,55,25,10013__Node__5568,incoming,3.4001010930272524e-05,0.2405530677979417,0.0027733346511765,4
5569,1,5,241,10020__Node__5569,incoming,0.0,0.237566917526573,0.0042162843710479,4
5570,3,60,24,10061__Node__5570,outandin,0.0003357236573093,0.2575273338940286,0.0037460301775177,1
5571,1,0,947,10003__Node__5571,incoming,0.0,0.2175024861486006,0.000164196921212,3
5572,1,13,93,10073__Node__5572,incoming,0.0,0.2343666283964791,0.0044024269736943,1
5573,4,8,135,10039__Node__5573,incoming,0.0002191582901259,0.2734416860153599,0.0117689955662551,4
5575,1,12,115,10006__Node__5575,incoming,0.0,0.2240925058548009,0.0007433077064394,4
5576,1,2,617,10007__Node__5576,incoming,0.0,0.2399874598322752,0.0026097371147464,4
5578,1,53,26,10060__Node__5578,incoming,0.0,0.2177035193743334,0.0001038327972286,1
5580,4,11,116,10016__Node__5580,incoming,0.0003953459488445,0.2527028142279442,0.010873586772333,4
5585,3,19,64,10008__Node__5585,incoming,6.354433950616283e-05,0.2377883047293624,0.004197160154485,4
5586,1,2,617,10007__Node__5586,incoming,0.0,0.2399874598322752,0.0026097371147464,4
5588,2,2,617,10007__Node__5588,incoming,0.0002583425659199,0.2510247581570749,0.0068260214857944,1
5589,1,9,134,10047__Node__5589,outandin,0.0,0.1764434712458223,8.12319243570349e-06,2
5590,6,5,241,10020__Node__5590,incoming,0.0022053641457551,0.2999608150470219,0.0178214295324822,2
5592,1,21,62,10105__Node__5592,incoming,0.0,0.2154972200717854,0.0002096331976264,4
5593,1,24,59,10053__Node__5593,incoming,0.0,0.2279630732578916,0.000898499345689,4
5595,4,36,37,10148__Node__5595,incoming,0.0004312888388246,0.2794560554896413,0.0202163951947868,3
5597,1,1,762,10033__Node__5597,outandin,0.0,0.2683610867659947,0.014091263555276,2
5598,2,61,24,10339__Node__5598,incoming,0.0001981615850933,0.2421893537926125,0.0003688984658865,4
5599,1,38,35,10086__Node__5599,outandin,0.0,0.2153002390662354,0.0002172187740778,3
5600,1,2,617,10007__Node__5600,incoming,0.0,0.2399874598322752,0.0026097371147464,4
5601,3,2,617,10007__Node__5601,incoming,0.0010038521748212,0.2882424927045091,0.0175768406244984,4
5602,2,8,135,10039__Node__5602,incoming,1.349748557715658e-05,0.2390506674994144,0.0053185893685137,4
5604,1,0,947,10003__Node__5604,incoming,0.0,0.2175024861486006,0.000164196921212,4
5605,1,2,617,10007__Node__5605,incoming,0.0,0.2399874598322752,0.0026097371147464,4
5606,2,2,617,10007__Node__5606,incoming,0.0002668918386908,0.2692104800422015,0.0080659459467535,4
5607,2,25,57,10196__Node__5607,incoming,4.731458064019244e-05,0.2339368935747574,0.0028297144575013,3
5609,1,2,617,10007__Node__5609,incoming,0.0,0.2399874598322752,0.0026097371147464,4
5612,2,45,29,10031__Node__5612,incoming,4.058275893460822e-05,0.2340441794695406,0.0024423625758235,3
5615,1,2,617,10007__Node__5615,incoming,0.0,0.2399874598322752,0.0026097371147464,4
5616,1,0,947,10003__Node__5616,incoming,0.0,0.2175024861486006,0.000164196921212,4
5617,1,2,617,10007__Node__5617,incoming,0.0,0.2399874598322752,0.0026097371147464,4
5618,1,3,284,10032__Node__5618,incoming,0.0,0.2371988535130529,0.00403645097798,4
5619,2,4,253,10034__Node__5619,incoming,2.352474870298016e-05,0.2428616751269035,0.0068789218027592,3
5620,1,2,617,10007__Node__5620,incoming,0.0,0.2399874598322752,0.0026097371147464,4
5621,2,19,64,10008__Node__5621,incoming,9.870945275725384e-06,0.2342052929478354,0.0033257089839579,4
5622,1,44,29,10119__Node__5622,incoming,0.0,0.215588256002253,0.0001850518649942,3
5624,2,2,617,10007__Node__5624,incoming,0.0002583425659199,0.2510247581570749,0.0068260214857944,2
5625,1,21,62,10105__Node__5625,incoming,0.0,0.2154972200717854,0.0002096331976264,4
5626,3,4,253,10034__Node__5626,incoming,6.136417329067705e-05,0.2415969701751617,0.0065231574020285,4
5627,1,1,762,10033__Node__5627,incoming,0.0,0.2683610867659947,0.014091263555276,4
5630,3,26,56,10177__Node__5630,incoming,8.769849127295542e-05,0.2696371961958436,0.0113464227829875,2
5631,3,4,253,10034__Node__5631,incoming,5.199928592348838e-05,0.2455887070901508,0.0093550403464938,4
5632,1,19,64,10008__Node__5632,outandin,0.0,0.229105873550318,0.0014870481777489,2
5633,1,8,135,10039__Node__5633,incoming,0.0,0.2294320395624157,0.0024761185437346,4
5634,1,2,617,10007__Node__5634,incoming,0.0,0.2399874598322752,0.0026097371147464,4
5636,1,56,25,10030__Node__5636,incoming,0.0,0.21146408839779,0.0001623883675305,2
5638,5,3,284,10032__Node__5638,incoming,0.0006214155188461,0.2524111779737861,0.0111187346148272,4
5639,5,12,115,10006__Node__5639,incoming,0.0006337862869083,0.2513338258228679,0.0090613921077404,4
5640,4,13,93,10073__Node__5640,incoming,0.0001484328577432,0.2722503778785454,0.0133608208985063,4
5641,2,2,617,10007__Node__5641,incoming,5.461457950978722e-05,0.2429965875724148,0.0033530448211858,4
5643,1,8,135,10039__Node__5643,incoming,0.0,0.2294320395624157,0.0024761185437346,4
5644,1,21,62,10105__Node__5644,incoming,0.0,0.2154972200717854,0.0002096331976264,4
5645,1,2,617,10007__Node__5645,incoming,0.0,0.2399874598322752,0.0026097371147464,4
5648,2,19,64,10008__Node__5648,incoming,1.929066180125086e-05,0.2401757000549062,0.0057033325487969,3
5649,1,3,284,10032__Node__5649,incoming,0.0,0.2371988535130529,0.00403645097798,4
5650,1,0,947,10003__Node__5650,incoming,0.0,0.2175024861486006,0.000164196921212,4
5652,3,23,61,10091__Node__5652,outandin,5.1851383014019584e-05,0.2572244623655914,0.0060935898911346,1
5653,2,13,93,10073__Node__5653,outandin,1.9219311077706705e-05,0.2594695364799593,0.0071301384119395,2
5654,1,3,284,10032__Node__5654,incoming,0.0,0.2371988535130529,0.00403645097798,2
5658,1,37,37,10191__Node__5658,incoming,0.0,0.2083418384704361,9.426528333245428e-05,2
5659,2,2,617,10007__Node__5659,outandin,0.0007749913762437,0.2856076858502005,0.0167010006700224,3
5660,1,8,135,10039__Node__5660,outandin,0.0,0.2294320395624157,0.0024761185437346,0
5661,1,0,947,10003__Node__5661,incoming,0.0,0.2175024861486006,0.000164196921212,4
5662,2,1,762,10033__Node__5662,incoming,1.9014069920422304e-05,0.272856888255213,0.0195474723872831,3
5663,2,12,115,10006__Node__5663,incoming,7.208426843160746e-05,0.2404019784878699,0.0047797586844194,4
5666,4,57,25,10219__Node__5666,incoming,0.0010006901936385,0.2837812789620018,0.0238395692983289,4
5669,1,2,617,10007__Node__5669,incoming,0.0,0.2399874598322752,0.0026097371147464,4
5674,1,9,134,10047__Node__5674,incoming,0.0,0.1764434712458223,8.12319243570349e-06,3
5676,1,0,947,10003__Node__5676,incoming,0.0,0.2175024861486006,0.000164196921212,4
5677,1,14,90,10077__Node__5677,incoming,0.0,0.2212747506865154,0.0008134803921311,4
5681,1,39,34,10036__Node__5681,incoming,0.0,0.2151338438839317,0.0001115750246547,4
5683,2,21,62,10105__Node__5683,incoming,8.447802069962387e-05,0.2293976625711717,0.0009529409040658,1
5684,1,2,617,10007__Node__5684,incoming,0.0,0.2399874598322752,0.0026097371147464,4
5685,3,59,24,10057__Node__5685,incoming,0.000177644546539,0.2613966194297422,0.0057276138954203,2
5687,1,0,947,10003__Node__5687,incoming,0.0,0.2175024861486006,0.000164196921212,4
5688,1,21,62,10105__Node__5688,incoming,0.0,0.2154972200717854,0.0002096331976264,4
5689,1,2,617,10007__Node__5689,incoming,0.0,0.2399874598322752,0.0026097371147464,4
5690,3,5,241,10020__Node__5690,incoming,0.000290823875097,0.2888406754079803,0.0217253131646554,1
5691,3,8,135,10039__Node__5691,incoming,0.0001169625344316,0.267938396919846,0.0123347543494361,4
5692,1,7,142,10071__Node__5692,incoming,0.0,0.237843716016778,0.0002737663480395,4
5694,1,0,947,10003__Node__5694,incoming,0.0,0.2175024861486006,0.000164196921212,4
5695,1,0,947,10003__Node__5695,incoming,0.0,0.2175024861486006,0.000164196921212,4
5696,1,0,947,10003__Node__5696,incoming,0.0,0.2175024861486006,0.000164196921212,4
5697,1,7,142,10071__Node__5697,incoming,0.0,0.237843716016778,0.0002737663480395,4
5700,1,9,134,10047__Node__5700,incoming,0.0,0.1764434712458223,8.12319243570349e-06,4
5701,1,35,38,10037__Node__5701,incoming,0.0,0.2153759583597102,0.0001743830545354,4
5703,1,2,617,10007__Node__5703,incoming,0.0,0.2399874598322752,0.0026097371147464,4
5705,2,33,43,10088__Node__5705,incoming,3.645589296865439e-06,0.216594751361675,0.0003339006859229,4
5708,1,0,947,10003__Node__5708,incoming,0.0,0.2175024861486006,0.000164196921212,4
5709,2,23,61,10091__Node__5709,incoming,6.667454559342008e-05,0.2713817247186032,0.014967103509752,4
5711,3,3,284,10032__Node__5711,outandin,0.0001254666354754,0.250183838548901,0.0107288538927627,2
5712,1,22,61,10025__Node__5712,incoming,0.0,0.2249320502460883,0.0009496431333218,1
5714,2,1,762,10033__Node__5714,incoming,1.9014069920422304e-05,0.272856888255213,0.0195474723872831,4
5715,2,8,135,10039__Node__5715,incoming,1.2070038137016915e-05,0.2343845682792406,0.0043147793499436,3
5716,2,46,29,10045__Node__5716,outandin,1.3099787635006944e-05,0.2339726446091541,0.0025221031564703,1
5717,1,2,617,10007__Node__5717,incoming,0.0,0.2399874598322752,0.0026097371147464,3
5718,2,4,253,10034__Node__5718,incoming,0.0005427189653654,0.2530578512396694,0.0029163151616433,4
5719,1,2,617,10007__Node__5719,incoming,0.0,0.2399874598322752,0.0026097371147464,4
5720,4,29,48,10051__Node__5720,incoming,0.0001737666802669,0.2843346643142353,0.0226919323554366,4
5721,1,9,134,10047__Node__5721,incoming,0.0,0.1764434712458223,8.12319243570349e-06,4
5724,2,38,35,10086__Node__5724,incoming,3.645589296865439e-06,0.216594751361675,0.0003339006859229,4
5725,5,3,284,10032__Node__5725,incoming,0.0019646877252017,0.3035891334523101,0.0229512897426629,4
5726,1,3,284,10032__Node__5726,incoming,0.0,0.2371988535130529,0.00403645097798,4
5729,3,5,241,10020__Node__5729,incoming,8.769849127295542e-05,0.2696371961958436,0.0113464227829875,2
5730,1,2,617,10007__Node__5730,incoming,0.0,0.2399874598322752,0.0026097371147464,4
5731,2,11,116,10016__Node__5731,incoming,1.6372902258929677e-05,0.2534348617778513,0.0037377858977593,4
5732,1,2,617,10007__Node__5732,incoming,0.0,0.2399874598322752,0.0026097371147464,4
5733,3,59,24,10057__Node__5733,incoming,5.979538443071214e-05,0.2582222971833361,0.0046567695093439,1
5736,4,4,253,10034__Node__5736,outandin,0.0002293189378314,0.2503065478623396,0.0100446766579865,0
5738,1,14,90,10077__Node__5738,incoming,0.0,0.2212747506865154,0.0008134803921311,4
5739,1,0,947,10003__Node__5739,incoming,0.0,0.2175024861486006,0.000164196921212,4
5740,2,23,61,10091__Node__5740,incoming,0.0001678291216299,0.2454705788039121,0.0009701052378084,1
5741,1,30,44,10026__Node__5741,incoming,0.0,0.2175024861486006,0.0002270011766974,4
5743,3,8,135,10039__Node__5743,incoming,0.0001265750540645,0.242669202726264,0.0067674171686467,4
5744,4,1,762,10033__Node__5744,outandin,0.0006271081658958,0.2781108083560399,0.0174268471038774,2
5745,2,8,135,10039__Node__5745,incoming,5.318154371130344e-05,0.2319872717630123,0.002685751741361,2
5747,5,12,115,10006__Node__5747,incoming,0.0018694504581359,0.3032283620518914,0.0233194201606509,4
5749,2,1,762,10033__Node__5749,incoming,1.9014069920422304e-05,0.272856888255213,0.0195474723872831,4
5750,1,0,947,10003__Node__5750,incoming,0.0,0.2175024861486006,0.000164196921212,4
5751,1,1,762,10033__Node__5751,incoming,0.0,0.2683610867659947,0.014091263555276,4
5752,1,5,241,10020__Node__5752,incoming,0.0,0.237566917526573,0.0042162843710479,4
5754,5,34,40,10070__Node__5754,outandin,0.0015057720363762,0.2600203804347826,0.0041864991184575,2
5755,1,23,61,10091__Node__5755,outandin,0.0,0.2436152438539263,0.000875839954476,1
5756,1,0,947,10003__Node__5756,incoming,0.0,0.2175024861486006,0.000164196921212,4
5758,4,1,762,10033__Node__5758,incoming,0.0004982838847151,0.2774555998550199,0.0183194997654552,4
5759,1,10,121,10055__Node__5759,incoming,0.0,0.2524736147757256,0.0054562088320071,4
5760,1,0,947,10003__Node__5760,incoming,0.0,0.2175024861486006,0.000164196921212,4
5761,3,5,241,10020__Node__5761,incoming,9.809984339422426e-05,0.244022951864839,0.0073820392262753,2
5764,1,2,617,10007__Node__5764,incoming,0.0,0.2399874598322752,0.0026097371147464,4
5766,1,20,64,10087__Node__5766,incoming,0.0,0.1312529469758669,2.389934928079441e-08,4
5767,3,4,253,10034__Node__5767,incoming,6.150389859957142e-05,0.2407989933941491,0.0052280183482171,4
5768,1,58,24,10143__Node__5768,outandin,0.0,0.2170399773178338,0.0001821940936663,1
5769,2,43,30,10054__Node__5769,incoming,5.8212518654121305e-06,0.255187932327694,0.0074706069475258,4
5770,2,22,61,10025__Node__5770,outandin,2.5100148913008877e-05,0.255955863913734,0.0064058519653289,0
5772,2,28,49,10009__Node__5772,incoming,1.8188680427236496e-05,0.2541711629451316,0.0063339794784993,4
5774,1,21,62,10105__Node__5774,incoming,0.0,0.2154972200717854,0.0002096331976264,4
5775,1,0,947,10003__Node__5775,incoming,0.0,0.2175024861486006,0.000164196921212,4
5777,1,2,617,10007__Node__5777,incoming,0.0,0.2399874598322752,0.0026097371147464,4
5783,1,24,59,10053__Node__5783,incoming,0.0,0.2279630732578916,0.000898499345689,4
5784,3,12,115,10006__Node__5784,incoming,0.0001469451792416,0.2459240221668942,0.0076222295091986,4
5786,3,34,40,10070__Node__5786,incoming,0.0003036996383144,0.2445686900958466,0.0004234232249014,4
5787,4,38,35,10086__Node__5787,incoming,0.0013391259931497,0.2746188340807174,0.015323663586888,4
5788,1,19,64,10008__Node__5788,incoming,0.0,0.229105873550318,0.0014870481777489,4
5789,1,2,617,10007__Node__5789,incoming,0.0,0.2399874598322752,0.0026097371147464,4
5791,1,0,947,10003__Node__5791,outandin,0.0,0.2175024861486006,0.000164196921212,3
5793,2,1,762,10033__Node__5793,incoming,6.070864224072986e-05,0.2693051890941073,0.0145096937215391,4
5794,3,13,93,10073__Node__5794,incoming,5.665162774128595e-05,0.2456872342132713,0.0101057595224913,4
5795,1,0,947,10003__Node__5795,incoming,0.0,0.2175024861486006,0.000164196921212,4
5796,2,4,253,10034__Node__5796,incoming,2.352474870298016e-05,0.2428616751269035,0.0068789218027592,4
5797,1,40,34,10041__Node__5797,outandin,0.0,0.2210989963174236,0.0004325584913967,0
5798,4,13,93,10073__Node__5798,incoming,0.0001820148802603,0.2645127850725639,0.0094141491922917,2
5799,3,16,79,10093__Node__5799,incoming,0.0006081963302107,0.2816409124356144,0.0102437867241258,4
5802,1,26,56,10177__Node__5802,outandin,0.0,0.2510865108651086,0.0027277114382451,3
5804,2,46,29,10045__Node__5804,incoming,5.708750764740053e-05,0.2392000624951175,0.0042912986249121,1
5806,1,18,71,10147__Node__5806,incoming,0.0,0.2354117013915584,0.0002308032257257,4
5808,1,31,44,10065__Node__5808,incoming,0.0,0.2266469282013323,0.0018386608062089,4
5810,3,8,135,10039__Node__5810,incoming,9.171817900690292e-05,0.2363566190659977,0.0035842510870501,2
5812,1,0,947,10003__Node__5812,incoming,0.0,0.2175024861486006,0.000164196921212,4
5813,2,51,27,10066__Node__5813,incoming,0.0002864256089609,0.2431702668360864,0.000539101503605,3
5814,1,0,947,10003__Node__5814,incoming,0.0,0.2175024861486006,0.000164196921212,4
5816,1,52,26,10139__Node__5816,incoming,0.0,0.2216912829423689,6.818956921190524e-05,4
5817,2,4,253,10034__Node__5817,incoming,2.352474870298016e-05,0.2428616751269035,0.0068789218027592,4
5818,1,53,26,10060__Node__5818,incoming,0.0,0.2177035193743334,0.0001038327972286,1
5819,1,0,947,10003__Node__5819,incoming,0.0,0.2175024861486006,0.000164196921212,4
5820,5,26,56,10177__Node__5820,incoming,0.0004425617268054,0.2902644800455019,0.027960204573398,4
5821,1,23,61,10091__Node__5821,outandin,0.0,0.2436152438539263,0.000875839954476,0
5822,2,15,79,10017__Node__5822,incoming,2.653171875057377e-05,0.2362472031479052,0.003471823543053,4
5823,1,4,253,10034__Node__5823,incoming,0.0,0.2336869419216973,0.0028424708247791,4
5826,2,31,44,10065__Node__5826,incoming,4.139241354486576e-05,0.271357674583481,0.015929924361485,4
5827,2,5,241,10020__Node__5827,incoming,2.109196554546504e-05,0.2576790372801481,0.005686814759269,4
5828,1,18,71,10147__Node__5828,incoming,0.0,0.2354117013915584,0.0002308032257257,4
5830,2,24,59,10053__Node__5830,incoming,2.847461816859815e-05,0.2401003685407355,0.0049349503236691,4
5831,3,1,762,10033__Node__5831,incoming,0.0002257036510893,0.2839655012519707,0.0227099749000184,4
5832,1,13,93,10073__Node__5832,incoming,0.0,0.2343666283964791,0.0044024269736943,4
5833,5,10,121,10055__Node__5833,incoming,0.0003630912129324,0.2861147449074939,0.0276168156800588,4
5834,4,8,135,10039__Node__5834,incoming,0.0003453063390183,0.2454312279576787,0.0074655104257805,4
5837,2,2,617,10007__Node__5837,incoming,0.0002980292885332,0.2714298377803386,0.0060275023530778,4
5839,8,31,44,10065__Node__5839,outandin,0.003610797148428,0.3185932785350119,0.0326507247101864,0
5840,2,24,59,10053__Node__5840,incoming,2.7113803057067e-05,0.2293804779384223,0.0011081325433155,1
5842,1,5,241,10020__Node__5842,incoming,0.0,0.237566917526573,0.0042162843710479,4
5843,1,21,62,10105__Node__5843,incoming,0.0,0.2154972200717854,0.0002096331976264,4
5844,3,1,762,10033__Node__5844,outandin,0.0001306598595641,0.2830991124260355,0.0212214019672155,1
5845,1,16,79,10093__Node__5845,outandin,0.0,0.2549329781034052,0.0034177652383314,3
5846,2,47,29,10056__Node__5846,outandin,2.013232017815538e-05,0.2388828210329224,0.0005107369011394,3
5847,1,44,29,10119__Node__5847,incoming,0.0,0.215588256002253,0.0001850518649942,3
5849,2,1,762,10033__Node__5849,incoming,1.9014069920422304e-05,0.272856888255213,0.0195474723872831,4
5850,3,26,56,10177__Node__5850,outandin,9.84834997526299e-05,0.281356243682808,0.0222751838255283,2
5851,2,6,144,10011__Node__5851,incoming,0.000231119577689,0.2441396906394514,0.0005373155393616,3
5853,1,4,253,10034__Node__5853,incoming,0.0,0.2336869419216973,0.0028424708247791,4
5854,1,1,762,10033__Node__5854,incoming,0.0,0.2683610867659947,0.014091263555276,4
5855,6,14,90,10077__Node__5855,incoming,0.0007541159951216,0.2655680832610581,0.0099649132392022,3
5856,1,5,241,10020__Node__5856,outandin,0.0,0.237566917526573,0.0042162843710479,3
5858,1,10,121,10055__Node__5858,incoming,0.0,0.2524736147757256,0.0054562088320071,1
5859,3,60,24,10061__Node__5859,outandin,6.992088104759231e-05,0.2409316232591077,0.0002687534395864,2
5860,7,8,135,10039__Node__5860,incoming,0.0008441421423452,0.3000489955903969,0.031398733385738,4
5862,1,26,56,10177__Node__5862,incoming,0.0,0.2510865108651086,0.0027277114382451,4
5863,4,16,79,10093__Node__5863,incoming,0.0010222216095202,0.269139491957458,0.0091046294132009,3
5864,1,3,284,10032__Node__5864,incoming,0.0,0.2371988535130529,0.00403645097798,4
5866,5,4,253,10034__Node__5866,incoming,0.0007178942464253,0.2915635117120548,0.022353062029564,3
5867,1,57,25,10219__Node__5867,outandin,0.0,0.227624145108534,7.581253999781134e-05,3
5869,1,22,61,10025__Node__5869,incoming,0.0,0.2249320502460883,0.0009496431333218,1
5870,3,47,29,10056__Node__5870,incoming,0.0001306622631563,0.2462206497266001,0.0008643328149061,4
5871,1,15,79,10017__Node__5871,incoming,0.0,0.2249485747869526,0.0012045680335147,4
5873,1,23,61,10091__Node__5873,outandin,0.0,0.2436152438539263,0.000875839954476,3
5874,1,0,947,10003__Node__5874,incoming,0.0,0.2175024861486006,0.000164196921212,3
5875,1,1,762,10033__Node__5875,incoming,0.0,0.2683610867659947,0.014091263555276,3
5876,2,54,25,10010__Node__5876,incoming,9.199084832713514e-06,0.2256780660377358,0.0013168072859062,2
5877,1,14,90,10077__Node__5877,incoming,0.0,0.2212747506865154,0.0008134803921311,4
5878,1,2,617,10007__Node__5878,incoming,0.0,0.2399874598322752,0.0026097371147464,4
5880,2,4,253,10034__Node__5880,incoming,2.352474870298016e-05,0.2428616751269035,0.0068789218027592,4
5881,2,12,115,10006__Node__5881,incoming,5.461457950978722e-05,0.2429965875724148,0.0033530448211858,3
5882,1,2,617,10007__Node__5882,incoming,0.0,0.2399874598322752,0.0026097371147464,4
5883,3,7,142,10071__Node__5883,incoming,0.0009360226008385,0.2740044742729307,0.0153146730366373,3
5884,1,0,947,10003__Node__5884,incoming,0.0,0.2175024861486006,0.000164196921212,4
5886,1,18,71,10147__Node__5886,incoming,0.0,0.2354117013915584,0.0002308032257257,4
5889,1,36,37,10148__Node__5889,incoming,0.0,0.2353574173712528,0.0002356564880674,4
5890,1,45,29,10031__Node__5890,outandin,0.0,0.2163651780667043,0.0001751070662853,3
5891,2,28,49,10009__Node__5891,incoming,1.873539159458638e-05,0.2322688310703178,0.0027164314527011,4
5892,4,5,241,10020__Node__5892,incoming,0.0003106227305072,0.2658909343522056,0.0086973779752467,4
5893,1,24,59,10053__Node__5893,incoming,0.0,0.2279630732578916,0.000898499345689,4
5894,1,7,142,10071__Node__5894,incoming,0.0,0.237843716016778,0.0002737663480395,4
5895,1,2,617,10007__Node__5895,incoming,0.0,0.2399874598322752,0.0026097371147464,4
5896,2,43,30,10054__Node__5896,incoming,1.3887641242574028e-05,0.2557848132988054,0.0064168250892131,4
5897,1,55,25,10013__Node__5897,incoming,0.0,0.2067103220144467,0.00016359753643,4
5899,1,15,79,10017__Node__5899,outandin,0.0,0.2249485747869526,0.0012045680335147,1
5900,1,13,93,10073__Node__5900,incoming,0.0,0.2343666283964791,0.0044024269736943,3
5901,2,20,64,10087__Node__5901,incoming,0.000352866048696,0.1634199711800181,3.32730985437814e-07,2
5902,3,1,762,10033__Node__5902,incoming,8.244362856103914e-05,0.2736371760500447,0.0204252430337753,3
5903,1,2,617,10007__Node__5903,incoming,0.0,0.2399874598322752,0.0026097371147464,4
5904,1,8,135,10039__Node__5904,incoming,0.0,0.2294320395624157,0.0024761185437346,2
5907,2,40,34,10041__Node__5907,incoming,9.90406153807296e-06,0.231531190926276,0.0029086770351314,4
5908,2,1,762,10033__Node__5908,incoming,0.0001323849442163,0.2720810378532077,0.0152958315887908,1
5911,2,7,142,10071__Node__5911,incoming,0.0002309323716919,0.2410454223411792,0.0005537000234532,4
5912,1,4,253,10034__Node__5912,incoming,0.0,0.2336869419216973,0.0028424708247791,4
5913,4,22,61,10025__Node__5913,incoming,0.0005319665733588,0.2862484808824904,0.024533566498585,4
5914,3,5,241,10020__Node__5914,incoming,0.0001254666354754,0.250183838548901,0.0107288538927627,3
5915,1,2,617,10007__Node__5915,incoming,0.0,0.2399874598322752,0.0026097371147464,4
5916,2,1,762,10033__Node__5916,incoming,9.408247513730678e-05,0.2739309357666845,0.0163585190648142,4
5918,2,1,762,10033__Node__5918,outandin,0.000282456741114,0.2694710903810613,0.0142656466098114,3
5920,4,36,37,10148__Node__5920,incoming,0.0003198969240224,0.2482166018158236,0.0010836992355264,1
5922,1,1,762,10033__Node__5922,incoming,0.0,0.2683610867659947,0.014091263555276,3
5923,1,19,64,10008__Node__5923,incoming,0.0,0.229105873550318,0.0014870481777489,4
5924,2,13,93,10073__Node__5924,incoming,2.4943380303597013e-05,0.2555286656096136,0.0052782669281703,3
5925,1,2,617,10007__Node__5925,incoming,0.0,0.2399874598322752,0.0026097371147464,4
5929,4,41,31,10052__Node__5929,incoming,0.0001562450420595,0.2623372172721042,0.0081440693419856,4
5930,2,1,762,10033__Node__5930,incoming,0.0003196517024447,0.2693051890941073,0.0141950963525046,3
5931,1,15,79,10017__Node__5931,incoming,0.0,0.2249485747869526,0.0012045680335147,3
5932,1,2,617,10007__Node__5932,incoming,0.0,0.2399874598322752,0.0026097371147464,3
5933,1,2,617,10007__Node__5933,incoming,0.0,0.2399874598322752,0.0026097371147464,4
5938,1,6,144,10011__Node__5938,incoming,0.0,0.2365209331067511,0.0003016590512941,4
5939,1,0,947,10003__Node__5939,incoming,0.0,0.2175024861486006,0.000164196921212,4
5940,2,28,49,10009__Node__5940,incoming,4.524087821338092e-05,0.2693051890941073,0.0149690342017682,4
5942,2,4,253,10034__Node__5942,incoming,2.0643215756409523e-05,0.2380101049358725,0.0037409701704682,3
5943,1,60,24,10061__Node__5943,outandin,0.0,0.2101722836158967,6.867560595065936e-05,2
5944,7,54,25,10010__Node__5944,incoming,0.0013024169173964,0.2899621212121212,0.0254699865871781,4
5945,1,2,617,10007__Node__5945,incoming,0.0,0.2399874598322752,0.0026097371147464,4
5948,1,14,90,10077__Node__5948,incoming,0.0,0.2212747506865154,0.0008134803921311,4
5950,2,1,762,10033__Node__5950,incoming,1.7830732819827e-05,0.2706620701847432,0.0161056616707947,4
5952,2,2,617,10007__Node__5952,incoming,0.000162186252984,0.262382176520994,0.0034855770692224,4
5953,1,0,947,10003__Node__5953,incoming,0.0,0.2175024861486006,0.000164196921212,2
5955,1,6,144,10011__Node__5955,incoming,0.0,0.2365209331067511,0.0003016590512941,4
5956,1,4,253,10034__Node__5956,incoming,0.0,0.2336869419216973,0.0028424708247791,4
5957,1,1,762,10033__Node__5957,incoming,0.0,0.2683610867659947,0.014091263555276,4
5958,1,2,617,10007__Node__5958,incoming,0.0,0.2399874598322752,0.0026097371147464,4
5959,3,35,38,10037__Node__5959,incoming,0.000374712409532,0.2724684107492436,0.0161043074160204,2
5960,1,0,947,10003__Node__5960,incoming,0.0,0.2175024861486006,0.000164196921212,4
5962,1,0,947,10003__Node__5962,incoming,0.0,0.2175024861486006,0.000164196921212,4
5964,1,2,617,10007__Node__5964,incoming,0.0,0.2399874598322752,0.0026097371147464,4
5965,1,40,34,10041__Node__5965,incoming,0.0,0.2210989963174236,0.0004325584913967,3
5966,1,2,617,10007__Node__5966,incoming,0.0,0.2399874598322752,0.0026097371147464,4
5967,1,0,947,10003__Node__5967,incoming,0.0,0.2175024861486006,0.000164196921212,4
5970,1,4,253,10034__Node__5970,incoming,0.0,0.2336869419216973,0.0028424708247791,2
5971,1,2,617,10007__Node__5971,incoming,0.0,0.2399874598322752,0.0026097371147464,4
5973,1,2,617,10007__Node__5973,incoming,0.0,0.2399874598322752,0.0026097371147464,4
5974,1,5,241,10020__Node__5974,incoming,0.0,0.237566917526573,0.0042162843710479,4
5975,2,37,37,10191__Node__5975,incoming,0.0001270331479487,0.2266133806986382,0.0010439084166543,3
5976,1,1,762,10033__Node__5976,incoming,0.0,0.2683610867659947,0.014091263555276,4
5977,2,34,40,10070__Node__5977,incoming,0.0001267456854675,0.2418450359371297,0.0008873247289952,3
5978,1,2,617,10007__Node__5978,incoming,0.0,0.2399874598322752,0.0026097371147464,4
5980,3,32,43,10064__Node__5980,incoming,0.0002124601090604,0.2748160114880631,0.0167769492310774,3
5981,3,2,617,10007__Node__5981,incoming,0.0002163124267011,0.2440424005738423,0.0039766935157918,4
5983,1,38,35,10086__Node__5983,incoming,0.0,0.2153002390662354,0.0002172187740778,4
5985,2,3,284,10032__Node__5985,incoming,2.001438450150433e-05,0.2403642358112881,0.005875111784189,3
5987,1,35,38,10037__Node__5987,incoming,0.0,0.2153759583597102,0.0001743830545354,4
5988,1,5,241,10020__Node__5988,incoming,0.0,0.237566917526573,0.0042162843710479,4
5990,1,0,947,10003__Node__5990,incoming,0.0,0.2175024861486006,0.000164196921212,4
5992,2,3,284,10032__Node__5992,incoming,0.0002066452066546,0.2390693316677077,0.0042186450716463,4
5994,1,4,253,10034__Node__5994,incoming,0.0,0.2336869419216973,0.0028424708247791,4
5995,7,8,135,10039__Node__5995,outandin,0.0016268056710054,0.2983823816020269,0.0178505562240546,1
5996,3,19,64,10008__Node__5996,incoming,0.0001032961586191,0.2682670404766076,0.0091210977871283,3
5998,2,55,25,10013__Node__5998,incoming,2.841857182727051e-06,0.2169784580498866,0.0003259859039606,4
5999,2,12,115,10006__Node__5999,incoming,8.395060474430068e-05,0.225213298028832,0.0008599896182845,4
6000,3,10,121,10055__Node__6000,incoming,0.0002702715254004,0.2739309357666845,0.0197296664809494,2
6001,4,5,241,10020__Node__6001,incoming,0.000333893825788,0.2434409286055016,0.0076535683796606,3
6002,2,4,253,10034__Node__6002,incoming,2.352474870298016e-05,0.2428616751269035,0.0068789218027592,4
6003,1,29,48,10051__Node__6003,incoming,0.0,0.2427846495401205,0.001470530388221,4
6005,2,1,762,10033__Node__6005,incoming,6.667454559342008e-05,0.2713817247186032,0.014967103509752,2
6006,3,2,617,10007__Node__6006,incoming,0.0003501420410885,0.2472145971257871,0.0050405901607147,4
6007,4,8,135,10039__Node__6007,incoming,0.0002193611246358,0.2721777777777778,0.0121993842809837,3
6008,1,22,61,10025__Node__6008,incoming,0.0,0.2249320502460883,0.0009496431333218,3
6010,2,22,61,10025__Node__6010,incoming,6.219814621082156e-05,0.2702559576345984,0.0150409066885978,4
6011,2,4,253,10034__Node__6011,incoming,5.48554613184322e-05,0.2367586793474058,0.0031960667385458,4
6013,3,13,93,10073__Node__6013,incoming,4.0670355816011246e-05,0.2642388677942699,0.0092907226002469,1
6014,1,32,43,10064__Node__6014,incoming,0.0,0.2273706096383753,0.0004184301662631,3
6015,2,20,64,10087__Node__6015,incoming,0.0049220266902186,0.1770863454976577,8.147091784984286e-06,4
6017,2,12,115,10006__Node__6017,incoming,5.461457950978722e-05,0.2429965875724148,0.0033530448211858,4
6018,2,18,71,10147__Node__6018,incoming,0.0001719157751781,0.2527236711786068,0.0024980587352639,4
6019,1,57,25,10219__Node__6019,outandin,0.0,0.227624145108534,7.581253999781134e-05,3
6021,2,1,762,10033__Node__6021,incoming,0.0003469801132741,0.2689976280418167,0.014186395673123,1
6022,1,57,25,10219__Node__6022,outandin,0.0,0.227624145108534,7.581253999781134e-05,3
6023,2,1,762,10033__Node__6023,incoming,0.0002441860386413,0.2803515839589818,0.0181277145332561,4
6025,1,32,43,10064__Node__6025,outandin,0.0,0.2273706096383753,0.0004184301662631,1
6026,1,0,947,10003__Node__6026,incoming,0.0,0.2175024861486006,0.000164196921212,4
6027,1,48,28,10014__Node__6027,incoming,0.0,0.162846354305164,3.088316361570195e-07,4
6029,2,4,253,10034__Node__6029,incoming,1.349748557715658e-05,0.2390506674994144,0.0053185893685137,4
6030,4,1,762,10033__Node__6030,incoming,0.0005093207611516,0.2857409481149682,0.0231528313672162,3
6033,1,22,61,10025__Node__6033,incoming,0.0,0.2249320502460883,0.0009496431333218,4
6034,2,4,253,10034__Node__6034,incoming,2.352474870298016e-05,0.2428616751269035,0.0068789218027592,4
6037,1,0,947,10003__Node__6037,incoming,0.0,0.2175024861486006,0.000164196921212,4
6038,1,2,617,10007__Node__6038,incoming,0.0,0.2399874598322752,0.0026097371147464,4
6039,2,2,617,10007__Node__6039,incoming,0.0002668918386908,0.2692104800422015,0.0080659459467535,4
6040,1,3,284,10032__Node__6040,incoming,0.0,0.2371988535130529,0.00403645097798,4
6041,2,46,29,10045__Node__6041,incoming,1.694592440241363e-05,0.2309548951576406,0.0014594156804468,1
6042,1,12,115,10006__Node__6042,incoming,0.0,0.2240925058548009,0.0007433077064394,2
6043,1,15,79,10017__Node__6043,incoming,0.0,0.2249485747869526,0.0012045680335147,4
6044,1,0,947,10003__Node__6044,incoming,0.0,0.2175024861486006,0.000164196921212,4
6045,1,4,253,10034__Node__6045,incoming,0.0,0.2336869419216973,0.0028424708247791,3
6046,4,4,253,10034__Node__6046,outandin,9.36328489203966e-05,0.2468359532446594,0.010170363309458,0
6049,1,18,71,10147__Node__6049,incoming,0.0,0.2354117013915584,0.0002308032257257,4
6050,2,3,284,10032__Node__6050,incoming,1.4977051643351827e-05,0.2406097752632406,0.0065125695217147,4
6052,2,29,48,10051__Node__6052,outandin,4.487585473522673e-06,0.2543400614668992,0.0041982418264662,3
6053,1,3,284,10032__Node__6053,incoming,0.0,0.2371988535130529,0.00403645097798,4
6055,1,40,34,10041__Node__6055,incoming,0.0,0.2210989963174236,0.0004325584913967,4
6056,1,12,115,10006__Node__6056,incoming,0.0,0.2240925058548009,0.0007433077064394,4
6057,2,1,762,10033__Node__6057,incoming,7.487631396247306e-05,0.2720810378532077,0.0155783117330249,4
6058,1,22,61,10025__Node__6058,incoming,0.0,0.2249320502460883,0.0009496431333218,3
6059,1,0,947,10003__Node__6059,incoming,0.0,0.2175024861486006,0.000164196921212,4
6060,2,33,43,10088__Node__6060,incoming,3.645589296865439e-06,0.216594751361675,0.0003339006859229,3
6063,3,25,57,10196__Node__6063,incoming,0.0001076822223091,0.2354117013915584,0.0030452121250304,4
6064,2,12,115,10006__Node__6064,incoming,1.1145943869676336e-05,0.2256947003759121,0.0009056960739699,3
6065,1,3,284,10032__Node__6065,incoming,0.0,0.2371988535130529,0.00403645097798,4
6067,1,1,762,10033__Node__6067,outandin,0.0,0.2683610867659947,0.014091263555276,2
6068,6,1,762,10033__Node__6068,incoming,0.0018158135794387,0.3031683168316831,0.0306655527914712,1
6070,1,2,617,10007__Node__6070,incoming,0.0,0.2399874598322752,0.0026097371147464,4
6071,1,2,617,10007__Node__6071,incoming,0.0,0.2399874598322752,0.0026097371147464,4
6072,2,3,284,10032__Node__6072,outandin,1.4977051643351827e-05,0.2406097752632406,0.0065125695217147,3
6073,1,1,762,10033__Node__6073,incoming,0.0,0.2683610867659947,0.014091263555276,2
6074,2,23,61,10091__Node__6074,incoming,3.1286762892173274e-05,0.2477546727081479,0.0016893203466071,3
6075,2,33,43,10088__Node__6075,incoming,3.645589296865439e-06,0.216594751361675,0.0003339006859229,4
6076,1,3,284,10032__Node__6076,incoming,0.0,0.2371988535130529,0.00403645097798,2
6077,2,1,762,10033__Node__6077,incoming,1.9014069920422304e-05,0.272856888255213,0.0195474723872831,4
6079,1,15,79,10017__Node__6079,incoming,0.0,0.2249485747869526,0.0012045680335147,4
6081,2,4,253,10034__Node__6081,incoming,3.2706635259611e-05,0.2344922652779905,0.0030060683612092,3
6084,1,56,25,10030__Node__6084,incoming,0.0,0.21146408839779,0.0001623883675305,2
6085,1,17,75,10149__Node__6085,incoming,0.0,0.2206210822105339,0.0003608298597847,2
6088,1,2,617,10007__Node__6088,incoming,0.0,0.2399874598322752,0.0026097371147464,4
6089,3,1,762,10033__Node__6089,incoming,0.0001755487661337,0.2850228055477986,0.0219114557673018,2
6090,1,47,29,10056__Node__6090,incoming,0.0,0.2167634149794705,0.0002799336754136,3
6091,4,5,241,10020__Node__6091,outandin,0.0003113127789157,0.2886772885830112,0.0230496574800879,0
6092,2,2,617,10007__Node__6092,incoming,0.0001921522133376,0.2466172680412371,0.0048769926242846,4
6093,1,25,57,10196__Node__6093,incoming,0.0,0.2230802855893923,0.0003535959137667,4
6094,4,1,762,10033__Node__6094,incoming,0.0004112226577043,0.2839391691394659,0.0242286040182712,4
6095,2,0,947,10003__Node__6095,incoming,0.0008235899375868,0.2340978593272171,0.0002328725271626,4
6096,1,1,762,10033__Node__6096,incoming,0.0,0.2683610867659947,0.014091263555276,4
6098,1,1,762,10033__Node__6098,incoming,0.0,0.2683610867659947,0.014091263555276,3
6100,4,29,48,10051__Node__6100,incoming,8.418490955352046e-05,0.2644214162348877,0.0105925686267385,4
6101,3,12,115,10006__Node__6101,incoming,0.0001114096727444,0.241616034088219,0.0069843954863427,3
6103,3,17,75,10149__Node__6103,incoming,0.0001560121272955,0.2426307448494453,0.0068733993814994,3
6104,1,5,241,10020__Node__6104,incoming,0.0,0.237566917526573,0.0042162843710479,4
6106,1,1,762,10033__Node__6106,incoming,0.0,0.2683610867659947,0.014091263555276,4
6107,2,8,135,10039__Node__6107,outandin,1.4977051643351827e-05,0.2406097752632406,0.0065125695217147,2
6110,2,38,35,10086__Node__6110,incoming,3.645589296865439e-06,0.216594751361675,0.0003339006859229,4
6112,2,1,762,10033__Node__6112,incoming,6.667454559342008e-05,0.2713817247186032,0.014967103509752,4
6113,1,2,617,10007__Node__6113,incoming,0.0,0.2399874598322752,0.0026097371147464,3
6114,1,45,29,10031__Node__6114,incoming,0.0,0.2163651780667043,0.0001751070662853,3
6115,1,9,134,10047__Node__6115,incoming,0.0,0.1764434712458223,8.12319243570349e-06,4
6116,1,2,617,10007__Node__6116,incoming,0.0,0.2399874598322752,0.0026097371147464,4
6117,1,4,253,10034__Node__6117,outandin,0.0,0.2336869419216973,0.0028424708247791,3
6119,2,1,762,10033__Node__6119,incoming,4.524087821338092e-05,0.2693051890941073,0.0149690342017682,4
6120,3,19,64,10008__Node__6120,incoming,0.0001286006814535,0.2596235373918942,0.0059389890368644,3
6122,4,12,115,10006__Node__6122,incoming,0.0001587895831619,0.244217578561174,0.0036790307251465,4
6123,4,4,253,10034__Node__6123,incoming,0.0001728374081802,0.2382508558979147,0.0039978194587874,4
6124,2,33,43,10088__Node__6124,incoming,3.645589296865439e-06,0.216594751361675,0.0003339006859229,4
6125,1,3,284,10032__Node__6125,incoming,0.0,0.2371988535130529,0.00403645097798,4
6126,1,0,947,10003__Node__6126,incoming,0.0,0.2175024861486006,0.000164196921212,4
6127,1,1,762,10033__Node__6127,incoming,0.0,0.2683610867659947,0.014091263555276,4
6128,3,8,135,10039__Node__6128,incoming,0.0004042088067326,0.2762540599061711,0.0169858122652738,3
6129,1,1,762,10033__Node__6129,incoming,0.0,0.2683610867659947,0.014091263555276,4
6130,1,5,241,10020__Node__6130,incoming,0.0,0.237566917526573,0.0042162843710479,4
6131,2,7,142,10071__Node__6131,incoming,0.0005432990392154,0.2720568636161706,0.0143650299033155,4
6132,6,28,49,10009__Node__6132,incoming,0.0005008317078098,0.2674002270544057,0.0093073210914507,4
6134,1,55,25,10013__Node__6134,incoming,0.0,0.2067103220144467,0.00016359753643,4
6136,1,54,25,10010__Node__6136,outandin,0.0,0.2197187141216992,0.0005033268937751,0
6137,1,2,617,10007__Node__6137,incoming,0.0,0.2399874598322752,0.0026097371147464,4
6138,1,2,617,10007__Node__6138,incoming,0.0,0.2399874598322752,0.0026097371147464,4
6139,3,15,79,10017__Node__6139,outandin,5.6577430787994405e-05,0.2368868946309763,0.0037266711899851,1
6140,1,2,617,10007__Node__6140,incoming,0.0,0.2399874598322752,0.0026097371147464,4
6141,5,10,121,10055__Node__6141,outandin,0.000203742478907,0.2773550724637681,0.024278301955503,2
6142,1,53,26,10060__Node__6142,incoming,0.0,0.2177035193743334,0.0001038327972286,1
6144,1,30,44,10026__Node__6144,incoming,0.0,0.2175024861486006,0.0002270011766974,4
6146,1,14,90,10077__Node__6146,incoming,0.0,0.2212747506865154,0.0008134803921311,4
6148,1,7,142,10071__Node__6148,incoming,0.0,0.237843716016778,0.0002737663480395,4
6149,3,4,253,10034__Node__6149,incoming,0.0004041726552059,0.2539814200398142,0.0077194634490638,4
6152,1,52,26,10139__Node__6152,incoming,0.0,0.2216912829423689,6.818956921190524e-05,4
6153,1,9,134,10047__Node__6153,incoming,0.0,0.1764434712458223,8.12319243570349e-06,4
6154,1,0,947,10003__Node__6154,incoming,0.0,0.2175024861486006,0.000164196921212,3
6155,1,42,30,10162__Node__6155,incoming,0.0,0.225196734573803,7.613691296057906e-05,4
6158,1,16,79,10093__Node__6158,incoming,0.0,0.2549329781034052,0.0034177652383314,3
6159,1,14,90,10077__Node__6159,incoming,0.0,0.2212747506865154,0.0008134803921311,4
6160,1,4,253,10034__Node__6160,incoming,0.0,0.2336869419216973,0.0028424708247791,4
6161,2,10,121,10055__Node__6161,incoming,5.8212518654121305e-06,0.255187932327694,0.0074706069475258,4
6162,2,4,253,10034__Node__6162,outandin,8.943838524924079e-05,0.2362107536835609,0.0030521040224055,2
6163,1,2,617,10007__Node__6163,incoming,0.0,0.2399874598322752,0.0026097371147464,4
6164,2,19,64,10008__Node__6164,incoming,7.487631396247306e-05,0.2720810378532077,0.0155783117330249,4
6165,1,1,762,10033__Node__6165,incoming,0.0,0.2683610867659947,0.014091263555276,2
6167,1,8,135,10039__Node__6167,incoming,0.0,0.2294320395624157,0.0024761185437346,3
6168,1,1,762,10033__Node__6168,incoming,0.0,0.2683610867659947,0.014091263555276,3
6169,5,14,90,10077__Node__6169,incoming,0.00021369544073,0.2544034562977733,0.0035607205399672,3
6170,3,29,48,10051__Node__6170,incoming,8.363287512567062e-05,0.2575056765621057,0.0067714567076045,4
6171,3,8,135,10039__Node__6171,incoming,4.556353357209918e-05,0.2414826498422713,0.0062170887142028,4
6172,2,42,30,10162__Node__6172,outandin,0.0002299475867,0.2574190836485918,0.0044785638866549,0
6173,3,31,44,10065__Node__6173,incoming,2.936114595607553e-05,0.2364843991350015,0.0051301023129078,2
6175,1,11,116,10016__Node__6175,incoming,0.0,0.233224160255922,0.0022672555095382,4
6178,1,0,947,10003__Node__6178,incoming,0.0,0.2175024861486006,0.000164196921212,4
6179,1,1,762,10033__Node__6179,incoming,0.0,0.2683610867659947,0.014091263555276,4
6180,3,25,57,10196__Node__6180,incoming,0.0001595769398115,0.2479753806284418,0.001021810893231,4
6181,1,41,31,10052__Node__6181,incoming,0.0,0.2213067360508817,0.0004428564671978,4
6182,1,43,30,10054__Node__6182,incoming,0.0,0.2427654007769761,0.0020143981155187,4
6183,1,12,115,10006__Node__6183,incoming,0.0,0.2240925058548009,0.0007433077064394,4
6185,1,1,762,10033__Node__6185,incoming,0.0,0.2683610867659947,0.014091263555276,4
6186,2,2,617,10007__Node__6186,incoming,0.0002668918386908,0.2692104800422015,0.0080659459467535,1
6187,1,0,947,10003__Node__6187,incoming,0.0,0.2175024861486006,0.000164196921212,3
6188,4,5,241,10020__Node__6188,incoming,0.0005043277933567,0.2536027828391585,0.0128302693890077,1
6190,1,2,617,10007__Node__6190,incoming,0.0,0.2399874598322752,0.0026097371147464,4
6191,3,2,617,10007__Node__6191,incoming,0.0004233892036579,0.2726139601139601,0.0095364763349745,3
6192,1,1,762,10033__Node__6192,incoming,0.0,0.2683610867659947,0.014091263555276,2
6193,1,35,38,10037__Node__6193,incoming,0.0,0.2153759583597102,0.0001743830545354,4
6194,1,2,617,10007__Node__6194,incoming,0.0,0.2399874598322752,0.0026097371147464,4
6195,2,24,59,10053__Node__6195,incoming,2.7113803057067e-05,0.2293804779384223,0.0011081325433155,2
6197,1,49,28,10153__Node__6197,incoming,0.0,0.225213298028832,0.0004236813080482,4
6198,1,27,52,10108__Node__6198,incoming,0.0,0.2191996563819886,0.000244376645587,4
6199,1,12,115,10006__Node__6199,incoming,0.0,0.2240925058548009,0.0007433077064394,4
6200,1,4,253,10034__Node__6200,incoming,0.0,0.2336869419216973,0.0028424708247791,4
6201,1,0,947,10003__Node__6201,incoming,0.0,0.2175024861486006,0.000164196921212,4
6202,1,2,617,10007__Node__6202,incoming,0.0,0.2399874598322752,0.0026097371147464,4
6205,1,0,947,10003__Node__6205,incoming,0.0,0.2175024861486006,0.000164196921212,4
6206,1,2,617,10007__Node__6206,incoming,0.0,0.2399874598322752,0.0026097371147464,4
6207,1,3,284,10032__Node__6207,incoming,0.0,0.2371988535130529,0.00403645097798,4
6209,1,17,75,10149__Node__6209,incoming,0.0,0.2206210822105339,0.0003608298597847,4
6210,1,37,37,10191__Node__6210,incoming,0.0,0.2083418384704361,9.426528333245428e-05,2
6211,1,18,71,10147__Node__6211,incoming,0.0,0.2354117013915584,0.0002308032257257,4
6212,1,3,284,10032__Node__6212,incoming,0.0,0.2371988535130529,0.00403645097798,4
6214,1,8,135,10039__Node__6214,incoming,0.0,0.2294320395624157,0.0024761185437346,3
6215,7,1,762,10033__Node__6215,incoming,0.0011209581273453,0.3007858546168959,0.0333810569779608,3
6216,1,46,29,10045__Node__6216,incoming,0.0,0.2200977573317999,0.000254847646932,2
6217,1,1,762,10033__Node__6217,outandin,0.0,0.2683610867659947,0.014091263555276,3
6218,1,4,253,10034__Node__6218,incoming,0.0,0.2336869419216973,0.0028424708247791,4
6219,2,10,121,10055__Node__6219,outandin,2.4208268945259237e-05,0.2616870352961285,0.0098586358057014,2
6220,3,2,617,10007__Node__6220,incoming,0.0003219601695517,0.2526194208398647,0.0076413444487586,2
6223,3,5,241,10020__Node__6223,incoming,0.0006347994522512,0.2584838764139794,0.0046809470280614,4
6225,2,5,241,10020__Node__6225,incoming,4.77303512782284e-05,0.2638517880224041,0.0069439958092931,3
6228,1,0,947,10003__Node__6228,incoming,0.0,0.2175024861486006,0.000164196921212,4
6229,3,10,121,10055__Node__6229,incoming,0.0001007859442051,0.256943861710162,0.0079134634147237,4
6230,1,0,947,10003__Node__6230,incoming,0.0,0.2175024861486006,0.000164196921212,4
6231,1,50,27,10019__Node__6231,incoming,0.0,0.2125060725935179,0.0001355751460299,2
6232,1,2,617,10007__Node__6232,incoming,0.0,0.2399874598322752,0.0026097371147464,4
6233,1,34,40,10070__Node__6233,incoming,0.0,0.2273706096383753,7.384433686416915e-05,3
6234,1,8,135,10039__Node__6234,outandin,0.0,0.2294320395624157,0.0024761185437346,2
6235,2,8,135,10039__Node__6235,incoming,3.4611772545125e-05,0.2347979449428724,0.003219426250174,4
6237,2,36,37,10148__Node__6237,incoming,2.689243794407916e-05,0.2418450359371297,0.0004664597137931,4
6238,1,51,27,10066__Node__6238,incoming,0.0,0.2329225619960444,9.624503640716152e-05,3
6240,1,46,29,10045__Node__6240,outandin,0.0,0.2200977573317999,0.000254847646932,0
6241,3,22,61,10025__Node__6241,outandin,0.0001335619329141,0.2388828210329224,0.0055271771733015,2
6242,7,2,617,10007__Node__6242,incoming,0.0020122960243321,0.3013779527559055,0.0191409004859155,3
6244,1,12,115,10006__Node__6244,incoming,0.0,0.2240925058548009,0.0007433077064394,4
6246,1,0,947,10003__Node__6246,incoming,0.0,0.2175024861486006,0.000164196921212,4
6247,3,5,241,10020__Node__6247,incoming,0.000166617528667,0.246597406781026,0.0093620190511817,4
6251,2,33,43,10088__Node__6251,outandin,6.098639722125832e-05,0.226295174044786,0.0009320048748093,2
6254,1,0,947,10003__Node__6254,incoming,0.0,0.2175024861486006,0.000164196921212,4
6255,1,58,24,10143__Node__6255,outandin,0.0,0.2170399773178338,0.0001821940936663,2
6256,1,27,52,10108__Node__6256,incoming,0.0,0.2191996563819886,0.000244376645587,4
6259,2,23,61,10091__Node__6259,outandin,2.4943380303597013e-05,0.2555286656096136,0.0052782669281703,3
6260,1,0,947,10003__Node__6260,incoming,0.0,0.2175024861486006,0.000164196921212,4
6262,4,7,142,10071__Node__6262,incoming,0.0011530183893102,0.2702559576345984,0.0095013363321448,4
6263,3,4,253,10034__Node__6263,incoming,0.0002364747238961,0.2417113988001263,0.0054946120231192,4
6265,1,2,617,10007__Node__6265,incoming,0.0,0.2399874598322752,0.0026097371147464,4
6266,1,13,93,10073__Node__6266,incoming,0.0,0.2343666283964791,0.0044024269736943,4
6267,1,0,947,10003__Node__6267,incoming,0.0,0.2175024861486006,0.000164196921212,4
6268,1,5,241,10020__Node__6268,incoming,0.0,0.237566917526573,0.0042162843710479,4
6269,1,2,617,10007__Node__6269,incoming,0.0,0.2399874598322752,0.0026097371147464,4
6270,1,2,617,10007__Node__6270,incoming,0.0,0.2399874598322752,0.0026097371147464,4
6271,2,10,121,10055__Node__6271,incoming,2.4208268945259237e-05,0.2616870352961285,0.0098586358057014,3
6273,1,0,947,10003__Node__6273,incoming,0.0,0.2175024861486006,0.000164196921212,4
6274,1,8,135,10039__Node__6274,incoming,0.0,0.2294320395624157,0.0024761185437346,4
6275,1,10,121,10055__Node__6275,incoming,0.0,0.2524736147757256,0.0054562088320071,3
6277,1,51,27,10066__Node__6277,incoming,0.0,0.2329225619960444,9.624503640716152e-05,3
6278,2,4,253,10034__Node__6278,incoming,2.352474870298016e-05,0.2428616751269035,0.0068789218027592,4
6279,1,2,617,10007__Node__6279,incoming,0.0,0.2399874598322752,0.0026097371147464,4
6280,1,30,44,10026__Node__6280,outandin,0.0,0.2175024861486006,0.0002270011766974,3
6283,1,1,762,10033__Node__6283,incoming,0.0,0.2683610867659947,0.014091263555276,3
6286,2,1,762,10033__Node__6286,incoming,1.9014069920422304e-05,0.272856888255213,0.0195474723872831,4
6287,1,25,57,10196__Node__6287,incoming,0.0,0.2230802855893923,0.0003535959137667,4
6288,3,35,38,10037__Node__6288,incoming,0.0001780342221792,0.2346180369320358,0.0026110743656062,3
6289,3,1,762,10033__Node__6289,incoming,0.0002886351561342,0.2747913488288612,0.019990328854481,2
6290,2,1,762,10033__Node__6290,incoming,0.0002441860386413,0.2803515839589818,0.0181277145332561,2
6292,3,12,115,10006__Node__6292,incoming,0.0001037560957758,0.2438092204793375,0.0035154331887164,3
6293,1,6,144,10011__Node__6293,incoming,0.0,0.2365209331067511,0.0003016590512941,4
6294,1,34,40,10070__Node__6294,incoming,0.0,0.2273706096383753,7.384433686416915e-05,4
6295,1,1,762,10033__Node__6295,incoming,0.0,0.2683610867659947,0.014091263555276,4
6296,1,28,49,10009__Node__6296,incoming,0.0,0.2181222396352757,0.0008777706464921,4
6297,1,41,31,10052__Node__6297,incoming,0.0,0.2213067360508817,0.0004428564671978,3
6299,2,6,144,10011__Node__6299,incoming,0.0002650818158904,0.2418641390205371,0.000518877825372,4
6301,2,12,115,10006__Node__6301,incoming,7.208426843160746e-05,0.2404019784878699,0.0047797586844194,2
6303,1,5,241,10020__Node__6303,incoming,0.0,0.237566917526573,0.0042162843710479,3
6304,3,2,617,10007__Node__6304,incoming,0.0004583576558229,0.2435377396007317,0.0033325272573579,4
6305,1,24,59,10053__Node__6305,incoming,0.0,0.2279630732578916,0.000898499345689,4
6307,1,4,253,10034__Node__6307,incoming,0.0,0.2336869419216973,0.0028424708247791,4
6309,1,36,37,10148__Node__6309,incoming,0.0,0.2353574173712528,0.0002356564880674,4
6310,4,6,144,10011__Node__6310,outandin,0.0007881636566139,0.268055677142607,0.0097962103505125,0
6311,2,34,40,10070__Node__6311,incoming,0.0001771075327468,0.2538761296741563,0.0055300531688712,4
6312,3,12,115,10006__Node__6312,incoming,0.0003667674688154,0.2534348617778513,0.0073894957991658,4
6315,1,0,947,10003__Node__6315,incoming,0.0,0.2175024861486006,0.000164196921212,3
6316,2,4,253,10034__Node__6316,incoming,9.673153584000271e-06,0.2355747038005847,0.0036577937877433,3
6317,4,12,115,10006__Node__6317,outandin,0.0005197052170558,0.2540235606437697,0.0077317175597644,1
6318,3,35,38,10037__Node__6318,incoming,0.000301196157209,0.2639882748512803,0.0079945752665612,4
6319,3,54,25,10010__Node__6319,outandin,9.18855707329316e-05,0.2580917060013486,0.0067730161179133,1
6321,3,1,762,10033__Node__6321,incoming,0.0003055928366877,0.2825765965300849,0.019966375339465,4
6322,3,59,24,10057__Node__6322,incoming,5.331071849900444e-05,0.2441396906394514,0.0076942447657234,1
6323,1,57,25,10219__Node__6323,outandin,0.0,0.227624145108534,7.581253999781134e-05,2
6324,2,1,762,10033__Node__6324,incoming,9.408247513730678e-05,0.2739309357666845,0.0163585190648142,3
6327,3,4,253,10034__Node__6327,incoming,0.0001142729367038,0.2640110363855837,0.0091140026197504,3
6328,3,3,284,10032__Node__6328,incoming,5.48745020504827e-05,0.2431316499920597,0.0074110688674038,4
6330,1,13,93,10073__Node__6330,outandin,0.0,0.2343666283964791,0.0044024269736943,1
6331,1,4,253,10034__Node__6331,incoming,0.0,0.2336869419216973,0.0028424708247791,4
6332,1,58,24,10143__Node__6332,incoming,0.0,0.2170399773178338,0.0001821940936663,3
6336,1,4,253,10034__Node__6336,incoming,0.0,0.2336869419216973,0.0028424708247791,4
6337,3,2,617,10007__Node__6337,incoming,0.0005277977609666,0.2467563864936739,0.0041665252133169,4
6338,1,36,37,10148__Node__6338,incoming,0.0,0.2353574173712528,0.0002356564880674,4
6339,1,1,762,10033__Node__6339,incoming,0.0,0.2683610867659947,0.014091263555276,4
6340,1,2,617,10007__Node__6340,incoming,0.0,0.2399874598322752,0.0026097371147464,4
6341,2,2,617,10007__Node__6341,incoming,0.000240068620874,0.2510041806705467,0.0066461880927264,4
6342,1,2,617,10007__Node__6342,incoming,0.0,0.2399874598322752,0.0026097371147464,3
6344,2,2,617,10007__Node__6344,incoming,8.88567449667529e-05,0.2445686900958466,0.0044483979209554,3
6347,2,4,253,10034__Node__6347,incoming,2.352474870298016e-05,0.2428616751269035,0.0068789218027592,4
6349,1,2,617,10007__Node__6349,incoming,0.0,0.2399874598322752,0.0026097371147464,4
6351,1,1,762,10033__Node__6351,outandin,0.0,0.2683610867659947,0.014091263555276,0
6352,1,0,947,10003__Node__6352,incoming,0.0,0.2175024861486006,0.000164196921212,4
6353,3,19,64,10008__Node__6353,incoming,0.0001713813310102,0.2404397330192383,0.006250305011228,3
6355,1,1,762,10033__Node__6355,incoming,0.0,0.2683610867659947,0.014091263555276,3
6356,1,0,947,10003__Node__6356,incoming,0.0,0.2175024861486006,0.000164196921212,4
6357,3,2,617,10007__Node__6357,outandin,0.0004583576558229,0.2435377396007317,0.0033325272573579,3
6358,1,30,44,10026__Node__6358,incoming,0.0,0.2175024861486006,0.0002270011766974,4
6359,6,3,284,10032__Node__6359,incoming,0.0013957155973127,0.2956169144622514,0.0165871107330865,4
6360,2,1,762,10033__Node__6360,incoming,1.9014069920422304e-05,0.272856888255213,0.0195474723872831,4
6364,1,9,134,10047__Node__6364,incoming,0.0,0.1764434712458223,8.12319243570349e-06,4
6365,3,29,48,10051__Node__6365,incoming,7.3309902297215e-05,0.2652460152460152,0.0084145261975142,4
6366,1,0,947,10003__Node__6366,incoming,0.0,0.2175024861486006,0.000164196921212,3
6369,3,4,253,10034__Node__6369,incoming,4.481877327259552e-05,0.23970565210584,0.0051448419654923,4
6371,2,2,617,10007__Node__6371,incoming,0.0007749913762437,0.2856076858502005,0.0167010006700224,4
6372,1,49,28,10153__Node__6372,incoming,0.0,0.225213298028832,0.0004236813080482,1
6373,1,0,947,10003__Node__6373,incoming,0.0,0.2175024861486006,0.000164196921212,4
6375,1,2,617,10007__Node__6375,incoming,0.0,0.2399874598322752,0.0026097371147464,4
6376,1,0,947,10003__Node__6376,incoming,0.0,0.2175024861486006,0.000164196921212,4
6379,1,7,142,10071__Node__6379,incoming,0.0,0.237843716016778,0.0002737663480395,4
6382,1,16,79,10093__Node__6382,outandin,0.0,0.2549329781034052,0.0034177652383314,3
6383,3,12,115,10006__Node__6383,incoming,0.0001037560957758,0.2438092204793375,0.0035154331887164,4
6384,1,2,617,10007__Node__6384,incoming,0.0,0.2399874598322752,0.0026097371147464,4
6385,1,47,29,10056__Node__6385,incoming,0.0,0.2167634149794705,0.0002799336754136,4
6388,2,59,24,10057__Node__6388,incoming,9.673153584000271e-06,0.2355747038005847,0.0036577937877433,4
6389,2,1,762,10033__Node__6389,incoming,7.487631396247306e-05,0.2720810378532077,0.0155783117330249,4
6390,4,4,253,10034__Node__6390,incoming,0.0002863865828861,0.2761544011544011,0.0127728055848253,4
6392,2,4,253,10034__Node__6392,incoming,0.0001616939340726,0.2546573519627412,0.0030732740505048,4
6394,1,1,762,10033__Node__6394,incoming,0.0,0.2683610867659947,0.014091263555276,4
6395,3,1,762,10033__Node__6395,incoming,0.0001528839149485,0.2832824498103432,0.0229652376256146,4
6396,2,11,116,10016__Node__6396,incoming,3.303383206069605e-05,0.2592937589973749,0.0049949669477834,4
6397,1,37,37,10191__Node__6397,incoming,0.0,0.2083418384704361,9.426528333245428e-05,2
6399,2,55,25,10013__Node__6399,incoming,3.4001010930272524e-05,0.2405530677979417,0.0027733346511765,4
6400,1,8,135,10039__Node__6400,incoming,0.0,0.2294320395624157,0.0024761185437346,4
6401,2,2,617,10007__Node__6401,incoming,5.461457950978722e-05,0.2429965875724148,0.0033530448211858,4
6403,1,5,241,10020__Node__6403,incoming,0.0,0.237566917526573,0.0042162843710479,4
6404,4,4,253,10034__Node__6404,incoming,0.0001707576042923,0.2491659207421271,0.0101019840355509,1
6406,1,1,762,10033__Node__6406,incoming,0.0,0.2683610867659947,0.014091263555276,4
6408,2,4,253,10034__Node__6408,incoming,8.423592907523475e-05,0.2637381567614126,0.0062602360631106,3
6410,1,58,24,10143__Node__6410,incoming,0.0,0.2170399773178338,0.0001821940936663,3
6411,1,0,947,10003__Node__6411,incoming,0.0,0.2175024861486006,0.000164196921212,4
6412,1,18,71,10147__Node__6412,incoming,0.0,0.2354117013915584,0.0002308032257257,4
6413,2,2,617,10007__Node__6413,incoming,3.4001010930272524e-05,0.2405530677979417,0.0027733346511765,4
6414,1,16,79,10093__Node__6414,incoming,0.0,0.2549329781034052,0.0034177652383314,4
6415,5,5,241,10020__Node__6415,incoming,0.0004921688945988,0.2471547340382597,0.0082330939494949,3
6416,1,1,762,10033__Node__6416,outandin,0.0,0.2683610867659947,0.014091263555276,0
6417,2,1,762,10033__Node__6417,incoming,4.524087821338092e-05,0.2693051890941073,0.0149690342017682,4
6419,1,36,37,10148__Node__6419,incoming,0.0,0.2353574173712528,0.0002356564880674,4
6420,2,12,115,10006__Node__6420,incoming,4.276621563321089e-05,0.2327632079057392,0.0022303558841883,3
6421,4,11,116,10016__Node__6421,incoming,0.0006047369424426,0.2670038367631671,0.0109546424602313,4
6422,3,3,284,10032__Node__6422,incoming,0.0003600889734592,0.2870804425276579,0.0225301415069504,3
6424,3,4,253,10034__Node__6424,incoming,0.0001257611529899,0.2503065478623396,0.0114611821695215,1
6425,5,4,253,10034__Node__6425,incoming,0.000351321261023,0.2497145653237645,0.0111220221996564,2
6426,5,32,43,10064__Node__6426,outandin,0.0002341532885409,0.2550816394535155,0.0044516689048705,0
6428,1,18,71,10147__Node__6428,incoming,0.0,0.2354117013915584,0.0002308032257257,3
6430,1,3,284,10032__Node__6430,incoming,0.0,0.2371988535130529,0.00403645097798,4
6431,1,9,134,10047__Node__6431,outandin,0.0,0.1764434712458223,8.12319243570349e-06,2
6432,1,3,284,10032__Node__6432,incoming,0.0,0.2371988535130529,0.00403645097798,4
6435,1,16,79,10093__Node__6435,incoming,0.0,0.2549329781034052,0.0034177652383314,3
6436,1,0,947,10003__Node__6436,incoming,0.0,0.2175024861486006,0.000164196921212,4
6437,1,7,142,10071__Node__6437,incoming,0.0,0.237843716016778,0.0002737663480395,4
6438,1,1,762,10033__Node__6438,incoming,0.0,0.2683610867659947,0.014091263555276,4
6439,2,7,142,10071__Node__6439,incoming,0.0001596655779624,0.2441396906394514,0.0004588182130337,3
6440,1,5,241,10020__Node__6440,incoming,0.0,0.237566917526573,0.0042162843710479,4
6443,1,0,947,10003__Node__6443,incoming,0.0,0.2175024861486006,0.000164196921212,3
6444,2,11,116,10016__Node__6444,outandin,1.774558880497904e-05,0.2398746572659616,0.0066696824832326,3
6445,1,36,37,10148__Node__6445,incoming,0.0,0.2353574173712528,0.0002356564880674,4
6446,2,13,93,10073__Node__6446,incoming,2.401378789768431e-05,0.2628777472527472,0.0078201922120258,3
6447,2,29,48,10051__Node__6447,outandin,8.778301870516908e-06,0.2537919602154994,0.0058729573619154,2
6448,2,1,762,10033__Node__6448,incoming,1.9014069920422304e-05,0.272856888255213,0.0195474723872831,4
6449,4,4,253,10034__Node__6449,incoming,0.0004576319647675,0.2514783180026281,0.0101394910974965,2
6450,1,2,617,10007__Node__6450,incoming,0.0,0.2399874598322752,0.0026097371147464,4
6451,1,45,29,10031__Node__6451,incoming,0.0,0.2163651780667043,0.0001751070662853,3
6452,1,9,134,10047__Node__6452,incoming,0.0,0.1764434712458223,8.12319243570349e-06,1
6453,1,2,617,10007__Node__6453,incoming,0.0,0.2399874598322752,0.0026097371147464,4
6455,1,9,134,10047__Node__6455,incoming,0.0,0.1764434712458223,8.12319243570349e-06,4
6456,1,0,947,10003__Node__6456,incoming,0.0,0.2175024861486006,0.000164196921212,4
6458,2,13,93,10073__Node__6458,incoming,1.774558880497904e-05,0.2398746572659616,0.0066696824832326,4
6459,4,3,284,10032__Node__6459,incoming,0.0002386348306418,0.2459437751004016,0.0076650762079227,4
6460,2,3,284,10032__Node__6460,incoming,0.0001359150899559,0.2381211602768489,0.0042108340325155,3
6461,2,5,241,10020__Node__6461,outandin,0.0001462096216378,0.2789214793222809,0.018307547926324,1
6462,1,0,947,10003__Node__6462,incoming,0.0,0.2175024861486006,0.000164196921212,4
6463,2,3,284,10032__Node__6463,incoming,0.0002441860386413,0.2803515839589818,0.0181277145332561,4
6464,3,15,79,10017__Node__6464,incoming,0.0001412246749152,0.2494297816878462,0.0094573033825428,3
6465,3,4,253,10034__Node__6465,incoming,0.000176716519923,0.2693762646256708,0.0085274915726488,4
6467,1,26,56,10177__Node__6467,incoming,0.0,0.2510865108651086,0.0027277114382451,2
6468,1,1,762,10033__Node__6468,incoming,0.0,0.2683610867659947,0.014091263555276,4
6470,1,2,617,10007__Node__6470,incoming,0.0,0.2399874598322752,0.0026097371147464,4
6471,2,2,617,10007__Node__6471,incoming,0.0004212039178238,0.2412733433141596,0.0027264190265915,4
6472,1,47,29,10056__Node__6472,incoming,0.0,0.2167634149794705,0.0002799336754136,4
6473,2,13,93,10073__Node__6473,outandin,2.0748828917021057e-05,0.2433248569612206,0.0086187113447423,0
6475,2,4,253,10034__Node__6475,incoming,2.352474870298016e-05,0.2428616751269035,0.0068789218027592,4
6478,3,8,135,10039__Node__6478,incoming,4.706147428187316e-05,0.2435958631662688,0.0083512303279236,3
6479,1,57,25,10219__Node__6479,outandin,0.0,0.227624145108534,7.581253999781134e-05,3
6482,3,34,40,10070__Node__6482,incoming,0.000244035258433,0.2469354838709677,0.0010254968313379,1
6484,1,0,947,10003__Node__6484,incoming,0.0,0.2175024861486006,0.000164196921212,4
6485,2,3,284,10032__Node__6485,incoming,3.581664649938214e-05,0.2388641859739449,0.0044793074451779,4
6487,6,13,93,10073__Node__6487,incoming,0.0008472948101001,0.2777324263038548,0.0171670186768872,4
6489,2,36,37,10148__Node__6489,incoming,2.6860386895018563e-05,0.2476544807505661,0.0017227046658164,3
6491,3,22,61,10025__Node__6491,incoming,4.88605281957338e-05,0.2583748206902371,0.0084202500808477,4
6492,1,2,617,10007__Node__6492,incoming,0.0,0.2399874598322752,0.0026097371147464,4
6495,1,2,617,10007__Node__6495,incoming,0.0,0.2399874598322752,0.0026097371147464,4
6497,1,0,947,10003__Node__6497,incoming,0.0,0.2175024861486006,0.000164196921212,4
6498,2,13,93,10073__Node__6498,incoming,3.280097854542813e-05,0.238195254764683,0.0056069950072091,4
6499,1,16,79,10093__Node__6499,outandin,0.0,0.2549329781034052,0.0034177652383314,2
6500,2,25,57,10196__Node__6500,incoming,8.015738875923509e-05,0.2295868636125065,0.0007144257735515,4
6501,2,3,284,10032__Node__6501,outandin,3.0266518697410877e-05,0.2408747640025173,0.005523499155729,1
6503,2,4,253,10034__Node__6503,incoming,4.740467648454911e-05,0.2557420863609789,0.0043130012130002,4
6506,2,33,43,10088__Node__6506,incoming,3.645589296865439e-06,0.216594751361675,0.0003339006859229,4
6508,1,37,37,10191__Node__6508,incoming,0.0,0.2083418384704361,9.426528333245428e-05,2
6509,3,3,284,10032__Node__6509,incoming,0.0004969380241457,0.2866772774084823,0.0209701853580352,4
6510,3,4,253,10034__Node__6510,incoming,5.199928592348838e-05,0.2455887070901508,0.0093550403464938,4
6513,1,1,762,10033__Node__6513,incoming,0.0,0.2683610867659947,0.014091263555276,4
6516,1,2,617,10007__Node__6516,incoming,0.0,0.2399874598322752,0.0026097371147464,3
6518,1,19,64,10008__Node__6518,outandin,0.0,0.229105873550318,0.0014870481777489,1
6519,1,2,617,10007__Node__6519,incoming,0.0,0.2399874598322752,0.0026097371147464,4
6524,1,0,947,10003__Node__6524,incoming,0.0,0.2175024861486006,0.000164196921212,4
6526,1,8,135,10039__Node__6526,incoming,0.0,0.2294320395624157,0.0024761185437346,2
6527,4,31,44,10065__Node__6527,incoming,0.0002487550670224,0.2869728209934395,0.0237501165735108,4
6529,1,9,134,10047__Node__6529,incoming,0.0,0.1764434712458223,8.12319243570349e-06,2
6530,1,7,142,10071__Node__6530,incoming,0.0,0.237843716016778,0.0002737663480395,4
6531,1,2,617,10007__Node__6531,incoming,0.0,0.2399874598322752,0.0026097371147464,3
6533,1,1,762,10033__Node__6533,outandin,0.0,0.2683610867659947,0.014091263555276,1
6535,1,1,762,10033__Node__6535,incoming,0.0,0.2683610867659947,0.014091263555276,2
6536,2,56,25,10030__Node__6536,incoming,3.505837112132732e-05,0.2344922652779905,0.0030048591923097,4
6537,1,2,617,10007__Node__6537,incoming,0.0,0.2399874598322752,0.0026097371147464,3
6538,5,1,762,10033__Node__6538,incoming,0.0010826937375113,0.2846518546063029,0.0206320007813441,4
6540,3,10,121,10055__Node__6540,incoming,0.0003603370252597,0.2845724907063197,0.0235839233652632,3
6543,1,1,762,10033__Node__6543,outandin,0.0,0.2683610867659947,0.014091263555276,3
6545,1,3,284,10032__Node__6545,incoming,0.0,0.2371988535130529,0.00403645097798,4
6547,3,1,762,10033__Node__6547,outandin,0.0001517880964792,0.2780350494869699,0.0218147278968214,3
6548,1,36,37,10148__Node__6548,incoming,0.0,0.2353574173712528,0.0002356564880674,4
6549,3,14,90,10077__Node__6549,incoming,0.0004604517300878,0.2610400682011935,0.0050855878581786,4
6550,1,1,762,10033__Node__6550,incoming,0.0,0.2683610867659947,0.014091263555276,4
6551,1,21,62,10105__Node__6551,incoming,0.0,0.2154972200717854,0.0002096331976264,4
6552,4,12,115,10006__Node__6552,incoming,0.0003121283268095,0.2673301903265235,0.0126163416276596,4
6554,1,1,762,10033__Node__6554,outandin,0.0,0.2683610867659947,0.014091263555276,3
6555,3,4,253,10034__Node__6555,incoming,9.28734918158722e-05,0.2386407918322812,0.0043018865052259,3
6556,1,36,37,10148__Node__6556,incoming,0.0,0.2353574173712528,0.0002356564880674,4
6557,1,30,44,10026__Node__6557,incoming,0.0,0.2175024861486006,0.0002270011766974,3
6558,3,10,121,10055__Node__6558,outandin,9.84834997526299e-05,0.281356243682808,0.0222751838255283,1
6561,1,6,144,10011__Node__6561,incoming,0.0,0.2365209331067511,0.0003016590512941,4
6562,1,1,762,10033__Node__6562,incoming,0.0,0.2683610867659947,0.014091263555276,4
6564,1,18,71,10147__Node__6564,incoming,0.0,0.2354117013915584,0.0002308032257257,4
6565,1,1,762,10033__Node__6565,incoming,0.0,0.2683610867659947,0.014091263555276,4
6566,1,18,71,10147__Node__6566,incoming,0.0,0.2354117013915584,0.0002308032257257,4
6568,3,1,762,10033__Node__6568,incoming,0.0001063123650442,0.2744957418198117,0.0204971155206049,4
6569,1,0,947,10003__Node__6569,outandin,0.0,0.2175024861486006,0.000164196921212,3
6571,1,6,144,10011__Node__6571,incoming,0.0,0.2365209331067511,0.0003016590512941,4
6572,2,1,762,10033__Node__6572,incoming,0.0007749913762437,0.2856076858502005,0.0167010006700224,3
6573,1,0,947,10003__Node__6573,incoming,0.0,0.2175024861486006,0.000164196921212,4
6574,1,1,762,10033__Node__6574,incoming,0.0,0.2683610867659947,0.014091263555276,4
6575,1,5,241,10020__Node__6575,incoming,0.0,0.237566917526573,0.0042162843710479,4
6576,2,10,121,10055__Node__6576,incoming,6.578821614109223e-05,0.2538129973474801,0.0056384029256734,4
6577,4,16,79,10093__Node__6577,incoming,0.0001676186307893,0.2724441676305721,0.0117399659251267,4
6579,6,19,64,10008__Node__6579,incoming,0.0005966835614922,0.2721777777777778,0.0120238096615237,3
6580,1,2,617,10007__Node__6580,incoming,0.0,0.2399874598322752,0.0026097371147464,4
6582,3,1,762,10033__Node__6582,incoming,0.0001306598595641,0.2830991124260355,0.0212214019672155,3
6585,4,31,44,10065__Node__6585,incoming,0.0001278612429469,0.2696371961958436,0.0109432408038095,4
6586,1,5,241,10020__Node__6586,outandin,0.0,0.237566917526573,0.0042162843710479,3
6587,3,15,79,10017__Node__6587,incoming,7.127194915465054e-05,0.2430930454112416,0.0077171375552294,2
6588,1,15,79,10017__Node__6588,incoming,0.0,0.2249485747869526,0.0012045680335147,4
6592,1,10,121,10055__Node__6592,outandin,0.0,0.2524736147757256,0.0054562088320071,2
6594,4,1,762,10033__Node__6594,incoming,0.0004462761718587,0.2858209651824885,0.0255983214807819,4
6595,6,1,762,10033__Node__6595,incoming,0.000344355663236,0.2830729407414255,0.0286807289291974,4
6596,1,4,253,10034__Node__6596,outandin,0.0,0.2336869419216973,0.0028424708247791,2
6597,1,40,34,10041__Node__6597,incoming,0.0,0.2210989963174236,0.0004325584913967,4
6598,2,1,762,10033__Node__6598,incoming,4.524087821338092e-05,0.2693051890941073,0.0149690342017682,4
6600,2,37,37,10191__Node__6600,outandin,5.2378746038274335e-05,0.2321455648218347,0.0001681096201966,0
6602,2,18,71,10147__Node__6602,incoming,2.013232017815538e-05,0.2388828210329224,0.0005107369011394,2
6603,1,0,947,10003__Node__6603,incoming,0.0,0.2175024861486006,0.000164196921212,4
6604,2,58,24,10143__Node__6604,incoming,2.436899370285661e-05,0.225196734573803,0.0006855209874414,4
6606,6,26,56,10177__Node__6606,incoming,0.0009098669097723,0.2873498498498498,0.0236696436859314,2
6608,1,2,617,10007__Node__6608,incoming,0.0,0.2399874598322752,0.0026097371147464,3
6609,1,2,617,10007__Node__6609,incoming,0.0,0.2399874598322752,0.0026097371147464,4
6610,1,10,121,10055__Node__6610,outandin,0.0,0.2524736147757256,0.0054562088320071,3
6611,1,1,762,10033__Node__6611,incoming,0.0,0.2683610867659947,0.014091263555276,4
6612,3,10,121,10055__Node__6612,incoming,8.244362856103914e-05,0.2736371760500447,0.0204252430337753,4
6614,1,14,90,10077__Node__6614,incoming,0.0,0.2212747506865154,0.0008134803921311,4
6615,4,29,48,10051__Node__6615,outandin,0.0001487823411212,0.2651082251082251,0.0105320982001613,2
6616,1,31,44,10065__Node__6616,incoming,0.0,0.2266469282013323,0.0018386608062089,4
6617,1,1,762,10033__Node__6617,outandin,0.0,0.2683610867659947,0.014091263555276,0
6618,1,48,28,10014__Node__6618,outandin,0.0,0.162846354305164,3.088316361570195e-07,1
6619,3,13,93,10073__Node__6619,outandin,0.0001539988972854,0.2450384122919334,0.0089723072585091,1
6623,1,28,49,10009__Node__6623,incoming,0.0,0.2181222396352757,0.0008777706464921,4
6624,1,60,24,10061__Node__6624,outandin,0.0,0.2101722836158967,6.867560595065936e-05,2
6626,3,28,49,10009__Node__6626,incoming,8.244362856103914e-05,0.2736371760500447,0.0204252430337753,4
6627,2,37,37,10191__Node__6627,incoming,0.0001309734366219,0.2341157580854805,0.0023615207928707,3
6628,1,7,142,10071__Node__6628,incoming,0.0,0.237843716016778,0.0002737663480395,4
6629,1,1,762,10033__Node__6629,incoming,0.0,0.2683610867659947,0.014091263555276,4
6630,2,27,52,10108__Node__6630,incoming,2.6294325148464037e-05,0.2238304093567251,0.0004194837118723,1
6631,1,33,43,10088__Node__6631,incoming,0.0,0.2123734221112498,0.0001166819118451,4
6633,1,2,617,10007__Node__6633,incoming,0.0,0.2399874598322752,0.0026097371147464,4
6637,1,2,617,10007__Node__6637,outandin,0.0,0.2399874598322752,0.0026097371147464,3
6638,1,24,59,10053__Node__6638,incoming,0.0,0.2279630732578916,0.000898499345689,4
6640,4,1,762,10033__Node__6640,outandin,0.0006337801882431,0.2751864833288397,0.0165603262006224,2
6643,1,22,61,10025__Node__6643,incoming,0.0,0.2249320502460883,0.0009496431333218,4
6645,1,2,617,10007__Node__6645,incoming,0.0,0.2399874598322752,0.0026097371147464,4
6649,3,10,121,10055__Node__6649,incoming,0.0001019675394,0.279201240083888,0.0239498993609775,4
6650,1,11,116,10016__Node__6650,incoming,0.0,0.233224160255922,0.0022672555095382,3
6652,1,7,142,10071__Node__6652,incoming,0.0,0.237843716016778,0.0002737663480395,3
6653,6,1,762,10033__Node__6653,outandin,0.0007158043996093,0.2978888996984142,0.0285670441396257,0
6654,1,1,762,10033__Node__6654,incoming,0.0,0.2683610867659947,0.014091263555276,3
6655,1,1,762,10033__Node__6655,incoming,0.0,0.2683610867659947,0.014091263555276,4
6656,1,10,121,10055__Node__6656,incoming,0.0,0.2524736147757256,0.0054562088320071,4
6657,3,6,144,10011__Node__6657,outandin,0.0001875475893972,0.2519335198288629,0.0019909793979013,3
6658,2,1,762,10033__Node__6658,incoming,0.0007749913762437,0.2856076858502005,0.0167010006700224,4
6659,4,12,115,10006__Node__6659,incoming,0.0005176602692241,0.2545091846064334,0.0080726560860089,4
6660,1,7,142,10071__Node__6660,incoming,0.0,0.237843716016778,0.0002737663480395,4
6661,1,2,617,10007__Node__6661,incoming,0.0,0.2399874598322752,0.0026097371147464,4
6662,1,4,253,10034__Node__6662,incoming,0.0,0.2336869419216973,0.0028424708247791,4
6665,1,22,61,10025__Node__6665,incoming,0.0,0.2249320502460883,0.0009496431333218,4
6666,1,2,617,10007__Node__6666,incoming,0.0,0.2399874598322752,0.0026097371147464,4
6667,2,31,44,10065__Node__6667,incoming,9.868439387192918e-06,0.2378252427184466,0.0062410877799033,4
6668,1,4,253,10034__Node__6668,incoming,0.0,0.2336869419216973,0.0028424708247791,3
6669,3,31,44,10065__Node__6669,incoming,0.0001063834469975,0.2491659207421271,0.010091396155237,4
6670,2,14,90,10077__Node__6670,incoming,9.199084832713514e-06,0.2256780660377358,0.0013168072859062,4
6671,2,13,93,10073__Node__6671,incoming,5.874520053440121e-05,0.2753844770213148,0.0184936905289704,1
6672,1,0,947,10003__Node__6672,incoming,0.0,0.2175024861486006,0.000164196921212,4
6674,2,18,71,10147__Node__6674,incoming,2.013232017815538e-05,0.2388828210329224,0.0005107369011394,4
6676,1,2,617,10007__Node__6676,incoming,0.0,0.2399874598322752,0.0026097371147464,4
6680,2,16,79,10093__Node__6680,incoming,2.2286636690274223e-05,0.2558275545158325,0.0038414465463796,4
6681,1,4,253,10034__Node__6681,incoming,0.0,0.2336869419216973,0.0028424708247791,4
6682,1,16,79,10093__Node__6682,incoming,0.0,0.2549329781034052,0.0034177652383314,2
6683,1,2,617,10007__Node__6683,incoming,0.0,0.2399874598322752,0.0026097371147464,4
6685,2,9,134,10047__Node__6685,outandin,4.456545452564894e-05,0.1766572434085271,8.432024071860509e-06,3
6686,1,2,617,10007__Node__6686,incoming,0.0,0.2399874598322752,0.0026097371147464,4
6687,3,1,762,10033__Node__6687,incoming,0.0001517880964792,0.2780350494869699,0.0218147278968214,4
6689,1,1,762,10033__Node__6689,incoming,0.0,0.2683610867659947,0.014091263555276,3
6690,3,4,253,10034__Node__6690,incoming,0.0001279055216212,0.2458055711648069,0.007501611663025,4
6691,1,10,121,10055__Node__6691,incoming,0.0,0.2524736147757256,0.0054562088320071,4
6692,1,4,253,10034__Node__6692,incoming,0.0,0.2336869419216973,0.0028424708247791,2
6693,4,1,762,10033__Node__6693,outandin,0.0001687642513396,0.2813045475424897,0.0257885601671865,1
6694,1,19,64,10008__Node__6694,incoming,0.0,0.229105873550318,0.0014870481777489,4
6695,2,51,27,10066__Node__6695,incoming,0.000664712073882,0.2530787668402347,0.0002604419576191,4
6696,1,2,617,10007__Node__6696,incoming,0.0,0.2399874598322752,0.0026097371147464,4
6698,2,2,617,10007__Node__6698,incoming,0.0001594221328562,0.2489633303520611,0.0070121640884408,4
6699,1,2,617,10007__Node__6699,incoming,0.0,0.2399874598322752,0.0026097371147464,4
6701,1,1,762,10033__Node__6701,incoming,0.0,0.2683610867659947,0.014091263555276,4
6702,3,3,284,10032__Node__6702,incoming,9.244569984224552e-05,0.2445101014133993,0.007321778269957,3
6704,1,50,27,10019__Node__6704,incoming,0.0,0.2125060725935179,0.0001355751460299,4
6705,1,34,40,10070__Node__6705,incoming,0.0,0.2273706096383753,7.384433686416915e-05,3
6706,2,4,253,10034__Node__6706,incoming,2.352474870298016e-05,0.2428616751269035,0.0068789218027592,4
6707,2,15,79,10017__Node__6707,incoming,6.057419631550378e-05,0.2464187992918075,0.0014402245215822,3
6708,2,12,115,10006__Node__6708,incoming,7.654843875462916e-05,0.2408179315768777,0.0049595920774873,4
6710,2,25,57,10196__Node__6710,incoming,7.416919199845925e-05,0.2450384122919334,0.0005843991394924,4
6711,1,23,61,10091__Node__6711,incoming,0.0,0.2436152438539263,0.000875839954476,4
6713,1,18,71,10147__Node__6713,incoming,0.0,0.2354117013915584,0.0002308032257257,4
6714,1,5,241,10020__Node__6714,outandin,0.0,0.237566917526573,0.0042162843710479,1
6716,1,1,762,10033__Node__6716,incoming,0.0,0.2683610867659947,0.014091263555276,3
6717,1,5,241,10020__Node__6717,incoming,0.0,0.237566917526573,0.0042162843710479,2
6719,1,1,762,10033__Node__6719,outandin,0.0,0.2683610867659947,0.014091263555276,1
6723,1,43,30,10054__Node__6723,incoming,0.0,0.2427654007769761,0.0020143981155187,4
6724,1,2,617,10007__Node__6724,outandin,0.0,0.2399874598322752,0.0026097371147464,3
6725,1,0,947,10003__Node__6725,incoming,0.0,0.2175024861486006,0.000164196921212,4
6726,1,9,134,10047__Node__6726,incoming,0.0,0.1764434712458223,8.12319243570349e-06,4
6728,1,1,762,10033__Node__6728,incoming,0.0,0.2683610867659947,0.014091263555276,4
6729,3,4,253,10034__Node__6729,incoming,8.141590209875891e-05,0.238696601184908,0.0044011014941827,4
6730,1,10,121,10055__Node__6730,outandin,0.0,0.2524736147757256,0.0054562088320071,0
6731,1,2,617,10007__Node__6731,incoming,0.0,0.2399874598322752,0.0026097371147464,4
6732,2,1,762,10033__Node__6732,incoming,6.219814621082156e-05,0.2702559576345984,0.0150409066885978,2
6733,1,13,93,10073__Node__6733,incoming,0.0,0.2343666283964791,0.0044024269736943,4
6734,1,24,59,10053__Node__6734,outandin,0.0,0.2279630732578916,0.000898499345689,1
6735,1,19,64,10008__Node__6735,incoming,0.0,0.229105873550318,0.0014870481777489,2
6736,1,16,79,10093__Node__6736,incoming,0.0,0.2549329781034052,0.0034177652383314,2
6737,2,1,762,10033__Node__6737,incoming,0.0001789318959606,0.2690448993937264,0.0142268387013059,4
6738,5,18,71,10147__Node__6738,incoming,0.0008527997886084,0.2684551990180607,0.0084510808413718,4
6743,1,25,57,10196__Node__6743,incoming,0.0,0.2230802855893923,0.0003535959137667,4
6745,1,3,284,10032__Node__6745,incoming,0.0,0.2371988535130529,0.00403645097798,1
6746,3,1,762,10033__Node__6746,incoming,0.0002055953293612,0.2762789858341604,0.0207520404207979,2
6747,3,54,25,10010__Node__6747,outandin,9.775579003218858e-05,0.2572893034198806,0.0040445187241514,1
6748,1,1,762,10033__Node__6748,incoming,0.0,0.2683610867659947,0.014091263555276,3
6749,1,9,134,10047__Node__6749,incoming,0.0,0.1764434712458223,8.12319243570349e-06,3
6751,2,47,29,10056__Node__6751,outandin,2.013232017815538e-05,0.2388828210329224,0.0005107369011394,2
6752,2,1,762,10033__Node__6752,incoming,0.0001681338849437,0.2716465578424414,0.0149047439474071,4
6753,1,2,617,10007__Node__6753,incoming,0.0,0.2399874598322752,0.0026097371147464,4
6754,2,54,25,10010__Node__6754,incoming,5.1129740124111545e-05,0.2700652672429,0.0145945904490511,3
6756,3,60,24,10061__Node__6756,incoming,0.0002362285670806,0.2542555841567716,0.0049744294734201,4
6758,4,11,116,10016__Node__6758,outandin,0.0007797777143681,0.2654069515471959,0.0071109021423925,3
6759,1,2,617,10007__Node__6759,incoming,0.0,0.2399874598322752,0.0026097371147464,4
6760,4,5,241,10020__Node__6760,incoming,0.0002731896469382,0.251437017572672,0.0118381375949164,2
6761,1,1,762,10033__Node__6761,incoming,0.0,0.2683610867659947,0.014091263555276,4
6762,1,10,121,10055__Node__6762,incoming,0.0,0.2524736147757256,0.0054562088320071,2
6764,1,0,947,10003__Node__6764,outandin,0.0,0.2175024861486006,0.000164196921212,3
6765,3,4,253,10034__Node__6765,incoming,0.0001364939766953,0.2485591362935303,0.0093260107053654,1
6766,2,3,284,10032__Node__6766,incoming,3.581664649938214e-05,0.2388641859739449,0.0044793074451779,4
6767,1,1,762,10033__Node__6767,incoming,0.0,0.2683610867659947,0.014091263555276,3
6768,2,22,61,10025__Node__6768,incoming,6.219814621082156e-05,0.2702559576345984,0.0150409066885978,2
6770,1,9,134,10047__Node__6770,incoming,0.0,0.1764434712458223,8.12319243570349e-06,4
6771,1,1,762,10033__Node__6771,incoming,0.0,0.2683610867659947,0.014091263555276,4
6772,2,5,241,10020__Node__6772,incoming,5.182447575752253e-05,0.2654529692241005,0.0076340496093794,4
6773,1,3,284,10032__Node__6773,incoming,0.0,0.2371988535130529,0.00403645097798,2
6774,1,2,617,10007__Node__6774,incoming,0.0,0.2399874598322752,0.0026097371147464,4
6775,1,2,617,10007__Node__6775,incoming,0.0,0.2399874598322752,0.0026097371147464,4
6776,1,9,134,10047__Node__6776,incoming,0.0,0.1764434712458223,8.12319243570349e-06,3
6777,5,5,241,10020__Node__6777,incoming,0.000235351661213,0.2721777777777778,0.0133193396135946,3
6778,3,2,617,10007__Node__6778,incoming,0.0001211357798126,0.2447641886490807,0.00416836778415,4
6779,3,2,617,10007__Node__6779,incoming,0.0003851022961911,0.2545303408146301,0.0091223066364611,4
6784,1,0,947,10003__Node__6784,incoming,0.0,0.2175024861486006,0.000164196921212,3
6785,2,32,43,10064__Node__6785,outandin,3.708025701289083e-05,0.2412923561859732,0.0012319105583942,3
6786,1,18,71,10147__Node__6786,incoming,0.0,0.2354117013915584,0.0002308032257257,4
6787,4,1,762,10033__Node__6787,outandin,0.0012223225314467,0.2723956943332444,0.0152058273309557,0
6789,3,51,27,10066__Node__6789,incoming,0.0001123225703395,0.2441007653061224,0.0002758903736336,3
6790,1,1,762,10033__Node__6790,incoming,0.0,0.2683610867659947,0.014091263555276,3
6793,1,8,135,10039__Node__6793,outandin,0.0,0.2294320395624157,0.0024761185437346,3
6794,1,5,241,10020__Node__6794,incoming,0.0,0.237566917526573,0.0042162843710479,2
6795,1,36,37,10148__Node__6795,outandin,0.0,0.2353574173712528,0.0002356564880674,0
6797,1,2,617,10007__Node__6797,incoming,0.0,0.2399874598322752,0.0026097371147464,3
6800,1,0,947,10003__Node__6800,incoming,0.0,0.2175024861486006,0.000164196921212,4
6801,1,6,144,10011__Node__6801,incoming,0.0,0.2365209331067511,0.0003016590512941,4
6802,1,14,90,10077__Node__6802,outandin,0.0,0.2212747506865154,0.0008134803921311,2
6803,1,6,144,10011__Node__6803,incoming,0.0,0.2365209331067511,0.0003016590512941,4
6804,2,3,284,10032__Node__6804,incoming,2.352474870298016e-05,0.2428616751269035,0.0068789218027592,4
6805,1,6,144,10011__Node__6805,incoming,0.0,0.2365209331067511,0.0003016590512941,3
6806,1,2,617,10007__Node__6806,incoming,0.0,0.2399874598322752,0.0026097371147464,4
6807,2,5,241,10020__Node__6807,outandin,6.992276531450556e-05,0.2470350947962888,0.008252735349028,1
6808,1,24,59,10053__Node__6808,incoming,0.0,0.2279630732578916,0.000898499345689,4
6810,2,1,762,10033__Node__6810,incoming,1.9014069920422304e-05,0.272856888255213,0.0195474723872831,4
6811,2,13,93,10073__Node__6811,incoming,7.434162341532645e-05,0.2369969040247678,0.0047632568334791,4
6812,2,9,134,10047__Node__6812,incoming,4.456545452564894e-05,0.1766572434085271,8.432024071860509e-06,2
6813,1,41,31,10052__Node__6813,incoming,0.0,0.2213067360508817,0.0004428564671978,4
6814,4,11,116,10016__Node__6814,outandin,0.0001982194557025,0.2355565812754827,0.0028822620877498,0
6815,1,17,75,10149__Node__6815,incoming,0.0,0.2206210822105339,0.0003608298597847,4
6817,1,1,762,10033__Node__6817,incoming,0.0,0.2683610867659947,0.014091263555276,3
6818,1,49,28,10153__Node__6818,incoming,0.0,0.225213298028832,0.0004236813080482,4
6819,4,8,135,10039__Node__6819,outandin,0.0002217026539321,0.2446664003196164,0.0077718987271885,3
6823,1,44,29,10119__Node__6823,incoming,0.0,0.215588256002253,0.0001850518649942,4
6825,3,12,115,10006__Node__6825,outandin,0.0002935357166177,0.2469155713248931,0.0042515441668749,0
6826,3,1,762,10033__Node__6826,incoming,7.59423424727486e-05,0.2754092462673143,0.0213861331934921,3
6827,1,3,284,10032__Node__6827,incoming,0.0,0.2371988535130529,0.00403645097798,4
6828,1,1,762,10033__Node__6828,incoming,0.0,0.2683610867659947,0.014091263555276,3
6829,4,36,37,10148__Node__6829,incoming,0.000511802610872,0.2725411659991099,0.0119955718075929,2
6830,7,4,253,10034__Node__6830,incoming,0.0009434287996551,0.2842027102283274,0.0152343966028435,3
6832,1,0,947,10003__Node__6832,incoming,0.0,0.2175024861486006,0.000164196921212,3
6833,3,28,49,10009__Node__6833,incoming,7.269856847337092e-05,0.2580699536451749,0.0072098194329753,2
6836,3,58,24,10143__Node__6836,incoming,0.0001643565954775,0.2431702668360864,0.0004936631217316,3
6837,2,24,59,10053__Node__6837,incoming,2.7113803057067e-05,0.2293804779384223,0.0011081325433155,4
6838,1,21,62,10105__Node__6838,incoming,0.0,0.2154972200717854,0.0002096331976264,4
6839,1,9,134,10047__Node__6839,incoming,0.0,0.1764434712458223,8.12319243570349e-06,3
6841,3,28,49,10009__Node__6841,incoming,8.244362856103914e-05,0.2736371760500447,0.0204252430337753,3
6843,4,3,284,10032__Node__6843,incoming,0.0002554150967291,0.2717912302503106,0.0116524580427778,3
6844,2,5,241,10020__Node__6844,incoming,4.228028730536554e-05,0.2402133835412253,0.005114783716737,4
6845,1,3,284,10032__Node__6845,incoming,0.0,0.2371988535130529,0.00403645097798,3
6846,4,11,116,10016__Node__6846,outandin,0.0011122619013833,0.2788198870879621,0.0218829174660333,3
6847,2,1,762,10033__Node__6847,incoming,1.7830732819827e-05,0.2706620701847432,0.0161056616707947,4
6848,1,2,617,10007__Node__6848,incoming,0.0,0.2399874598322752,0.0026097371147464,4
6851,2,19,64,10008__Node__6851,incoming,1.2030854877954e-05,0.2330289193302891,0.0026916162112637,4
6852,1,0,947,10003__Node__6852,incoming,0.0,0.2175024861486006,0.000164196921212,4
6853,1,9,134,10047__Node__6853,incoming,0.0,0.1764434712458223,8.12319243570349e-06,3
6854,1,21,62,10105__Node__6854,incoming,0.0,0.2154972200717854,0.0002096331976264,4
6855,2,1,762,10033__Node__6855,incoming,5.874520053440121e-05,0.2753844770213148,0.0184936905289704,3
6857,3,3,284,10032__Node__6857,incoming,0.0001254666354754,0.250183838548901,0.0107288538927627,4
6858,1,51,27,10066__Node__6858,incoming,0.0,0.2329225619960444,9.624503640716152e-05,4
6859,1,2,617,10007__Node__6859,outandin,0.0,0.2399874598322752,0.0026097371147464,3
6860,1,21,62,10105__Node__6860,incoming,0.0,0.2154972200717854,0.0002096331976264,4
6861,1,24,59,10053__Node__6861,incoming,0.0,0.2279630732578916,0.000898499345689,4
6862,1,5,241,10020__Node__6862,outandin,0.0,0.237566917526573,0.0042162843710479,3
6863,1,21,62,10105__Node__6863,incoming,0.0,0.2154972200717854,0.0002096331976264,4
6864,1,16,79,10093__Node__6864,outandin,0.0,0.2549329781034052,0.0034177652383314,0
6865,2,29,48,10051__Node__6865,incoming,8.778301870516908e-06,0.2537919602154994,0.0058729573619154,4
6866,2,24,59,10053__Node__6866,incoming,2.7113803057067e-05,0.2293804779384223,0.0011081325433155,4
6867,1,50,27,10019__Node__6867,incoming,0.0,0.2125060725935179,0.0001355751460299,3
6869,2,1,762,10033__Node__6869,incoming,1.9014069920422304e-05,0.272856888255213,0.0195474723872831,4
6872,4,1,762,10033__Node__6872,incoming,0.0003461449495375,0.2856076858502005,0.02525080493608,4
6875,1,3,284,10032__Node__6875,incoming,0.0,0.2371988535130529,0.00403645097798,4
6876,3,5,241,10020__Node__6876,outandin,0.0002372250054223,0.2440618523832297,0.0069096216888604,2
6877,2,28,49,10009__Node__6877,incoming,0.0001121588015689,0.2445882258966371,0.0011794296977863,4
6878,1,37,37,10191__Node__6878,incoming,0.0,0.2083418384704361,9.426528333245428e-05,4
6879,2,1,762,10033__Node__6879,incoming,5.269534795206538e-05,0.27710407239819,0.0168189749935212,2
6882,1,24,59,10053__Node__6882,incoming,0.0,0.2279630732578916,0.000898499345689,4
6883,1,21,62,10105__Node__6883,incoming,0.0,0.2154972200717854,0.0002096331976264,4
6884,1,15,79,10017__Node__6884,incoming,0.0,0.2249485747869526,0.0012045680335147,4
6885,1,3,284,10032__Node__6885,incoming,0.0,0.2371988535130529,0.00403645097798,4
6886,1,21,62,10105__Node__6886,incoming,0.0,0.2154972200717854,0.0002096331976264,4
6887,3,7,142,10071__Node__6887,incoming,0.0003708249803943,0.2448228991764612,0.0006310675079911,3
6888,12,1,762,10033__Node__6888,incoming,0.0050442031991783,0.3181629260182876,0.038992304246921,2
6889,1,2,617,10007__Node__6889,incoming,0.0,0.2399874598322752,0.0026097371147464,4
6890,1,21,62,10105__Node__6890,incoming,0.0,0.2154972200717854,0.0002096331976264,4
6891,1,24,59,10053__Node__6891,incoming,0.0,0.2279630732578916,0.000898499345689,4
6892,1,17,75,10149__Node__6892,incoming,0.0,0.2206210822105339,0.0003608298597847,3
6893,1,11,116,10016__Node__6893,incoming,0.0,0.233224160255922,0.0022672555095382,3
6895,1,3,284,10032__Node__6895,incoming,0.0,0.2371988535130529,0.00403645097798,4
6898,1,13,93,10073__Node__6898,incoming,0.0,0.2343666283964791,0.0044024269736943,4
6900,1,0,947,10003__Node__6900,incoming,0.0,0.2175024861486006,0.000164196921212,4
6901,1,1,762,10033__Node__6901,outandin,0.0,0.2683610867659947,0.014091263555276,1
6902,1,1,762,10033__Node__6902,incoming,0.0,0.2683610867659947,0.014091263555276,4
6903,1,21,62,10105__Node__6903,incoming,0.0,0.2154972200717854,0.0002096331976264,3
6905,1,2,617,10007__Node__6905,incoming,0.0,0.2399874598322752,0.0026097371147464,4
6906,1,49,28,10153__Node__6906,incoming,0.0,0.225213298028832,0.0004236813080482,4
6907,1,3,284,10032__Node__6907,incoming,0.0,0.2371988535130529,0.00403645097798,4
6909,1,3,284,10032__Node__6909,outandin,0.0,0.2371988535130529,0.00403645097798,2
6910,3,16,79,10093__Node__6910,incoming,0.0002176909410904,0.2764535933550018,0.0116705005873595,4
6911,3,4,253,10034__Node__6911,incoming,5.199928592348838e-05,0.2455887070901508,0.0093550403464938,4
6913,1,40,34,10041__Node__6913,incoming,0.0,0.2210989963174236,0.0004325584913967,4
6914,1,3,284,10032__Node__6914,incoming,0.0,0.2371988535130529,0.00403645097798,4
6915,2,8,135,10039__Node__6915,incoming,1.4977051643351827e-05,0.2406097752632406,0.0065125695217147,4
6916,1,34,40,10070__Node__6916,incoming,0.0,0.2273706096383753,7.384433686416915e-05,4
6917,1,24,59,10053__Node__6917,incoming,0.0,0.2279630732578916,0.000898499345689,4
6918,5,28,49,10009__Node__6918,outandin,0.0017211230524447,0.2979468716551522,0.0223208808702785,1
6920,1,15,79,10017__Node__6920,outandin,0.0,0.2249485747869526,0.0012045680335147,0
6921,1,3,284,10032__Node__6921,incoming,0.0,0.2371988535130529,0.00403645097798,4
6922,1,21,62,10105__Node__6922,incoming,0.0,0.2154972200717854,0.0002096331976264,3
6923,1,12,115,10006__Node__6923,incoming,0.0,0.2240925058548009,0.0007433077064394,4
6924,2,33,43,10088__Node__6924,incoming,3.645589296865439e-06,0.216594751361675,0.0003339006859229,3
6925,1,17,75,10149__Node__6925,incoming,0.0,0.2206210822105339,0.0003608298597847,4
6926,1,17,75,10149__Node__6926,incoming,0.0,0.2206210822105339,0.0003608298597847,4
6928,1,21,62,10105__Node__6928,incoming,0.0,0.2154972200717854,0.0002096331976264,4
6929,1,42,30,10162__Node__6929,incoming,0.0,0.225196734573803,7.613691296057906e-05,1
6930,1,34,40,10070__Node__6930,incoming,0.0,0.2273706096383753,7.384433686416915e-05,4
6931,1,0,947,10003__Node__6931,incoming,0.0,0.2175024861486006,0.000164196921212,4
6932,1,41,31,10052__Node__6932,incoming,0.0,0.2213067360508817,0.0004428564671978,4
6933,2,40,34,10041__Node__6933,incoming,1.458438782572898e-05,0.2315486993345432,0.0013310578370858,4
6934,1,6,144,10011__Node__6934,incoming,0.0,0.2365209331067511,0.0003016590512941,4
6935,2,24,59,10053__Node__6935,incoming,7.336873758521366e-05,0.2586148648648648,0.0043162645840205,3
6936,1,11,116,10016__Node__6936,incoming,0.0,0.233224160255922,0.0022672555095382,3
6938,1,2,617,10007__Node__6938,incoming,0.0,0.2399874598322752,0.0026097371147464,4
6940,1,11,116,10016__Node__6940,incoming,0.0,0.233224160255922,0.0022672555095382,2
6941,1,21,62,10105__Node__6941,incoming,0.0,0.2154972200717854,0.0002096331976264,4
6943,1,21,62,10105__Node__6943,incoming,0.0,0.2154972200717854,0.0002096331976264,3
6944,1,51,27,10066__Node__6944,incoming,0.0,0.2329225619960444,9.624503640716152e-05,2
6946,1,3,284,10032__Node__6946,incoming,0.0,0.2371988535130529,0.00403645097798,4
6947,2,21,62,10105__Node__6947,incoming,8.59736819873287e-05,0.2390506674994144,0.0042460841756064,3
6948,1,3,284,10032__Node__6948,incoming,0.0,0.2371988535130529,0.00403645097798,4
6949,1,17,75,10149__Node__6949,incoming,0.0,0.2206210822105339,0.0003608298597847,4
6950,1,46,29,10045__Node__6950,outandin,0.0,0.2200977573317999,0.000254847646932,0
6951,1,0,947,10003__Node__6951,incoming,0.0,0.2175024861486006,0.000164196921212,4
6952,3,46,29,10045__Node__6952,outandin,0.0002555757987688,0.2574623728243504,0.0045469445579778,2
6953,1,3,284,10032__Node__6953,incoming,0.0,0.2371988535130529,0.00403645097798,3
6955,1,12,115,10006__Node__6955,incoming,0.0,0.2240925058548009,0.0007433077064394,4
6956,1,3,284,10032__Node__6956,incoming,0.0,0.2371988535130529,0.00403645097798,1
6957,1,21,62,10105__Node__6957,incoming,0.0,0.2154972200717854,0.0002096331976264,3
6958,1,32,43,10064__Node__6958,outandin,0.0,0.2273706096383753,0.0004184301662631,2
6960,1,45,29,10031__Node__6960,incoming,0.0,0.2163651780667043,0.0001751070662853,3
6962,1,38,35,10086__Node__6962,incoming,0.0,0.2153002390662354,0.0002172187740778,4
6964,2,12,115,10006__Node__6964,incoming,3.4611772545125e-05,0.2347979449428724,0.003219426250174,4
6966,1,33,43,10088__Node__6966,incoming,0.0,0.2123734221112498,0.0001166819118451,3
6967,3,13,93,10073__Node__6967,outandin,6.31571383818865e-05,0.2468956619900016,0.0108859668542806,0
6968,1,1,762,10033__Node__6968,incoming,0.0,0.2683610867659947,0.014091263555276,4
6969,2,1,762,10033__Node__6969,incoming,0.0003469801132741,0.2689976280418167,0.014186395673123,3
6970,3,17,75,10149__Node__6970,outandin,0.0003782472328721,0.2410454223411792,0.0047867474284591,1
6971,1,0,947,10003__Node__6971,incoming,0.0,0.2175024861486006,0.000164196921212,3
6972,4,8,135,10039__Node__6972,incoming,0.0002282430523813,0.2389387436597737,0.0038616179391972,4
6974,1,15,79,10017__Node__6974,incoming,0.0,0.2249485747869526,0.0012045680335147,4
6976,1,21,62,10105__Node__6976,incoming,0.0,0.2154972200717854,0.0002096331976264,4
6978,1,49,28,10153__Node__6978,incoming,0.0,0.225213298028832,0.0004236813080482,4
6979,1,25,57,10196__Node__6979,incoming,0.0,0.2230802855893923,0.0003535959137667,4
6980,3,1,762,10033__Node__6980,incoming,0.0003603370252597,0.2845724907063197,0.0235839233652632,4
6982,5,4,253,10034__Node__6982,outandin,0.0003421305344076,0.259249851833037,0.0173362939537105,0
6984,5,40,34,10041__Node__6984,incoming,0.0003176729106918,0.244490578090067,0.0073165457532101,4
6985,1,57,25,10219__Node__6985,incoming,0.0,0.227624145108534,7.581253999781134e-05,3
6986,2,3,284,10032__Node__6986,incoming,2.847461816859815e-05,0.2401003685407355,0.0049349503236691,4
6988,1,38,35,10086__Node__6988,incoming,0.0,0.2153002390662354,0.0002172187740778,4
6989,1,15,79,10017__Node__6989,incoming,0.0,0.2249485747869526,0.0012045680335147,4
6990,2,4,253,10034__Node__6990,incoming,2.352474870298016e-05,0.2428616751269035,0.0068789218027592,4
6992,2,48,28,10014__Node__6992,outandin,4.456545452564894e-05,0.1766572434085271,8.432024071860509e-06,2
6994,1,1,762,10033__Node__6994,outandin,0.0,0.2683610867659947,0.014091263555276,3
6997,2,2,617,10007__Node__6997,incoming,3.7995572396404415e-05,0.2409316232591077,0.002772125482277,2
6998,1,50,27,10019__Node__6998,incoming,0.0,0.2125060725935179,0.0001355751460299,4
6999,1,7,142,10071__Node__6999,incoming,0.0,0.237843716016778,0.0002737663480395,4
7001,3,17,75,10149__Node__7001,incoming,7.795474959528926e-05,0.2365209331067511,0.0037354477492084,4
7004,1,7,142,10071__Node__7004,incoming,0.0,0.237843716016778,0.0002737663480395,4
7006,1,3,284,10032__Node__7006,incoming,0.0,0.2371988535130529,0.00403645097798,4
7007,1,27,52,10108__Node__7007,outandin,0.0,0.2191996563819886,0.000244376645587,2
7008,1,24,59,10053__Node__7008,incoming,0.0,0.2279630732578916,0.000898499345689,4
7010,2,3,284,10032__Node__7010,incoming,2.352474870298016e-05,0.2428616751269035,0.0068789218027592,4
7012,3,39,34,10036__Node__7012,incoming,6.401013284640437e-05,0.2321279660374497,0.0030202520597861,4
7013,1,17,75,10149__Node__7013,incoming,0.0,0.2206210822105339,0.0003608298597847,4
7014,2,3,284,10032__Node__7014,incoming,5.71577342834703e-05,0.2454902589593522,0.0084388779516744,2
7017,2,55,25,10013__Node__7017,incoming,2.841857182727051e-06,0.2169784580498866,0.0003259859039606,2
7019,1,46,29,10045__Node__7019,outandin,0.0,0.2200977573317999,0.000254847646932,0
7022,1,47,29,10056__Node__7022,incoming,0.0,0.2167634149794705,0.0002799336754136,2
7023,1,21,62,10105__Node__7023,incoming,0.0,0.2154972200717854,0.0002096331976264,3
7024,1,27,52,10108__Node__7024,incoming,0.0,0.2191996563819886,0.000244376645587,4
7025,1,11,116,10016__Node__7025,incoming,0.0,0.233224160255922,0.0022672555095382,4
7026,1,15,79,10017__Node__7026,incoming,0.0,0.2249485747869526,0.0012045680335147,4
7028,1,14,90,10077__Node__7028,incoming,0.0,0.2212747506865154,0.0008134803921311,4
7031,2,15,79,10017__Node__7031,incoming,5.961984915575007e-05,0.2335087317928773,0.0021542111668366,2
7032,1,30,44,10026__Node__7032,incoming,0.0,0.2175024861486006,0.0002270011766974,4
7035,1,3,284,10032__Node__7035,incoming,0.0,0.2371988535130529,0.00403645097798,4
7036,1,42,30,10162__Node__7036,incoming,0.0,0.225196734573803,7.613691296057906e-05,3
7037,2,25,57,10196__Node__7037,incoming,7.467577993158969e-05,0.2393122313403673,0.0045698802848147,3
7038,1,9,134,10047__Node__7038,outandin,0.0,0.1764434712458223,8.12319243570349e-06,3
7039,1,2,617,10007__Node__7039,incoming,0.0,0.2399874598322752,0.0026097371147464,4
7040,3,10,121,10055__Node__7040,incoming,0.0002217392945317,0.2829421548697098,0.0237637567583311,3
7042,4,1,762,10033__Node__7042,incoming,0.0005908399258026,0.2770288609427305,0.0216033519675699,4
7044,2,1,762,10033__Node__7044,incoming,1.7830732819827e-05,0.2706620701847432,0.0161056616707947,4
7045,2,5,241,10020__Node__7045,incoming,3.405285061109749e-05,0.258789722785666,0.0062306824865667,2
7046,5,4,253,10034__Node__7046,incoming,0.0004140959568614,0.2420744722902996,0.0052368563142844,4
7047,1,3,284,10032__Node__7047,outandin,0.0,0.2371988535130529,0.00403645097798,1
7048,1,0,947,10003__Node__7048,incoming,0.0,0.2175024861486006,0.000164196921212,4
7049,1,3,284,10032__Node__7049,incoming,0.0,0.2371988535130529,0.00403645097798,4
7050,3,10,121,10055__Node__7050,incoming,4.88605281957338e-05,0.2583748206902371,0.0084202500808477,4
7051,1,5,241,10020__Node__7051,incoming,0.0,0.237566917526573,0.0042162843710479,2
7052,3,29,48,10051__Node__7052,incoming,3.2485198421746364e-05,0.2608843827213087,0.0086006688001606,4
7054,1,19,64,10008__Node__7054,outandin,0.0,0.229105873550318,0.0014870481777489,0
7055,1,17,75,10149__Node__7055,incoming,0.0,0.2206210822105339,0.0003608298597847,4
7056,1,57,25,10219__Node__7056,outandin,0.0,0.227624145108534,7.581253999781134e-05,3
7057,6,13,93,10073__Node__7057,incoming,0.0007412147093242,0.2948199499326016,0.0280219518346191,2
7058,2,48,28,10014__Node__7058,incoming,4.456545452564894e-05,0.1766572434085271,8.432024071860509e-06,2
7059,1,1,762,10033__Node__7059,incoming,0.0,0.2683610867659947,0.014091263555276,4
7061,2,43,30,10054__Node__7061,incoming,1.7830732819827e-05,0.2706620701847432,0.0161056616707947,4
7062,2,43,30,10054__Node__7062,incoming,1.7830732819827e-05,0.2706620701847432,0.0161056616707947,4
7063,1,0,947,10003__Node__7063,incoming,0.0,0.2175024861486006,0.000164196921212,4
7064,1,2,617,10007__Node__7064,incoming,0.0,0.2399874598322752,0.0026097371147464,4
7067,2,3,284,10032__Node__7067,incoming,4.607596435338997e-05,0.2588115966528611,0.0055069813662011,3
7068,2,15,79,10017__Node__7068,incoming,3.529828255707403e-05,0.2402887860001569,0.0054208524045627,3
7072,2,8,135,10039__Node__7072,incoming,1.1422832238532758e-05,0.2349961627014581,0.0033746178894237,4
7073,1,2,617,10007__Node__7073,incoming,0.0,0.2399874598322752,0.0026097371147464,4
7075,1,4,253,10034__Node__7075,incoming,0.0,0.2336869419216973,0.0028424708247791,4
7077,1,3,284,10032__Node__7077,incoming,0.0,0.2371988535130529,0.00403645097798,4
7080,1,16,79,10093__Node__7080,incoming,0.0,0.2549329781034052,0.0034177652383314,4
7083,2,30,44,10026__Node__7083,incoming,0.0001796894824894,0.2397995144490563,0.0030694720014766,4
7085,5,4,253,10034__Node__7085,incoming,0.000603936137497,0.2604849000425351,0.0050811597718928,3
7087,1,3,284,10032__Node__7087,incoming,0.0,0.2371988535130529,0.00403645097798,4
7089,1,48,28,10014__Node__7089,incoming,0.0,0.162846354305164,3.088316361570195e-07,3
7090,1,21,62,10105__Node__7090,incoming,0.0,0.2154972200717854,0.0002096331976264,2
7092,1,21,62,10105__Node__7092,incoming,0.0,0.2154972200717854,0.0002096331976264,4
7093,1,26,56,10177__Node__7093,incoming,0.0,0.2510865108651086,0.0027277114382451,3
7094,1,1,762,10033__Node__7094,incoming,0.0,0.2683610867659947,0.014091263555276,4
7096,2,4,253,10034__Node__7096,incoming,2.352474870298016e-05,0.2428616751269035,0.0068789218027592,4
7097,2,22,61,10025__Node__7097,outandin,2.9209271045667187e-05,0.2306243880394667,0.0017631235254529,2
7099,1,0,947,10003__Node__7099,incoming,0.0,0.2175024861486006,0.000164196921212,4
7100,1,12,115,10006__Node__7100,incoming,0.0,0.2240925058548009,0.0007433077064394,4
7102,1,21,62,10105__Node__7102,incoming,0.0,0.2154972200717854,0.0002096331976264,4
7103,5,2,617,10007__Node__7103,incoming,0.000578794214417,0.252057951926243,0.0066766931891753,4
7104,1,24,59,10053__Node__7104,incoming,0.0,0.2279630732578916,0.000898499345689,3
7106,1,0,947,10003__Node__7106,incoming,0.0,0.2175024861486006,0.000164196921212,4
7107,2,15,79,10017__Node__7107,incoming,5.852363235439342e-05,0.2289688177671427,0.0013796750998,3
7108,1,9,134,10047__Node__7108,incoming,0.0,0.1764434712458223,8.12319243570349e-06,1
7110,2,1,762,10033__Node__7110,incoming,0.000378411866955,0.2707578035193209,0.0143220667810017,4
7113,3,1,762,10033__Node__7113,incoming,0.0003217228880847,0.2749640804597701,0.0165407131584806,4
7116,1,1,762,10033__Node__7116,incoming,0.0,0.2683610867659947,0.014091263555276,4
7118,8,11,116,10016__Node__7118,incoming,0.0009081118124307,0.2827331486611265,0.019977907389053,4
7119,1,23,61,10091__Node__7119,incoming,0.0,0.2436152438539263,0.000875839954476,3
7123,1,3,284,10032__Node__7123,incoming,0.0,0.2371988535130529,0.00403645097798,4
7125,1,9,134,10047__Node__7125,incoming,0.0,0.1764434712458223,8.12319243570349e-06,4
7126,1,35,38,10037__Node__7126,incoming,0.0,0.2153759583597102,0.0001743830545354,3
7127,1,5,241,10020__Node__7127,incoming,0.0,0.237566917526573,0.0042162843710479,4
7128,3,1,762,10033__Node__7128,incoming,0.0005291841231836,0.2762789858341604,0.016712114978581,4
7129,1,1,762,10033__Node__7129,incoming,0.0,0.2683610867659947,0.014091263555276,1
7130,1,23,61,10091__Node__7130,outandin,0.0,0.2436152438539263,0.000875839954476,1
7131,1,55,25,10013__Node__7131,incoming,0.0,0.2067103220144467,0.00016359753643,4
7132,1,4,253,10034__Node__7132,incoming,0.0,0.2336869419216973,0.0028424708247791,4
7133,1,37,37,10191__Node__7133,incoming,0.0,0.2083418384704361,9.426528333245428e-05,2
7134,1,12,115,10006__Node__7134,incoming,0.0,0.2240925058548009,0.0007433077064394,4
7135,1,5,241,10020__Node__7135,incoming,0.0,0.237566917526573,0.0042162843710479,4
7136,1,1,762,10033__Node__7136,incoming,0.0,0.2683610867659947,0.014091263555276,4
7137,1,37,37,10191__Node__7137,outandin,0.0,0.2083418384704361,9.426528333245428e-05,3
7139,6,29,48,10051__Node__7139,outandin,0.0005040838335811,0.2918970448045758,0.0283769531033064,0
7141,1,2,617,10007__Node__7141,incoming,0.0,0.2399874598322752,0.0026097371147464,4
7143,1,2,617,10007__Node__7143,incoming,0.0,0.2399874598322752,0.0026097371147464,4
7144,1,0,947,10003__Node__7144,incoming,0.0,0.2175024861486006,0.000164196921212,3
7145,1,12,115,10006__Node__7145,incoming,0.0,0.2240925058548009,0.0007433077064394,4
7147,1,44,29,10119__Node__7147,incoming,0.0,0.215588256002253,0.0001850518649942,3
7150,1,2,617,10007__Node__7150,outandin,0.0,0.2399874598322752,0.0026097371147464,3
7152,1,1,762,10033__Node__7152,outandin,0.0,0.2683610867659947,0.014091263555276,0
7154,2,2,617,10007__Node__7154,incoming,0.0007749913762437,0.2856076858502005,0.0167010006700224,4
7155,2,18,71,10147__Node__7155,outandin,0.0001855169793265,0.2546997171851605,0.0056870120577328,3
7158,3,3,284,10032__Node__7158,incoming,8.995540277002884e-05,0.2414445671029806,0.0056838754786927,3
7159,1,23,61,10091__Node__7159,outandin,0.0,0.2436152438539263,0.000875839954476,1
7160,3,59,24,10057__Node__7160,incoming,5.230696304041418e-05,0.2632846087704213,0.0106739587686657,2
7161,1,36,37,10148__Node__7161,incoming,0.0,0.2353574173712528,0.0002356564880674,4
7163,4,10,121,10055__Node__7163,incoming,0.0005556880793983,0.2624946420917274,0.0098117067939283,4
7164,1,2,617,10007__Node__7164,incoming,0.0,0.2399874598322752,0.0026097371147464,4
7168,3,1,762,10033__Node__7168,incoming,4.266605460566154e-05,0.274176217765043,0.0215618705028018,4
7169,3,23,61,10091__Node__7169,incoming,7.479974316172026e-05,0.2640110363855837,0.0107344757601775,4
7170,1,0,947,10003__Node__7170,incoming,0.0,0.2175024861486006,0.000164196921212,4
7171,9,4,253,10034__Node__7171,incoming,0.0035884207737477,0.3220445940260833,0.0352425921105431,1
7173,1,53,26,10060__Node__7173,outandin,0.0,0.2177035193743334,0.0001038327972286,1
7174,4,59,24,10057__Node__7174,incoming,7.93509410243701e-05,0.2427654007769761,0.007032411677167,3
7175,1,0,947,10003__Node__7175,incoming,0.0,0.2175024861486006,0.000164196921212,4
7176,1,13,93,10073__Node__7176,incoming,0.0,0.2343666283964791,0.0044024269736943,3
7178,1,2,617,10007__Node__7178,incoming,0.0,0.2399874598322752,0.0026097371147464,4
7179,1,15,79,10017__Node__7179,incoming,0.0,0.2249485747869526,0.0012045680335147,4
7180,1,3,284,10032__Node__7180,incoming,0.0,0.2371988535130529,0.00403645097798,4
7181,1,0,947,10003__Node__7181,incoming,0.0,0.2175024861486006,0.000164196921212,3
7182,1,0,947,10003__Node__7182,incoming,0.0,0.2175024861486006,0.000164196921212,4
7183,1,15,79,10017__Node__7183,incoming,0.0,0.2249485747869526,0.0012045680335147,4
7184,1,0,947,10003__Node__7184,incoming,0.0,0.2175024861486006,0.000164196921212,4
7187,1,31,44,10065__Node__7187,outandin,0.0,0.2266469282013323,0.0018386608062089,2
7188,1,23,61,10091__Node__7188,outandin,0.0,0.2436152438539263,0.000875839954476,0
7189,2,28,49,10009__Node__7189,incoming,4.524087821338092e-05,0.2693051890941073,0.0149690342017682,4
7190,1,2,617,10007__Node__7190,incoming,0.0,0.2399874598322752,0.0026097371147464,4
7191,1,9,134,10047__Node__7191,incoming,0.0,0.1764434712458223,8.12319243570349e-06,4
7193,2,38,35,10086__Node__7193,outandin,3.645589296865439e-06,0.216594751361675,0.0003339006859229,3
7194,1,5,241,10020__Node__7194,outandin,0.0,0.237566917526573,0.0042162843710479,2
7198,1,0,947,10003__Node__7198,incoming,0.0,0.2175024861486006,0.000164196921212,4
7199,2,1,762,10033__Node__7199,incoming,6.070864224072986e-05,0.2693051890941073,0.0145096937215391,3
7201,1,2,617,10007__Node__7201,incoming,0.0,0.2399874598322752,0.0026097371147464,4
7202,1,0,947,10003__Node__7202,incoming,0.0,0.2175024861486006,0.000164196921212,4
7206,9,8,135,10039__Node__7206,incoming,0.0023301521762298,0.277003799529582,0.0185974424642396,2
7207,4,13,93,10073__Node__7207,outandin,0.0004880913374119,0.2655680832610581,0.0093668595132074,0
7208,1,0,947,10003__Node__7208,incoming,0.0,0.2175024861486006,0.000164196921212,4
7209,4,1,762,10033__Node__7209,incoming,0.0003261320729662,0.2755083678243656,0.0218418041782155,3
7210,1,19,64,10008__Node__7210,outandin,0.0,0.229105873550318,0.0014870481777489,1
7211,1,0,947,10003__Node__7211,incoming,0.0,0.2175024861486006,0.000164196921212,4
7213,2,4,253,10034__Node__7213,incoming,5.133616210701521e-05,0.2368319282233738,0.0035857785312185,4
7214,2,1,762,10033__Node__7214,incoming,9.408247513730678e-05,0.2739309357666845,0.0163585190648142,2
7215,1,0,947,10003__Node__7215,incoming,0.0,0.2175024861486006,0.000164196921212,4
7217,2,0,947,10003__Node__7217,incoming,0.0006985071978301,0.244295516195947,0.0002680297184406,4
7218,2,4,253,10034__Node__7218,incoming,0.0002292272368013,0.2775813616172604,0.0169337343800551,3
7220,1,0,947,10003__Node__7220,incoming,0.0,0.2175024861486006,0.000164196921212,4
7221,1,34,40,10070__Node__7221,incoming,0.0,0.2273706096383753,7.384433686416915e-05,4
7222,2,8,135,10039__Node__7222,incoming,1.1422832238532758e-05,0.2349961627014581,0.0033746178894237,4
7223,1,9,134,10047__Node__7223,incoming,0.0,0.1764434712458223,8.12319243570349e-06,4
7224,2,1,762,10033__Node__7224,incoming,0.0005305978225961,0.2695659829210318,0.0141855288386084,1
7226,3,1,762,10033__Node__7226,incoming,0.0002702715254004,0.2739309357666845,0.0197296664809494,3
7227,1,2,617,10007__Node__7227,incoming,0.0,0.2399874598322752,0.0026097371147464,4
7228,3,38,35,10086__Node__7228,incoming,0.0002513313061959,0.2435571110404072,0.004857184453174,4
7229,2,2,617,10007__Node__7229,incoming,4.611461389513688e-05,0.2417686537702329,0.0034250600777106,4
7231,1,0,947,10003__Node__7231,incoming,0.0,0.2175024861486006,0.000164196921212,4
7235,3,5,241,10020__Node__7235,outandin,0.0004196803011768,0.2587022642784725,0.0046321394617679,3
7239,4,11,116,10016__Node__7239,incoming,0.0003033415181318,0.2478148268047912,0.0110681609479469,2
7240,3,3,284,10032__Node__7240,incoming,0.0002046058238567,0.2715020393686824,0.0096066332410044,4
7243,1,0,947,10003__Node__7243,incoming,0.0,0.2175024861486006,0.000164196921212,4
7244,2,28,49,10009__Node__7244,incoming,4.524087821338092e-05,0.2693051890941073,0.0149690342017682,4
7245,1,26,56,10177__Node__7245,outandin,0.0,0.2510865108651086,0.0027277114382451,0
7246,1,6,144,10011__Node__7246,incoming,0.0,0.2365209331067511,0.0003016590512941,3
7247,3,13,93,10073__Node__7247,incoming,0.0001306598595641,0.2830991124260355,0.0212214019672155,3
7252,1,7,142,10071__Node__7252,incoming,0.0,0.237843716016778,0.0002737663480395,4
7254,1,4,253,10034__Node__7254,incoming,0.0,0.2336869419216973,0.0028424708247791,4
7255,1,0,947,10003__Node__7255,incoming,0.0,0.2175024861486006,0.000164196921212,4
7256,1,1,762,10033__Node__7256,incoming,0.0,0.2683610867659947,0.014091263555276,4
7257,2,10,121,10055__Node__7257,incoming,1.9014069920422304e-05,0.272856888255213,0.0195474723872831,4
7259,1,6,144,10011__Node__7259,incoming,0.0,0.2365209331067511,0.0003016590512941,4
7262,1,11,116,10016__Node__7262,incoming,0.0,0.233224160255922,0.0022672555095382,3
7263,8,1,762,10033__Node__7263,incoming,0.0014753138383471,0.3080792836301438,0.0359795760264312,2
7264,1,48,28,10014__Node__7264,incoming,0.0,0.162846354305164,3.088316361570195e-07,4
7265,6,26,56,10177__Node__7265,outandin,0.000679379414244,0.2691868131868132,0.0090404064874043,2
7267,1,9,134,10047__Node__7267,incoming,0.0,0.1764434712458223,8.12319243570349e-06,3
7268,1,0,947,10003__Node__7268,incoming,0.0,0.2175024861486006,0.000164196921212,4
7269,4,4,253,10034__Node__7269,incoming,0.0002763664012909,0.2575706594885599,0.0154976331475015,3
7270,1,9,134,10047__Node__7270,incoming,0.0,0.1764434712458223,8.12319243570349e-06,4
7272,1,49,28,10153__Node__7272,incoming,0.0,0.225213298028832,0.0004236813080482,4
7273,1,3,284,10032__Node__7273,incoming,0.0,0.2371988535130529,0.00403645097798,3
7274,1,27,52,10108__Node__7274,incoming,0.0,0.2191996563819886,0.000244376645587,4
7276,1,2,617,10007__Node__7276,incoming,0.0,0.2399874598322752,0.0026097371147464,3
7277,3,2,617,10007__Node__7277,incoming,0.0016691406979845,0.2725411659991099,0.0067200324295906,3
7278,1,54,25,10010__Node__7278,incoming,0.0,0.2197187141216992,0.0005033268937751,4
7279,1,4,253,10034__Node__7279,incoming,0.0,0.2336869419216973,0.0028424708247791,4
7280,1,1,762,10033__Node__7280,incoming,0.0,0.2683610867659947,0.014091263555276,4
7281,4,5,241,10020__Node__7281,outandin,0.0001036872815907,0.2489228518006666,0.0127246276604896,1
7283,3,1,762,10033__Node__7283,incoming,0.0002981693385182,0.2742744536008599,0.0170041610164838,4
7285,3,32,43,10064__Node__7285,incoming,0.0002185414527687,0.2486802566393243,0.0026500470558597,4
7286,1,2,617,10007__Node__7286,incoming,0.0,0.2399874598322752,0.0026097371147464,4
7287,1,37,37,10191__Node__7287,incoming,0.0,0.2083418384704361,9.426528333245428e-05,2
7288,1,4,253,10034__Node__7288,incoming,0.0,0.2336869419216973,0.0028424708247791,4
7289,6,22,61,10025__Node__7289,incoming,0.0006125206195514,0.2921198244609807,0.031045019170876,4
7293,1,40,34,10041__Node__7293,incoming,0.0,0.2210989963174236,0.0004325584913967,4
7294,1,8,135,10039__Node__7294,incoming,0.0,0.2294320395624157,0.0024761185437346,4
7297,1,7,142,10071__Node__7297,incoming,0.0,0.237843716016778,0.0002737663480395,4
7298,1,2,617,10007__Node__7298,incoming,0.0,0.2399874598322752,0.0026097371147464,4
7300,1,41,31,10052__Node__7300,incoming,0.0,0.2213067360508817,0.0004428564671978,4
7301,2,27,52,10108__Node__7301,incoming,2.6294325148464037e-05,0.2238304093567251,0.0004194837118723,3
7302,1,0,947,10003__Node__7302,incoming,0.0,0.2175024861486006,0.000164196921212,4
7303,1,3,284,10032__Node__7303,incoming,0.0,0.2371988535130529,0.00403645097798,4
7304,1,0,947,10003__Node__7304,incoming,0.0,0.2175024861486006,0.000164196921212,3
7305,1,8,135,10039__Node__7305,incoming,0.0,0.2294320395624157,0.0024761185437346,4
7306,1,0,947,10003__Node__7306,incoming,0.0,0.2175024861486006,0.000164196921212,4
7307,1,2,617,10007__Node__7307,incoming,0.0,0.2399874598322752,0.0026097371147464,4
7308,1,15,79,10017__Node__7308,incoming,0.0,0.2249485747869526,0.0012045680335147,3
7309,1,1,762,10033__Node__7309,incoming,0.0,0.2683610867659947,0.014091263555276,4
7310,2,14,90,10077__Node__7310,incoming,9.199084832713514e-06,0.2256780660377358,0.0013168072859062,4
7311,1,38,35,10086__Node__7311,incoming,0.0,0.2153002390662354,0.0002172187740778,3
7312,1,0,947,10003__Node__7312,incoming,0.0,0.2175024861486006,0.000164196921212,4
7313,1,15,79,10017__Node__7313,incoming,0.0,0.2249485747869526,0.0012045680335147,2
7314,1,2,617,10007__Node__7314,incoming,0.0,0.2399874598322752,0.0026097371147464,4
7315,2,19,64,10008__Node__7315,incoming,0.0001469217069044,0.2441786283891547,0.0040967852924953,1
7317,3,3,284,10032__Node__7317,incoming,6.29741452509655e-05,0.2459437751004016,0.0087175826089682,4
7318,3,26,56,10177__Node__7318,incoming,4.910933978685924e-05,0.2653839486912809,0.010547903650271,1
7321,1,7,142,10071__Node__7321,incoming,0.0,0.237843716016778,0.0002737663480395,4
7327,1,14,90,10077__Node__7327,incoming,0.0,0.2212747506865154,0.0008134803921311,4
7330,2,6,144,10011__Node__7330,incoming,0.0001830505813602,0.2505318278514155,0.0017887072290431,4
7331,1,4,253,10034__Node__7331,incoming,0.0,0.2336869419216973,0.0028424708247791,4
7332,2,17,75,10149__Node__7332,outandin,0.0001002962345249,0.2393496443367466,0.0043972808377648,2
7333,1,5,241,10020__Node__7333,incoming,0.0,0.237566917526573,0.0042162843710479,3
7334,1,12,115,10006__Node__7334,incoming,0.0,0.2240925058548009,0.0007433077064394,4
7335,1,55,25,10013__Node__7335,incoming,0.0,0.2067103220144467,0.00016359753643,4
7336,3,5,241,10020__Node__7336,outandin,0.0001708212733976,0.2634205092911218,0.0088543678328098,3
7337,1,1,762,10033__Node__7337,incoming,0.0,0.2683610867659947,0.014091263555276,4
7339,3,50,27,10019__Node__7339,incoming,0.0001734778995077,0.2622248865290743,0.0099942109517314,4
7341,2,18,71,10147__Node__7341,incoming,2.013232017815538e-05,0.2388828210329224,0.0005107369011394,4
7342,2,43,30,10054__Node__7342,incoming,1.3887641242574028e-05,0.2557848132988054,0.0064168250892131,4
7344,1,3,284,10032__Node__7344,outandin,0.0,0.2371988535130529,0.00403645097798,3
7346,1,0,947,10003__Node__7346,incoming,0.0,0.2175024861486006,0.000164196921212,4
7347,2,21,62,10105__Node__7347,outandin,0.000451954644488,0.2550816394535155,0.0056658420296335,2
7349,1,1,762,10033__Node__7349,outandin,0.0,0.2683610867659947,0.014091263555276,1
7350,1,12,115,10006__Node__7350,outandin,0.0,0.2240925058548009,0.0007433077064394,2
7351,1,10,121,10055__Node__7351,outandin,0.0,0.2524736147757256,0.0054562088320071,3
7353,1,30,44,10026__Node__7353,outandin,0.0,0.2175024861486006,0.0002270011766974,0
7354,1,5,241,10020__Node__7354,incoming,0.0,0.237566917526573,0.0042162843710479,3
7355,7,1,762,10033__Node__7355,incoming,0.0017481938076022,0.3111156269051006,0.0364338803404681,4
7356,3,47,29,10056__Node__7356,incoming,0.0002598668950541,0.274176217765043,0.0198274060626968,3
7358,1,35,38,10037__Node__7358,incoming,0.0,0.2153759583597102,0.0001743830545354,4
7359,1,0,947,10003__Node__7359,incoming,0.0,0.2175024861486006,0.000164196921212,4
7360,2,5,241,10020__Node__7360,incoming,0.0002583425659199,0.2510247581570749,0.0068260214857944,4
7362,2,0,947,10003__Node__7362,incoming,0.0026752468650735,0.2509219044497254,0.0002380412580761,4
7363,3,8,135,10039__Node__7363,incoming,5.199928592348838e-05,0.2455887070901508,0.0093550403464938,4
7365,1,3,284,10032__Node__7365,incoming,0.0,0.2371988535130529,0.00403645097798,4
7367,1,31,44,10065__Node__7367,outandin,0.0,0.2266469282013323,0.0018386608062089,2
7369,1,58,24,10143__Node__7369,outandin,0.0,0.2170399773178338,0.0001821940936663,0
7370,1,51,27,10066__Node__7370,incoming,0.0,0.2329225619960444,9.624503640716152e-05,3
7371,1,33,43,10088__Node__7371,incoming,0.0,0.2123734221112498,0.0001166819118451,3
7372,3,56,25,10030__Node__7372,incoming,7.483844050940341e-05,0.2413684376478007,0.002935723018707,2
7375,1,9,134,10047__Node__7375,incoming,0.0,0.1764434712458223,8.12319243570349e-06,4
7378,1,0,947,10003__Node__7378,incoming,0.0,0.2175024861486006,0.000164196921212,4
7379,1,0,947,10003__Node__7379,incoming,0.0,0.2175024861486006,0.000164196921212,3
7380,5,18,71,10147__Node__7380,incoming,0.0008650579755478,0.2711654268508678,0.0101541828863286,4
7382,1,41,31,10052__Node__7382,incoming,0.0,0.2213067360508817,0.0004428564671978,4
7383,1,1,762,10033__Node__7383,incoming,0.0,0.2683610867659947,0.014091263555276,4
7384,1,48,28,10014__Node__7384,outandin,0.0,0.162846354305164,3.088316361570195e-07,2
7385,6,13,93,10073__Node__7385,incoming,0.0003732626643915,0.2697322057787174,0.0143776772307915,4
7386,3,14,90,10077__Node__7386,incoming,0.0003536650132649,0.256341565508581,0.0052917199058233,3
7387,1,28,49,10009__Node__7387,incoming,0.0,0.2181222396352757,0.0008777706464921,3
7389,1,4,253,10034__Node__7389,incoming,0.0,0.2336869419216973,0.0028424708247791,3
7391,1,2,617,10007__Node__7391,incoming,0.0,0.2399874598322752,0.0026097371147464,4
7392,3,0,947,10003__Node__7392,incoming,0.0284247208806495,0.2937733857814449,0.0146738906427512,4
7393,6,31,44,10065__Node__7393,incoming,0.0002673253228747,0.2758558558558558,0.0161426621551665,3
7394,1,42,30,10162__Node__7394,outandin,0.0,0.225196734573803,7.613691296057906e-05,2
7396,1,9,134,10047__Node__7396,incoming,0.0,0.1764434712458223,8.12319243570349e-06,2
7397,1,2,617,10007__Node__7397,incoming,0.0,0.2399874598322752,0.0026097371147464,4
7398,1,2,617,10007__Node__7398,incoming,0.0,0.2399874598322752,0.0026097371147464,4
7399,1,15,79,10017__Node__7399,incoming,0.0,0.2249485747869526,0.0012045680335147,4
7401,1,16,79,10093__Node__7401,outandin,0.0,0.2549329781034052,0.0034177652383314,2
7402,1,2,617,10007__Node__7402,incoming,0.0,0.2399874598322752,0.0026097371147464,4
7404,4,4,253,10034__Node__7404,incoming,0.000112539952087,0.2479753806284418,0.0102535396921829,4
7405,4,28,49,10009__Node__7405,incoming,0.0001910669072822,0.2666782790454625,0.0110535907433224,2
7407,1,0,947,10003__Node__7407,incoming,0.0,0.2175024861486006,0.000164196921212,4
7410,1,0,947,10003__Node__7410,incoming,0.0,0.2175024861486006,0.000164196921212,4
7411,2,5,241,10020__Node__7411,incoming,3.529828255707403e-05,0.2402887860001569,0.0054208524045627,3
7413,2,1,762,10033__Node__7413,outandin,0.0001323849442163,0.2720810378532077,0.0152958315887908,3
7414,3,1,762,10033__Node__7414,incoming,0.0001154538232109,0.2738084592685326,0.0199659025535463,2
7415,1,1,762,10033__Node__7415,incoming,0.0,0.2683610867659947,0.014091263555276,3
7418,1,0,947,10003__Node__7418,incoming,0.0,0.2175024861486006,0.000164196921212,4
7421,2,8,135,10039__Node__7421,incoming,3.4611772545125e-05,0.2347979449428724,0.003219426250174,4
7422,2,1,762,10033__Node__7422,incoming,0.0001759196866761,0.2699938277047879,0.0143711972306897,3
7423,1,5,241,10020__Node__7423,incoming,0.0,0.237566917526573,0.0042162843710479,4
7425,1,0,947,10003__Node__7425,incoming,0.0,0.2175024861486006,0.000164196921212,4
7426,1,1,762,10033__Node__7426,incoming,0.0,0.2683610867659947,0.014091263555276,4
7427,1,1,762,10033__Node__7427,incoming,0.0,0.2683610867659947,0.014091263555276,4
7429,2,17,75,10149__Node__7429,incoming,0.0001002962345249,0.2393496443367466,0.0043972808377648,4
7432,1,2,617,10007__Node__7432,incoming,0.0,0.2399874598322752,0.0026097371147464,4
7434,1,5,241,10020__Node__7434,incoming,0.0,0.237566917526573,0.0042162843710479,4
7436,3,1,762,10033__Node__7436,incoming,0.0003405408491688,0.279890310786106,0.0187259780925871,2
7437,1,18,71,10147__Node__7437,incoming,0.0,0.2354117013915584,0.0002308032257257,4
7438,1,59,24,10057__Node__7438,incoming,0.0,0.2220610631662919,0.0008153229629642,3
7439,1,2,617,10007__Node__7439,incoming,0.0,0.2399874598322752,0.0026097371147464,4
7440,1,0,947,10003__Node__7440,incoming,0.0,0.2175024861486006,0.000164196921212,4
7441,2,5,241,10020__Node__7441,outandin,9.125915786181394e-05,0.2393122313403673,0.0045771142308327,0
7444,6,40,34,10041__Node__7444,incoming,0.0004895617603261,0.2817704978374896,0.0147570428479295,4
7445,1,4,253,10034__Node__7445,incoming,0.0,0.2336869419216973,0.0028424708247791,4
7446,2,16,79,10093__Node__7446,outandin,2.401378789768431e-05,0.2628777472527472,0.0078201922120258,0
7447,1,0,947,10003__Node__7447,incoming,0.0,0.2175024861486006,0.000164196921212,4
7448,4,1,762,10033__Node__7448,incoming,0.000662161988755,0.2974837268046245,0.0245677839894346,4
7449,1,0,947,10003__Node__7449,incoming,0.0,0.2175024861486006,0.000164196921212,3
7450,3,29,48,10051__Node__7450,outandin,5.061909633300327e-05,0.2635792373246104,0.0100892417329634,1
7451,1,1,762,10033__Node__7451,incoming,0.0,0.2683610867659947,0.014091263555276,4
7453,2,1,762,10033__Node__7453,incoming,5.874520053440121e-05,0.2753844770213148,0.0184936905289704,3
7454,1,2,617,10007__Node__7454,incoming,0.0,0.2399874598322752,0.0026097371147464,4
7455,4,1,762,10033__Node__7455,incoming,0.0003649010746706,0.2811753902662993,0.0230192959303362,4
7456,1,12,115,10006__Node__7456,incoming,0.0,0.2240925058548009,0.0007433077064394,4
7459,2,1,762,10033__Node__7459,incoming,0.0003010210590602,0.272832575960082,0.0148345712617154,1
7460,1,1,762,10033__Node__7460,incoming,0.0,0.2683610867659947,0.014091263555276,3
7461,2,38,35,10086__Node__7461,incoming,3.645589296865439e-06,0.216594751361675,0.0003339006859229,4
7464,1,1,762,10033__Node__7464,incoming,0.0,0.2683610867659947,0.014091263555276,4
7465,2,14,90,10077__Node__7465,incoming,8.885111818461554e-05,0.2591620820990266,0.0042312456304625,3
7467,1,9,134,10047__Node__7467,incoming,0.0,0.1764434712458223,8.12319243570349e-06,4
7468,1,1,762,10033__Node__7468,incoming,0.0,0.2683610867659947,0.014091263555276,1
7469,1,0,947,10003__Node__7469,incoming,0.0,0.2175024861486006,0.000164196921212,4
7470,3,30,44,10026__Node__7470,incoming,0.0004102983082548,0.2688795223041798,0.007681217393009,4
7473,1,58,24,10143__Node__7473,outandin,0.0,0.2170399773178338,0.0001821940936663,0
7474,1,0,947,10003__Node__7474,incoming,0.0,0.2175024861486006,0.000164196921212,4
7476,1,10,121,10055__Node__7476,outandin,0.0,0.2524736147757256,0.0054562088320071,1
7477,2,10,121,10055__Node__7477,outandin,1.7981716736169336e-05,0.25559265442404,0.0062715317949713,0
7478,1,57,25,10219__Node__7478,outandin,0.0,0.227624145108534,7.581253999781134e-05,3
7479,1,28,49,10009__Node__7479,incoming,0.0,0.2181222396352757,0.0008777706464921,3
7481,3,8,135,10039__Node__7481,incoming,0.0002598569619105,0.2837549810026874,0.0192950935372558,4
7482,3,13,93,10073__Node__7482,incoming,0.0001195816566752,0.2765284927300641,0.0189970174227455,4
7485,1,57,25,10219__Node__7485,outandin,0.0,0.227624145108534,7.581253999781134e-05,3
7486,2,1,762,10033__Node__7486,incoming,0.0001759196866761,0.2699938277047879,0.0143711972306897,4
7489,1,7,142,10071__Node__7489,incoming,0.0,0.237843716016778,0.0002737663480395,4
7491,2,19,64,10008__Node__7491,incoming,1.2030854877954e-05,0.2330289193302891,0.0026916162112637,4
7492,3,1,762,10033__Node__7492,incoming,0.0001100060534664,0.277631698250068,0.0203323513351793,4
7493,1,0,947,10003__Node__7493,incoming,0.0,0.2175024861486006,0.000164196921212,4
7495,1,48,28,10014__Node__7495,incoming,0.0,0.162846354305164,3.088316361570195e-07,3
7496,3,3,284,10032__Node__7496,outandin,0.0004329195163614,0.2908987269618088,0.0215454797715875,0
7500,1,46,29,10045__Node__7500,incoming,0.0,0.2200977573317999,0.000254847646932,2
7501,1,32,43,10064__Node__7501,incoming,0.0,0.2273706096383753,0.0004184301662631,2
7503,1,1,762,10033__Node__7503,incoming,0.0,0.2683610867659947,0.014091263555276,4
7505,1,1,762,10033__Node__7505,incoming,0.0,0.2683610867659947,0.014091263555276,4
7506,3,13,93,10073__Node__7506,outandin,0.0001755487661337,0.2850228055477986,0.0219114557673018,3
7507,1,1,762,10033__Node__7507,outandin,0.0,0.2683610867659947,0.014091263555276,2
7508,1,6,144,10011__Node__7508,incoming,0.0,0.2365209331067511,0.0003016590512941,4
7511,2,24,59,10053__Node__7511,incoming,0.000108451759923,0.2575056765621057,0.0063547081776962,4
7512,1,22,61,10025__Node__7512,incoming,0.0,0.2249320502460883,0.0009496431333218,4
7513,1,2,617,10007__Node__7513,incoming,0.0,0.2399874598322752,0.0026097371147464,4
7515,1,3,284,10032__Node__7515,incoming,0.0,0.2371988535130529,0.00403645097798,2
7516,2,22,61,10025__Node__7516,incoming,3.793631829935378e-05,0.2380286069651741,0.0053520701070162,3
7517,2,36,37,10148__Node__7517,incoming,0.0001865719886864,0.2698035069169089,0.0143269200433435,3
7518,2,5,241,10020__Node__7518,outandin,2.0748828917021057e-05,0.2433248569612206,0.0086187113447423,0
7519,2,12,115,10006__Node__7519,incoming,0.0003010210590602,0.272832575960082,0.0148345712617154,4
7520,1,6,144,10011__Node__7520,incoming,0.0,0.2365209331067511,0.0003016590512941,4
7521,1,14,90,10077__Node__7521,incoming,0.0,0.2212747506865154,0.0008134803921311,4
7522,1,34,40,10070__Node__7522,outandin,0.0,0.2273706096383753,7.384433686416915e-05,0
7523,1,11,116,10016__Node__7523,outandin,0.0,0.233224160255922,0.0022672555095382,3
7525,1,1,762,10033__Node__7525,outandin,0.0,0.2683610867659947,0.014091263555276,3
7526,2,6,144,10011__Node__7526,incoming,0.0003701204632663,0.2588772404463983,0.0045179434223421,1
7527,1,0,947,10003__Node__7527,incoming,0.0,0.2175024861486006,0.000164196921212,4
7529,2,1,762,10033__Node__7529,incoming,1.9014069920422304e-05,0.272856888255213,0.0195474723872831,4
7530,1,0,947,10003__Node__7530,incoming,0.0,0.2175024861486006,0.000164196921212,4
7531,1,6,144,10011__Node__7531,incoming,0.0,0.2365209331067511,0.0003016590512941,4
7533,2,2,617,10007__Node__7533,incoming,0.0001409194510469,0.2626747876812216,0.0040802675029674,4
7534,1,38,35,10086__Node__7534,incoming,0.0,0.2153002390662354,0.0002172187740778,4
7535,1,6,144,10011__Node__7535,incoming,0.0,0.2365209331067511,0.0003016590512941,4
7537,1,1,762,10033__Node__7537,incoming,0.0,0.2683610867659947,0.014091263555276,4
7538,1,28,49,10009__Node__7538,incoming,0.0,0.2181222396352757,0.0008777706464921,3
7540,6,57,25,10219__Node__7540,outandin,0.0034214448059776,0.2956740054074932,0.0201021027677008,3
7542,1,25,57,10196__Node__7542,outandin,0.0,0.2230802855893923,0.0003535959137667,2
7543,3,16,79,10093__Node__7543,incoming,0.0001222853121935,0.2629003176783721,0.0063175650901143,4
7544,2,23,61,10091__Node__7544,incoming,6.667454559342008e-05,0.2713817247186032,0.014967103509752,1
7545,1,10,121,10055__Node__7545,outandin,0.0,0.2524736147757256,0.0054562088320071,3
7547,2,1,762,10033__Node__7547,incoming,4.524087821338092e-05,0.2693051890941073,0.0149690342017682,3
7549,2,48,28,10014__Node__7549,incoming,4.456545452564894e-05,0.1766572434085271,8.432024071860509e-06,4
7550,1,2,617,10007__Node__7550,incoming,0.0,0.2399874598322752,0.0026097371147464,4
7553,2,53,26,10060__Node__7553,incoming,0.0001218085800138,0.2326040717107262,0.0001980980805611,1
7554,1,12,115,10006__Node__7554,incoming,0.0,0.2240925058548009,0.0007433077064394,4
7555,1,2,617,10007__Node__7555,incoming,0.0,0.2399874598322752,0.0026097371147464,4
7556,1,37,37,10191__Node__7556,outandin,0.0,0.2083418384704361,9.426528333245428e-05,2
7557,1,37,37,10191__Node__7557,incoming,0.0,0.2083418384704361,9.426528333245428e-05,2
7559,1,2,617,10007__Node__7559,incoming,0.0,0.2399874598322752,0.0026097371147464,2
7560,1,56,25,10030__Node__7560,incoming,0.0,0.21146408839779,0.0001623883675305,3
7561,1,6,144,10011__Node__7561,incoming,0.0,0.2365209331067511,0.0003016590512941,3
7562,1,9,134,10047__Node__7562,incoming,0.0,0.1764434712458223,8.12319243570349e-06,4
7563,1,18,71,10147__Node__7563,incoming,0.0,0.2354117013915584,0.0002308032257257,4
7564,1,0,947,10003__Node__7564,incoming,0.0,0.2175024861486006,0.000164196921212,4
7565,1,1,762,10033__Node__7565,incoming,0.0,0.2683610867659947,0.014091263555276,1
7566,1,4,253,10034__Node__7566,incoming,0.0,0.2336869419216973,0.0028424708247791,4
7567,1,18,71,10147__Node__7567,incoming,0.0,0.2354117013915584,0.0002308032257257,4
7569,1,44,29,10119__Node__7569,incoming,0.0,0.215588256002253,0.0001850518649942,3
7571,1,1,762,10033__Node__7571,incoming,0.0,0.2683610867659947,0.014091263555276,2
7572,1,9,134,10047__Node__7572,incoming,0.0,0.1764434712458223,8.12319243570349e-06,4
7573,1,1,762,10033__Node__7573,incoming,0.0,0.2683610867659947,0.014091263555276,3
7574,2,56,25,10030__Node__7574,incoming,3.7995572396404415e-05,0.2409316232591077,0.002772125482277,4
7575,1,52,26,10139__Node__7575,incoming,0.0,0.2216912829423689,6.818956921190524e-05,4
7576,1,2,617,10007__Node__7576,incoming,0.0,0.2399874598322752,0.0026097371147464,4
7579,1,43,30,10054__Node__7579,outandin,0.0,0.2427654007769761,0.0020143981155187,2
7580,1,1,762,10033__Node__7580,incoming,0.0,0.2683610867659947,0.014091263555276,3
7581,1,13,93,10073__Node__7581,incoming,0.0,0.2343666283964791,0.0044024269736943,4
7583,3,11,116,10016__Node__7583,incoming,6.279137817126396e-05,0.2439840637450199,0.0079705880583352,4
7584,1,15,79,10017__Node__7584,incoming,0.0,0.2249485747869526,0.0012045680335147,4
7585,1,58,24,10143__Node__7585,outandin,0.0,0.2170399773178338,0.0001821940936663,2
7586,1,1,762,10033__Node__7586,outandin,0.0,0.2683610867659947,0.014091263555276,0
7587,2,18,71,10147__Node__7587,incoming,5.605519755183459e-05,0.242361880639544,0.0006736596929235,4
7588,1,32,43,10064__Node__7588,outandin,0.0,0.2273706096383753,0.0004184301662631,3
7589,1,18,71,10147__Node__7589,incoming,0.0,0.2354117013915584,0.0002308032257257,4
7590,1,7,142,10071__Node__7590,incoming,0.0,0.237843716016778,0.0002737663480395,4
7593,1,30,44,10026__Node__7593,outandin,0.0,0.2175024861486006,0.0002270011766974,0
7595,1,1,762,10033__Node__7595,incoming,0.0,0.2683610867659947,0.014091263555276,1
7598,1,1,762,10033__Node__7598,outandin,0.0,0.2683610867659947,0.014091263555276,2
7599,1,5,241,10020__Node__7599,incoming,0.0,0.237566917526573,0.0042162843710479,4
7601,1,11,116,10016__Node__7601,incoming,0.0,0.233224160255922,0.0022672555095382,4
7603,1,9,134,10047__Node__7603,incoming,0.0,0.1764434712458223,8.12319243570349e-06,4
7604,1,6,144,10011__Node__7604,incoming,0.0,0.2365209331067511,0.0003016590512941,4
7605,1,55,25,10013__Node__7605,incoming,0.0,0.2067103220144467,0.00016359753643,4
7606,2,2,617,10007__Node__7606,incoming,5.461457950978722e-05,0.2429965875724148,0.0033530448211858,4
7607,3,1,762,10033__Node__7607,incoming,0.00034977478083,0.2825244510057206,0.0183225091857386,4
7608,1,4,253,10034__Node__7608,incoming,0.0,0.2336869419216973,0.0028424708247791,2
7609,2,10,121,10055__Node__7609,incoming,0.0001127190308661,0.2544457370782782,0.0056412606970013,2
7610,1,18,71,10147__Node__7610,incoming,0.0,0.2354117013915584,0.0002308032257257,4
7612,1,3,284,10032__Node__7612,incoming,0.0,0.2371988535130529,0.00403645097798,4
7615,1,24,59,10053__Node__7615,incoming,0.0,0.2279630732578916,0.000898499345689,4
7616,1,9,134,10047__Node__7616,incoming,0.0,0.1764434712458223,8.12319243570349e-06,4
7618,2,15,79,10017__Node__7618,incoming,3.600362704368066e-05,0.2398370799718023,0.0052410190114948,4
7619,1,5,241,10020__Node__7619,incoming,0.0,0.237566917526573,0.0042162843710479,1
7620,3,3,284,10032__Node__7620,incoming,0.0001484484842266,0.2408747640025173,0.0048329033589446,4
7622,1,21,62,10105__Node__7622,incoming,0.0,0.2154972200717854,0.0002096331976264,4
7623,2,5,241,10020__Node__7623,incoming,0.0003277652867122,0.2589648173207036,0.0044900507190875,4
7625,1,9,134,10047__Node__7625,outandin,0.0,0.1764434712458223,8.12319243570349e-06,1
7626,1,21,62,10105__Node__7626,incoming,0.0,0.2154972200717854,0.0002096331976264,4
7627,1,3,284,10032__Node__7627,outandin,0.0,0.2371988535130529,0.00403645097798,1
7628,1,50,27,10019__Node__7628,incoming,0.0,0.2125060725935179,0.0001355751460299,4
7629,1,21,62,10105__Node__7629,incoming,0.0,0.2154972200717854,0.0002096331976264,4
7630,2,1,762,10033__Node__7630,incoming,0.0001462096216378,0.2789214793222809,0.018307547926324,4
7632,1,32,43,10064__Node__7632,incoming,0.0,0.2273706096383753,0.0004184301662631,4
7634,1,1,762,10033__Node__7634,incoming,0.0,0.2683610867659947,0.014091263555276,3
7636,1,2,617,10007__Node__7636,incoming,0.0,0.2399874598322752,0.0026097371147464,4
7637,1,31,44,10065__Node__7637,incoming,0.0,0.2266469282013323,0.0018386608062089,4
7641,2,1,762,10033__Node__7641,incoming,5.269534795206538e-05,0.27710407239819,0.0168189749935212,4
7645,1,1,762,10033__Node__7645,outandin,0.0,0.2683610867659947,0.014091263555276,3
7646,2,5,241,10020__Node__7646,incoming,4.77303512782284e-05,0.2638517880224041,0.0069439958092931,3
7647,1,17,75,10149__Node__7647,incoming,0.0,0.2206210822105339,0.0003608298597847,4
7648,1,2,617,10007__Node__7648,outandin,0.0,0.2399874598322752,0.0026097371147464,1
7649,1,42,30,10162__Node__7649,incoming,0.0,0.225196734573803,7.613691296057906e-05,4
7651,1,22,61,10025__Node__7651,incoming,0.0,0.2249320502460883,0.0009496431333218,3
7652,4,5,241,10020__Node__7652,outandin,0.0002794441298281,0.2841763341067285,0.0257781548738498,0
7653,1,21,62,10105__Node__7653,incoming,0.0,0.2154972200717854,0.0002096331976264,4
7654,1,9,134,10047__Node__7654,incoming,0.0,0.1764434712458223,8.12319243570349e-06,4
7656,1,33,43,10088__Node__7656,outandin,0.0,0.2123734221112498,0.0001166819118451,2
7658,1,50,27,10019__Node__7658,incoming,0.0,0.2125060725935179,0.0001355751460299,4
7660,1,9,134,10047__Node__7660,incoming,0.0,0.1764434712458223,8.12319243570349e-06,4
7663,3,11,116,10016__Node__7663,incoming,6.31571383818865e-05,0.2468956619900016,0.0108859668542806,4
7666,1,60,24,10061__Node__7666,outandin,0.0,0.2101722836158967,6.867560595065936e-05,2
7668,4,26,56,10177__Node__7668,incoming,0.0003226614515536,0.2787437414656349,0.0134565653310078,3
7669,1,9,134,10047__Node__7669,incoming,0.0,0.1764434712458223,8.12319243570349e-06,4
7670,2,0,947,10003__Node__7670,incoming,0.0017746566062867,0.2507369800196528,0.0002400094612098,4
7672,1,37,37,10191__Node__7672,outandin,0.0,0.2083418384704361,9.426528333245428e-05,0
7674,1,3,284,10032__Node__7674,incoming,0.0,0.2371988535130529,0.00403645097798,4
7675,1,11,116,10016__Node__7675,incoming,0.0,0.233224160255922,0.0022672555095382,4
7677,3,11,116,10016__Node__7677,incoming,0.00015006028103,0.2351766513056835,0.0027664798020573,4
7678,1,0,947,10003__Node__7678,incoming,0.0,0.2175024861486006,0.000164196921212,4
7679,1,2,617,10007__Node__7679,incoming,0.0,0.2399874598322752,0.0026097371147464,4
7680,1,49,28,10153__Node__7680,incoming,0.0,0.225213298028832,0.0004236813080482,3
7681,1,40,34,10041__Node__7681,incoming,0.0,0.2210989963174236,0.0004325584913967,3
7682,1,21,62,10105__Node__7682,incoming,0.0,0.2154972200717854,0.0002096331976264,4
7683,1,21,62,10105__Node__7683,incoming,0.0,0.2154972200717854,0.0002096331976264,3
7686,1,28,49,10009__Node__7686,incoming,0.0,0.2181222396352757,0.0008777706464921,4
7687,1,0,947,10003__Node__7687,incoming,0.0,0.2175024861486006,0.000164196921212,4
7688,2,2,617,10007__Node__7688,incoming,0.0006618110785173,0.2418068388217642,0.0027040023980788,4
7689,1,21,62,10105__Node__7689,incoming,0.0,0.2154972200717854,0.0002096331976264,4
7690,2,29,48,10051__Node__7690,outandin,8.778301870516908e-06,0.2537919602154994,0.0058729573619154,1
7691,4,12,115,10006__Node__7691,incoming,0.0002100314890072,0.2484986203538386,0.0100983480529332,3
7692,3,26,56,10177__Node__7692,incoming,0.0001306598595641,0.2830991124260355,0.0212214019672155,2
7693,1,42,30,10162__Node__7693,outandin,0.0,0.225196734573803,7.613691296057906e-05,0
7694,5,3,284,10032__Node__7694,incoming,0.0009663505984305,0.2987608547175334,0.026174015340015,4
7696,2,10,121,10055__Node__7696,incoming,1.9014069920422304e-05,0.272856888255213,0.0195474723872831,3
7697,1,58,24,10143__Node__7697,incoming,0.0,0.2170399773178338,0.0001821940936663,3
7698,1,21,62,10105__Node__7698,incoming,0.0,0.2154972200717854,0.0002096331976264,4
7699,2,21,62,10105__Node__7699,incoming,8.59736819873287e-05,0.2390506674994144,0.0042460841756064,4
7700,1,7,142,10071__Node__7700,incoming,0.0,0.237843716016778,0.0002737663480395,4
7701,1,29,48,10051__Node__7701,outandin,0.0,0.2427846495401205,0.001470530388221,1
7702,1,11,116,10016__Node__7702,incoming,0.0,0.233224160255922,0.0022672555095382,4
7703,1,8,135,10039__Node__7703,incoming,0.0,0.2294320395624157,0.0024761185437346,2
7705,1,9,134,10047__Node__7705,incoming,0.0,0.1764434712458223,8.12319243570349e-06,4
7707,1,21,62,10105__Node__7707,incoming,0.0,0.2154972200717854,0.0002096331976264,3
7708,1,49,28,10153__Node__7708,incoming,0.0,0.225213298028832,0.0004236813080482,3
7709,5,4,253,10034__Node__7709,outandin,0.0009682391473058,0.2922034545281038,0.0243448032474589,1
7712,3,1,762,10033__Node__7712,incoming,0.0003508603139802,0.2853149459560193,0.0187312292343722,4
7713,1,5,241,10020__Node__7713,outandin,0.0,0.237566917526573,0.0042162843710479,0
7714,1,24,59,10053__Node__7714,incoming,0.0,0.2279630732578916,0.000898499345689,2
7716,1,14,90,10077__Node__7716,incoming,0.0,0.2212747506865154,0.0008134803921311,4
7717,1,0,947,10003__Node__7717,incoming,0.0,0.2175024861486006,0.000164196921212,3
7718,1,25,57,10196__Node__7718,incoming,0.0,0.2230802855893923,0.0003535959137667,1
7719,1,3,284,10032__Node__7719,incoming,0.0,0.2371988535130529,0.00403645097798,4
7721,1,33,43,10088__Node__7721,incoming,0.0,0.2123734221112498,0.0001166819118451,4
7722,1,14,90,10077__Node__7722,incoming,0.0,0.2212747506865154,0.0008134803921311,4
7723,1,17,75,10149__Node__7723,incoming,0.0,0.2206210822105339,0.0003608298597847,4
7725,1,0,947,10003__Node__7725,incoming,0.0,0.2175024861486006,0.000164196921212,4
7726,1,30,44,10026__Node__7726,incoming,0.0,0.2175024861486006,0.0002270011766974,3
7730,2,12,115,10006__Node__7730,incoming,7.654843875462916e-05,0.2408179315768777,0.0049595920774873,4
7732,2,5,241,10020__Node__7732,incoming,9.125915786181394e-05,0.2393122313403673,0.0045771142308327,4
7734,1,3,284,10032__Node__7734,incoming,0.0,0.2371988535130529,0.00403645097798,4
7735,1,17,75,10149__Node__7735,incoming,0.0,0.2206210822105339,0.0003608298597847,4
7739,1,31,44,10065__Node__7739,outandin,0.0,0.2266469282013323,0.0018386608062089,1
7741,1,11,116,10016__Node__7741,incoming,0.0,0.233224160255922,0.0022672555095382,4
7742,2,4,253,10034__Node__7742,incoming,5.787494778135429e-05,0.2446077648186611,0.0070587551958271,3
7743,1,11,116,10016__Node__7743,incoming,0.0,0.233224160255922,0.0022672555095382,4
7744,5,11,116,10016__Node__7744,incoming,0.0006158697759359,0.2583094314155559,0.0052326259698402,3
7747,2,25,57,10196__Node__7747,incoming,5.8574288436859424e-05,0.2365757552344896,0.0047560228874611,4
7748,3,24,59,10053__Node__7748,incoming,0.0003530066577165,0.2412163226721285,0.0052891667712725,1
7749,1,14,90,10077__Node__7749,outandin,0.0,0.2212747506865154,0.0008134803921311,0
7750,1,34,40,10070__Node__7750,incoming,0.0,0.2273706096383753,7.384433686416915e-05,4
7752,1,7,142,10071__Node__7752,incoming,0.0,0.237843716016778,0.0002737663480395,4
7753,1,0,947,10003__Node__7753,incoming,0.0,0.2175024861486006,0.000164196921212,4
7754,1,52,26,10139__Node__7754,incoming,0.0,0.2216912829423689,6.818956921190524e-05,4
7755,1,2,617,10007__Node__7755,incoming,0.0,0.2399874598322752,0.0026097371147464,4
7757,1,0,947,10003__Node__7757,incoming,0.0,0.2175024861486006,0.000164196921212,4
7759,1,37,37,10191__Node__7759,incoming,0.0,0.2083418384704361,9.426528333245428e-05,2
7760,1,1,762,10033__Node__7760,incoming,0.0,0.2683610867659947,0.014091263555276,1
7763,1,1,762,10033__Node__7763,incoming,0.0,0.2683610867659947,0.014091263555276,3
7765,1,53,26,10060__Node__7765,outandin,0.0,0.2177035193743334,0.0001038327972286,2
7767,1,36,37,10148__Node__7767,incoming,0.0,0.2353574173712528,0.0002356564880674,4
7768,1,18,71,10147__Node__7768,incoming,0.0,0.2354117013915584,0.0002308032257257,2
7769,1,3,284,10032__Node__7769,incoming,0.0,0.2371988535130529,0.00403645097798,4
7770,1,7,142,10071__Node__7770,incoming,0.0,0.237843716016778,0.0002737663480395,4
7771,2,13,93,10073__Node__7771,outandin,4.307413200160149e-05,0.237566917526573,0.0052159073658254,1
7772,1,31,44,10065__Node__7772,incoming,0.0,0.2266469282013323,0.0018386608062089,4
7773,1,3,284,10032__Node__7773,incoming,0.0,0.2371988535130529,0.00403645097798,4
7774,3,3,284,10032__Node__7774,incoming,6.29741452509655e-05,0.2459437751004016,0.0087175826089682,4
7775,1,4,253,10034__Node__7775,incoming,0.0,0.2336869419216973,0.0028424708247791,4
7777,1,36,37,10148__Node__7777,incoming,0.0,0.2353574173712528,0.0002356564880674,4
7781,2,4,253,10034__Node__7781,incoming,8.592773512923957e-05,0.2622248865290743,0.0055701822630243,4
7782,1,3,284,10032__Node__7782,outandin,0.0,0.2371988535130529,0.00403645097798,3
7783,9,41,31,10052__Node__7783,incoming,0.001382357757362,0.2583966244725738,0.0166119511702519,1
7784,3,55,25,10013__Node__7784,incoming,7.483844050940341e-05,0.2413684376478007,0.002935723018707,4
7785,1,0,947,10003__Node__7785,incoming,0.0,0.2175024861486006,0.000164196921212,4
7786,1,33,43,10088__Node__7786,incoming,0.0,0.2123734221112498,0.0001166819118451,2
7787,1,4,253,10034__Node__7787,incoming,0.0,0.2336869419216973,0.0028424708247791,4
7789,3,8,135,10039__Node__7789,incoming,0.0003851022961911,0.2545303408146301,0.0091223066364611,2
7790,1,4,253,10034__Node__7790,incoming,0.0,0.2336869419216973,0.0028424708247791,2
7792,3,13,93,10073__Node__7792,incoming,9.658709257222678e-05,0.2710454102859166,0.0120364765830738,2
7793,1,4,253,10034__Node__7793,incoming,0.0,0.2336869419216973,0.0028424708247791,2
7794,2,13,93,10073__Node__7794,incoming,4.307413200160149e-05,0.237566917526573,0.0052159073658254,3
7795,1,1,762,10033__Node__7795,outandin,0.0,0.2683610867659947,0.014091263555276,2
7796,2,2,617,10007__Node__7796,incoming,0.0003082845610208,0.2693525686136523,0.0053374485529916,4
7797,1,1,762,10033__Node__7797,incoming,0.0,0.2683610867659947,0.014091263555276,2
7799,1,4,253,10034__Node__7799,incoming,0.0,0.2336869419216973,0.0028424708247791,4
7801,1,0,947,10003__Node__7801,incoming,0.0,0.2175024861486006,0.000164196921212,2
7802,1,2,617,10007__Node__7802,incoming,0.0,0.2399874598322752,0.0026097371147464,4
7803,4,8,135,10039__Node__7803,incoming,0.0006570766901494,0.2844403158383651,0.0203083522694789,4
7804,2,1,762,10033__Node__7804,incoming,5.269534795206538e-05,0.27710407239819,0.0168189749935212,4
7805,1,5,241,10020__Node__7805,incoming,0.0,0.237566917526573,0.0042162843710479,1
7806,1,0,947,10003__Node__7806,outandin,0.0,0.2175024861486006,0.000164196921212,2
7810,1,41,31,10052__Node__7810,incoming,0.0,0.2213067360508817,0.0004428564671978,4
7811,5,8,135,10039__Node__7811,incoming,0.0003159355069704,0.2726625111308994,0.0110895296464827,4
7812,1,14,90,10077__Node__7812,incoming,0.0,0.2212747506865154,0.0008134803921311,2
7813,1,0,947,10003__Node__7813,incoming,0.0,0.2175024861486006,0.000164196921212,4
7814,1,1,762,10033__Node__7814,incoming,0.0,0.2683610867659947,0.014091263555276,3
7815,2,2,617,10007__Node__7815,incoming,0.000162186252984,0.262382176520994,0.0034855770692224,4
7817,2,11,116,10016__Node__7817,outandin,3.852428259362188e-05,0.2610623241538068,0.0056850207478697,2
7818,1,16,79,10093__Node__7818,incoming,0.0,0.2549329781034052,0.0034177652383314,4
7819,4,4,253,10034__Node__7819,incoming,0.0014275874563416,0.3016748768472906,0.0239458984684959,1
7820,1,2,617,10007__Node__7820,incoming,0.0,0.2399874598322752,0.0026097371147464,4
7821,1,1,762,10033__Node__7821,incoming,0.0,0.2683610867659947,0.014091263555276,3
7822,1,1,762,10033__Node__7822,incoming,0.0,0.2683610867659947,0.014091263555276,4
7825,1,22,61,10025__Node__7825,incoming,0.0,0.2249320502460883,0.0009496431333218,4
7827,1,14,90,10077__Node__7827,incoming,0.0,0.2212747506865154,0.0008134803921311,4
7828,1,32,43,10064__Node__7828,incoming,0.0,0.2273706096383753,0.0004184301662631,2
7829,1,6,144,10011__Node__7829,incoming,0.0,0.2365209331067511,0.0003016590512941,4
7830,1,48,28,10014__Node__7830,incoming,0.0,0.162846354305164,3.088316361570195e-07,4
7831,3,10,121,10055__Node__7831,incoming,9.84834997526299e-05,0.281356243682808,0.0222751838255283,2
7832,1,14,90,10077__Node__7832,incoming,0.0,0.2212747506865154,0.0008134803921311,4
7833,1,0,947,10003__Node__7833,incoming,0.0,0.2175024861486006,0.000164196921212,4
7834,5,15,79,10017__Node__7834,incoming,0.0016760072896157,0.2582876423450021,0.0089588886695568,4
7835,1,1,762,10033__Node__7835,incoming,0.0,0.2683610867659947,0.014091263555276,3
7836,4,3,284,10032__Node__7836,incoming,0.0006782630505492,0.2899346652779093,0.0234463039017698,3
7837,4,29,48,10051__Node__7837,outandin,0.0001905808771392,0.2640793445450625,0.0077161741342023,2
7840,1,1,762,10033__Node__7840,outandin,0.0,0.2683610867659947,0.014091263555276,1
7844,1,1,762,10033__Node__7844,incoming,0.0,0.2683610867659947,0.014091263555276,4
7845,1,0,947,10003__Node__7845,incoming,0.0,0.2175024861486006,0.000164196921212,3
7846,1,0,947,10003__Node__7846,incoming,0.0,0.2175024861486006,0.000164196921212,4
7848,1,1,762,10033__Node__7848,incoming,0.0,0.2683610867659947,0.014091263555276,2
7849,1,28,49,10009__Node__7849,incoming,0.0,0.2181222396352757,0.0008777706464921,3
7850,2,1,762,10033__Node__7850,outandin,1.9014069920422304e-05,0.272856888255213,0.0195474723872831,3
7851,1,38,35,10086__Node__7851,outandin,0.0,0.2153002390662354,0.0002172187740778,0
7852,1,2,617,10007__Node__7852,outandin,0.0,0.2399874598322752,0.0026097371147464,3
7854,1,0,947,10003__Node__7854,incoming,0.0,0.2175024861486006,0.000164196921212,4
7858,1,4,253,10034__Node__7858,incoming,0.0,0.2336869419216973,0.0028424708247791,2
7860,1,3,284,10032__Node__7860,incoming,0.0,0.2371988535130529,0.00403645097798,4
7862,1,1,762,10033__Node__7862,incoming,0.0,0.2683610867659947,0.014091263555276,3
7863,1,1,762,10033__Node__7863,incoming,0.0,0.2683610867659947,0.014091263555276,4
7864,1,2,617,10007__Node__7864,incoming,0.0,0.2399874598322752,0.0026097371147464,4
7865,1,13,93,10073__Node__7865,incoming,0.0,0.2343666283964791,0.0044024269736943,2
7866,1,9,134,10047__Node__7866,incoming,0.0,0.1764434712458223,8.12319243570349e-06,1
7867,1,30,44,10026__Node__7867,incoming,0.0,0.2175024861486006,0.0002270011766974,4
7868,2,22,61,10025__Node__7868,incoming,8.433125297524393e-05,0.2406475950958818,0.0049860941113019,3
7869,1,2,617,10007__Node__7869,incoming,0.0,0.2399874598322752,0.0026097371147464,4
7871,4,2,617,10007__Node__7871,incoming,0.0017460088020125,0.3093554253384522,0.0241552168863339,3
7876,4,26,56,10177__Node__7876,incoming,0.0002532404826064,0.2841235965482045,0.0220991726137077,3
7878,2,1,762,10033__Node__7878,outandin,1.7830732819827e-05,0.2706620701847432,0.0161056616707947,2
7879,1,27,52,10108__Node__7879,incoming,0.0,0.2191996563819886,0.000244376645587,3
7881,1,2,617,10007__Node__7881,incoming,0.0,0.2399874598322752,0.0026097371147464,4
7883,7,16,79,10093__Node__7883,incoming,0.0005076978005083,0.27598017124831,0.0153385512163964,3
7884,1,7,142,10071__Node__7884,incoming,0.0,0.237843716016778,0.0002737663480395,4
7885,1,1,762,10033__Node__7885,incoming,0.0,0.2683610867659947,0.014091263555276,4
7887,1,42,30,10162__Node__7887,outandin,0.0,0.225196734573803,7.613691296057906e-05,3
7888,3,2,617,10007__Node__7888,incoming,7.483844050940341e-05,0.2413684376478007,0.002935723018707,4
7889,1,1,762,10033__Node__7889,incoming,0.0,0.2683610867659947,0.014091263555276,4
7891,5,26,56,10177__Node__7891,incoming,0.0011618217338549,0.289578210705504,0.0237156586534513,4
7892,1,2,617,10007__Node__7892,incoming,0.0,0.2399874598322752,0.0026097371147464,4
7893,1,2,617,10007__Node__7893,incoming,0.0,0.2399874598322752,0.0026097371147464,4
7895,1,61,24,10339__Node__7895,incoming,0.0,0.2061675195259897,9.513211784706468e-05,3
7896,3,19,64,10008__Node__7896,incoming,0.0002403765974016,0.2815632183908046,0.0197945961040729,4
7898,2,2,617,10007__Node__7898,incoming,3.4001010930272524e-05,0.2405530677979417,0.0027733346511765,4
7899,1,45,29,10031__Node__7899,incoming,0.0,0.2163651780667043,0.0001751070662853,1
7900,1,2,617,10007__Node__7900,incoming,0.0,0.2399874598322752,0.0026097371147464,4
7901,1,1,762,10033__Node__7901,incoming,0.0,0.2683610867659947,0.014091263555276,4
7902,1,0,947,10003__Node__7902,incoming,0.0,0.2175024861486006,0.000164196921212,4
7904,1,0,947,10003__Node__7904,incoming,0.0,0.2175024861486006,0.000164196921212,4
7905,1,1,762,10033__Node__7905,incoming,0.0,0.2683610867659947,0.014091263555276,4
7906,1,61,24,10339__Node__7906,incoming,0.0,0.2061675195259897,9.513211784706468e-05,3
7907,1,60,24,10061__Node__7907,outandin,0.0,0.2101722836158967,6.867560595065936e-05,2
7908,1,0,947,10003__Node__7908,incoming,0.0,0.2175024861486006,0.000164196921212,4
7910,1,31,44,10065__Node__7910,incoming,0.0,0.2266469282013323,0.0018386608062089,4
7911,2,1,762,10033__Node__7911,incoming,0.0002292272368013,0.2775813616172604,0.0169337343800551,2
7914,1,1,762,10033__Node__7914,incoming,0.0,0.2683610867659947,0.014091263555276,4
7916,1,27,52,10108__Node__7916,outandin,0.0,0.2191996563819886,0.000244376645587,3
7917,3,4,253,10034__Node__7917,outandin,5.331071849900444e-05,0.2441396906394514,0.0076942447657234,3
7919,1,2,617,10007__Node__7919,incoming,0.0,0.2399874598322752,0.0026097371147464,4
7920,1,42,30,10162__Node__7920,outandin,0.0,0.225196734573803,7.613691296057906e-05,1
7922,2,1,762,10033__Node__7922,incoming,9.278977770165876e-05,0.2792776358993068,0.0175090287936074,2
7923,3,10,121,10055__Node__7923,incoming,0.0003583226812745,0.2742744536008599,0.0197918490328701,4
7924,1,11,116,10016__Node__7924,incoming,0.0,0.233224160255922,0.0022672555095382,3
7925,2,1,762,10033__Node__7925,outandin,0.0002086743966099,0.2706381474279653,0.0145341200224738,2
7926,2,1,762,10033__Node__7926,incoming,1.9014069920422304e-05,0.272856888255213,0.0195474723872831,2
7928,2,1,762,10033__Node__7928,incoming,0.0002441860386413,0.2803515839589818,0.0181277145332561,4
7932,1,1,762,10033__Node__7932,incoming,0.0,0.2683610867659947,0.014091263555276,4
7934,1,14,90,10077__Node__7934,outandin,0.0,0.2212747506865154,0.0008134803921311,3
7935,1,2,617,10007__Node__7935,incoming,0.0,0.2399874598322752,0.0026097371147464,4
7936,1,2,617,10007__Node__7936,incoming,0.0,0.2399874598322752,0.0026097371147464,4
7937,1,31,44,10065__Node__7937,incoming,0.0,0.2266469282013323,0.0018386608062089,1
7939,1,5,241,10020__Node__7939,outandin,0.0,0.237566917526573,0.0042162843710479,1
7941,1,5,241,10020__Node__7941,incoming,0.0,0.237566917526573,0.0042162843710479,3
7942,2,1,762,10033__Node__7942,incoming,0.000378411866955,0.2707578035193209,0.0143220667810017,3
7943,1,0,947,10003__Node__7943,incoming,0.0,0.2175024861486006,0.000164196921212,3
7944,1,2,617,10007__Node__7944,incoming,0.0,0.2399874598322752,0.0026097371147464,4
7947,1,42,30,10162__Node__7947,outandin,0.0,0.225196734573803,7.613691296057906e-05,3
7948,1,3,284,10032__Node__7948,outandin,0.0,0.2371988535130529,0.00403645097798,2
7949,1,50,27,10019__Node__7949,incoming,0.0,0.2125060725935179,0.0001355751460299,4
7950,1,23,61,10091__Node__7950,incoming,0.0,0.2436152438539263,0.000875839954476,4
7951,3,2,617,10007__Node__7951,incoming,0.0011134649868455,0.2722019735087563,0.0060956919222897,3
7954,1,0,947,10003__Node__7954,incoming,0.0,0.2175024861486006,0.000164196921212,3
7955,1,4,253,10034__Node__7955,incoming,0.0,0.2336869419216973,0.0028424708247791,2
7957,1,7,142,10071__Node__7957,incoming,0.0,0.237843716016778,0.0002737663480395,4
7960,1,3,284,10032__Node__7960,incoming,0.0,0.2371988535130529,0.00403645097798,4
7961,1,2,617,10007__Node__7961,incoming,0.0,0.2399874598322752,0.0026097371147464,4
7962,2,22,61,10025__Node__7962,outandin,2.670042975907845e-05,0.2481562525326201,0.0018254830877978,1
7963,7,1,762,10033__Node__7963,incoming,0.0025772769852346,0.3161916563403552,0.0301404068897972,4
7964,2,16,79,10093__Node__7964,outandin,2.401378789768431e-05,0.2628777472527472,0.0078201922120258,0
7965,1,58,24,10143__Node__7965,incoming,0.0,0.2170399773178338,0.0001821940936663,2
7966,4,14,90,10077__Node__7966,outandin,0.0002514058891924,0.2649247274614985,0.0094127846881525,3
7967,1,19,64,10008__Node__7967,incoming,0.0,0.229105873550318,0.0014870481777489,4
7968,1,0,947,10003__Node__7968,incoming,0.0,0.2175024861486006,0.000164196921212,4
7969,3,5,241,10020__Node__7969,incoming,5.665162774128595e-05,0.2456872342132713,0.0101057595224913,4
7970,4,1,762,10033__Node__7970,incoming,0.0003943316924461,0.2930984971762228,0.0261277401383498,3
7971,2,1,762,10033__Node__7971,incoming,5.874520053440121e-05,0.2753844770213148,0.0184936905289704,4
7972,1,2,617,10007__Node__7972,incoming,0.0,0.2399874598322752,0.0026097371147464,4
7974,1,1,762,10033__Node__7974,incoming,0.0,0.2683610867659947,0.014091263555276,4
7975,1,10,121,10055__Node__7975,incoming,0.0,0.2524736147757256,0.0054562088320071,3
7976,4,1,762,10033__Node__7976,incoming,0.0002055948045141,0.2840972351085544,0.0217247288609907,4
7977,1,30,44,10026__Node__7977,incoming,0.0,0.2175024861486006,0.0002270011766974,3
7978,2,12,115,10006__Node__7978,incoming,5.461457950978722e-05,0.2429965875724148,0.0033530448211858,4
7981,1,7,142,10071__Node__7981,incoming,0.0,0.237843716016778,0.0002737663480395,4
7982,3,12,115,10006__Node__7982,incoming,0.0003895055841843,0.2534978061097773,0.0075693291922338,4
7987,1,9,134,10047__Node__7987,incoming,0.0,0.1764434712458223,8.12319243570349e-06,4
7988,1,49,28,10153__Node__7988,incoming,0.0,0.225213298028832,0.0004236813080482,3
7989,1,1,762,10033__Node__7989,outandin,0.0,0.2683610867659947,0.014091263555276,1
7990,1,2,617,10007__Node__7990,incoming,0.0,0.2399874598322752,0.0026097371147464,4
7991,1,0,947,10003__Node__7991,incoming,0.0,0.2175024861486006,0.000164196921212,3
7993,1,18,71,10147__Node__7993,incoming,0.0,0.2354117013915584,0.0002308032257257,4
7994,1,18,71,10147__Node__7994,incoming,0.0,0.2354117013915584,0.0002308032257257,4
7995,1,1,762,10033__Node__7995,incoming,0.0,0.2683610867659947,0.014091263555276,2
7997,1,2,617,10007__Node__7997,incoming,0.0,0.2399874598322752,0.0026097371147464,4
7999,1,2,617,10007__Node__7999,incoming,0.0,0.2399874598322752,0.0026097371147464,4
8001,1,10,121,10055__Node__8001,incoming,0.0,0.2524736147757256,0.0054562088320071,4
8002,2,1,762,10033__Node__8002,outandin,0.0001323849442163,0.2720810378532077,0.0152958315887908,3
8006,3,12,115,10006__Node__8006,incoming,0.0005159546560759,0.276328851186716,0.0160391392952302,1
8007,1,12,115,10006__Node__8007,incoming,0.0,0.2240925058548009,0.0007433077064394,4
8008,2,5,241,10020__Node__8008,outandin,4.77303512782284e-05,0.2638517880224041,0.0069439958092931,1
8009,1,1,762,10033__Node__8009,incoming,0.0,0.2683610867659947,0.014091263555276,4
8010,2,10,121,10055__Node__8010,incoming,1.7981716736169336e-05,0.25559265442404,0.0062715317949713,4
8012,2,13,93,10073__Node__8012,incoming,1.9219311077706705e-05,0.2594695364799593,0.0071301384119395,4
8014,2,12,115,10006__Node__8014,incoming,5.461457950978722e-05,0.2429965875724148,0.0033530448211858,4
8015,1,1,762,10033__Node__8015,outandin,0.0,0.2683610867659947,0.014091263555276,1
8017,3,26,56,10177__Node__8017,incoming,1.824209233280111e-05,0.260906612133606,0.0076160070647977,4
8019,1,1,762,10033__Node__8019,incoming,0.0,0.2683610867659947,0.014091263555276,4
8021,3,13,93,10073__Node__8021,incoming,0.0001019675394,0.279201240083888,0.0239498993609775,2
8022,3,4,253,10034__Node__8022,incoming,0.0001642662060377,0.2439646243327224,0.0071588554781729,4
8023,1,1,762,10033__Node__8023,outandin,0.0,0.2683610867659947,0.014091263555276,0
8024,1,1,762,10033__Node__8024,incoming,0.0,0.2683610867659947,0.014091263555276,4
8026,1,1,762,10033__Node__8026,incoming,0.0,0.2683610867659947,0.014091263555276,4
8027,1,15,79,10017__Node__8027,incoming,0.0,0.2249485747869526,0.0012045680335147,4
8028,1,9,134,10047__Node__8028,incoming,0.0,0.1764434712458223,8.12319243570349e-06,4
8030,1,34,40,10070__Node__8030,outandin,0.0,0.2273706096383753,7.384433686416915e-05,3
8031,1,26,56,10177__Node__8031,incoming,0.0,0.2510865108651086,0.0027277114382451,2
8032,1,2,617,10007__Node__8032,incoming,0.0,0.2399874598322752,0.0026097371147464,4
8033,4,26,56,10177__Node__8033,incoming,0.035885244446604,0.2653379549393414,0.0065772811770605,2
8035,1,0,947,10003__Node__8035,incoming,0.0,0.2175024861486006,0.000164196921212,3
8037,3,28,49,10009__Node__8037,incoming,8.244362856103914e-05,0.2736371760500447,0.0204252430337753,4
8039,1,48,28,10014__Node__8039,incoming,0.0,0.162846354305164,3.088316361570195e-07,1
8040,1,33,43,10088__Node__8040,incoming,0.0,0.2123734221112498,0.0001166819118451,3
8043,1,27,52,10108__Node__8043,incoming,0.0,0.2191996563819886,0.000244376645587,4
8044,4,6,144,10011__Node__8044,outandin,0.0021639202824432,0.2778080203229904,0.007870988243528,2
8046,2,13,93,10073__Node__8046,outandin,2.401378789768431e-05,0.2628777472527472,0.0078201922120258,3
8048,2,31,44,10065__Node__8048,incoming,5.443514618175715e-06,0.2306765104715986,0.0026539837691732,3
8049,1,3,284,10032__Node__8049,incoming,0.0,0.2371988535130529,0.00403645097798,4
8050,2,3,284,10032__Node__8050,incoming,2.540204857449719e-05,0.2390693316677077,0.0044690094693768,1
8051,1,15,79,10017__Node__8051,incoming,0.0,0.2249485747869526,0.0012045680335147,4
8052,3,11,116,10016__Node__8052,incoming,0.0001506326634058,0.2606844883364549,0.0054133971140466,4
8053,1,6,144,10011__Node__8053,incoming,0.0,0.2365209331067511,0.0003016590512941,4
8054,2,15,79,10017__Node__8054,incoming,0.0001323849442163,0.2720810378532077,0.0152958315887908,3
8055,3,40,34,10041__Node__8055,incoming,8.8847696524212e-05,0.2376775595746332,0.0023432879771939,4
8056,1,12,115,10006__Node__8056,incoming,0.0,0.2240925058548009,0.0007433077064394,3
8057,1,40,34,10041__Node__8057,incoming,0.0,0.2210989963174236,0.0004325584913967,2
8059,1,3,284,10032__Node__8059,incoming,0.0,0.2371988535130529,0.00403645097798,3
8061,1,7,142,10071__Node__8061,incoming,0.0,0.237843716016778,0.0002737663480395,4
8065,1,25,57,10196__Node__8065,incoming,0.0,0.2230802855893923,0.0003535959137667,4
8066,1,17,75,10149__Node__8066,incoming,0.0,0.2206210822105339,0.0003608298597847,3
8067,1,4,253,10034__Node__8067,incoming,0.0,0.2336869419216973,0.0028424708247791,2
8068,1,27,52,10108__Node__8068,incoming,0.0,0.2191996563819886,0.000244376645587,4
8069,1,0,947,10003__Node__8069,incoming,0.0,0.2175024861486006,0.000164196921212,4
8070,1,58,24,10143__Node__8070,incoming,0.0,0.2170399773178338,0.0001821940936663,3
8071,1,0,947,10003__Node__8071,incoming,0.0,0.2175024861486006,0.000164196921212,4
8072,2,17,75,10149__Node__8072,incoming,1.820672723613729e-05,0.2271681875510052,0.0007933883511815,3
8073,1,29,48,10051__Node__8073,incoming,0.0,0.2427846495401205,0.001470530388221,3
8074,2,13,93,10073__Node__8074,incoming,1.774558880497904e-05,0.2398746572659616,0.0066696824832326,3
8075,1,1,762,10033__Node__8075,incoming,0.0,0.2683610867659947,0.014091263555276,4
8076,6,3,284,10032__Node__8076,incoming,0.0004221744213512,0.2518092105263158,0.0113257488776547,4
8077,1,1,762,10033__Node__8077,incoming,0.0,0.2683610867659947,0.014091263555276,4
8078,1,1,762,10033__Node__8078,incoming,0.0,0.2683610867659947,0.014091263555276,4
8079,1,17,75,10149__Node__8079,incoming,0.0,0.2206210822105339,0.0003608298597847,4
8080,1,1,762,10033__Node__8080,incoming,0.0,0.2683610867659947,0.014091263555276,3
8081,1,9,134,10047__Node__8081,incoming,0.0,0.1764434712458223,8.12319243570349e-06,2
8084,1,43,30,10054__Node__8084,outandin,0.0,0.2427654007769761,0.0020143981155187,2
8085,1,45,29,10031__Node__8085,incoming,0.0,0.2163651780667043,0.0001751070662853,3
8086,1,27,52,10108__Node__8086,incoming,0.0,0.2191996563819886,0.000244376645587,4
8088,1,50,27,10019__Node__8088,incoming,0.0,0.2125060725935179,0.0001355751460299,3
8089,1,8,135,10039__Node__8089,incoming,0.0,0.2294320395624157,0.0024761185437346,4
8090,1,3,284,10032__Node__8090,incoming,0.0,0.2371988535130529,0.00403645097798,4
8091,1,0,947,10003__Node__8091,incoming,0.0,0.2175024861486006,0.000164196921212,3
8092,1,17,75,10149__Node__8092,incoming,0.0,0.2206210822105339,0.0003608298597847,4
8093,1,2,617,10007__Node__8093,incoming,0.0,0.2399874598322752,0.0026097371147464,4
8094,2,38,35,10086__Node__8094,outandin,3.645589296865439e-06,0.216594751361675,0.0003339006859229,0
8097,2,3,284,10032__Node__8097,outandin,1.4977051643351827e-05,0.2406097752632406,0.0065125695217147,0
8098,1,24,59,10053__Node__8098,outandin,0.0,0.2279630732578916,0.000898499345689,2
8099,1,11,116,10016__Node__8099,incoming,0.0,0.233224160255922,0.0022672555095382,2
8101,1,16,79,10093__Node__8101,incoming,0.0,0.2549329781034052,0.0034177652383314,4
8104,2,21,62,10105__Node__8104,incoming,8.59736819873287e-05,0.2390506674994144,0.0042460841756064,4
8107,1,0,947,10003__Node__8107,incoming,0.0,0.2175024861486006,0.000164196921212,4
8108,3,60,24,10061__Node__8108,outandin,0.0002362285670806,0.2542555841567716,0.0049744294734201,2
8109,1,0,947,10003__Node__8109,outandin,0.0,0.2175024861486006,0.000164196921212,3
8110,1,46,29,10045__Node__8110,outandin,0.0,0.2200977573317999,0.000254847646932,0
8111,1,31,44,10065__Node__8111,incoming,0.0,0.2266469282013323,0.0018386608062089,2
8112,1,13,93,10073__Node__8112,incoming,0.0,0.2343666283964791,0.0044024269736943,3
8113,1,12,115,10006__Node__8113,incoming,0.0,0.2240925058548009,0.0007433077064394,3
8115,1,49,28,10153__Node__8115,incoming,0.0,0.225213298028832,0.0004236813080482,4
8116,1,8,135,10039__Node__8116,incoming,0.0,0.2294320395624157,0.0024761185437346,4
8117,1,41,31,10052__Node__8117,outandin,0.0,0.2213067360508817,0.0004428564671978,1
8118,1,38,35,10086__Node__8118,outandin,0.0,0.2153002390662354,0.0002172187740778,2
8121,2,2,617,10007__Node__8121,incoming,3.4001010930272524e-05,0.2405530677979417,0.0027733346511765,3
8122,3,1,762,10033__Node__8122,incoming,0.0004371557295782,0.2771291519594533,0.0202907800937225,2
8123,1,24,59,10053__Node__8123,incoming,0.0,0.2279630732578916,0.000898499345689,3
8124,1,16,79,10093__Node__8124,incoming,0.0,0.2549329781034052,0.0034177652383314,2
8126,1,27,52,10108__Node__8126,incoming,0.0,0.2191996563819886,0.000244376645587,2
8127,1,25,57,10196__Node__8127,incoming,0.0,0.2230802855893923,0.0003535959137667,3
8128,1,7,142,10071__Node__8128,incoming,0.0,0.237843716016778,0.0002737663480395,4
8129,1,0,947,10003__Node__8129,incoming,0.0,0.2175024861486006,0.000164196921212,4
8130,2,32,43,10064__Node__8130,incoming,2.431117526177513e-05,0.2456281084549976,0.0012942701207391,4
8131,1,0,947,10003__Node__8131,incoming,0.0,0.2175024861486006,0.000164196921212,4
8132,1,36,37,10148__Node__8132,incoming,0.0,0.2353574173712528,0.0002356564880674,3
8133,1,2,617,10007__Node__8133,incoming,0.0,0.2399874598322752,0.0026097371147464,2
8134,2,1,762,10033__Node__8134,incoming,5.269534795206538e-05,0.27710407239819,0.0168189749935212,2
8135,2,1,762,10033__Node__8135,incoming,9.408247513730678e-05,0.2739309357666845,0.0163585190648142,4
8136,1,23,61,10091__Node__8136,outandin,0.0,0.2436152438539263,0.000875839954476,1
8137,1,37,37,10191__Node__8137,incoming,0.0,0.2083418384704361,9.426528333245428e-05,2
8140,1,26,56,10177__Node__8140,incoming,0.0,0.2510865108651086,0.0027277114382451,2
8141,1,45,29,10031__Node__8141,incoming,0.0,0.2163651780667043,0.0001751070662853,3
8142,1,21,62,10105__Node__8142,incoming,0.0,0.2154972200717854,0.0002096331976264,4
8144,2,13,93,10073__Node__8144,incoming,2.4943380303597013e-05,0.2555286656096136,0.0052782669281703,1
8146,1,9,134,10047__Node__8146,incoming,0.0,0.1764434712458223,8.12319243570349e-06,4
8147,1,20,64,10087__Node__8147,incoming,0.0,0.1312529469758669,2.389934928079441e-08,4
8150,1,10,121,10055__Node__8150,incoming,0.0,0.2524736147757256,0.0054562088320071,2
8151,1,1,762,10033__Node__8151,incoming,0.0,0.2683610867659947,0.014091263555276,4
8152,1,39,34,10036__Node__8152,incoming,0.0,0.2151338438839317,0.0001115750246547,4
8154,1,36,37,10148__Node__8154,incoming,0.0,0.2353574173712528,0.0002356564880674,4
8155,1,18,71,10147__Node__8155,incoming,0.0,0.2354117013915584,0.0002308032257257,2
8158,1,26,56,10177__Node__8158,outandin,0.0,0.2510865108651086,0.0027277114382451,0
8160,2,12,115,10006__Node__8160,incoming,5.461457950978722e-05,0.2429965875724148,0.0033530448211858,2
8161,1,2,617,10007__Node__8161,incoming,0.0,0.2399874598322752,0.0026097371147464,4
8163,1,10,121,10055__Node__8163,outandin,0.0,0.2524736147757256,0.0054562088320071,3
8164,1,9,134,10047__Node__8164,incoming,0.0,0.1764434712458223,8.12319243570349e-06,3
8165,1,0,947,10003__Node__8165,incoming,0.0,0.2175024861486006,0.000164196921212,3
8167,3,4,253,10034__Node__8167,incoming,0.0003955752115615,0.2821079786253915,0.0194098529237898,3
8169,1,0,947,10003__Node__8169,incoming,0.0,0.2175024861486006,0.000164196921212,4
8170,1,2,617,10007__Node__8170,incoming,0.0,0.2399874598322752,0.0026097371147464,4
8173,1,56,25,10030__Node__8173,incoming,0.0,0.21146408839779,0.0001623883675305,3
8174,3,12,115,10006__Node__8174,incoming,0.0001836597341759,0.2421127540128093,0.0054866817597123,4
8175,1,2,617,10007__Node__8175,incoming,0.0,0.2399874598322752,0.0026097371147464,4
8177,4,8,135,10039__Node__8177,incoming,0.0005801886640854,0.2589648173207036,0.0119647774612402,2
8178,1,1,762,10033__Node__8178,incoming,0.0,0.2683610867659947,0.014091263555276,4
8179,1,25,57,10196__Node__8179,outandin,0.0,0.2230802855893923,0.0003535959137667,1
8180,1,50,27,10019__Node__8180,incoming,0.0,0.2125060725935179,0.0001355751460299,4
8181,2,2,617,10007__Node__8181,incoming,0.0002583425659199,0.2510247581570749,0.0068260214857944,4
8183,1,4,253,10034__Node__8183,incoming,0.0,0.2336869419216973,0.0028424708247791,4
8184,1,0,947,10003__Node__8184,incoming,0.0,0.2175024861486006,0.000164196921212,4
8186,1,12,115,10006__Node__8186,incoming,0.0,0.2240925058548009,0.0007433077064394,4
8188,1,2,617,10007__Node__8188,incoming,0.0,0.2399874598322752,0.0026097371147464,4
8189,1,24,59,10053__Node__8189,incoming,0.0,0.2279630732578916,0.000898499345689,4
8191,1,2,617,10007__Node__8191,incoming,0.0,0.2399874598322752,0.0026097371147464,3
8192,1,1,762,10033__Node__8192,incoming,0.0,0.2683610867659947,0.014091263555276,1
8193,1,1,762,10033__Node__8193,outandin,0.0,0.2683610867659947,0.014091263555276,3
8194,1,11,116,10016__Node__8194,incoming,0.0,0.233224160255922,0.0022672555095382,3
8197,2,0,947,10003__Node__8197,incoming,0.000664712073882,0.2530787668402347,0.0002604419576191,4
8198,3,4,253,10034__Node__8198,incoming,7.264258262798802e-05,0.2455099422706863,0.0077774211484483,4
8200,2,55,25,10013__Node__8200,incoming,5.481017636605813e-05,0.238065619654797,0.0042000485144101,4
8203,1,0,947,10003__Node__8203,outandin,0.0,0.2175024861486006,0.000164196921212,3
8204,2,29,48,10051__Node__8204,incoming,8.778301870516908e-06,0.2537919602154994,0.0058729573619154,4
8205,1,12,115,10006__Node__8205,incoming,0.0,0.2240925058548009,0.0007433077064394,4
8206,5,15,79,10017__Node__8206,incoming,0.0002248921743094,0.268478737395879,0.0110263287496595,4
8207,3,2,617,10007__Node__8207,incoming,0.0007272235980904,0.2472944596995638,0.0052025375703261,3
8208,1,30,44,10026__Node__8208,incoming,0.0,0.2175024861486006,0.0002270011766974,4
8209,1,0,947,10003__Node__8209,incoming,0.0,0.2175024861486006,0.000164196921212,4
8211,1,4,253,10034__Node__8211,incoming,0.0,0.2336869419216973,0.0028424708247791,2
8214,1,1,762,10033__Node__8214,outandin,0.0,0.2683610867659947,0.014091263555276,1
8215,2,1,762,10033__Node__8215,incoming,1.9014069920422304e-05,0.272856888255213,0.0195474723872831,4
8216,1,12,115,10006__Node__8216,incoming,0.0,0.2240925058548009,0.0007433077064394,4
8217,1,5,241,10020__Node__8217,incoming,0.0,0.237566917526573,0.0042162843710479,4
8218,1,0,947,10003__Node__8218,incoming,0.0,0.2175024861486006,0.000164196921212,4
8219,1,39,34,10036__Node__8219,incoming,0.0,0.2151338438839317,0.0001115750246547,3
8220,1,24,59,10053__Node__8220,outandin,0.0,0.2279630732578916,0.000898499345689,2
8221,1,18,71,10147__Node__8221,incoming,0.0,0.2354117013915584,0.0002308032257257,4
8223,1,45,29,10031__Node__8223,incoming,0.0,0.2163651780667043,0.0001751070662853,3
8225,2,3,284,10032__Node__8225,incoming,2.0112816212024617e-05,0.2394432280262746,0.0048517739409443,3
8227,1,2,617,10007__Node__8227,incoming,0.0,0.2399874598322752,0.0026097371147464,3
8228,1,3,284,10032__Node__8228,incoming,0.0,0.2371988535130529,0.00403645097798,4
8229,1,1,762,10033__Node__8229,incoming,0.0,0.2683610867659947,0.014091263555276,3
8230,2,2,617,10007__Node__8230,incoming,3.7995572396404415e-05,0.2409316232591077,0.002772125482277,4
8231,3,8,135,10039__Node__8231,incoming,5.199928592348838e-05,0.2455887070901508,0.0093550403464938,4
8232,1,1,762,10033__Node__8232,incoming,0.0,0.2683610867659947,0.014091263555276,4
8235,1,1,762,10033__Node__8235,incoming,0.0,0.2683610867659947,0.014091263555276,3
8236,2,13,93,10073__Node__8236,outandin,4.307413200160149e-05,0.237566917526573,0.0052159073658254,3
8238,1,1,762,10033__Node__8238,outandin,0.0,0.2683610867659947,0.014091263555276,2
8239,1,12,115,10006__Node__8239,incoming,0.0,0.2240925058548009,0.0007433077064394,4
8242,1,9,134,10047__Node__8242,incoming,0.0,0.1764434712458223,8.12319243570349e-06,4
8243,1,18,71,10147__Node__8243,incoming,0.0,0.2354117013915584,0.0002308032257257,4
8245,1,0,947,10003__Node__8245,incoming,0.0,0.2175024861486006,0.000164196921212,4
8246,4,12,115,10006__Node__8246,outandin,0.0009133590110233,0.2512719514196619,0.0014618930887311,2
8247,2,53,26,10060__Node__8247,incoming,9.490516732603709e-05,0.2448228991764612,0.0019424936034376,3
8248,2,24,59,10053__Node__8248,incoming,1.1422832238532758e-05,0.2349961627014581,0.0033746178894237,3
8250,1,9,134,10047__Node__8250,outandin,0.0,0.1764434712458223,8.12319243570349e-06,2
8251,1,5,241,10020__Node__8251,incoming,0.0,0.237566917526573,0.0042162843710479,3
8252,1,0,947,10003__Node__8252,incoming,0.0,0.2175024861486006,0.000164196921212,4
8253,1,2,617,10007__Node__8253,incoming,0.0,0.2399874598322752,0.0026097371147464,4
8254,5,44,29,10119__Node__8254,outandin,0.0011343084022673,0.2840181801317132,0.0135695871802615,1
8255,1,0,947,10003__Node__8255,incoming,0.0,0.2175024861486006,0.000164196921212,3
8256,1,4,253,10034__Node__8256,incoming,0.0,0.2336869419216973,0.0028424708247791,4
8257,2,2,617,10007__Node__8257,incoming,3.4001010930272524e-05,0.2405530677979417,0.0027733346511765,4
8258,3,7,142,10071__Node__8258,outandin,0.0005529039599572,0.263647322197348,0.0067573062286257,0
8259,1,1,762,10033__Node__8259,incoming,0.0,0.2683610867659947,0.014091263555276,4
8262,1,16,79,10093__Node__8262,incoming,0.0,0.2549329781034052,0.0034177652383314,1
8264,1,16,79,10093__Node__8264,incoming,0.0,0.2549329781034052,0.0034177652383314,4
8265,1,1,762,10033__Node__8265,incoming,0.0,0.2683610867659947,0.014091263555276,4
8266,1,0,947,10003__Node__8266,incoming,0.0,0.2175024861486006,0.000164196921212,3
8267,2,2,617,10007__Node__8267,incoming,0.0001580641336142,0.2481562525326201,0.0054522079395255,4
8268,3,26,56,10177__Node__8268,outandin,0.0002030891161196,0.2615082415236143,0.0064990725903434,0
8271,1,21,62,10105__Node__8271,incoming,0.0,0.2154972200717854,0.0002096331976264,3
8272,1,1,762,10033__Node__8272,incoming,0.0,0.2683610867659947,0.014091263555276,4
8273,1,1,762,10033__Node__8273,incoming,0.0,0.2683610867659947,0.014091263555276,3
8274,2,6,144,10011__Node__8274,incoming,0.0002017375539299,0.2560628867703629,0.0057578678833012,4
8275,1,0,947,10003__Node__8275,incoming,0.0,0.2175024861486006,0.000164196921212,4
8276,2,31,44,10065__Node__8276,outandin,1.9435012046480878e-05,0.2386407918322812,0.0046811316309881,3
8277,1,18,71,10147__Node__8277,incoming,0.0,0.2354117013915584,0.0002308032257257,4
8281,1,1,762,10033__Node__8281,incoming,0.0,0.2683610867659947,0.014091263555276,4
8285,1,0,947,10003__Node__8285,incoming,0.0,0.2175024861486006,0.000164196921212,4
8286,1,2,617,10007__Node__8286,incoming,0.0,0.2399874598322752,0.0026097371147464,4
8287,2,1,762,10033__Node__8287,incoming,5.874520053440121e-05,0.2753844770213148,0.0184936905289704,1
8289,1,5,241,10020__Node__8289,incoming,0.0,0.237566917526573,0.0042162843710479,4
8292,1,5,241,10020__Node__8292,outandin,0.0,0.237566917526573,0.0042162843710479,2
8293,1,9,134,10047__Node__8293,incoming,0.0,0.1764434712458223,8.12319243570349e-06,4
8294,1,1,762,10033__Node__8294,incoming,0.0,0.2683610867659947,0.014091263555276,2
8295,1,8,135,10039__Node__8295,incoming,0.0,0.2294320395624157,0.0024761185437346,4
8296,4,56,25,10030__Node__8296,outandin,0.000216978016782,0.237991605782683,0.0055437358406192,1
8297,1,14,90,10077__Node__8297,outandin,0.0,0.2212747506865154,0.0008134803921311,0
8298,1,9,134,10047__Node__8298,incoming,0.0,0.1764434712458223,8.12319243570349e-06,3
8301,1,2,617,10007__Node__8301,incoming,0.0,0.2399874598322752,0.0026097371147464,4
8302,1,0,947,10003__Node__8302,incoming,0.0,0.2175024861486006,0.000164196921212,4
8303,1,0,947,10003__Node__8303,incoming,0.0,0.2175024861486006,0.000164196921212,4
8308,1,1,762,10033__Node__8308,incoming,0.0,0.2683610867659947,0.014091263555276,4
8311,1,2,617,10007__Node__8311,incoming,0.0,0.2399874598322752,0.0026097371147464,4
8312,2,1,762,10033__Node__8312,incoming,5.874520053440121e-05,0.2753844770213148,0.0184936905289704,4
8315,1,47,29,10056__Node__8315,incoming,0.0,0.2167634149794705,0.0002799336754136,4
8316,1,2,617,10007__Node__8316,incoming,0.0,0.2399874598322752,0.0026097371147464,4
8319,1,25,57,10196__Node__8319,incoming,0.0,0.2230802855893923,0.0003535959137667,3
8320,1,0,947,10003__Node__8320,incoming,0.0,0.2175024861486006,0.000164196921212,4
8323,1,52,26,10139__Node__8323,incoming,0.0,0.2216912829423689,6.818956921190524e-05,2
8324,2,3,284,10032__Node__8324,incoming,2.352474870298016e-05,0.2428616751269035,0.0068789218027592,2
8325,2,50,27,10019__Node__8325,incoming,4.4217652393481184e-05,0.2438092204793375,0.0010852182793518,4
8326,2,53,26,10060__Node__8326,incoming,0.0001218085800138,0.2326040717107262,0.0001980980805611,3
8327,1,0,947,10003__Node__8327,incoming,0.0,0.2175024861486006,0.000164196921212,4
8329,1,2,617,10007__Node__8329,incoming,0.0,0.2399874598322752,0.0026097371147464,4
8330,1,1,762,10033__Node__8330,incoming,0.0,0.2683610867659947,0.014091263555276,4
8331,1,32,43,10064__Node__8331,incoming,0.0,0.2273706096383753,0.0004184301662631,4
8332,1,5,241,10020__Node__8332,incoming,0.0,0.237566917526573,0.0042162843710479,1
8333,4,1,762,10033__Node__8333,incoming,0.0004649502188767,0.2879714097620615,0.0267923701857566,3
8334,1,5,241,10020__Node__8334,incoming,0.0,0.237566917526573,0.0042162843710479,3
8335,2,12,115,10006__Node__8335,incoming,5.461457950978722e-05,0.2429965875724148,0.0033530448211858,3
8336,1,1,762,10033__Node__8336,incoming,0.0,0.2683610867659947,0.014091263555276,3
8337,1,2,617,10007__Node__8337,incoming,0.0,0.2399874598322752,0.0026097371147464,3
8339,1,7,142,10071__Node__8339,incoming,0.0,0.237843716016778,0.0002737663480395,4
8340,1,1,762,10033__Node__8340,incoming,0.0,0.2683610867659947,0.014091263555276,4
8341,1,27,52,10108__Node__8341,incoming,0.0,0.2191996563819886,0.000244376645587,4
8343,1,1,762,10033__Node__8343,incoming,0.0,0.2683610867659947,0.014091263555276,4
8344,1,0,947,10003__Node__8344,incoming,0.0,0.2175024861486006,0.000164196921212,4
8346,1,3,284,10032__Node__8346,incoming,0.0,0.2371988535130529,0.00403645097798,4
8347,1,28,49,10009__Node__8347,incoming,0.0,0.2181222396352757,0.0008777706464921,4
8348,1,0,947,10003__Node__8348,incoming,0.0,0.2175024861486006,0.000164196921212,4
8350,1,4,253,10034__Node__8350,incoming,0.0,0.2336869419216973,0.0028424708247791,2
8351,2,1,762,10033__Node__8351,incoming,1.7830732819827e-05,0.2706620701847432,0.0161056616707947,1
8352,1,3,284,10032__Node__8352,incoming,0.0,0.2371988535130529,0.00403645097798,1
8354,1,28,49,10009__Node__8354,incoming,0.0,0.2181222396352757,0.0008777706464921,2
8355,1,5,241,10020__Node__8355,incoming,0.0,0.237566917526573,0.0042162843710479,3
8358,1,48,28,10014__Node__8358,incoming,0.0,0.162846354305164,3.088316361570195e-07,3
8359,3,1,762,10033__Node__8359,incoming,0.0002429892169258,0.2818483063328424,0.020969809072705,4
8360,2,1,762,10033__Node__8360,incoming,0.000152850489183,0.2752606975907947,0.0165673820990106,4
8362,1,0,947,10003__Node__8362,incoming,0.0,0.2175024861486006,0.000164196921212,4
8363,1,49,28,10153__Node__8363,incoming,0.0,0.225213298028832,0.0004236813080482,3
8364,2,16,79,10093__Node__8364,incoming,2.401378789768431e-05,0.2628777472527472,0.0078201922120258,1
8365,1,24,59,10053__Node__8365,incoming,0.0,0.2279630732578916,0.000898499345689,4
8366,1,0,947,10003__Node__8366,incoming,0.0,0.2175024861486006,0.000164196921212,4
8367,1,0,947,10003__Node__8367,incoming,0.0,0.2175024861486006,0.000164196921212,4
8368,1,0,947,10003__Node__8368,incoming,0.0,0.2175024861486006,0.000164196921212,4
8369,1,1,762,10033__Node__8369,incoming,0.0,0.2683610867659947,0.014091263555276,3
8371,2,16,79,10093__Node__8371,incoming,2.401378789768431e-05,0.2628777472527472,0.0078201922120258,3
8372,1,42,30,10162__Node__8372,incoming,0.0,0.225196734573803,7.613691296057906e-05,3
8374,1,0,947,10003__Node__8374,incoming,0.0,0.2175024861486006,0.000164196921212,4
8375,2,16,79,10093__Node__8375,incoming,2.401378789768431e-05,0.2628777472527472,0.0078201922120258,4
8377,1,53,26,10060__Node__8377,incoming,0.0,0.2177035193743334,0.0001038327972286,4
8378,1,0,947,10003__Node__8378,incoming,0.0,0.2175024861486006,0.000164196921212,4
8380,1,57,25,10219__Node__8380,incoming,0.0,0.227624145108534,7.581253999781134e-05,4
8381,1,49,28,10153__Node__8381,incoming,0.0,0.225213298028832,0.0004236813080482,4
8382,1,2,617,10007__Node__8382,incoming,0.0,0.2399874598322752,0.0026097371147464,4
8383,2,8,135,10039__Node__8383,incoming,1.1422832238532758e-05,0.2349961627014581,0.0033746178894237,3
8385,1,0,947,10003__Node__8385,incoming,0.0,0.2175024861486006,0.000164196921212,4
8388,2,3,284,10032__Node__8388,outandin,1.4977051643351827e-05,0.2406097752632406,0.0065125695217147,2
8389,1,38,35,10086__Node__8389,incoming,0.0,0.2153002390662354,0.0002172187740778,3
8391,2,13,93,10073__Node__8391,incoming,0.0001594221328562,0.2489633303520611,0.0070121640884408,4
8392,1,44,29,10119__Node__8392,incoming,0.0,0.215588256002253,0.0001850518649942,3
8393,1,10,121,10055__Node__8393,outandin,0.0,0.2524736147757256,0.0054562088320071,0
8394,3,11,116,10016__Node__8394,incoming,6.31571383818865e-05,0.2468956619900016,0.0108859668542806,4
8396,1,1,762,10033__Node__8396,incoming,0.0,0.2683610867659947,0.014091263555276,4
8397,1,7,142,10071__Node__8397,incoming,0.0,0.237843716016778,0.0002737663480395,4
8398,1,1,762,10033__Node__8398,incoming,0.0,0.2683610867659947,0.014091263555276,4
8399,1,7,142,10071__Node__8399,incoming,0.0,0.237843716016778,0.0002737663480395,4
8400,1,5,241,10020__Node__8400,incoming,0.0,0.237566917526573,0.0042162843710479,4
8402,1,11,116,10016__Node__8402,incoming,0.0,0.233224160255922,0.0022672555095382,4
8403,1,3,284,10032__Node__8403,incoming,0.0,0.2371988535130529,0.00403645097798,4
8404,2,1,762,10033__Node__8404,incoming,0.0005432990392154,0.2720568636161706,0.0143650299033155,4
8407,1,0,947,10003__Node__8407,incoming,0.0,0.2175024861486006,0.000164196921212,4
8408,2,1,762,10033__Node__8408,incoming,0.0001854692393389,0.2694710903810613,0.0142734576489423,4
8410,1,11,116,10016__Node__8410,incoming,0.0,0.233224160255922,0.0022672555095382,4
8411,1,11,116,10016__Node__8411,incoming,0.0,0.233224160255922,0.0022672555095382,2
8413,1,1,762,10033__Node__8413,incoming,0.0,0.2683610867659947,0.014091263555276,1
8415,1,42,30,10162__Node__8415,outandin,0.0,0.225196734573803,7.613691296057906e-05,2
8417,2,9,134,10047__Node__8417,incoming,4.456545452564894e-05,0.1766572434085271,8.432024071860509e-06,1
8419,1,48,28,10014__Node__8419,incoming,0.0,0.162846354305164,3.088316361570195e-07,4
8420,1,1,762,10033__Node__8420,incoming,0.0,0.2683610867659947,0.014091263555276,4
8421,1,2,617,10007__Node__8421,incoming,0.0,0.2399874598322752,0.0026097371147464,4
8422,1,1,762,10033__Node__8422,incoming,0.0,0.2683610867659947,0.014091263555276,1
8423,1,10,121,10055__Node__8423,incoming,0.0,0.2524736147757256,0.0054562088320071,3
8424,1,0,947,10003__Node__8424,incoming,0.0,0.2175024861486006,0.000164196921212,4
8425,1,1,762,10033__Node__8425,incoming,0.0,0.2683610867659947,0.014091263555276,3
8427,1,0,947,10003__Node__8427,incoming,0.0,0.2175024861486006,0.000164196921212,4
8428,3,1,762,10033__Node__8428,incoming,0.0003083801322427,0.2785662299854439,0.0170546314815887,4
8429,2,7,142,10071__Node__8429,incoming,0.0005432990392154,0.2720568636161706,0.0143650299033155,4
8430,2,1,762,10033__Node__8430,outandin,1.9014069920422304e-05,0.272856888255213,0.0195474723872831,3
8432,1,4,253,10034__Node__8432,incoming,0.0,0.2336869419216973,0.0028424708247791,4
8434,1,7,142,10071__Node__8434,incoming,0.0,0.237843716016778,0.0002737663480395,4
8435,1,5,241,10020__Node__8435,outandin,0.0,0.237566917526573,0.0042162843710479,3
8436,1,16,79,10093__Node__8436,incoming,0.0,0.2549329781034052,0.0034177652383314,3
8438,2,2,617,10007__Node__8438,incoming,0.0001580641336142,0.2481562525326201,0.0054522079395255,4
8439,1,1,762,10033__Node__8439,incoming,0.0,0.2683610867659947,0.014091263555276,2
8440,1,40,34,10041__Node__8440,outandin,0.0,0.2210989963174236,0.0004325584913967,2
8441,5,2,617,10007__Node__8441,incoming,0.0008380467748175,0.2854213273676361,0.0151750973914444,2
8442,1,0,947,10003__Node__8442,incoming,0.0,0.2175024861486006,0.000164196921212,3
8446,1,0,947,10003__Node__8446,incoming,0.0,0.2175024861486006,0.000164196921212,4
8447,2,11,116,10016__Node__8447,incoming,4.058275893460822e-05,0.2340441794695406,0.0024423625758235,1
8448,2,1,762,10033__Node__8448,incoming,0.0001462096216378,0.2789214793222809,0.018307547926324,3
8449,1,6,144,10011__Node__8449,incoming,0.0,0.2365209331067511,0.0003016590512941,2
8451,2,15,79,10017__Node__8451,outandin,3.529828255707403e-05,0.2402887860001569,0.0054208524045627,1
8453,2,3,284,10032__Node__8453,incoming,2.352474870298016e-05,0.2428616751269035,0.0068789218027592,3
8455,1,0,947,10003__Node__8455,incoming,0.0,0.2175024861486006,0.000164196921212,4
8459,1,0,947,10003__Node__8459,incoming,0.0,0.2175024861486006,0.000164196921212,4
8460,2,5,241,10020__Node__8460,incoming,0.0001462096216378,0.2789214793222809,0.018307547926324,1
8461,1,0,947,10003__Node__8461,incoming,0.0,0.2175024861486006,0.000164196921212,3
8463,1,9,134,10047__Node__8463,incoming,0.0,0.1764434712458223,8.12319243570349e-06,4
8465,1,42,30,10162__Node__8465,incoming,0.0,0.225196734573803,7.613691296057906e-05,2
8467,1,5,241,10020__Node__8467,outandin,0.0,0.237566917526573,0.0042162843710479,3
8468,2,1,762,10033__Node__8468,incoming,1.7830732819827e-05,0.2706620701847432,0.0161056616707947,1
8469,2,59,24,10057__Node__8469,outandin,5.57144256871153e-05,0.2707338638373121,0.0149065865182402,3
8470,1,2,617,10007__Node__8470,incoming,0.0,0.2399874598322752,0.0026097371147464,4
8471,1,11,116,10016__Node__8471,incoming,0.0,0.233224160255922,0.0022672555095382,1
8472,1,3,284,10032__Node__8472,incoming,0.0,0.2371988535130529,0.00403645097798,4
8473,2,3,284,10032__Node__8473,incoming,2.352474870298016e-05,0.2428616751269035,0.0068789218027592,1
8477,2,4,253,10034__Node__8477,incoming,3.310430463988366e-05,0.2359741060419235,0.003285327291977,4
8478,1,27,52,10108__Node__8478,incoming,0.0,0.2191996563819886,0.000244376645587,4
8480,1,0,947,10003__Node__8480,incoming,0.0,0.2175024861486006,0.000164196921212,4
8482,3,8,135,10039__Node__8482,incoming,0.0003208722837384,0.2544880319148936,0.0094882826321754,4
8483,2,10,121,10055__Node__8483,incoming,2.6774081880143705e-05,0.2630358216648054,0.0081839202702522,3
8485,2,3,284,10032__Node__8485,incoming,2.352474870298016e-05,0.2428616751269035,0.0068789218027592,1
8486,1,0,947,10003__Node__8486,incoming,0.0,0.2175024861486006,0.000164196921212,4
8488,2,5,241,10020__Node__8488,incoming,5.182447575752253e-05,0.2654529692241005,0.0076340496093794,2
8489,1,11,116,10016__Node__8489,incoming,0.0,0.233224160255922,0.0022672555095382,3
8490,1,43,30,10054__Node__8490,outandin,0.0,0.2427654007769761,0.0020143981155187,2
8492,1,1,762,10033__Node__8492,outandin,0.0,0.2683610867659947,0.014091263555276,1
8493,1,53,26,10060__Node__8493,outandin,0.0,0.2177035193743334,0.0001038327972286,0
8494,1,1,762,10033__Node__8494,incoming,0.0,0.2683610867659947,0.014091263555276,1
8496,2,14,90,10077__Node__8496,incoming,3.030088152698647e-05,0.2292945933802606,0.0016288033550953,4
8497,1,0,947,10003__Node__8497,incoming,0.0,0.2175024861486006,0.000164196921212,4
8499,1,0,947,10003__Node__8499,incoming,0.0,0.2175024861486006,0.000164196921212,3
8501,1,1,762,10033__Node__8501,incoming,0.0,0.2683610867659947,0.014091263555276,4
8503,1,0,947,10003__Node__8503,incoming,0.0,0.2175024861486006,0.000164196921212,3
8504,1,0,947,10003__Node__8504,incoming,0.0,0.2175024861486006,0.000164196921212,4
8505,2,51,27,10066__Node__8505,incoming,0.0001965538492534,0.2410074773711137,0.0002784391300734,3
8506,1,42,30,10162__Node__8506,outandin,0.0,0.225196734573803,7.613691296057906e-05,1
8507,1,27,52,10108__Node__8507,incoming,0.0,0.2191996563819886,0.000244376645587,4
8508,1,10,121,10055__Node__8508,incoming,0.0,0.2524736147757256,0.0054562088320071,4
8509,1,2,617,10007__Node__8509,incoming,0.0,0.2399874598322752,0.0026097371147464,3
8510,1,0,947,10003__Node__8510,incoming,0.0,0.2175024861486006,0.000164196921212,4
8513,1,9,134,10047__Node__8513,incoming,0.0,0.1764434712458223,8.12319243570349e-06,3
8514,2,12,115,10006__Node__8514,incoming,0.0001586047554677,0.232515756701344,0.0016929508397612,4
8515,1,2,617,10007__Node__8515,incoming,0.0,0.2399874598322752,0.0026097371147464,4
8516,1,31,44,10065__Node__8516,incoming,0.0,0.2266469282013323,0.0018386608062089,3
8517,1,53,26,10060__Node__8517,outandin,0.0,0.2177035193743334,0.0001038327972286,0
8518,1,1,762,10033__Node__8518,incoming,0.0,0.2683610867659947,0.014091263555276,3
8519,1,29,48,10051__Node__8519,incoming,0.0,0.2427846495401205,0.001470530388221,3
8520,1,1,762,10033__Node__8520,incoming,0.0,0.2683610867659947,0.014091263555276,3
8523,1,33,43,10088__Node__8523,incoming,0.0,0.2123734221112498,0.0001166819118451,4
8524,1,3,284,10032__Node__8524,incoming,0.0,0.2371988535130529,0.00403645097798,4
8525,1,2,617,10007__Node__8525,incoming,0.0,0.2399874598322752,0.0026097371147464,4
8527,1,0,947,10003__Node__8527,incoming,0.0,0.2175024861486006,0.000164196921212,4
8528,1,3,284,10032__Node__8528,incoming,0.0,0.2371988535130529,0.00403645097798,4
8529,1,10,121,10055__Node__8529,incoming,0.0,0.2524736147757256,0.0054562088320071,4
8530,1,0,947,10003__Node__8530,incoming,0.0,0.2175024861486006,0.000164196921212,4
8531,1,5,241,10020__Node__8531,outandin,0.0,0.237566917526573,0.0042162843710479,1
8533,1,0,947,10003__Node__8533,incoming,0.0,0.2175024861486006,0.000164196921212,4
8534,1,0,947,10003__Node__8534,incoming,0.0,0.2175024861486006,0.000164196921212,3
8535,2,1,762,10033__Node__8535,incoming,1.7830732819827e-05,0.2706620701847432,0.0161056616707947,4
8537,1,0,947,10003__Node__8537,incoming,0.0,0.2175024861486006,0.000164196921212,4
8538,1,53,26,10060__Node__8538,incoming,0.0,0.2177035193743334,0.0001038327972286,4
8539,2,15,79,10017__Node__8539,incoming,2.757541724590199e-05,0.2367220718979513,0.0040470388582939,4
8540,1,10,121,10055__Node__8540,incoming,0.0,0.2524736147757256,0.0054562088320071,4
8541,1,1,762,10033__Node__8541,incoming,0.0,0.2683610867659947,0.014091263555276,4
8542,1,10,121,10055__Node__8542,outandin,0.0,0.2524736147757256,0.0054562088320071,2
8543,1,2,617,10007__Node__8543,incoming,0.0,0.2399874598322752,0.0026097371147464,4
8545,1,4,253,10034__Node__8545,incoming,0.0,0.2336869419216973,0.0028424708247791,4
8547,1,9,134,10047__Node__8547,incoming,0.0,0.1764434712458223,8.12319243570349e-06,3
8549,1,37,37,10191__Node__8549,incoming,0.0,0.2083418384704361,9.426528333245428e-05,2
8551,1,2,617,10007__Node__8551,incoming,0.0,0.2399874598322752,0.0026097371147464,4
8552,1,38,35,10086__Node__8552,incoming,0.0,0.2153002390662354,0.0002172187740778,4
8556,1,9,134,10047__Node__8556,incoming,0.0,0.1764434712458223,8.12319243570349e-06,1
8558,1,12,115,10006__Node__8558,incoming,0.0,0.2240925058548009,0.0007433077064394,4
8561,1,0,947,10003__Node__8561,incoming,0.0,0.2175024861486006,0.000164196921212,4
8563,1,16,79,10093__Node__8563,outandin,0.0,0.2549329781034052,0.0034177652383314,3
