source,target,type,weight
10003,3,incoming,21
10003,4,incoming,23
10003,9,incoming,22
10003,16,incoming,10
10003,23,incoming,20
10003,31,incoming,28
10003,32,incoming,21
10003,34,incoming,7
10003,35,incoming,5
10003,37,incoming,15
10003,40,incoming,25
10003,47,incoming,11
10003,49,incoming,28
10003,56,incoming,18
10003,58,incoming,7
10003,65,incoming,5
10003,76,incoming,14
10003,77,incoming,7
10003,78,outandin,28
10003,79,incoming,15
10003,91,incoming,18
10003,99,incoming,12
10003,112,incoming,15
10003,118,incoming,16
10003,143,incoming,11
10003,148,incoming,11
10003,154,incoming,15
10003,162,incoming,16
10003,180,incoming,18
10003,211,incoming,9
10003,212,incoming,15
10003,216,incoming,19
10003,239,incoming,29
10003,256,incoming,21
10003,257,incoming,7
10003,260,incoming,20
10003,263,incoming,12
10003,266,incoming,14
10003,280,incoming,8
10003,281,incoming,24
10003,290,incoming,4
10003,300,incoming,20
10003,307,incoming,25
10003,317,incoming,8
10003,321,incoming,19
10003,326,incoming,14
10003,329,incoming,10
10003,330,incoming,21
10003,331,incoming,9
10003,334,incoming,14
10003,340,incoming,12
10003,358,incoming,29
10003,361,incoming,11
10003,374,incoming,16
10003,378,incoming,11
10003,379,incoming,18
10003,380,incoming,10
10003,385,incoming,9
10003,399,incoming,10
10003,402,incoming,14
10003,403,incoming,3
10003,430,incoming,17
10003,431,incoming,19
10003,440,incoming,7
10003,449,incoming,10
10003,454,incoming,15
10003,465,outandin,7
10003,481,incoming,18
10003,509,incoming,9
10003,516,incoming,20
10003,517,incoming,9
10003,557,incoming,18
10003,563,incoming,11
10003,566,incoming,19
10003,569,incoming,11
10003,571,incoming,11
10003,572,incoming,13
10003,578,incoming,6
10003,591,incoming,4
10003,592,incoming,9
10003,598,incoming,13
10003,605,incoming,8
10003,607,incoming,12
10003,608,outandin,7
10003,636,incoming,8
10003,638,incoming,21
10003,663,incoming,15
10003,665,incoming,10
10003,669,incoming,19
10003,675,incoming,16
10003,677,incoming,12
10003,702,incoming,1
10003,707,outandin,33
10003,722,incoming,9
10003,727,incoming,15
10003,741,incoming,15
10003,759,incoming,15
10003,769,incoming,16
10003,812,incoming,7
10003,821,incoming,13
10003,823,incoming,6
10003,841,incoming,20
10003,854,incoming,23
10003,866,incoming,16
10003,869,incoming,16
10003,872,outandin,3
10003,874,incoming,16
10003,876,incoming,4
10003,877,incoming,12
10003,889,incoming,18
10003,919,incoming,35
10003,920,incoming,5
10003,921,incoming,27
10003,939,incoming,15
10003,987,incoming,17
10003,1002,incoming,9
10003,1009,incoming,17
10003,1013,incoming,13
10003,1018,incoming,9
10003,1020,incoming,22
10003,1030,incoming,20
10003,1036,incoming,12
10003,1040,incoming,15
10003,1045,incoming,21
10003,1058,incoming,14
10003,1063,incoming,22
10003,1075,incoming,18
10003,1093,incoming,15
10003,1129,incoming,14
10003,1131,incoming,17
10003,1153,incoming,16
10003,1211,incoming,12
10003,1217,incoming,8
10003,1230,incoming,12
10003,1235,incoming,22
10003,1237,incoming,24
10003,1246,incoming,13
10003,1251,incoming,19
10003,1262,incoming,26
10003,1268,incoming,8
10003,1273,incoming,4
10003,1277,incoming,12
10003,1278,incoming,14
10003,1284,incoming,15
10003,1285,incoming,21
10003,1299,incoming,18
10003,1301,incoming,10
10003,1317,incoming,12
10003,1318,incoming,11
10003,1319,incoming,22
10003,1328,incoming,18
10003,1337,incoming,28
10003,1351,outandin,1
10003,1364,outandin,1
10003,1369,incoming,17
10003,1376,incoming,20
10003,1378,incoming,12
10003,1379,incoming,17
10003,1382,incoming,6
10003,1383,incoming,19
10003,1387,incoming,18
10003,1405,incoming,23
10003,1419,incoming,11
10003,1420,incoming,16
10003,1425,incoming,6
10003,1432,incoming,12
10003,1433,incoming,13
10003,1440,incoming,11
10003,1461,incoming,17
10003,1475,incoming,5
10003,1476,incoming,19
10003,1478,incoming,20
10003,1484,incoming,22
10003,1485,incoming,14
10003,1492,incoming,8
10003,1505,incoming,1
10003,1518,incoming,6
10003,1532,incoming,13
10003,1544,incoming,12
10003,1545,incoming,6
10003,1559,incoming,26
10003,1571,incoming,24
10003,1590,incoming,22
10003,1601,incoming,11
10003,1604,incoming,18
10003,1611,incoming,23
10003,1612,incoming,21
10003,1614,incoming,20
10003,1615,incoming,18
10003,1622,incoming,16
10003,1627,incoming,14
10003,1628,incoming,25
10003,1635,incoming,7
10003,1637,incoming,13
10003,1642,incoming,13
10003,1643,incoming,5
10003,1666,incoming,23
10003,1686,incoming,17
10003,1691,incoming,13
10003,1708,incoming,14
10003,1710,incoming,16
10003,1716,incoming,20
10003,1719,incoming,12
10003,1733,incoming,23
10003,1748,incoming,7
10003,1751,incoming,9
10003,1753,incoming,16
10003,1759,incoming,14
10003,1765,incoming,5
10003,1766,incoming,11
10003,1773,incoming,18
10003,1780,incoming,15
10003,1782,incoming,5
10003,1789,incoming,14
10003,1795,incoming,4
10003,1797,incoming,11
10003,1801,incoming,19
10003,1804,incoming,27
10003,1805,incoming,14
10003,1809,incoming,3
10003,1829,incoming,17
10003,1833,incoming,12
10003,1834,incoming,22
10003,1837,incoming,10
10003,1838,incoming,12
10003,1841,incoming,13
10003,1842,incoming,21
10003,1844,incoming,15
10003,1849,incoming,9
10003,1852,incoming,25
10003,1855,incoming,1
10003,1857,incoming,23
10003,1860,incoming,18
10003,1861,incoming,15
10003,1864,incoming,15
10003,1871,incoming,29
10003,1873,incoming,11
10003,1875,incoming,16
10003,1877,incoming,16
10003,1879,incoming,18
10003,1882,incoming,17
10003,1883,incoming,28
10003,1884,incoming,11
10003,1888,incoming,9
10003,1900,incoming,18
10003,1902,incoming,17
10003,1912,incoming,18
10003,1914,incoming,17
10003,1917,incoming,18
10003,1921,incoming,17
10003,1925,incoming,7
10003,1927,incoming,9
10003,1928,incoming,8
10003,1932,incoming,6
10003,1933,incoming,20
10003,1937,incoming,19
10003,1944,incoming,9
10003,1948,incoming,25
10003,1952,incoming,13
10003,1953,incoming,15
10003,1958,incoming,13
10003,1962,incoming,14
10003,1963,incoming,19
10003,1964,incoming,9
10003,1972,incoming,13
10003,1977,incoming,22
10003,1978,incoming,16
10003,1980,incoming,20
10003,1986,incoming,18
10003,1992,incoming,12
10003,1994,incoming,5
10003,1999,incoming,17
10003,2002,incoming,20
10003,2003,incoming,14
10003,2007,incoming,4
10003,2009,incoming,16
10003,2011,incoming,17
10003,2012,incoming,2
10003,2013,incoming,11
10003,2016,incoming,18
10003,2023,incoming,17
10003,2025,incoming,12
10003,2027,incoming,19
10003,2030,incoming,3
10003,2032,incoming,18
10003,2038,incoming,12
10003,2045,incoming,21
10003,2047,incoming,19
10003,2051,incoming,19
10003,2054,incoming,16
10003,2056,incoming,15
10003,2057,incoming,12
10003,2059,incoming,1
10003,2060,incoming,2
10003,2061,incoming,15
10003,2067,incoming,23
10003,2072,incoming,16
10003,2080,incoming,22
10003,2081,incoming,16
10003,2083,incoming,5
10003,2084,incoming,20
10003,2090,incoming,14
10003,2100,incoming,19
10003,2105,incoming,11
10003,2116,incoming,11
10003,2119,incoming,11
10003,2120,incoming,18
10003,2121,incoming,14
10003,2126,incoming,8
10003,2136,incoming,22
10003,2138,incoming,11
10003,2139,incoming,5
10003,2143,incoming,9
10003,2148,incoming,10
10003,2152,incoming,23
10003,2153,incoming,6
10003,2155,incoming,8
10003,2161,incoming,17
10003,2169,incoming,11
10003,2179,incoming,15
10003,2180,incoming,16
10003,2182,incoming,18
10003,2184,incoming,7
10003,2186,incoming,14
10003,2193,incoming,10
10003,2200,incoming,23
10003,2203,incoming,13
10003,2205,incoming,5
10003,2206,incoming,23
10003,2221,incoming,16
10003,2222,incoming,13
10003,2230,incoming,10
10003,2232,incoming,15
10003,2235,incoming,17
10003,2239,incoming,17
10003,2248,incoming,13
10003,2250,incoming,16
10003,2252,incoming,18
10003,2253,incoming,7
10003,2254,incoming,5
10003,2255,incoming,11
10003,2260,incoming,25
10003,2263,incoming,17
10003,2265,incoming,21
10003,2270,incoming,19
10003,2271,incoming,18
10003,2275,incoming,6
10003,2277,incoming,11
10003,2281,incoming,3
10003,2286,incoming,16
10003,2288,incoming,20
10003,2291,incoming,14
10003,2292,incoming,2
10003,2297,incoming,12
10003,2298,incoming,10
10003,2301,incoming,7
10003,2303,incoming,12
10003,2305,incoming,8
10003,2315,incoming,24
10003,2320,incoming,11
10003,2323,incoming,4
10003,2324,incoming,29
10003,2330,outandin,11
10003,2331,incoming,19
10003,2332,incoming,27
10003,2333,incoming,11
10003,2335,incoming,6
10003,2340,incoming,14
10003,2341,incoming,17
10003,2354,incoming,12
10003,2357,incoming,9
10003,2359,incoming,9
10003,2361,outandin,5
10003,2372,incoming,6
10003,2375,incoming,2
10003,2377,incoming,14
10003,2382,incoming,15
10003,2387,incoming,16
10003,2389,incoming,22
10003,2396,incoming,7
10003,2397,incoming,9
10003,2399,incoming,11
10003,2400,incoming,17
10003,2405,incoming,8
10003,2408,incoming,22
10003,2409,incoming,16
10003,2411,incoming,3
10003,2413,incoming,18
10003,2414,incoming,15
10003,2418,incoming,10
10003,2424,incoming,18
10003,2432,incoming,16
10003,2435,incoming,9
10003,2442,incoming,5
10003,2452,outandin,23
10003,2455,incoming,1
10003,2456,incoming,20
10003,2461,incoming,8
10003,2462,incoming,13
10003,2464,incoming,3
10003,2467,incoming,5
10003,2472,incoming,20
10003,2474,incoming,19
10003,2478,incoming,10
10003,2480,incoming,10
10003,2486,incoming,20
10003,2495,incoming,10
10003,2502,incoming,14
10003,2507,incoming,9
10003,2510,incoming,17
10003,2512,incoming,18
10003,2513,incoming,9
10003,2518,incoming,15
10003,2522,incoming,15
10003,2523,incoming,3
10003,2526,incoming,18
10003,2528,incoming,6
10003,2531,incoming,10
10003,2538,incoming,15
10003,2542,incoming,6
10003,2553,incoming,10
10003,2577,incoming,17
10003,2586,incoming,15
10003,2587,incoming,23
10003,2591,incoming,16
10003,2593,incoming,13
10003,2606,incoming,15
10003,2611,incoming,3
10003,2613,incoming,2
10003,2616,incoming,15
10003,2621,incoming,17
10003,2629,incoming,25
10003,2638,incoming,22
10003,2646,incoming,23
10003,2649,incoming,9
10003,2652,outandin,6
10003,2664,incoming,19
10003,2666,incoming,14
10003,2668,incoming,16
10003,2679,incoming,9
10003,2680,incoming,10
10003,2682,incoming,13
10003,2683,incoming,4
10003,2686,incoming,13
10003,2691,incoming,12
10003,2692,incoming,23
10003,2697,incoming,16
10003,2700,incoming,14
10003,2702,incoming,8
10003,2704,incoming,17
10003,2712,incoming,8
10003,2715,incoming,18
10003,2716,incoming,13
10003,2719,incoming,20
10003,2727,incoming,18
10003,2730,incoming,7
10003,2739,incoming,5
10003,2743,incoming,14
10003,2752,incoming,15
10003,2755,incoming,15
10003,2760,incoming,11
10003,2762,incoming,12
10003,2763,incoming,12
10003,2781,incoming,11
10003,2784,incoming,7
10003,2797,incoming,10
10003,2806,incoming,20
10003,2812,incoming,15
10003,2815,incoming,18
10003,2828,incoming,11
10003,2835,incoming,33
10003,2837,incoming,4
10003,2839,incoming,20
10003,2847,incoming,5
10003,2848,incoming,18
10003,2849,incoming,18
10003,2850,incoming,18
10003,2857,incoming,19
10003,2867,incoming,17
10003,2871,incoming,15
10003,2872,incoming,11
10003,2886,incoming,39
10003,2895,incoming,1
10003,2897,incoming,23
10003,2900,incoming,17
10003,2911,incoming,12
10003,2914,incoming,19
10003,2918,incoming,23
10003,2919,incoming,6
10003,2932,incoming,16
10003,2935,incoming,12
10003,2937,incoming,5
10003,2939,incoming,15
10003,2946,incoming,9
10003,2947,outandin,6
10003,2949,incoming,16
10003,2961,incoming,15
10003,2966,incoming,13
10003,2977,incoming,9
10003,2978,incoming,13
10003,2981,incoming,11
10003,2986,incoming,22
10003,2987,incoming,12
10003,2988,incoming,19
10003,2993,incoming,14
10003,2994,incoming,14
10003,2995,incoming,5
10003,3007,incoming,6
10003,3018,incoming,11
10003,3021,incoming,20
10003,3023,incoming,18
10003,3024,incoming,9
10003,3029,outandin,19
10003,3032,incoming,17
10003,3039,incoming,9
10003,3062,incoming,20
10003,3067,incoming,14
10003,3077,incoming,18
10003,3079,incoming,16
10003,3085,incoming,18
10003,3092,incoming,8
10003,3093,incoming,5
10003,3097,incoming,3
10003,3099,incoming,5
10003,3101,incoming,5
10003,3105,incoming,13
10003,3108,incoming,6
10003,3111,incoming,15
10003,3113,outandin,6
10003,3118,incoming,5
10003,3121,incoming,17
10003,3148,incoming,14
10003,3159,incoming,8
10003,3166,incoming,6
10003,3178,incoming,13
10003,3191,incoming,23
10003,3193,incoming,8
10003,3195,incoming,21
10003,3199,incoming,19
10003,3200,incoming,12
10003,3203,incoming,17
10003,3205,incoming,6
10003,3214,incoming,17
10003,3216,incoming,11
10003,3220,incoming,14
10003,3221,incoming,14
10003,3224,incoming,11
10003,3237,incoming,16
10003,3260,incoming,5
10003,3265,incoming,10
10003,3267,incoming,30
10003,3274,incoming,8
10003,3275,incoming,6
10003,3293,incoming,21
10003,3297,incoming,22
10003,3304,incoming,23
10003,3310,incoming,20
10003,3322,incoming,15
10003,3325,incoming,6
10003,3326,incoming,4
10003,3327,incoming,21
10003,3349,incoming,17
10003,3359,outandin,2
10003,3368,incoming,16
10003,3371,incoming,21
10003,3392,incoming,20
10003,3395,incoming,12
10003,3402,incoming,18
10003,3404,incoming,6
10003,3411,incoming,5
10003,3412,incoming,7
10003,3413,incoming,12
10003,3416,incoming,10
10003,3419,incoming,7
10003,3422,incoming,18
10003,3424,incoming,17
10003,3432,incoming,11
10003,3437,incoming,13
10003,3439,incoming,3
10003,3442,incoming,20
10003,3457,incoming,12
10003,3492,incoming,8
10003,3493,incoming,9
10003,3507,incoming,10
10003,3512,incoming,14
10003,3518,incoming,6
10003,3519,incoming,5
10003,3520,incoming,12
10003,3527,incoming,19
10003,3546,incoming,14
10003,3561,incoming,17
10003,3571,incoming,15
10003,3592,outandin,5
10003,3614,incoming,10
10003,3644,incoming,11
10003,3646,incoming,17
10003,3653,incoming,7
10003,3669,incoming,6
10003,3671,incoming,5
10003,3673,incoming,2
10003,3685,incoming,9
10003,3693,incoming,15
10003,3703,incoming,4
10003,3704,incoming,18
10003,3713,incoming,10
10003,3715,incoming,20
10003,3717,incoming,7
10003,3719,incoming,19
10003,3739,incoming,7
10003,3741,incoming,16
10003,3747,incoming,8
10003,3752,incoming,13
10003,3754,incoming,8
10003,3758,incoming,4
10003,3765,incoming,13
10003,3782,incoming,5
10003,3787,incoming,5
10003,3805,incoming,10
10003,3816,incoming,4
10003,3819,incoming,16
10003,3820,incoming,19
10003,3833,incoming,13
10003,3836,incoming,13
10003,3844,incoming,26
10003,3846,incoming,18
10003,3870,incoming,9
10003,3881,incoming,13
10003,3889,incoming,15
10003,3891,incoming,10
10003,3893,incoming,8
10003,3903,incoming,10
10003,3904,incoming,9
10003,3907,incoming,12
10003,3913,incoming,15
10003,3938,incoming,20
10003,3965,incoming,17
10003,3966,incoming,17
10003,3978,incoming,16
10003,3985,incoming,3
10003,3991,incoming,8
10003,3994,incoming,17
10003,3995,incoming,22
10003,4001,incoming,26
10003,4007,incoming,8
10003,4014,incoming,13
10003,4052,incoming,11
10003,4067,incoming,7
10003,4070,incoming,19
10003,4082,incoming,15
10003,4087,incoming,14
10003,4089,incoming,16
10003,4091,incoming,18
10003,4116,incoming,7
10003,4143,incoming,10
10003,4155,incoming,2
10003,4160,incoming,16
10003,4164,incoming,14
10003,4184,incoming,11
10003,4196,outandin,9
10003,4200,incoming,4
10003,4201,incoming,10
10003,4213,incoming,10
10003,4218,incoming,14
10003,4225,incoming,7
10003,4251,incoming,9
10003,4257,incoming,6
10003,4260,incoming,7
10003,4269,incoming,11
10003,4273,incoming,7
10003,4288,incoming,4
10003,4298,incoming,9
10003,4299,incoming,5
10003,4307,incoming,19
10003,4308,incoming,6
10003,4357,outandin,17
10003,4360,incoming,10
10003,4365,incoming,7
10003,4387,incoming,14
10003,4388,incoming,8
10003,4394,incoming,9
10003,4401,incoming,9
10003,4405,incoming,8
10003,4408,incoming,16
10003,4411,outandin,7
10003,4453,outandin,15
10003,4456,incoming,13
10003,4460,incoming,9
10003,4487,incoming,8
10003,4491,incoming,5
10003,4493,incoming,10
10003,4505,incoming,7
10003,4536,incoming,8
10003,4539,incoming,12
10003,4550,incoming,6
10003,4553,incoming,6
10003,4564,incoming,20
10003,4571,incoming,6
10003,4576,incoming,18
10003,4577,incoming,10
10003,4581,incoming,16
10003,4591,incoming,9
10003,4592,outandin,8
10003,4602,incoming,8
10003,4605,incoming,13
10003,4643,incoming,24
10003,4675,outandin,2
10003,4737,incoming,11
10003,4744,incoming,14
10003,4751,incoming,10
10003,4769,incoming,19
10003,4778,incoming,9
10003,4798,incoming,10
10003,4808,incoming,7
10003,4812,incoming,13
10003,4822,incoming,4
10003,4845,incoming,8
10003,4848,incoming,19
10003,4882,incoming,8
10003,4897,incoming,5
10003,4901,incoming,20
10003,4925,incoming,14
10003,4944,incoming,13
10003,5012,incoming,5
10003,5054,outandin,4
10003,5057,incoming,1
10003,5081,incoming,13
10003,5103,incoming,10
10003,5104,incoming,11
10003,5137,incoming,8
10003,5140,incoming,5
10003,5157,incoming,8
10003,5243,incoming,6
10003,5253,incoming,12
10003,5260,incoming,12
10003,5266,incoming,6
10003,5303,incoming,4
10003,5306,incoming,18
10003,5311,incoming,7
10003,5324,incoming,14
10003,5328,incoming,18
10003,5367,incoming,9
10003,5376,incoming,7
10003,5398,incoming,13
10003,5408,incoming,11
10003,5429,incoming,12
10003,5434,incoming,8
10003,5464,incoming,3
10003,5470,incoming,5
10003,5478,incoming,17
10003,5485,incoming,11
10003,5501,incoming,9
10003,5523,incoming,5
10003,5527,incoming,8
10003,5571,incoming,12
10003,5604,incoming,10
10003,5616,incoming,13
10003,5650,incoming,3
10003,5661,incoming,1
10003,5676,incoming,6
10003,5687,incoming,11
10003,5694,incoming,6
10003,5695,incoming,14
10003,5696,incoming,12
10003,5708,incoming,4
10003,5739,incoming,15
10003,5750,incoming,8
10003,5756,incoming,11
10003,5760,incoming,12
10003,5775,incoming,7
10003,5791,outandin,4
10003,5795,incoming,6
10003,5812,incoming,14
10003,5814,incoming,5
10003,5819,incoming,17
10003,5874,incoming,13
10003,5884,incoming,16
10003,5939,incoming,12
10003,5953,incoming,11
10003,5960,incoming,23
10003,5962,incoming,11
10003,5967,incoming,12
10003,5990,incoming,13
10003,6026,incoming,6
10003,6037,incoming,14
10003,6044,incoming,11
10003,6059,incoming,6
10003,6095,incoming,2
10003,6126,incoming,3
10003,6154,incoming,10
10003,6178,incoming,7
10003,6187,incoming,4
10003,6201,incoming,6
10003,6205,incoming,3
10003,6228,incoming,16
10003,6230,incoming,9
10003,6246,incoming,4
10003,6254,incoming,12
10003,6260,incoming,1
10003,6267,incoming,5
10003,6273,incoming,11
10003,6315,incoming,11
10003,6352,incoming,11
10003,6356,incoming,3
10003,6366,incoming,10
10003,6373,incoming,14
10003,6376,incoming,4
10003,6411,incoming,14
10003,6436,incoming,10
10003,6443,incoming,5
10003,6456,incoming,4
10003,6462,incoming,9
10003,6484,incoming,10
10003,6497,incoming,3
10003,6524,incoming,9
10003,6569,outandin,12
10003,6573,incoming,2
10003,6603,incoming,12
10003,6672,incoming,1
10003,6695,incoming,2
10003,6725,incoming,6
10003,6764,outandin,18
10003,6784,incoming,16
10003,6800,incoming,17
10003,6832,incoming,8
10003,6852,incoming,9
10003,6900,incoming,7
10003,6931,incoming,8
10003,6951,incoming,1
10003,6971,incoming,4
10003,7048,incoming,6
10003,7063,incoming,2
10003,7099,incoming,7
10003,7106,incoming,7
10003,7144,incoming,8
10003,7170,incoming,9
10003,7175,incoming,5
10003,7181,incoming,10
10003,7182,incoming,2
10003,7184,incoming,1
10003,7198,incoming,7
10003,7202,incoming,4
10003,7208,incoming,9
10003,7211,incoming,11
10003,7215,incoming,10
10003,7217,incoming,7
10003,7220,incoming,13
10003,7231,incoming,12
10003,7243,incoming,12
10003,7255,incoming,6
10003,7268,incoming,4
10003,7302,incoming,6
10003,7304,incoming,11
10003,7306,incoming,5
10003,7312,incoming,6
10003,7346,incoming,12
10003,7359,incoming,5
10003,7362,incoming,1
10003,7378,incoming,4
10003,7379,incoming,9
10003,7392,outandin,8
10003,7407,incoming,9
10003,7410,incoming,8
10003,7418,incoming,4
10003,7425,incoming,6
10003,7440,incoming,11
10003,7447,incoming,8
10003,7449,incoming,8
10003,7469,incoming,3
10003,7474,incoming,3
10003,7493,incoming,2
10003,7527,incoming,10
10003,7530,incoming,6
10003,7564,incoming,7
10003,7670,incoming,4
10003,7678,incoming,6
10003,7687,incoming,5
10003,7717,incoming,6
10003,7725,incoming,6
10003,7753,incoming,9
10003,7757,incoming,4
10003,7785,incoming,6
10003,7801,incoming,8
10003,7806,outandin,5
10003,7813,incoming,7
10003,7833,incoming,5
10003,7845,incoming,5
10003,7846,incoming,15
10003,7854,incoming,3
10003,7902,incoming,6
10003,7904,incoming,6
10003,7908,incoming,4
10003,7943,incoming,5
10003,7954,incoming,2
10003,7968,incoming,7
10003,7991,incoming,2
10003,8035,incoming,7
10003,8069,incoming,1
10003,8071,incoming,7
10003,8091,incoming,4
10003,8107,incoming,4
10003,8109,outandin,5
10003,8129,incoming,3
10003,8131,incoming,4
10003,8165,incoming,3
10003,8169,incoming,6
10003,8184,incoming,3
10003,8197,incoming,6
10003,8203,outandin,7
10003,8209,incoming,4
10003,8218,incoming,4
10003,8245,incoming,1
10003,8252,incoming,4
10003,8255,incoming,5
10003,8266,incoming,1
10003,8275,incoming,3
10003,8285,incoming,1
10003,8302,incoming,2
10003,8303,incoming,3
10003,8320,incoming,3
10003,8327,incoming,3
10003,8344,incoming,5
10003,8348,incoming,1
10003,8362,incoming,3
10003,8366,incoming,1
10003,8367,incoming,3
10003,8368,incoming,3
10003,8374,incoming,4
10003,8378,incoming,4
10003,8385,incoming,4
10003,8407,incoming,2
10003,8424,incoming,2
10003,8427,incoming,2
10003,8442,incoming,6
10003,8446,incoming,1
10003,8455,incoming,2
10003,8459,incoming,2
10003,8461,incoming,5
10003,8480,incoming,1
10003,8486,incoming,1
10003,8497,incoming,1
10003,8499,incoming,2
10003,8503,incoming,1
10003,8504,incoming,2
10003,8510,incoming,1
10003,8527,incoming,2
10003,8530,incoming,1
10003,8533,incoming,1
10003,8534,incoming,2
10003,8537,incoming,2
10003,8561,incoming,1
10033,10,incoming,24
10033,25,incoming,1
10033,52,incoming,21
10033,84,outandin,3
10033,85,incoming,3
10033,105,incoming,1
10033,106,incoming,19
10033,111,outandin,5
10033,127,incoming,5
10033,131,incoming,21
10033,133,outandin,4
10033,135,incoming,52
10033,137,incoming,6
10033,139,incoming,2
10033,158,incoming,3
10033,161,outandin,1
10033,166,outandin,17
10033,168,incoming,4
10033,175,incoming,3
10033,176,incoming,25
10033,205,incoming,17
10033,207,outandin,8
10033,209,outandin,6
10033,217,incoming,2
10033,219,incoming,7
10033,220,incoming,1
10033,230,incoming,15
10033,231,incoming,4
10033,254,outandin,1
10033,259,outandin,2
10033,269,incoming,11
10033,284,outandin,10
10033,301,incoming,2
10033,312,incoming,5
10033,319,incoming,21
10033,328,incoming,13
10033,337,incoming,19
10033,341,incoming,20
10033,343,incoming,18
10033,348,incoming,3
10033,349,incoming,11
10033,350,incoming,9
10033,351,incoming,16
10033,363,incoming,6
10033,391,incoming,1
10033,396,incoming,11
10033,404,outandin,1
10033,412,outandin,1
10033,413,incoming,39
10033,426,incoming,5
10033,429,incoming,14
10033,436,incoming,34
10033,445,incoming,19
10033,446,outandin,17
10033,447,incoming,5
10033,448,incoming,5
10033,451,incoming,5
10033,460,incoming,29
10033,475,incoming,4
10033,476,incoming,1
10033,484,outandin,1
10033,488,outandin,2
10033,497,outandin,3
10033,498,incoming,12
10033,501,outandin,2
10033,506,incoming,21
10033,512,incoming,8
10033,519,outandin,4
10033,543,incoming,36
10033,551,incoming,5
10033,556,incoming,6
10033,557,outandin,1
10033,560,incoming,6
10033,568,incoming,7
10033,573,outandin,1
10033,585,incoming,7
10033,617,incoming,1
10033,626,incoming,23
10033,628,outandin,23
10033,630,incoming,7
10033,640,outandin,38
10033,643,outandin,1
10033,645,incoming,7
10033,672,incoming,13
10033,681,outandin,10
10033,683,incoming,2
10033,684,incoming,9
10033,688,incoming,14
10033,691,outandin,2
10033,700,incoming,6
10033,701,incoming,3
10033,704,outandin,1
10033,711,outandin,1
10033,713,outandin,1
10033,718,outandin,30
10033,720,outandin,1
10033,733,incoming,2
10033,735,incoming,8
10033,749,incoming,51
10033,758,incoming,2
10033,762,incoming,9
10033,765,outandin,2
10033,770,incoming,5
10033,772,incoming,4
10033,781,outandin,1
10033,785,incoming,37
10033,788,outandin,4
10033,800,incoming,8
10033,808,outandin,3
10033,813,incoming,10
10033,818,outandin,31
10033,824,incoming,106
10033,831,incoming,15
10033,834,incoming,5
10033,842,outandin,3
10033,844,incoming,7
10033,846,incoming,5
10033,855,incoming,4
10033,860,outandin,7
10033,862,outandin,6
10033,873,outandin,1
10033,884,outandin,1
10033,886,outandin,1
10033,890,incoming,4
10033,901,incoming,37
10033,905,incoming,6
10033,930,incoming,2
10033,931,incoming,10
10033,941,incoming,2
10033,942,outandin,1
10033,943,incoming,47
10033,949,incoming,2
10033,951,incoming,1
10033,953,outandin,1
10033,960,incoming,12
10033,977,incoming,1
10033,978,incoming,1
10033,980,incoming,4
10033,981,incoming,11
10033,994,incoming,7
10033,1006,incoming,5
10033,1010,incoming,10
10033,1024,outandin,2
10033,1026,outandin,1
10033,1033,outandin,6
10033,1038,incoming,3
10033,1042,incoming,22
10033,1043,incoming,5
10033,1044,incoming,23
10033,1046,incoming,3
10033,1047,outandin,6
10033,1048,incoming,1
10033,1056,incoming,11
10033,1060,outandin,1
10033,1062,incoming,11
10033,1092,incoming,1
10033,1095,incoming,6
10033,1105,incoming,4
10033,1110,outandin,1
10033,1115,incoming,12
10033,1120,outandin,1
10033,1132,outandin,2
10033,1152,outandin,1
10033,1154,outandin,1
10033,1157,incoming,8
10033,1160,incoming,3
10033,1164,incoming,4
10033,1165,outandin,1
10033,1169,outandin,8
10033,1189,incoming,41
10033,1194,outandin,9
10033,1210,outandin,4
10033,1219,outandin,1
10033,1222,outandin,1
10033,1234,incoming,1
10033,1238,incoming,63
10033,1239,incoming,4
10033,1248,outandin,3
10033,1253,outandin,10
10033,1256,incoming,2
10033,1257,outandin,34
10033,1258,outandin,1
10033,1264,outandin,3
10033,1266,incoming,3
10033,1281,outandin,3
10033,1286,incoming,1
10033,1290,outandin,1
10033,1293,incoming,1
10033,1305,incoming,29
10033,1308,incoming,3
10033,1309,incoming,33
10033,1342,outandin,1
10033,1346,outandin,2
10033,1349,incoming,10
10033,1350,incoming,3
10033,1353,incoming,34
10033,1361,incoming,7
10033,1375,incoming,3
10033,1390,outandin,1
10033,1396,outandin,1
10033,1398,outandin,121
10033,1402,outandin,1
10033,1404,outandin,7
10033,1428,incoming,5
10033,1434,incoming,21
10033,1439,incoming,13
10033,1442,outandin,4
10033,1456,outandin,2
10033,1468,outandin,9
10033,1487,incoming,15
10033,1496,incoming,1
10033,1497,incoming,5
10033,1506,incoming,8
10033,1509,incoming,13
10033,1527,incoming,3
10033,1530,incoming,11
10033,1531,incoming,3
10033,1540,outandin,1
10033,1542,incoming,3
10033,1546,outandin,2
10033,1547,incoming,2
10033,1551,outandin,12
10033,1557,outandin,12
10033,1568,outandin,1
10033,1574,incoming,5
10033,1580,outandin,2
10033,1583,incoming,5
10033,1593,incoming,6
10033,1598,incoming,1
10033,1633,incoming,18
10033,1645,incoming,10
10033,1653,outandin,2
10033,1657,incoming,10
10033,1658,outandin,29
10033,1674,incoming,1
10033,1682,incoming,2
10033,1684,incoming,2
10033,1695,outandin,50
10033,1702,incoming,1
10033,1705,outandin,3
10033,1720,incoming,10
10033,1724,incoming,1
10033,1731,incoming,7
10033,1734,incoming,3
10033,1745,incoming,11
10033,1746,outandin,2
10033,1756,incoming,16
10033,1768,incoming,1
10033,1770,outandin,1
10033,1774,incoming,4
10033,1777,outandin,2
10033,1786,incoming,5
10033,1792,outandin,1
10033,1796,incoming,2
10033,1799,incoming,4
10033,1810,incoming,25
10033,1811,incoming,23
10033,1830,incoming,2
10033,1848,outandin,28
10033,1851,incoming,9
10033,1856,incoming,5
10033,1866,incoming,2
10033,1880,incoming,1
10033,1889,incoming,1
10033,1893,incoming,15
10033,1895,incoming,8
10033,1897,incoming,12
10033,1911,outandin,1
10033,1919,incoming,13
10033,1931,incoming,10
10033,1936,outandin,14
10033,1956,incoming,2
10033,1962,outandin,2
10033,1966,incoming,11
10033,1970,incoming,3
10033,1973,outandin,3
10033,1988,incoming,46
10033,1989,incoming,4
10033,1991,outandin,4
10033,1995,incoming,6
10033,1996,incoming,32
10033,1998,incoming,22
10033,2008,incoming,15
10033,2010,incoming,15
10033,2033,outandin,1
10033,2040,incoming,2
10033,2052,outandin,7
10033,2053,incoming,8
10033,2055,outandin,14
10033,2058,incoming,20
10033,2065,outandin,1
10033,2070,outandin,7
10033,2071,incoming,4
10033,2073,incoming,23
10033,2091,incoming,18
10033,2101,outandin,4
10033,2103,outandin,6
10033,2121,outandin,1
10033,2122,incoming,7
10033,2140,incoming,2
10033,2145,incoming,7
10033,2151,outandin,57
10033,2162,incoming,63
10033,2174,incoming,31
10033,2178,incoming,12
10033,2188,outandin,1
10033,2195,incoming,10
10033,2197,incoming,8
10033,2202,outandin,42
10033,2207,incoming,15
10033,2212,incoming,7
10033,2214,incoming,8
10033,2218,incoming,14
10033,2244,incoming,20
10033,2256,incoming,2
10033,2261,outandin,2
10033,2267,incoming,1
10033,2268,incoming,4
10033,2269,incoming,11
10033,2272,incoming,4
10033,2289,incoming,3
10033,2294,incoming,4
10033,2304,outandin,2
10033,2306,incoming,3
10033,2311,incoming,5
10033,2318,outandin,6
10033,2327,outandin,1
10033,2346,incoming,23
10033,2351,incoming,11
10033,2356,outandin,2
10033,2364,outandin,2
10033,2378,incoming,13
10033,2388,outandin,9
10033,2391,outandin,41
10033,2402,incoming,9
10033,2422,outandin,1
10033,2430,incoming,4
10033,2433,outandin,8
10033,2439,incoming,21
10033,2459,outandin,2
10033,2475,incoming,4
10033,2482,outandin,1
10033,2501,incoming,8
10033,2511,outandin,1
10033,2524,incoming,7
10033,2527,incoming,14
10033,2541,outandin,1
10033,2547,incoming,3
10033,2549,outandin,2
10033,2552,incoming,1
10033,2556,outandin,5
10033,2558,incoming,39
10033,2568,incoming,3
10033,2575,incoming,12
10033,2584,outandin,1
10033,2589,outandin,8
10033,2600,incoming,21
10033,2610,incoming,9
10033,2636,outandin,14
10033,2639,outandin,1
10033,2644,incoming,11
10033,2650,incoming,6
10033,2663,incoming,3
10033,2667,incoming,8
10033,2669,incoming,1
10033,2678,incoming,18
10033,2688,incoming,26
10033,2695,outandin,1
10033,2713,incoming,6
10033,2717,outandin,1
10033,2718,incoming,7
10033,2726,outandin,13
10033,2737,outandin,5
10033,2751,incoming,8
10033,2766,incoming,13
10033,2768,incoming,30
10033,2769,incoming,8
10033,2799,incoming,3
10033,2804,incoming,4
10033,2825,incoming,1
10033,2826,incoming,18
10033,2833,incoming,7
10033,2840,incoming,1
10033,2845,incoming,4
10033,2858,incoming,17
10033,2866,incoming,5
10033,2870,outandin,1
10033,2875,incoming,17
10033,2887,outandin,2
10033,2894,incoming,2
10033,2908,outandin,47
10033,2921,incoming,5
10033,2923,outandin,2
10033,2941,incoming,1
10033,2942,incoming,2
10033,2944,incoming,14
10033,2951,incoming,8
10033,2984,incoming,1
10033,2992,incoming,1
10033,2998,outandin,2
10033,3013,outandin,4
10033,3014,incoming,3
10033,3037,outandin,4
10033,3038,incoming,6
10033,3046,incoming,16
10033,3055,outandin,1
10033,3070,incoming,9
10033,3073,outandin,1
10033,3081,outandin,1
10033,3084,outandin,1
10033,3103,incoming,9
10033,3116,outandin,1
10033,3128,outandin,1
10033,3135,outandin,2
10033,3141,outandin,1
10033,3142,outandin,2
10033,3144,incoming,1
10033,3149,outandin,5
10033,3153,incoming,9
10033,3155,incoming,3
10033,3157,incoming,3
10033,3163,outandin,5
10033,3171,incoming,2
10033,3183,outandin,3
10033,3210,incoming,36
10033,3222,outandin,1
10033,3226,outandin,5
10033,3231,incoming,10
10033,3239,incoming,3
10033,3243,incoming,17
10033,3253,outandin,2
10033,3254,incoming,14
10033,3256,outandin,3
10033,3264,outandin,53
10033,3271,incoming,1
10033,3292,incoming,1
10033,3298,outandin,1
10033,3316,incoming,4
10033,3321,outandin,2
10033,3332,incoming,9
10033,3342,outandin,3
10033,3365,incoming,7
10033,3372,incoming,4
10033,3379,incoming,13
10033,3393,incoming,6
10033,3398,outandin,2
10033,3399,incoming,6
10033,3406,incoming,3
10033,3408,incoming,5
10033,3418,outandin,1
10033,3425,incoming,9
10033,3436,incoming,1
10033,3443,outandin,1
10033,3454,incoming,1
10033,3465,outandin,2
10033,3467,incoming,38
10033,3477,incoming,2
10033,3483,outandin,3
10033,3505,incoming,8
10033,3506,incoming,10
10033,3513,incoming,40
10033,3515,incoming,5
10033,3517,incoming,7
10033,3531,incoming,6
10033,3536,outandin,2
10033,3552,incoming,8
10033,3559,incoming,3
10033,3560,outandin,1
10033,3567,incoming,7
10033,3572,incoming,2
10033,3589,outandin,1
10033,3598,incoming,2
10033,3621,incoming,2
10033,3627,incoming,8
10033,3651,incoming,9
10033,3652,incoming,9
10033,3662,incoming,24
10033,3666,outandin,2
10033,3680,incoming,1
10033,3687,incoming,4
10033,3697,incoming,7
10033,3710,incoming,1
10033,3711,incoming,1
10033,3716,outandin,12
10033,3720,incoming,6
10033,3722,incoming,6
10033,3724,incoming,29
10033,3730,incoming,16
10033,3732,incoming,3
10033,3734,incoming,5
10033,3740,outandin,4
10033,3744,incoming,11
10033,3751,incoming,5
10033,3770,incoming,3
10033,3790,incoming,5
10033,3796,incoming,22
10033,3801,incoming,2
10033,3804,outandin,2
10033,3823,incoming,7
10033,3830,incoming,3
10033,3839,incoming,1
10033,3841,incoming,6
10033,3842,outandin,1
10033,3843,outandin,2
10033,3854,incoming,7
10033,3858,incoming,4
10033,3859,incoming,9
10033,3862,outandin,9
10033,3864,incoming,10
10033,3871,incoming,6
10033,3874,incoming,6
10033,3897,outandin,3
10033,3899,incoming,10
10033,3914,outandin,1
10033,3916,incoming,2
10033,3919,incoming,5
10033,3925,outandin,5
10033,3927,incoming,4
10033,3933,incoming,8
10033,3944,outandin,6
10033,3945,incoming,13
10033,3952,incoming,6
10033,3972,incoming,1
10033,3977,incoming,2
10033,3989,incoming,16
10033,3996,incoming,6
10033,4002,incoming,3
10033,4019,incoming,8
10033,4043,incoming,1
10033,4045,outandin,1
10033,4048,outandin,3
10033,4055,incoming,1
10033,4057,incoming,4
10033,4068,outandin,1
10033,4075,outandin,3
10033,4076,incoming,2
10033,4078,incoming,9
10033,4085,incoming,2
10033,4094,incoming,3
10033,4096,incoming,11
10033,4097,incoming,15
10033,4098,outandin,3
10033,4099,incoming,21
10033,4103,incoming,6
10033,4105,incoming,4
10033,4109,incoming,8
10033,4128,outandin,3
10033,4132,incoming,3
10033,4134,outandin,5
10033,4135,outandin,3
10033,4139,outandin,22
10033,4159,incoming,11
10033,4167,outandin,29
10033,4171,incoming,12
10033,4192,incoming,20
10033,4194,outandin,19
10033,4198,incoming,24
10033,4205,outandin,2
10033,4222,outandin,1
10033,4223,outandin,8
10033,4231,incoming,15
10033,4238,outandin,3
10033,4240,outandin,1
10033,4242,incoming,3
10033,4249,incoming,12
10033,4259,incoming,7
10033,4275,outandin,3
10033,4292,outandin,1
10033,4302,outandin,10
10033,4304,outandin,2
10033,4313,outandin,4
10033,4321,incoming,3
10033,4325,incoming,1
10033,4327,incoming,47
10033,4329,incoming,27
10033,4339,incoming,32
10033,4345,incoming,9
10033,4368,incoming,6
10033,4377,incoming,6
10033,4382,outandin,1
10033,4385,incoming,2
10033,4390,outandin,1
10033,4395,outandin,21
10033,4431,incoming,1
10033,4433,incoming,6
10033,4439,outandin,1
10033,4450,incoming,4
10033,4457,incoming,5
10033,4464,outandin,1
10033,4497,incoming,4
10033,4498,incoming,13
10033,4502,outandin,2
10033,4532,outandin,1
10033,4537,incoming,5
10033,4558,outandin,3
10033,4568,incoming,3
10033,4574,incoming,11
10033,4584,outandin,1
10033,4588,incoming,2
10033,4589,incoming,5
10033,4597,incoming,9
10033,4607,incoming,8
10033,4609,incoming,3
10033,4613,outandin,1
10033,4614,outandin,1
10033,4619,outandin,1
10033,4626,incoming,2
10033,4628,incoming,6
10033,4637,outandin,3
10033,4640,incoming,8
10033,4641,incoming,3
10033,4644,incoming,45
10033,4648,incoming,11
10033,4650,incoming,2
10033,4690,incoming,1
10033,4694,incoming,2
10033,4695,incoming,3
10033,4696,outandin,3
10033,4717,incoming,2
10033,4718,incoming,6
10033,4739,incoming,16
10033,4743,incoming,1
10033,4750,incoming,6
10033,4757,incoming,23
10033,4760,incoming,1
10033,4771,outandin,10
10033,4773,incoming,10
10033,4783,incoming,8
10033,4789,incoming,6
10033,4794,incoming,2
10033,4804,outandin,1
10033,4814,incoming,6
10033,4820,incoming,1
10033,4832,outandin,1
10033,4857,incoming,4
10033,4861,incoming,1
10033,4864,outandin,1
10033,4881,incoming,5
10033,4892,outandin,2
10033,4893,incoming,7
10033,4895,incoming,7
10033,4906,incoming,3
10033,4915,outandin,4
10033,4916,outandin,1
10033,4924,incoming,11
10033,4928,outandin,4
10033,4934,outandin,2
10033,4945,incoming,4
10033,4946,incoming,13
10033,4951,incoming,4
10033,4957,outandin,4
10033,4967,incoming,3
10033,4981,incoming,9
10033,4992,incoming,1
10033,4994,incoming,5
10033,5004,incoming,28
10033,5013,incoming,4
10033,5016,incoming,2
10033,5021,outandin,7
10033,5029,outandin,3
10033,5033,incoming,1
10033,5036,incoming,15
10033,5037,outandin,1
10033,5050,outandin,2
10033,5071,incoming,2
10033,5072,outandin,1
10033,5075,incoming,38
10033,5076,incoming,8
10033,5090,incoming,7
10033,5107,incoming,3
10033,5113,outandin,5
10033,5130,incoming,10
10033,5138,incoming,7
10033,5148,outandin,2
10033,5150,outandin,1
10033,5156,incoming,7
10033,5158,incoming,8
10033,5186,incoming,1
10033,5192,incoming,3
10033,5203,incoming,12
10033,5212,incoming,6
10033,5219,incoming,1
10033,5221,incoming,13
10033,5223,outandin,2
10033,5226,incoming,8
10033,5227,incoming,4
10033,5229,outandin,1
10033,5236,incoming,5
10033,5240,outandin,4
10033,5242,incoming,1
10033,5268,incoming,5
10033,5270,outandin,1
10033,5295,incoming,9
10033,5310,outandin,2
10033,5322,incoming,5
10033,5330,incoming,6
10033,5334,incoming,22
10033,5338,incoming,7
10033,5348,incoming,7
10033,5353,outandin,5
10033,5356,outandin,1
10033,5362,incoming,6
10033,5363,incoming,17
10033,5368,outandin,2
10033,5392,incoming,23
10033,5416,outandin,1
10033,5426,incoming,1
10033,5433,incoming,4
10033,5449,incoming,20
10033,5450,incoming,11
10033,5453,incoming,3
10033,5460,incoming,1
10033,5497,incoming,4
10033,5500,outandin,2
10033,5507,outandin,1
10033,5512,incoming,7
10033,5524,incoming,17
10033,5533,incoming,4
10033,5534,outandin,4
10033,5536,incoming,5
10033,5556,incoming,8
10033,5565,incoming,6
10033,5595,outandin,2
10033,5597,outandin,9
10033,5601,incoming,1
10033,5627,incoming,3
10033,5659,outandin,2
10033,5662,incoming,4
10033,5666,outandin,1
10033,5690,incoming,1
10033,5709,outandin,4
10033,5714,incoming,8
10033,5720,outandin,1
10033,5725,incoming,4
10033,5744,outandin,2
10033,5747,outandin,1
10033,5749,outandin,4
10033,5751,incoming,18
10033,5758,incoming,48
10033,5787,outandin,2
10033,5793,incoming,18
10033,5820,outandin,1
10033,5826,incoming,1
10033,5831,incoming,6
10033,5833,incoming,2
10033,5839,outandin,2
10033,5844,outandin,4
10033,5849,outandin,6
10033,5850,outandin,1
10033,5854,incoming,28
10033,5860,outandin,1
10033,5866,incoming,1
10033,5875,incoming,11
10033,5883,incoming,2
10033,5902,incoming,3
10033,5908,incoming,18
10033,5913,incoming,1
10033,5916,incoming,13
10033,5918,outandin,27
10033,5922,incoming,1
10033,5930,incoming,2
10033,5940,incoming,6
10033,5944,outandin,1
10033,5950,incoming,8
10033,5957,incoming,8
10033,5959,outandin,1
10033,5976,incoming,1
10033,5980,outandin,1
10033,6000,outandin,1
10033,6005,outandin,3
10033,6010,incoming,1
10033,6021,outandin,7
10033,6023,incoming,6
10033,6030,incoming,3
10033,6057,incoming,2
10033,6067,outandin,24
10033,6068,outandin,60
10033,6073,incoming,23
10033,6077,incoming,9
10033,6089,incoming,8
10033,6091,outandin,14
10033,6094,incoming,5
10033,6096,incoming,6
10033,6098,incoming,10
10033,6106,incoming,8
10033,6112,incoming,2
10033,6119,incoming,8
10033,6127,incoming,7
10033,6128,incoming,1
10033,6129,incoming,16
10033,6131,outandin,1
10033,6141,outandin,2
10033,6164,incoming,1
10033,6165,incoming,18
10033,6168,incoming,15
10033,6179,incoming,5
10033,6185,incoming,6
10033,6192,incoming,17
10033,6215,incoming,4
10033,6217,outandin,4
10033,6283,incoming,24
10033,6286,incoming,4
10033,6289,incoming,2
10033,6290,incoming,2
10033,6295,incoming,4
10033,6321,incoming,5
10033,6324,incoming,8
10033,6339,incoming,6
10033,6351,outandin,2
10033,6355,incoming,8
10033,6360,incoming,4
10033,6371,incoming,1
10033,6389,incoming,9
10033,6394,incoming,7
10033,6395,incoming,3
10033,6406,incoming,18
10033,6416,outandin,42
10033,6417,incoming,2
10033,6422,incoming,1
10033,6438,incoming,17
10033,6448,incoming,2
10033,6461,outandin,1
10033,6463,incoming,1
10033,6468,incoming,2
10033,6509,incoming,1
10033,6513,incoming,6
10033,6527,incoming,1
10033,6533,outandin,3
10033,6535,incoming,1
10033,6538,incoming,3
10033,6540,incoming,1
10033,6543,outandin,6
10033,6547,outandin,3
10033,6550,incoming,15
10033,6554,outandin,1
10033,6558,outandin,2
10033,6562,incoming,16
10033,6565,incoming,4
10033,6568,incoming,20
10033,6572,incoming,17
10033,6574,incoming,2
10033,6582,outandin,3
10033,6594,incoming,14
10033,6595,incoming,4
10033,6598,incoming,2
10033,6606,outandin,1
10033,6611,incoming,8
10033,6612,incoming,1
10033,6617,outandin,1
10033,6626,incoming,4
10033,6629,incoming,1
10033,6640,outandin,4
10033,6649,incoming,2
10033,6653,outandin,27
10033,6654,outandin,1
10033,6655,incoming,5
10033,6658,incoming,2
10033,6671,incoming,1
10033,6687,incoming,8
10033,6689,incoming,93
10033,6693,outandin,3
10033,6701,incoming,4
10033,6716,incoming,1
10033,6719,outandin,5
10033,6728,incoming,2
10033,6732,incoming,15
10033,6737,incoming,2
10033,6746,incoming,4
10033,6748,incoming,3
10033,6752,outandin,3
10033,6754,outandin,1
10033,6761,incoming,3
10033,6767,incoming,4
10033,6768,incoming,1
10033,6771,incoming,2
10033,6787,outandin,23
10033,6790,incoming,14
10033,6810,incoming,2
10033,6817,incoming,4
10033,6826,incoming,8
10033,6828,incoming,5
10033,6841,incoming,1
10033,6846,outandin,2
10033,6847,outandin,24
10033,6855,outandin,5
10033,6869,incoming,5
10033,6872,incoming,2
10033,6879,incoming,16
10033,6888,outandin,10
10033,6901,outandin,4
10033,6902,incoming,1
10033,6918,outandin,1
10033,6968,incoming,4
10033,6969,incoming,9
10033,6980,incoming,7
10033,6994,outandin,5
10033,7040,incoming,9
10033,7042,outandin,2
10033,7044,incoming,2
10033,7057,outandin,1
10033,7059,incoming,4
10033,7061,incoming,1
10033,7062,incoming,3
10033,7094,incoming,9
10033,7110,incoming,6
10033,7113,incoming,4
10033,7116,incoming,7
10033,7128,incoming,11
10033,7129,incoming,21
10033,7136,incoming,2
10033,7139,outandin,1
10033,7152,outandin,3
10033,7154,outandin,1
10033,7168,incoming,7
10033,7171,outandin,5
10033,7189,outandin,2
10033,7199,incoming,6
10033,7209,outandin,2
10033,7214,incoming,2
10033,7218,outandin,1
10033,7224,incoming,8
10033,7226,incoming,3
10033,7244,outandin,1
10033,7247,outandin,4
10033,7256,incoming,5
10033,7257,outandin,1
10033,7263,outandin,5
10033,7280,incoming,21
10033,7283,incoming,5
10033,7289,outandin,1
10033,7309,incoming,4
10033,7337,incoming,1
10033,7349,outandin,17
10033,7355,incoming,8
10033,7356,incoming,1
10033,7383,incoming,1
10033,7392,outandin,1
10033,7413,outandin,8
10033,7414,incoming,15
10033,7415,incoming,1
10033,7422,incoming,8
10033,7426,incoming,5
10033,7427,incoming,4
10033,7436,incoming,8
10033,7448,outandin,3
10033,7451,incoming,2
10033,7453,incoming,3
10033,7455,incoming,5
10033,7459,incoming,11
10033,7460,incoming,14
10033,7464,incoming,7
10033,7468,incoming,29
10033,7481,outandin,1
10033,7482,outandin,2
10033,7486,incoming,2
10033,7492,incoming,8
10033,7496,outandin,1
10033,7503,incoming,2
10033,7505,incoming,10
10033,7506,outandin,1
10033,7507,outandin,1
10033,7517,outandin,2
10033,7519,incoming,1
10033,7525,outandin,1
10033,7529,incoming,11
10033,7537,incoming,2
10033,7540,outandin,1
10033,7544,outandin,3
10033,7547,incoming,7
10033,7565,incoming,1
10033,7571,incoming,1
10033,7573,incoming,2
10033,7580,outandin,1
10033,7586,outandin,3
10033,7595,incoming,17
10033,7598,outandin,2
10033,7607,incoming,2
10033,7630,outandin,3
10033,7634,incoming,3
10033,7641,incoming,4
10033,7645,outandin,1
10033,7652,outandin,10
10033,7692,incoming,5
10033,7694,incoming,2
10033,7696,outandin,1
10033,7709,outandin,1
10033,7712,incoming,10
10033,7760,incoming,22
10033,7763,incoming,9
10033,7795,outandin,5
10033,7797,incoming,14
10033,7803,outandin,1
10033,7804,incoming,4
10033,7814,outandin,1
10033,7819,incoming,3
10033,7821,incoming,6
10033,7822,incoming,3
10033,7831,incoming,2
10033,7835,incoming,8
10033,7836,incoming,1
10033,7840,outandin,3
10033,7844,incoming,3
10033,7848,incoming,4
10033,7850,outandin,1
10033,7862,incoming,5
10033,7863,incoming,1
10033,7871,outandin,1
10033,7876,incoming,1
10033,7878,outandin,2
10033,7885,incoming,1
10033,7889,incoming,1
10033,7891,outandin,1
10033,7896,incoming,1
10033,7901,incoming,13
10033,7905,incoming,3
10033,7911,incoming,10
10033,7914,incoming,4
10033,7922,incoming,5
10033,7923,incoming,2
10033,7925,outandin,1
10033,7926,incoming,4
10033,7928,incoming,4
10033,7932,incoming,3
10033,7942,incoming,6
10033,7963,outandin,2
10033,7970,outandin,2
10033,7971,incoming,13
10033,7974,incoming,3
10033,7976,incoming,2
10033,7989,outandin,5
10033,7995,incoming,40
10033,8002,outandin,3
10033,8006,incoming,1
10033,8009,incoming,17
10033,8015,outandin,4
10033,8019,incoming,2
10033,8021,outandin,1
10033,8023,outandin,2
10033,8024,incoming,11
10033,8026,incoming,5
10033,8037,incoming,1
10033,8054,incoming,1
10033,8075,incoming,2
10033,8077,incoming,1
10033,8078,incoming,2
10033,8080,incoming,2
10033,8122,incoming,16
10033,8134,incoming,7
10033,8135,incoming,3
10033,8151,incoming,11
10033,8167,incoming,1
10033,8178,incoming,1
10033,8192,incoming,1
10033,8193,outandin,1
10033,8214,outandin,2
10033,8215,incoming,4
10033,8229,incoming,3
10033,8232,incoming,6
10033,8235,incoming,7
10033,8238,outandin,3
10033,8259,incoming,1
10033,8265,incoming,2
10033,8272,incoming,1
10033,8273,incoming,4
10033,8281,incoming,8
10033,8287,incoming,1
10033,8294,incoming,17
10033,8308,incoming,3
10033,8312,incoming,5
10033,8330,incoming,1
10033,8333,incoming,2
10033,8336,incoming,6
10033,8340,incoming,4
10033,8343,incoming,4
10033,8351,incoming,1
10033,8359,outandin,2
10033,8360,incoming,1
10033,8369,outandin,6
10033,8396,incoming,1
10033,8398,incoming,4
10033,8404,incoming,1
10033,8408,incoming,3
10033,8413,incoming,11
10033,8420,incoming,3
10033,8422,incoming,11
10033,8425,incoming,1
10033,8428,outandin,5
10033,8429,outandin,1
10033,8430,outandin,2
10033,8439,incoming,7
10033,8448,incoming,12
10033,8460,incoming,2
10033,8468,incoming,4
10033,8469,outandin,1
10033,8492,outandin,3
10033,8494,incoming,7
10033,8501,incoming,1
10033,8518,incoming,2
10033,8520,outandin,1
10033,8535,incoming,4
10033,8541,incoming,1
10007,8,incoming,10
10007,14,incoming,197
10007,22,outandin,5
10007,28,incoming,28
10007,45,incoming,4
10007,48,outandin,1
10007,62,incoming,9
10007,74,incoming,12
10007,75,incoming,78
10007,85,incoming,3
10007,89,incoming,1
10007,97,incoming,10
10007,109,incoming,27
10007,133,incoming,53
10007,142,incoming,12
10007,156,incoming,25
10007,173,incoming,94
10007,189,incoming,16
10007,190,incoming,44
10007,196,incoming,19
10007,206,incoming,11
10007,220,outandin,1
10007,241,incoming,55
10007,242,incoming,34
10007,252,incoming,18
10007,267,incoming,5
10007,271,incoming,35
10007,287,incoming,28
10007,294,incoming,10
10007,315,incoming,29
10007,318,incoming,34
10007,332,outandin,72
10007,345,incoming,3
10007,352,incoming,47
10007,356,incoming,102
10007,371,incoming,9
10007,372,incoming,9
10007,382,incoming,3
10007,389,incoming,15
10007,397,incoming,6
10007,401,incoming,9
10007,406,incoming,16
10007,414,incoming,8
10007,416,incoming,20
10007,432,incoming,45
10007,437,incoming,48
10007,438,incoming,13
10007,478,incoming,42
10007,492,incoming,8
10007,503,outandin,1
10007,532,incoming,29
10007,542,incoming,11
10007,562,incoming,14
10007,573,outandin,4
10007,579,outandin,1
10007,582,incoming,11
10007,583,incoming,82
10007,588,incoming,1
10007,593,incoming,20
10007,596,incoming,6
10007,601,incoming,38
10007,609,incoming,8
10007,620,incoming,14
10007,621,incoming,12
10007,631,incoming,134
10007,633,incoming,63
10007,648,incoming,19
10007,649,incoming,6
10007,661,incoming,10
10007,673,incoming,10
10007,678,incoming,6
10007,700,incoming,2
10007,704,incoming,12
10007,706,incoming,12
10007,709,incoming,15
10007,710,incoming,44
10007,717,incoming,8
10007,736,incoming,18
10007,742,incoming,9
10007,746,incoming,24
10007,753,incoming,8
10007,774,outandin,5
10007,776,incoming,24
10007,789,incoming,15
10007,790,incoming,4
10007,797,incoming,22
10007,801,incoming,18
10007,802,incoming,2
10007,833,incoming,141
10007,835,outandin,8
10007,837,incoming,120
10007,861,outandin,3
10007,862,outandin,1
10007,863,incoming,21
10007,870,incoming,23
10007,888,incoming,8
10007,893,incoming,2
10007,903,incoming,2
10007,904,incoming,33
10007,913,incoming,43
10007,917,incoming,22
10007,933,incoming,15
10007,946,incoming,11
10007,957,incoming,39
10007,966,incoming,11
10007,969,incoming,14
10007,973,outandin,4
10007,977,incoming,8
10007,990,incoming,8
10007,1011,incoming,18
10007,1012,outandin,1
10007,1023,incoming,10
10007,1025,incoming,9
10007,1028,incoming,53
10007,1032,incoming,9
10007,1047,outandin,2
10007,1054,incoming,30
10007,1067,incoming,7
10007,1078,incoming,13
10007,1084,incoming,28
10007,1108,incoming,6
10007,1126,incoming,26
10007,1127,incoming,19
10007,1133,incoming,21
10007,1134,incoming,4
10007,1136,incoming,4
10007,1141,incoming,4
10007,1143,incoming,16
10007,1160,outandin,2
10007,1170,incoming,85
10007,1175,incoming,19
10007,1176,incoming,16
10007,1182,incoming,13
10007,1184,incoming,9
10007,1197,incoming,14
10007,1204,incoming,105
10007,1205,incoming,26
10007,1215,incoming,15
10007,1220,incoming,1
10007,1227,incoming,3
10007,1241,incoming,11
10007,1259,incoming,19
10007,1263,incoming,7
10007,1286,incoming,2
10007,1298,outandin,2
10007,1320,incoming,7
10007,1333,incoming,3
10007,1338,incoming,2
10007,1348,outandin,1
10007,1368,incoming,7
10007,1386,incoming,25
10007,1389,incoming,2
10007,1413,outandin,4
10007,1416,incoming,28
10007,1417,incoming,30
10007,1441,incoming,17
10007,1446,incoming,125
10007,1447,incoming,45
10007,1449,incoming,21
10007,1490,incoming,9
10007,1494,incoming,9
10007,1496,outandin,1
10007,1515,incoming,23
10007,1526,incoming,8
10007,1528,incoming,32
10007,1529,outandin,2
10007,1549,incoming,11
10007,1552,incoming,4
10007,1568,incoming,7
10007,1577,incoming,8
10007,1584,incoming,13
10007,1596,outandin,1
10007,1602,incoming,6
10007,1618,incoming,31
10007,1629,incoming,5
10007,1631,incoming,15
10007,1650,incoming,24
10007,1671,incoming,18
10007,1675,incoming,8
10007,1676,incoming,4
10007,1678,incoming,27
10007,1680,incoming,20
10007,1681,incoming,2
10007,1688,incoming,12
10007,1701,incoming,7
10007,1713,incoming,22
10007,1714,incoming,3
10007,1746,outandin,2
10007,1813,incoming,10
10007,1826,incoming,1
10007,1853,incoming,32
10007,1867,incoming,34
10007,1885,incoming,18
10007,1907,outandin,1
10007,1913,incoming,3
10007,1920,incoming,1
10007,1941,incoming,3
10007,1942,incoming,21
10007,1959,incoming,29
10007,2029,outandin,1
10007,2033,incoming,7
10007,2036,incoming,4
10007,2043,incoming,14
10007,2082,incoming,28
10007,2089,incoming,11
10007,2115,incoming,4
10007,2150,outandin,1
10007,2199,incoming,4
10007,2208,outandin,6
10007,2209,incoming,3
10007,2234,incoming,18
10007,2300,incoming,10
10007,2304,incoming,5
10007,2457,incoming,1
10007,2499,incoming,18
10007,2537,incoming,4
10007,2545,incoming,46
10007,2550,incoming,38
10007,2562,incoming,28
10007,2589,outandin,1
10007,2590,outandin,3
10007,2641,incoming,17
10007,2643,incoming,5
10007,2645,incoming,5
10007,2673,incoming,19
10007,2674,outandin,1
10007,2708,incoming,6
10007,2771,incoming,40
10007,2775,incoming,76
10007,2822,incoming,22
10007,2851,incoming,10
10007,2859,incoming,23
10007,2885,outandin,1
10007,2891,incoming,30
10007,2898,incoming,18
10007,2913,outandin,3
10007,2968,incoming,7
10007,2971,incoming,9
10007,2990,incoming,4
10007,3005,incoming,12
10007,3035,incoming,66
10007,3045,incoming,4
10007,3048,incoming,53
10007,3051,incoming,4
10007,3065,outandin,3
10007,3095,incoming,8
10007,3120,incoming,11
10007,3160,incoming,2
10007,3175,incoming,191
10007,3181,incoming,12
10007,3182,incoming,55
10007,3206,incoming,9
10007,3208,incoming,12
10007,3229,incoming,33
10007,3266,incoming,44
10007,3296,incoming,19
10007,3308,incoming,46
10007,3333,incoming,19
10007,3338,incoming,8
10007,3339,incoming,12
10007,3344,incoming,21
10007,3347,incoming,16
10007,3360,outandin,5
10007,3361,outandin,1
10007,3363,incoming,92
10007,3385,incoming,15
10007,3393,incoming,11
10007,3430,incoming,12
10007,3433,incoming,10
10007,3455,incoming,5
10007,3459,incoming,13
10007,3461,incoming,9
10007,3470,incoming,13
10007,3474,incoming,15
10007,3478,outandin,1
10007,3486,incoming,44
10007,3489,incoming,4
10007,3494,incoming,10
10007,3508,incoming,9
10007,3521,incoming,3
10007,3564,incoming,9
10007,3565,incoming,7
10007,3580,incoming,7
10007,3581,incoming,8
10007,3600,incoming,19
10007,3639,incoming,15
10007,3642,incoming,2
10007,3657,incoming,10
10007,3658,incoming,28
10007,3664,incoming,3
10007,3674,incoming,3
10007,3697,incoming,2
10007,3709,incoming,15
10007,3718,incoming,10
10007,3770,outandin,1
10007,3779,outandin,1
10007,3789,incoming,3
10007,3797,incoming,7
10007,3803,incoming,6
10007,3813,outandin,18
10007,3815,incoming,41
10007,3817,incoming,14
10007,3818,incoming,10
10007,3827,incoming,11
10007,3829,incoming,34
10007,3838,outandin,19
10007,3840,incoming,3
10007,3858,incoming,1
10007,3869,incoming,4
10007,3908,incoming,7
10007,3918,incoming,10
10007,3922,incoming,3
10007,3923,incoming,4
10007,3948,incoming,14
10007,3956,incoming,10
10007,3973,incoming,16
10007,3976,incoming,3
10007,4006,incoming,5
10007,4010,incoming,10
10007,4024,incoming,3
10007,4042,incoming,1
10007,4050,incoming,8
10007,4055,outandin,1
10007,4064,incoming,46
10007,4069,incoming,20
10007,4100,incoming,9
10007,4113,incoming,8
10007,4125,incoming,8
10007,4127,outandin,2
10007,4129,incoming,26
10007,4140,incoming,15
10007,4157,incoming,7
10007,4169,incoming,1
10007,4170,incoming,6
10007,4189,incoming,12
10007,4204,incoming,19
10007,4208,incoming,1
10007,4245,incoming,6
10007,4247,incoming,47
10007,4254,incoming,20
10007,4261,incoming,55
10007,4276,incoming,5
10007,4284,incoming,1
10007,4295,incoming,3
10007,4310,incoming,2
10007,4315,incoming,7
10007,4337,incoming,12
10007,4340,incoming,8
10007,4342,incoming,5
10007,4346,incoming,46
10007,4348,incoming,6
10007,4352,incoming,15
10007,4355,incoming,3
10007,4356,incoming,12
10007,4359,incoming,1
10007,4372,incoming,6
10007,4381,incoming,3
10007,4382,incoming,1
10007,4407,incoming,6
10007,4409,incoming,8
10007,4412,incoming,5
10007,4416,incoming,12
10007,4425,incoming,12
10007,4436,incoming,2
10007,4447,incoming,9
10007,4477,incoming,2
10007,4486,incoming,9
10007,4510,incoming,18
10007,4519,incoming,9
10007,4521,incoming,15
10007,4523,incoming,20
10007,4526,incoming,3
10007,4557,incoming,17
10007,4575,incoming,9
10007,4614,incoming,1
10007,4616,incoming,6
10007,4631,incoming,29
10007,4639,incoming,2
10007,4645,incoming,8
10007,4658,incoming,13
10007,4668,incoming,20
10007,4673,incoming,5
10007,4680,incoming,35
10007,4681,incoming,83
10007,4707,incoming,5
10007,4715,incoming,6
10007,4721,incoming,12
10007,4727,incoming,16
10007,4787,outandin,1
10007,4788,incoming,4
10007,4792,incoming,14
10007,4796,incoming,4
10007,4828,incoming,51
10007,4829,incoming,13
10007,4834,incoming,4
10007,4838,incoming,1
10007,4863,incoming,9
10007,4866,incoming,3
10007,4905,incoming,26
10007,4911,incoming,6
10007,4932,incoming,24
10007,4957,incoming,42
10007,4963,outandin,3
10007,4969,incoming,9
10007,4971,incoming,24
10007,4974,incoming,6
10007,4975,outandin,1
10007,4977,incoming,7
10007,4983,incoming,8
10007,4986,incoming,6
10007,5009,outandin,9
10007,5018,incoming,11
10007,5031,incoming,3
10007,5034,outandin,3
10007,5046,incoming,11
10007,5066,incoming,23
10007,5069,incoming,19
10007,5083,incoming,24
10007,5096,incoming,15
10007,5107,outandin,1
10007,5113,outandin,1
10007,5125,incoming,6
10007,5131,incoming,11
10007,5141,incoming,7
10007,5147,incoming,1
10007,5152,incoming,14
10007,5167,incoming,11
10007,5175,incoming,13
10007,5176,incoming,3
10007,5198,incoming,15
10007,5211,incoming,9
10007,5228,incoming,9
10007,5252,incoming,7
10007,5270,outandin,1
10007,5284,incoming,27
10007,5291,incoming,6
10007,5294,incoming,12
10007,5296,incoming,6
10007,5301,outandin,14
10007,5307,incoming,10
10007,5335,incoming,63
10007,5342,incoming,10
10007,5347,incoming,14
10007,5392,outandin,2
10007,5393,incoming,3
10007,5394,incoming,12
10007,5417,incoming,30
10007,5458,incoming,10
10007,5461,incoming,9
10007,5467,outandin,1
10007,5477,outandin,1
10007,5508,incoming,3
10007,5518,incoming,14
10007,5525,outandin,1
10007,5526,incoming,3
10007,5529,incoming,10
10007,5564,incoming,6
10007,5568,incoming,1
10007,5576,incoming,77
10007,5586,incoming,10
10007,5588,incoming,18
10007,5590,incoming,1
10007,5600,incoming,26
10007,5601,incoming,10
10007,5605,incoming,5
10007,5606,incoming,8
10007,5609,incoming,19
10007,5615,incoming,3
10007,5617,incoming,3
10007,5620,incoming,5
10007,5624,incoming,3
10007,5634,incoming,1
10007,5641,incoming,13
10007,5645,incoming,3
10007,5659,outandin,7
10007,5669,incoming,33
10007,5684,incoming,4
10007,5689,incoming,8
10007,5703,incoming,12
10007,5717,incoming,17
10007,5719,incoming,10
10007,5725,incoming,1
10007,5730,incoming,7
10007,5732,incoming,1
10007,5747,incoming,5
10007,5764,incoming,23
10007,5777,incoming,14
10007,5789,incoming,12
10007,5799,incoming,1
10007,5837,incoming,26
10007,5839,outandin,1
10007,5878,incoming,10
10007,5881,incoming,2
10007,5882,incoming,7
10007,5895,incoming,20
10007,5903,incoming,1
10007,5915,incoming,1
10007,5925,incoming,3
10007,5932,incoming,15
10007,5933,incoming,13
10007,5945,incoming,3
10007,5952,incoming,2
10007,5958,incoming,13
10007,5964,incoming,1
10007,5966,incoming,22
10007,5971,incoming,7
10007,5973,incoming,57
10007,5978,incoming,12
10007,5981,incoming,26
10007,5995,outandin,1
10007,6006,incoming,32
10007,6017,incoming,6
10007,6038,incoming,12
10007,6039,incoming,9
10007,6068,incoming,1
10007,6070,incoming,15
10007,6071,incoming,14
10007,6088,incoming,6
10007,6092,incoming,1
10007,6113,incoming,12
10007,6116,incoming,11
10007,6122,incoming,5
10007,6137,incoming,14
10007,6138,incoming,14
10007,6140,incoming,8
10007,6149,outandin,1
10007,6163,incoming,7
10007,6186,incoming,21
10007,6190,incoming,6
10007,6191,incoming,7
10007,6194,incoming,9
10007,6202,incoming,15
10007,6206,incoming,9
10007,6220,outandin,5
10007,6232,incoming,46
10007,6242,outandin,2
10007,6265,incoming,3
10007,6269,incoming,16
10007,6270,incoming,17
10007,6279,incoming,6
10007,6292,incoming,2
10007,6304,incoming,5
10007,6312,incoming,1
10007,6317,outandin,1
10007,6337,incoming,8
10007,6340,incoming,15
10007,6341,incoming,4
10007,6342,incoming,6
10007,6344,incoming,2
10007,6349,incoming,10
10007,6357,outandin,4
10007,6359,incoming,2
10007,6371,incoming,15
10007,6375,incoming,11
10007,6383,incoming,1
10007,6384,incoming,6
10007,6399,incoming,3
10007,6401,incoming,12
10007,6413,incoming,11
10007,6450,incoming,13
10007,6453,incoming,2
10007,6470,incoming,3
10007,6471,incoming,8
10007,6492,incoming,19
10007,6495,incoming,3
10007,6516,incoming,2
10007,6519,incoming,5
10007,6531,incoming,9
10007,6537,incoming,13
10007,6572,outandin,1
10007,6580,incoming,26
10007,6608,incoming,2
10007,6609,incoming,3
10007,6633,incoming,7
10007,6637,outandin,9
10007,6645,incoming,5
10007,6658,incoming,1
10007,6659,incoming,4
10007,6661,incoming,6
10007,6666,incoming,11
10007,6676,incoming,6
10007,6683,incoming,2
10007,6686,incoming,3
10007,6696,incoming,2
10007,6698,incoming,2
10007,6699,incoming,2
10007,6724,outandin,26
10007,6731,incoming,9
10007,6753,incoming,5
10007,6759,incoming,8
10007,6774,incoming,6
10007,6775,incoming,10
10007,6778,incoming,4
10007,6779,incoming,1
10007,6797,incoming,1
10007,6806,incoming,9
10007,6825,outandin,1
10007,6848,incoming,6
10007,6859,outandin,2
10007,6889,incoming,7
10007,6905,incoming,4
10007,6918,outandin,3
10007,6938,incoming,4
10007,6997,incoming,26
10007,7039,incoming,2
10007,7064,incoming,6
10007,7073,incoming,1
10007,7103,incoming,9
10007,7141,incoming,8
10007,7143,incoming,4
10007,7150,outandin,6
10007,7154,incoming,5
10007,7164,incoming,11
10007,7171,incoming,1
10007,7178,incoming,2
10007,7190,incoming,4
10007,7201,incoming,7
10007,7206,outandin,1
10007,7227,incoming,5
10007,7229,incoming,6
10007,7276,incoming,23
10007,7277,outandin,1
10007,7286,incoming,3
10007,7298,incoming,6
10007,7307,incoming,2
10007,7314,incoming,4
10007,7315,outandin,36
10007,7360,incoming,1
10007,7372,incoming,1
10007,7391,incoming,5
10007,7397,incoming,24
10007,7398,incoming,2
10007,7402,incoming,5
10007,7432,incoming,18
10007,7439,incoming,1
10007,7454,outandin,1
10007,7513,incoming,13
10007,7533,incoming,8
10007,7540,outandin,1
10007,7550,incoming,2
10007,7555,incoming,11
10007,7559,incoming,6
10007,7574,incoming,2
10007,7576,incoming,5
10007,7606,incoming,8
10007,7636,incoming,6
10007,7648,outandin,1
10007,7679,incoming,10
10007,7688,incoming,4
10007,7755,incoming,2
10007,7784,outandin,1
10007,7789,incoming,1
10007,7796,incoming,27
10007,7802,incoming,10
10007,7815,incoming,8
10007,7819,incoming,1
10007,7820,incoming,2
10007,7834,incoming,1
10007,7852,outandin,7
10007,7864,incoming,3
10007,7869,outandin,2
10007,7871,incoming,9
10007,7881,incoming,7
10007,7888,outandin,3
10007,7892,incoming,8
10007,7893,incoming,3
10007,7898,incoming,6
10007,7900,incoming,1
10007,7919,incoming,1
10007,7935,incoming,3
10007,7936,incoming,1
10007,7944,incoming,8
10007,7951,incoming,4
10007,7961,incoming,4
10007,7963,outandin,1
10007,7972,incoming,7
10007,7978,incoming,1
10007,7982,outandin,1
10007,7990,incoming,3
10007,7997,incoming,4
10007,7999,incoming,6
10007,8014,incoming,1
10007,8032,incoming,1
10007,8044,outandin,1
10007,8093,incoming,12
10007,8121,incoming,2
10007,8133,incoming,1
10007,8160,outandin,1
10007,8161,incoming,6
10007,8170,incoming,42
10007,8175,incoming,2
10007,8177,outandin,2
10007,8181,incoming,8
10007,8188,incoming,1
10007,8191,incoming,7
10007,8207,incoming,1
10007,8227,incoming,8
10007,8230,incoming,4
10007,8253,incoming,2
10007,8254,outandin,1
10007,8257,incoming,2
10007,8267,incoming,2
10007,8286,incoming,1
10007,8301,incoming,3
10007,8311,incoming,2
10007,8316,incoming,2
10007,8329,incoming,1
10007,8335,outandin,4
10007,8337,incoming,2
10007,8382,incoming,7
10007,8391,outandin,1
10007,8421,incoming,4
10007,8438,incoming,1
10007,8441,outandin,8
10007,8470,incoming,2
10007,8482,incoming,1
10007,8509,incoming,2
10007,8515,incoming,2
10007,8525,incoming,1
10007,8543,incoming,1
10007,8551,incoming,2
10032,10,outandin,1
10032,14,outandin,1
10032,51,incoming,10
10032,66,incoming,29
10032,75,incoming,96
10032,85,outandin,8
10032,100,incoming,27
10032,131,outandin,1
10032,135,incoming,38
10032,140,incoming,71
10032,158,incoming,9
10032,177,outandin,1
10032,182,incoming,9
10032,184,incoming,4
10032,195,incoming,29
10032,196,incoming,50
10032,198,incoming,6
10032,200,outandin,1
10032,223,incoming,28
10032,242,incoming,3
10032,264,incoming,1
10032,270,incoming,7
10032,274,incoming,5
10032,285,outandin,1
10032,297,incoming,51
10032,314,incoming,8
10032,335,outandin,2
10032,349,outandin,2
10032,410,incoming,4
10032,429,outandin,1
10032,445,outandin,1
10032,466,outandin,1
10032,471,incoming,55
10032,473,incoming,19
10032,476,incoming,2
10032,522,incoming,2
10032,530,incoming,296
10032,537,incoming,60
10032,543,incoming,3
10032,544,incoming,2
10032,555,incoming,322
10032,581,incoming,8
10032,587,incoming,4
10032,594,incoming,21
10032,606,incoming,6
10032,617,outandin,1
10032,618,incoming,7
10032,639,incoming,1
10032,659,incoming,3
10032,660,incoming,2
10032,687,outandin,1
10032,765,incoming,9
10032,778,incoming,2
10032,787,incoming,30
10032,788,outandin,30
10032,809,outandin,1
10032,820,outandin,1
10032,834,incoming,1
10032,851,outandin,7
10032,862,outandin,2
10032,864,incoming,31
10032,892,outandin,1
10032,914,incoming,17
10032,932,incoming,96
10032,947,incoming,3
10032,950,incoming,19
10032,954,incoming,1
10032,955,incoming,9
10032,986,incoming,50
10032,988,outandin,2
10032,999,incoming,148
10032,1001,incoming,1
10032,1037,incoming,2
10032,1085,incoming,4
10032,1090,incoming,17
10032,1100,incoming,3
10032,1103,incoming,1
10032,1111,incoming,4
10032,1115,incoming,1
10032,1128,outandin,1
10032,1137,incoming,13
10032,1152,outandin,1
10032,1170,outandin,3
10032,1174,incoming,8
10032,1183,outandin,1
10032,1193,incoming,15
10032,1216,incoming,8
10032,1221,incoming,70
10032,1238,incoming,2
10032,1253,outandin,1
10032,1272,incoming,21
10032,1274,incoming,2
10032,1290,incoming,1
10032,1292,incoming,20
10032,1298,outandin,1
10032,1303,incoming,32
10032,1354,incoming,20
10032,1355,outandin,2
10032,1372,incoming,154
10032,1381,outandin,2
10032,1408,incoming,76
10032,1424,incoming,1
10032,1430,incoming,8
10032,1442,outandin,1
10032,1483,incoming,2
10032,1522,incoming,21
10032,1539,incoming,5
10032,1568,outandin,1
10032,1569,outandin,1
10032,1588,outandin,6
10032,1616,incoming,20
10032,1658,outandin,1
10032,1663,incoming,11
10032,1679,outandin,2
10032,1684,incoming,3
10032,1706,outandin,1
10032,1711,incoming,107
10032,1717,incoming,5
10032,1722,incoming,235
10032,1729,outandin,1
10032,1740,incoming,1
10032,1750,outandin,6
10032,1776,incoming,1
10032,1777,incoming,1
10032,1878,incoming,29
10032,1890,incoming,3
10032,1909,incoming,1
10032,1916,incoming,3
10032,1926,incoming,5
10032,1960,incoming,43
10032,1965,incoming,22
10032,1973,incoming,1
10032,1985,outandin,1
10032,1997,outandin,5
10032,2005,incoming,8
10032,2008,incoming,2
10032,2040,outandin,1
10032,2041,incoming,12
10032,2046,outandin,1
10032,2064,incoming,20
10032,2065,outandin,2
10032,2077,outandin,1
10032,2079,incoming,2
10032,2103,outandin,2
10032,2110,outandin,1
10032,2128,incoming,44
10032,2132,incoming,20
10032,2147,outandin,4
10032,2149,incoming,11
10032,2150,outandin,1
10032,2158,outandin,1
10032,2159,incoming,1
10032,2175,incoming,179
10032,2188,outandin,3
10032,2191,incoming,1
10032,2204,incoming,24
10032,2214,outandin,1
10032,2216,incoming,19
10032,2236,incoming,1
10032,2285,incoming,13
10032,2300,outandin,1
10032,2302,incoming,22
10032,2304,outandin,1
10032,2314,incoming,6
10032,2344,outandin,1
10032,2384,outandin,1
10032,2410,incoming,1
10032,2446,incoming,1
10032,2448,outandin,1
10032,2517,incoming,13
10032,2520,incoming,7
10032,2533,incoming,15
10032,2537,incoming,5
10032,2599,outandin,1
10032,2605,incoming,11
10032,2634,incoming,25
10032,2653,incoming,42
10032,2656,outandin,2
10032,2663,incoming,2
10032,2674,outandin,1
10032,2684,incoming,1
10032,2707,incoming,6
10032,2734,incoming,3
10032,2741,outandin,2
10032,2744,incoming,4
10032,2782,incoming,6
10032,2785,incoming,2
10032,2807,incoming,2
10032,2811,outandin,1
10032,2817,incoming,4
10032,2826,outandin,1
10032,2865,incoming,4
10032,2887,outandin,1
10032,2913,incoming,7
10032,2916,incoming,7
10032,2926,incoming,21
10032,2945,incoming,1
10032,2948,outandin,1
10032,2958,incoming,19
10032,2965,incoming,1
10032,3011,outandin,6
10032,3013,outandin,2
10032,3025,incoming,5
10032,3087,outandin,3
10032,3140,outandin,1
10032,3164,outandin,1
10032,3183,outandin,1
10032,3198,incoming,11
10032,3235,incoming,11
10032,3246,incoming,4
10032,3256,incoming,11
10032,3281,incoming,7
10032,3284,outandin,5
10032,3300,incoming,18
10032,3305,outandin,4
10032,3356,incoming,10
10032,3361,incoming,5
10032,3362,outandin,1
10032,3369,incoming,1
10032,3378,incoming,21
10032,3382,incoming,2
10032,3426,incoming,25
10032,3438,incoming,13
10032,3448,incoming,1
10032,3451,outandin,1
10032,3517,outandin,1
10032,3552,outandin,1
10032,3563,incoming,19
10032,3567,incoming,9
10032,3569,incoming,44
10032,3572,incoming,4
10032,3575,incoming,2
10032,3583,outandin,1
10032,3608,incoming,8
10032,3620,outandin,2
10032,3625,outandin,6
10032,3640,incoming,10
10032,3670,outandin,1
10032,3675,incoming,7
10032,3677,incoming,10
10032,3684,incoming,6
10032,3691,outandin,3
10032,3698,incoming,7
10032,3702,incoming,2
10032,3711,incoming,2
10032,3734,outandin,1
10032,3789,outandin,2
10032,3802,outandin,7
10032,3807,incoming,20
10032,3832,outandin,3
10032,3852,outandin,1
10032,3858,incoming,1
10032,3884,incoming,25
10032,3918,outandin,1
10032,3929,incoming,6
10032,3935,incoming,3
10032,3948,incoming,2
10032,3977,outandin,2
10032,3997,incoming,1
10032,4005,incoming,3
10032,4054,outandin,1
10032,4066,incoming,5
10032,4075,outandin,4
10032,4146,incoming,10
10032,4165,incoming,1
10032,4168,outandin,20
10032,4169,incoming,9
10032,4171,outandin,3
10032,4177,outandin,1
10032,4187,outandin,1
10032,4194,outandin,1
10032,4223,outandin,1
10032,4229,incoming,7
10032,4235,incoming,3
10032,4238,outandin,1
10032,4255,outandin,2
10032,4373,incoming,2
10032,4437,incoming,10
10032,4442,incoming,5
10032,4452,outandin,2
10032,4477,outandin,1
10032,4484,incoming,28
10032,4528,incoming,1
10032,4586,outandin,1
10032,4607,outandin,1
10032,4614,outandin,3
10032,4618,incoming,4
10032,4681,outandin,1
10032,4683,incoming,2
10032,4694,outandin,1
10032,4695,outandin,1
10032,4726,outandin,23
10032,4750,outandin,1
10032,4775,incoming,1
10032,4782,incoming,7
10032,4839,incoming,19
10032,4844,incoming,1
10032,4850,outandin,1
10032,4858,outandin,1
10032,4876,outandin,2
10032,4884,outandin,1
10032,4892,incoming,2
10032,4893,incoming,11
10032,4896,incoming,6
10032,4923,incoming,52
10032,4926,incoming,12
10032,4993,incoming,4
10032,4996,incoming,13
10032,5010,incoming,6
10032,5028,incoming,17
10032,5041,incoming,13
10032,5048,incoming,5
10032,5065,incoming,20
10032,5073,outandin,1
10032,5082,incoming,16
10032,5085,incoming,7
10032,5092,incoming,3
10032,5093,incoming,12
10032,5094,incoming,16
10032,5095,incoming,28
10032,5112,outandin,2
10032,5142,incoming,1
10032,5147,outandin,1
10032,5189,incoming,16
10032,5190,incoming,21
10032,5194,incoming,8
10032,5215,incoming,11
10032,5221,outandin,1
10032,5223,incoming,1
10032,5224,incoming,13
10032,5244,outandin,2
10032,5257,incoming,12
10032,5258,incoming,18
10032,5308,incoming,14
10032,5315,incoming,27
10032,5319,incoming,9
10032,5326,incoming,4
10032,5333,incoming,11
10032,5359,outandin,2
10032,5361,incoming,7
10032,5380,incoming,34
10032,5391,incoming,13
10032,5410,incoming,19
10032,5411,incoming,13
10032,5423,outandin,4
10032,5425,incoming,17
10032,5437,incoming,12
10032,5438,incoming,10
10032,5460,outandin,3
10032,5468,incoming,3
10032,5473,outandin,1
10032,5482,outandin,2
10032,5511,incoming,9
10032,5516,incoming,23
10032,5532,incoming,5
10032,5541,incoming,13
10032,5552,incoming,2
10032,5556,incoming,11
10032,5563,incoming,8
10032,5573,incoming,4
10032,5580,outandin,1
10032,5590,outandin,1
10032,5618,incoming,96
10032,5619,incoming,1
10032,5631,outandin,4
10032,5638,incoming,8
10032,5649,incoming,3
10032,5654,incoming,26
10032,5663,outandin,3
10032,5685,incoming,1
10032,5711,outandin,4
10032,5725,incoming,4
10032,5726,incoming,21
10032,5736,outandin,1
10032,5743,outandin,1
10032,5747,outandin,3
10032,5784,outandin,2
10032,5796,incoming,2
10032,5804,incoming,1
10032,5817,outandin,2
10032,5830,incoming,3
10032,5834,outandin,2
10032,5839,outandin,1
10032,5864,incoming,10
10032,5880,incoming,1
10032,5913,outandin,1
10032,5914,outandin,6
10032,5985,incoming,2
10032,5992,incoming,21
10032,5995,outandin,2
10032,6002,incoming,1
10032,6007,incoming,3
10032,6023,outandin,1
10032,6034,outandin,2
10032,6040,incoming,1
10032,6046,outandin,2
10032,6050,incoming,7
10032,6053,incoming,9
10032,6065,incoming,7
10032,6072,outandin,3
10032,6076,incoming,1
10032,6103,incoming,1
10032,6107,outandin,3
10032,6125,incoming,5
10032,6188,outandin,1
10032,6207,incoming,6
10032,6212,incoming,7
10032,6242,outandin,1
10032,6278,outandin,1
10032,6290,outandin,1
10032,6301,outandin,1
10032,6312,incoming,1
10032,6321,outandin,1
10032,6322,outandin,1
10032,6328,incoming,1
10032,6341,outandin,1
10032,6347,outandin,4
10032,6359,incoming,26
10032,6390,incoming,1
10032,6422,outandin,1
10032,6425,incoming,1
10032,6430,incoming,13
10032,6432,incoming,8
10032,6459,incoming,2
10032,6460,outandin,1
10032,6463,incoming,2
10032,6464,incoming,1
10032,6475,incoming,1
10032,6478,outandin,1
10032,6485,outandin,1
10032,6501,outandin,2
10032,6509,incoming,3
10032,6510,outandin,1
10032,6540,incoming,1
10032,6545,incoming,6
10032,6549,outandin,1
10032,6587,outandin,3
10032,6594,outandin,1
10032,6653,outandin,1
10032,6669,outandin,1
10032,6702,incoming,1
10032,6706,incoming,1
10032,6738,incoming,2
10032,6745,incoming,11
10032,6766,incoming,7
10032,6773,incoming,43
10032,6779,outandin,1
10032,6804,incoming,2
10032,6807,outandin,1
10032,6819,outandin,1
10032,6827,incoming,15
10032,6829,outandin,1
10032,6830,incoming,5
10032,6843,incoming,4
10032,6845,incoming,13
10032,6857,incoming,14
10032,6875,incoming,1
10032,6885,incoming,6
10032,6888,outandin,1
10032,6895,incoming,11
10032,6907,incoming,14
10032,6909,outandin,1
10032,6910,incoming,9
10032,6911,incoming,2
10032,6914,incoming,27
10032,6915,incoming,22
10032,6921,incoming,8
10032,6946,incoming,43
10032,6947,incoming,1
10032,6948,incoming,14
10032,6953,incoming,5
10032,6956,incoming,19
10032,6980,outandin,1
10032,6982,outandin,1
10032,6986,incoming,7
10032,6990,incoming,2
10032,7006,incoming,9
10032,7010,incoming,8
10032,7014,incoming,25
10032,7035,incoming,3
10032,7047,outandin,23
10032,7049,incoming,13
10032,7067,incoming,3
10032,7077,incoming,3
10032,7087,incoming,10
10032,7096,outandin,1
10032,7123,incoming,4
10032,7158,incoming,6
10032,7180,incoming,3
10032,7206,outandin,1
10032,7240,incoming,3
10032,7269,outandin,1
10032,7273,incoming,21
10032,7277,outandin,1
10032,7303,incoming,37
10032,7317,incoming,1
10032,7332,outandin,1
10032,7344,outandin,18
10032,7355,outandin,1
10032,7363,incoming,2
10032,7365,incoming,6
10032,7380,incoming,1
10032,7404,incoming,1
10032,7429,incoming,1
10032,7444,outandin,1
10032,7470,incoming,2
10032,7496,outandin,2
10032,7515,incoming,17
10032,7612,incoming,1
10032,7618,outandin,2
10032,7620,incoming,4
10032,7627,outandin,19
10032,7668,outandin,1
10032,7674,incoming,9
10032,7691,incoming,1
10032,7694,outandin,7
10032,7699,incoming,2
10032,7709,outandin,3
10032,7719,incoming,6
10032,7734,incoming,3
10032,7769,incoming,3
10032,7773,incoming,5
10032,7774,incoming,6
10032,7782,outandin,11
10032,7789,outandin,1
10032,7834,incoming,1
10032,7836,incoming,5
10032,7860,incoming,6
10032,7868,incoming,1
10032,7871,outandin,1
10032,7917,outandin,1
10032,7928,outandin,1
10032,7948,outandin,1
10032,7960,incoming,5
10032,8022,incoming,4
10032,8049,incoming,8
10032,8050,incoming,2
10032,8059,incoming,10
10032,8076,incoming,4
10032,8090,incoming,1
10032,8097,outandin,9
10032,8104,incoming,1
10032,8177,incoming,3
10032,8198,incoming,5
10032,8200,incoming,1
10032,8206,incoming,1
10032,8225,outandin,1
10032,8228,incoming,6
10032,8231,incoming,1
10032,8324,incoming,4
10032,8346,incoming,4
10032,8352,incoming,16
10032,8388,outandin,2
10032,8403,incoming,7
10032,8453,incoming,1
10032,8472,incoming,1
10032,8473,incoming,5
10032,8485,outandin,1
10032,8524,incoming,2
10032,8528,incoming,1
10034,22,incoming,2
10034,53,incoming,9
10034,66,incoming,10
10034,85,outandin,2
10034,111,outandin,13
10034,127,incoming,4
10034,131,outandin,2
10034,142,incoming,1
10034,158,incoming,4
10034,170,incoming,13
10034,184,outandin,3
10034,196,incoming,12
10034,207,outandin,8
10034,217,incoming,9
10034,232,incoming,7
10034,240,incoming,19
10034,264,outandin,3
10034,274,incoming,8
10034,298,outandin,12
10034,314,incoming,43
10034,335,outandin,1
10034,345,outandin,1
10034,375,incoming,7
10034,412,incoming,24
10034,491,incoming,7
10034,493,outandin,6
10034,496,incoming,2
10034,526,incoming,20
10034,530,incoming,13
10034,544,incoming,4
10034,546,outandin,1
10034,558,incoming,28
10034,565,incoming,34
10034,585,outandin,2
10034,587,outandin,1
10034,588,incoming,2
10034,603,outandin,2
10034,622,incoming,2
10034,659,incoming,11
10034,661,outandin,2
10034,690,incoming,7
10034,696,incoming,5
10034,724,incoming,15
10034,765,incoming,8
10034,771,outandin,1
10034,778,incoming,1
10034,779,incoming,3
10034,781,incoming,20
10034,788,outandin,14
10034,795,incoming,49
10034,809,incoming,36
10034,827,incoming,10
10034,851,incoming,6
10034,875,outandin,1
10034,887,outandin,2
10034,892,outandin,1
10034,898,incoming,5
10034,900,incoming,5
10034,911,incoming,30
10034,914,incoming,14
10034,916,incoming,15
10034,954,incoming,5
10034,995,incoming,1
10034,997,outandin,5
10034,1001,incoming,4
10034,1005,incoming,30
10034,1012,incoming,16
10034,1024,incoming,4
10034,1037,incoming,5
10034,1060,incoming,12
10034,1096,outandin,1
10034,1106,incoming,18
10034,1111,incoming,4
10034,1118,incoming,11
10034,1137,incoming,3
10034,1187,outandin,5
10034,1290,incoming,40
10034,1291,incoming,25
10034,1347,incoming,11
10034,1355,incoming,4
10034,1381,incoming,28
10034,1391,incoming,10
10034,1400,incoming,2
10034,1407,incoming,19
10034,1424,incoming,16
10034,1442,incoming,14
10034,1473,incoming,7
10034,1491,incoming,36
10034,1512,incoming,5
10034,1529,outandin,1
10034,1540,outandin,1
10034,1563,incoming,39
10034,1568,incoming,1
10034,1569,outandin,1
10034,1588,outandin,3
10034,1616,incoming,11
10034,1647,incoming,17
10034,1665,incoming,4
10034,1679,incoming,30
10034,1680,incoming,2
10034,1684,outandin,3
10034,1701,outandin,1
10034,1740,incoming,20
10034,1750,outandin,2
10034,1785,incoming,2
10034,1794,incoming,3
10034,1850,incoming,18
10034,1878,incoming,34
10034,1916,incoming,11
10034,1920,outandin,1
10034,1926,outandin,2
10034,1987,incoming,10
10034,1997,outandin,4
10034,2008,incoming,1
10034,2099,incoming,34
10034,2123,outandin,7
10034,2150,outandin,19
10034,2191,incoming,5
10034,2208,outandin,1
10034,2247,outandin,1
10034,2280,outandin,6
10034,2318,outandin,1
10034,2369,incoming,8
10034,2376,incoming,9
10034,2384,outandin,3
10034,2388,incoming,6
10034,2398,incoming,2
10034,2457,outandin,1
10034,2460,incoming,13
10034,2485,incoming,30
10034,2562,outandin,1
10034,2620,incoming,12
10034,2636,incoming,11
10034,2640,incoming,8
10034,2656,outandin,4
10034,2674,incoming,8
10034,2684,incoming,18
10034,2729,incoming,9
10034,2734,incoming,20
10034,2744,incoming,23
10034,2765,incoming,7
10034,2795,incoming,2
10034,2809,incoming,5
10034,2811,incoming,24
10034,2858,incoming,4
10034,2865,incoming,1
10034,2902,incoming,26
10034,2913,incoming,14
10034,2915,incoming,2
10034,2964,incoming,2
10034,2973,incoming,12
10034,3013,outandin,1
10034,3025,incoming,14
10034,3056,outandin,2
10034,3063,incoming,3
10034,3087,outandin,1
10034,3117,incoming,7
10034,3172,outandin,3
10034,3180,incoming,23
10034,3183,outandin,1
10034,3190,outandin,2
10034,3201,incoming,17
10034,3219,incoming,15
10034,3230,outandin,2
10034,3236,incoming,5
10034,3242,outandin,2
10034,3256,incoming,33
10034,3284,incoming,37
10034,3288,incoming,10
10034,3305,incoming,4
10034,3307,incoming,28
10034,3314,incoming,4
10034,3317,incoming,34
10034,3319,incoming,18
10034,3333,incoming,1
10034,3356,incoming,3
10034,3361,incoming,1
10034,3362,incoming,26
10034,3382,incoming,20
10034,3423,incoming,7
10034,3448,incoming,4
10034,3495,outandin,2
10034,3505,incoming,1
10034,3511,incoming,2
10034,3521,incoming,1
10034,3524,incoming,9
10034,3538,incoming,11
10034,3552,incoming,2
10034,3572,incoming,7
10034,3575,incoming,8
10034,3580,outandin,1
10034,3583,incoming,3
10034,3609,outandin,7
10034,3620,incoming,1
10034,3625,incoming,20
10034,3637,outandin,10
10034,3670,outandin,1
10034,3677,incoming,15
10034,3691,incoming,3
10034,3699,incoming,4
10034,3753,incoming,15
10034,3770,outandin,1
10034,3778,incoming,16
10034,3789,incoming,1
10034,3802,incoming,35
10034,3858,outandin,1
10034,3866,incoming,31
10034,3897,outandin,1
10034,3910,outandin,30
10034,3931,incoming,23
10034,3962,outandin,1
10034,3975,incoming,6
10034,3977,incoming,5
10034,3997,incoming,7
10034,4004,incoming,24
10034,4029,incoming,11
10034,4093,incoming,3
10034,4112,outandin,1
10034,4136,incoming,9
10034,4165,incoming,5
10034,4177,outandin,2
10034,4199,incoming,18
10034,4209,incoming,7
10034,4222,incoming,6
10034,4223,incoming,1
10034,4238,outandin,2
10034,4255,incoming,4
10034,4286,incoming,24
10034,4305,incoming,4
10034,4346,incoming,9
10034,4375,outandin,1
10034,4423,incoming,6
10034,4426,incoming,24
10034,4484,incoming,17
10034,4618,incoming,6
10034,4631,incoming,1
10034,4632,incoming,2
10034,4683,incoming,1
10034,4689,incoming,7
10034,4726,incoming,1
10034,4731,outandin,2
10034,4785,incoming,4
10034,4806,outandin,5
10034,4830,outandin,2
10034,4844,incoming,8
10034,4850,outandin,1
10034,4880,outandin,1
10034,4922,outandin,1
10034,4971,incoming,2
10034,4979,incoming,14
10034,4993,incoming,1
10034,5022,outandin,1
10034,5025,outandin,3
10034,5031,outandin,1
10034,5040,incoming,26
10034,5121,incoming,13
10034,5169,incoming,9
10034,5219,incoming,6
10034,5229,incoming,5
10034,5244,outandin,3
10034,5300,outandin,1
10034,5359,incoming,42
10034,5479,outandin,1
10034,5482,outandin,1
10034,5490,incoming,8
10034,5513,incoming,2
10034,5516,incoming,14
10034,5532,incoming,2
10034,5602,incoming,4
10034,5619,incoming,10
10034,5626,incoming,5
10034,5631,incoming,11
10034,5639,incoming,2
10034,5718,incoming,2
10034,5736,outandin,19
10034,5767,incoming,10
10034,5784,incoming,2
10034,5796,incoming,4
10034,5817,incoming,20
10034,5823,incoming,17
10034,5839,outandin,1
10034,5853,incoming,6
10034,5863,incoming,1
10034,5866,incoming,18
10034,5880,incoming,13
10034,5912,incoming,11
10034,5942,incoming,14
10034,5956,incoming,9
10034,5970,incoming,25
10034,5994,incoming,11
10034,6002,incoming,32
10034,6011,incoming,8
10034,6029,incoming,5
10034,6034,incoming,10
10034,6045,incoming,18
10034,6046,outandin,3
10034,6081,incoming,17
10034,6094,outandin,1
10034,6117,outandin,5
10034,6123,incoming,10
10034,6149,incoming,3
10034,6160,incoming,7
10034,6162,outandin,3
10034,6171,incoming,3
10034,6200,incoming,26
10034,6218,incoming,6
10034,6242,outandin,2
10034,6263,incoming,4
10034,6278,incoming,3
10034,6307,incoming,11
10034,6316,incoming,12
10034,6322,incoming,4
10034,6327,outandin,2
10034,6331,incoming,5
10034,6336,incoming,1
10034,6347,incoming,25
10034,6359,incoming,6
10034,6369,incoming,6
10034,6388,incoming,5
10034,6390,incoming,5
10034,6392,incoming,15
10034,6404,outandin,3
10034,6408,incoming,28
10034,6424,incoming,20
10034,6425,incoming,5
10034,6449,outandin,2
10034,6459,outandin,2
10034,6465,incoming,9
10034,6475,incoming,3
10034,6503,incoming,6
10034,6509,outandin,2
10034,6510,incoming,8
10034,6536,incoming,2
10034,6555,incoming,2
10034,6596,outandin,1
10034,6662,incoming,4
10034,6668,incoming,2
10034,6681,incoming,6
10034,6690,incoming,2
10034,6692,incoming,8
10034,6702,incoming,1
10034,6706,incoming,3
10034,6729,incoming,9
10034,6738,outandin,1
10034,6765,incoming,3
10034,6804,incoming,1
10034,6830,incoming,20
10034,6911,incoming,6
10034,6982,outandin,37
10034,6984,incoming,1
10034,6990,incoming,8
10034,7010,incoming,3
10034,7046,incoming,2
10034,7075,incoming,11
10034,7083,outandin,1
10034,7085,incoming,2
10034,7096,incoming,18
10034,7103,incoming,3
10034,7132,incoming,5
10034,7171,outandin,31
10034,7174,incoming,2
10034,7206,outandin,2
10034,7213,incoming,2
10034,7218,incoming,6
10034,7240,incoming,1
10034,7254,incoming,7
10034,7263,outandin,1
10034,7269,incoming,35
10034,7279,incoming,13
10034,7288,incoming,2
10034,7317,incoming,1
10034,7331,incoming,3
10034,7363,incoming,12
10034,7389,incoming,8
10034,7404,incoming,4
10034,7445,incoming,11
10034,7448,outandin,1
10034,7566,incoming,1
10034,7608,incoming,25
10034,7691,incoming,1
10034,7694,incoming,4
10034,7709,outandin,4
10034,7742,incoming,5
10034,7774,incoming,1
10034,7775,incoming,2
10034,7781,incoming,5
10034,7787,incoming,3
10034,7790,incoming,10
10034,7793,outandin,1
10034,7799,incoming,8
10034,7803,incoming,2
10034,7811,outandin,1
10034,7819,incoming,7
10034,7836,incoming,1
10034,7858,incoming,12
10034,7911,incoming,2
10034,7917,outandin,2
10034,7955,incoming,13
10034,8022,incoming,5
10034,8067,incoming,1
10034,8167,incoming,8
10034,8177,incoming,1
10034,8183,incoming,5
10034,8198,incoming,8
10034,8211,incoming,34
10034,8231,incoming,1
10034,8254,outandin,1
10034,8256,outandin,1
10034,8267,outandin,1
10034,8276,outandin,1
10034,8324,outandin,1
10034,8333,outandin,1
10034,8350,incoming,1
10034,8432,incoming,2
10034,8438,incoming,1
10034,8453,incoming,1
10034,8473,outandin,1
10034,8477,incoming,4
10034,8485,incoming,1
10034,8539,incoming,1
10034,8545,incoming,1
10020,7,outandin,2
10020,27,outandin,5
10020,38,outandin,2
10020,94,outandin,1
10020,109,incoming,2
10020,111,outandin,7
10020,155,outandin,6
10020,158,incoming,7
10020,160,outandin,2
10020,164,incoming,5
10020,183,outandin,1
10020,193,incoming,2
10020,200,outandin,3
10020,201,incoming,30
10020,207,outandin,1
10020,208,outandin,4
10020,262,outandin,34
10020,274,outandin,1
10020,285,outandin,2
10020,292,incoming,14
10020,320,incoming,25
10020,336,incoming,59
10020,345,outandin,2
10020,346,incoming,19
10020,375,outandin,1
10020,383,incoming,1
10020,393,outandin,1
10020,410,incoming,1
10020,415,outandin,1
10020,421,outandin,3
10020,426,outandin,1
10020,476,incoming,1
10020,518,incoming,3
10020,523,incoming,3
10020,541,incoming,3
10020,543,incoming,9
10020,549,outandin,1
10020,556,outandin,1
10020,587,outandin,1
10020,606,incoming,11
10020,646,incoming,1
10020,659,incoming,1
10020,679,incoming,8
10020,701,incoming,2
10020,729,incoming,10
10020,737,incoming,49
10020,738,outandin,5
10020,765,incoming,1
10020,766,incoming,17
10020,779,incoming,2
10020,780,incoming,26
10020,795,outandin,3
10020,796,incoming,1
10020,800,incoming,1
10020,820,outandin,1
10020,851,incoming,2
10020,857,incoming,3
10020,873,outandin,1
10020,875,outandin,1
10020,884,incoming,14
10020,902,incoming,20
10020,936,incoming,3
10020,953,outandin,3
10020,961,incoming,10
10020,974,outandin,24
10020,976,incoming,5
10020,988,outandin,18
10020,997,outandin,4
10020,1060,incoming,1
10020,1062,incoming,4
10020,1076,outandin,3
10020,1081,outandin,1
10020,1100,incoming,2
10020,1115,incoming,1
10020,1137,outandin,1
10020,1152,incoming,2
10020,1155,incoming,19
10020,1172,incoming,7
10020,1185,outandin,1
10020,1187,outandin,1
10020,1220,incoming,3
10020,1222,outandin,1
10020,1238,incoming,1
10020,1248,outandin,1
10020,1253,outandin,2
10020,1258,incoming,19
10020,1263,outandin,1
10020,1298,outandin,2
10020,1307,outandin,2
10020,1313,incoming,6
10020,1345,incoming,1
10020,1348,outandin,1
10020,1355,incoming,1
10020,1400,incoming,3
10020,1421,outandin,1
10020,1422,incoming,61
10020,1442,outandin,1
10020,1452,incoming,5
10020,1455,outandin,1
10020,1468,incoming,2
10020,1483,incoming,8
10020,1489,outandin,1
10020,1520,outandin,1
10020,1528,incoming,1
10020,1550,incoming,20
10020,1560,incoming,27
10020,1573,incoming,17
10020,1596,outandin,2
10020,1634,outandin,1
10020,1652,incoming,4
10020,1658,incoming,2
10020,1684,outandin,2
10020,1685,outandin,5
10020,1721,incoming,9
10020,1729,incoming,1
10020,1736,incoming,21
10020,1788,outandin,1
10020,1808,incoming,25
10020,1817,outandin,2
10020,1825,incoming,5
10020,1826,incoming,1
10020,1830,outandin,1
10020,1831,incoming,7
10020,1858,incoming,3
10020,1867,outandin,1
10020,1872,outandin,1
10020,1895,incoming,2
10020,1911,outandin,5
10020,1915,outandin,1
10020,1935,outandin,7
10020,1973,outandin,1
10020,1981,outandin,1
10020,2000,incoming,3
10020,2004,incoming,10
10020,2006,outandin,2
10020,2010,outandin,1
10020,2022,incoming,23
10020,2024,incoming,17
10020,2044,incoming,10
10020,2046,incoming,1
10020,2076,incoming,1
10020,2086,outandin,1
10020,2107,incoming,15
10020,2127,outandin,3
10020,2134,outandin,1
10020,2147,incoming,11
10020,2150,outandin,9
10020,2162,incoming,4
10020,2163,incoming,1
10020,2188,outandin,1
10020,2212,outandin,1
10020,2214,incoming,1
10020,2223,outandin,1
10020,2266,incoming,6
10020,2307,incoming,6
10020,2318,outandin,10
10020,2353,incoming,12
10020,2355,incoming,2
10020,2368,outandin,1
10020,2369,incoming,3
10020,2381,incoming,8
10020,2388,outandin,1
10020,2391,outandin,1
10020,2393,incoming,4
10020,2404,incoming,1
10020,2427,incoming,6
10020,2428,incoming,24
10020,2447,incoming,6
10020,2479,outandin,4
10020,2482,outandin,2
10020,2492,incoming,14
10020,2497,incoming,11
10020,2498,incoming,6
10020,2503,outandin,1
10020,2514,incoming,200
10020,2556,outandin,9
10020,2563,outandin,1
10020,2564,incoming,2
10020,2588,outandin,5
10020,2597,incoming,6
10020,2601,incoming,1
10020,2603,outandin,1
10020,2609,incoming,11
10020,2612,incoming,5
10020,2628,outandin,1
10020,2673,incoming,2
10020,2674,outandin,3
10020,2687,outandin,1
10020,2688,outandin,1
10020,2703,incoming,6
10020,2710,outandin,1
10020,2718,incoming,2
10020,2728,incoming,19
10020,2742,outandin,3
10020,2744,outandin,1
10020,2761,incoming,17
10020,2774,outandin,1
10020,2788,incoming,7
10020,2800,outandin,2
10020,2836,incoming,16
10020,2869,incoming,3
10020,2882,incoming,2
10020,2885,incoming,2
10020,2894,incoming,4
10020,2923,incoming,4
10020,2941,incoming,4
10020,2955,incoming,22
10020,2975,incoming,6
10020,3001,outandin,2
10020,3012,incoming,8
10020,3013,outandin,1
10020,3040,outandin,3
10020,3055,outandin,1
10020,3060,incoming,2
10020,3066,outandin,2
10020,3082,outandin,2
10020,3084,outandin,2
10020,3090,outandin,1
10020,3114,incoming,2
10020,3127,outandin,3
10020,3132,outandin,1
10020,3135,incoming,5
10020,3137,incoming,7
10020,3140,incoming,1
10020,3146,incoming,6
10020,3172,incoming,2
10020,3239,outandin,1
10020,3242,incoming,2
10020,3271,outandin,1
10020,3288,outandin,1
10020,3295,outandin,1
10020,3337,incoming,4
10020,3342,incoming,5
10020,3348,incoming,2
10020,3361,incoming,3
10020,3365,incoming,8
10020,3367,incoming,10
10020,3403,incoming,9
10020,3434,incoming,8
10020,3445,incoming,19
10020,3490,outandin,2
10020,3496,incoming,16
10020,3594,incoming,9
10020,3610,incoming,18
10020,3611,incoming,6
10020,3612,incoming,1
10020,3615,outandin,2
10020,3623,incoming,14
10020,3631,incoming,6
10020,3634,incoming,25
10020,3659,incoming,3
10020,3686,outandin,5
10020,3689,incoming,8
10020,3694,incoming,1
10020,3723,outandin,1
10020,3725,incoming,1
10020,3757,incoming,7
10020,3763,incoming,11
10020,3768,outandin,7
10020,3789,outandin,1
10020,3848,outandin,3
10020,3858,incoming,1
10020,3874,incoming,2
10020,3932,incoming,24
10020,3944,incoming,1
10020,3947,incoming,13
10020,3955,incoming,12
10020,3963,incoming,9
10020,3989,incoming,7
10020,3992,outandin,1
10020,4005,incoming,5
10020,4025,incoming,1
10020,4031,incoming,8
10020,4033,outandin,4
10020,4035,incoming,2
10020,4057,outandin,5
10020,4076,outandin,1
10020,4115,outandin,1
10020,4121,incoming,2
10020,4138,incoming,2
10020,4223,outandin,1
10020,4248,outandin,1
10020,4265,outandin,3
10020,4281,outandin,2
10020,4285,incoming,14
10020,4286,outandin,2
10020,4318,incoming,25
10020,4404,incoming,4
10020,4444,incoming,3
10020,4528,incoming,6
10020,4534,incoming,1
10020,4544,outandin,7
10020,4583,incoming,9
10020,4615,outandin,7
10020,4638,incoming,1
10020,4646,incoming,2
10020,4682,incoming,14
10020,4686,incoming,2
10020,4690,incoming,1
10020,4695,incoming,5
10020,4732,outandin,1
10020,4739,outandin,2
10020,4741,outandin,3
10020,4755,incoming,2
10020,4756,outandin,5
10020,4771,incoming,2
10020,4801,outandin,1
10020,4814,outandin,1
10020,4820,outandin,2
10020,4846,outandin,1
10020,4850,outandin,1
10020,4864,outandin,1
10020,4866,incoming,2
10020,4876,incoming,4
10020,4878,outandin,1
10020,4895,outandin,1
10020,4913,incoming,2
10020,4916,outandin,2
10020,4961,outandin,1
10020,5008,incoming,1
10020,5022,incoming,1
10020,5044,incoming,3
10020,5059,incoming,1
10020,5073,incoming,1
10020,5079,incoming,4
10020,5153,outandin,1
10020,5197,incoming,3
10020,5219,incoming,2
10020,5246,outandin,1
10020,5277,incoming,8
10020,5279,incoming,1
10020,5287,outandin,2
10020,5289,incoming,15
10020,5304,outandin,2
10020,5313,outandin,1
10020,5388,outandin,1
10020,5392,outandin,1
10020,5406,incoming,6
10020,5412,outandin,1
10020,5416,outandin,1
10020,5444,incoming,3
10020,5473,incoming,31
10020,5492,incoming,6
10020,5495,outandin,1
10020,5534,incoming,2
10020,5569,incoming,5
10020,5580,outandin,1
10020,5588,incoming,1
10020,5590,incoming,2
10020,5624,incoming,1
10020,5630,outandin,1
10020,5638,incoming,2
10020,5639,outandin,1
10020,5640,outandin,1
10020,5648,outandin,2
10020,5666,outandin,3
10020,5690,incoming,1
10020,5711,outandin,1
10020,5729,incoming,4
10020,5752,incoming,6
10020,5761,outandin,2
10020,5794,incoming,1
10020,5799,outandin,1
10020,5827,incoming,3
10020,5831,outandin,1
10020,5833,incoming,2
10020,5842,incoming,14
10020,5856,outandin,1
10020,5860,incoming,3
10020,5892,incoming,4
10020,5914,incoming,6
10020,5929,outandin,2
10020,5944,incoming,2
10020,5974,incoming,8
10020,5988,incoming,10
10020,5996,outandin,1
10020,6001,incoming,16
10020,6007,outandin,1
10020,6030,incoming,1
10020,6091,outandin,26
10020,6100,outandin,1
10020,6104,incoming,1
10020,6120,outandin,1
10020,6130,incoming,4
10020,6132,outandin,1
10020,6188,incoming,7
10020,6215,incoming,2
10020,6220,incoming,2
10020,6223,outandin,1
10020,6225,incoming,4
10020,6247,incoming,2
10020,6268,outandin,1
10020,6303,incoming,2
10020,6310,outandin,1
10020,6317,outandin,1
10020,6365,incoming,2
10020,6403,incoming,3
10020,6404,outandin,1
10020,6415,incoming,5
10020,6421,incoming,1
10020,6424,incoming,3
10020,6440,incoming,12
10020,6449,outandin,1
10020,6461,outandin,1
10020,6464,outandin,1
10020,6473,outandin,1
10020,6487,incoming,3
10020,6575,incoming,10
10020,6577,incoming,1
10020,6585,incoming,1
10020,6586,outandin,4
10020,6615,outandin,1
10020,6619,outandin,1
10020,6659,outandin,1
10020,6669,outandin,1
10020,6690,incoming,1
10020,6708,outandin,2
10020,6714,outandin,2
10020,6717,incoming,2
10020,6758,outandin,1
10020,6760,incoming,8
10020,6765,incoming,1
10020,6772,incoming,2
10020,6777,incoming,6
10020,6794,incoming,1
10020,6807,outandin,1
10020,6830,incoming,2
10020,6844,incoming,2
10020,6857,outandin,1
10020,6862,outandin,1
10020,6872,outandin,1
10020,6876,outandin,1
10020,6888,outandin,7
10020,6910,incoming,1
10020,6952,outandin,1
10020,6967,outandin,1
10020,6970,outandin,2
10020,6982,outandin,1
10020,7037,outandin,2
10020,7040,outandin,1
10020,7045,incoming,8
10020,7051,incoming,2
10020,7057,incoming,1
10020,7068,incoming,1
10020,7118,incoming,7
10020,7127,incoming,8
10020,7135,incoming,1
10020,7194,outandin,1
10020,7228,outandin,1
10020,7235,outandin,1
10020,7239,incoming,1
10020,7263,outandin,1
10020,7269,incoming,4
10020,7281,outandin,2
10020,7333,incoming,10
10020,7336,outandin,1
10020,7354,incoming,12
10020,7355,incoming,1
10020,7360,outandin,3
10020,7393,incoming,2
10020,7405,outandin,1
10020,7411,outandin,2
10020,7423,incoming,1
10020,7434,incoming,1
10020,7436,incoming,2
10020,7441,outandin,2
10020,7444,incoming,1
10020,7448,outandin,2
10020,7450,outandin,1
10020,7518,outandin,2
10020,7526,incoming,2
10020,7583,incoming,1
10020,7599,incoming,4
10020,7619,incoming,32
10020,7623,incoming,1
10020,7630,incoming,1
10020,7646,incoming,1
10020,7652,outandin,26
10020,7663,outandin,3
10020,7668,incoming,2
10020,7712,outandin,1
10020,7713,outandin,3
10020,7730,incoming,2
10020,7732,incoming,1
10020,7742,outandin,1
10020,7748,incoming,1
10020,7783,outandin,1
10020,7792,incoming,1
10020,7805,outandin,1
10020,7883,incoming,3
10020,7896,outandin,1
10020,7939,outandin,4
10020,7941,incoming,5
10020,7969,incoming,9
10020,7970,outandin,1
10020,7982,outandin,1
10020,8008,outandin,1
10020,8044,outandin,1
10020,8181,incoming,2
10020,8217,incoming,1
10020,8251,outandin,1
10020,8258,outandin,1
10020,8289,incoming,2
10020,8292,outandin,3
10020,8332,outandin,1
10020,8334,outandin,1
10020,8355,incoming,1
10020,8394,incoming,1
10020,8400,incoming,1
10020,8435,outandin,2
10020,8441,incoming,3
10020,8448,incoming,1
10020,8451,outandin,1
10020,8460,incoming,7
10020,8467,outandin,1
10020,8488,incoming,2
10020,8531,outandin,1
10011,13,incoming,17
10011,19,incoming,12
10011,42,incoming,80
10011,147,incoming,17
10011,149,incoming,8
10011,159,incoming,49
10011,174,outandin,2
10011,179,incoming,25
10011,218,incoming,36
10011,255,incoming,9
10011,272,incoming,44
10011,275,incoming,32
10011,304,incoming,120
10011,323,incoming,3
10011,370,incoming,39
10011,386,incoming,7
10011,441,outandin,3
10011,474,incoming,8
10011,486,incoming,81
10011,501,incoming,5
10011,510,incoming,21
10011,533,incoming,15
10011,553,incoming,18
10011,561,incoming,15
10011,564,incoming,56
10011,579,incoming,3
10011,647,incoming,3
10011,711,outandin,1
10011,715,incoming,11
10011,733,incoming,14
10011,748,incoming,5
10011,756,incoming,34
10011,774,incoming,28
10011,803,incoming,28
10011,825,incoming,9
10011,853,outandin,51
10011,856,incoming,6
10011,885,incoming,17
10011,886,incoming,8
10011,910,incoming,42
10011,937,incoming,27
10011,941,outandin,1
10011,942,incoming,19
10011,949,incoming,16
10011,997,outandin,2
10011,1008,incoming,16
10011,1017,incoming,9
10011,1034,incoming,27
10011,1107,incoming,6
10011,1120,incoming,14
10011,1173,incoming,25
10011,1232,incoming,6
10011,1240,incoming,3
10011,1265,outandin,1
10011,1311,incoming,2
10011,1336,incoming,18
10011,1384,incoming,26
10011,1504,incoming,5
10011,1535,incoming,11
10011,1555,incoming,32
10011,1565,incoming,6
10011,1632,incoming,6
10011,1637,outandin,2
10011,1664,incoming,30
10011,1771,incoming,14
10011,1776,incoming,21
10011,1798,incoming,30
10011,1815,incoming,14
10011,2062,incoming,11
10011,2069,outandin,2
10011,2208,outandin,1
10011,2242,incoming,18
10011,2273,incoming,21
10011,2326,incoming,14
10011,2347,incoming,25
10011,2366,incoming,11
10011,2469,incoming,8
10011,2508,outandin,2
10011,2669,incoming,9
10011,2710,outandin,1
10011,2714,outandin,1
10011,2717,outandin,1
10011,2878,outandin,1
10011,2917,incoming,12
10011,3055,outandin,3
10011,3098,incoming,20
10011,3107,incoming,30
10011,3253,incoming,37
10011,3292,incoming,1
10011,3391,incoming,20
10011,3400,incoming,7
10011,3475,incoming,6
10011,3606,incoming,10
10011,3660,incoming,8
10011,3721,incoming,20
10011,3780,incoming,5
10011,3851,incoming,10
10011,3887,incoming,31
10011,3984,incoming,23
10011,4046,incoming,11
10011,4141,incoming,26
10011,4151,incoming,9
10011,4152,incoming,7
10011,4211,incoming,19
10011,4230,incoming,11
10011,4325,outandin,1
10011,4333,incoming,5
10011,4418,incoming,4
10011,4466,incoming,12
10011,4495,incoming,9
10011,4546,incoming,6
10011,4617,incoming,16
10011,4651,incoming,10
10011,4700,incoming,8
10011,4786,outandin,3
10011,4787,outandin,1
10011,4855,outandin,3
10011,4885,incoming,26
10011,4998,incoming,7
10011,5023,incoming,1
10011,5051,incoming,9
10011,5056,incoming,2
10011,5087,incoming,5
10011,5232,outandin,1
10011,5293,incoming,5
10011,5325,incoming,1
10011,5424,incoming,4
10011,5452,incoming,5
10011,5567,incoming,8
10011,5851,incoming,16
10011,5855,incoming,2
10011,5938,incoming,5
10011,5955,incoming,10
10011,6293,incoming,8
10011,6299,incoming,6
10011,6310,outandin,2
10011,6561,incoming,18
10011,6571,incoming,8
10011,6657,outandin,2
10011,6801,incoming,2
10011,6803,incoming,2
10011,6805,incoming,6
10011,6877,incoming,2
10011,6934,incoming,3
10011,7246,incoming,8
10011,7259,incoming,3
10011,7330,incoming,20
10011,7508,incoming,3
10011,7520,incoming,2
10011,7526,incoming,2
10011,7531,incoming,2
10011,7535,incoming,10
10011,7561,outandin,1
10011,7604,outandin,2
10011,7829,incoming,14
10011,8044,outandin,2
10011,8053,incoming,2
10011,8274,incoming,1
10011,8449,incoming,2
10071,117,incoming,8
10071,200,outandin,1
10071,259,incoming,13
10071,268,incoming,6
10071,273,incoming,12
10071,299,incoming,5
10071,311,incoming,180
10071,364,incoming,10
10071,383,incoming,9
10071,519,incoming,13
10071,614,incoming,10
10071,624,incoming,24
10071,693,incoming,11
10071,719,incoming,7
10071,750,incoming,8
10071,909,incoming,12
10071,918,incoming,5
10071,963,incoming,4
10071,971,incoming,10
10071,975,incoming,11
10071,1019,incoming,11
10071,1046,incoming,1
10071,1224,incoming,6
10071,1231,incoming,11
10071,1254,incoming,10
10071,1835,outandin,1
10071,1868,incoming,3
10071,1891,incoming,10
10071,1983,incoming,38
10071,2017,incoming,11
10071,2181,incoming,20
10071,2187,incoming,7
10071,2189,incoming,33
10071,2227,incoming,8
10071,2290,incoming,13
10071,2309,incoming,9
10071,2379,incoming,10
10071,2443,incoming,9
10071,2491,incoming,4
10071,2500,outandin,1
10071,2554,incoming,7
10071,2578,incoming,3
10071,2584,incoming,6
10071,2628,outandin,1
10071,2631,incoming,10
10071,2646,incoming,2
10071,2698,incoming,9
10071,2774,incoming,6
10071,2777,outandin,2
10071,2846,outandin,4
10071,2890,incoming,12
10071,2960,incoming,10
10071,2967,incoming,2
10071,3008,incoming,15
10071,3158,incoming,5
10071,3164,outandin,3
10071,3172,outandin,2
10071,3185,incoming,12
10071,3192,incoming,10
10071,3194,incoming,7
10071,3204,incoming,5
10071,3233,incoming,5
10071,3241,incoming,14
10071,3388,incoming,4
10071,3409,incoming,5
10071,3449,incoming,5
10071,3487,incoming,7
10071,3540,outandin,1
10071,3562,incoming,13
10071,3617,incoming,1
10071,3721,incoming,2
10071,3729,incoming,10
10071,3767,incoming,5
10071,3794,incoming,14
10071,3816,incoming,3
10071,3905,incoming,13
10071,3914,outandin,1
10071,3934,incoming,5
10071,3969,incoming,17
10071,4055,outandin,3
10071,4102,outandin,6
10071,4115,outandin,1
10071,4144,incoming,12
10071,4180,incoming,14
10071,4224,incoming,10
10071,4300,incoming,32
10071,4320,incoming,8
10071,4370,incoming,10
10071,4399,incoming,11
10071,4403,incoming,7
10071,4420,incoming,7
10071,4475,incoming,5
10071,4478,incoming,13
10071,4489,incoming,11
10071,4494,incoming,12
10071,4504,incoming,8
10071,4562,incoming,8
10071,4572,incoming,8
10071,4588,incoming,10
10071,4590,incoming,14
10071,4598,incoming,4
10071,4610,incoming,1
10071,4612,incoming,5
10071,4617,outandin,1
10071,4625,outandin,4
10071,4662,incoming,17
10071,4663,outandin,10
10071,4670,incoming,8
10071,4672,incoming,8
10071,4713,incoming,11
10071,4795,incoming,1
10071,4804,incoming,11
10071,4907,outandin,1
10071,5119,incoming,11
10071,5144,incoming,19
10071,5196,incoming,14
10071,5323,incoming,14
10071,5329,incoming,8
10071,5383,incoming,2
10071,5405,incoming,4
10071,5418,incoming,16
10071,5462,incoming,10
10071,5538,incoming,13
10071,5543,incoming,8
10071,5598,incoming,1
10071,5692,incoming,3
10071,5697,incoming,9
10071,5786,incoming,1
10071,5883,outandin,3
10071,5894,incoming,5
10071,5911,incoming,6
10071,6131,incoming,4
10071,6148,incoming,6
10071,6262,incoming,3
10071,6379,incoming,3
10071,6437,incoming,3
10071,6439,incoming,4
10071,6530,incoming,6
10071,6628,incoming,3
10071,6652,incoming,3
10071,6660,incoming,6
10071,6758,outandin,1
10071,6887,incoming,4
10071,6999,incoming,21
10071,7004,incoming,5
10071,7252,incoming,2
10071,7297,incoming,6
10071,7321,incoming,2
10071,7489,incoming,6
10071,7590,incoming,3
10071,7623,incoming,1
10071,7700,incoming,7
10071,7752,incoming,1
10071,7770,incoming,4
10071,7884,incoming,5
10071,7957,incoming,3
10071,7981,incoming,5
10071,8061,incoming,1
10071,8128,incoming,2
10071,8258,outandin,4
10071,8339,incoming,1
10071,8397,incoming,3
10071,8399,incoming,1
10071,8404,outandin,1
10071,8429,incoming,2
10071,8434,incoming,1
10039,22,incoming,3
10039,63,incoming,13
10039,75,incoming,10
10039,85,incoming,3
10039,115,incoming,44
10039,129,incoming,306
10039,158,incoming,4
10039,164,incoming,2
10039,170,incoming,12
10039,177,incoming,1
10039,184,outandin,3
10039,195,outandin,16
10039,196,incoming,14
10039,198,incoming,1
10039,200,outandin,1
10039,242,incoming,4
10039,264,incoming,1
10039,274,incoming,2
10039,314,incoming,7
10039,383,outandin,1
10039,410,incoming,13
10039,522,incoming,5
10039,530,incoming,46
10039,544,outandin,2
10039,587,incoming,2
10039,594,incoming,5
10039,691,outandin,1
10039,765,incoming,9
10039,772,incoming,50
10039,778,incoming,1
10039,781,incoming,4
10039,788,outandin,3
10039,808,outandin,1
10039,820,outandin,1
10039,832,incoming,33
10039,834,incoming,8
10039,862,outandin,4
10039,892,outandin,1
10039,906,incoming,1
10039,914,incoming,13
10039,947,incoming,4
10039,1001,incoming,1
10039,1037,incoming,1
10039,1060,incoming,12
10039,1070,incoming,22
10039,1096,outandin,1
10039,1148,incoming,15
10039,1172,incoming,20
10039,1199,outandin,1
10039,1236,incoming,14
10039,1238,incoming,1
10039,1252,incoming,17
10039,1256,outandin,1
10039,1276,incoming,5
10039,1290,incoming,5
10039,1291,incoming,26
10039,1374,incoming,144
10039,1381,incoming,2
10039,1400,incoming,8
10039,1424,incoming,2
10039,1427,incoming,9
10039,1526,incoming,7
10039,1539,incoming,8
10039,1569,outandin,1
10039,1588,outandin,7
10039,1596,outandin,1
10039,1616,outandin,3
10039,1634,incoming,5
10039,1647,incoming,2
10039,1658,outandin,1
10039,1679,outandin,27
10039,1683,incoming,41
10039,1698,outandin,1
10039,1750,incoming,5
10039,1754,incoming,9
10039,1763,incoming,4
10039,1803,incoming,7
10039,1814,incoming,45
10039,1817,outandin,1
10039,1878,incoming,40
10039,1916,incoming,1
10039,1968,incoming,5
10039,1997,incoming,4
10039,2065,outandin,1
10039,2075,incoming,13
10039,2077,incoming,11
10039,2079,incoming,5
10039,2099,incoming,40
10039,2103,outandin,13
10039,2109,incoming,12
10039,2110,outandin,5
10039,2223,incoming,2
10039,2279,outandin,7
10039,2304,outandin,1
10039,2344,outandin,1
10039,2365,outandin,9
10039,2368,incoming,15
10039,2369,outandin,1
10039,2376,incoming,7
10039,2446,incoming,6
10039,2457,incoming,34
10039,2500,incoming,2
10039,2504,incoming,3
10039,2537,incoming,4
10039,2541,incoming,3
10039,2555,incoming,2
10039,2561,incoming,46
10039,2601,incoming,6
10039,2653,outandin,1
10039,2699,incoming,5
10039,2706,incoming,27
10039,2734,incoming,5
10039,2741,outandin,1
10039,2744,incoming,5
10039,2785,incoming,6
10039,2795,incoming,1
10039,2802,incoming,13
10039,2809,incoming,12
10039,2865,incoming,18
10039,2874,incoming,12
10039,2894,outandin,2
10039,2913,incoming,16
10039,2923,outandin,2
10039,2945,incoming,13
10039,2964,incoming,2
10039,2969,outandin,1
10039,3011,outandin,5
10039,3025,outandin,2
10039,3056,outandin,1
10039,3063,incoming,4
10039,3066,outandin,1
10039,3087,outandin,6
10039,3122,incoming,14
10039,3183,outandin,1
10039,3184,incoming,17
10039,3190,incoming,10
10039,3197,incoming,13
10039,3219,incoming,3
10039,3256,incoming,6
10039,3284,outandin,2
10039,3305,incoming,1
10039,3317,outandin,3
10039,3335,incoming,6
10039,3356,incoming,11
10039,3361,incoming,1
10039,3369,incoming,4
10039,3382,incoming,13
10039,3446,outandin,1
10039,3451,outandin,5
10039,3476,outandin,3
10039,3524,incoming,4
10039,3538,incoming,1
10039,3572,incoming,3
10039,3575,outandin,2
10039,3620,incoming,5
10039,3625,outandin,1
10039,3670,outandin,3
10039,3691,incoming,5
10039,3698,outandin,16
10039,3702,incoming,4
10039,3711,incoming,5
10039,3753,incoming,2
10039,3789,incoming,2
10039,3800,incoming,10
10039,3852,outandin,1
10039,3862,outandin,1
10039,3906,incoming,1
10039,3925,incoming,1
10039,3929,outandin,2
10039,4024,outandin,1
10039,4036,incoming,7
10039,4053,outandin,2
10039,4066,incoming,2
10039,4080,incoming,12
10039,4092,incoming,6
10039,4105,outandin,1
10039,4108,outandin,1
10039,4171,incoming,2
10039,4194,outandin,1
10039,4241,incoming,1
10039,4248,outandin,1
10039,4255,incoming,7
10039,4346,outandin,2
10039,4362,outandin,3
10039,4377,outandin,1
10039,4426,outandin,5
10039,4437,incoming,1
10039,4484,incoming,12
10039,4618,outandin,2
10039,4626,incoming,3
10039,4666,incoming,4
10039,4726,incoming,8
10039,4731,outandin,3
10039,4748,outandin,1
10039,4750,incoming,3
10039,4775,incoming,9
10039,4794,incoming,2
10039,4830,incoming,21
10039,4844,incoming,3
10039,4880,incoming,7
10039,4895,outandin,1
10039,5009,outandin,1
10039,5022,outandin,1
10039,5040,incoming,16
10039,5115,incoming,15
10039,5153,outandin,2
10039,5154,incoming,21
10039,5200,incoming,15
10039,5219,incoming,1
10039,5246,outandin,1
10039,5291,outandin,1
10039,5339,incoming,2
10039,5352,incoming,15
10039,5407,incoming,8
10039,5423,outandin,1
10039,5513,incoming,4
10039,5516,outandin,7
10039,5528,incoming,14
10039,5532,incoming,2
10039,5556,incoming,6
10039,5562,outandin,1
10039,5573,incoming,9
10039,5602,incoming,10
10039,5607,incoming,5
10039,5626,incoming,3
10039,5631,outandin,3
10039,5633,incoming,6
10039,5643,incoming,15
10039,5660,outandin,2
10039,5691,incoming,5
10039,5711,outandin,1
10039,5715,incoming,9
10039,5743,incoming,5
10039,5745,incoming,6
10039,5810,incoming,4
10039,5834,incoming,10
10039,5839,outandin,4
10039,5860,outandin,4
10039,5904,incoming,1
10039,5907,incoming,2
10039,5914,outandin,1
10039,5995,outandin,9
10039,6007,incoming,6
10039,6029,incoming,4
10039,6046,outandin,1
10039,6050,incoming,7
10039,6072,outandin,3
10039,6103,incoming,1
10039,6107,outandin,4
10039,6128,incoming,3
10039,6167,outandin,1
10039,6171,incoming,6
10039,6173,outandin,1
10039,6214,incoming,4
10039,6234,outandin,4
10039,6235,incoming,13
10039,6274,incoming,14
10039,6328,incoming,1
10039,6359,incoming,1
10039,6390,incoming,1
10039,6400,incoming,8
10039,6415,outandin,1
10039,6425,outandin,2
10039,6478,incoming,2
10039,6510,outandin,1
10039,6526,outandin,3
10039,6587,outandin,2
10039,6760,outandin,1
10039,6779,outandin,1
10039,6793,outandin,1
10039,6819,outandin,2
10039,6857,incoming,5
10039,6876,outandin,1
10039,6888,outandin,1
10039,6911,outandin,1
10039,6915,outandin,120
10039,6964,incoming,1
10039,6972,incoming,9
10039,6984,incoming,1
10039,7001,incoming,1
10039,7012,outandin,1
10039,7072,incoming,1
10039,7171,incoming,2
10039,7174,incoming,2
10039,7206,incoming,3
10039,7222,incoming,1
10039,7265,outandin,1
10039,7294,incoming,11
10039,7305,incoming,5
10039,7363,incoming,16
10039,7404,outandin,1
10039,7421,incoming,17
10039,7481,incoming,3
10039,7543,outandin,1
10039,7668,outandin,1
10039,7691,outandin,1
10039,7694,incoming,6
10039,7703,outandin,2
10039,7709,outandin,3
10039,7783,incoming,1
10039,7789,incoming,2
10039,7803,incoming,3
10039,7811,incoming,3
10039,7836,incoming,1
10039,7963,incoming,1
10039,8076,incoming,2
10039,8089,incoming,3
10039,8097,outandin,8
10039,8116,incoming,1
10039,8167,incoming,1
10039,8174,outandin,1
10039,8177,incoming,14
10039,8206,outandin,1
10039,8207,incoming,1
10039,8231,incoming,4
10039,8248,incoming,2
10039,8254,outandin,1
10039,8295,incoming,3
10039,8359,outandin,1
10039,8360,incoming,1
10039,8383,incoming,3
10039,8388,outandin,2
10039,8441,incoming,1
10039,8482,incoming,2
10047,72,incoming,14
10047,96,incoming,5
10047,152,outandin,34
10047,199,incoming,17
10047,213,incoming,7
10047,224,incoming,12
10047,235,incoming,3
10047,278,incoming,33
10047,286,incoming,6
10047,355,incoming,16
10047,362,incoming,9
10047,422,incoming,17
10047,467,incoming,7
10047,505,incoming,15
10047,529,incoming,17
10047,670,incoming,12
10047,799,outandin,2
10047,804,incoming,19
10047,1112,incoming,8
10047,1191,incoming,8
10047,1208,incoming,25
10047,1247,incoming,8
10047,1275,incoming,9
10047,1283,incoming,8
10047,1321,incoming,1
10047,1324,incoming,7
10047,1362,incoming,11
10047,1410,incoming,18
10047,1450,incoming,21
10047,1503,incoming,39
10047,1514,outandin,4
10047,1533,outandin,13
10047,1558,incoming,30
10047,1641,incoming,52
10047,1656,outandin,7
10047,1660,incoming,16
10047,1732,incoming,30
10047,1742,incoming,13
10047,1821,incoming,7
10047,1865,outandin,2
10047,2217,incoming,3
10047,2225,incoming,13
10047,2274,outandin,5
10047,2358,incoming,11
10047,2363,incoming,3
10047,2434,outandin,1
10047,2756,incoming,4
10047,2830,incoming,7
10047,3042,incoming,7
10047,3129,incoming,8
10047,3189,incoming,10
10047,3355,incoming,5
10047,3394,outandin,15
10047,3595,outandin,9
10047,3654,incoming,8
10047,3655,incoming,7
10047,3799,incoming,3
10047,3811,incoming,6
10047,3999,incoming,2
10047,4015,incoming,6
10047,4058,incoming,11
10047,4059,incoming,3
10047,4074,outandin,3
10047,4084,incoming,15
10047,4086,outandin,4
10047,4106,incoming,7
10047,4147,incoming,32
10047,4262,incoming,3
10047,4277,incoming,16
10047,4492,incoming,9
10047,4547,incoming,4
10047,4549,incoming,7
10047,4573,outandin,51
10047,4596,incoming,26
10047,4679,incoming,21
10047,4697,incoming,8
10047,4799,incoming,2
10047,4824,incoming,5
10047,4835,incoming,3
10047,4877,incoming,6
10047,4927,incoming,15
10047,4980,incoming,10
10047,5024,incoming,18
10047,5187,incoming,2
10047,5245,incoming,19
10047,5589,outandin,51
10047,5674,incoming,18
10047,5700,incoming,6
10047,5721,incoming,8
10047,6015,outandin,1
10047,6115,incoming,6
10047,6153,incoming,5
10047,6364,incoming,23
10047,6431,outandin,2
10047,6452,incoming,26
10047,6455,incoming,3
10047,6529,incoming,20
10047,6685,outandin,8
10047,6726,incoming,6
10047,6749,incoming,7
10047,6770,incoming,9
10047,6776,incoming,23
10047,6812,incoming,11
10047,6839,incoming,6
10047,6853,incoming,11
10047,6992,outandin,1
10047,7038,outandin,4
10047,7058,incoming,1
10047,7108,incoming,21
10047,7125,incoming,6
10047,7191,incoming,4
10047,7223,incoming,4
10047,7267,incoming,4
10047,7270,incoming,6
10047,7375,incoming,20
10047,7396,incoming,1
10047,7467,incoming,5
10047,7549,outandin,3
10047,7562,incoming,2
10047,7572,incoming,14
10047,7603,incoming,10
10047,7616,incoming,6
10047,7625,outandin,6
10047,7654,incoming,4
10047,7660,incoming,3
10047,7669,incoming,5
10047,7705,incoming,3
10047,7866,incoming,18
10047,7987,incoming,9
10047,8028,incoming,2
10047,8033,incoming,4
10047,8081,incoming,13
10047,8146,incoming,5
10047,8164,incoming,20
10047,8242,incoming,11
10047,8250,outandin,1
10047,8293,incoming,3
10047,8298,incoming,2
10047,8417,incoming,3
10047,8463,incoming,4
10047,8513,incoming,2
10047,8547,incoming,1
10047,8556,incoming,2
10055,12,outandin,1
10055,38,outandin,1
10055,87,incoming,1
10055,139,incoming,3
10055,161,outandin,1
10055,193,outandin,1
10055,196,incoming,1
10055,209,outandin,4
10055,217,outandin,2
10055,230,incoming,4
10055,231,incoming,6
10055,254,outandin,1
10055,267,outandin,1
10055,319,outandin,1
10055,324,outandin,1
10055,328,outandin,2
10055,363,incoming,1
10055,412,incoming,3
10055,413,outandin,2
10055,426,outandin,2
10055,429,outandin,2
10055,436,outandin,1
10055,445,outandin,1
10055,446,outandin,1
10055,447,outandin,1
10055,448,outandin,1
10055,451,incoming,3
10055,457,outandin,7
10055,466,outandin,1
10055,497,outandin,2
10055,498,incoming,3
10055,503,incoming,1
10055,512,incoming,2
10055,519,outandin,1
10055,543,incoming,3
10055,551,outandin,2
10055,554,incoming,10
10055,560,incoming,1
10055,585,outandin,2
10055,596,incoming,2
10055,612,outandin,1
10055,617,incoming,2
10055,661,outandin,1
10055,672,outandin,1
10055,681,outandin,1
10055,691,outandin,4
10055,753,outandin,1
10055,762,outandin,1
10055,772,outandin,1
10055,785,incoming,3
10055,790,outandin,1
10055,800,incoming,1
10055,811,incoming,1
10055,820,outandin,2
10055,831,outandin,1
10055,851,outandin,1
10055,905,outandin,1
10055,914,outandin,1
10055,943,incoming,7
10055,951,incoming,4
10055,960,incoming,1
10055,980,outandin,1
10055,1008,outandin,1
10055,1016,outandin,2
10055,1024,outandin,2
10055,1026,outandin,1
10055,1033,incoming,2
10055,1043,outandin,3
10055,1046,outandin,1
10055,1047,outandin,2
10055,1060,incoming,6
10055,1064,outandin,2
10055,1088,outandin,4
10055,1096,outandin,1
10055,1100,incoming,4
10055,1103,incoming,1
10055,1105,incoming,1
10055,1107,outandin,1
10055,1110,outandin,1
10055,1132,incoming,2
10055,1135,outandin,1
10055,1157,outandin,6
10055,1160,outandin,2
10055,1164,incoming,1
10055,1189,outandin,5
10055,1234,incoming,1
10055,1236,incoming,1
10055,1238,incoming,70
10055,1248,outandin,1
10055,1249,outandin,1
10055,1253,outandin,13
10055,1256,outandin,2
10055,1264,outandin,1
10055,1266,incoming,1
10055,1305,outandin,2
10055,1308,incoming,1
10055,1309,incoming,6
10055,1316,outandin,3
10055,1342,outandin,1
10055,1361,incoming,22
10055,1375,outandin,1
10055,1396,outandin,5
10055,1398,outandin,5
10055,1404,outandin,1
10055,1437,outandin,1
10055,1456,incoming,7
10055,1462,outandin,3
10055,1483,incoming,2
10055,1487,outandin,3
10055,1527,incoming,4
10055,1528,outandin,1
10055,1530,outandin,3
10055,1531,outandin,1
10055,1552,outandin,1
10055,1554,incoming,1
10055,1568,outandin,2
10055,1580,incoming,5
10055,1583,outandin,2
10055,1593,incoming,4
10055,1598,incoming,11
10055,1613,outandin,1
10055,1625,incoming,6
10055,1654,incoming,1
10055,1658,incoming,1
10055,1674,outandin,1
10055,1682,outandin,1
10055,1700,incoming,1
10055,1702,outandin,4
10055,1720,incoming,4
10055,1770,outandin,1
10055,1788,outandin,3
10055,1796,incoming,2
10055,1799,outandin,1
10055,1866,incoming,3
10055,1872,incoming,1
10055,1893,incoming,1
10055,1899,outandin,1
10055,1915,incoming,1
10055,1939,outandin,1
10055,1973,incoming,2
10055,1996,incoming,10
10055,2010,outandin,2
10055,2040,incoming,1
10055,2065,outandin,3
10055,2140,incoming,2
10055,2145,incoming,11
10055,2162,incoming,4
10055,2174,outandin,1
10055,2178,outandin,2
10055,2188,outandin,2
10055,2207,outandin,1
10055,2236,outandin,1
10055,2273,outandin,1
10055,2327,incoming,1
10055,2402,incoming,2
10055,2430,outandin,1
10055,2433,outandin,1
10055,2437,incoming,3
10055,2446,incoming,9
10055,2459,outandin,2
10055,2470,outandin,1
10055,2494,incoming,3
10055,2501,incoming,2
10055,2511,incoming,8
10055,2552,incoming,2
10055,2568,outandin,3
10055,2612,outandin,1
10055,2670,outandin,1
10055,2717,incoming,5
10055,2718,incoming,1
10055,2736,incoming,3
10055,2737,outandin,2
10055,2768,outandin,1
10055,2769,incoming,1
10055,2799,outandin,1
10055,2804,incoming,1
10055,2825,incoming,2
10055,2840,incoming,1
10055,2866,outandin,1
10055,2869,outandin,1
10055,2875,incoming,3
10055,2881,incoming,4
10055,2948,outandin,2
10055,3037,outandin,2
10055,3046,incoming,2
10055,3103,incoming,1
10055,3128,incoming,6
10055,3137,outandin,1
10055,3141,outandin,2
10055,3142,outandin,1
10055,3163,outandin,1
10055,3171,incoming,4
10055,3174,incoming,19
10055,3177,incoming,3
10055,3178,outandin,1
10055,3210,incoming,1
10055,3242,outandin,1
10055,3271,incoming,1
10055,3316,outandin,2
10055,3332,incoming,2
10055,3345,outandin,1
10055,3372,incoming,7
10055,3399,incoming,3
10055,3408,outandin,1
10055,3425,outandin,1
10055,3454,incoming,2
10055,3465,incoming,5
10055,3478,outandin,1
10055,3488,outandin,1
10055,3495,outandin,1
10055,3502,outandin,1
10055,3505,incoming,3
10055,3552,incoming,1
10055,3584,incoming,1
10055,3586,incoming,1
10055,3598,outandin,6
10055,3613,incoming,4
10055,3621,incoming,2
10055,3643,outandin,2
10055,3677,outandin,1
10055,3720,outandin,1
10055,3722,incoming,3
10055,3724,outandin,1
10055,3734,incoming,1
10055,3743,incoming,1
10055,3770,incoming,3
10055,3781,incoming,6
10055,3786,incoming,1
10055,3792,incoming,3
10055,3796,outandin,1
10055,3804,outandin,2
10055,3830,incoming,2
10055,3831,incoming,1
10055,3854,outandin,1
10055,3859,outandin,1
10055,3911,incoming,2
10055,3916,incoming,1
10055,3919,incoming,96
10055,3989,outandin,1
10055,3992,outandin,1
10055,4002,incoming,1
10055,4043,incoming,1
10055,4055,outandin,1
10055,4057,incoming,5
10055,4098,outandin,4
10055,4109,outandin,1
10055,4115,outandin,1
10055,4127,outandin,4
10055,4183,incoming,2
10055,4205,outandin,9
10055,4220,outandin,1
10055,4223,incoming,2
10055,4231,incoming,2
10055,4240,outandin,1
10055,4242,incoming,1
10055,4259,outandin,1
10055,4275,outandin,1
10055,4304,incoming,17
10055,4331,outandin,1
10055,4371,outandin,1
10055,4377,outandin,1
10055,4378,incoming,2
10055,4395,outandin,8
10055,4439,incoming,1
10055,4457,outandin,2
10055,4472,incoming,21
10055,4498,incoming,1
10055,4503,outandin,4
10055,4532,incoming,1
10055,4534,incoming,4
10055,4628,incoming,4
10055,4640,outandin,1
10055,4671,outandin,1
10055,4694,outandin,1
10055,4696,incoming,2
10055,4711,outandin,1
10055,4718,incoming,2
10055,4731,outandin,1
10055,4743,incoming,1
10055,4750,outandin,1
10055,4752,outandin,1
10055,4771,outandin,4
10055,4794,incoming,2
10055,4801,outandin,3
10055,4820,outandin,3
10055,4821,incoming,2
10055,4851,outandin,1
10055,4856,outandin,2
10055,4864,outandin,1
10055,4883,outandin,1
10055,4913,incoming,2
10055,4915,outandin,2
10055,4922,incoming,1
10055,4924,incoming,1
10055,4928,outandin,2
10055,4934,incoming,4
10055,4967,incoming,22
10055,4982,incoming,4
10055,4992,incoming,11
10055,5004,incoming,5
10055,5025,outandin,1
10055,5071,incoming,1
10055,5076,incoming,1
10055,5086,incoming,2
10055,5107,incoming,1
10055,5158,incoming,5
10055,5239,outandin,2
10055,5265,incoming,1
10055,5270,outandin,2
10055,5321,outandin,2
10055,5330,incoming,4
10055,5392,outandin,2
10055,5414,outandin,2
10055,5423,outandin,13
10055,5443,incoming,9
10055,5477,incoming,3
10055,5507,outandin,1
10055,5512,incoming,2
10055,5554,outandin,1
10055,5562,incoming,2
10055,5606,incoming,1
10055,5662,incoming,1
10055,5666,outandin,1
10055,5691,incoming,1
10055,5714,incoming,1
10055,5749,incoming,1
10055,5759,incoming,4
10055,5769,outandin,1
10055,5770,outandin,1
10055,5772,outandin,1
10055,5820,incoming,1
10055,5833,incoming,5
10055,5849,outandin,1
10055,5850,outandin,1
10055,5855,incoming,1
10055,5858,incoming,35
10055,5902,outandin,2
10055,5913,outandin,2
10055,6000,outandin,3
10055,6039,outandin,1
10055,6068,outandin,2
10055,6077,incoming,1
10055,6094,outandin,1
10055,6141,outandin,7
10055,6161,incoming,3
10055,6186,outandin,2
10055,6191,incoming,1
10055,6215,incoming,1
10055,6219,outandin,1
10055,6229,incoming,14
10055,6262,outandin,1
10055,6271,outandin,2
10055,6275,incoming,11
10055,6286,outandin,3
10055,6289,outandin,1
10055,6311,outandin,1
10055,6319,outandin,1
10055,6327,incoming,1
10055,6360,incoming,3
10055,6395,incoming,1
10055,6448,incoming,1
10055,6491,incoming,2
10055,6540,incoming,5
10055,6547,outandin,1
10055,6552,outandin,1
10055,6558,outandin,5
10055,6568,incoming,3
10055,6576,outandin,3
10055,6592,outandin,2
10055,6594,incoming,7
10055,6595,incoming,2
10055,6610,outandin,2
10055,6612,incoming,3
10055,6626,incoming,2
10055,6649,incoming,6
10055,6656,incoming,1
10055,6687,incoming,1
10055,6691,incoming,11
10055,6693,outandin,2
10055,6730,outandin,1
10055,6746,incoming,1
10055,6762,outandin,4
10055,6810,outandin,1
10055,6826,incoming,2
10055,6829,outandin,1
10055,6833,outandin,1
10055,6841,outandin,1
10055,6846,outandin,1
10055,6869,incoming,4
10055,6872,outandin,1
10055,6980,incoming,1
10055,7040,incoming,13
10055,7042,outandin,1
10055,7050,incoming,3
10055,7155,outandin,1
10055,7160,incoming,1
10055,7163,outandin,4
10055,7168,outandin,2
10055,7169,outandin,1
10055,7209,outandin,2
10055,7226,incoming,1
10055,7257,incoming,5
10055,7289,outandin,1
10055,7339,outandin,2
10055,7347,outandin,1
10055,7351,outandin,27
10055,7355,outandin,1
10055,7356,incoming,1
10055,7385,outandin,1
10055,7405,incoming,1
10055,7414,outandin,2
10055,7455,incoming,4
10055,7476,outandin,1
10055,7477,outandin,2
10055,7511,outandin,1
10055,7529,incoming,6
10055,7545,outandin,1
10055,7609,outandin,1
10055,7652,outandin,2
10055,7696,incoming,4
10055,7831,incoming,9
10055,7850,outandin,1
10055,7923,incoming,4
10055,7926,incoming,1
10055,7966,outandin,1
10055,7975,incoming,2
10055,8001,outandin,1
10055,8010,outandin,1
10055,8021,incoming,2
10055,8037,incoming,1
10055,8122,incoming,1
10055,8150,outandin,2
10055,8163,outandin,2
10055,8215,incoming,1
10055,8254,outandin,1
10055,8274,outandin,1
10055,8333,incoming,2
10055,8393,outandin,1
10055,8423,outandin,1
10055,8430,outandin,1
10055,8483,outandin,1
10055,8508,outandin,1
10055,8529,incoming,2
10055,8540,incoming,1
10055,8542,outandin,1
10016,26,outandin,1
10016,82,outandin,1
10016,110,incoming,2
10016,111,incoming,2
10016,136,incoming,400
10016,144,outandin,1
10016,151,incoming,432
10016,158,incoming,4
10016,164,outandin,1
10016,192,incoming,180
10016,207,incoming,7
10016,208,incoming,6
10016,253,outandin,3
10016,383,outandin,1
10016,425,incoming,4
10016,469,outandin,2
10016,498,outandin,1
10016,538,incoming,5
10016,577,incoming,36
10016,602,incoming,7
10016,611,incoming,1
10016,637,outandin,2
10016,676,outandin,1
10016,679,outandin,2
10016,683,outandin,1
10016,708,outandin,2
10016,747,outandin,2
10016,779,outandin,2
10016,785,incoming,4
10016,788,outandin,1
10016,816,incoming,6
10016,835,outandin,4
10016,862,outandin,2
10016,865,incoming,8
10016,977,outandin,1
10016,1016,outandin,2
10016,1091,incoming,109
10016,1092,incoming,1
10016,1152,incoming,1
10016,1155,incoming,6
10016,1165,outandin,3
10016,1183,incoming,1
10016,1224,outandin,1
10016,1257,outandin,1
10016,1289,outandin,1
10016,1322,outandin,1
10016,1345,outandin,19
10016,1349,incoming,11
10016,1367,incoming,1
10016,1373,outandin,1
10016,1395,outandin,1
10016,1396,outandin,1
10016,1435,outandin,3
10016,1442,outandin,1
10016,1457,incoming,31
10016,1468,outandin,1
10016,1496,outandin,1
10016,1521,incoming,10
10016,1524,outandin,2
10016,1551,outandin,2
10016,1569,outandin,3
10016,1586,incoming,11
10016,1652,incoming,2
10016,1658,outandin,2
10016,1729,incoming,2
10016,1730,incoming,1
10016,1744,outandin,32
10016,1750,outandin,1
10016,1790,outandin,1
10016,1816,outandin,1
10016,1817,incoming,4
10016,1827,outandin,1
10016,1870,incoming,6
10016,1878,incoming,4
10016,1907,outandin,1
10016,1911,incoming,5
10016,1918,incoming,7
10016,1930,incoming,16
10016,1934,incoming,6
10016,1956,outandin,2
10016,2000,incoming,1
10016,2010,incoming,2
10016,2044,outandin,1
10016,2069,outandin,1
10016,2074,incoming,12
10016,2129,incoming,22
10016,2163,incoming,17
10016,2166,outandin,3
10016,2236,outandin,1
10016,2284,outandin,13
10016,2318,outandin,1
10016,2380,incoming,1
10016,2422,incoming,8
10016,2524,outandin,1
10016,2563,outandin,1
10016,2588,outandin,1
10016,2589,outandin,6
10016,2607,incoming,1
10016,2628,incoming,8
10016,2670,outandin,1
10016,2674,incoming,3
10016,2705,outandin,1
10016,2711,incoming,7
10016,2717,outandin,1
10016,2742,incoming,7
10016,2840,outandin,1
10016,2854,incoming,17
10016,2942,outandin,1
10016,2955,incoming,19
10016,2975,outandin,1
10016,3036,outandin,3
10016,3055,outandin,11
10016,3081,incoming,1
10016,3084,outandin,1
10016,3135,incoming,3
10016,3141,outandin,4
10016,3144,outandin,2
10016,3146,outandin,2
10016,3172,incoming,16
10016,3187,incoming,10
10016,3255,incoming,3
10016,3332,outandin,1
10016,3358,incoming,2
10016,3361,outandin,1
10016,3381,outandin,2
10016,3463,incoming,1
10016,3568,incoming,5
10016,3612,incoming,2
10016,3615,outandin,1
10016,3632,outandin,1
10016,3637,outandin,1
10016,3643,incoming,2
10016,3691,outandin,1
10016,3734,outandin,1
10016,3781,incoming,4
10016,3795,outandin,1
10016,3812,incoming,3
10016,3832,outandin,1
10016,3845,outandin,3
10016,3848,incoming,6
10016,3873,incoming,1
10016,3875,outandin,1
10016,3880,outandin,2
10016,3912,outandin,1
10016,3925,incoming,11
10016,4022,outandin,1
10016,4025,incoming,3
10016,4035,incoming,3
10016,4039,outandin,2
10016,4055,outandin,1
10016,4107,incoming,2
10016,4121,outandin,1
10016,4137,incoming,1
10016,4202,incoming,6
10016,4252,outandin,3
10016,4267,incoming,31
10016,4285,outandin,1
10016,4486,outandin,1
10016,4501,incoming,6
10016,4534,outandin,2
10016,4556,outandin,1
10016,4559,incoming,7
10016,4584,outandin,1
10016,4633,outandin,3
10016,4635,outandin,1
10016,4638,incoming,2
10016,4690,incoming,1
10016,4711,outandin,1
10016,4726,outandin,1
10016,4732,incoming,1
10016,4753,outandin,2
10016,4803,outandin,1
10016,4832,outandin,1
10016,4847,outandin,2
10016,4864,outandin,1
10016,4876,outandin,2
10016,4883,incoming,1
10016,4895,outandin,1
10016,4906,outandin,1
10016,4948,outandin,3
10016,4957,outandin,1
10016,5008,incoming,2
10016,5044,outandin,2
10016,5053,incoming,9
10016,5079,outandin,1
10016,5090,outandin,1
10016,5126,incoming,3
10016,5235,outandin,1
10016,5246,outandin,2
10016,5283,outandin,1
10016,5300,outandin,1
10016,5336,outandin,1
10016,5378,outandin,1
10016,5441,outandin,1
10016,5452,incoming,1
10016,5580,incoming,1
10016,5585,outandin,1
10016,5612,outandin,1
10016,5716,outandin,10
10016,5731,incoming,2
10016,5736,outandin,4
10016,5744,outandin,1
10016,5761,outandin,1
10016,5820,outandin,1
10016,5822,outandin,3
10016,5892,incoming,1
10016,5916,incoming,1
10016,5980,incoming,2
10016,5995,outandin,1
10016,6006,incoming,1
10016,6018,outandin,3
10016,6068,outandin,1
10016,6092,outandin,1
10016,6132,outandin,1
10016,6139,outandin,1
10016,6149,outandin,1
10016,6175,incoming,9
10016,6215,incoming,2
10016,6242,incoming,1
10016,6324,outandin,1
10016,6396,incoming,5
10016,6421,incoming,5
10016,6444,outandin,2
10016,6449,outandin,1
10016,6458,incoming,1
10016,6465,outandin,1
10016,6487,outandin,1
10016,6547,outandin,1
10016,6577,outandin,1
10016,6627,incoming,3
10016,6650,incoming,4
10016,6687,outandin,1
10016,6758,outandin,2
10016,6765,incoming,2
10016,6814,outandin,4
10016,6829,outandin,1
10016,6846,outandin,3
10016,6888,incoming,3
10016,6893,incoming,27
10016,6936,incoming,9
10016,6940,outandin,2
10016,6967,outandin,1
10016,7025,incoming,8
10016,7113,incoming,1
10016,7118,outandin,9
10016,7128,incoming,1
10016,7139,outandin,1
10016,7163,outandin,1
10016,7206,outandin,2
10016,7214,outandin,1
10016,7239,incoming,2
10016,7262,incoming,1
10016,7263,outandin,4
10016,7281,outandin,1
10016,7455,outandin,1
10016,7523,outandin,2
10016,7540,outandin,1
10016,7583,incoming,8
10016,7601,incoming,9
10016,7663,incoming,14
10016,7675,outandin,1
10016,7677,incoming,5
10016,7702,incoming,1
10016,7741,incoming,8
10016,7743,incoming,1
10016,7744,incoming,2
10016,7783,incoming,1
10016,7817,outandin,1
10016,7883,outandin,1
10016,7891,incoming,2
10016,7924,incoming,4
10016,7963,incoming,1
10016,7966,outandin,2
10016,8052,outandin,1
10016,8074,incoming,5
10016,8076,outandin,1
10016,8099,incoming,23
10016,8135,outandin,2
10016,8174,incoming,1
10016,8194,incoming,3
10016,8258,outandin,1
10016,8394,incoming,8
10016,8402,incoming,1
10016,8410,incoming,1
10016,8411,incoming,1
10016,8447,incoming,1
10016,8471,outandin,1
10016,8489,incoming,8
10006,7,incoming,11
10006,28,incoming,4
10006,48,incoming,11
10006,101,incoming,15
10006,114,incoming,12
10006,126,incoming,12
10006,145,incoming,35
10006,190,incoming,13
10006,248,outandin,6
10006,294,outandin,4
10006,372,incoming,1
10006,410,incoming,3
10006,414,incoming,1
10006,418,incoming,17
10006,429,outandin,2
10006,491,incoming,14
10006,492,outandin,3
10006,594,incoming,1
10006,611,incoming,14
10006,633,outandin,1
10006,781,incoming,4
10006,790,incoming,1
10006,887,incoming,55
10006,892,incoming,58
10006,903,incoming,8
10006,938,incoming,43
10006,956,incoming,72
10006,968,incoming,16
10006,1054,incoming,32
10006,1084,incoming,5
10006,1099,incoming,1
10006,1115,outandin,4
10006,1157,outandin,1
10006,1188,incoming,12
10006,1197,outandin,1
10006,1204,incoming,4
10006,1206,incoming,3
10006,1209,incoming,16
10006,1274,incoming,9
10006,1338,incoming,24
10006,1399,incoming,23
10006,1455,incoming,17
10006,1494,incoming,2
10006,1512,outandin,1
10006,1540,outandin,1
10006,1648,incoming,24
10006,1674,incoming,1
10006,1680,incoming,10
10006,1728,incoming,27
10006,1867,incoming,2
10006,1913,incoming,1
10006,1935,outandin,2
10006,1941,incoming,5
10006,1974,incoming,14
10006,1987,outandin,1
10006,1996,incoming,2
10006,2042,incoming,4
10006,2110,outandin,2
10006,2115,incoming,1
10006,2191,outandin,1
10006,2500,outandin,1
10006,2599,outandin,1
10006,2603,outandin,1
10006,2735,incoming,7
10006,2851,incoming,6
10006,2856,incoming,12
10006,2922,incoming,9
10006,2970,outandin,1
10006,3063,incoming,2
10006,3090,incoming,2
10006,3103,incoming,1
10006,3181,outandin,1
10006,3197,incoming,7
10006,3230,incoming,18
10006,3308,outandin,3
10006,3474,outandin,1
10006,3570,incoming,11
10006,3600,outandin,1
10006,3620,incoming,7
10006,3702,outandin,1
10006,3785,incoming,2
10006,3857,incoming,5
10006,3861,incoming,3
10006,3865,incoming,9
10006,3923,outandin,1
10006,3962,outandin,2
10006,4036,incoming,5
10006,4100,outandin,2
10006,4241,incoming,14
10006,4245,incoming,1
10006,4345,outandin,1
10006,4346,incoming,2
10006,4380,outandin,1
10006,4440,incoming,4
10006,4477,incoming,2
10006,4508,incoming,7
10006,4543,incoming,4
10006,4626,incoming,3
10006,4632,incoming,47
10006,4668,incoming,1
10006,4836,incoming,15
10006,4874,incoming,4
10006,4884,outandin,5
10006,4907,incoming,13
10006,4957,incoming,26
10006,4991,incoming,8
10006,5029,incoming,1
10006,5147,outandin,22
10006,5250,outandin,2
10006,5284,incoming,7
10006,5304,outandin,3
10006,5342,incoming,1
10006,5385,incoming,16
10006,5393,outandin,1
10006,5401,incoming,80
10006,5406,outandin,1
10006,5461,outandin,1
10006,5575,incoming,16
10006,5639,incoming,7
10006,5641,outandin,1
10006,5663,incoming,7
10006,5683,incoming,1
10006,5725,outandin,2
10006,5747,outandin,6
10006,5758,outandin,1
10006,5784,incoming,6
10006,5834,outandin,1
10006,5881,outandin,6
10006,5892,outandin,1
10006,5999,outandin,3
10006,6017,incoming,14
10006,6042,incoming,10
10006,6056,incoming,2
10006,6064,incoming,3
10006,6101,incoming,3
10006,6122,incoming,12
10006,6183,incoming,26
10006,6199,incoming,9
10006,6235,outandin,1
10006,6244,incoming,4
10006,6247,outandin,1
10006,6292,incoming,7
10006,6301,incoming,4
10006,6312,incoming,2
10006,6317,outandin,2
10006,6337,outandin,3
10006,6383,incoming,1
10006,6401,outandin,2
10006,6420,incoming,1
10006,6552,incoming,10
10006,6659,incoming,12
10006,6708,incoming,6
10006,6729,outandin,2
10006,6760,outandin,1
10006,6778,incoming,1
10006,6825,outandin,2
10006,6923,incoming,22
10006,6955,incoming,1
10006,6964,incoming,1
10006,6972,outandin,1
10006,7100,incoming,18
10006,7134,incoming,3
10006,7145,incoming,5
10006,7213,incoming,1
10006,7334,incoming,3
10006,7350,outandin,1
10006,7421,incoming,1
10006,7456,incoming,5
10006,7459,incoming,1
10006,7519,incoming,6
10006,7554,incoming,4
10006,7606,incoming,3
10006,7691,outandin,1
10006,7730,incoming,2
10006,7978,outandin,1
10006,7982,incoming,3
10006,8006,incoming,2
10006,8007,incoming,1
10006,8014,incoming,1
10006,8044,outandin,1
10006,8056,incoming,1
10006,8113,incoming,4
10006,8122,incoming,1
10006,8160,incoming,45
10006,8174,outandin,1
10006,8186,incoming,1
10006,8205,incoming,2
10006,8216,outandin,2
10006,8239,outandin,1
10006,8246,outandin,2
10006,8335,incoming,4
10006,8514,incoming,2
10006,8558,incoming,1
10073,22,outandin,1
10073,26,outandin,1
10073,94,outandin,1
10073,111,outandin,5
10073,120,incoming,588
10073,135,incoming,6
10073,144,outandin,23
10073,160,outandin,3
10073,178,outandin,27
10073,181,outandin,5
10073,183,outandin,2
10073,200,outandin,1
10073,207,outandin,3
10073,208,incoming,9
10073,231,outandin,1
10073,242,incoming,22
10073,270,incoming,1
10073,284,outandin,1
10073,285,outandin,1
10073,296,incoming,5
10073,308,incoming,64
10073,333,outandin,1
10073,345,incoming,1
10073,365,incoming,50
10073,404,outandin,1
10073,416,outandin,1
10073,477,incoming,6
10073,491,incoming,2
10073,498,outandin,1
10073,554,outandin,1
10073,584,outandin,3
10073,617,outandin,1
10073,654,outandin,2
10073,676,outandin,2
10073,687,incoming,1
10073,788,outandin,1
10073,835,outandin,2
10073,850,outandin,1
10073,851,incoming,6
10073,898,incoming,2
10073,900,incoming,2
10073,915,outandin,1
10073,953,outandin,7
10073,997,outandin,1
10073,1014,incoming,1
10073,1021,incoming,4
10073,1031,incoming,2
10073,1056,outandin,2
10073,1060,incoming,9
10073,1111,outandin,1
10073,1146,incoming,1
10073,1152,incoming,2
10073,1161,outandin,1
10073,1165,outandin,7
10073,1170,outandin,1
10073,1183,incoming,5
10073,1219,incoming,1
10073,1238,incoming,13
10073,1257,outandin,4
10073,1266,outandin,1
10073,1267,outandin,3
10073,1281,outandin,1
10073,1355,outandin,1
10073,1361,outandin,2
10073,1395,outandin,4
10073,1409,incoming,4
10073,1421,outandin,1
10073,1442,outandin,3
10073,1443,outandin,2
10073,1456,outandin,1
10073,1468,incoming,3
10073,1489,outandin,2
10073,1496,outandin,2
10073,1524,incoming,1
10073,1526,outandin,1
10073,1535,outandin,1
10073,1551,outandin,5
10073,1576,incoming,48
10073,1580,outandin,1
10073,1594,outandin,1
10073,1645,incoming,5
10073,1658,outandin,4
10073,1670,incoming,46
10073,1694,outandin,5
10073,1705,outandin,1
10073,1720,outandin,1
10073,1729,incoming,12
10073,1763,outandin,1
10073,1777,incoming,2
10073,1788,outandin,1
10073,1796,outandin,1
10073,1817,outandin,1
10073,1826,incoming,1
10073,1835,outandin,3
10073,1911,incoming,5
10073,1935,outandin,6
10073,1949,incoming,8
10073,1981,outandin,1
10073,2006,incoming,2
10073,2018,incoming,13
10073,2019,outandin,1
10073,2029,outandin,1
10073,2053,incoming,4
10073,2058,outandin,6
10073,2065,outandin,2
10073,2103,outandin,4
10073,2110,outandin,1
10073,2127,outandin,2
10073,2134,incoming,29
10073,2163,incoming,2
10073,2176,outandin,1
10073,2188,outandin,5
10073,2197,outandin,2
10073,2208,outandin,2
10073,2237,incoming,2
10073,2256,outandin,1
10073,2257,incoming,1
10073,2261,incoming,2
10073,2318,outandin,5
10073,2321,incoming,1
10073,2346,outandin,1
10073,2365,outandin,1
10073,2380,incoming,8
10073,2393,incoming,1
10073,2404,outandin,5
10073,2412,incoming,7
10073,2479,incoming,2
10073,2482,outandin,2
10073,2503,incoming,5
10073,2508,outandin,1
10073,2536,incoming,5
10073,2563,incoming,1
10073,2612,incoming,2
10073,2625,incoming,9
10073,2663,outandin,1
10073,2667,incoming,3
10073,2673,outandin,5
10073,2674,outandin,1
10073,2681,incoming,5
10073,2736,outandin,1
10073,2766,incoming,2
10073,2768,outandin,1
10073,2846,outandin,3
10073,2852,outandin,1
10073,2858,incoming,8
10073,2861,incoming,1
10073,2864,outandin,1
10073,2866,outandin,1
10073,2876,outandin,1
10073,2881,incoming,6
10073,2882,outandin,1
10073,2884,incoming,3
10073,2885,outandin,1
10073,2887,outandin,1
10073,2913,incoming,8
10073,2957,outandin,2
10073,3013,outandin,1
10073,3019,outandin,1
10073,3036,outandin,12
10073,3040,outandin,1
10073,3063,outandin,1
10073,3082,incoming,2
10073,3084,outandin,2
10073,3087,outandin,3
10073,3090,outandin,2
10073,3127,incoming,1
10073,3133,outandin,19
10073,3135,outandin,1
10073,3137,outandin,1
10073,3141,outandin,1
10073,3142,outandin,2
10073,3146,outandin,1
10073,3172,outandin,4
10073,3264,outandin,1
10073,3288,outandin,1
10073,3337,outandin,1
10073,3353,incoming,4
10073,3370,incoming,3
10073,3381,outandin,1
10073,3399,outandin,2
10073,3456,outandin,1
10073,3465,outandin,1
10073,3486,outandin,1
10073,3502,outandin,2
10073,3505,outandin,1
10073,3589,outandin,1
10073,3632,outandin,1
10073,3711,incoming,1
10073,3723,outandin,1
10073,3724,outandin,1
10073,3774,incoming,2
10073,3779,outandin,1
10073,3839,incoming,3
10073,3848,incoming,7
10073,3890,outandin,1
10073,3925,outandin,9
10073,3944,incoming,1
10073,3977,outandin,1
10073,3989,incoming,6
10073,4033,outandin,3
10073,4043,outandin,1
10073,4045,outandin,1
10073,4098,outandin,1
10073,4105,outandin,1
10073,4119,outandin,1
10073,4128,outandin,1
10073,4183,outandin,2
10073,4194,incoming,1
10073,4198,outandin,1
10073,4205,outandin,1
10073,4221,incoming,7
10073,4248,outandin,1
10073,4261,outandin,1
10073,4270,outandin,5
10073,4350,outandin,12
10073,4382,outandin,1
10073,4395,incoming,1
10073,4423,incoming,1
10073,4448,outandin,3
10073,4537,outandin,1
10073,4544,incoming,3
10073,4615,outandin,1
10073,4628,outandin,1
10073,4674,outandin,1
10073,4696,incoming,1
10073,4706,incoming,2
10073,4732,outandin,1
10073,4748,outandin,2
10073,4760,incoming,3
10073,4768,incoming,1
10073,4846,incoming,1
10073,4851,outandin,1
10073,4854,outandin,1
10073,4862,outandin,1
10073,4864,outandin,1
10073,4876,incoming,1
10073,4883,incoming,5
10073,4893,outandin,2
10073,4895,incoming,2
10073,4922,outandin,1
10073,4934,outandin,3
10073,4950,outandin,3
10073,4957,outandin,1
10073,4961,outandin,1
10073,4967,incoming,1
10073,4982,incoming,4
10073,4994,outandin,1
10073,5029,outandin,2
10073,5044,incoming,1
10073,5143,incoming,2
10073,5160,outandin,3
10073,5177,outandin,2
10073,5186,incoming,7
10073,5206,incoming,2
10073,5246,outandin,1
10073,5265,outandin,1
10073,5269,outandin,1
10073,5270,outandin,1
10073,5288,outandin,1
10073,5290,outandin,1
10073,5321,outandin,1
10073,5358,outandin,1
10073,5394,outandin,1
10073,5449,outandin,1
10073,5452,incoming,5
10073,5468,incoming,10
10073,5477,incoming,2
10073,5506,incoming,1
10073,5512,outandin,2
10073,5534,outandin,2
10073,5535,incoming,23
10073,5572,outandin,3
10073,5595,outandin,1
10073,5630,incoming,2
10073,5640,incoming,2
10073,5652,outandin,1
10073,5653,outandin,3
10073,5691,outandin,1
10073,5720,outandin,8
10073,5729,incoming,2
10073,5794,incoming,5
10073,5798,incoming,4
10073,5831,outandin,1
10073,5832,incoming,1
10073,5839,outandin,3
10073,5844,outandin,3
10073,5860,incoming,3
10073,5896,outandin,1
10073,5900,incoming,2
10073,5924,outandin,4
10073,5944,outandin,1
10073,6013,outandin,5
10073,6030,outandin,1
10073,6068,outandin,1
10073,6089,incoming,3
10073,6100,outandin,2
10073,6101,outandin,1
10073,6170,outandin,3
10073,6172,outandin,1
10073,6188,incoming,4
10073,6219,outandin,1
10073,6241,outandin,1
10073,6242,outandin,1
10073,6247,outandin,2
10073,6259,outandin,2
10073,6266,incoming,5
10073,6271,incoming,1
10073,6310,outandin,2
10073,6318,incoming,3
10073,6330,outandin,3
10073,6353,outandin,1
10073,6421,outandin,2
10073,6422,incoming,1
10073,6424,incoming,1
10073,6444,outandin,1
10073,6446,incoming,5
10073,6447,outandin,1
10073,6458,incoming,5
10073,6473,outandin,2
10073,6487,outandin,4
10073,6498,outandin,4
10073,6527,incoming,1
10073,6552,outandin,2
10073,6579,incoming,1
10073,6582,incoming,2
10073,6595,incoming,1
10073,6606,outandin,1
10073,6615,outandin,1
10073,6619,outandin,3
10073,6649,outandin,2
10073,6653,outandin,2
10073,6667,incoming,1
10073,6671,outandin,2
10073,6693,outandin,1
10073,6698,outandin,1
10073,6733,incoming,4
10073,6756,incoming,1
10073,6760,incoming,1
10073,6811,incoming,1
10073,6855,outandin,2
10073,6865,incoming,1
10073,6888,outandin,8
10073,6898,incoming,28
10073,6967,outandin,2
10073,6982,outandin,1
10073,7014,outandin,1
10073,7052,incoming,4
10073,7057,incoming,3
10073,7118,outandin,2
10073,7139,outandin,2
10073,7160,incoming,1
10073,7169,incoming,1
10073,7171,outandin,4
10073,7176,incoming,2
10073,7207,outandin,8
10073,7239,outandin,2
10073,7247,incoming,6
10073,7263,incoming,4
10073,7269,incoming,1
10073,7281,outandin,1
10073,7289,incoming,1
10073,7318,outandin,1
10073,7336,outandin,1
10073,7339,outandin,1
10073,7342,incoming,1
10073,7355,incoming,3
10073,7380,outandin,1
10073,7385,incoming,11
10073,7386,outandin,2
10073,7393,incoming,2
10073,7446,outandin,1
10073,7450,outandin,5
10073,7453,incoming,1
10073,7482,incoming,3
10073,7492,outandin,1
10073,7506,outandin,2
10073,7516,incoming,1
10073,7518,outandin,1
10073,7581,incoming,17
10073,7663,outandin,1
10073,7690,outandin,1
10073,7692,outandin,1
10073,7747,outandin,1
10073,7771,outandin,1
10073,7783,outandin,2
10073,7792,incoming,2
10073,7794,incoming,3
10073,7819,outandin,2
10073,7865,incoming,5
10073,7876,outandin,2
10073,7891,outandin,4
10073,7963,incoming,1
10073,7964,outandin,4
10073,7969,incoming,1
10073,7970,outandin,2
10073,7971,incoming,2
10073,7976,outandin,1
10073,8012,incoming,26
10073,8021,incoming,3
10073,8046,outandin,1
10073,8074,incoming,6
10073,8108,outandin,1
10073,8112,outandin,2
10073,8144,outandin,8
10073,8204,outandin,1
10073,8236,outandin,1
10073,8287,outandin,1
10073,8296,outandin,1
10073,8312,outandin,1
10073,8333,incoming,1
10073,8359,incoming,2
10073,8364,incoming,2
10073,8371,incoming,1
10073,8375,outandin,1
10073,8391,incoming,3
10073,8394,incoming,1
10073,8441,incoming,3
10073,8482,outandin,2
10077,125,outandin,137
10077,135,incoming,15
10077,181,outandin,2
10077,220,incoming,1
10077,237,incoming,4
10077,247,outandin,1
10077,285,outandin,1
10077,348,incoming,3
10077,359,outandin,1
10077,408,incoming,6
10077,415,incoming,10
10077,441,outandin,1
10077,445,outandin,1
10077,469,incoming,4
10077,549,incoming,3
10077,584,outandin,1
10077,587,outandin,1
10077,629,outandin,4
10077,643,incoming,20
10077,651,incoming,5
10077,653,incoming,7
10077,720,incoming,3
10077,758,outandin,4
10077,764,outandin,3
10077,811,incoming,19
10077,840,incoming,5
10077,930,incoming,1
10077,936,incoming,1
10077,937,outandin,1
10077,940,outandin,1
10077,977,incoming,1
10077,978,incoming,1
10077,1014,outandin,2
10077,1146,incoming,1
10077,1185,incoming,2
10077,1218,incoming,11
10077,1270,incoming,3
10077,1311,incoming,2
10077,1348,outandin,2
10077,1390,outandin,8
10077,1395,outandin,1
10077,1442,outandin,2
10077,1511,incoming,10
10077,1520,outandin,3
10077,1566,outandin,4
10077,1580,outandin,2
10077,1594,outandin,1
10077,1723,outandin,9
10077,1830,outandin,1
10077,1907,incoming,1
10077,1995,incoming,1
10077,2019,incoming,2
10077,2069,outandin,2
10077,2098,incoming,17
10077,2196,outandin,1
10077,2208,outandin,1
10077,2261,outandin,1
10077,2267,outandin,3
10077,2481,incoming,1
10077,2490,incoming,4
10077,2508,outandin,1
10077,2590,incoming,6
10077,2669,incoming,2
10077,2717,incoming,10
10077,2766,incoming,2
10077,2829,incoming,1
10077,2870,outandin,1
10077,2878,outandin,1
10077,3020,incoming,10
10077,3083,incoming,7
10077,3103,incoming,39
10077,3186,incoming,10
10077,3218,incoming,4
10077,3222,outandin,1
10077,3336,incoming,3
10077,3436,incoming,14
10077,3452,incoming,8
10077,3462,incoming,6
10077,3468,outandin,4
10077,3478,incoming,1
10077,3543,incoming,15
10077,3548,outandin,1
10077,3594,incoming,1
10077,3700,incoming,4
10077,3714,incoming,4
10077,3716,outandin,1
10077,3750,incoming,10
10077,3771,incoming,4
10077,3772,outandin,1
10077,3855,incoming,24
10077,3873,incoming,3
10077,3912,outandin,1
10077,3933,outandin,1
10077,4193,incoming,31
10077,4206,incoming,5
10077,4279,incoming,4
10077,4281,incoming,10
10077,4285,outandin,1
10077,4367,incoming,10
10077,4371,outandin,1
10077,4415,incoming,16
10077,4532,incoming,1
10077,4665,outandin,2
10077,4687,incoming,6
10077,4748,outandin,4
10077,4797,incoming,8
10077,4816,incoming,3
10077,4855,outandin,3
10077,4904,incoming,8
10077,4960,incoming,5
10077,4989,incoming,7
10077,5020,incoming,4
10077,5047,incoming,3
10077,5124,incoming,8
10077,5134,outandin,4
10077,5242,incoming,1
10077,5562,outandin,1
10077,5590,outandin,1
10077,5677,incoming,3
10077,5738,incoming,5
10077,5744,outandin,1
10077,5798,incoming,1
10077,5855,incoming,8
10077,5876,incoming,3
10077,5877,outandin,12
10077,5948,outandin,1
10077,5977,outandin,1
10077,6074,incoming,2
10077,6146,incoming,2
10077,6159,incoming,3
10077,6169,incoming,4
10077,6263,outandin,1
10077,6319,outandin,1
10077,6337,incoming,3
10077,6426,outandin,2
10077,6449,outandin,2
10077,6549,incoming,19
10077,6579,incoming,1
10077,6614,incoming,1
10077,6640,outandin,1
10077,6657,outandin,2
10077,6670,incoming,5
10077,6747,outandin,1
10077,6752,incoming,2
10077,6785,outandin,1
10077,6802,outandin,2
10077,7028,incoming,4
10077,7097,outandin,1
10077,7310,incoming,6
10077,7327,incoming,4
10077,7355,incoming,1
10077,7385,incoming,4
10077,7386,incoming,12
10077,7465,incoming,7
10077,7521,incoming,1
10077,7607,outandin,2
10077,7716,incoming,5
10077,7722,incoming,3
10077,7749,outandin,2
10077,7771,outandin,1
10077,7794,incoming,1
10077,7812,incoming,1
10077,7827,incoming,1
10077,7832,outandin,1
10077,7837,outandin,1
10077,7934,outandin,1
10077,7966,outandin,4
10077,8236,outandin,1
10077,8297,outandin,2
10077,8496,incoming,6
10017,22,incoming,3
10017,27,outandin,3
10017,75,incoming,3
10017,105,incoming,1
10017,146,incoming,27
10017,196,incoming,9
10017,205,incoming,1
10017,208,outandin,2
10017,254,outandin,2
10017,258,incoming,49
10017,279,incoming,3
10017,541,incoming,3
10017,577,incoming,17
10017,617,outandin,1
10017,646,incoming,1
10017,654,outandin,1
10017,659,incoming,2
10017,724,incoming,22
10017,726,outandin,1
10017,739,incoming,19
10017,767,incoming,127
10017,788,outandin,1
10017,851,outandin,1
10017,873,outandin,4
10017,875,outandin,1
10017,988,outandin,1
10017,1003,incoming,47
10017,1053,incoming,43
10017,1132,incoming,2
10017,1143,outandin,1
10017,1152,incoming,1
10017,1164,outandin,1
10017,1172,incoming,6
10017,1238,incoming,3
10017,1243,incoming,1
10017,1249,outandin,3
10017,1256,outandin,2
10017,1258,incoming,5
10017,1287,incoming,15
10017,1289,outandin,2
10017,1349,incoming,2
10017,1494,outandin,1
10017,1528,outandin,1
10017,1596,outandin,10
10017,1740,incoming,3
10017,1840,incoming,16
10017,1878,incoming,2
10017,1979,incoming,11
10017,1997,outandin,1
10017,2075,incoming,5
10017,2076,incoming,1
10017,2173,incoming,6
10017,2188,outandin,2
10017,2280,outandin,1
10017,2293,incoming,6
10017,2313,incoming,10
10017,2369,incoming,7
10017,2384,incoming,1
10017,2508,incoming,3
10017,2549,outandin,3
10017,2585,incoming,1
10017,2588,outandin,1
10017,2603,outandin,1
10017,2607,incoming,7
10017,2642,incoming,26
10017,2656,outandin,1
10017,2731,incoming,9
10017,2744,incoming,2
10017,2807,outandin,1
10017,2817,outandin,1
10017,2819,incoming,7
10017,2859,outandin,1
10017,2876,outandin,1
10017,2893,outandin,5
10017,2913,incoming,3
10017,2984,incoming,1
10017,2998,incoming,1
10017,3081,incoming,9
10017,3123,incoming,14
10017,3183,outandin,1
10017,3190,incoming,1
10017,3207,outandin,5
10017,3278,incoming,2
10017,3307,outandin,2
10017,3337,incoming,2
10017,3358,outandin,1
10017,3361,incoming,1
10017,3611,incoming,7
10017,3637,outandin,2
10017,3725,incoming,1
10017,3773,incoming,38
10017,3795,outandin,1
10017,3821,outandin,1
10017,3841,incoming,1
10017,4068,incoming,3
10017,4101,outandin,1
10017,4128,outandin,1
10017,4428,outandin,1
10017,4446,incoming,12
10017,4484,incoming,1
10017,4599,outandin,1
10017,4678,incoming,9
10017,4695,outandin,1
10017,4699,outandin,1
10017,4906,incoming,1
10017,5112,incoming,1
10017,5150,incoming,2
10017,5168,outandin,2
10017,5221,outandin,1
10017,5285,incoming,14
10017,5340,incoming,22
10017,5369,incoming,59
10017,5423,outandin,1
10017,5479,incoming,11
10017,5548,incoming,6
10017,5551,incoming,23
10017,5626,outandin,1
10017,5638,outandin,2
10017,5822,incoming,8
10017,5866,outandin,1
10017,5871,incoming,11
10017,5899,outandin,1
10017,5908,outandin,1
10017,5931,incoming,2
10017,5981,outandin,1
10017,5995,outandin,3
10017,6041,incoming,1
10017,6043,outandin,7
10017,6063,incoming,2
10017,6079,incoming,12
10017,6139,outandin,3
10017,6215,outandin,1
10017,6359,incoming,2
10017,6404,incoming,1
10017,6464,incoming,3
10017,6498,incoming,3
10017,6555,incoming,1
10017,6587,incoming,9
10017,6588,incoming,16
10017,6707,incoming,5
10017,6746,outandin,1
10017,6851,incoming,4
10017,6884,incoming,8
10017,6920,outandin,36
10017,6974,incoming,13
10017,6984,outandin,1
10017,6989,incoming,13
10017,7026,incoming,7
10017,7031,incoming,2
10017,7068,outandin,1
10017,7107,incoming,6
10017,7118,outandin,1
10017,7158,outandin,1
10017,7171,outandin,3
10017,7179,incoming,5
10017,7183,incoming,20
10017,7206,incoming,2
10017,7265,outandin,2
10017,7308,outandin,1
10017,7313,incoming,2
10017,7380,incoming,1
10017,7399,incoming,9
10017,7411,outandin,1
10017,7413,outandin,1
10017,7455,incoming,2
10017,7491,incoming,3
10017,7584,incoming,2
10017,7618,incoming,10
10017,7811,outandin,2
10017,7834,incoming,2
10017,8002,outandin,1
10017,8006,outandin,1
10017,8027,outandin,2
10017,8051,incoming,15
10017,8054,outandin,1
10017,8076,incoming,1
10017,8206,outandin,1
10017,8451,outandin,1
10017,8539,outandin,1
10093,12,outandin,4
10093,38,outandin,1
10093,89,outandin,2
10093,111,outandin,2
10093,131,incoming,9
10093,133,outandin,4
10093,135,incoming,4
10093,144,outandin,2
10093,158,incoming,3
10093,164,incoming,15
10093,193,incoming,3
10093,207,outandin,1
10093,242,incoming,28
10093,254,outandin,1
10093,264,incoming,1
10093,269,incoming,3
10093,296,incoming,2
10093,301,incoming,1
10093,309,incoming,23
10093,333,incoming,6
10093,393,outandin,1
10093,394,outandin,2
10093,451,outandin,1
10093,479,incoming,31
10093,491,incoming,25
10093,497,outandin,1
10093,518,incoming,46
10093,543,incoming,3
10093,551,incoming,1
10093,577,incoming,17
10093,587,outandin,1
10093,596,incoming,3
10093,602,incoming,2
10093,643,outandin,1
10093,654,outandin,3
10093,664,incoming,8
10093,676,incoming,1
10093,683,outandin,4
10093,736,outandin,1
10093,757,outandin,1
10093,760,incoming,6
10093,765,incoming,3
10093,781,outandin,1
10093,800,incoming,4
10093,851,outandin,10
10093,915,outandin,1
10093,931,outandin,2
10093,957,outandin,2
10093,960,outandin,1
10093,1001,incoming,3
10093,1031,outandin,4
10093,1033,outandin,1
10093,1060,incoming,7
10093,1069,outandin,1
10093,1096,outandin,2
10093,1100,outandin,2
10093,1103,outandin,2
10093,1146,outandin,1
10093,1152,outandin,2
10093,1155,outandin,1
10093,1157,outandin,1
10093,1165,outandin,2
10093,1172,outandin,2
10093,1238,incoming,31
10093,1239,incoming,13
10093,1266,outandin,1
10093,1275,outandin,1
10093,1286,outandin,1
10093,1345,outandin,1
10093,1367,incoming,7
10093,1415,incoming,1
10093,1468,incoming,8
10093,1517,incoming,9
10093,1520,incoming,15
10093,1524,outandin,3
10093,1526,incoming,2
10093,1531,outandin,3
10093,1535,outandin,1
10093,1540,outandin,3
10093,1551,outandin,2
10093,1553,outandin,2
10093,1569,outandin,6
10093,1580,outandin,1
10093,1658,incoming,2
10093,1684,outandin,1
10093,1705,outandin,2
10093,1729,outandin,1
10093,1731,outandin,9
10093,1750,outandin,2
10093,1777,incoming,3
10093,1788,outandin,4
10093,1826,outandin,3
10093,1909,outandin,1
10093,1919,incoming,2
10093,1935,outandin,1
10093,1949,incoming,5
10093,1973,outandin,1
10093,1997,outandin,1
10093,2006,incoming,4
10093,2031,outandin,1
10093,2065,outandin,2
10093,2103,outandin,2
10093,2104,outandin,1
10093,2134,incoming,4
10093,2150,outandin,1
10093,2197,incoming,2
10093,2208,outandin,1
10093,2247,incoming,1
10093,2261,outandin,1
10093,2294,outandin,1
10093,2304,outandin,1
10093,2318,outandin,1
10093,2380,outandin,6
10093,2393,outandin,1
10093,2404,outandin,1
10093,2451,incoming,3
10093,2492,incoming,53
10093,2508,outandin,1
10093,2537,incoming,3
10093,2589,outandin,1
10093,2620,incoming,2
10093,2625,outandin,1
10093,2705,incoming,3
10093,2714,outandin,3
10093,2744,outandin,1
10093,2845,incoming,2
10093,2855,incoming,22
10093,2876,outandin,1
10093,2881,incoming,51
10093,2884,incoming,13
10093,2885,outandin,1
10093,2904,incoming,5
10093,2913,incoming,1
10093,2923,outandin,2
10093,2970,outandin,1
10093,2990,incoming,2
10093,3033,outandin,2
10093,3035,incoming,10
10093,3046,incoming,6
10093,3060,outandin,1
10093,3070,incoming,1
10093,3078,incoming,2
10093,3100,incoming,4
10093,3127,outandin,1
10093,3134,incoming,4
10093,3137,outandin,1
10093,3140,incoming,1
10093,3141,outandin,2
10093,3172,incoming,1
10093,3190,outandin,1
10093,3197,outandin,1
10093,3234,outandin,1
10093,3264,outandin,1
10093,3317,outandin,1
10093,3321,incoming,1
10093,3341,outandin,1
10093,3358,outandin,1
10093,3365,incoming,6
10093,3381,incoming,3
10093,3410,outandin,1
10093,3423,outandin,1
10093,3495,outandin,4
10093,3594,incoming,1
10093,3612,outandin,2
10093,3682,incoming,1
10093,3686,outandin,2
10093,3702,outandin,1
10093,3724,outandin,2
10093,3742,outandin,2
10093,3743,outandin,3
10093,3789,incoming,2
10093,3814,incoming,7
10093,3838,outandin,1
10093,3854,outandin,5
10093,3873,incoming,20
10093,3877,incoming,1
10093,3880,outandin,1
10093,3912,outandin,1
10093,3918,outandin,1
10093,3927,incoming,1
10093,3929,outandin,1
10093,3935,outandin,1
10093,3970,incoming,1
10093,3972,outandin,2
10093,3975,outandin,1
10093,3979,incoming,1
10093,3989,outandin,1
10093,3992,incoming,4
10093,4057,outandin,1
10093,4065,outandin,2
10093,4108,outandin,2
10093,4115,outandin,1
10093,4117,incoming,2
10093,4127,outandin,1
10093,4128,outandin,1
10093,4133,incoming,1
10093,4194,outandin,3
10093,4205,outandin,1
10093,4220,outandin,1
10093,4222,outandin,1
10093,4248,outandin,2
10093,4270,incoming,2
10093,4346,outandin,1
10093,4444,incoming,2
10093,4452,incoming,4
10093,4486,outandin,1
10093,4495,outandin,1
10093,4502,incoming,1
10093,4528,outandin,2
10093,4531,incoming,4
10093,4537,incoming,1
10093,4586,outandin,1
10093,4599,outandin,1
10093,4638,outandin,1
10093,4654,outandin,1
10093,4694,incoming,3
10093,4706,incoming,4
10093,4708,outandin,1
10093,4736,outandin,1
10093,4753,incoming,1
10093,4848,outandin,1
10093,4850,outandin,5
10093,4856,outandin,2
10093,4892,outandin,1
10093,4895,incoming,1
10093,4934,incoming,1
10093,4950,outandin,1
10093,4992,outandin,1
10093,5073,outandin,1
10093,5112,outandin,1
10093,5183,incoming,1
10093,5214,outandin,1
10093,5239,outandin,2
10093,5250,outandin,3
10093,5287,incoming,1
10093,5353,outandin,1
10093,5358,outandin,1
10093,5392,outandin,4
10093,5394,outandin,1
10093,5414,incoming,1
10093,5452,incoming,1
10093,5495,outandin,2
10093,5516,incoming,1
10093,5534,outandin,1
10093,5573,outandin,3
10093,5590,incoming,2
10093,5690,outandin,1
10093,5733,incoming,1
10093,5754,outandin,2
10093,5799,outandin,2
10093,5820,outandin,1
10093,5837,outandin,1
10093,5845,outandin,1
10093,5863,incoming,7
10093,5995,outandin,1
10093,5996,outandin,1
10093,6013,incoming,1
10093,6089,outandin,1
10093,6158,incoming,3
10093,6215,incoming,1
10093,6262,incoming,2
10093,6318,outandin,2
10093,6359,outandin,2
10093,6382,outandin,2
10093,6390,outandin,1
10093,6395,incoming,1
10093,6408,outandin,3
10093,6414,outandin,1
10093,6435,outandin,1
10093,6446,outandin,1
10093,6465,outandin,1
10093,6487,incoming,2
10093,6499,outandin,1
10093,6527,outandin,1
10093,6538,outandin,1
10093,6577,outandin,3
10093,6579,outandin,1
10093,6585,outandin,2
10093,6680,incoming,6
10093,6682,incoming,1
10093,6736,outandin,1
10093,6772,incoming,2
10093,6777,outandin,1
10093,6843,outandin,1
10093,6864,outandin,2
10093,6910,incoming,16
10093,6935,outandin,1
10093,7057,incoming,1
10093,7080,incoming,6
10093,7118,outandin,1
10093,7139,outandin,1
10093,7171,incoming,3
10093,7207,outandin,2
10093,7263,outandin,1
10093,7289,incoming,1
10093,7318,outandin,2
10093,7355,outandin,3
10093,7401,outandin,1
10093,7444,outandin,1
10093,7446,outandin,4
10093,7448,incoming,1
10093,7465,outandin,1
10093,7470,incoming,2
10093,7496,outandin,1
10093,7506,outandin,1
10093,7543,incoming,3
10093,7607,outandin,1
10093,7792,outandin,1
10093,7817,outandin,1
10093,7818,incoming,4
10093,7837,outandin,1
10093,7871,outandin,1
10093,7883,outandin,4
10093,7922,incoming,1
10093,7951,outandin,1
10093,7963,incoming,1
10093,7964,outandin,29
10093,7970,incoming,1
10093,8017,incoming,1
10093,8033,incoming,5
10093,8046,outandin,1
10093,8101,outandin,1
10093,8124,outandin,1
10093,8262,outandin,2
10093,8264,outandin,1
10093,8268,outandin,1
10093,8364,incoming,19
10093,8371,incoming,3
10093,8375,outandin,6
10093,8436,incoming,2
10093,8488,incoming,1
10093,8563,outandin,1
10149,207,outandin,1
10149,303,incoming,19
10149,393,outandin,7
10149,555,incoming,688
10149,772,incoming,12
10149,836,incoming,7
10149,850,incoming,28
10149,1054,incoming,4
10149,1271,incoming,13
10149,1281,incoming,14
10149,1451,incoming,113
10149,1486,incoming,11
10149,1526,incoming,12
10149,1644,incoming,170
10149,1668,incoming,13
10149,1725,incoming,10
10149,1750,incoming,8
10149,1779,incoming,8
10149,1785,outandin,1
10149,1800,incoming,18
10149,1845,incoming,12
10149,1869,incoming,9
10149,1939,outandin,5
10149,1975,incoming,15
10149,2075,outandin,1
10149,2079,outandin,3
10149,2099,outandin,1
10149,2104,incoming,10
10149,2145,incoming,5
10149,2223,incoming,6
10149,2246,incoming,23
10149,2311,incoming,13
10149,2407,incoming,43
10149,2425,incoming,69
10149,2504,incoming,15
10149,2521,incoming,112
10149,2541,incoming,20
10149,2576,incoming,8
10149,2585,outandin,2
10149,2644,outandin,2
10149,2659,incoming,14
10149,2710,outandin,1
10149,2721,outandin,3
10149,2925,incoming,2
10149,2965,incoming,18
10149,2996,incoming,7
10149,3073,incoming,14
10149,3091,incoming,13
10149,3298,incoming,3
10149,3374,incoming,27
10149,3414,outandin,4
10149,3491,outandin,4
10149,3498,outandin,1
10149,3711,incoming,11
10149,3764,incoming,23
10149,3832,incoming,6
10149,3878,outandin,1
10149,4013,incoming,1
10149,4499,incoming,17
10149,4556,outandin,1
10149,4615,outandin,1
10149,4846,outandin,5
10149,4990,incoming,23
10149,5060,incoming,7
10149,5149,incoming,4
10149,5162,incoming,4
10149,5164,incoming,8
10149,5275,incoming,27
10149,5339,incoming,1
10149,5357,incoming,9
10149,5390,outandin,1
10149,5416,outandin,1
10149,5451,incoming,9
10149,5479,outandin,2
10149,5503,incoming,7
10149,5639,incoming,7
10149,6085,incoming,5
10149,6103,incoming,5
10149,6209,incoming,2
10149,6223,outandin,1
10149,6353,outandin,1
10149,6500,incoming,2
10149,6811,outandin,1
10149,6815,incoming,9
10149,6819,outandin,2
10149,6888,outandin,1
10149,6892,incoming,19
10149,6925,incoming,10
10149,6926,incoming,5
10149,6949,incoming,6
10149,6970,outandin,4
10149,6984,incoming,1
10149,7001,incoming,3
10149,7013,incoming,6
10149,7055,incoming,10
10149,7332,outandin,2
10149,7429,incoming,4
10149,7441,outandin,1
10149,7647,incoming,20
10149,7723,incoming,1
10149,7732,incoming,1
10149,7735,incoming,7
10149,8066,incoming,2
10149,8072,incoming,2
10149,8079,incoming,2
10149,8092,incoming,18
10147,92,incoming,6
10147,300,incoming,1
10147,325,outandin,1
10147,546,outandin,1
10147,574,incoming,14
10147,595,outandin,2
10147,659,outandin,1
10147,685,incoming,8
10147,786,incoming,9
10147,826,incoming,34
10147,851,outandin,4
10147,944,outandin,1
10147,963,incoming,13
10147,970,incoming,17
10147,982,incoming,4
10147,984,incoming,6
10147,1015,incoming,11
10147,1032,outandin,7
10147,1086,incoming,5
10147,1128,outandin,1
10147,1181,incoming,6
10147,1185,outandin,1
10147,1190,incoming,16
10147,1199,incoming,5
10147,1201,outandin,1
10147,1276,outandin,20
10147,1340,incoming,5
10147,1352,incoming,8
10147,1363,incoming,1
10147,1460,incoming,4
10147,1634,incoming,4
10147,1638,incoming,9
10147,2276,incoming,6
10147,2421,outandin,1
10147,2492,outandin,1
10147,2603,outandin,1
10147,2723,incoming,1
10147,2852,outandin,1
10147,2969,incoming,4
10147,3041,incoming,7
10147,3196,incoming,8
10147,3262,incoming,18
10147,3577,incoming,45
10147,3897,outandin,4
10147,4112,outandin,2
10147,4166,incoming,7
10147,4172,incoming,7
10147,4236,outandin,2
10147,4433,incoming,2
10147,4459,incoming,21
10147,4514,incoming,4
10147,4558,outandin,3
10147,4638,outandin,1
10147,4753,incoming,58
10147,4852,incoming,10
10147,4928,outandin,2
10147,5007,incoming,12
10147,5088,incoming,8
10147,5092,incoming,2
10147,5117,incoming,3
10147,5255,incoming,1
10147,5280,outandin,4
10147,5288,outandin,4
10147,5454,incoming,14
10147,5484,incoming,14
10147,5497,incoming,1
10147,5806,incoming,2
10147,5828,incoming,6
10147,5846,outandin,3
10147,5870,incoming,3
10147,5886,incoming,25
10147,5920,outandin,1
10147,6018,incoming,5
10147,6049,incoming,8
10147,6211,incoming,6
10147,6237,outandin,3
10147,6392,outandin,2
10147,6412,incoming,4
10147,6428,incoming,19
10147,6538,incoming,2
10147,6564,incoming,4
10147,6566,incoming,4
10147,6602,incoming,24
10147,6674,incoming,3
10147,6710,incoming,1
10147,6713,incoming,7
10147,6738,incoming,3
10147,6751,outandin,1
10147,6786,incoming,1
10147,7110,incoming,1
10147,7155,outandin,16
10147,7235,outandin,1
10147,7341,incoming,6
10147,7380,incoming,2
10147,7437,incoming,4
10147,7563,incoming,6
10147,7567,incoming,3
10147,7587,incoming,2
10147,7589,incoming,2
10147,7610,incoming,4
10147,7768,incoming,27
10147,7942,outandin,1
10147,7993,incoming,2
10147,7994,incoming,2
10147,8155,incoming,3
10147,8221,incoming,2
10147,8243,incoming,9
10147,8277,incoming,1
10008,10,incoming,16
10008,38,incoming,2
10008,75,outandin,1
10008,92,outandin,1
10008,94,incoming,1
10008,182,outandin,2
10008,183,outandin,60
10008,193,incoming,3
10008,196,incoming,3
10008,200,outandin,1
10008,264,outandin,1
10008,296,outandin,1
10008,309,incoming,1
10008,345,incoming,2
10008,391,incoming,1
10008,410,outandin,1
10008,421,incoming,1
10008,445,outandin,1
10008,490,outandin,1
10008,543,incoming,15
10008,560,incoming,3
10008,611,outandin,1
10008,646,incoming,1
10008,687,incoming,2
10008,713,outandin,2
10008,726,outandin,1
10008,767,incoming,1
10008,788,outandin,1
10008,851,incoming,1
10008,898,outandin,2
10008,954,outandin,2
10008,988,outandin,1
10008,1076,incoming,11
10008,1139,incoming,9
10008,1154,outandin,9
10008,1172,outandin,2
10008,1238,incoming,3
10008,1244,incoming,3
10008,1256,outandin,1
10008,1267,outandin,6
10008,1289,outandin,3
10008,1310,outandin,1
10008,1396,outandin,2
10008,1402,outandin,1
10008,1424,outandin,1
10008,1435,outandin,1
10008,1540,outandin,1
10008,1564,incoming,53
10008,1586,outandin,1
10008,1596,outandin,2
10008,1605,incoming,2
10008,1684,outandin,1
10008,1730,outandin,3
10008,1738,incoming,160
10008,1796,outandin,2
10008,1825,incoming,1
10008,1979,incoming,3
10008,1997,incoming,15
10008,2000,outandin,1
10008,2010,outandin,1
10008,2029,outandin,2
10008,2133,incoming,8
10008,2145,incoming,3
10008,2168,incoming,16
10008,2174,outandin,3
10008,2282,incoming,8
10008,2299,incoming,3
10008,2334,incoming,8
10008,2364,incoming,1
10008,2368,outandin,1
10008,2369,incoming,5
10008,2384,outandin,1
10008,2463,incoming,44
10008,2667,outandin,1
10008,2674,outandin,1
10008,2709,outandin,1
10008,2734,outandin,1
10008,2744,outandin,3
10008,2804,outandin,1
10008,2811,outandin,1
10008,2846,outandin,2
10008,2913,outandin,1
10008,2969,outandin,1
10008,2970,outandin,1
10008,2990,outandin,2
10008,2998,incoming,1
10008,3013,outandin,1
10008,3030,incoming,15
10008,3081,outandin,1
10008,3132,outandin,1
10008,3135,incoming,2
10008,3284,outandin,4
10008,3317,outandin,1
10008,3321,incoming,1
10008,3337,outandin,1
10008,3341,outandin,1
10008,3348,incoming,2
10008,3362,outandin,1
10008,3381,incoming,1
10008,3399,outandin,2
10008,3467,incoming,2
10008,3611,outandin,4
10008,3789,incoming,1
10008,3841,incoming,7
10008,3845,outandin,2
10008,3852,outandin,1
10008,3897,outandin,1
10008,3912,outandin,1
10008,3914,outandin,2
10008,3968,outandin,1
10008,3982,incoming,9
10008,4045,outandin,2
10008,4057,outandin,3
10008,4060,incoming,9
10008,4066,outandin,4
10008,4121,outandin,1
10008,4133,outandin,1
10008,4217,incoming,9
10008,4270,outandin,1
10008,4325,outandin,2
10008,4437,outandin,1
10008,4439,incoming,5
10008,4543,outandin,1
10008,4599,incoming,3
10008,4618,outandin,1
10008,4708,outandin,2
10008,4748,outandin,1
10008,4820,incoming,2
10008,4858,incoming,1
10008,4878,incoming,5
10008,4924,outandin,1
10008,5023,outandin,2
10008,5053,outandin,2
10008,5059,incoming,2
10008,5212,outandin,1
10008,5220,outandin,1
10008,5246,outandin,3
10008,5304,outandin,3
10008,5356,incoming,2
10008,5436,incoming,7
10008,5450,outandin,4
10008,5477,outandin,1
10008,5516,outandin,1
10008,5532,outandin,1
10008,5585,incoming,5
10008,5595,incoming,3
10008,5621,incoming,4
10008,5632,outandin,1
10008,5638,incoming,2
10008,5648,incoming,3
10008,5767,outandin,1
10008,5788,incoming,5
10008,5794,incoming,1
10008,5866,outandin,1
10008,5923,incoming,6
10008,5996,incoming,139
10008,6001,outandin,2
10008,6057,incoming,1
10008,6063,outandin,1
10008,6120,incoming,7
10008,6164,outandin,1
10008,6288,outandin,1
10008,6353,incoming,8
10008,6369,outandin,1
10008,6389,outandin,2
10008,6420,outandin,1
10008,6425,outandin,2
10008,6489,incoming,2
10008,6501,outandin,1
10008,6518,outandin,1
10008,6579,outandin,3
10008,6694,incoming,2
10008,6735,incoming,10
10008,6777,outandin,1
10008,6851,incoming,17
10008,6872,incoming,1
10008,7046,incoming,1
10008,7054,outandin,31
10008,7085,outandin,1
10008,7118,outandin,1
10008,7210,outandin,1
10008,7315,incoming,63
10008,7330,outandin,1
10008,7393,outandin,1
10008,7491,incoming,4
10008,7583,outandin,1
10008,7896,outandin,1
10008,7967,outandin,2
10008,7969,outandin,1
10008,8055,incoming,1
10087,150,incoming,8
10087,225,incoming,9
10087,250,incoming,7
10087,316,incoming,7
10087,366,incoming,13
10087,504,incoming,10
10087,575,incoming,7
10087,623,incoming,6
10087,642,incoming,8
10087,838,incoming,8
10087,852,incoming,7
10087,1049,incoming,7
10087,1055,incoming,9
10087,1071,incoming,6
10087,1089,incoming,5
10087,1223,incoming,10
10087,1502,incoming,7
10087,1525,incoming,7
10087,1579,incoming,7
10087,1617,incoming,7
10087,1660,incoming,6
10087,1669,incoming,8
10087,2001,incoming,7
10087,2154,incoming,7
10087,2217,incoming,1
10087,2506,incoming,9
10087,2570,incoming,6
10087,2579,incoming,6
10087,2677,incoming,11
10087,2693,incoming,9
10087,2756,incoming,3
10087,2831,incoming,9
10087,2896,incoming,5
10087,2952,incoming,12
10087,2976,incoming,8
10087,2979,incoming,6
10087,3213,outandin,11
10087,3215,incoming,6
10087,3441,incoming,10
10087,3879,incoming,7
10087,3974,incoming,8
10087,4061,incoming,5
10087,4073,incoming,6
10087,4175,incoming,4
10087,4233,incoming,6
10087,4303,incoming,4
10087,4326,incoming,6
10087,4520,incoming,6
10087,4525,incoming,6
10087,4541,incoming,7
10087,4542,incoming,7
10087,4548,incoming,9
10087,4579,incoming,6
10087,4647,incoming,7
10087,4667,incoming,5
10087,4728,incoming,9
10087,4738,incoming,6
10087,4776,incoming,6
10087,4954,incoming,2
10087,5045,incoming,10
10087,5225,incoming,6
10087,5247,incoming,5
10087,5766,incoming,7
10087,5901,incoming,6
10087,6015,incoming,4
10087,8147,incoming,4
10105,27,outandin,2
10105,177,outandin,1
10105,335,outandin,2
10105,594,incoming,1
10105,778,incoming,1
10105,1620,incoming,6
10105,1706,outandin,3
10105,1969,incoming,12
10105,2005,incoming,1
10105,2075,outandin,2
10105,2280,outandin,3
10105,2360,incoming,5
10105,2615,incoming,12
10105,2654,outandin,12
10105,2913,incoming,2
10105,3084,outandin,1
10105,3190,outandin,1
10105,3431,incoming,8
10105,3691,incoming,2
10105,3832,outandin,1
10105,3921,incoming,2
10105,4121,outandin,1
10105,4556,outandin,1
10105,4726,outandin,1
10105,4770,incoming,40
10105,4844,outandin,2
10105,4867,incoming,4
10105,5190,incoming,15
10105,5194,outandin,1
10105,5205,incoming,10
10105,5215,incoming,19
10105,5234,incoming,11
10105,5249,outandin,7
10105,5254,incoming,14
10105,5302,incoming,9
10105,5309,incoming,5
10105,5321,outandin,1
10105,5326,incoming,1
10105,5355,incoming,18
10105,5395,incoming,6
10105,5401,outandin,3
10105,5422,incoming,3
10105,5440,incoming,28
10105,5559,incoming,21
10105,5566,incoming,6
10105,5592,incoming,9
10105,5625,incoming,15
10105,5644,incoming,7
10105,5683,incoming,2
10105,5688,incoming,7
10105,5745,incoming,2
10105,5774,incoming,14
10105,5810,incoming,4
10105,5834,outandin,1
10105,5840,outandin,1
10105,5843,incoming,17
10105,6162,outandin,1
10105,6195,outandin,2
10105,6415,outandin,1
10105,6551,incoming,36
10105,6837,outandin,1
10105,6838,incoming,17
10105,6854,incoming,20
10105,6860,incoming,8
10105,6863,incoming,4
10105,6866,outandin,2
10105,6883,incoming,17
10105,6886,incoming,18
10105,6890,incoming,17
10105,6903,incoming,7
10105,6922,incoming,28
10105,6928,incoming,6
10105,6941,incoming,6
10105,6943,incoming,15
10105,6947,incoming,3
10105,6957,incoming,2
10105,6970,outandin,2
10105,6972,outandin,2
10105,6976,incoming,96
10105,7023,incoming,2
10105,7046,outandin,1
10105,7090,incoming,11
10105,7092,incoming,13
10105,7102,incoming,6
10105,7347,outandin,2
10105,7622,incoming,6
10105,7626,incoming,8
10105,7629,incoming,13
10105,7653,incoming,15
10105,7682,incoming,11
10105,7683,incoming,5
10105,7689,incoming,6
10105,7698,incoming,5
10105,7699,incoming,5
10105,7707,incoming,14
10105,7834,incoming,1
10105,8104,incoming,3
10105,8142,incoming,1
10105,8271,incoming,19
10025,25,outandin,1
10025,39,incoming,10
10025,82,outandin,2
10025,105,outandin,1
10025,142,outandin,1
10025,158,incoming,3
10025,168,incoming,4
10025,243,incoming,16
10025,323,outandin,2
10025,343,incoming,2
10025,349,incoming,9
10025,420,incoming,20
10025,439,outandin,6
10025,441,outandin,1
10025,474,outandin,1
10025,501,incoming,2
10025,552,outandin,11
10025,579,incoming,4
10025,701,outandin,3
10025,718,incoming,9
10025,811,incoming,2
10025,861,incoming,1
10025,940,outandin,2
10025,1047,incoming,1
10025,1088,incoming,2
10025,1100,incoming,11
10025,1105,incoming,5
10025,1154,outandin,1
10025,1248,outandin,1
10025,1265,outandin,1
10025,1342,incoming,4
10025,1346,outandin,1
10025,1375,incoming,3
10025,1406,outandin,1
10025,1448,incoming,2
10025,1524,outandin,3
10025,1580,incoming,1
10025,1625,incoming,2
10025,1634,incoming,3
10025,1649,incoming,1
10025,1658,outandin,3
10025,1768,incoming,8
10025,1775,incoming,4
10025,1827,incoming,2
10025,1830,outandin,3
10025,1881,incoming,5
10025,1956,incoming,1
10025,1998,outandin,1
10025,2052,outandin,3
10025,2101,outandin,2
10025,2236,incoming,2
10025,2267,incoming,3
10025,2448,incoming,2
10025,2508,outandin,1
10025,2509,incoming,8
10025,2622,incoming,4
10025,2663,incoming,2
10025,3014,incoming,14
10025,3116,incoming,4
10025,3132,incoming,2
10025,3144,outandin,1
10025,3153,outandin,1
10025,3276,outandin,1
10025,3406,outandin,1
10025,3478,outandin,1
10025,3490,outandin,1
10025,3504,outandin,1
10025,3586,outandin,1
10025,3661,outandin,2
10025,3720,incoming,1
10025,3792,incoming,1
10025,3801,outandin,1
10025,3830,incoming,1
10025,3831,incoming,2
10025,3843,incoming,1
10025,3862,outandin,1
10025,3957,outandin,2
10025,3993,incoming,3
10025,4057,incoming,8
10025,4103,outandin,3
10025,4105,incoming,1
10025,4321,incoming,5
10025,4373,incoming,1
10025,4486,incoming,2
10025,4586,outandin,1
10025,4593,incoming,1
10025,4664,incoming,6
10025,4715,incoming,1
10025,4765,incoming,2
10025,4785,outandin,1
10025,4791,outandin,1
10025,4851,outandin,1
10025,4892,incoming,1
10025,5050,outandin,1
10025,5072,incoming,8
10025,5113,incoming,2
10025,5158,incoming,2
10025,5208,incoming,3
10025,5242,outandin,1
10025,5331,incoming,1
10025,5570,outandin,1
10025,5712,incoming,2
10025,5770,outandin,1
10025,5869,outandin,2
10025,5883,incoming,2
10025,5913,incoming,4
10025,5975,incoming,4
10025,6008,incoming,2
10025,6010,incoming,2
10025,6033,outandin,1
10025,6058,incoming,2
10025,6169,outandin,1
10025,6241,outandin,2
10025,6288,incoming,1
10025,6491,incoming,5
10025,6568,incoming,2
10025,6643,incoming,1
10025,6665,incoming,6
10025,6732,incoming,1
10025,6768,incoming,2
10025,6787,outandin,1
10025,7031,outandin,2
10025,7050,outandin,1
10025,7097,outandin,1
10025,7289,outandin,2
10025,7512,outandin,1
10025,7516,outandin,1
10025,7651,incoming,11
10025,7825,incoming,1
10025,7868,incoming,1
10025,7962,outandin,1
10025,8325,outandin,1
10025,8514,outandin,2
10091,62,incoming,1
10091,144,incoming,2
10091,161,incoming,3
10091,218,incoming,4
10091,231,outandin,3
10091,242,incoming,3
10091,247,outandin,2
10091,280,outandin,1
10091,451,incoming,7
10091,488,outandin,1
10091,584,incoming,7
10091,647,incoming,7
10091,710,incoming,3
10091,720,outandin,1
10091,753,outandin,1
10091,764,incoming,2
10091,772,outandin,2
10091,774,incoming,5
10091,862,outandin,2
10091,873,outandin,1
10091,941,outandin,2
10091,957,incoming,10
10091,973,outandin,8
10091,1021,outandin,1
10091,1026,incoming,14
10091,1079,outandin,1
10091,1120,outandin,2
10091,1125,incoming,11
10091,1128,incoming,16
10091,1135,incoming,2
10091,1144,incoming,8
10091,1160,outandin,1
10091,1185,incoming,2
10091,1245,incoming,6
10091,1316,outandin,4
10091,1361,outandin,1
10091,1373,incoming,8
10091,1520,incoming,9
10091,1531,outandin,1
10091,1580,outandin,2
10091,1584,outandin,1
10091,1687,outandin,1
10091,1701,outandin,2
10091,1827,outandin,1
10091,1890,outandin,1
10091,2019,outandin,1
10091,2098,outandin,2
10091,2176,outandin,2
10091,2202,incoming,1
10091,2238,outandin,4
10091,2261,outandin,1
10091,2268,outandin,1
10091,2289,outandin,1
10091,2503,incoming,5
10091,2590,incoming,9
10091,2843,incoming,18
10091,2869,incoming,3
10091,2881,incoming,17
10091,2942,outandin,1
10091,2957,incoming,3
10091,2959,outandin,2
10091,2992,outandin,1
10091,3036,outandin,35
10091,3154,outandin,2
10091,3186,outandin,1
10091,3247,incoming,4
10091,3255,outandin,1
10091,3295,outandin,1
10091,3389,incoming,30
10091,3398,outandin,4
10091,3452,outandin,5
10091,3540,incoming,3
10091,3714,incoming,8
10091,3848,incoming,1
10091,3866,outandin,1
10091,4022,outandin,4
10091,4023,incoming,5
10091,4057,incoming,1
10091,4127,incoming,1
10091,4128,outandin,1
10091,4174,incoming,4
10091,4240,incoming,3
10091,4285,outandin,1
10091,4364,incoming,2
10091,4380,outandin,1
10091,4517,incoming,1
10091,4559,incoming,5
10091,4586,incoming,2
10091,4614,outandin,3
10091,4634,incoming,4
10091,4715,incoming,1
10091,4760,outandin,1
10091,4787,incoming,6
10091,4805,outandin,3
10091,4815,outandin,3
10091,4819,incoming,7
10091,4851,outandin,4
10091,4862,outandin,2
10091,4963,outandin,1
10091,4971,outandin,1
10091,5106,incoming,6
10091,5134,outandin,2
10091,5177,incoming,4
10091,5283,incoming,4
10091,5288,outandin,1
10091,5349,incoming,7
10091,5414,outandin,1
10091,5441,outandin,1
10091,5557,outandin,2
10091,5601,outandin,5
10091,5652,outandin,5
10091,5685,outandin,2
10091,5709,incoming,5
10091,5740,outandin,7
10091,5755,outandin,1
10091,5821,outandin,1
10091,5855,outandin,1
10091,5873,outandin,5
10091,5924,incoming,3
10091,5952,outandin,1
10091,6005,outandin,1
10091,6074,incoming,10
10091,6112,outandin,1
10091,6132,outandin,1
10091,6169,outandin,1
10091,6259,outandin,3
10091,6310,outandin,1
10091,6482,incoming,2
10091,6657,outandin,1
10091,6711,incoming,2
10091,6833,incoming,2
10091,7119,incoming,1
10091,7130,outandin,3
10091,7159,outandin,10
10091,7169,incoming,7
10091,7188,outandin,3
10091,7385,incoming,1
10091,7540,outandin,6
10091,7544,incoming,4
10091,7744,outandin,1
10091,7815,outandin,1
10091,7950,incoming,6
10091,7962,outandin,1
10091,7963,outandin,1
10091,7966,outandin,2
10091,8130,outandin,1
10091,8136,outandin,3
10091,8144,incoming,5
10053,27,outandin,2
10053,75,incoming,5
10053,85,incoming,1
10053,141,outandin,1
10053,196,incoming,4
10053,200,outandin,2
10053,207,outandin,1
10053,242,incoming,3
10053,274,outandin,1
10053,279,incoming,24
10053,353,outandin,1
10053,410,incoming,2
10053,491,incoming,2
10053,577,incoming,44
10053,587,outandin,1
10053,622,outandin,3
10053,708,outandin,1
10053,778,incoming,1
10053,781,incoming,2
10053,788,incoming,5
10053,1060,outandin,2
10053,1070,incoming,2
10053,1119,incoming,21
10053,1172,incoming,19
10053,1291,incoming,12
10053,1526,incoming,6
10053,1616,incoming,15
10053,1665,incoming,1
10053,1679,outandin,1
10053,1684,outandin,2
10053,1685,outandin,1
10053,1750,incoming,5
10053,1776,incoming,1
10053,1779,outandin,1
10053,1791,outandin,4
10053,1878,incoming,10
10053,1979,incoming,1
10053,1985,incoming,1
10053,2075,incoming,4
10053,2123,outandin,1
10053,2166,outandin,1
10053,2223,outandin,3
10053,2280,outandin,8
10053,2321,outandin,1
10053,2410,incoming,3
10053,2450,incoming,1
10053,2484,outandin,4
10053,2615,incoming,11
10053,2709,outandin,1
10053,2721,outandin,6
10053,2734,incoming,1
10053,2744,incoming,3
10053,2841,incoming,6
10053,2882,outandin,1
10053,2913,incoming,4
10053,2922,outandin,1
10053,2996,incoming,1
10053,3025,incoming,1
10053,3073,outandin,3
10053,3087,outandin,1
10053,3284,outandin,1
10053,3305,incoming,4
10053,3354,incoming,19
10053,3456,outandin,1
10053,3463,incoming,1
10053,3517,outandin,2
10053,3538,outandin,1
10053,3584,incoming,12
10053,3615,outandin,2
10053,3620,outandin,3
10053,3731,incoming,10
10053,3795,outandin,1
10053,3863,incoming,12
10053,3929,incoming,2
10053,4039,incoming,11
10053,4053,incoming,15
10053,4092,outandin,3
10053,4121,outandin,1
10053,4138,outandin,1
10053,4168,outandin,1
10053,4171,outandin,2
10053,4286,outandin,1
10053,4484,outandin,2
10053,4543,outandin,1
10053,4561,incoming,20
10053,4726,incoming,2
10053,4813,outandin,1
10053,4830,incoming,1
10053,4893,outandin,1
10053,5006,incoming,7
10053,5008,incoming,1
10053,5238,incoming,10
10053,5246,outandin,2
10053,5273,incoming,8
10053,5309,incoming,19
10053,5350,incoming,26
10053,5365,incoming,25
10053,5407,outandin,1
10053,5413,outandin,1
10053,5416,outandin,1
10053,5422,incoming,4
10053,5471,incoming,8
10053,5491,incoming,8
10053,5516,outandin,2
10053,5544,incoming,20
10053,5549,incoming,3
10053,5593,incoming,16
10053,5639,incoming,2
10053,5736,outandin,5
10053,5761,outandin,1
10053,5767,outandin,1
10053,5783,incoming,8
10053,5787,incoming,2
10053,5810,outandin,1
10053,5830,incoming,14
10053,5840,outandin,2
10053,5893,incoming,5
10053,5942,outandin,1
10053,6170,incoming,2
10053,6171,incoming,1
10053,6195,incoming,8
10053,6305,incoming,8
10053,6328,incoming,1
10053,6415,incoming,1
10053,6638,incoming,19
10053,6734,outandin,2
10053,6738,outandin,1
10053,6808,incoming,8
10053,6819,outandin,1
10053,6825,outandin,1
10053,6837,outandin,2
10053,6844,incoming,1
10053,6861,incoming,14
10053,6866,incoming,3
10053,6882,incoming,6
10053,6891,incoming,12
10053,6917,incoming,9
10053,6933,incoming,1
10053,6935,incoming,2
10053,6986,outandin,2
10053,7001,outandin,1
10053,7008,incoming,7
10053,7072,incoming,1
10053,7103,outandin,1
10053,7104,incoming,4
10053,7174,outandin,1
10053,7206,incoming,1
10053,7222,incoming,1
10053,7283,outandin,1
10053,7404,outandin,1
10053,7511,incoming,4
10053,7615,incoming,14
10053,7709,outandin,2
10053,7714,incoming,7
10053,7748,incoming,2
10053,7803,outandin,1
10053,7834,incoming,1
10053,8076,incoming,2
10053,8098,outandin,1
10053,8123,incoming,2
10053,8189,incoming,9
10053,8198,outandin,3
10053,8220,outandin,1
10053,8248,incoming,10
10053,8365,incoming,12
10053,8383,incoming,1
10196,160,outandin,1
10196,196,incoming,2
10196,299,outandin,1
10196,463,incoming,161
10196,546,outandin,2
10196,650,incoming,8
10196,712,incoming,9
10196,749,outandin,1
10196,898,incoming,1
10196,918,outandin,1
10196,963,incoming,1
10196,1046,outandin,1
10196,1162,incoming,11
10196,1199,incoming,12
10196,1322,outandin,1
10196,1348,outandin,1
10196,1489,incoming,1
10196,1566,incoming,16
10196,1569,outandin,1
10196,1705,incoming,6
10196,1743,incoming,8
10196,1750,incoming,1
10196,1845,incoming,6
10196,1926,incoming,4
10196,1955,incoming,9
10196,2123,outandin,1
10196,2227,outandin,1
10196,2245,incoming,12
10196,2310,incoming,13
10196,2319,incoming,12
10196,2466,incoming,17
10196,2470,incoming,3
10196,2496,incoming,48
10196,2505,incoming,3
10196,2539,incoming,9
10196,2564,incoming,2
10196,2572,incoming,8
10196,2627,incoming,8
10196,2633,incoming,7
10196,2698,incoming,1
10196,2728,outandin,1
10196,2744,outandin,1
10196,2846,outandin,1
10196,2863,incoming,29
10196,2915,outandin,1
10196,2967,incoming,14
10196,3050,incoming,67
10196,3053,outandin,1
10196,3060,incoming,1
10196,3075,incoming,11
10196,3131,incoming,6
10196,3158,incoming,2
10196,3190,outandin,1
10196,3360,outandin,1
10196,3415,outandin,1
10196,3447,incoming,10
10196,3502,incoming,1
10196,3599,incoming,10
10196,3617,incoming,2
10196,3691,outandin,1
10196,3694,incoming,12
10196,3791,incoming,12
10196,3971,outandin,2
10196,4049,outandin,1
10196,4054,outandin,1
10196,4209,outandin,1
10196,4312,incoming,9
10196,4540,incoming,4
10196,4655,incoming,8
10196,4780,incoming,11
10196,4795,incoming,1
10196,4935,outandin,1
10196,5232,outandin,1
10196,5430,incoming,28
10196,5489,incoming,4
10196,5530,incoming,8
10196,5580,incoming,1
10196,5607,incoming,39
10196,5839,outandin,2
10196,5870,incoming,3
10196,5944,outandin,1
10196,6011,outandin,1
10196,6063,incoming,3
10196,6093,incoming,5
10196,6180,incoming,6
10196,6262,incoming,1
10196,6287,incoming,3
10196,6459,outandin,1
10196,6500,incoming,7
10196,6619,outandin,3
10196,6710,incoming,47
10196,6743,incoming,4
10196,6758,outandin,1
10196,6979,incoming,5
10196,7037,incoming,3
10196,7085,outandin,1
10196,7128,incoming,1
10196,7542,outandin,5
10196,7620,incoming,2
10196,7718,incoming,4
10196,7747,outandin,4
10196,7783,outandin,3
10196,8065,incoming,5
10196,8127,incoming,14
10196,8179,outandin,1
10196,8268,outandin,1
10196,8319,incoming,2
10177,12,outandin,2
10177,22,outandin,1
10177,111,incoming,1
10177,135,incoming,3
10177,144,outandin,1
10177,164,incoming,7
10177,193,incoming,3
10177,207,outandin,5
10177,208,outandin,1
10177,242,incoming,20
10177,284,outandin,2
10177,290,outandin,1
10177,333,incoming,1
10177,404,outandin,1
10177,412,outandin,1
10177,421,outandin,2
10177,475,outandin,1
10177,477,incoming,11
10177,518,outandin,4
10177,549,incoming,7
10177,602,incoming,7
10177,683,outandin,6
10177,700,outandin,1
10177,726,outandin,1
10177,753,outandin,2
10177,757,outandin,1
10177,765,outandin,2
10177,767,incoming,1
10177,813,outandin,1
10177,820,outandin,1
10177,846,outandin,2
10177,851,incoming,1
10177,862,outandin,8
10177,900,outandin,1
10177,931,outandin,4
10177,988,outandin,1
10177,1021,outandin,1
10177,1031,outandin,3
10177,1033,outandin,1
10177,1060,incoming,3
10177,1083,incoming,16
10177,1092,outandin,2
10177,1096,incoming,8
10177,1152,outandin,3
10177,1165,outandin,8
10177,1170,outandin,1
10177,1183,outandin,1
10177,1194,outandin,1
10177,1219,outandin,1
10177,1238,incoming,1
10177,1264,outandin,1
10177,1313,incoming,3
10177,1341,outandin,2
10177,1367,incoming,16
10177,1395,outandin,1
10177,1415,incoming,1
10177,1442,outandin,1
10177,1468,incoming,3
10177,1520,outandin,3
10177,1527,incoming,2
10177,1531,outandin,1
10177,1551,outandin,10
10177,1561,incoming,2
10177,1569,incoming,17
10177,1658,outandin,1
10177,1777,outandin,1
10177,1817,outandin,4
10177,1819,outandin,1
10177,1826,outandin,2
10177,1878,outandin,1
10177,1895,outandin,1
10177,1919,incoming,2
10177,1949,incoming,2
10177,2000,outandin,2
10177,2076,outandin,1
10177,2103,outandin,4
10177,2159,incoming,2
10177,2257,outandin,1
10177,2318,outandin,3
10177,2346,incoming,3
10177,2464,incoming,4
10177,2482,outandin,9
10177,2492,incoming,49
10177,2499,outandin,2
10177,2503,outandin,2
10177,2595,incoming,6
10177,2625,incoming,7
10177,2667,incoming,2
10177,2695,incoming,8
10177,2705,incoming,1
10177,2714,outandin,6
10177,2728,incoming,2
10177,2737,incoming,1
10177,2786,outandin,1
10177,2807,outandin,1
10177,2846,outandin,1
10177,2884,incoming,19
10177,3035,outandin,1
10177,3046,outandin,1
10177,3082,outandin,1
10177,3084,outandin,3
10177,3103,incoming,1
10177,3125,outandin,1
10177,3127,incoming,2
10177,3134,incoming,1
10177,3149,outandin,1
10177,3163,outandin,1
10177,3164,outandin,1
10177,3172,incoming,9
10177,3264,outandin,6
10177,3288,incoming,1
10177,3360,outandin,3
10177,3361,incoming,3
10177,3370,outandin,1
10177,3387,incoming,6
10177,3443,outandin,6
10177,3468,incoming,1
10177,3476,outandin,1
10177,3496,outandin,2
10177,3560,outandin,3
10177,3594,incoming,1
10177,3604,incoming,3
10177,3682,outandin,1
10177,3702,outandin,1
10177,3743,incoming,2
10177,3823,outandin,1
10177,3873,incoming,1
10177,3890,incoming,1
10177,3944,outandin,1
10177,3970,incoming,7
10177,4033,outandin,2
10177,4045,outandin,10
10177,4054,incoming,2
10177,4057,outandin,1
10177,4115,outandin,1
10177,4128,outandin,1
10177,4171,outandin,5
10177,4194,outandin,1
10177,4275,outandin,2
10177,4304,outandin,2
10177,4339,outandin,1
10177,4423,incoming,6
10177,4448,incoming,2
10177,4464,outandin,1
10177,4480,outandin,12
10177,4531,outandin,5
10177,4607,incoming,7
10177,4654,outandin,5
10177,4695,outandin,2
10177,4699,outandin,3
10177,4726,outandin,1
10177,4742,outandin,10
10177,4850,outandin,1
10177,4864,outandin,2
10177,4950,outandin,2
10177,4971,incoming,1
10177,4992,incoming,1
10177,5044,incoming,1
10177,5186,outandin,1
10177,5250,outandin,1
10177,5268,outandin,1
10177,5322,incoming,1
10177,5358,outandin,2
10177,5406,outandin,1
10177,5474,incoming,15
10177,5486,incoming,14
10177,5498,incoming,10
10177,5520,incoming,12
10177,5534,incoming,9
10177,5570,outandin,1
10177,5590,outandin,1
10177,5630,incoming,3
10177,5640,outandin,1
10177,5653,outandin,2
10177,5720,incoming,4
10177,5729,incoming,1
10177,5798,outandin,4
10177,5802,outandin,2
10177,5820,incoming,2
10177,5844,outandin,3
10177,5850,outandin,2
10177,5860,outandin,1
10177,5862,incoming,6
10177,5863,outandin,3
10177,5866,incoming,1
10177,6052,outandin,1
10177,6091,outandin,2
10177,6215,incoming,1
10177,6225,incoming,1
10177,6242,outandin,1
10177,6365,incoming,1
10177,6396,incoming,2
10177,6467,incoming,2
10177,6487,incoming,1
10177,6558,outandin,1
10177,6582,outandin,1
10177,6606,incoming,4
10177,6653,outandin,1
10177,6747,outandin,1
10177,6777,outandin,1
10177,6830,incoming,1
10177,6843,outandin,1
10177,6879,outandin,1
10177,6888,outandin,3
10177,6918,outandin,2
10177,7052,incoming,3
10177,7093,incoming,1
10177,7118,outandin,3
10177,7139,outandin,2
10177,7171,incoming,6
10177,7240,outandin,1
10177,7245,outandin,1
10177,7247,outandin,1
10177,7263,outandin,1
10177,7265,outandin,4
10177,7289,incoming,2
10177,7318,incoming,6
10177,7393,outandin,1
10177,7481,incoming,1
10177,7641,incoming,4
10177,7646,outandin,1
10177,7668,outandin,5
10177,7692,incoming,8
10177,7694,outandin,1
10177,7781,incoming,1
10177,7796,outandin,1
10177,7804,outandin,1
10177,7811,outandin,1
10177,7831,outandin,1
10177,7876,incoming,4
10177,7883,outandin,1
10177,7891,outandin,5
10177,7976,outandin,1
10177,8008,outandin,1
10177,8012,outandin,1
10177,8017,incoming,5
10177,8031,incoming,2
10177,8033,incoming,7
10177,8052,incoming,1
10177,8134,incoming,1
10177,8140,outandin,1
10177,8158,outandin,1
10177,8268,outandin,5
10177,8428,outandin,1
10177,8483,outandin,1
10108,186,incoming,7
10108,191,incoming,9
10108,219,incoming,12
10108,376,incoming,10
10108,412,outandin,1
10108,502,incoming,20
10108,521,outandin,1
10108,541,incoming,1
10108,829,incoming,13
10108,927,incoming,7
10108,1046,incoming,4
10108,1065,incoming,9
10108,1243,incoming,11
10108,1344,incoming,14
10108,2151,outandin,1
10108,2162,incoming,2
10108,2237,outandin,2
10108,2356,incoming,9
10108,2370,incoming,14
10108,2426,incoming,5
10108,2572,incoming,2
10108,2589,outandin,3
10108,2670,incoming,1
10108,2905,incoming,16
10108,3261,incoming,4
10108,3429,incoming,4
10108,3433,incoming,3
10108,3504,outandin,3
10108,3590,incoming,3
10108,3624,outandin,1
10108,3676,incoming,7
10108,3725,outandin,1
10108,3832,outandin,1
10108,3937,incoming,15
10108,4137,incoming,4
10108,4239,incoming,16
10108,4321,incoming,8
10108,4361,outandin,1
10108,4417,incoming,7
10108,4422,incoming,9
10108,4455,incoming,2
10108,4502,incoming,3
10108,4614,outandin,1
10108,4619,incoming,3
10108,4637,outandin,2
10108,4689,outandin,2
10108,4803,outandin,1
10108,4823,incoming,4
10108,4832,outandin,5
10108,4855,incoming,1
10108,4939,incoming,38
10108,5089,incoming,9
10108,5371,incoming,4
10108,5416,outandin,1
10108,5496,incoming,1
10108,6198,incoming,9
10108,6256,incoming,8
10108,6630,incoming,2
10108,7007,outandin,1
10108,7024,incoming,3
10108,7274,incoming,3
10108,7301,incoming,8
10108,7677,outandin,2
10108,7879,incoming,3
10108,7916,outandin,1
10108,7923,incoming,1
10108,8043,incoming,4
10108,8068,incoming,11
10108,8086,incoming,8
10108,8126,incoming,3
10108,8341,incoming,2
10108,8478,incoming,1
10108,8507,incoming,1
10009,11,incoming,63
10009,59,incoming,12
10009,85,incoming,1
10009,209,outandin,2
10009,293,incoming,2
10009,457,outandin,1
10009,498,incoming,3
10009,506,outandin,1
10009,534,incoming,1
10009,681,outandin,1
10009,765,outandin,1
10009,878,outandin,1
10009,978,incoming,3
10009,1026,outandin,2
10009,1048,incoming,7
10009,1061,incoming,9
10009,1092,outandin,1
10009,1105,outandin,1
10009,1332,incoming,1
10009,1574,outandin,1
10009,1583,incoming,1
10009,1692,incoming,3
10009,1724,incoming,14
10009,1786,incoming,6
10009,1799,outandin,1
10009,1872,incoming,4
10009,2028,incoming,5
10009,2069,outandin,1
10009,2162,outandin,2
10009,2351,outandin,3
10009,2433,outandin,4
10009,2511,incoming,10
10009,2525,incoming,9
10009,2624,incoming,12
10009,2663,outandin,1
10009,2737,outandin,1
10009,3210,outandin,1
10009,3372,outandin,2
10009,3505,incoming,3
10009,3531,incoming,2
10009,3586,outandin,1
10009,3666,incoming,4
10009,3699,incoming,1
10009,3732,outandin,1
10009,3770,incoming,1
10009,3831,incoming,2
10009,3835,incoming,7
10009,3972,outandin,2
10009,4085,incoming,1
10009,4134,outandin,2
10009,4194,outandin,2
10009,4483,incoming,9
10009,4637,incoming,8
10009,4740,incoming,10
10009,4857,incoming,5
10009,4886,outandin,5
10009,5037,outandin,5
10009,5186,outandin,2
10009,5236,incoming,1
10009,5265,outandin,2
10009,5557,outandin,1
10009,5772,incoming,15
10009,5891,incoming,5
10009,5902,outandin,2
10009,5940,outandin,12
10009,6119,incoming,6
10009,6132,outandin,3
10009,6141,outandin,2
10009,6296,incoming,13
10009,6417,incoming,1
10009,6426,outandin,1
10009,6538,outandin,2
10009,6595,outandin,1
10009,6598,outandin,1
10009,6612,outandin,2
10009,6623,incoming,11
10009,6626,incoming,5
10009,6833,outandin,2
10009,6841,outandin,2
10009,6877,incoming,2
10009,6888,incoming,2
10009,6918,outandin,4
10009,7189,incoming,9
10009,7244,incoming,2
10009,7387,incoming,6
10009,7405,incoming,3
10009,7479,outandin,1
10009,7538,outandin,1
10009,7547,outandin,1
10009,7686,outandin,1
10009,7849,incoming,8
10009,7876,outandin,1
10009,8037,outandin,1
10009,8347,outandin,2
10009,8354,incoming,2
10051,12,outandin,5
10051,82,outandin,1
10051,89,outandin,1
10051,121,incoming,190
10051,155,incoming,10
10051,164,incoming,11
10051,193,incoming,10
10051,242,incoming,11
10051,280,outandin,2
10051,284,outandin,1
10051,289,incoming,1
10051,333,incoming,1
10051,445,outandin,1
10051,477,incoming,11
10051,518,incoming,3
10051,549,incoming,3
10051,587,incoming,1
10051,596,outandin,1
10051,602,incoming,5
10051,767,incoming,1
10051,781,outandin,2
10051,851,outandin,1
10051,862,outandin,17
10051,988,outandin,1
10051,1044,incoming,5
10051,1060,incoming,1
10051,1125,incoming,1
10051,1152,incoming,1
10051,1161,outandin,1
10051,1165,outandin,5
10051,1170,outandin,1
10051,1219,incoming,2
10051,1222,outandin,3
10051,1238,incoming,10
10051,1248,outandin,1
10051,1367,incoming,19
10051,1415,incoming,1
10051,1520,outandin,5
10051,1569,incoming,33
10051,1658,outandin,1
10051,1674,outandin,1
10051,1729,outandin,1
10051,1919,incoming,2
10051,1949,incoming,2
10051,2040,outandin,1
10051,2046,incoming,7
10051,2076,outandin,2
10051,2103,outandin,3
10051,2127,incoming,7
10051,2150,outandin,2
10051,2257,incoming,3
10051,2261,outandin,2
10051,2380,incoming,6
10051,2438,outandin,5
10051,2451,incoming,6
10051,2476,incoming,2
10051,2479,outandin,3
10051,2503,outandin,4
10051,2625,incoming,11
10051,2628,outandin,1
10051,2681,incoming,8
10051,2695,incoming,11
10051,2705,incoming,5
10051,2714,outandin,3
10051,2720,outandin,3
10051,2846,outandin,1
10051,2885,incoming,3
10051,2938,incoming,3
10051,3001,outandin,2
10051,3127,incoming,1
10051,3183,outandin,2
10051,3239,incoming,2
10051,3264,outandin,1
10051,3370,outandin,2
10051,3410,outandin,2
10051,3415,outandin,1
10051,3446,outandin,1
10051,3496,outandin,1
10051,3594,incoming,1
10051,3659,outandin,2
10051,3682,outandin,3
10051,3789,outandin,3
10051,3839,outandin,1
10051,3854,outandin,2
10051,3874,outandin,1
10051,3912,outandin,2
10051,3990,incoming,4
10051,4068,outandin,1
10051,4285,incoming,1
10051,4448,outandin,2
10051,4706,incoming,2
10051,4775,outandin,2
10051,4779,incoming,7
10051,4862,outandin,1
10051,4876,incoming,3
10051,4950,outandin,1
10051,4963,outandin,2
10051,5206,incoming,1
10051,5353,outandin,5
10051,5416,outandin,1
10051,5441,incoming,1
10051,5720,incoming,13
10051,5725,outandin,1
10051,5731,outandin,2
10051,5758,outandin,1
10051,5798,incoming,1
10051,5827,incoming,2
10051,5860,outandin,1
10051,5892,outandin,1
10051,5929,incoming,2
10051,5944,incoming,1
10051,6003,incoming,8
10051,6007,incoming,2
10051,6013,incoming,2
10051,6052,outandin,1
10051,6100,outandin,2
10051,6170,incoming,4
10051,6191,outandin,1
10051,6365,outandin,4
10051,6447,outandin,1
10051,6503,incoming,2
10051,6579,incoming,3
10051,6585,incoming,1
10051,6606,outandin,1
10051,6615,outandin,10
10051,6640,outandin,2
10051,6653,outandin,2
10051,6777,outandin,1
10051,6843,outandin,2
10051,6865,incoming,2
10051,6888,outandin,7
10051,7052,incoming,8
10051,7057,incoming,2
10051,7067,incoming,1
10051,7139,outandin,2
10051,7171,outandin,3
10051,7207,outandin,3
10051,7393,outandin,1
10051,7450,outandin,8
10051,7533,incoming,1
10051,7690,outandin,3
10051,7701,outandin,2
10051,7837,outandin,1
10051,7883,incoming,3
10051,8017,outandin,2
10051,8073,incoming,1
10051,8204,incoming,2
10051,8206,outandin,1
10051,8441,incoming,3
10051,8519,incoming,1
10026,41,incoming,22
10026,124,incoming,33
10026,289,incoming,8
10026,444,incoming,23
10026,765,incoming,7
10026,862,outandin,6
10026,881,incoming,21
10026,1051,incoming,3
10026,1179,incoming,13
10026,1282,incoming,2
10026,1341,outandin,1
10026,1429,incoming,21
10026,1462,outandin,1
10026,1481,incoming,6
10026,1633,incoming,16
10026,1729,outandin,1
10026,1779,incoming,1
10026,1865,outandin,1
10026,1926,incoming,4
10026,2048,incoming,5
10026,2070,outandin,4
10026,2075,outandin,2
10026,2093,incoming,14
10026,2144,incoming,8
10026,2173,incoming,2
10026,2185,incoming,15
10026,2482,incoming,9
10026,2626,incoming,3
10026,2665,outandin,3
10026,2672,incoming,28
10026,2901,incoming,7
10026,2923,incoming,45
10026,3001,incoming,1
10026,3009,incoming,1
10026,3033,outandin,1
10026,3358,incoming,53
10026,3574,incoming,12
10026,3593,incoming,1
10026,3808,incoming,15
10026,3910,outandin,3
10026,3968,incoming,7
10026,4049,incoming,19
10026,4423,incoming,1
10026,4594,incoming,36
10026,4706,outandin,1
10026,4784,incoming,11
10026,4838,outandin,2
10026,4898,incoming,13
10026,5166,incoming,4
10026,5741,incoming,11
10026,6144,incoming,7
10026,6280,outandin,2
10026,6358,incoming,4
10026,6557,incoming,9
10026,6888,outandin,2
10026,7032,incoming,9
10026,7083,incoming,8
10026,7353,outandin,2
10026,7470,incoming,3
10026,7593,outandin,2
10026,7726,incoming,2
10026,7867,incoming,1
10026,7891,incoming,3
10026,7977,incoming,5
10026,8208,incoming,3
10065,27,outandin,1
10065,38,incoming,3
10065,75,incoming,1
10065,82,outandin,1
10065,105,outandin,1
10065,133,outandin,1
10065,158,incoming,1
10065,164,outandin,1
10065,184,outandin,1
10065,200,outandin,1
10065,208,outandin,2
10065,277,incoming,41
10065,285,outandin,1
10065,343,outandin,1
10065,383,incoming,1
10065,491,outandin,2
10065,523,outandin,1
10065,556,outandin,2
10065,587,outandin,1
10065,617,incoming,1
10065,676,outandin,1
10065,684,outandin,1
10065,687,outandin,10
10065,757,outandin,2
10065,760,incoming,7
10065,813,incoming,2
10065,860,outandin,1
10065,917,outandin,1
10065,957,incoming,1
10065,1060,incoming,3
10065,1100,incoming,5
10065,1111,outandin,1
10065,1152,outandin,1
10065,1187,outandin,2
10065,1189,outandin,1
10065,1222,outandin,4
10065,1238,incoming,29
10065,1256,incoming,2
10065,1305,outandin,2
10065,1322,incoming,1
10065,1346,outandin,2
10065,1517,incoming,3
10065,1520,outandin,1
10065,1524,outandin,1
10065,1526,outandin,3
10065,1531,incoming,1
10065,1593,incoming,6
10065,1598,incoming,31
10065,1679,outandin,1
10065,1698,outandin,1
10065,1779,incoming,1
10065,1935,outandin,1
10065,1970,incoming,4
10065,1991,outandin,2
10065,2075,incoming,1
10065,2103,outandin,2
10065,2145,incoming,3
10065,2188,outandin,7
10065,2236,incoming,3
10065,2289,outandin,1
10065,2440,outandin,4
10065,2460,incoming,1
10065,2494,incoming,1
10065,2699,incoming,5
10065,2736,outandin,1
10065,2948,incoming,2
10065,2970,outandin,2
10065,3013,outandin,1
10065,3060,outandin,1
10065,3073,outandin,1
10065,3082,outandin,1
10065,3174,outandin,1
10065,3198,incoming,11
10065,3284,outandin,1
10065,3358,outandin,1
10065,3454,outandin,1
10065,3491,outandin,5
10065,3502,incoming,2
10065,3552,incoming,1
10065,3567,outandin,2
10065,3583,outandin,1
10065,3589,outandin,2
10065,3625,outandin,1
10065,3792,outandin,3
10065,3795,outandin,2
10065,3804,outandin,3
10065,3854,incoming,1
10065,3858,outandin,1
10065,3866,outandin,1
10065,3914,outandin,1
10065,4057,incoming,3
10065,4075,outandin,2
10065,4109,outandin,1
10065,4149,incoming,4
10065,4198,incoming,1
10065,4241,outandin,1
10065,4342,outandin,1
10065,4364,outandin,3
10065,4448,incoming,14
10065,4534,incoming,2
10065,4614,outandin,1
10065,4628,incoming,1
10065,4696,outandin,1
10065,4734,incoming,4
10065,4768,outandin,1
10065,4854,outandin,3
10065,4876,outandin,1
10065,4916,outandin,1
10065,4961,outandin,1
10065,4981,outandin,1
10065,5040,outandin,4
10065,5113,outandin,2
10065,5142,incoming,3
10065,5223,incoming,1
10065,5270,outandin,1
10065,5304,outandin,2
10065,5320,incoming,8
10065,5412,outandin,1
10065,5416,outandin,1
10065,5449,outandin,1
10065,5573,outandin,1
10065,5621,outandin,1
10065,5715,outandin,1
10065,5747,outandin,2
10065,5808,incoming,14
10065,5826,incoming,4
10065,5833,outandin,1
10065,5839,outandin,18
10065,5891,outandin,1
10065,5959,outandin,1
10065,5985,outandin,1
10065,5995,outandin,1
10065,6001,outandin,1
10065,6068,outandin,1
10065,6094,outandin,1
10065,6101,outandin,1
10065,6141,outandin,3
10065,6173,incoming,3
10065,6263,outandin,1
10065,6321,outandin,1
10065,6344,outandin,1
10065,6404,outandin,2
10065,6426,outandin,2
10065,6478,outandin,1
10065,6527,incoming,2
10065,6577,outandin,1
10065,6585,incoming,2
10065,6595,outandin,1
10065,6616,incoming,10
10065,6653,outandin,1
10065,6667,outandin,2
10065,6669,outandin,2
10065,6693,outandin,1
10065,6826,outandin,3
10065,6888,outandin,1
10065,6982,outandin,2
10065,7042,incoming,1
10065,7187,outandin,3
10065,7206,outandin,1
10065,7281,outandin,1
10065,7317,incoming,1
10065,7367,outandin,1
10065,7393,outandin,4
10065,7444,incoming,1
10065,7492,incoming,1
10065,7637,incoming,1
10065,7739,outandin,1
10065,7744,incoming,1
10065,7772,incoming,1
10065,7774,incoming,1
10065,7783,outandin,1
10065,7811,incoming,1
10065,7910,outandin,1
10065,7937,outandin,2
10065,8048,outandin,2
10065,8111,incoming,3
10065,8206,outandin,1
10065,8247,outandin,1
10065,8276,outandin,3
10065,8516,incoming,1
10064,104,incoming,11
10064,289,outandin,1
10064,343,incoming,2
10064,363,incoming,2
10064,855,incoming,13
10064,878,outandin,14
10064,978,incoming,14
10064,1116,incoming,26
10064,1146,incoming,6
10064,1395,outandin,2
10064,1406,incoming,40
10064,1434,incoming,1
10064,1469,incoming,67
10064,1734,incoming,2
10064,1796,incoming,15
10064,1827,incoming,1
10064,1915,outandin,2
10064,2124,incoming,6
10064,2176,outandin,11
10064,2218,incoming,5
10064,2430,incoming,1
10064,2944,incoming,9
10064,2992,incoming,8
10064,3116,incoming,3
10064,3142,incoming,1
10064,3316,incoming,13
10064,3406,outandin,3
10064,3732,incoming,2
10064,3772,incoming,14
10064,3823,outandin,2
10064,3824,incoming,2
10064,3842,outandin,2
10064,3896,outandin,1
10064,4012,incoming,21
10064,4094,incoming,2
10064,4131,incoming,3
10064,4227,incoming,5
10064,4238,outandin,4
10064,4390,incoming,6
10064,4486,incoming,1
10064,4524,incoming,3
10064,4636,outandin,2
10064,4743,incoming,3
10064,5026,outandin,11
10064,5412,outandin,3
10064,5467,incoming,3
10064,5754,outandin,1
10064,5793,incoming,2
10064,5980,outandin,6
10064,6014,incoming,5
10064,6025,outandin,20
10064,6128,outandin,1
10064,6169,outandin,1
10064,6426,outandin,4
10064,6785,outandin,3
10064,6958,outandin,15
10064,7199,outandin,1
10064,7285,outandin,2
10064,7392,incoming,3
10064,7414,incoming,1
10064,7436,outandin,1
10064,7501,incoming,4
10064,7588,outandin,1
10064,7632,incoming,5
10064,7828,incoming,3
10064,8052,incoming,1
10064,8130,incoming,2
10064,8331,incoming,1
10088,153,incoming,386
10088,217,incoming,7
10088,227,incoming,7
10088,238,incoming,117
10088,492,incoming,1
10088,501,incoming,1
10088,718,incoming,2
10088,771,outandin,3
10088,810,outandin,40
10088,1158,incoming,16
10088,1171,outandin,1
10088,1250,incoming,26
10088,1307,incoming,4
10088,1409,incoming,2
10088,2066,incoming,4
10088,2190,incoming,1
10088,2317,incoming,37
10088,2344,outandin,3
10088,2431,incoming,5
10088,2588,outandin,1
10088,2709,incoming,3
10088,2733,incoming,7
10088,2740,outandin,5
10088,2862,incoming,31
10088,2925,incoming,5
10088,2972,incoming,11
10088,3151,incoming,2
10088,3306,incoming,42
10088,3541,outandin,7
10088,3636,incoming,7
10088,3954,incoming,2
10088,4000,outandin,5
10088,4215,incoming,9
10088,4264,incoming,6
10088,4440,outandin,1
10088,4467,incoming,3
10088,4507,incoming,6
10088,4531,incoming,4
10088,4807,incoming,6
10088,5002,incoming,2
10088,5076,incoming,3
10088,5170,incoming,7
10088,5197,incoming,1
10088,5264,incoming,10
10088,5413,outandin,1
10088,5705,incoming,2
10088,5724,incoming,1
10088,5787,outandin,1
10088,5863,incoming,1
10088,5999,incoming,2
10088,6060,incoming,8
10088,6075,incoming,4
10088,6110,incoming,2
10088,6124,incoming,2
10088,6251,outandin,7
10088,6471,outandin,2
10088,6506,incoming,4
10088,6631,incoming,4
10088,6924,incoming,7
10088,6966,incoming,2
10088,7193,outandin,3
10088,7371,incoming,9
10088,7461,incoming,1
10088,7656,outandin,2
10088,7721,incoming,1
10088,7786,incoming,6
10088,8040,incoming,1
10088,8094,outandin,1
10088,8207,incoming,1
10088,8523,incoming,2
10070,116,incoming,7
10070,222,incoming,12
10070,384,incoming,9
10070,490,outandin,4
10070,523,outandin,1
10070,612,incoming,2
10070,829,outandin,1
10070,940,outandin,2
10070,1180,incoming,4
10070,1358,incoming,8
10070,1553,outandin,1
10070,1673,incoming,11
10070,1692,incoming,3
10070,1792,incoming,9
10070,1843,incoming,11
10070,2423,incoming,17
10070,2639,incoming,8
10070,3044,incoming,5
10070,3071,incoming,7
10070,3167,incoming,9
10070,3283,incoming,8
10070,3626,incoming,7
10070,3818,incoming,2
10070,3998,incoming,7
10070,4131,incoming,1
10070,4142,incoming,14
10070,4400,incoming,8
10070,4431,outandin,2
10070,4476,incoming,14
10070,4593,incoming,4
10070,4635,outandin,1
10070,4962,incoming,8
10070,4968,incoming,4
10070,5023,incoming,1
10070,5462,incoming,1
10070,5718,outandin,1
10070,5754,outandin,2
10070,5786,incoming,6
10070,5977,incoming,2
10070,6233,incoming,9
10070,6294,incoming,4
10070,6311,incoming,10
10070,6482,incoming,2
10070,6600,outandin,1
10070,6705,incoming,9
10070,6916,incoming,4
10070,6930,incoming,9
10070,7163,outandin,2
10070,7221,incoming,2
10070,7277,outandin,1
10070,7362,outandin,1
10070,7522,outandin,4
10070,7750,incoming,10
10070,8030,outandin,1
10037,60,incoming,13
10037,156,incoming,18
10037,203,incoming,25
10037,254,incoming,4
10037,468,incoming,20
10037,528,incoming,3
10037,650,incoming,2
10037,726,incoming,4
10037,749,incoming,2
10037,1164,incoming,4
10037,1183,incoming,1
10037,1201,incoming,25
10037,1357,incoming,3
10037,1477,incoming,11
10037,1495,incoming,10
10037,1856,incoming,2
10037,2328,incoming,3
10037,2491,incoming,2
10037,2504,outandin,2
10037,2777,incoming,3
10037,2877,incoming,14
10037,2959,outandin,2
10037,3058,incoming,8
10037,3176,incoming,1
10037,3232,incoming,5
10037,3502,incoming,3
10037,3648,incoming,5
10037,3679,incoming,6
10037,3688,incoming,3
10037,3845,incoming,4
10037,3950,outandin,2
10037,3971,outandin,1
10037,3977,incoming,1
10037,4054,incoming,1
10037,4219,outandin,2
10037,4376,incoming,10
10037,4473,incoming,6
10037,4610,incoming,4
10037,4657,incoming,5
10037,4957,outandin,1
10037,5173,incoming,5
10037,5638,incoming,1
10037,5701,incoming,23
10037,5918,outandin,1
10037,5920,incoming,4
10037,5959,incoming,10
10037,5987,incoming,5
10037,6193,incoming,4
10037,6288,incoming,8
10037,6318,incoming,22
10037,6460,incoming,1
10037,7126,incoming,8
10037,7358,incoming,3
10037,7748,outandin,1
10148,22,outandin,1
10148,302,incoming,53
10148,410,incoming,2
10148,421,incoming,6
10148,611,incoming,7
10148,692,incoming,8
10148,796,outandin,2
10148,963,incoming,1
10148,970,incoming,2
10148,984,outandin,1
10148,1183,incoming,5
10148,1199,outandin,1
10148,1267,outandin,1
10148,1351,outandin,1
10148,1674,incoming,13
10148,1962,outandin,1
10148,2086,outandin,2
10148,2282,incoming,12
10148,2369,incoming,1
10148,2446,incoming,1
10148,2539,outandin,1
10148,2563,outandin,2
10148,2608,incoming,3
10148,2969,incoming,9
10148,2990,outandin,1
10148,3060,outandin,2
10148,3103,incoming,3
10148,3147,incoming,9
10148,3250,incoming,7
10148,3525,incoming,8
10148,3624,incoming,3
10148,3696,incoming,6
10148,3821,incoming,2
10148,3982,incoming,2
10148,4121,outandin,2
10148,4958,incoming,5
10148,4981,incoming,1
10148,5304,outandin,1
10148,5481,outandin,3
10148,5595,incoming,4
10148,5851,outandin,2
10148,5889,incoming,15
10148,5920,incoming,8
10148,6120,outandin,1
10148,6180,outandin,2
10148,6237,incoming,7
10148,6309,incoming,8
10148,6338,incoming,63
10148,6419,incoming,6
10148,6445,incoming,1
10148,6489,incoming,3
10148,6548,incoming,6
10148,6549,outandin,3
10148,6556,incoming,8
10148,6707,incoming,1
10148,6795,outandin,4
10148,6829,incoming,7
10148,6836,outandin,2
10148,7085,outandin,1
10148,7161,incoming,10
10148,7336,outandin,1
10148,7517,incoming,6
10148,7767,incoming,3
10148,7777,incoming,12
10148,8132,incoming,9
10148,8154,incoming,3
10148,8428,outandin,1
10191,98,incoming,6
10191,452,incoming,10
10191,487,incoming,12
10191,534,outandin,2
10191,794,incoming,8
10191,985,incoming,20
10191,1224,incoming,1
10191,1790,incoming,3
10191,1899,incoming,4
10191,2385,incoming,16
10191,2390,incoming,16
10191,2608,outandin,2
10191,2628,incoming,2
10191,2639,incoming,3
10191,2864,outandin,8
10191,2997,incoming,14
10191,3242,outandin,1
10191,3302,outandin,5
10191,3332,outandin,1
10191,3350,incoming,11
10191,3532,incoming,14
10191,3794,outandin,1
10191,4182,incoming,5
10191,4197,incoming,4
10191,4625,incoming,7
10191,4723,incoming,4
10191,4820,outandin,1
10191,5141,incoming,7
10191,5278,outandin,1
10191,5384,outandin,3
10191,5504,outandin,3
10191,5658,incoming,4
10191,5740,incoming,5
10191,5754,outandin,2
10191,5975,incoming,5
10191,6210,incoming,6
10191,6397,incoming,13
10191,6508,incoming,3
10191,6600,outandin,2
10191,6627,incoming,8
10191,6878,outandin,3
10191,7133,incoming,2
10191,7137,outandin,4
10191,7224,outandin,8
10191,7287,incoming,9
10191,7553,outandin,1
10191,7556,outandin,1
10191,7557,incoming,6
10191,7672,outandin,1
10191,7688,outandin,1
10191,7759,incoming,12
10191,8137,incoming,13
10191,8326,incoming,1
10191,8549,incoming,4
10086,141,incoming,12
10086,248,outandin,1
10086,298,outandin,1
10086,523,outandin,2
10086,718,incoming,1
10086,771,outandin,2
10086,1171,outandin,10
10086,1250,incoming,1
10086,1307,outandin,3
10086,1409,incoming,1
10086,1496,outandin,5
10086,1709,incoming,11
10086,1973,incoming,2
10086,2190,incoming,6
10086,2344,outandin,3
10086,2494,outandin,1
10086,2573,incoming,17
10086,2709,incoming,1
10086,2740,outandin,2
10086,2862,outandin,2
10086,2885,incoming,19
10086,2922,outandin,1
10086,2925,incoming,4
10086,2972,incoming,2
10086,3073,outandin,1
10086,3151,outandin,2
10086,3197,incoming,3
10086,3597,incoming,6
10086,3748,incoming,18
10086,4000,incoming,6
10086,4215,incoming,3
10086,4407,outandin,1
10086,4440,incoming,1
10086,4531,incoming,3
10086,4615,outandin,1
10086,4807,incoming,3
10086,4865,outandin,5
10086,4934,outandin,1
10086,5002,outandin,1
10086,5035,incoming,8
10086,5039,outandin,2
10086,5143,incoming,6
10086,5197,incoming,2
10086,5264,incoming,2
10086,5406,incoming,2
10086,5413,outandin,3
10086,5416,outandin,1
10086,5599,outandin,3
10086,5705,outandin,1
10086,5724,incoming,2
10086,5787,incoming,5
10086,5983,incoming,9
10086,6060,incoming,1
10086,6075,outandin,1
10086,6110,incoming,2
10086,6124,incoming,1
10086,6299,incoming,2
10086,6506,incoming,1
10086,6876,outandin,1
10086,6924,incoming,1
10086,6962,incoming,4
10086,6988,incoming,22
10086,7042,incoming,1
10086,7193,outandin,3
10086,7228,incoming,10
10086,7285,outandin,1
10086,7311,incoming,7
10086,7461,incoming,2
10086,7534,incoming,7
10086,7851,outandin,1
10086,8094,outandin,2
10086,8118,outandin,1
10086,8389,outandin,1
10086,8552,outandin,1
10036,55,incoming,52
10036,158,outandin,1
10036,248,outandin,5
10036,462,incoming,8
10036,546,incoming,3
10036,698,incoming,5
10036,827,incoming,15
10036,1145,incoming,8
10036,1539,incoming,48
10036,1588,outandin,1
10036,1677,incoming,27
10036,1794,incoming,10
10036,1899,outandin,1
10036,1916,outandin,1
10036,2075,incoming,4
10036,2085,incoming,9
10036,2158,incoming,17
10036,2165,incoming,23
10036,2191,incoming,32
10036,2262,incoming,17
10036,2342,incoming,12
10036,2458,incoming,7
10036,2690,incoming,16
10036,3004,incoming,16
10036,3109,incoming,8
10036,3145,incoming,14
10036,3295,outandin,2
10036,3421,incoming,29
10036,3533,incoming,12
10036,3575,incoming,2
10036,3642,incoming,5
10036,3678,outandin,1
10036,3694,outandin,1
10036,4004,outandin,1
10036,4496,outandin,19
10036,4599,incoming,1
10036,4656,incoming,11
10036,5396,outandin,1
10036,5423,outandin,1
10036,5439,incoming,16
10036,5447,incoming,10
10036,5483,incoming,12
10036,5681,incoming,6
10036,6001,outandin,1
10036,7012,incoming,7
10036,8152,incoming,1
10036,8219,incoming,1
10041,27,outandin,1
10041,51,outandin,1
10041,85,outandin,1
10041,198,incoming,1
10041,248,outandin,2
10041,530,incoming,11
10041,788,outandin,1
10041,827,incoming,6
10041,900,incoming,4
10041,947,outandin,1
10041,1145,outandin,1
10041,1427,incoming,4
10041,1526,incoming,7
10041,1539,incoming,164
10041,1588,outandin,1
10041,1728,incoming,1
10041,1763,incoming,7
10041,1819,outandin,1
10041,1899,outandin,2
10041,1920,outandin,4
10041,1975,incoming,8
10041,1987,incoming,1
10041,2075,incoming,4
10041,2099,incoming,6
10041,2123,outandin,1
10041,2158,incoming,8
10041,2195,incoming,2
10041,2240,incoming,8
10041,2268,outandin,2
10041,2307,incoming,2
10041,2311,incoming,21
10041,2393,outandin,1
10041,2454,incoming,2
10041,2603,outandin,3
10041,2884,incoming,1
10041,2945,incoming,19
10041,2964,incoming,5
10041,2965,incoming,2
10041,3056,outandin,2
10041,3063,outandin,1
10041,3100,incoming,6
10041,3190,outandin,1
10041,3414,incoming,10
10041,3476,outandin,2
10041,3511,incoming,7
10041,3557,outandin,1
10041,3691,incoming,1
10041,3852,incoming,6
10041,3854,incoming,7
10041,4245,outandin,1
10041,4295,outandin,14
10041,4351,incoming,7
10041,4373,incoming,2
10041,4412,incoming,1
10041,4444,incoming,3
10041,4626,outandin,1
10041,4775,outandin,1
10041,4830,incoming,4
10041,4844,incoming,1
10041,4971,outandin,1
10041,5092,outandin,1
10041,5370,incoming,6
10041,5396,incoming,9
10041,5519,outandin,3
10041,5797,outandin,1
10041,5907,incoming,10
10041,5944,outandin,2
10041,5965,outandin,3
10041,6055,incoming,3
10041,6123,incoming,2
10041,6180,outandin,1
10041,6415,incoming,1
10041,6459,incoming,1
10041,6579,incoming,1
10041,6597,incoming,2
10041,6830,incoming,1
10041,6913,incoming,9
10041,6933,incoming,3
10041,6972,incoming,1
10041,6984,incoming,3
10041,7012,outandin,3
10041,7265,outandin,1
10041,7293,incoming,15
10041,7444,incoming,12
10041,7681,incoming,1
10041,7783,outandin,1
10041,8050,incoming,2
10041,8055,incoming,2
10041,8057,incoming,1
10041,8072,incoming,1
10041,8246,outandin,1
10041,8440,outandin,3
10052,83,incoming,56
10052,184,outandin,3
10052,196,incoming,2
10052,279,incoming,14
10052,309,outandin,1
10052,367,incoming,13
10052,383,incoming,1
10052,404,incoming,2
10052,518,outandin,2
10052,543,outandin,1
10052,753,outandin,1
10052,765,incoming,3
10052,767,incoming,2
10052,796,incoming,5
10052,851,incoming,1
10052,859,incoming,7
10052,947,outandin,2
10052,1070,incoming,1
10052,1122,incoming,14
10052,1395,outandin,1
10052,1454,incoming,14
10052,1566,outandin,1
10052,1652,incoming,2
10052,1658,outandin,1
10052,1706,outandin,1
10052,1750,incoming,2
10052,1764,incoming,22
10052,1832,outandin,2
10052,1887,incoming,6
10052,1926,incoming,18
10052,1979,incoming,2
10052,2046,incoming,1
10052,2219,incoming,64
10052,2360,outandin,1
10052,2451,incoming,3
10052,2470,outandin,1
10052,2564,incoming,1
10052,2819,incoming,9
10052,2893,incoming,5
10052,2913,outandin,1
10052,2985,incoming,1
10052,3001,outandin,1
10052,3405,incoming,4
10052,3749,incoming,7
10052,3768,outandin,1
10052,3873,outandin,2
10052,3936,incoming,26
10052,3971,outandin,1
10052,4021,outandin,1
10052,4121,incoming,1
10052,4442,incoming,5
10052,4556,outandin,1
10052,4633,outandin,10
10052,4756,outandin,1
10052,4993,incoming,2
10052,5200,incoming,1
10052,5207,incoming,16
10052,5386,incoming,4
10052,5585,incoming,2
10052,5813,outandin,1
10052,5920,outandin,2
10052,5929,incoming,9
10052,6030,outandin,1
10052,6123,outandin,1
10052,6181,incoming,6
10052,6229,incoming,1
10052,6289,outandin,2
10052,6297,incoming,5
10052,6304,outandin,1
10052,6357,outandin,1
10052,6485,outandin,1
10052,6615,outandin,2
10052,6690,outandin,1
10052,6702,incoming,1
10052,6738,incoming,1
10052,6766,outandin,1
10052,6813,incoming,17
10052,6932,incoming,13
10052,7046,outandin,1
10052,7158,outandin,1
10052,7300,incoming,7
10052,7382,incoming,6
10052,7587,incoming,1
10052,7620,outandin,2
10052,7783,incoming,4
10052,7810,incoming,6
10052,7925,outandin,1
10052,8076,outandin,3
10052,8117,outandin,2
10052,8477,outandin,1
10162,124,outandin,1
10162,164,outandin,1
10162,242,incoming,8
10162,280,incoming,4
10162,357,incoming,23
10162,456,incoming,12
10162,862,outandin,14
10162,1073,outandin,4
10162,1507,incoming,26
10162,1536,outandin,38
10162,1656,outandin,1
10162,1694,outandin,1
10162,1905,outandin,11
10162,1955,incoming,1
10162,2144,outandin,2
10162,2274,outandin,1
10162,2436,outandin,6
10162,2592,outandin,3
10162,2796,incoming,13
10162,3009,incoming,3
10162,3248,outandin,7
10162,3499,incoming,3
10162,4049,incoming,13
10162,4058,outandin,1
10162,4145,outandin,3
10162,4156,outandin,8
10162,4573,outandin,1
10162,4586,outandin,1
10162,4894,incoming,3
10162,6155,incoming,3
10162,6172,outandin,11
10162,6929,incoming,3
10162,7036,incoming,11
10162,7207,outandin,4
10162,7394,outandin,2
10162,7649,incoming,13
10162,7693,outandin,1
10162,7887,outandin,5
10162,7920,outandin,2
10162,7947,outandin,3
10162,8372,incoming,6
10162,8415,outandin,1
10162,8465,incoming,5
10162,8506,outandin,4
10054,134,incoming,7
10054,135,incoming,9
10054,196,incoming,3
10054,209,outandin,2
10054,231,outandin,1
10054,272,outandin,1
10054,299,outandin,1
10054,312,outandin,1
10054,323,outandin,1
10054,348,outandin,1
10054,363,outandin,1
10054,446,outandin,1
10054,498,outandin,1
10054,503,incoming,7
10054,528,outandin,1
10054,543,incoming,2
10054,554,outandin,1
10054,587,incoming,1
10054,596,incoming,2
10054,753,outandin,2
10054,820,outandin,3
10054,855,outandin,1
10054,917,outandin,1
10054,1016,outandin,1
10054,1092,outandin,1
10054,1105,incoming,1
10054,1128,outandin,1
10054,1164,outandin,1
10054,1238,incoming,19
10054,1266,outandin,1
10054,1281,incoming,1
10054,1406,outandin,1
10054,1468,outandin,1
10054,1528,outandin,1
10054,1551,outandin,1
10054,1569,outandin,1
10054,1593,outandin,1
10054,1598,incoming,2
10054,1705,incoming,1
10054,1744,outandin,1
10054,1774,outandin,1
10054,1872,incoming,2
10054,1993,incoming,2
10054,2040,incoming,1
10054,2110,outandin,1
10054,2162,outandin,1
10054,2174,outandin,1
10054,2208,outandin,1
10054,2236,incoming,1
10054,2289,outandin,1
10054,2404,incoming,15
10054,2433,outandin,1
10054,2459,outandin,1
10054,2481,outandin,2
10054,2501,outandin,1
10054,2552,outandin,1
10054,2646,outandin,1
10054,2670,outandin,1
10054,2685,outandin,1
10054,2717,outandin,4
10054,2737,incoming,4
10054,2750,outandin,68
10054,2799,outandin,7
10054,2807,outandin,1
10054,2840,incoming,1
10054,2858,incoming,7
10054,2869,outandin,1
10054,2948,incoming,1
10054,3046,incoming,1
10054,3078,outandin,1
10054,3141,outandin,2
10054,3177,incoming,2
10054,3241,outandin,2
10054,3249,incoming,2
10054,3252,outandin,2
10054,3264,outandin,2
10054,3353,outandin,1
10054,3388,outandin,2
10054,3399,incoming,1
10054,3456,incoming,7
10054,3467,outandin,1
10054,3478,outandin,1
10054,3517,outandin,1
10054,3531,outandin,1
10054,3589,outandin,1
10054,3612,incoming,1
10054,3613,incoming,1
10054,3716,outandin,1
10054,3724,outandin,3
10054,3770,incoming,1
10054,3781,incoming,13
10054,3877,outandin,1
10054,3935,outandin,1
10054,3972,outandin,1
10054,3989,incoming,6
10054,4057,incoming,1
10054,4115,outandin,5
10054,4127,outandin,1
10054,4149,outandin,1
10054,4205,outandin,1
10054,4279,outandin,1
10054,4309,incoming,10
10054,4364,outandin,1
10054,4395,outandin,2
10054,4472,incoming,2
10054,4498,incoming,5
10054,4537,outandin,1
10054,4614,incoming,1
10054,4641,outandin,1
10054,4694,outandin,2
10054,4695,outandin,1
10054,4696,incoming,2
10054,4717,incoming,1
10054,4743,outandin,1
10054,4768,incoming,6
10054,4876,incoming,1
10054,4913,outandin,1
10054,4934,incoming,1
10054,5016,outandin,1
10054,5071,incoming,2
10054,5076,outandin,1
10054,5132,outandin,1
10054,5158,incoming,5
10054,5186,outandin,2
10054,5269,incoming,14
10054,5278,outandin,1
10054,5288,outandin,1
10054,5392,outandin,3
10054,5449,incoming,2
10054,5534,incoming,7
10054,5554,incoming,6
10054,5640,outandin,1
10054,5758,outandin,19
10054,5769,incoming,44
10054,5833,incoming,1
10054,5855,outandin,3
10054,5860,outandin,1
10054,5896,incoming,2
10054,5929,outandin,1
10054,5950,outandin,1
10054,6091,outandin,2
10054,6141,outandin,1
10054,6161,outandin,2
10054,6182,incoming,6
10054,6229,incoming,1
10054,6491,incoming,1
10054,6538,outandin,1
10054,6552,outandin,2
10054,6594,outandin,1
10054,6595,incoming,2
10054,6723,incoming,7
10054,6847,incoming,1
10054,6918,outandin,2
10054,7044,outandin,1
10054,7045,incoming,1
10054,7050,incoming,1
10054,7061,incoming,2
10054,7062,incoming,4
10054,7163,outandin,2
10054,7168,outandin,2
10054,7209,outandin,1
10054,7263,outandin,2
10054,7265,outandin,1
10054,7283,outandin,1
10054,7285,outandin,1
10054,7342,outandin,1
10054,7385,outandin,4
10054,7579,outandin,1
10054,7652,outandin,2
10054,7837,outandin,1
10054,7878,outandin,1
10054,8084,outandin,3
10054,8351,outandin,1
10054,8468,incoming,1
10054,8490,outandin,1
10054,8535,outandin,1
10119,214,incoming,35
10119,253,outandin,1
10119,342,incoming,16
10119,658,incoming,6
10119,680,incoming,15
10119,862,outandin,3
10119,962,incoming,7
10119,995,incoming,5
10119,1154,outandin,10
10119,1228,incoming,19
10119,1263,outandin,3
10119,1310,incoming,20
10119,1874,incoming,8
10119,1931,incoming,2
10119,2044,incoming,2
10119,2227,incoming,2
10119,2398,incoming,1
10119,2536,incoming,8
10119,2540,incoming,27
10119,2626,incoming,9
10119,2766,incoming,8
10119,2807,outandin,1
10119,3183,outandin,1
10119,3245,outandin,6
10119,3361,outandin,1
10119,3694,outandin,1
10119,3766,incoming,5
10119,3770,outandin,1
10119,4104,incoming,18
10119,4398,incoming,4
10119,4445,incoming,19
10119,4563,outandin,1
10119,4645,incoming,1
10119,4818,incoming,14
10119,4833,incoming,11
10119,5043,incoming,7
10119,5622,incoming,7
10119,5847,incoming,18
10119,6439,incoming,2
10119,6640,outandin,1
10119,6814,outandin,1
10119,6823,incoming,2
10119,7147,incoming,7
10119,7235,outandin,1
10119,7265,outandin,1
10119,7569,incoming,11
10119,7609,outandin,1
10119,8254,outandin,3
10119,8392,outandin,1
10031,92,outandin,1
10031,616,incoming,51
10031,632,outandin,2
10031,723,incoming,3
10031,747,outandin,2
10031,763,incoming,10
10031,835,outandin,1
10031,1404,outandin,1
10031,1638,outandin,2
10031,1826,outandin,1
10031,2044,incoming,2
10031,2244,outandin,1
10031,2261,incoming,4
10031,2327,outandin,2
10031,2541,outandin,1
10031,2670,incoming,1
10031,2852,incoming,47
10031,3065,outandin,1
10031,3504,outandin,1
10031,3548,outandin,1
10031,3551,outandin,1
10031,3694,outandin,1
10031,3801,incoming,1
10031,3866,outandin,1
10031,4079,incoming,10
10031,4101,incoming,8
10031,4159,incoming,1
10031,4265,incoming,1
10031,4280,incoming,8
10031,4317,outandin,3
10031,4392,incoming,6
10031,4622,incoming,6
10031,4623,incoming,6
10031,5073,incoming,2
10031,5178,incoming,7
10031,5441,incoming,2
10031,5612,incoming,2
10031,5890,outandin,1
10031,6114,incoming,7
10031,6188,incoming,3
10031,6241,outandin,1
10031,6451,incoming,5
10031,6630,outandin,1
10031,6814,outandin,2
10031,6887,outandin,1
10031,6960,incoming,4
10031,7107,incoming,1
10031,7301,incoming,1
10031,7899,outandin,1
10031,8085,incoming,4
10031,8141,outandin,1
10031,8223,incoming,3
10031,8447,outandin,1
10045,70,outandin,32
10045,105,outandin,2
10045,136,outandin,134
10045,200,outandin,1
10045,360,outandin,145
10045,425,outandin,5
10045,490,outandin,1
10045,616,outandin,1
10045,708,outandin,3
10045,747,outandin,3
10045,795,outandin,13
10045,1155,outandin,4
10045,1171,outandin,1
10045,1435,outandin,1
10045,1467,outandin,2
10045,1692,outandin,1
10045,1706,outandin,1
10045,1744,outandin,2
10045,1746,outandin,4
10045,1790,outandin,1
10045,1870,outandin,1
10045,1960,outandin,16
10045,1979,outandin,2
10045,2039,outandin,3
10045,2074,outandin,1
10045,2150,outandin,1
10045,2163,outandin,1
10045,2360,outandin,1
10045,2585,outandin,1
10045,2599,outandin,36
10045,2628,outandin,1
10045,3135,outandin,1
10045,3553,outandin,6
10045,3812,outandin,1
10045,3848,outandin,1
10045,3921,outandin,2
10045,3959,outandin,1
10045,4035,outandin,3
10045,4101,outandin,4
10045,4354,outandin,1
10045,4375,outandin,2
10045,4428,outandin,7
10045,4690,outandin,1
10045,4847,outandin,3
10045,4945,outandin,1
10045,5273,outandin,1
10045,5463,outandin,2
10045,5716,outandin,11
10045,5743,outandin,1
10045,5744,outandin,2
10045,5804,outandin,4
10045,6041,outandin,2
10045,6132,outandin,1
10045,6139,outandin,2
10045,6216,outandin,1
10045,6240,outandin,4
10045,6242,outandin,1
10045,6555,outandin,2
10045,6814,outandin,4
10045,6950,outandin,6
10045,6952,outandin,3
10045,7019,outandin,4
10045,7046,outandin,1
10045,7118,outandin,1
10045,7500,outandin,1
10045,7677,outandin,1
10045,8110,outandin,11
10056,145,outandin,1
10056,156,outandin,1
10056,325,incoming,77
10056,328,incoming,1
10056,410,outandin,1
10056,460,outandin,1
10056,489,incoming,6
10056,548,outandin,2
10056,749,incoming,3
10056,753,incoming,2
10056,786,incoming,19
10056,788,outandin,1
10056,944,incoming,6
10056,982,incoming,1
10056,1181,outandin,1
10056,1357,outandin,1
10056,1497,incoming,1
10056,1621,incoming,6
10056,2723,incoming,10
10056,2773,incoming,11
10056,2825,incoming,1
10056,2844,incoming,48
10056,2998,incoming,1
10056,3251,incoming,2
10056,3495,incoming,1
10056,3577,outandin,2
10056,3677,incoming,3
10056,3770,outandin,3
10056,3796,incoming,3
10056,3890,incoming,2
10056,4112,outandin,4
10056,4166,incoming,6
10056,4219,outandin,1
10056,4236,outandin,1
10056,4424,incoming,5
10056,4426,outandin,1
10056,4437,incoming,3
10056,4468,incoming,9
10056,4657,outandin,1
10056,4753,incoming,3
10056,4781,incoming,4
10056,5091,outandin,4
10056,5092,incoming,2
10056,5151,outandin,3
10056,5232,incoming,2
10056,5280,outandin,6
10056,5519,incoming,1
10056,5846,outandin,3
10056,5870,incoming,17
10056,5911,outandin,1
10056,6090,incoming,9
10056,6123,incoming,1
10056,6304,outandin,1
10056,6357,outandin,2
10056,6385,incoming,8
10056,6425,outandin,1
10056,6472,incoming,5
10056,6602,outandin,1
10056,6674,outandin,1
10056,6751,outandin,5
10056,7022,incoming,10
10056,7209,incoming,1
10056,7341,incoming,1
10056,7356,incoming,3
10056,7380,incoming,1
10056,7422,incoming,2
10056,7486,incoming,1
10056,8022,outandin,1
10056,8315,incoming,2
10014,18,incoming,11
10014,286,incoming,11
10014,1362,incoming,4
10014,1514,outandin,22
10014,1591,incoming,12
10014,1641,outandin,3
10014,1865,incoming,20
10014,2177,incoming,23
10014,2363,outandin,1
10014,2830,incoming,8
10014,4051,incoming,10
10014,4058,incoming,11
10014,4083,incoming,13
10014,4262,incoming,1
10014,4282,incoming,2
10014,4470,outandin,4
10014,4877,incoming,1
10014,5127,incoming,4
10014,5216,outandin,17
10014,5901,outandin,1
10014,6027,incoming,4
10014,6618,outandin,6
10014,6685,outandin,2
10014,6812,outandin,2
10014,6992,outandin,1
10014,7058,incoming,2
10014,7089,incoming,4
10014,7264,incoming,1
10014,7384,outandin,3
10014,7495,incoming,6
10014,7549,incoming,4
10014,7830,incoming,1
10014,8039,incoming,4
10014,8358,incoming,2
10014,8417,incoming,1
10014,8419,incoming,5
10153,161,incoming,2
10153,164,outandin,1
10153,322,incoming,5
10153,577,incoming,8
10153,654,outandin,1
10153,851,outandin,1
10153,873,outandin,3
10153,908,incoming,15
10153,1014,outandin,1
10153,1155,outandin,1
10153,1165,outandin,1
10153,1238,incoming,3
10153,1327,outandin,1
10153,1526,outandin,1
10153,1551,outandin,3
10153,1630,incoming,13
10153,1761,incoming,24
10153,2108,incoming,24
10153,2188,outandin,1
10153,2231,outandin,3
10153,2764,incoming,6
10153,3228,incoming,7
10153,3341,outandin,1
10153,3365,incoming,1
10153,3742,incoming,14
10153,3992,incoming,3
10153,4115,outandin,1
10153,4117,incoming,2
10153,4220,outandin,1
10153,4464,outandin,1
10153,4694,outandin,1
10153,4726,outandin,1
10153,4736,incoming,3
10153,4787,outandin,1
10153,4855,outandin,1
10153,4856,outandin,2
10153,4948,outandin,2
10153,4957,outandin,1
10153,5153,outandin,3
10153,5220,incoming,6
10153,5233,incoming,10
10153,5290,outandin,1
10153,5351,incoming,15
10153,5502,incoming,18
10153,5733,outandin,1
10153,6197,incoming,7
10153,6372,incoming,5
10153,6680,incoming,5
10153,6818,incoming,12
10153,6906,incoming,9
10153,6978,incoming,4
10153,7057,incoming,1
10153,7206,outandin,1
10153,7228,outandin,1
10153,7272,incoming,8
10153,7543,incoming,1
10153,7680,incoming,3
10153,7708,incoming,1
10153,7712,outandin,3
10153,7883,outandin,1
10153,7988,incoming,3
10153,8033,outandin,2
10153,8055,incoming,1
10153,8115,incoming,1
10153,8363,incoming,1
10153,8381,incoming,7
10019,25,incoming,5
10019,108,incoming,13
10019,329,incoming,1
10019,1110,incoming,3
10019,1554,incoming,5
10019,2124,incoming,5
10019,2321,incoming,4
10019,2846,outandin,1
10019,2852,outandin,1
10019,2942,incoming,3
10019,3055,outandin,2
10019,3218,incoming,4
10019,3345,outandin,1
10019,3501,incoming,8
10019,3604,incoming,4
10019,3635,incoming,5
10019,4240,incoming,2
10019,4642,incoming,13
10019,4961,incoming,16
10019,5290,incoming,6
10019,5388,incoming,1
10019,6231,incoming,6
10019,6487,outandin,2
10019,6704,incoming,16
10019,6737,incoming,1
10019,6867,incoming,2
10019,6998,incoming,7
10019,7339,incoming,9
10019,7628,incoming,5
10019,7658,incoming,4
10019,7949,incoming,5
10019,8088,incoming,1
10019,8180,incoming,2
10019,8325,incoming,2
10066,35,outandin,1
10066,107,incoming,11
10066,110,incoming,19
10066,200,outandin,1
10066,280,outandin,1
10066,300,incoming,21
10066,514,incoming,15
10066,521,incoming,11
10066,872,outandin,1
10066,897,outandin,4
10066,1128,incoming,6
10066,1262,outandin,3
10066,1284,incoming,3
10066,1327,outandin,1
10066,1419,incoming,8
10066,1448,incoming,1
10066,1583,incoming,1
10066,1642,outandin,1
10066,1790,incoming,5
10066,1855,outandin,1
10066,1864,outandin,1
10066,2057,outandin,1
10066,2239,outandin,1
10066,2395,incoming,1
10066,2589,incoming,2
10066,2806,outandin,1
10066,2854,incoming,12
10066,2987,incoming,4
10066,3217,incoming,2
10066,3380,incoming,15
10066,3440,incoming,1
10066,3536,outandin,5
10066,3692,incoming,4
10066,3719,outandin,1
10066,3747,outandin,1
10066,3851,outandin,1
10066,4121,outandin,1
10066,4758,incoming,3
10066,4813,incoming,4
10066,4935,incoming,1
10066,5034,outandin,1
10066,5104,outandin,1
10066,5178,incoming,3
10066,5278,incoming,4
10066,5328,outandin,2
10066,5329,outandin,1
10066,5420,incoming,2
10066,5496,incoming,1
10066,5813,incoming,22
10066,5859,outandin,1
10066,6238,incoming,4
10066,6277,incoming,8
10066,6695,incoming,4
10066,6787,outandin,1
10066,6789,incoming,2
10066,6858,outandin,1
10066,6944,incoming,2
10066,7370,incoming,12
10066,8197,outandin,1
10066,8505,incoming,4
10139,276,incoming,19
10139,530,outandin,1
10139,655,incoming,17
10139,848,incoming,8
10139,1054,outandin,3
10139,1102,incoming,18
10139,1149,incoming,32
10139,1196,incoming,17
10139,1335,incoming,25
10139,1567,incoming,6
10139,1599,outandin,9
10139,1744,outandin,1
10139,1858,outandin,1
10139,1886,incoming,23
10139,1909,incoming,6
10139,1922,incoming,16
10139,2052,outandin,2
10139,2079,incoming,13
10139,2306,incoming,4
10139,2529,incoming,4
10139,2574,incoming,12
10139,2585,outandin,1
10139,3193,incoming,1
10139,3900,incoming,6
10139,5161,incoming,47
10139,5255,outandin,1
10139,5531,incoming,9
10139,5816,incoming,20
10139,6152,incoming,12
10139,6846,outandin,1
10139,7575,incoming,4
10139,7754,incoming,3
10139,7951,outandin,2
10139,8323,incoming,1
10060,93,incoming,37
10060,251,incoming,8
10060,307,outandin,1
10060,476,outandin,3
10060,842,outandin,1
10060,1065,outandin,1
10060,1284,outandin,1
10060,1364,incoming,5
10060,1396,outandin,2
10060,1499,incoming,7
10060,1524,outandin,1
10060,2164,outandin,2
10060,2444,incoming,13
10060,2689,incoming,25
10060,2770,incoming,4
10060,2848,outandin,1
10060,2986,outandin,1
10060,3002,incoming,1
10060,3132,incoming,5
10060,3217,incoming,5
10060,3532,outandin,5
10060,4563,incoming,1
10060,4568,incoming,2
10060,4689,outandin,2
10060,4842,outandin,1
10060,5089,outandin,2
10060,5416,outandin,1
10060,5578,incoming,4
10060,5818,incoming,4
10060,5859,outandin,1
10060,5930,outandin,1
10060,6142,incoming,8
10060,6223,outandin,1
10060,6789,outandin,1
10060,7173,outandin,1
10060,7217,outandin,1
10060,7553,incoming,4
10060,7765,outandin,1
10060,8246,outandin,1
10060,8247,incoming,1
10060,8326,incoming,1
10060,8377,incoming,3
10060,8493,outandin,1
10060,8517,outandin,1
10060,8538,outandin,1
10010,12,outandin,1
10010,38,incoming,3
10010,142,outandin,1
10010,158,incoming,2
10010,164,outandin,1
10010,242,incoming,7
10010,285,outandin,3
10010,309,outandin,1
10010,324,outandin,5
10010,333,outandin,1
10010,539,outandin,2
10010,596,incoming,1
10010,936,incoming,2
10010,957,incoming,2
10010,1006,outandin,1
10010,1016,outandin,1
10010,1021,incoming,5
10010,1031,incoming,2
10010,1157,outandin,1
10010,1160,outandin,1
10010,1367,outandin,1
10010,1395,outandin,3
10010,1398,outandin,1
10010,1421,outandin,4
10010,1520,outandin,6
10010,1524,outandin,1
10010,1654,outandin,1
10010,1745,incoming,11
10010,1830,outandin,1
10010,2380,incoming,6
10010,2492,incoming,6
10010,2705,incoming,2
10010,2772,incoming,18
10010,3358,outandin,1
10010,3381,outandin,2
10010,3440,incoming,1
10010,3478,incoming,2
10010,3699,outandin,1
10010,3714,incoming,1
10010,3860,incoming,3
10010,3970,incoming,4
10010,3990,incoming,4
10010,4378,incoming,2
10010,4554,incoming,5
10010,4791,outandin,2
10010,4856,outandin,1
10010,4982,outandin,1
10010,5153,outandin,2
10010,5444,outandin,1
10010,5495,incoming,12
10010,5534,outandin,1
10010,5855,outandin,2
10010,5876,incoming,6
10010,5944,outandin,2
10010,6100,incoming,1
10010,6136,outandin,2
10010,6169,outandin,1
10010,6319,outandin,1
10010,6426,outandin,3
10010,6604,outandin,1
10010,6659,incoming,1
10010,6670,incoming,1
10010,6747,outandin,10
10010,6754,incoming,4
10010,6756,outandin,1
10010,7278,incoming,5
10010,7310,outandin,1
10010,7405,outandin,1
10010,7482,incoming,2
10010,7976,outandin,1
10010,8108,outandin,1
10013,17,incoming,37
10013,27,outandin,1
10013,375,incoming,21
10013,620,incoming,1
10013,753,outandin,1
10013,957,outandin,1
10013,1148,incoming,64
10013,1151,incoming,11
10013,1274,incoming,2
10013,1528,incoming,2
10013,1529,outandin,2
10013,1867,outandin,2
10013,1929,incoming,10
10013,2077,outandin,1
10013,2191,outandin,7
10013,2537,incoming,2
10013,2709,incoming,24
10013,2922,incoming,2
10013,2991,incoming,46
10013,3382,outandin,1
10013,3557,incoming,9
10013,4090,incoming,19
10013,4346,outandin,1
10013,4409,incoming,3
10013,4515,incoming,15
10013,4523,incoming,2
10013,4838,incoming,2
10013,4853,incoming,34
10013,4971,outandin,1
10013,4975,incoming,5
10013,5482,outandin,1
10013,5568,incoming,22
10013,5897,incoming,13
10013,5998,incoming,10
10013,6006,incoming,3
10013,6081,outandin,1
10013,6122,incoming,6
10013,6134,incoming,14
10013,6399,incoming,5
10013,6413,outandin,1
10013,6830,incoming,12
10013,7017,incoming,7
10013,7103,incoming,1
10013,7131,incoming,8
10013,7335,incoming,3
10013,7372,outandin,2
10013,7605,incoming,6
10013,7784,incoming,3
10013,7888,outandin,1
10013,7898,incoming,6
10013,8121,incoming,2
10013,8200,outandin,1
10013,8257,incoming,1
10013,8296,outandin,2
10030,27,outandin,12
10030,48,incoming,6
10030,372,incoming,11
10030,802,incoming,1
10030,1027,incoming,8
10030,1151,incoming,1
10030,1274,outandin,1
10030,1512,incoming,6
10030,1540,outandin,1
10030,1687,outandin,1
10030,1740,incoming,11
10030,1935,outandin,12
10030,1987,outandin,2
10030,2771,incoming,11
10030,2832,incoming,13
10030,2970,incoming,1
10030,3139,incoming,14
10030,3554,incoming,12
10030,3701,incoming,12
10030,3710,outandin,1
10030,3954,incoming,12
10030,3979,incoming,2
10030,4346,outandin,2
10030,4409,incoming,33
10030,4440,outandin,2
10030,4715,outandin,2
10030,4866,incoming,1
10030,4888,incoming,14
10030,5390,incoming,1
10030,5482,incoming,2
10030,5636,incoming,10
10030,5981,outandin,2
10030,5998,outandin,1
10030,6064,incoming,3
10030,6084,incoming,22
10030,6122,incoming,9
10030,6292,outandin,2
10030,6317,outandin,1
10030,6383,incoming,1
10030,6536,outandin,2
10030,6606,outandin,1
10030,6997,incoming,7
10030,7017,outandin,4
10030,7085,outandin,1
10030,7103,outandin,1
10030,7372,incoming,3
10030,7560,outandin,2
10030,7574,incoming,11
10030,7784,incoming,2
10030,7888,incoming,2
10030,8173,incoming,1
10030,8230,incoming,1
10030,8296,outandin,3
10219,200,outandin,1
10219,540,outandin,3
10219,899,outandin,9
10219,1203,outandin,1
10219,1289,outandin,2
10219,1340,outandin,1
10219,1341,outandin,29
10219,1426,outandin,14
10219,1775,outandin,1
10219,1880,outandin,5
10219,1961,outandin,6
10219,2249,outandin,1
10219,3136,outandin,2
10219,3490,outandin,4
10219,3981,outandin,1
10219,4252,outandin,2
10219,4698,outandin,6
10219,5108,outandin,4
10219,5666,outandin,7
10219,5786,outandin,1
10219,5867,outandin,5
10219,6019,outandin,2
10219,6022,outandin,7
10219,6323,outandin,3
10219,6479,outandin,3
10219,6482,outandin,2
10219,6789,outandin,1
10219,6836,outandin,1
10219,6952,outandin,1
10219,6985,outandin,1
10219,7056,outandin,2
10219,7386,outandin,2
10219,7478,outandin,6
10219,7485,outandin,2
10219,7540,outandin,38
10219,7670,outandin,1
10219,8380,outandin,1
10143,451,outandin,1
10143,490,outandin,1
10143,616,incoming,1
10143,637,incoming,11
10143,719,outandin,1
10143,1358,incoming,4
10143,1380,incoming,7
10143,1723,incoming,1
10143,2728,outandin,1
10143,2873,outandin,1
10143,3019,outandin,2
10143,3226,outandin,6
10143,3234,outandin,1
10143,3302,outandin,2
10143,3495,outandin,2
10143,3575,outandin,1
10143,3842,outandin,2
10143,3898,incoming,13
10143,4107,incoming,1
10143,4117,outandin,1
10143,4389,outandin,3
10143,4652,incoming,10
10143,4671,incoming,8
10143,4736,outandin,1
10143,4935,outandin,2
10143,5070,outandin,4
10143,5198,outandin,1
10143,5282,incoming,4
10143,5754,outandin,1
10143,5768,outandin,2
10143,5992,outandin,1
10143,6000,incoming,3
10143,6255,outandin,3
10143,6332,incoming,7
10143,6410,incoming,7
10143,6576,incoming,1
10143,6604,incoming,2
10143,6836,incoming,3
10143,6887,outandin,1
10143,7113,outandin,1
10143,7226,incoming,1
10143,7239,incoming,1
10143,7369,outandin,1
10143,7473,outandin,5
10143,7540,outandin,4
10143,7585,outandin,1
10143,7697,incoming,8
10143,7744,incoming,1
10143,7783,outandin,1
10143,7965,incoming,4
10143,8070,incoming,2
10143,8246,outandin,1
10143,8408,incoming,1
10143,8505,incoming,2
10057,27,outandin,4
10057,89,incoming,4
10057,127,incoming,21
10057,161,incoming,4
10057,164,outandin,1
10057,196,incoming,1
10057,253,outandin,1
10057,298,outandin,1
10057,333,incoming,1
10057,397,incoming,2
10057,404,incoming,9
10057,412,outandin,2
10057,426,outandin,1
10057,451,incoming,2
10057,457,outandin,3
10057,496,incoming,5
10057,518,outandin,1
10057,585,outandin,2
10057,594,outandin,10
10057,596,outandin,1
10057,603,incoming,32
10057,622,incoming,2
10057,687,outandin,2
10057,709,outandin,5
10057,757,incoming,1
10057,802,outandin,1
10057,805,incoming,19
10057,898,outandin,1
10057,995,outandin,2
10057,1001,outandin,1
10057,1023,outandin,3
10057,1060,incoming,5
10057,1069,incoming,13
10057,1103,outandin,1
10057,1187,incoming,4
10057,1338,outandin,4
10057,1391,outandin,1
10057,1456,outandin,2
10057,1496,incoming,1
10057,1701,incoming,2
10057,1777,incoming,1
10057,1935,outandin,2
10057,2123,outandin,2
10057,2247,incoming,22
10057,2492,incoming,11
10057,2618,outandin,1
10057,2729,incoming,1
10057,2766,outandin,1
10057,3013,outandin,1
10057,3025,outandin,1
10057,3066,outandin,1
10057,3242,incoming,1
10057,3305,outandin,2
10057,3612,incoming,7
10057,3632,incoming,8
10057,3658,outandin,3
10057,3724,outandin,1
10057,3746,incoming,12
10057,3748,outandin,1
10057,3795,outandin,1
10057,3839,outandin,1
10057,3866,outandin,17
10057,3873,incoming,1
10057,3977,outandin,1
10057,3997,incoming,5
10057,4055,incoming,1
10057,4174,incoming,1
10057,4331,outandin,1
10057,4421,outandin,12
10057,4544,outandin,1
10057,4806,incoming,3
10057,4862,outandin,1
10057,4866,outandin,2
10057,4881,outandin,1
10057,5229,incoming,3
10057,5449,outandin,1
10057,5506,incoming,2
10057,5652,outandin,1
10057,5685,outandin,17
10057,5733,outandin,3
10057,6046,outandin,1
10057,6132,outandin,1
10057,6173,incoming,1
10057,6220,outandin,1
10057,6251,outandin,2
10057,6316,incoming,1
10057,6322,incoming,9
10057,6327,outandin,2
10057,6369,incoming,3
10057,6388,incoming,6
10057,6606,outandin,1
10057,6729,outandin,1
10057,6778,incoming,2
10057,6830,outandin,1
10057,7160,outandin,2
10057,7174,incoming,3
10057,7229,incoming,2
10057,7385,outandin,2
10057,7438,outandin,1
10057,7444,outandin,1
10057,7477,outandin,1
10057,7883,incoming,1
10057,7917,outandin,2
10057,8010,outandin,1
10057,8048,incoming,1
10057,8225,incoming,1
10057,8296,outandin,1
10057,8469,outandin,2
10057,8496,outandin,1
10061,98,outandin,8
10061,637,outandin,1
10061,880,outandin,22
10061,1109,outandin,3
10061,1155,outandin,2
10061,1296,outandin,4
10061,1700,outandin,2
10061,2072,outandin,2
10061,2105,outandin,1
10061,2164,outandin,7
10061,2873,outandin,3
10061,3364,outandin,8
10061,3578,outandin,1
10061,3842,outandin,1
10061,3872,outandin,2
10061,4556,outandin,1
10061,4688,outandin,1
10061,4767,outandin,2
10061,4803,outandin,1
10061,5008,outandin,1
10061,5058,outandin,2
10061,5061,outandin,3
10061,5084,outandin,4
10061,5313,outandin,1
10061,5570,outandin,4
10061,5859,outandin,6
10061,5943,outandin,5
10061,6095,outandin,1
10061,6421,outandin,1
10061,6624,outandin,4
10061,6756,outandin,3
10061,6787,outandin,1
10061,7666,outandin,2
10061,7744,outandin,1
10061,7907,outandin,2
10061,8108,outandin,2
10339,208,outandin,1
10339,1007,incoming,1
10339,1480,outandin,1
10339,1566,outandin,1
10339,1606,incoming,12
10339,1636,incoming,10
10339,1687,incoming,10
10339,1916,incoming,2
10339,1943,incoming,17
10339,1957,incoming,18
10339,2249,incoming,4
10339,2264,incoming,43
10339,2343,incoming,6
10339,2450,incoming,8
10339,2535,incoming,18
10339,2581,incoming,9
10339,2630,incoming,7
10339,2661,incoming,11
10339,2685,incoming,3
10339,2714,outandin,1
10339,2876,incoming,13
10339,3619,outandin,1
10339,3711,incoming,1
10339,3716,incoming,16
10339,3878,incoming,8
10339,5533,outandin,1
10339,5598,incoming,3
10339,6021,incoming,5
10339,6969,incoming,3
10339,7895,incoming,8
10339,7906,incoming,1
