node,centrality,community,density,name,type,betwness,closeness,eign,volatility
159,1,0,0.19230769230769232,User_159,outandin,0.0,0.2664970316579846,2.6739582113968207e-05,1
255,1,0,0.19230769230769232,User_255,outandin,0.0,0.2664970316579846,2.6739582113968207e-05,3
397,1,0,0.19230769230769232,User_397,outandin,0.0,0.2664970316579846,1.3369791056984103e-05,1
5,1,0,0.19230769230769232,User_5,outandin,0.0,0.2430214866856311,9.343264726841367e-07,1
526,1,0,0.19230769230769232,User_526,incoming,0.0,0.2533553025301454,4.255394883045465e-05,1
2,4,0,0.19230769230769232,User_2,incoming,0.0015093399169931,0.3211070791288831,0.0003073033184118,0
123,5,0,0.19230769230769232,User_123,outandin,0.0006675862324141,0.338080376731165,0.0004451802812704,1
312,6,0,0.19230769230769232,User_312,incoming,9.4236394056808e-05,0.3269356449298872,0.0003057241329145,0
1271,7,0,0.19230769230769232,User_1271,incoming,6.074888556385567e-06,0.3249020414988491,0.0030326617431904,1
1329,7,0,0.19230769230769232,User_1329,incoming,0.0005648132473038,0.3468354462481075,0.0007978804187443,1
477,8,0,0.19230769230769232,User_477,incoming,0.0013139152682841,0.3393984288821636,0.001999071598684,1
146,9,0,0.19230769230769232,User_146,outandin,8.97412850171922e-05,0.3401351304859886,0.0016340307806151,2
1,24,0,0.19230769230769232,User_1,incoming,0.0066332914472063,0.363405043169979,0.0043963686020693,0
4,1,1,0.02857142857142857,User_4,outandin,0.0,0.2873652202730515,3.767810730924334e-05,1
618,1,1,0.02857142857142857,User_618,outandin,0.0,0.2873652202730515,7.535621461848668e-05,1
139,1,1,0.02857142857142857,User_139,outandin,0.0,0.2760265186099964,4.267028693281007e-05,1
1098,1,1,0.02857142857142857,User_1098,outandin,0.0,0.2760265186099964,8.534057386562014e-05,1
1133,1,1,0.02857142857142857,User_1133,outandin,0.0,0.2760265186099964,4.267028693281007e-05,1
1221,1,1,0.02857142857142857,User_1221,outandin,0.0,0.2760265186099964,4.267028693281007e-05,1
1483,1,1,0.02857142857142857,User_1483,outandin,0.0,0.2760265186099964,4.267028693281007e-05,1
28,1,1,0.02857142857142857,User_28,outandin,0.0,0.2755896141661888,1.6463584758888533e-05,1
968,1,1,0.02857142857142857,User_968,outandin,0.0,0.2562555267618888,1.6927521533761018e-06,1
1277,1,1,0.02857142857142857,User_1277,outandin,0.0,0.2861059971058882,4.2049570017196615e-05,1
1549,1,1,0.02857142857142857,User_1549,outandin,0.0,0.280071947479705,1.346326530126347e-05,1
1159,1,1,0.02857142857142857,User_1159,outandin,0.0,0.2554201379215892,2.2228837586638795e-06,1
1030,1,1,0.02857142857142857,User_1030,outandin,0.0,0.2559207163398578,7.889930310838531e-06,1
756,1,1,0.02857142857142857,User_756,outandin,0.0,0.2863674243693256,6.040552259933956e-05,1
1172,1,1,0.02857142857142857,User_1172,outandin,0.0,0.2549215139334552,1.33128311331323e-05,1
1530,1,1,0.02857142857142857,User_1530,incoming,0.0,0.2232515381320629,1.14584838446067e-07,1
1192,2,1,0.02857142857142857,User_1192,outandin,0.0012714527239333,0.2874706560537424,3.767845573750716e-05,1
18,2,1,0.02857142857142857,User_18,outandin,0.0002313336701893,0.3180439509131215,0.0002896360289292,1
111,2,1,0.02857142857142857,User_111,outandin,5.173679412184733e-05,0.2778373308774733,4.414212297458453e-05,3
331,2,1,0.02857142857142857,User_331,outandin,0.0,0.2895422295175442,0.0001312877834346,1
446,2,1,0.02857142857142857,User_446,outandin,0.0001734191908749,0.3179149008214545,0.0003189515537294,1
478,2,1,0.02857142857142857,User_478,outandin,0.0001054957440147,0.287576169232694,0.0001234800975808,1
1016,2,1,0.02857142857142857,User_1016,outandin,5.2535763122011e-05,0.3000770865853982,0.0001030758095321,1
1390,2,1,0.02857142857142857,User_1390,outandin,0.0004131649974325,0.3165661709391817,0.0001186182682423,1
406,2,1,0.02857142857142857,User_406,outandin,0.0001320425528402,0.3134005092297899,0.0001054468570222,1
1094,2,1,0.02857142857142857,User_1094,outandin,0.0,0.2895957394472278,0.0001374934139277,1
264,2,1,0.02857142857142857,User_264,outandin,6.515062579612801e-06,0.2720962920904584,3.871247174125563e-06,1
584,2,1,0.02857142857142857,User_584,outandin,0.0,0.3132751991501299,0.00031857142442,1
1537,2,1,0.02857142857142857,User_1537,incoming,0.0003780578780844,0.2667692451734678,2.4945694904534745e-05,1
82,3,1,0.02857142857142857,User_82,outandin,0.0001225545810386,0.3377888653047962,0.0008366936591386,1
420,3,1,0.02857142857142857,User_420,outandin,0.0,0.3214364197228614,0.0003819182642527,2
443,3,1,0.02857142857142857,User_443,incoming,0.0,0.3190801356442577,0.000998874171687,0
1430,3,1,0.02857142857142857,User_1430,outandin,0.0001107292082878,0.3145959739307267,0.0002683860851946,1
500,3,1,0.02857142857142857,User_500,outandin,9.538372582564898e-05,0.3244311689749378,0.0004049200926113,1
195,3,1,0.02857142857142857,User_195,outandin,0.0002384235218497,0.3260512996564606,0.0001790215093418,1
579,3,1,0.02857142857142857,User_579,outandin,0.0001515626714849,0.3173354690459598,0.0003309119164361,1
1351,3,1,0.02857142857142857,User_1351,outandin,5.476665096813432e-05,0.3047457304840431,0.0004281542547361,1
580,3,1,0.02857142857142857,User_580,outandin,3.547170019807943e-05,0.3071349561248431,0.0002484016868591,1
436,3,1,0.02857142857142857,User_436,outandin,0.0002748103117437,0.3195355926078608,0.0003636772644431,1
1024,3,1,0.02857142857142857,User_1024,incoming,4.281732549641354e-05,0.3001920586492241,0.0004920582420268,1
64,4,1,0.02857142857142857,User_64,outandin,0.000784352551066,0.3505598537245972,0.0007207528925707,3
1121,4,1,0.02857142857142857,User_1121,incoming,0.000348696050821,0.3243640128646138,0.0006569652335145,1
158,4,1,0.02857142857142857,User_158,outandin,0.0010545139883067,0.3380074517146138,0.0006233539976925,1
512,4,1,0.02857142857142857,User_512,incoming,0.0003306636302719,0.3230933084843195,0.0003938934146996,1
519,4,1,0.02857142857142857,User_519,outandin,0.0002831603953488,0.3228270593631952,0.0004503730820479,1
476,4,1,0.02857142857142857,User_476,outandin,0.0003461805525872,0.3322032109707334,0.0004558062679552,1
564,4,1,0.02857142857142857,User_564,outandin,0.0005088108571015,0.3217664365808931,0.0003291261958002,1
65,5,1,0.02857142857142857,User_65,outandin,0.0001596496932979,0.3350443759138228,0.0004555697222746,1
414,5,1,0.02857142857142857,User_414,outandin,0.000141446835726,0.325983471218837,0.0007792412505177,1
954,5,1,0.02857142857142857,User_954,outandin,0.0,0.3407267984668296,0.0048269556303119,1
1208,5,1,0.02857142857142857,User_1208,incoming,0.000266698114005,0.3267992796973826,0.0005846882860755,0
574,6,1,0.02857142857142857,User_574,outandin,0.0002488806171526,0.3312901788898413,0.000940776511503,3
528,6,1,0.02857142857142857,User_528,incoming,0.0006435346156789,0.3546056904614052,0.0009068714953365,1
1130,6,1,0.02857142857142857,User_1130,incoming,0.0008998524513764,0.3536453500674678,0.0008100318920533,0
267,6,1,0.02857142857142857,User_267,outandin,3.801496834615776e-05,0.3446233882007807,0.0010158260155823,1
1045,6,1,0.02857142857142857,User_1045,outandin,3.765656500131276e-07,0.3331212895724807,0.0015361064357926,1
269,6,1,0.02857142857142857,User_269,outandin,0.00028416697583,0.3413205284576235,0.0013074668874246,1
1412,6,1,0.02857142857142857,User_1412,incoming,0.0,0.3181085152555724,0.0025289395327046,1
1425,7,1,0.02857142857142857,User_1425,outandin,1.914670903360945e-05,0.3261191563265244,0.0005969333525818,3
1415,7,1,0.02857142857142857,User_1415,incoming,2.3785680209638337e-06,0.3416181700782537,0.0018681214532067,1
215,8,1,0.02857142857142857,User_215,outandin,5.6081094306326055e-05,0.3553293755439795,0.0037323484158495,1
563,8,1,0.02857142857142857,User_563,incoming,0.0015186909870079,0.3431141988502189,0.0007309412765148,1
329,8,1,0.02857142857142857,User_329,incoming,0.0001510515177082,0.3195355926078608,0.0008378847592325,1
566,9,1,0.02857142857142857,User_566,outandin,0.0012746506501391,0.3729182641953711,0.0022767307841031,1
78,9,1,0.02857142857142857,User_78,outandin,0.0029494637495262,0.3446233882007807,0.0005566898216499,1
997,9,1,0.02857142857142857,User_997,incoming,3.683626607219005e-06,0.347527732567964,0.0035492043426988,1
324,9,1,0.02857142857142857,User_324,incoming,0.0018656388558075,0.3594867047829662,0.0073658987464664,1
552,9,1,0.02857142857142857,User_552,incoming,0.0004155035559596,0.326187041246659,0.000448128215509,1
593,10,1,0.02857142857142857,User_593,incoming,0.0001550905903118,0.3558942871108221,0.002376088988415,1
1173,11,1,0.02857142857142857,User_1173,incoming,0.0012999423309008,0.3422150133542148,0.0021887827126867,1
525,12,1,0.02857142857142857,User_525,incoming,1.464764123318143e-05,0.352531506445208,0.0197239540698,0
620,14,1,0.02857142857142857,User_620,incoming,0.0047850348491029,0.3440181220963665,0.0012972713595722,0
418,16,1,0.02857142857142857,User_418,outandin,0.001623878157777,0.3482227880330999,0.0037834570276545,2
278,17,1,0.02857142857142857,User_278,incoming,0.0018804445152342,0.3723865366323549,0.0030325962513845,0
991,20,1,0.02857142857142857,User_991,outandin,0.0003077785313444,0.3813586142976271,0.0126195426990546,1
810,21,1,0.02857142857142857,User_810,incoming,0.0004923923461322,0.3511883787873038,0.0370938073147433,0
294,24,1,0.02857142857142857,User_294,incoming,0.00770495008786,0.3891240492051029,0.0044277472745454,1
913,25,1,0.02857142857142857,User_913,incoming,0.0005536611765511,0.3729182641953711,0.0120422792187279,1
415,26,1,0.02857142857142857,User_415,incoming,0.006321198959016,0.3716799208133182,0.0038079156560006,0
27,27,1,0.02857142857142857,User_27,incoming,0.0040029886587158,0.3805251447666221,0.0054140786344014,0
365,27,1,0.02857142857142857,User_365,outandin,0.0014032547326226,0.3945122220918806,0.0075678525576093,1
583,27,1,0.02857142857142857,User_583,outandin,0.0007423971408668,0.3877759332217149,0.0128041179443878,2
409,30,1,0.02857142857142857,User_409,incoming,0.0017597779672846,0.4013838489111039,0.0113334798284453,1
142,32,1,0.02857142857142857,User_142,incoming,0.0027600554692466,0.4008704390250575,0.0138273995705519,1
214,38,1,0.02857142857142857,User_214,incoming,0.0024987218489731,0.3687932563306542,0.0069525869561048,1
3,43,1,0.02857142857142857,User_3,incoming,0.0103985058527526,0.4033468587255984,0.0123908136394919,0
986,47,1,0.02857142857142857,User_986,incoming,0.0097347516744208,0.4072251939056522,0.0161013235282894,1
652,47,1,0.02857142857142857,User_652,incoming,0.004518854067452,0.4013838489111039,0.0198645876510854,0
51,50,1,0.02857142857142857,User_51,outandin,0.0038867656554971,0.3733625318439241,0.0151076792583659,2
654,64,1,0.02857142857142857,User_654,incoming,0.0070662186431881,0.4176446018520655,0.0184996603247209,1
19,91,1,0.02857142857142857,User_19,incoming,0.0237340052390562,0.3813586142976271,0.0140302920387616,0
31,1,2,0.03138815207780725,User_31,outandin,0.0,0.2628757836183442,8.789706356687202e-05,1
827,1,2,0.03138815207780725,User_827,outandin,0.0,0.2759779052745596,1.7790177853688426e-05,1
107,1,2,0.03138815207780725,User_107,outandin,0.0,0.3149753861605929,0.0001785734722285,1
1027,1,2,0.03138815207780725,User_1027,outandin,0.0,0.3149753861605929,0.0005357204166855,3
1055,1,2,0.03138815207780725,User_1055,outandin,0.0,0.3149753861605929,0.0001785734722285,1
1134,1,2,0.03138815207780725,User_1134,outandin,0.0,0.3149753861605929,0.000357146944457,1
1143,1,2,0.03138815207780725,User_1143,outandin,0.0,0.3149753861605929,0.0001785734722285,1
1147,1,2,0.03138815207780725,User_1147,outandin,0.0,0.3149753861605929,0.0001785734722285,1
1148,1,2,0.03138815207780725,User_1148,outandin,0.0,0.3149753861605929,0.000357146944457,1
1149,1,2,0.03138815207780725,User_1149,outandin,0.0,0.3149753861605929,0.0001785734722285,3
1150,1,2,0.03138815207780725,User_1150,outandin,0.0,0.3149753861605929,0.0001785734722285,1
1151,1,2,0.03138815207780725,User_1151,outandin,0.0,0.3149753861605929,0.0001785734722285,1
1152,1,2,0.03138815207780725,User_1152,outandin,0.0,0.3149753861605929,0.0001785734722285,1
1157,1,2,0.03138815207780725,User_1157,incoming,0.0,0.3149753861605929,0.0001785734722285,1
604,1,2,0.03138815207780725,User_604,outandin,0.0,0.2883169358139741,5.8359072587826505e-05,1
789,1,2,0.03138815207780725,User_789,outandin,0.0,0.2849613650025367,2.927322142064439e-05,1
1516,1,2,0.03138815207780725,User_1516,incoming,0.0,0.282801397969491,7.511354893837154e-05,1
951,1,2,0.03138815207780725,User_951,outandin,0.0,0.2885292848736788,0.0003362204256216,1
1544,1,2,0.03138815207780725,User_1544,outandin,0.0,0.2791240730582383,4.234563161596629e-05,1
1095,1,2,0.03138815207780725,User_1095,outandin,0.0,0.2932814048566254,0.0002004185479526,1
918,1,2,0.03138815207780725,User_918,outandin,0.0,0.2786277642512357,3.310067841622945e-05,1
1490,1,2,0.03138815207780725,User_1490,outandin,0.0,0.2389816297314244,1.534118120931482e-05,1
1074,1,2,0.03138815207780725,User_1074,incoming,0.0,0.2818349903145593,0.0001677234769877,1
1046,1,2,0.03138815207780725,User_1046,outandin,0.0,0.2647410958183729,9.772188510681596e-05,3
1333,1,2,0.03138815207780725,User_1333,outandin,0.0,0.2395662048844136,1.0860319696099292e-06,1
1275,1,2,0.03138815207780725,User_1275,outandin,0.0,0.2727118945612513,1.2244396601364095e-05,1
1318,1,2,0.03138815207780725,User_1318,outandin,0.0,0.2676806535956524,1.2307440522108438e-05,1
55,2,2,0.03138815207780725,User_55,outandin,0.0002042614338135,0.3029194947127295,9.789993008991025e-05,1
71,2,2,0.03138815207780725,User_71,outandin,0.0,0.3066541186201467,0.0007405961909855,1
106,2,2,0.03138815207780725,User_106,outandin,6.134852064459967e-06,0.3023350465269052,0.0003660343007018,1
611,2,2,0.03138815207780725,User_611,incoming,0.0,0.3132751991501299,0.0022631881721283,1
1125,2,2,0.03138815207780725,User_1125,outandin,6.409516675240595e-05,0.3206471344687844,0.0002009206634618,1
1141,2,2,0.03138815207780725,User_1141,outandin,0.0,0.3244311689749378,0.0004531143106078,1
1145,2,2,0.03138815207780725,User_1145,outandin,0.0012714527239333,0.3151020603557107,0.0001785800778999,1
1276,2,2,0.03138815207780725,User_1276,outandin,3.1936285079770893e-06,0.3169503531854671,0.0003586067743652,1
292,2,2,0.03138815207780725,User_292,outandin,3.006332038212173e-05,0.2776896236308612,1.8678270091847108e-05,1
1075,2,2,0.03138815207780725,User_1075,incoming,0.0,0.2852207037038496,0.0001393879458713,0
1461,2,2,0.03138815207780725,User_1461,outandin,2.824549524894552e-06,0.2808248290589515,7.79128530284304e-05,3
1194,2,2,0.03138815207780725,User_1194,outandin,2.755443469346163e-06,0.2913185622139709,0.0001048330695957,1
857,3,2,0.03138815207780725,User_857,outandin,0.0,0.3231599393996596,0.0015422150201292,1
1108,3,2,0.03138815207780725,User_1108,outandin,8.857042720952883e-05,0.3236939777213282,0.0002348187961524,1
866,3,2,0.03138815207780725,User_866,incoming,0.0,0.3194704477367889,0.0012293776635606,1
818,3,2,0.03138815207780725,User_818,incoming,9.855757092987992e-05,0.3206471344687844,0.0004604677994993,0
736,3,2,0.03138815207780725,User_736,outandin,0.000216096261135,0.3296177000734013,0.000633456554691,1
457,3,2,0.03138815207780725,User_457,outandin,3.276198971391513e-05,0.297909229305884,8.137724673266421e-05,1
772,3,2,0.03138815207780725,User_772,outandin,5.107022455194219e-05,0.3055181411871612,0.0001781713468872,1
122,4,2,0.03138815207780725,User_122,outandin,1.701499584601404e-05,0.2953265258478986,0.0002095097607412,3
1191,4,2,0.03138815207780725,User_1191,outandin,0.0009550740813172,0.3427389645995078,0.0007284083908161,1
1387,4,2,0.03138815207780725,User_1387,incoming,0.0,0.3224948644060402,0.0009950259453323,0
1334,4,2,0.03138815207780725,User_1334,outandin,0.0,0.3464520331967609,0.0014272448107197,1
553,4,2,0.03138815207780725,User_553,outandin,0.0,0.3342582223013971,0.0008027808627354,2
354,4,2,0.03138815207780725,User_354,incoming,5.936815541970321e-05,0.3222296002773904,0.0016000536255013,1
310,4,2,0.03138815207780725,User_310,outandin,0.0001421137019672,0.3236939777213282,0.0006240866569122,1
677,4,2,0.03138815207780725,User_677,outandin,0.0001731000140937,0.3293405939783416,0.0013714346104521,1
1013,4,2,0.03138815207780725,User_1013,incoming,2.833108765879082e-06,0.3147223430706868,0.0007831931971517,0
203,4,2,0.03138815207780725,User_203,incoming,4.746882229284748e-05,0.3360502994100256,0.0003894338911585,1
720,4,2,0.03138815207780725,User_720,outandin,0.0,0.3255094611859056,0.002774194483807,1
366,5,2,0.03138815207780725,User_366,incoming,0.0,0.3302428969755426,0.001745914178808,2
883,5,2,0.03138815207780725,User_883,incoming,2.012641304277446e-05,0.3155462235499294,0.0006010602057177,1
507,5,2,0.03138815207780725,User_507,incoming,3.975462623795175e-05,0.3224948644060402,0.0006580154431964,1
162,6,2,0.03138815207780725,User_162,incoming,4.354230355882488e-05,0.3189502434661,0.0015836086806656,1
1294,7,2,0.03138815207780725,User_1294,outandin,0.0005385865523823,0.3322736527033396,0.0013336119033871,1
851,7,2,0.03138815207780725,User_851,incoming,0.0003015185414541,0.3172712180904939,0.0032007099397921,1
821,7,2,0.03138815207780725,User_821,incoming,6.539869876684087e-05,0.316630136623348,0.0020926321299483,0
465,8,2,0.03138815207780725,User_465,incoming,4.342318468886512e-05,0.3633207851029329,0.0068371004025136,1
359,8,2,0.03138815207780725,User_359,outandin,3.1674088956991033e-05,0.3470659016941195,0.0029717811111805,1
1174,9,2,0.03138815207780725,User_1174,incoming,1.5164163082518616e-05,0.3393249342028908,0.0031420958614549,1
161,9,2,0.03138815207780725,User_161,incoming,0.0,0.343867137623206,0.0265738825375493,1
1349,9,2,0.03138815207780725,User_1349,incoming,3.114106810151794e-05,0.3343295383291977,0.0042943821995223,0
404,10,2,0.03138815207780725,User_404,outandin,0.0041116170386566,0.3581720105483313,0.0043864504748479,1
787,10,2,0.03138815207780725,User_787,incoming,0.0021232984138421,0.3140915105530065,0.0016817934720698,1
1403,10,2,0.03138815207780725,User_1403,incoming,7.830048978091081e-06,0.3507167739814122,0.0032600123589237,0
782,10,2,0.03138815207780725,User_782,incoming,4.173952965817367e-05,0.3463754522875662,0.0021398513495913,1
291,11,2,0.03138815207780725,User_291,incoming,0.0008501745594025,0.3639114134112748,0.0032238444676723,1
1224,11,2,0.03138815207780725,User_1224,outandin,0.0014806298148387,0.3515823527370316,0.0044205906424084,1
497,11,2,0.03138815207780725,User_497,outandin,0.0004804999931874,0.3338309642413612,0.0019622512319883,1
83,11,2,0.03138815207780725,User_83,incoming,0.0008835211762699,0.3430390862847963,0.0005862879855792,2
903,11,2,0.03138815207780725,User_903,outandin,0.0021134758442841,0.3387381206547665,0.0017903907836163,1
1287,12,2,0.03138815207780725,User_1287,incoming,3.023081327007103e-05,0.3393249342028908,0.0017701746682784,1
1291,13,2,0.03138815207780725,User_1291,outandin,0.0023753462715282,0.3530875498307683,0.0019073951454144,2
1313,14,2,0.03138815207780725,User_1313,incoming,0.0002985431316257,0.3584177827422117,0.0051788091974054,0
949,14,2,0.03138815207780725,User_949,incoming,1.5321872479652752e-05,0.3555712607553777,0.0060785857840524,1
1227,14,2,0.03138815207780725,User_1227,incoming,0.000110945285374,0.3649283991963087,0.0036244525307908,2
30,15,2,0.03138815207780725,User_30,incoming,0.0014594281017696,0.3567044266216594,0.0072262645109313,1
163,15,2,0.03138815207780725,User_163,incoming,0.0004851078590458,0.3650134046468553,0.0040541816513527,1
749,15,2,0.03138815207780725,User_749,incoming,0.0002931628412105,0.351819161685889,0.0040118753941023,1
1014,16,2,0.03138815207780725,User_1014,incoming,0.0021402641549414,0.3601476778094575,0.0107094005183458,1
61,17,2,0.03138815207780725,User_61,incoming,0.0032711407331933,0.381265826313613,0.0058511004581221,2
964,17,2,0.03138815207780725,User_964,incoming,0.0013107300006452,0.3782289515203836,0.0065302587488212,1
1317,18,2,0.03138815207780725,User_1317,incoming,0.0012839095514555,0.3656095534645239,0.0040472201613911,1
1068,18,2,0.03138815207780725,User_1068,incoming,0.0006558426849794,0.3723865366323549,0.0127290561038153,1
1253,19,2,0.03138815207780725,User_1253,incoming,0.0009358372895064,0.3614769425949134,0.0076583293504466,1
60,20,2,0.03138815207780725,User_60,incoming,0.0002114051299726,0.3748809919016626,0.0117542744712877,1
405,21,2,0.03138815207780725,User_405,incoming,0.0001493605712169,0.3707126913056423,0.0115944585542846,1
1244,22,2,0.03138815207780725,User_1244,incoming,0.0073539216071584,0.3750604466608304,0.0020133584352988,1
1406,23,2,0.03138815207780725,User_1406,incoming,0.0014237788260952,0.3695760722049409,0.0061076405334156,0
1373,24,2,0.03138815207780725,User_1373,incoming,0.0024947723961309,0.3775909749756505,0.0082877655452564,1
483,24,2,0.03138815207780725,User_483,incoming,0.0013155023313452,0.3824756031605931,0.011680611629823,0
621,24,2,0.03138815207780725,User_621,incoming,0.0013725844214556,0.3872967242088358,0.0139266092700859,0
132,25,2,0.03138815207780725,User_132,incoming,0.0022824476963626,0.3985255712484613,0.0068745350939075,0
551,26,2,0.03138815207780725,User_551,outandin,0.0009725371688269,0.3689669286905933,0.0034513091786059,1
1039,27,2,0.03138815207780725,User_1039,incoming,0.0040603211172515,0.3965087414344508,0.0175982709255537,1
371,28,2,0.03138815207780725,User_371,outandin,0.0063453353715803,0.3986269514497455,0.0048136432298513,1
708,30,2,0.03138815207780725,User_708,incoming,0.0031646526285651,0.3863418506284393,0.0108864766464265,0
768,30,2,0.03138815207780725,User_768,incoming,0.0018656138533834,0.3755098361248381,0.0090389670748742,0
859,37,2,0.03138815207780725,User_859,incoming,0.0045467567382896,0.4041791452537915,0.0103310598735716,1
456,38,2,0.03138815207780725,User_456,incoming,0.0030078255190452,0.397716382271307,0.0091943199430092,0
393,39,2,0.03138815207780725,User_393,incoming,0.0072245383955249,0.3944129237727032,0.0247020947908142,0
474,44,2,0.03138815207780725,User_474,incoming,0.0039962173747883,0.4056439415348045,0.0552881332397591,0
834,46,2,0.03138815207780725,User_834,outandin,0.0025646305130347,0.3925357079531437,0.0551472401805379,1
398,54,2,0.03138815207780725,User_398,incoming,0.0024127088337066,0.3917506365372374,0.0281176245203065,0
62,55,2,0.03138815207780725,User_62,incoming,0.003837064193102,0.4045965778850889,0.0127693563461763,1
368,58,2,0.03138815207780725,User_368,outandin,0.0025013163418805,0.4052243460431729,0.0191909505095742,1
72,71,2,0.03138815207780725,User_72,incoming,0.0025928805961447,0.4310873579501925,0.0593460629399219,0
679,78,2,0.03138815207780725,User_679,incoming,0.0110386123375994,0.4151000122248873,0.0659057004122015,1
357,109,2,0.03138815207780725,User_357,incoming,0.0390980057885291,0.4101027338782909,0.0178196942120717,0
105,172,2,0.03138815207780725,User_105,incoming,0.1005525924832989,0.4599361743906515,0.0587187344472729,0
37,1,3,0.033444816053511704,User_37,outandin,0.0,0.2964439171677921,5.555429847394396e-05,1
89,1,3,0.033444816053511704,User_89,outandin,0.0,0.2964439171677921,5.555429847394396e-05,3
113,1,3,0.033444816053511704,User_113,outandin,0.0,0.2964439171677921,5.555429847394396e-05,1
879,1,3,0.033444816053511704,User_879,outandin,0.0,0.2964439171677921,5.555429847394396e-05,1
45,1,3,0.033444816053511704,User_45,outandin,0.0,0.2829545948264625,3.208356684458266e-05,1
231,1,3,0.033444816053511704,User_231,outandin,0.0,0.2707797729650855,1.3045861427543626e-05,1
1486,1,3,0.033444816053511704,User_1486,incoming,0.0,0.2759293090595086,2.61408640657548e-05,1
240,1,3,0.033444816053511704,User_240,outandin,0.0,0.2968370043851013,7.845875903871488e-05,1
369,1,3,0.033444816053511704,User_369,outandin,0.0,0.2968370043851013,7.845875903871488e-05,1
1200,1,3,0.033444816053511704,User_1200,outandin,0.0,0.2968370043851013,7.845875903871488e-05,1
1278,1,3,0.033444816053511704,User_1278,outandin,0.0,0.2968370043851013,7.845875903871488e-05,1
1408,1,3,0.033444816053511704,User_1408,incoming,0.0,0.2968370043851013,7.845875903871488e-05,1
1527,1,3,0.033444816053511704,User_1527,incoming,0.0,0.2968370043851013,7.845875903871488e-05,1
213,1,3,0.033444816053511704,User_213,outandin,0.0,0.2768555735245493,1.2078727535416604e-05,1
246,1,3,0.033444816053511704,User_246,outandin,0.0,0.2768555735245493,1.2078727535416604e-05,1
690,1,3,0.033444816053511704,User_690,outandin,0.0,0.2639384446941131,7.771885827477787e-05,1
1532,1,3,0.033444816053511704,User_1532,outandin,0.0,0.2604292082680654,3.7842769003825375e-05,1
833,2,3,0.033444816053511704,User_833,outandin,2.7913769198127395e-05,0.3064741924797476,0.0002840195155392,1
1020,2,3,0.033444816053511704,User_1020,outandin,3.466751961428243e-05,0.2879989976381087,0.0001161749292889,1
23,2,3,0.033444816053511704,User_23,outandin,4.485960264241177e-05,0.3072554012056764,0.0001594834158275,1
40,2,3,0.033444816053511704,User_40,outandin,0.0002544491493901,0.3285809490771544,0.0003025200404703,1
828,2,3,0.033444816053511704,User_828,incoming,0.0,0.3008837454203052,8.164602132903122e-05,2
116,2,3,0.033444816053511704,User_116,outandin,6.9698387785275e-06,0.2862627961543569,7.057710986465481e-05,1
117,2,3,0.033444816053511704,User_117,outandin,0.0,0.3288567777857187,0.0003685578044342,1
137,2,3,0.033444816053511704,User_137,outandin,5.370614806812447e-06,0.2730445279924986,2.731013845611174e-05,3
138,2,3,0.033444816053511704,User_138,outandin,5.332576867329623e-06,0.2876289548731552,0.0002002960750809,1
238,2,3,0.033444816053511704,User_238,incoming,8.574143149139038e-05,0.317592733309475,0.0001738812250698,1
1017,2,3,0.033444816053511704,User_1017,outandin,0.0,0.302276725723177,0.0002442511969331,1
1561,2,3,0.033444816053511704,User_1561,incoming,1.917136574437332e-06,0.2991604708188143,6.882427696202188e-05,1
900,2,3,0.033444816053511704,User_900,outandin,0.0,0.3108515267107617,0.0002831191725123,1
1398,2,3,0.033444816053511704,User_1398,outandin,0.0,0.3026269884412803,0.0004532294159716,2
578,3,3,0.033444816053511704,User_578,incoming,0.0,0.3014625906404289,0.0018404070318987,1
1410,3,3,0.033444816053511704,User_1410,incoming,0.0001919713257305,0.3090125312855353,0.0005603147922364,1
133,3,3,0.033444816053511704,User_133,outandin,0.0,0.3103589911168448,0.0004983266717913,1
141,3,3,0.033444816053511704,User_141,incoming,0.0005028250599168,0.3230933084843195,0.0003027257254037,1
232,3,3,0.033444816053511704,User_232,outandin,6.840279030365126e-05,0.3019854588839756,5.720815580754289e-05,1
1022,3,3,0.033444816053511704,User_1022,outandin,0.0,0.323359997141756,0.0003823135519261,3
1251,3,3,0.033444816053511704,User_1251,incoming,2.3085924328841925e-05,0.3186907761132702,0.0002686172781239,1
1514,3,3,0.033444816053511704,User_1514,incoming,9.59332670445376e-05,0.2901319285593315,1.4989336975272535e-05,1
93,4,3,0.033444816053511704,User_93,incoming,0.0008239689498671,0.335546583757805,0.0004319976010543,0
112,4,3,0.033444816053511704,User_112,outandin,0.0002260638301314,0.3201230942081613,0.0004839589064423,1
290,4,3,0.033444816053511704,User_290,outandin,0.0,0.3173997460297649,0.0006990000932526,1
682,4,3,0.033444816053511704,User_682,outandin,0.0002077423617368,0.3190801356442577,0.0003547312076567,1
577,4,3,0.033444816053511704,User_577,outandin,0.0001589939383612,0.3510310363236895,0.0011713364878687,1
129,5,3,0.033444816053511704,User_129,outandin,0.0001700341976697,0.3447750376565345,0.0009326293214522,1
410,5,3,0.033444816053511704,User_410,outandin,4.987988573581835e-05,0.3114693989562611,0.0002868014957156,1
46,5,3,0.033444816053511704,User_46,outandin,0.0004104402830851,0.320450418435368,0.0005359164242049,1
1518,5,3,0.033444816053511704,User_1518,incoming,0.00061163938691,0.3429640065985882,0.0007949953251691,1
790,5,3,0.033444816053511704,User_790,incoming,2.9784736663701427e-06,0.3298258358553882,0.0005320465675839,1
839,5,3,0.033444816053511704,User_839,incoming,0.0004055452803806,0.3360502994100256,0.0006381104212902,1
432,6,3,0.033444816053511704,User_432,incoming,2.0896536084247944e-05,0.3306610141694344,0.0007119948184882,1
39,6,3,0.033444816053511704,User_39,outandin,0.0006935206045671,0.3421402939189846,0.0006802284448792,3
441,6,3,0.033444816053511704,User_441,outandin,7.726833351992639e-05,0.3477591092208055,0.0010732687469789,1
660,6,3,0.033444816053511704,User_660,outandin,0.000264812730135,0.3274822457991535,0.0005441906115814,1
222,7,3,0.033444816053511704,User_222,outandin,0.0002881866909328,0.3501681667371954,0.0009040443415468,1
873,7,3,0.033444816053511704,User_873,outandin,0.0001371829341031,0.3410234050378563,0.0019730703157464,1
597,8,3,0.033444816053511704,User_597,outandin,0.0009988949333835,0.327962023053359,0.0003696247224718,1
1180,8,3,0.033444816053511704,User_1180,incoming,0.0020734572535725,0.3244983528989335,0.0006922300001944,2
899,9,3,0.033444816053511704,User_899,incoming,0.0002342472261319,0.3519772116237533,0.0012537098344909,0
121,10,3,0.033444816053511704,User_121,outandin,0.0006439463304643,0.3631523861295364,0.0014294090358722,1
1420,10,3,0.033444816053511704,User_1420,incoming,0.0008696182554114,0.3481454223836813,0.0014928631105748,1
735,10,3,0.033444816053511704,User_735,incoming,0.0004538590621385,0.3403567650193201,0.0011960093810585,1
201,11,3,0.033444816053511704,User_201,incoming,0.0003126055257585,0.3388113613295026,0.0022349606406172,1
442,11,3,0.033444816053511704,User_442,incoming,0.0006347286826408,0.3306610141694344,0.0013363785851657,1
944,13,3,0.033444816053511704,User_944,incoming,0.0005109024662889,0.3558134755106607,0.0019041597637288,1
276,14,3,0.033444816053511704,User_276,incoming,0.0004556607901134,0.3472966635968417,0.0039205371187714,1
85,14,3,0.033444816053511704,User_85,incoming,0.0016901522200746,0.368013749682703,0.0017755105347522,1
852,14,3,0.033444816053511704,User_852,incoming,0.0034805765290248,0.3522145529667227,0.0041489288271989,1
659,14,3,0.033444816053511704,User_659,incoming,0.0003511315616348,0.3592394649584937,0.0029039430828006,1
135,15,3,0.033444816053511704,User_135,incoming,0.0022994419068938,0.3811730834709194,0.0085976802159684,1
413,16,3,0.033444816053511704,User_413,incoming,0.0015158696363556,0.358663892457988,0.025554519999646,1
1037,16,3,0.033444816053511704,User_1037,outandin,0.0003697223996274,0.3295483798420504,0.0011241853899881,1
140,17,3,0.033444816053511704,User_140,outandin,0.0017926450812116,0.3626481245426868,0.0039899045653643,2
79,17,3,0.033444816053511704,User_79,outandin,0.0012400387042814,0.3457640216568733,0.0017484474841628,1
221,19,3,0.033444816053511704,User_221,incoming,0.001726640753157,0.3782289515203836,0.0034657320692025,0
96,21,3,0.033444816053511704,User_96,incoming,0.0062668394103083,0.3714156307534841,0.0042904980602584,1
335,22,3,0.033444816053511704,User_335,outandin,0.0012193829384855,0.3547662545050826,0.006921307632121,3
143,23,3,0.033444816053511704,User_143,incoming,0.0018712502461024,0.3717681011029536,0.0073499089112336,0
274,23,3,0.033444816053511704,User_274,outandin,0.0024605355215723,0.3603133010229822,0.0033885661664774,1
1184,25,3,0.033444816053511704,User_1184,incoming,0.0020635343783194,0.3747017087874102,0.0222707201813409,1
211,26,3,0.033444816053511704,User_211,incoming,0.0041310880811034,0.3829429487167521,0.0039718006519594,0
683,26,3,0.033444816053511704,User_683,outandin,0.0002629168042309,0.4075429248761897,0.058464495184617,1
90,27,3,0.033444816053511704,User_90,incoming,0.0018178880106337,0.3972123057411786,0.0099481828589172,2
712,30,3,0.033444816053511704,User_712,incoming,5.759987950568626e-05,0.3969104726821048,0.0307066649847056,2
189,31,3,0.033444816053511704,User_189,incoming,0.0016526770368497,0.373451512428253,0.0141799908927201,0
124,37,3,0.033444816053511704,User_124,incoming,0.0028766846912944,0.3732735936514887,0.0502932364241672,1
479,48,3,0.033444816053511704,User_479,outandin,0.0042176517347588,0.413893963589263,0.0285177553728628,2
44,54,3,0.033444816053511704,User_44,incoming,0.012388059132331,0.3947109688032619,0.0105516599786999,0
6,65,3,0.033444816053511704,User_6,outandin,0.0057122712940432,0.3899956560848556,0.0274932674299624,1
644,68,3,0.033444816053511704,User_644,incoming,0.0083161199710475,0.4168668651633279,0.0239045151787331,1
144,74,3,0.033444816053511704,User_144,incoming,0.0223189731942537,0.4222588375502424,0.025804675879205,0
36,82,3,0.033444816053511704,User_36,incoming,0.0220548084437277,0.4214638370492065,0.0182706214933252,0
1229,1,4,0.027317276613491814,User_1229,outandin,0.0,0.311160156105828,0.0003608201810925,1
1266,1,4,0.027317276613491814,User_1266,outandin,0.0,0.311160156105828,0.0003608201810925,1
1288,1,4,0.027317276613491814,User_1288,incoming,0.0,0.311160156105828,0.0003608201810925,1
1307,1,4,0.027317276613491814,User_1307,outandin,0.0,0.311160156105828,0.0003608201810925,1
1309,1,4,0.027317276613491814,User_1309,outandin,0.0,0.311160156105828,0.0003608201810925,1
1357,1,4,0.027317276613491814,User_1357,outandin,0.0,0.311160156105828,0.0003608201810925,1
1418,1,4,0.027317276613491814,User_1418,outandin,0.0,0.311160156105828,0.0003608201810925,1
1428,1,4,0.027317276613491814,User_1428,outandin,0.0,0.311160156105828,0.0003608201810925,1
1477,1,4,0.027317276613491814,User_1477,outandin,0.0,0.311160156105828,0.0007216403621851,1
1506,1,4,0.027317276613491814,User_1506,outandin,0.0,0.311160156105828,0.0003608201810925,1
1512,1,4,0.027317276613491814,User_1512,outandin,0.0,0.311160156105828,0.0003608201810925,1
1558,1,4,0.027317276613491814,User_1558,incoming,0.0,0.311160156105828,0.0003608201810925,1
1559,1,4,0.027317276613491814,User_1559,outandin,0.0,0.311160156105828,0.0003608201810925,1
1304,1,4,0.027317276613491814,User_1304,incoming,0.0,0.2855325339192692,0.0001432368083573,1
1140,1,4,0.027317276613491814,User_1140,outandin,0.0,0.2754927120515031,0.0006379134110167,1
558,1,4,0.027317276613491814,User_558,outandin,0.0,0.2867342261937694,0.0001000649802594,1
455,1,4,0.027317276613491814,User_455,outandin,0.0,0.3019854588839756,0.0017661468266691,1
458,1,4,0.027317276613491814,User_458,outandin,0.0,0.3019854588839756,0.0017661468266691,1
1007,1,4,0.027317276613491814,User_1007,outandin,0.0,0.3019854588839756,0.0017661468266691,1
1073,1,4,0.027317276613491814,User_1073,outandin,0.0,0.3019854588839756,0.0052984404800073,1
1164,1,4,0.027317276613491814,User_1164,outandin,0.0,0.3019854588839756,0.0017661468266691,1
1347,1,4,0.027317276613491814,User_1347,outandin,0.0,0.3019854588839756,0.0052984404800073,1
1484,1,4,0.027317276613491814,User_1484,outandin,0.0,0.2819364062880442,8.804787992328008e-05,1
426,1,4,0.027317276613491814,User_426,outandin,0.0,0.2239214841596098,4.43809172827635e-06,1
812,1,4,0.027317276613491814,User_812,incoming,0.0,0.2503598891434653,6.309982299915885e-06,0
744,1,4,0.027317276613491814,User_744,incoming,0.0,0.3158005937422308,0.0006924517058459,1
1300,1,4,0.027317276613491814,User_1300,outandin,0.0,0.3158005937422308,0.0011540861764098,1
867,1,4,0.027317276613491814,User_867,outandin,0.0,0.2671330627597937,5.114199198701024e-05,1
1330,1,4,0.027317276613491814,User_1330,outandin,0.0,0.2799218553320739,0.0001020574281258,1
1061,1,4,0.027317276613491814,User_1061,outandin,0.0,0.260862751148485,1.4792071031201318e-05,1
1455,1,4,0.027317276613491814,User_1455,outandin,0.0,0.260862751148485,1.4792071031201318e-05,1
1082,1,4,0.027317276613491814,User_1082,outandin,0.0,0.234475915928318,4.646836298010077e-06,1
1225,1,4,0.027317276613491814,User_1225,incoming,0.0,0.2757836230462777,0.0001715846654817,1
1360,1,4,0.027317276613491814,User_1360,outandin,0.0,0.2757836230462777,4.289616637043176e-05,1
1454,1,4,0.027317276613491814,User_1454,incoming,0.0,0.2227437876544349,1.9271468094102768e-05,1
1570,1,4,0.027317276613491814,User_1570,incoming,0.0,0.2155140346787167,3.32715629037399e-07,1
1081,2,4,0.027317276613491814,User_1081,incoming,0.0002341952523193,0.3375705614280374,0.0004693544694781,1
110,2,4,0.027317276613491814,User_110,outandin,0.0,0.3278933973946327,0.0008035603027938,1
381,2,4,0.027317276613491814,User_381,outandin,0.0002014879211644,0.3117172361545553,0.000181264707145,1
961,2,4,0.027317276613491814,User_961,outandin,0.0,0.3181085152555724,0.000844876735744,1
1414,2,4,0.027317276613491814,User_1414,outandin,8.868968874495541e-06,0.3287877772028849,0.000839182829814,1
1482,2,4,0.027317276613491814,User_1482,outandin,0.0001191869599732,0.3158005937422308,0.000403716347463,1
1534,2,4,0.027317276613491814,User_1534,incoming,0.0,0.3134005092297899,0.0014528022075723,1
427,2,4,0.027317276613491814,User_427,outandin,0.0012714527239333,0.288582421021906,0.0007299083790243,1
1156,2,4,0.027317276613491814,User_1156,outandin,0.0,0.320450418435368,0.0002051148308692,1
1324,2,4,0.027317276613491814,User_1324,outandin,6.025515371679607e-05,0.3064142640103539,0.0003222864411651,1
1525,2,4,0.027317276613491814,User_1525,outandin,0.0001491812950592,0.3095619411594132,0.0001619510204356,1
1541,2,4,0.027317276613491814,User_1541,outandin,4.894523765193696e-05,0.2997326981922245,0.0001382945155845,3
1238,2,4,0.027317276613491814,User_1238,incoming,0.0,0.3094396813090343,0.0002955524265501,1
1210,2,4,0.027317276613491814,User_1210,outandin,0.0002568425659006,0.2871019688803499,0.0001112680735331,1
1371,2,4,0.027317276613491814,User_1371,incoming,4.1984684237037175e-06,0.3170144742360812,0.0004855156554415,1
1361,2,4,0.027317276613491814,User_1361,outandin,1.6156693574217406e-05,0.2831591156756324,9.840658907547196e-05,1
1447,2,4,0.027317276613491814,User_1447,incoming,0.0012714527239333,0.2747681125984481,0.0001093866829449,1
1129,3,4,0.027317276613491814,User_1129,outandin,0.0002817260860163,0.333973262180083,0.0009025616457809,1
1308,3,4,0.027317276613491814,User_1308,incoming,0.0,0.3417671856377207,0.0025073113981214,0
328,3,4,0.027317276613491814,User_328,incoming,2.223482282259996e-05,0.2952152498396665,0.0001330450061205,1
1480,3,4,0.027317276613491814,User_1480,outandin,0.0,0.3282368131857875,0.0008663103209025,1
931,3,4,0.027317276613491814,User_931,outandin,6.285925681920424e-05,0.3353311675901882,0.0006873187272407,1
1267,3,4,0.027317276613491814,User_1267,outandin,0.0,0.3201230942081613,0.022213383819268,1
505,3,4,0.027317276613491814,User_505,outandin,0.0001475334812212,0.3238277632049906,0.0003582561861653,1
1319,3,4,0.027317276613491814,User_1319,incoming,4.5297917754611285e-07,0.308525801565062,0.0008818574814577,2
471,3,4,0.027317276613491814,User_471,incoming,2.261807960883616e-05,0.3021601515906189,0.000214048924259,1
1261,4,4,0.027317276613491814,User_1261,incoming,2.877526783763244e-05,0.3295483798420504,0.0008690578993225,1
1521,4,4,0.027317276613491814,User_1521,incoming,0.0005622302622383,0.3170144742360812,0.000341693651579,1
1355,4,4,0.027317276613491814,User_1355,incoming,0.0004502049907143,0.3244983528989335,0.0004654076554116,1
581,4,4,0.027317276613491814,User_581,incoming,8.86233593461206e-05,0.2912644137823326,0.0002141855384729,1
1470,4,4,0.027317276613491814,User_1470,outandin,0.0003874715033988,0.3084043586201436,0.0001860991510432,1
637,4,4,0.027317276613491814,User_637,outandin,0.0001134986383109,0.333404797052968,0.0025733489891178,1
1171,4,4,0.027317276613491814,User_1171,incoming,5.261365370925232e-06,0.3142174746639161,0.0010818312028196,1
1437,4,4,0.027317276613491814,User_1437,incoming,0.0012719392492104,0.2866293298242088,0.0031694849216358,1
1076,4,4,0.027317276613491814,User_1076,outandin,0.0012858979168768,0.3063543589734017,0.0005092762727339,1
1336,5,4,0.027317276613491814,User_1336,outandin,0.000222587690061,0.3349727546278216,0.0009107962473518,1
1124,5,4,0.027317276613491814,User_1124,outandin,0.0002394490050293,0.3558942871108221,0.0048772968175013,1
674,5,4,0.027317276613491814,User_674,incoming,0.0003088868106673,0.3303125097278562,0.000790980794204,0
1044,5,4,0.027317276613491814,User_1044,outandin,0.0,0.3213046024500615,0.0166772689941662,1
157,6,4,0.027317276613491814,User_157,outandin,0.0003651201541885,0.3513458623652353,0.0031124993756212,1
923,6,4,0.027317276613491814,User_923,outandin,5.937142642413163e-05,0.3259156709960378,0.0010588239133884,1
861,6,4,0.027317276613491814,User_861,incoming,0.0006598603033534,0.3226940992893224,0.0005303024445774,1
868,6,4,0.027317276613491814,User_868,incoming,0.0016098245923514,0.344093664064328,0.0007022658138098,0
1053,6,4,0.027317276613491814,User_1053,incoming,0.0013046502840846,0.3265949450081178,0.0005120088779015,1
643,6,4,0.027317276613491814,User_643,incoming,7.397805124914254e-06,0.3441692392156709,0.0418682179688401,1
1080,7,4,0.027317276613491814,User_1080,outandin,0.0001851980851964,0.3479135315606016,0.0016691387329951,1
1297,7,4,0.027317276613491814,User_1297,incoming,1.7853155768763878e-05,0.3431893443164585,0.0580474914899171,1
870,7,4,0.027317276613491814,User_870,incoming,6.998679118562763e-07,0.3417671856377207,0.0024197470959624,1
886,8,4,0.027317276613491814,User_886,incoming,0.0019856246889045,0.3542849979988582,0.0008434539991125,2
511,8,4,0.027317276613491814,User_511,outandin,0.00040464290629,0.3400613164385742,0.0017973945720237,1
1235,9,4,0.027317276613491814,User_1235,incoming,0.000153192584276,0.3366278294627174,0.0035125855957444,1
1110,10,4,0.027317276613491814,User_1110,incoming,0.0002832200397846,0.3388846336827313,0.0059763994892516,1
926,10,4,0.027317276613491814,User_926,outandin,0.0002298719377779,0.3495432848871179,0.011021766299957,1
1433,10,4,0.027317276613491814,User_1433,incoming,7.994606807393647e-05,0.339840066395348,0.0070364229726645,1
298,11,4,0.027317276613491814,User_298,incoming,0.0,0.3553293755439795,0.1738732476043284,0
1379,12,4,0.027317276613491814,User_1379,incoming,0.0002541293297306,0.3662076527574082,0.0055093875731882,1
1508,12,4,0.027317276613491814,User_1508,incoming,0.0010672835065378,0.3322736527033396,0.0017272784180858,1
635,12,4,0.027317276613491814,User_635,outandin,0.0020156894018599,0.3340444566508099,0.0020752783556469,2
1083,13,4,0.027317276613491814,User_1083,outandin,3.054735978568016e-05,0.3634893403268266,0.0123369109399397,1
741,14,4,0.027317276613491814,User_741,incoming,0.000292393584473,0.3633207851029329,0.1243209774402348,2
721,14,4,0.027317276613491814,User_721,outandin,0.0013588599174027,0.3645887729522917,0.0084104117425233,1
1062,15,4,0.027317276613491814,User_1062,outandin,0.003557723005476,0.3530080076929375,0.004865102256312,1
1132,15,4,0.027317276613491814,User_1132,incoming,0.0001489306558104,0.370625010915078,0.0087293485349303,0
966,16,4,0.027317276613491814,User_966,incoming,0.0001254472966308,0.3450027622520805,0.0495469966904014,1
367,16,4,0.027317276613491814,User_367,incoming,0.0005721043342457,0.3649283991963087,0.2219631256028405,0
802,17,4,0.027317276613491814,User_802,incoming,0.0007257278396008,0.3690538262244346,0.0032198908757393,1
332,17,4,0.027317276613491814,User_332,incoming,0.0007568410664776,0.36603656765918,0.0265684589395597,1
779,19,4,0.027317276613491814,User_779,incoming,0.0025707289710414,0.3650134046468553,0.0086893401802635,1
145,19,4,0.027317276613491814,User_145,incoming,0.0001196954750783,0.3465286479763267,0.0106378803216907,0
307,20,4,0.027317276613491814,User_307,incoming,0.0011757971560277,0.3668077121135182,0.0289005497704319,1
599,20,4,0.027317276613491814,User_599,incoming,0.0007260740969977,0.3897046869308505,0.0621425168913353,1
847,20,4,0.027317276613491814,User_847,incoming,0.0035199604990525,0.3691407646993992,0.0031497890170652,0
632,21,4,0.027317276613491814,User_632,incoming,0.0063348265156503,0.3852969132404597,0.0347972453316983,1
646,21,4,0.027317276613491814,User_646,incoming,0.0013130738740414,0.3585818183407207,0.0342735366241275,1
358,22,4,0.027317276613491814,User_358,outandin,0.0013533741851162,0.3927324677065037,0.0144792148929771,3
557,22,4,0.027317276613491814,User_557,incoming,0.0004983260945753,0.3606450048674222,0.1398191439018266,0
1181,23,4,0.027317276613491814,User_1181,incoming,0.0024926328351302,0.3860563060233923,0.0130517963303002,0
969,25,4,0.027317276613491814,User_969,incoming,0.0010391085120724,0.374791328904317,0.0202664850371995,0
1338,27,4,0.027317276613491814,User_1338,incoming,0.0037258312336157,0.3787775069250543,0.0359783411444756,0
1183,29,4,0.027317276613491814,User_1183,incoming,0.005830155656384,0.3808951254615823,0.0141079968445812,1
1280,30,4,0.027317276613491814,User_1280,incoming,0.00197768719417,0.3939171810329184,0.0354361525342681,0
538,30,4,0.027317276613491814,User_538,incoming,0.0045903873666968,0.3997455474869769,0.0232865798776287,1
1260,32,4,0.027317276613491814,User_1260,incoming,0.0042005814391059,0.3859612182632881,0.0245543208335042,1
88,33,4,0.027317276613491814,User_88,incoming,0.0088414200971023,0.4055389612186723,0.1199790821192573,1
1042,33,4,0.027317276613491814,User_1042,incoming,0.0019642440409672,0.3888343786970098,0.0335553204222115,0
281,33,4,0.027317276613491814,User_281,incoming,0.0025048822538612,0.3803404238225606,0.2097276721771497,2
781,34,4,0.027317276613491814,User_781,incoming,0.0034096553840967,0.3722980627581254,0.010306302797739,1
341,38,4,0.027317276613491814,User_341,incoming,0.002204948255045,0.3720328931977563,0.2580351828720644,0
725,38,4,0.027317276613491814,User_725,incoming,0.0021374296022779,0.3850129106017075,0.038891156996794,2
52,39,4,0.027317276613491814,User_52,incoming,0.0031200044616114,0.4095667919887479,0.0210842250926433,0
68,40,4,0.027317276613491814,User_68,incoming,0.0018760598088653,0.3951090635776474,0.1939887965490011,1
642,41,4,0.027317276613491814,User_642,incoming,0.0030285048444678,0.3951090635776474,0.1028495371116767,0
758,42,4,0.027317276613491814,User_758,incoming,0.0004803582916001,0.4132390680772546,0.0808852976245482,1
719,46,4,0.027317276613491814,User_719,incoming,0.0034609694695474,0.3886415045012276,0.022020659806461,0
48,47,4,0.027317276613491814,User_48,incoming,0.0012301209032776,0.3854864812174537,0.1311308436719428,1
302,50,4,0.027317276613491814,User_302,incoming,0.0076877373391879,0.4021048360659353,0.0329115379179553,0
753,50,4,0.027317276613491814,User_753,incoming,0.0037981323210294,0.4184252459676768,0.0986389288643992,1
697,59,4,0.027317276613491814,User_697,incoming,0.0067356418013452,0.4111788365649304,0.0283877761740577,0
1402,62,4,0.027317276613491814,User_1402,incoming,0.0039765697491429,0.4171998259182507,0.0550539858461865,2
249,72,4,0.027317276613491814,User_249,incoming,0.0161513049179538,0.3997455474869769,0.01569935181039,0
323,102,4,0.027317276613491814,User_323,incoming,0.0149738457726758,0.432754086205178,0.580925505730845,2
42,156,4,0.027317276613491814,User_42,incoming,0.0540839726007294,0.4518461782436417,0.1186286996527957,0
638,164,4,0.027317276613491814,User_638,incoming,0.0367371263130185,0.4616978627427665,0.075905547210339,1
275,1,5,0.01948460087994972,User_275,outandin,0.0,0.2630522991688685,1.187246677850971e-05,1
850,1,5,0.01948460087994972,User_850,outandin,0.0,0.2581127567367731,1.4006503499544718e-05,1
1394,1,5,0.01948460087994972,User_1394,outandin,0.0,0.2581127567367731,1.4006503499544718e-05,3
320,1,5,0.01948460087994972,User_320,outandin,0.0,0.2429084709578282,2.1035183369148056e-06,1
208,1,5,0.01948460087994972,User_208,outandin,0.0,0.2922966883322048,0.000125090129282,1
982,1,5,0.01948460087994972,User_982,outandin,0.0,0.2660445748979541,6.436917159952006e-06,1
196,1,5,0.01948460087994972,User_196,outandin,0.0,0.2986473310746997,0.0001133937361581,1
197,1,5,0.01948460087994972,User_197,outandin,0.0,0.2986473310746997,0.0001133937361581,1
200,1,5,0.01948460087994972,User_200,outandin,0.0,0.2986473310746997,0.0001133937361581,1
217,1,5,0.01948460087994972,User_217,outandin,0.0,0.2986473310746997,0.0001133937361581,1
218,1,5,0.01948460087994972,User_218,outandin,0.0,0.2986473310746997,0.0001133937361581,1
206,1,5,0.01948460087994972,User_206,outandin,0.0,0.311160156105828,0.0002669498167901,1
207,1,5,0.01948460087994972,User_207,outandin,0.0,0.311160156105828,8.898327226339104e-05,1
1084,1,5,0.01948460087994972,User_1084,outandin,0.0,0.311160156105828,8.898327226339104e-05,1
1085,1,5,0.01948460087994972,User_1085,outandin,0.0,0.311160156105828,8.898327226339104e-05,1
1086,1,5,0.01948460087994972,User_1086,outandin,0.0,0.311160156105828,8.898327226339104e-05,1
1500,1,5,0.01948460087994972,User_1500,incoming,0.0,0.2909399454416913,0.0001065075984639,1
937,1,5,0.01948460087994972,User_937,outandin,0.0,0.2770023945817482,2.2347191233299546e-05,1
1442,1,5,0.01948460087994972,User_1442,incoming,0.0,0.267269750323887,3.973204837040873e-05,1
1135,1,5,0.01948460087994972,User_1135,outandin,0.0,0.2864197671630323,0.000118308210295,1
1293,1,5,0.01948460087994972,User_1293,outandin,0.0,0.2864197671630323,0.000118308210295,1
1177,1,5,0.01948460087994972,User_1177,incoming,0.0,0.2789749948636193,0.0002164964660635,1
1531,1,5,0.01948460087994972,User_1531,outandin,0.0,0.2676806535956524,2.170362337257678e-05,1
960,1,5,0.01948460087994972,User_960,incoming,0.0,0.291861155922695,0.0001144670820651,1
845,1,5,0.01948460087994972,User_845,outandin,0.0,0.2174882090421859,5.209773309301044e-07,1
1305,1,5,0.01948460087994972,User_1305,incoming,0.0,0.285272628099208,2.959473399612881e-05,1
1222,1,5,0.01948460087994972,User_1222,outandin,0.0,0.2899708634620558,0.0001142054176498,1
1057,1,5,0.01948460087994972,User_1057,outandin,0.0,0.2853245714036689,3.48945011144375e-05,1
1205,1,5,0.01948460087994972,User_1205,outandin,0.0,0.235321001073577,2.493340030277452e-06,1
972,1,5,0.01948460087994972,User_972,outandin,0.0,0.2543009649706182,1.0788661543689192e-05,1
979,1,5,0.01948460087994972,User_979,incoming,0.0,0.2715775643239081,3.009549342170361e-05,1
1119,1,5,0.01948460087994972,User_1119,outandin,0.0,0.2670420153628066,3.261806430509461e-05,1
1109,1,5,0.01948460087994972,User_1109,incoming,0.0,0.2512027165997034,7.117653499597734e-06,1
1088,1,5,0.01948460087994972,User_1088,outandin,0.0,0.25144456773892,1.1029980306950567e-05,1
1170,1,5,0.01948460087994972,User_1170,outandin,0.0,0.276953436929825,1.428885384959871e-05,1
1160,1,5,0.01948460087994972,User_1160,outandin,0.0,0.2814300549836476,9.054891279873676e-05,1
1348,1,5,0.01948460087994972,User_1348,incoming,0.0,0.2814300549836476,9.054891279873676e-05,1
1259,1,5,0.01948460087994972,User_1259,outandin,0.0,0.2954378857746889,0.0001580883194624,1
1456,1,5,0.01948460087994972,User_1456,outandin,0.0,0.2662253731139907,1.800241514398744e-05,1
1457,1,5,0.01948460087994972,User_1457,outandin,0.0,0.2662253731139907,1.800241514398744e-05,1
1458,1,5,0.01948460087994972,User_1458,outandin,0.0,0.2662253731139907,1.800241514398744e-05,1
1459,1,5,0.01948460087994972,User_1459,outandin,0.0,0.2662253731139907,3.600483028797488e-05,1
1460,1,5,0.01948460087994972,User_1460,outandin,0.0,0.2662253731139907,1.800241514398744e-05,1
1366,1,5,0.01948460087994972,User_1366,outandin,0.0,0.2446530126696252,6.409976175489481e-06,1
1562,1,5,0.01948460087994972,User_1562,incoming,0.0,0.2560880121178215,3.09923276661288e-06,0
1265,2,5,0.01948460087994972,User_1265,incoming,0.0,0.3213046024500615,0.0006133426085736,1
764,2,5,0.01948460087994972,User_764,outandin,0.0001694245969711,0.2874179284939379,6.067270207679751e-05,1
21,2,5,0.01948460087994972,User_21,outandin,1.621750923384432e-06,0.2655036506521433,6.02663417761927e-06,1
970,2,5,0.01948460087994972,User_970,incoming,1.675746004281831e-05,0.288848395603493,2.6184579948536096e-05,0
1232,2,5,0.01948460087994972,User_1232,outandin,0.0001103299901291,0.3230933084843195,0.0002565396493401,1
614,2,5,0.01948460087994972,User_614,outandin,1.457843717808838e-06,0.3032125669792859,7.852373795269329e-05,1
530,2,5,0.01948460087994972,User_530,outandin,3.91520500766891e-05,0.2839801642169173,6.394962471298017e-05,1
855,2,5,0.01948460087994972,User_855,outandin,6.788631261773035e-05,0.2878931740123001,4.653094687462211e-05,1
965,2,5,0.01948460087994972,User_965,outandin,0.0,0.2839801642169173,0.0004200424543698,1
210,2,5,0.01948460087994972,User_210,outandin,7.121328697288984e-05,0.3213704975695139,0.0003393320661651,1
417,2,5,0.01948460087994972,User_417,outandin,1.5635110757152986e-06,0.3335467318324712,0.0006704992791639,1
1116,2,5,0.01948460087994972,User_1116,outandin,0.0,0.3212387343478781,0.0002716084755142,1
247,2,5,0.01948460087994972,User_247,outandin,0.0,0.2991033682284691,8.825353671446462e-05,1
907,2,5,0.01948460087994972,User_907,outandin,0.0,0.317142794201366,0.0002827181839566,1
182,2,5,0.01948460087994972,User_182,incoming,4.180459779713162e-06,0.3131499892383992,0.0001839246554389,1
1321,2,5,0.01948460087994972,User_1321,outandin,0.0,0.2720962920904584,4.141085858022312e-05,2
858,2,5,0.01948460087994972,User_858,incoming,0.0,0.3071951668592334,0.0002915294091846,1
661,2,5,0.01948460087994972,User_661,outandin,8.99688143676712e-05,0.2917524755443957,3.757587751013252e-05,1
568,2,5,0.01948460087994972,User_568,incoming,0.0,0.282801397969491,0.0001093301842908,1
1529,2,5,0.01948460087994972,User_1529,outandin,5.099102359629529e-05,0.3072554012056764,0.0002271550535307,1
914,2,5,0.01948460087994972,User_914,outandin,2.586078262736606e-05,0.2995035447532396,9.7943399169878e-05,1
585,2,5,0.01948460087994972,User_585,incoming,0.0,0.2977394159507789,0.0010666577561881,0
1405,2,5,0.01948460087994972,User_1405,outandin,1.1583935167031657e-07,0.280322459060635,5.8826948796389846e-05,1
1492,2,5,0.01948460087994972,User_1492,outandin,0.0,0.3178504150403549,0.0004713888152199,1
813,2,5,0.01948460087994972,User_813,outandin,0.0,0.3004222672831576,0.0002894396421536,1
786,2,5,0.01948460087994972,User_786,outandin,0.0,0.2926241916244537,0.0003363026768947,1
1025,2,5,0.01948460087994972,User_1025,outandin,0.0,0.2962197629771171,0.0006618680208674,1
1422,2,5,0.01948460087994972,User_1422,outandin,0.0,0.282801397969491,0.0001123602751744,1
1204,2,5,0.01948460087994972,User_1204,outandin,0.0005696558426166,0.2430591819681944,2.3365530473554072e-06,1
1003,2,5,0.01948460087994972,User_1003,outandin,6.142995921910727e-07,0.2659091373067961,2.1192315944884604e-05,1
1301,2,5,0.01948460087994972,User_1301,outandin,0.0002606038718144,0.2778866015515073,0.0001945664604148,1
136,3,5,0.01948460087994972,User_136,outandin,0.0001356618448457,0.3232265978030011,0.0003306641165947,1
1401,3,5,0.01948460087994972,User_1401,incoming,0.0,0.3209097985150419,0.0005973026790789,1
1435,3,5,0.01948460087994972,User_1435,outandin,0.0,0.2946047276083756,0.0001857316685724,1
25,3,5,0.01948460087994972,User_25,outandin,0.0008010006771355,0.2795223949605689,2.9730373611859666e-05,1
380,3,5,0.01948460087994972,User_380,outandin,0.0002005106337997,0.3167581455728622,0.0001802874138759,1
92,3,5,0.01948460087994972,User_92,outandin,2.1941425852702208e-05,0.3032125669792859,0.0001373482269022,1
1314,3,5,0.01948460087994972,User_1314,incoming,0.0,0.2927882186376961,0.0004319940566803,0
347,3,5,0.01948460087994972,User_347,outandin,2.2111289905594416e-05,0.2997900413523913,0.0001313771518123,1
450,3,5,0.01948460087994972,User_450,outandin,8.939722817499058e-06,0.3155462235499294,0.0001233604805368,1
1223,3,5,0.01948460087994972,User_1223,outandin,0.0,0.3213704975695139,0.0006373140028708,1
100,3,5,0.01948460087994972,User_100,outandin,1.6246570191319273e-05,0.2992175952165266,0.0002161664296383,1
932,3,5,0.01948460087994972,User_932,incoming,7.765456329617937e-05,0.3311501576815193,0.0007101064124002,1
1008,3,5,0.01948460087994972,User_1008,outandin,1.1705657233331618e-05,0.2874706560537424,0.0001972771582567,1
1364,3,5,0.01948460087994972,User_1364,incoming,0.0,0.3012307854957611,0.0003312892214062,1
808,3,5,0.01948460087994972,User_808,incoming,0.0012714527239333,0.2779851953430813,4.282764872676814e-05,2
1175,3,5,0.01948460087994972,User_1175,incoming,0.0001342033706197,0.3232265978030011,0.0003312024961195,2
898,3,5,0.01948460087994972,User_898,incoming,0.0002179904433531,0.3199270204469068,0.0003115016350667,1
1064,3,5,0.01948460087994972,User_1064,outandin,1.345302522210431e-06,0.3119033730392018,0.0006363189961232,2
869,3,5,0.01948460087994972,User_869,outandin,0.0012714527239333,0.3077985751618443,0.0008199594693324,1
1478,3,5,0.01948460087994972,User_1478,outandin,8.624012094823836e-05,0.3091344537677944,0.0003427727494815,1
1331,3,5,0.01948460087994972,User_1331,outandin,8.436078794848552e-05,0.2959400464870537,0.0001603837567216,1
295,4,5,0.01948460087994972,User_295,outandin,6.047426646452214e-05,0.3388846336827313,0.000784329468679,3
977,4,5,0.01948460087994972,User_977,outandin,5.978444100415609e-05,0.3255094611859056,0.0004022257148658,1
1198,4,5,0.01948460087994972,User_1198,incoming,0.0001659658672061,0.3324851572563017,0.00065084119344,1
1505,4,5,0.01948460087994972,User_1505,incoming,0.001266420640641,0.3443204891559986,0.0006868935434535,2
243,4,5,0.01948460087994972,User_243,incoming,0.0006090607028626,0.332626309944587,0.0003510239335891,1
863,4,5,0.01948460087994972,User_863,incoming,0.0001345988807295,0.3260512996564606,0.0012087461559717,1
226,4,5,0.01948460087994972,User_226,outandin,0.0001981684676136,0.3219647721694986,0.0002177031102673,1
91,4,5,0.01948460087994972,User_91,outandin,4.702054445832114e-05,0.2850131950070843,0.0002677427749177,1
1092,4,5,0.01948460087994972,User_1092,outandin,0.0004115240905911,0.3211728932463516,0.0003926222770209,1
1427,4,5,0.01948460087994972,User_1427,incoming,5.504507729047444e-06,0.2987612099426024,0.0001964155365964,1
537,4,5,0.01948460087994972,User_537,incoming,6.839589838407861e-05,0.3067141409569288,0.000247257137628,1
1161,4,5,0.01948460087994972,User_1161,incoming,5.4323331274988704e-05,0.323359997141756,0.0003781542774531,1
1474,4,5,0.01948460087994972,User_1474,incoming,0.0,0.3298952728734631,0.0005118248235191,0
836,4,5,0.01948460087994972,User_836,outandin,0.0012236292444118,0.3263908656840137,0.0004459881320079,1
1239,4,5,0.01948460087994972,User_1239,outandin,7.071982348413544e-05,0.3080406027420778,0.0002627120497494,3
650,4,5,0.01948460087994972,User_650,outandin,0.0014488720879064,0.2998474064578931,0.0001578037556111,1
1230,4,5,0.01948460087994972,User_1230,outandin,6.968036826025635e-05,0.2887951614723461,5.9166111038689625e-05,1
981,4,5,0.01948460087994972,User_981,outandin,0.0,0.3114693989562611,0.0003696106447822,1
235,5,5,0.01948460087994972,User_235,outandin,0.0003859441451168,0.3380074517146138,0.0009250510788907,1
237,5,5,0.01948460087994972,User_237,outandin,3.412187242805655e-06,0.3488429532833815,0.0013401244621238,1
1372,5,5,0.01948460087994972,User_1372,incoming,0.0011784933914974,0.3470659016941195,0.0005330565207385,2
1182,5,5,0.01948460087994972,User_1182,outandin,5.269894091476569e-05,0.3317109538841976,0.0006235241797973,3
374,5,5,0.01948460087994972,User_374,incoming,0.0008545578441262,0.343867137623206,0.0008917850270328,1
1270,5,5,0.01948460087994972,User_1270,incoming,8.931399560393576e-05,0.3490760851300846,0.0008623049963073,1
1114,5,5,0.01948460087994972,User_1114,outandin,9.360104108065288e-05,0.3074362460562977,0.0001417485087454,3
1146,5,5,0.01948460087994972,User_1146,outandin,0.0008710486774061,0.3244983528989335,0.0002335109783114,1
284,5,5,0.01948460087994972,User_284,outandin,0.000753815009382,0.3434902556223037,0.0005257339782969,1
1520,5,5,0.01948460087994972,User_1520,incoming,1.0311313390499573e-05,0.3179794127737317,0.0003588580209794,2
244,6,5,0.01948460087994972,User_244,outandin,0.0,0.3277562322001568,0.0020548615022433,2
453,6,5,0.01948460087994972,User_453,incoming,0.0013918450046029,0.3469122307170577,0.0006497715091926,1
1346,6,5,0.01948460087994972,User_1346,incoming,4.626743639553644e-05,0.3449268206359123,0.0034726631322882,0
785,6,5,0.01948460087994972,User_785,outandin,0.0,0.3257801551245217,0.0007539652237137,2
1104,6,5,0.01948460087994972,User_1104,outandin,0.0002716574166458,0.333404797052968,0.000482265461527,1
362,6,5,0.01948460087994972,User_362,incoming,8.622526965650857e-05,0.3308704700483424,0.0008656678824668,1
1397,6,5,0.01948460087994972,User_1397,incoming,0.0007308461115207,0.3293405939783416,0.0006763905073033,0
484,6,5,0.01948460087994972,User_484,incoming,0.0,0.3462223919904882,0.0053095794931416,1
1472,6,5,0.01948460087994972,User_1472,incoming,5.287262303951536e-07,0.3183023656609688,0.0013362738744352,0
987,6,5,0.01948460087994972,User_987,outandin,0.0007133876511761,0.333973262180083,0.0003937133014633,2
1367,6,5,0.01948460087994972,User_1367,incoming,0.0011210480022737,0.320975531779793,0.0019192818427564,1
1424,6,5,0.01948460087994972,User_1424,outandin,5.8984913145609545e-05,0.2901856566942499,5.207892493465072e-05,1
933,6,5,0.01948460087994972,User_933,incoming,0.0,0.3257124394406464,0.0043104287609709,1
1089,6,5,0.01948460087994972,User_1089,outandin,1.4793551850869467e-05,0.296612255564821,0.0002914914965341,1
20,7,5,0.01948460087994972,User_20,outandin,0.0027670972379694,0.3570295160968215,0.0009761539009657,1
1279,7,5,0.01948460087994972,User_1279,outandin,0.0,0.3560560204837423,0.0019856207250145,2
984,7,5,0.01948460087994972,User_984,incoming,1.9605360542373757e-05,0.3456877445728987,0.0041769769970739,1
198,7,5,0.01948460087994972,User_198,incoming,8.55945026432453e-05,0.3450787373153379,0.0011942542835081,1
104,7,5,0.01948460087994972,User_104,incoming,0.0002494461399788,0.3419163312565895,0.0009810464786786,1
94,7,5,0.01948460087994972,User_94,outandin,0.0026042593295487,0.3209097985150419,0.0003458686752071,1
1139,7,5,0.01948460087994972,User_1139,outandin,0.0024548913190461,0.358253897153395,0.0009304294894278,1
1384,7,5,0.01948460087994972,User_1384,incoming,3.832512411384862e-05,0.3281680724919266,0.0014467343276258,1
732,7,5,0.01948460087994972,User_732,outandin,1.967627740016429e-05,0.3337598607346005,0.0058358907126725,1
1241,7,5,0.01948460087994972,User_1241,outandin,5.132355501119999e-06,0.335546583757805,0.0019736751083628,1
1199,7,5,0.01948460087994972,User_1199,incoming,0.0020956140591289,0.3085865589107817,0.0001473006833337,1
856,8,5,0.01948460087994972,User_856,incoming,0.0003872828652532,0.3263228959077363,0.0003756666026792,1
515,8,5,0.01948460087994972,User_515,outandin,0.0007373680295106,0.3542049154947896,0.0008165606197468,1
190,8,5,0.01948460087994972,User_190,outandin,0.0006419563194974,0.3572737223321818,0.0017233201096597,3
452,8,5,0.01948460087994972,User_452,outandin,0.0013539013583074,0.3577631383901711,0.0011145500357461,1
271,8,5,0.01948460087994972,User_271,incoming,1.0288289570016086e-06,0.3474506754210531,0.0020467616350003,0
516,8,5,0.01948460087994972,User_516,incoming,0.0002408665742311,0.3349727546278216,0.0013855046462906,1
370,8,5,0.01948460087994972,User_370,incoming,0.0012133685338468,0.3336177445494889,0.0007180236928032,1
575,8,5,0.01948460087994972,User_575,outandin,0.0011148394600899,0.3255770924888738,0.0003568076061404,1
1285,9,5,0.01948460087994972,User_1285,incoming,0.0003782564820433,0.3581720105483313,0.0023063220863034,0
114,9,5,0.01948460087994972,User_114,incoming,0.0,0.3671514869139994,0.0098584881275394,2
248,9,5,0.01948460087994972,User_248,outandin,3.355874150577405e-06,0.3418417421790902,0.0016104882082176,1
1237,9,5,0.01948460087994972,User_1237,incoming,1.8843884991557636e-05,0.339840066395348,0.0421270897276286,0
651,9,5,0.01948460087994972,User_651,outandin,0.0021733997247847,0.3462223919904882,0.0015823182265167,3
151,10,5,0.01948460087994972,User_151,outandin,0.0015043889245681,0.3625642170636163,0.0021169412913094,1
1423,10,5,0.01948460087994972,User_1423,incoming,2.828476301124533e-05,0.3590748272568629,0.0174020463307162,1
1031,10,5,0.01948460087994972,User_1031,incoming,0.0015464171500775,0.335546583757805,0.0023409619244708,1
619,10,5,0.01948460087994972,User_619,outandin,4.439678168283967e-05,0.3457640216568733,0.0030054545682107,1
974,10,5,0.01948460087994972,User_974,incoming,0.002775364257229,0.3538849471881097,0.0007898829908095,0
971,10,5,0.01948460087994972,User_971,incoming,0.0013374259969154,0.3410976373854918,0.0017740334044535,1
1375,10,5,0.01948460087994972,User_1375,incoming,0.0004715389148828,0.3230933084843195,0.0004812919349824,0
667,10,5,0.01948460087994972,User_667,incoming,0.0,0.3331212895724807,0.0025301365039467,1
1066,10,5,0.01948460087994972,User_1066,incoming,0.0001140829053823,0.3477591092208055,0.0050022300929114,1
1186,10,5,0.01948460087994972,User_1186,outandin,8.10875461692216e-07,0.3457640216568733,0.0045446715977982,3
978,11,5,0.01948460087994972,User_978,outandin,0.0019407561320614,0.3729182641953711,0.0024743948795008,1
81,11,5,0.01948460087994972,User_81,incoming,0.0030619749265265,0.3748809919016626,0.0031854616571244,1
998,11,5,0.01948460087994972,User_998,outandin,0.0008917612962449,0.3639959456791985,0.0038414043968228,1
425,11,5,0.01948460087994972,User_425,incoming,5.1750359695858606e-05,0.3308006219440468,0.0034254515168735,1
239,11,5,0.01948460087994972,User_239,incoming,1.744610841822647e-06,0.3388846336827313,0.0031866682356736,1
912,11,5,0.01948460087994972,User_912,incoming,0.0002751131899127,0.3277562322001568,0.0013133977054885,1
1167,11,5,0.01948460087994972,User_1167,incoming,9.143371419685767e-06,0.3427389645995078,0.0017806253267568,0
1365,12,5,0.01948460087994972,User_1365,incoming,0.0022703504783743,0.323961659323744,0.0021081841959561,1
1517,12,5,0.01948460087994972,User_1517,incoming,0.0013500021678063,0.3443204891559986,0.0010191264974569,0
1131,13,5,0.01948460087994972,User_1131,incoming,0.0005635417872029,0.3488429532833815,0.0019406616551494,1
445,13,5,0.01948460087994972,User_445,outandin,0.0017691944650869,0.3784116266961965,0.0037771964266623,1
70,13,5,0.01948460087994972,User_70,incoming,0.0001269192987489,0.3463754522875662,0.0038878967010614,1
1393,13,5,0.01948460087994972,User_1393,incoming,0.0003029599257254,0.3257124394406464,0.0016038432934329,2
1023,13,5,0.01948460087994972,User_1023,outandin,0.0003777595837462,0.3496992961724949,0.0085501658492661,3
1087,13,5,0.01948460087994972,User_1087,outandin,0.0017248703746962,0.3359782474590372,0.0036279148248436,1
1214,14,5,0.01948460087994972,User_1214,outandin,0.0004857352555029,0.3578448381249028,0.0101013621320593,3
698,14,5,0.01948460087994972,User_698,outandin,0.0020157648424686,0.3648434333292083,0.0016435094972552,1
80,15,5,0.01948460087994972,User_80,outandin,0.0002981541619751,0.3688800720689618,0.0090082034440777,1
1340,15,5,0.01948460087994972,User_1340,incoming,0.0025633910975853,0.3646736202348032,0.0061083088710188,0
1060,15,5,0.01948460087994972,User_1060,incoming,0.0001146991886506,0.3629000801641847,0.003864719713064,1
59,16,5,0.01948460087994972,User_59,incoming,0.0028041540543318,0.3715036856683143,0.0015279095232172,1
1187,16,5,0.01948460087994972,User_1187,incoming,0.0015824168285996,0.3542849979988582,0.0014026052559893,2
84,17,5,0.01948460087994972,User_84,incoming,0.000569714198007,0.3631523861295364,0.0023301656776261,1
1050,17,5,0.01948460087994972,User_1050,incoming,0.001252832823347,0.3826624044319779,0.0050649089313445,1
29,17,5,0.01948460087994972,User_29,incoming,0.0043194433630183,0.3479907941703197,0.0046054495941645,1
184,17,5,0.01948460087994972,User_184,outandin,0.000203401377158,0.3797873354699345,0.005307720045079,1
1213,17,5,0.01948460087994972,User_1213,incoming,0.0005074540922789,0.3540448590485652,0.0033445819563396,1
334,18,5,0.01948460087994972,User_334,incoming,0.0023733401605219,0.3648434333292083,0.0032661713845266,0
544,18,5,0.01948460087994972,User_544,incoming,0.0017696284447946,0.3606450048674222,0.0061900941241836,2
1032,18,5,0.01948460087994972,User_1032,incoming,0.001021736874964,0.3609773200066689,0.0169284815417217,1
1097,19,5,0.01948460087994972,User_1097,incoming,0.0014786993179083,0.3831302068823838,0.0046991911701219,0
600,20,5,0.01948460087994972,User_600,incoming,0.0034565670609065,0.3750604466608304,0.0024715578783136,1
1117,20,5,0.01948460087994972,User_1117,incoming,0.0005400888518089,0.3666360660151965,0.0027394156626184,0
706,20,5,0.01948460087994972,User_706,incoming,0.0012881260427363,0.3656095534645239,0.0071366853358863,1
793,20,5,0.01948460087994972,User_793,incoming,0.0011059056341288,0.3418417421790902,0.0032967181614889,1
794,21,5,0.01948460087994972,User_794,incoming,0.0015520065652337,0.3912615595877527,0.0048453639065681,1
784,21,5,0.01948460087994972,User_784,incoming,0.0065828001880438,0.381265826313613,0.0029822017694548,0
118,21,5,0.01948460087994972,User_118,incoming,0.0023530950253041,0.3707126913056423,0.0021754632668994,1
975,21,5,0.01948460087994972,User_975,incoming,0.0009821519155083,0.3831302068823838,0.005297909472936,0
1026,23,5,0.01948460087994972,User_1026,incoming,0.0021757849598158,0.3644191967788255,0.0053636318782703,0
539,23,5,0.01948460087994972,User_539,incoming,0.00229293172334,0.359899528284095,0.0034014226736552,2
1248,24,5,0.01948460087994972,User_1248,incoming,0.0011681089234262,0.3764118535068339,0.0071909939622213,2
375,24,5,0.01948460087994972,User_375,incoming,0.0002921372415445,0.3796033299779432,0.0069840453670961,0
1021,24,5,0.01948460087994972,User_1021,incoming,0.0016275204746168,0.3667218689793938,0.0031969679085029,0
939,25,5,0.01948460087994972,User_939,outandin,0.0017211473939327,0.3431893443164585,0.002449482672089,1
915,25,5,0.01948460087994972,User_915,outandin,0.0028031803966773,0.3748809919016626,0.0049017730192778,1
181,26,5,0.01948460087994972,User_181,outandin,0.0010553475178738,0.3731846978206596,0.0259790508020361,1
561,27,5,0.01948460087994972,User_561,incoming,0.0042187104107694,0.3870097668928006,0.0237348982850253,0
1103,27,5,0.01948460087994972,User_1103,incoming,0.004297608176671,0.3796033299779432,0.0041877420812605,1
714,27,5,0.01948460087994972,User_714,incoming,0.0004965787903192,0.3670654828177441,0.0057451783310106,1
540,29,5,0.01948460087994972,User_540,incoming,0.0005830073168455,0.3775909749756505,0.0090345466874713,2
817,29,5,0.01948460087994972,User_817,incoming,0.0032671389612475,0.3959076670411697,0.0066098391676053,1
1004,29,5,0.01948460087994972,User_1004,outandin,0.0006465515701958,0.3771365935376533,0.0117453530719615,1
686,30,5,0.01948460087994972,User_686,incoming,0.0003212424809448,0.3913592772599775,0.0183411402278364,2
831,30,5,0.01948460087994972,User_831,incoming,0.0030987636159726,0.3993380596709862,0.0114760432982795,1
353,32,5,0.01948460087994972,User_353,incoming,0.0031079593374867,0.408605618291773,0.024372802394981,1
777,35,5,0.01948460087994972,User_777,incoming,0.0015608880252508,0.3700124075912514,0.0089732488690512,1
843,36,5,0.01948460087994972,User_843,incoming,0.0048667939588663,0.3922409377093741,0.010572242300274,0
296,36,5,0.01948460087994972,User_296,incoming,0.0007323242481245,0.3848238079933569,0.0109487088034811,1
283,37,5,0.01948460087994972,User_283,incoming,0.0029443102044812,0.3963081806143019,0.0119316592756905,0
765,37,5,0.01948460087994972,User_765,incoming,0.0020843793016723,0.3767738750057585,0.0115062455677875,1
928,38,5,0.01948460087994972,User_928,incoming,0.0001393768765439,0.3959076670411697,0.0196359356782294,0
950,39,5,0.01948460087994972,User_950,incoming,0.0001504649147052,0.3903842915169281,0.079475713197756,1
609,41,5,0.01948460087994972,User_609,incoming,0.0013948026870741,0.3901898770291209,0.0163285360328981,1
815,42,5,0.01948460087994972,User_815,incoming,0.008294071626068,0.3992363174901782,0.0097328893313566,1
69,44,5,0.01948460087994972,User_69,incoming,0.0138955958578164,0.3836930818190376,0.0034574073705679,0
448,46,5,0.01948460087994972,User_448,outandin,0.0042953262356112,0.3838810745097867,0.0119294321828585,1
101,47,5,0.01948460087994972,User_101,incoming,0.014089941412369,0.4131301202607302,0.0137133460471004,1
615,48,5,0.01948460087994972,User_615,incoming,0.0042540161705995,0.3861514406478437,0.0152959275241141,0
1269,48,5,0.01948460087994972,User_1269,incoming,0.0174401044067919,0.3629000801641847,0.0059190365824065,1
783,48,5,0.01948460087994972,User_783,incoming,0.0048874607670306,0.4101027338782909,0.0534209826272867,1
309,48,5,0.01948460087994972,User_309,incoming,0.0036490750556478,0.3832239046585839,0.0073486837390082,1
191,48,5,0.01948460087994972,User_191,incoming,0.0021983383875206,0.3746121315201888,0.0147516753011341,1
498,53,5,0.01948460087994972,User_498,incoming,0.0075506430206329,0.4014866887391621,0.038900744807003,1
1113,53,5,0.01948460087994972,User_1113,incoming,0.0110917123486415,0.3917506365372374,0.0297714106469834,1
495,54,5,0.01948460087994972,User_495,incoming,0.0006325376532709,0.408605618291773,0.0491825520977346,0
199,54,5,0.01948460087994972,User_199,incoming,0.0079338472792857,0.40056302304421,0.0114897164477848,0
823,57,5,0.01948460087994972,User_823,incoming,0.0080849278074068,0.4084990996217282,0.0375596661272314,1
871,71,5,0.01948460087994972,User_871,incoming,0.0193743357505404,0.3930279774639953,0.0137868423124115,1
204,76,5,0.01948460087994972,User_204,incoming,0.0118779822452493,0.4104249727996201,0.0350306759181491,0
1236,79,5,0.01948460087994972,User_1236,incoming,0.008680419826589,0.4194332296972563,0.0259947281977062,2
840,86,5,0.01948460087994972,User_840,incoming,0.0124113180508774,0.4243169634846871,0.0224181551153624,1
770,88,5,0.01948460087994972,User_770,incoming,0.0244540259398953,0.4122606014598657,0.0376376711519882,0
277,96,5,0.01948460087994972,User_277,incoming,0.0134603558309722,0.4231710899673102,0.0601980750189764,0
176,110,5,0.01948460087994972,User_176,incoming,0.0326852507616656,0.4259316515762298,0.0372867375790496,0
194,157,5,0.01948460087994972,User_194,incoming,0.0419803847508721,0.4518461782436417,0.0292621927540262,0
829,1,6,0.09846153846153846,User_829,outandin,0.0,0.2554617779832001,1.0023485879800516e-05,1
1550,1,6,0.09846153846153846,User_1550,incoming,0.0,0.1966619661331513,7.776848709827591e-09,1
390,2,6,0.09846153846153846,User_390,outandin,0.0,0.2834664519082759,0.0001557922335486,1
1488,2,6,0.09846153846153846,User_1488,incoming,6.451071710717988e-06,0.2765623978377955,0.0001185000109862,0
1545,2,6,0.09846153846153846,User_1545,incoming,0.0,0.2815311796889956,9.48200879282567e-05,1
1547,2,6,0.09846153846153846,User_1547,outandin,0.0012714527239333,0.2448441478357733,2.556924452553321e-06,1
1399,3,6,0.09846153846153846,User_1399,outandin,0.0,0.2872598618054903,4.348087873524451e-05,3
1546,4,6,0.09846153846153846,User_1546,incoming,0.0025943610188086,0.3241627112430595,0.0008409555507867,0
885,4,6,0.09846153846153846,User_885,incoming,1.5965018179291674e-05,0.3115932682738019,0.0004615902165273,1
1491,5,6,0.09846153846153846,User_1491,incoming,0.0001788973798918,0.3197311867269842,0.0008078866018073,0
1343,5,6,0.09846153846153846,User_1343,incoming,0.0003624225801626,0.3148488137731464,0.0001088169060713,0
1344,6,6,0.09846153846153846,User_1344,incoming,0.0014114415836161,0.338372391740218,0.0067501956953099,0
1342,6,6,0.09846153846153846,User_1342,incoming,0.0002027519226661,0.3346151070145098,0.0004472604131465,1
819,7,6,0.09846153846153846,User_819,incoming,0.0013227377199114,0.3431893443164585,0.0016482071788744,1
1468,7,6,0.09846153846153846,User_1468,incoming,0.0001406193770247,0.3389579377350097,0.0020512038498845,1
1286,8,6,0.09846153846153846,User_1286,incoming,0.0002134122776039,0.3180439509131215,0.0023787322699881,1
822,8,6,0.09846153846153846,User_822,incoming,0.0,0.357681475952739,0.0128982098779278,1
1332,9,6,0.09846153846153846,User_1332,incoming,0.0006505576986302,0.3325557186224426,0.0016932388911893,0
1038,11,6,0.09846153846153846,User_1038,incoming,0.0007580323891974,0.3471427882474412,0.0012244950495457,2
438,11,6,0.09846153846153846,User_438,incoming,0.0001708798091935,0.3330504880231561,0.0006314236056128,1
1335,11,6,0.09846153846153846,User_1335,incoming,0.0001516221397031,0.3149120872485831,0.0006971166763506,1
1359,12,6,0.09846153846153846,User_1359,incoming,5.6997191361156233e-05,0.3420656071052061,0.0014768029905959,0
878,23,6,0.09846153846153846,User_878,incoming,0.0004136645930661,0.3594042537038875,0.0075748866813142,1
576,27,6,0.09846153846153846,User_576,incoming,0.0013456416527666,0.3747017087874102,0.0193107637690886,1
1255,30,6,0.09846153846153846,User_1255,incoming,0.0003398578320958,0.3882563295710975,0.0468856189139189,0
1339,34,6,0.09846153846153846,User_1339,incoming,0.0010859003858581,0.3712396460907248,0.0655601815385752,1
253,1,7,0.04781144781144781,User_253,outandin,0.0,0.2797219825328364,3.908154498748987e-05,1
1388,1,7,0.04781144781144781,User_1388,outandin,0.0,0.2797219825328364,3.908154498748987e-05,1
1432,1,7,0.04781144781144781,User_1432,outandin,0.0,0.2797219825328364,3.908154498748987e-05,1
1112,1,7,0.04781144781144781,User_1112,outandin,0.0,0.2967245874169569,0.0001707139207776,1
653,1,7,0.04781144781144781,User_653,outandin,0.0,0.2892749762135776,2.843584390488436e-05,1
692,1,7,0.04781144781144781,User_692,outandin,0.0,0.2892749762135776,2.843584390488436e-05,1
693,1,7,0.04781144781144781,User_693,outandin,0.0,0.2892749762135776,2.843584390488436e-05,1
694,1,7,0.04781144781144781,User_694,outandin,0.0,0.2892749762135776,2.843584390488436e-05,1
695,1,7,0.04781144781144781,User_695,outandin,0.0,0.2892749762135776,2.843584390488436e-05,1
1495,1,7,0.04781144781144781,User_1495,outandin,0.0,0.2498011391916068,2.3284107354719232e-06,1
1511,1,7,0.04781144781144781,User_1511,incoming,0.0,0.2570120626781941,2.992678719727752e-06,1
1162,2,7,0.04781144781144781,User_1162,incoming,0.0,0.292952429640858,0.0003281822583636,1
35,2,7,0.04781144781144781,User_35,outandin,2.1687469764047944e-05,0.2994463111310815,0.0001031469533726,1
1202,2,7,0.04781144781144781,User_1202,outandin,0.0,0.2937211895311995,0.0001569569915832,1
663,2,7,0.04781144781144781,User_663,outandin,0.0,0.3061149728753564,0.0001362560308643,1
1548,2,7,0.04781144781144781,User_1548,incoming,0.0,0.2750092218583625,6.90150104562147e-05,2
613,2,7,0.04781144781144781,User_613,outandin,0.000117451096985,0.309929301057941,0.0002772923633782,1
890,2,7,0.04781144781144781,User_890,outandin,1.9086203422258916e-05,0.3161191337803005,0.0002822666242361,1
1515,2,7,0.04781144781144781,User_1515,outandin,2.9783776030214186e-05,0.2781332172788338,3.4329157784045266e-05,1
33,3,7,0.04781144781144781,User_33,outandin,0.0002472758076104,0.3369897948707419,0.0004598521371979,1
108,3,7,0.04781144781144781,User_108,outandin,0.0001038581087241,0.3194053294229412,0.0003233697063087,1
43,3,7,0.04781144781144781,User_43,outandin,0.0,0.3290639534122112,0.0006774766069886,1
54,3,7,0.04781144781144781,User_54,incoming,3.2930761740856344e-05,0.2992747414341004,0.0002460196933579,1
1252,4,7,0.04781144781144781,User_1252,incoming,2.7871937112946065e-05,0.3211070791288831,0.0008135240712464,1
957,4,7,0.04781144781144781,User_957,outandin,0.0010024015927464,0.3491538650064504,0.0005885908705937,1
1376,4,7,0.04781144781144781,User_1376,outandin,0.0,0.3136514303740892,0.0004087613227181,3
1233,4,7,0.04781144781144781,User_1233,outandin,7.503503727081689e-05,0.3134005092297899,0.00038837397363,1
535,5,7,0.04781144781144781,User_535,outandin,0.000293270955515,0.3335467318324712,0.0003060495596774,1
612,5,7,0.04781144781144781,User_612,incoming,0.0003614781472085,0.3251717257001348,0.0003324613165544,1
1438,7,7,0.04781144781144781,User_1438,incoming,0.0005672962868258,0.3317811869889794,0.0024070281205514,1
1540,8,7,0.04781144781144781,User_1540,incoming,3.1580321200458686e-05,0.3296870494737954,0.0015751325440308,0
470,8,7,0.04781144781144781,User_470,incoming,4.652217030027762e-05,0.3334757493400616,0.0010476320980956,1
801,10,7,0.04781144781144781,User_801,incoming,0.0001414626425428,0.370537371990766,0.0034967713215464,1
1105,10,7,0.04781144781144781,User_1105,incoming,0.001664413343449,0.3537251797175959,0.0070539344228813,1
1440,12,7,0.04781144781144781,User_1440,incoming,0.0026020200113973,0.3330504880231561,0.0007657338340988,1
75,12,7,0.04781144781144781,User_75,outandin,0.000130458340348,0.3547662545050826,0.0158898974546131,1
496,12,7,0.04781144781144781,User_496,outandin,7.601636317782452e-05,0.3382263212063349,0.0031368917651333,1
943,15,7,0.04781144781144781,User_943,outandin,0.0016573777533583,0.3655242701537088,0.0020745376362651,3
1509,16,7,0.04781144781144781,User_1509,incoming,0.0044545534575804,0.345993055011912,0.0009842752965992,1
313,17,7,0.04781144781144781,User_313,incoming,0.0001327148807314,0.3639114134112748,0.009957536924533,1
752,17,7,0.04781144781144781,User_752,incoming,0.0018082684869411,0.3526108339669104,0.0029989084002073,2
318,18,7,0.04781144781144781,User_318,incoming,0.0006720061004614,0.3751502384843068,0.0041297358306869,0
1231,18,7,0.04781144781144781,User_1231,incoming,0.0004380526038381,0.377864129768254,0.0240283913345006,0
594,19,7,0.04781144781144781,User_594,incoming,0.0002889871209111,0.3534857988154635,0.0030727325961322,1
778,19,7,0.04781144781144781,User_778,incoming,0.0006320769925298,0.351898168908365,0.0020300355445483,1
468,19,7,0.04781144781144781,User_468,incoming,0.0007022966119671,0.3569481881888268,0.0062145451181422,1
288,26,7,0.04781144781144781,User_288,incoming,0.0004007970811204,0.3971116437275594,0.0183373266606536,1
38,39,7,0.04781144781144781,User_38,outandin,0.0062814235979201,0.3652686587759789,0.0265707753078807,1
53,52,7,0.04781144781144781,User_53,incoming,0.0126323385878603,0.3884488215540281,0.0128531031064569,1
34,57,7,0.04781144781144781,User_34,incoming,0.0054889116246642,0.3957077136739772,0.0140535338368432,1
502,60,7,0.04781144781144781,User_502,incoming,0.0124458391095104,0.4259316515762298,0.0298075620068544,1
250,61,7,0.04781144781144781,User_250,incoming,0.0136105681062274,0.422031388674643,0.0561287856278322,1
733,62,7,0.04781144781144781,User_733,incoming,0.0100046853430512,0.3874882656154673,0.0213143511595842,1
266,74,7,0.04781144781144781,User_266,outandin,0.0375508905102948,0.4071193936474278,0.0093512551004094,1
475,74,7,0.04781144781144781,User_475,incoming,0.008324000672819,0.429904676584074,0.042688652884472,0
167,1,8,0.0208062930186824,User_167,incoming,0.0,0.3069544654552301,0.0001548355968448,1
169,1,8,0.0208062930186824,User_169,outandin,0.0,0.3069544654552301,0.0001548355968448,1
258,1,8,0.0208062930186824,User_258,outandin,0.0,0.2568856633031065,1.3594243357213052e-05,1
685,1,8,0.0208062930186824,User_685,outandin,0.0,0.2972311354607264,0.0002261148249131,1
268,1,8,0.0208062930186824,User_268,outandin,0.0,0.2770513695454296,1.1201970364078574e-05,1
486,1,8,0.0208062930186824,User_486,outandin,0.0,0.2739993960743049,1.520701190927903e-05,1
531,1,8,0.0208062930186824,User_531,outandin,0.0,0.2739993960743049,1.520701190927903e-05,1
684,1,8,0.0208062930186824,User_684,outandin,0.0,0.2739993960743049,1.520701190927903e-05,1
820,1,8,0.0208062930186824,User_820,outandin,0.0,0.2739993960743049,1.520701190927903e-05,1
916,1,8,0.0208062930186824,User_916,outandin,0.0,0.2662253731139907,1.136942827469872e-05,1
187,1,8,0.0208062930186824,User_187,outandin,0.0,0.2372808216458131,5.030368756409386e-06,2
384,1,8,0.0208062930186824,User_384,incoming,0.0,0.2616904719687625,1.4969862245353784e-05,1
412,1,8,0.0208062930186824,User_412,outandin,0.0,0.2938864490151818,7.938434305460065e-05,1
491,1,8,0.0208062930186824,User_491,outandin,0.0,0.2938864490151818,0.0002381530291638,1
506,1,8,0.0208062930186824,User_506,outandin,0.0,0.2938864490151818,7.938434305460065e-05,1
1155,1,8,0.0208062930186824,User_1155,outandin,0.0,0.2558371503916652,1.24338837842193e-05,1
510,1,8,0.0208062930186824,User_510,outandin,0.0,0.2904007683745273,0.0001388321347115,1
608,1,8,0.0208062930186824,User_608,outandin,0.0,0.2851687982072702,0.0001493664164148,1
763,1,8,0.0208062930186824,User_763,outandin,0.0,0.2765135955794864,3.7997343801423686e-05,1
656,1,8,0.0208062930186824,User_656,outandin,0.0,0.244043380493529,3.7139887931192807e-06,1
664,1,8,0.0208062930186824,User_664,outandin,0.0,0.244043380493529,1.8569943965596404e-06,1
668,1,8,0.0208062930186824,User_668,outandin,0.0,0.244043380493529,1.8569943965596404e-06,1
670,1,8,0.0208062930186824,User_670,outandin,0.0,0.244043380493529,1.8569943965596404e-06,1
671,1,8,0.0208062930186824,User_671,outandin,0.0,0.244043380493529,1.8569943965596404e-06,1
672,1,8,0.0208062930186824,User_672,outandin,0.0,0.244043380493529,1.8569943965596404e-06,1
717,1,8,0.0208062930186824,User_717,outandin,0.0,0.3096231073204801,0.0001123500824403,1
718,1,8,0.0208062930186824,User_718,outandin,0.0,0.3096231073204801,0.0001123500824403,1
750,1,8,0.0208062930186824,User_750,outandin,0.0,0.3096231073204801,0.0001123500824403,1
751,1,8,0.0208062930186824,User_751,incoming,0.0,0.3096231073204801,0.0001123500824403,1
1263,1,8,0.0208062930186824,User_1263,outandin,0.0,0.3096231073204801,0.0002247001648807,1
1311,1,8,0.0208062930186824,User_1311,outandin,0.0,0.3096231073204801,0.0002247001648807,1
796,1,8,0.0208062930186824,User_796,outandin,0.0,0.2422325778557659,9.677514494708074e-07,1
807,1,8,0.0208062930186824,User_807,outandin,0.0,0.2571807887984489,2.4643532653661905e-05,1
877,1,8,0.0208062930186824,User_877,outandin,0.0,0.27181310427562,0.000111512630473,1
880,1,8,0.0208062930186824,User_880,outandin,0.0,0.27181310427562,0.000111512630473,1
1245,1,8,0.0208062930186824,User_1245,outandin,0.0,0.2829035107689023,0.0001028291965916,1
875,1,8,0.0208062930186824,User_875,outandin,0.0,0.2655036506521433,1.282675424696348e-05,3
1096,1,8,0.0208062930186824,User_1096,outandin,0.0,0.2469275994561849,1.0037743847373253e-05,1
1498,1,8,0.0208062930186824,User_1498,outandin,0.0,0.2684602614611872,2.3759552522102876e-05,1
1481,1,8,0.0208062930186824,User_1481,outandin,0.0,0.2910480212015137,9.542246603116937e-05,1
1560,1,8,0.0208062930186824,User_1560,outandin,0.0,0.2910480212015137,9.542246603116937e-05,1
1439,1,8,0.0208062930186824,User_1439,outandin,0.0,0.2568856633031065,8.63294047433885e-06,1
1533,1,8,0.0208062930186824,User_1533,incoming,0.0,0.2588803149097884,7.72010846094822e-06,1
1569,1,8,0.0208062930186824,User_1569,outandin,0.0,0.2420454967792631,3.0862101486817105e-06,1
17,2,8,0.0208062930186824,User_17,outandin,0.0003269689205321,0.3380074517146138,0.0003593158244367,1
156,2,8,0.0208062930186824,User_156,outandin,0.0001670513097097,0.322627660314793,0.0001679043809143,1
383,2,8,0.0208062930186824,User_383,outandin,2.436219558737224e-05,0.3189502434661,0.0002573189339433,1
746,2,8,0.0208062930186824,User_746,outandin,0.0,0.3207784127224052,0.0003956762971185,1
955,2,8,0.0208062930186824,User_955,outandin,9.654955280058732e-05,0.3212387343478781,0.000430991400094,1
1409,2,8,0.0208062930186824,User_1409,incoming,0.0,0.2995035447532396,0.0006081933573489,1
956,2,8,0.0208062930186824,User_956,outandin,2.5209101621950747e-06,0.2844440998636685,8.353491696256415e-05,1
842,2,8,0.0208062930186824,User_842,incoming,0.0,0.3317109538841976,0.0009877839317863,1
205,2,8,0.0208062930186824,User_205,outandin,2.5667694405280344e-05,0.294272778619521,0.0001075241415952,1
550,2,8,0.0208062930186824,User_550,outandin,6.359517013555257e-05,0.3073759407903,0.0001126790064551,1
1243,2,8,0.0208062930186824,User_1243,outandin,0.0,0.3002495777254167,0.0005389961040805,1
665,2,8,0.0208062930186824,User_665,outandin,0.000192780944062,0.2930620060125209,7.596257144239102e-05,1
1436,2,8,0.0208062930186824,User_1436,incoming,6.7572955141018e-08,0.2744793389646084,9.521581210701413e-05,0
461,2,8,0.0208062930186824,User_461,outandin,0.0,0.307617303916166,0.0005180424940646,1
467,2,8,0.0208062930186824,User_467,outandin,0.0,0.3059356786702361,0.0006986778405807,1
1369,2,8,0.0208062930186824,User_1369,outandin,0.0,0.3043314325400951,0.0008979447917957,1
729,2,8,0.0208062930186824,User_729,incoming,3.2561973365934934e-05,0.2921332114371643,0.0002711619133695,1
630,2,8,0.0208062930186824,User_630,outandin,4.370373586480556e-05,0.2588375530473983,1.257773365995934e-05,1
633,2,8,0.0208062930186824,User_633,outandin,3.636274595359851e-05,0.2529055109988621,3.015876926122535e-06,1
1370,2,8,0.0208062930186824,User_1370,outandin,0.0,0.3287188055693202,0.0016866486693772,1
1165,2,8,0.0208062930186824,User_1165,incoming,0.0,0.3121519016232967,0.0005885076151194,1
1528,2,8,0.0208062930186824,User_1528,incoming,9.009305195306395e-05,0.3164383170736974,0.0001436865615046,1
1407,2,8,0.0208062930186824,User_1407,incoming,6.493977855266767e-07,0.2961078129533162,0.0002094197624544,1
216,3,8,0.0208062930186824,User_216,outandin,0.0001949894514353,0.3346865754269435,0.0005151950749993,1
411,3,8,0.0208062930186824,User_411,outandin,0.0,0.3394719554048851,0.0009289814368987,1
657,3,8,0.0208062930186824,User_657,outandin,0.0001429938978351,0.2708265720962581,2.10746779437006e-05,2
186,3,8,0.0208062930186824,User_186,outandin,0.0012714527239333,0.311160156105828,0.0003308647452684,1
192,3,8,0.0208062930186824,User_192,incoming,0.000234573945874,0.337279928142262,0.000572620003748,1
280,3,8,0.0208062930186824,User_280,outandin,0.0,0.3221633524154913,0.0010568060844271,1
382,3,8,0.0208062930186824,User_382,outandin,0.0002569563594779,0.3302428969755426,0.0004328083086756,1
610,3,8,0.0208062930186824,User_610,incoming,5.386164261123318e-06,0.3231599393996596,0.0005821535070986,2
1542,3,8,0.0208062930186824,User_1542,incoming,0.000799096191852,0.3289948658721288,0.000517544022164,1
125,3,8,0.0208062930186824,User_125,outandin,0.0002288727526688,0.3158005937422308,0.0002050281758125,3
715,3,8,0.0208062930186824,User_715,outandin,2.6382545761680205e-05,0.3241627112430595,0.0005736472395022,1
1001,3,8,0.0208062930186824,User_1001,outandin,0.0,0.3356184506637287,0.0015310690130073,1
1282,3,8,0.0208062930186824,User_1282,incoming,2.7961222816972968e-08,0.3071951668592334,0.0003104931761403,0
348,3,8,0.0208062930186824,User_348,outandin,7.146968057208317e-06,0.309929301057941,0.0001808003731723,1
1315,3,8,0.0208062930186824,User_1315,incoming,0.0,0.3211070791288831,0.0009117806538766,0
780,4,8,0.0208062930186824,User_780,outandin,0.000137649122231,0.333973262180083,0.0024187042062578,1
489,4,8,0.0208062930186824,User_489,outandin,0.000120943963415,0.3335467318324712,0.0017838717646603,1
559,4,8,0.0208062930186824,User_559,outandin,1.415401900879502e-05,0.3256447519012779,0.0009885247084696,1
629,4,8,0.0208062930186824,User_629,outandin,1.8502878939706408e-06,0.3266630281736397,0.0013851572797766,3
126,4,8,0.0208062930186824,User_126,outandin,0.0001119313682383,0.2902394047321633,5.112366819909984e-05,1
731,4,8,0.0208062930186824,User_731,incoming,4.137867613730254e-07,0.3446233882007807,0.000803924379372,1
1568,4,8,0.0208062930186824,User_1568,incoming,0.0015408449396955,0.3194053294229412,0.0003383208534708,1
1513,4,8,0.0208062930186824,User_1513,incoming,8.822245525617026e-07,0.3046272445857212,0.0004708939151297,1
1063,4,8,0.0208062930186824,User_1063,incoming,0.0002534291206533,0.338372391740218,0.0003656925501031,1
304,4,8,0.0208062930186824,User_304,outandin,0.0004540351930982,0.3234935066368599,0.000334342557992,1
387,4,8,0.0208062930186824,User_387,outandin,1.231193974741016e-06,0.319665962086689,0.0004007668896954,1
747,4,8,0.0208062930186824,User_747,outandin,0.0014256359901523,0.3197311867269842,0.000318292587987,2
261,4,8,0.0208062930186824,User_261,outandin,0.0,0.310913203600982,0.0022674625082112,1
522,4,8,0.0208062930186824,User_522,outandin,5.867748778013048e-05,0.3254418579748597,0.0002321854664286,1
1419,4,8,0.0208062930186824,User_1419,incoming,0.0006673219221385,0.323627126424814,0.0003654082824787,2
508,4,8,0.0208062930186824,User_508,outandin,7.43607928087369e-05,0.3274138207582427,0.0020851833599269,1
1154,4,8,0.0208062930186824,User_1154,incoming,0.0004126621161639,0.3181085152555724,0.0002892235832956,1
1476,4,8,0.0208062930186824,User_1476,outandin,7.175007267803935e-05,0.3149753861605929,0.0001432390583465,1
1012,4,8,0.0208062930186824,User_1012,outandin,4.973225928410994e-05,0.2958841665689104,6.891508205866798e-05,1
76,5,8,0.0208062930186824,User_76,outandin,0.0012714527239333,0.3457640216568733,0.0014902665397323,1
270,5,8,0.0208062930186824,User_270,outandin,3.897630145471677e-05,0.3440181220963665,0.0013054341611988,1
1040,5,8,0.0208062930186824,User_1040,outandin,3.606148108763245e-05,0.32163434855274,0.0013901669981933,1
1163,5,8,0.0208062930186824,User_1163,outandin,0.0001846441195368,0.3428889597700109,0.0015011556927114,1
767,5,8,0.0208062930186824,User_767,outandin,0.0002847346028919,0.3356184506637287,0.0010465341757685,1
219,5,8,0.0208062930186824,User_219,incoming,3.679915776187656e-05,0.3228935804963836,0.0008156224098042,1
602,5,8,0.0208062930186824,User_602,outandin,0.0001045988287895,0.333404797052968,0.0008150519720887,1
1493,5,8,0.0208062930186824,User_1493,incoming,1.9568023676479407e-05,0.299560800257876,0.0001721173369208,1
1126,6,8,0.0208062930186824,User_1126,outandin,4.102335433637957e-05,0.3336887875104237,0.0018131655197013,1
1256,6,8,0.0208062930186824,User_1256,incoming,0.0012655990364759,0.3232265978030011,0.0012983697232906,1
241,6,8,0.0208062930186824,User_241,outandin,0.0004861844947545,0.3352594236518934,0.0003809455422755,1
363,6,8,0.0208062930186824,User_363,outandin,7.527058588313616e-05,0.3295483798420504,0.0032947217321406,1
634,7,8,0.0208062930186824,User_634,incoming,0.000347419323565,0.3367725222757253,0.0017138905263533,1
761,7,8,0.0208062930186824,User_761,outandin,0.0,0.3367725222757253,0.0034496848123347,1
1059,7,8,0.0208062930186824,User_1059,incoming,0.0012763918653635,0.3507952868029885,0.0018518670117395,1
180,7,8,0.0208062930186824,User_180,incoming,0.0006805712641392,0.3315004328641738,0.0019594136537363,1
716,7,8,0.0208062930186824,User_716,incoming,0.0012594546330851,0.3555712607553777,0.0027928950490379,1
1354,7,8,0.0208062930186824,User_1354,outandin,0.0012714527239333,0.3457640216568733,0.0028389992993159,1
501,7,8,0.0208062930186824,User_501,outandin,2.3332615556084226e-07,0.3277562322001568,0.0020427964714817,1
999,7,8,0.0208062930186824,User_999,outandin,2.901506616586492e-05,0.339545513791755,0.0226775223425131,1
1292,7,8,0.0208062930186824,User_1292,incoming,6.982152070137277e-05,0.3297564280616477,0.0008414444882763,1
1005,8,8,0.0208062930186824,User_1005,incoming,1.0129311746534482e-05,0.3607280262773825,0.0026288652322407,1
1041,8,8,0.0208062930186824,User_1041,outandin,3.231916720941419e-07,0.335546583757805,0.0043019468718054,3
1526,8,8,0.0208062930186824,User_1526,incoming,0.0007026241128528,0.3434902556223037,0.0010596691158442,1
934,8,8,0.0208062930186824,User_934,outandin,0.0012714527239333,0.327962023053359,0.0033006034618686,1
571,8,8,0.0208062930186824,User_571,outandin,0.0001175389955139,0.348377622532003,0.002958342216301,1
1295,8,8,0.0208062930186824,User_1295,incoming,0.0,0.3428139457774993,0.0038761053226638,1
666,8,8,0.0208062930186824,User_666,outandin,0.0013358147384858,0.3353311675901882,0.0004800258981482,1
740,8,8,0.0208062930186824,User_740,incoming,0.0012808572034898,0.3278933973946327,0.0009250115820459,2
300,9,8,0.0208062930186824,User_300,incoming,0.0013507614215353,0.3545254629296266,0.0016410138201418,1
147,9,8,0.0208062930186824,User_147,incoming,0.000162292243316,0.3346151070145098,0.0004436939375653,1
473,9,8,0.0208062930186824,User_473,outandin,1.256856965622935e-06,0.348687704973064,0.0032323630062767,1
98,9,8,0.0208062930186824,User_98,outandin,0.0001333535041928,0.36975048281004,0.0109081127530963,1
760,9,8,0.0208062930186824,User_760,outandin,0.0001229778427811,0.3381533332216119,0.0022268160750952,1
466,10,8,0.0208062930186824,User_466,outandin,0.001297955050807,0.370537371990766,0.0029903255677089,1
543,10,8,0.0208062930186824,User_543,incoming,6.463434090534024e-05,0.3753299511734011,0.0058446864014587,1
168,10,8,0.0208062930186824,User_168,incoming,0.0,0.3621452614164432,0.0108519909737993,2
494,10,8,0.0208062930186824,User_494,incoming,0.0016284744733578,0.3593218404377321,0.0022910997242177,0
805,10,8,0.0208062930186824,User_805,outandin,0.0017003339550316,0.3462989052262872,0.0027014144214196,2
1111,10,8,0.0208062930186824,User_1111,incoming,0.0003664610490598,0.3634893403268266,0.0025508055470926,1
726,10,8,0.0208062930186824,User_726,incoming,1.84433237476046e-05,0.3656095534645239,0.0089117476269295,1
908,10,8,0.0208062930186824,User_908,incoming,0.0002476934841476,0.3538050454163354,0.0016581733782877,1
322,10,8,0.0208062930186824,User_322,incoming,0.0004527486814328,0.352372958432415,0.0009514036555874,1
988,10,8,0.0208062930186824,User_988,outandin,0.0001916626248556,0.3548465910663382,0.0041628659666081,1
492,10,8,0.0208062930186824,User_492,outandin,0.0001382470919082,0.3322032109707334,0.0026535851794359,2
1043,11,8,0.0208062930186824,User_1043,incoming,9.002887590726715e-05,0.367582112631703,0.0256790083249421,1
548,11,8,0.0208062930186824,User_548,incoming,0.0009221844182216,0.3617272728875692,0.0035702117342559,1
1049,11,8,0.0208062930186824,User_1049,incoming,0.0001808121678403,0.36156034751937,0.0047924206384773,1
824,11,8,0.0208062930186824,User_824,incoming,4.297289834471445e-05,0.3283055826836266,0.0020388352139565,2
87,12,8,0.0208062930186824,User_87,incoming,0.0002275421349787,0.3521354036289774,0.0021855124408816,1
177,12,8,0.0208062930186824,User_177,incoming,0.0003983017374562,0.3710638281195713,0.016137759323887,1
924,12,8,0.0208062930186824,User_924,incoming,0.0009559570847569,0.3485325947840191,0.0035652039954351,2
399,12,8,0.0208062930186824,User_399,outandin,0.0003975438529495,0.3122763144975986,0.0005561663943865,1
407,13,8,0.0208062930186824,User_407,outandin,5.747171932965735e-06,0.3570295160968215,0.0073073789510992,3
1489,13,8,0.0208062930186824,User_1489,incoming,0.0022492648192354,0.3493874127422407,0.0012695071998939,1
364,13,8,0.0208062930186824,User_364,outandin,0.0002332914168808,0.3336177445494889,0.002081816451904,1
874,14,8,0.0208062930186824,User_874,incoming,0.0016440718723196,0.36156034751937,0.0042183203652011,1
183,14,8,0.0208062930186824,User_183,incoming,0.0015298902896302,0.3629000801641847,0.0018695359117608,2
1358,14,8,0.0208062930186824,User_1358,outandin,0.0017013804074684,0.3580901613685899,0.0056093081576856,1
774,14,8,0.0208062930186824,User_774,incoming,0.0016040977729179,0.3715917823450201,0.0044804251362132,1
754,15,8,0.0208062930186824,User_754,incoming,0.0010973930034808,0.3592394649584937,0.0016404522358771,1
355,16,8,0.0208062930186824,User_355,outandin,0.0020667760450073,0.3752400733115301,0.0113253612040373,1
234,16,8,0.0208062930186824,User_234,incoming,0.0006400585468009,0.3610604945043663,0.0045285033179097,0
1101,16,8,0.0208062930186824,User_1101,incoming,0.0006096399076764,0.3681001987664903,0.0037600806822509,1
338,16,8,0.0208062930186824,User_338,incoming,0.0015118607747293,0.343867137623206,0.0040884013091487,2
771,17,8,0.0208062930186824,User_771,outandin,6.287636223544678e-05,0.3584997817773849,0.0033023862848171,1
149,17,8,0.0208062930186824,User_149,outandin,0.0047193748889311,0.3833176482751834,0.0036838436913081,1
766,17,8,0.0208062930186824,User_766,incoming,0.00010753275734,0.3872010244993698,0.018764364686463,1
1217,17,8,0.0208062930186824,User_1217,incoming,0.0016517681032704,0.3768644892133116,0.0059452806785931,0
356,17,8,0.0208062930186824,User_356,incoming,0.000304629229624,0.3584177827422117,0.0066583557519181,1
800,17,8,0.0208062930186824,User_800,incoming,0.0012244232259565,0.3433397340378943,0.0053793142792994,2
319,18,8,0.0208062930186824,User_319,incoming,0.0025993340747942,0.3748809919016626,0.0037398550521848,1
285,18,8,0.0208062930186824,User_285,outandin,0.001378504394459,0.3603961697674677,0.0114346632161874,2
549,18,8,0.0208062930186824,User_549,incoming,0.0003594446700545,0.3787775069250543,0.0061081420344481,1
1158,18,8,0.0208062930186824,User_1158,incoming,0.0013931026383007,0.3670654828177441,0.0078126481301046,0
645,19,8,0.0208062930186824,User_645,incoming,0.0022242584125422,0.3722096309142398,0.0117113136050193,2
942,19,8,0.0208062930186824,User_942,incoming,0.003385331995621,0.3617272728875692,0.0059227757874969,1
655,19,8,0.0208062930186824,User_655,outandin,0.0119597397153684,0.3228935804963836,0.000610743123059,1
1069,20,8,0.0208062930186824,User_1069,incoming,0.001852275977236,0.3602304703790689,0.0045472297074553,1
707,20,8,0.0208062930186824,User_707,incoming,0.0051752402172267,0.3723865366323549,0.0017746346517215,1
919,20,8,0.0208062930186824,User_919,incoming,0.0009073212074858,0.3840692515070955,0.0052687745553423,1
573,20,8,0.0208062930186824,User_573,incoming,0.000534141818843,0.3725636105917617,0.0103555374168239,1
1449,20,8,0.0208062930186824,User_1449,incoming,0.0017494897767763,0.3503247364518108,0.0030266334954306,1
102,21,8,0.0208062930186824,User_102,outandin,8.71424325460696e-05,0.3677546458927364,0.015935307887137,1
449,21,8,0.0208062930186824,User_449,incoming,0.0013642611229929,0.381265826313613,0.0034788685846015,1
386,22,8,0.0208062930186824,User_386,outandin,0.0035604327873469,0.3747017087874102,0.0023825325188643,1
1302,22,8,0.0208062930186824,User_1302,incoming,0.0011735810676002,0.3895109485828859,0.0069888464922709,1
429,22,8,0.0208062930186824,User_429,incoming,0.0028516352927171,0.381544325821512,0.0144539205765047,0
560,22,8,0.0208062930186824,User_560,incoming,0.000294425477284,0.3773182148203586,0.0078295283540031,1
391,23,8,0.0208062930186824,User_391,incoming,7.510414700317912e-05,0.3861514406478437,0.0138549492270017,0
349,24,8,0.0208062930186824,User_349,outandin,0.0012659580350289,0.367582112631703,0.0039830267797129,1
595,24,8,0.0208062930186824,User_595,incoming,7.663072861534275e-06,0.3779552692110347,0.0101033267707089,1
1284,26,8,0.0208062930186824,User_1284,incoming,0.0018421672212657,0.3739862878637111,0.0032661258459636,2
567,26,8,0.0208062930186824,User_567,outandin,0.0015678682834885,0.3822889841788118,0.0062474843725838,1
394,28,8,0.0208062930186824,User_394,incoming,0.0007225576799202,0.3754198721008504,0.0052708666542954,0
172,28,8,0.0208062930186824,User_172,incoming,0.0068047055921247,0.3775000111175499,0.0050003661156366,0
835,29,8,0.0208062930186824,User_835,outandin,0.0030091311363506,0.3946115704228027,0.0169091107725743,3
236,29,8,0.0208062930186824,User_236,outandin,0.0013634457470024,0.3887379176752542,0.0141828948050191,1
228,30,8,0.0208062930186824,User_228,incoming,0.0023675118782483,0.3875841073828715,0.0069101171294902,1
209,31,8,0.0208062930186824,User_209,incoming,0.0021191817690116,0.4003583408658532,0.0064925268508395,1
314,31,8,0.0208062930186824,User_314,incoming,0.0015521325325923,0.3900927423821134,0.0165420289429896,2
830,31,8,0.0208062930186824,User_830,incoming,0.0026757829512296,0.3733625318439241,0.0366668984617064,0
131,31,8,0.0208062930186824,User_131,incoming,0.0025949201238289,0.3717681011029536,0.0127031879360397,0
316,33,8,0.0208062930186824,User_316,outandin,0.0035734784057361,0.3898016283952611,0.0230759948031848,2
422,35,8,0.0208062930186824,User_422,incoming,0.0015278611344581,0.3841634092054302,0.0150266557353637,1
460,35,8,0.0208062930186824,User_460,incoming,0.0087437724947469,0.3990329885788005,0.0122805769585967,1
392,37,8,0.0208062930186824,User_392,incoming,0.0004877169561598,0.4060644068797485,0.0337037238192833,1
242,37,8,0.0208062930186824,User_242,incoming,0.0066404194761378,0.4035546088459824,0.0218427415146426,0
546,38,8,0.0208062930186824,User_546,incoming,0.0037879186276221,0.3852021991516592,0.0132866781897385,1
1072,42,8,0.0208062930186824,User_1072,incoming,0.0031990902316878,0.3881601551025389,0.0154060157270543,0
509,50,8,0.0208062930186824,User_509,incoming,0.0051470654280954,0.386437126053995,0.019415136832622,0
289,51,8,0.0208062930186824,User_289,outandin,0.0033392090680996,0.3844461595066118,0.0248330252150801,2
454,56,8,0.0208062930186824,User_454,incoming,0.0031810520840452,0.4093528072489419,0.0456587677226618,0
389,61,8,0.0208062930186824,User_389,incoming,0.0076123948227116,0.4210108936456071,0.0461537346325419,1
542,61,8,0.0208062930186824,User_542,incoming,0.0039281410352629,0.4029319995240292,0.05182728563111,1
97,68,8,0.0208062930186824,User_97,incoming,0.0139084990988999,0.4229426575300808,0.0451991149489906,0
482,71,8,0.0208062930186824,User_482,incoming,0.0280176660242893,0.4351576079280616,0.0297607487675295,2
297,75,8,0.0208062930186824,User_297,incoming,0.0027060395669012,0.4133480733708651,0.0482308397479932,1
128,81,8,0.0208062930186824,User_128,incoming,0.0114867948810917,0.4230568429127834,0.0371803467179277,1
1189,85,8,0.0208062930186824,User_1189,incoming,0.0137567601551806,0.4106400802277121,0.0313764670547761,2
325,89,8,0.0208062930186824,User_325,incoming,0.0038423008001533,0.4245468832698319,0.0438460841483989,1
321,117,8,0.0208062930186824,User_321,incoming,0.0307904346138331,0.4163131100289451,0.0261038185445855,1
372,135,8,0.0208062930186824,User_372,incoming,0.0141200100071404,0.437343719271267,0.0742113555199815,0
713,148,8,0.0208062930186824,User_713,incoming,0.0294821085956087,0.4486122376607356,0.0369491736756767,0
41,162,8,0.0208062930186824,User_41,incoming,0.0414647471676312,0.4430315369377862,0.05091291853645,0
1494,1,9,0.06825396825396825,User_1494,incoming,0.0,0.2822919376957214,2.640576463594479e-05,1
1203,1,9,0.06825396825396825,User_1203,incoming,0.0,0.2808751651100465,1.7649418751875945e-05,1
1563,1,9,0.06825396825396825,User_1563,incoming,0.0,0.236065463415027,3.691478388493148e-06,1
922,2,9,0.06825396825396825,User_922,outandin,0.0001121857774241,0.3164383170736974,0.0003630708459115,1
989,2,9,0.06825396825396825,User_989,outandin,2.647235564681377e-06,0.3102975338908811,0.0002276705937651,1
1240,2,9,0.06825396825396825,User_1240,incoming,1.1583935167031657e-07,0.2848577615249863,0.0001988250368031,1
1452,3,9,0.06825396825396825,User_1452,outandin,0.0002075314698893,0.3167581455728622,0.0002686596355289,2
541,3,9,0.06825396825396825,User_541,incoming,0.0002139323796155,0.3176571145649604,0.0003771037672442,1
921,3,9,0.06825396825396825,User_921,outandin,0.0,0.3088907049376995,0.0010067318935412,1
1179,3,9,0.06825396825396825,User_1179,outandin,0.0,0.296612255564821,0.0003325912246718,1
1290,5,9,0.06825396825396825,User_1290,incoming,2.6767817229847308e-05,0.3308006219440468,0.0024034630216645,1
1015,6,9,0.06825396825396825,User_1015,incoming,0.0006658319501677,0.3434149783363904,0.0008065058109167,1
57,6,9,0.06825396825396825,User_57,incoming,6.015717692215472e-05,0.3289948658721288,0.0010347267356483,1
1137,6,9,0.06825396825396825,User_1137,outandin,6.126326796622404e-05,0.3213704975695139,0.0008735940128966,3
1262,7,9,0.06825396825396825,User_1262,incoming,0.0007022807528935,0.3494653314337532,0.0011384752150395,2
927,7,9,0.06825396825396825,User_927,incoming,0.0004262338574718,0.3415437110176438,0.0007904645065887,0
1153,8,9,0.06825396825396825,User_1153,incoming,6.365371885317125e-05,0.3537251797175959,0.0060952157280721,1
1539,8,9,0.06825396825396825,User_1539,incoming,0.0015825116274358,0.3090734805027514,0.0006069112574946,1
336,8,9,0.06825396825396825,User_336,outandin,4.2682979427974e-05,0.3338309642413612,0.0020033619762388,1
265,9,9,0.06825396825396825,User_265,outandin,0.0024714679030342,0.3602304703790689,0.000873589215997,1
893,10,9,0.06825396825396825,User_893,incoming,4.2205397309576245e-06,0.3519772116237533,0.0036367028365123,0
864,11,9,0.06825396825396825,User_864,incoming,0.0012560673810189,0.3751502384843068,0.0032265297064559,1
152,12,9,0.06825396825396825,User_152,incoming,0.0013597525761022,0.3650984497085158,0.0090301695628302,1
882,13,9,0.06825396825396825,User_882,outandin,0.0013990768340209,0.3453068634087592,0.0007401719932743,1
532,14,9,0.06825396825396825,User_532,incoming,8.248479542553073e-05,0.3589925649825772,0.0059586897046645,1
940,15,9,0.06825396825396825,User_940,incoming,7.789867160987956e-05,0.3681001987664903,0.004934978942689,1
1178,15,9,0.06825396825396825,User_1178,incoming,0.0010243877686065,0.3646736202348032,0.0033267930138964,2
257,18,9,0.06825396825396825,User_257,incoming,0.0004091846259987,0.3610604945043663,0.0115396335741032,1
315,18,9,0.06825396825396825,User_315,outandin,0.0022032640590582,0.3729182641953711,0.0030067020213588,1
993,18,9,0.06825396825396825,User_993,outandin,0.0003963782795113,0.3546859543116681,0.0043531962095452,2
884,19,9,0.06825396825396825,User_884,incoming,0.0011916646692846,0.3709759815693536,0.0156758959531408,1
994,28,9,0.06825396825396825,User_994,incoming,0.0038162006167863,0.3676683590213397,0.0041259964770769,1
809,36,9,0.06825396825396825,User_809,incoming,0.0055335772082048,0.3934226829397312,0.0086842417484444,0
1127,41,9,0.06825396825396825,User_1127,incoming,0.0047809211232471,0.3906762767761031,0.0058039909074765,0
596,41,9,0.06825396825396825,User_596,outandin,0.0036162672166256,0.4105324983361146,0.0146685253725452,1
536,43,9,0.06825396825396825,User_536,incoming,0.0016722070336494,0.3937192327007411,0.0216474475173609,2
16,1,10,0.03143051308188923,User_16,outandin,0.0,0.3092564724983125,0.0002469657419964,1
24,1,10,0.03143051308188923,User_24,outandin,0.0,0.3092564724983125,0.0002469657419964,1
49,1,10,0.03143051308188923,User_49,outandin,0.0,0.3092564724983125,0.0002469657419964,1
150,1,10,0.03143051308188923,User_150,outandin,0.0,0.3092564724983125,0.0002469657419964,1
153,1,10,0.03143051308188923,User_153,outandin,0.0,0.3092564724983125,0.0002469657419964,1
330,1,10,0.03143051308188923,User_330,outandin,0.0,0.3092564724983125,0.0002469657419964,1
1197,1,10,0.03143051308188923,User_1197,outandin,0.0,0.3092564724983125,0.0002469657419964,1
1450,1,10,0.03143051308188923,User_1450,outandin,0.0,0.3092564724983125,0.0002469657419964,1
1258,1,10,0.03143051308188923,User_1258,outandin,0.0,0.2362434111486431,3.0043041951374534e-06,1
1106,1,10,0.03143051308188923,User_1106,outandin,0.0,0.3017528492487868,0.0002603924152032,1
77,1,10,0.03143051308188923,User_77,outandin,0.0,0.317592733309475,0.0002385372341961,1
130,1,10,0.03143051308188923,User_130,outandin,0.0,0.317592733309475,0.0004770744683922,1
1519,1,10,0.03143051308188923,User_1519,outandin,0.0,0.317592733309475,0.0002385372341961,1
533,1,10,0.03143051308188923,User_533,outandin,0.0,0.2922966883322048,9.262962161043786e-05,1
178,1,10,0.03143051308188923,User_178,outandin,0.0,0.2540535904910748,3.7381688111495446e-06,1
485,1,10,0.03143051308188923,User_485,incoming,0.0,0.2837744560211789,0.0001183668390675,1
1327,1,10,0.03143051308188923,User_1327,incoming,0.0,0.2706862232076265,6.573400039271954e-05,1
1242,1,10,0.03143051308188923,User_1242,outandin,0.0,0.2853245714036689,6.567824395051799e-05,1
524,1,10,0.03143051308188923,User_524,outandin,0.0,0.285688704858514,1.8526691847747893e-05,1
565,1,10,0.03143051308188923,User_565,outandin,0.0,0.285688704858514,1.8526691847747893e-05,1
791,1,10,0.03143051308188923,User_791,outandin,0.0,0.285688704858514,9.263345923873946e-05,1
1212,1,10,0.03143051308188923,User_1212,outandin,0.0,0.2474735543507501,3.527994000716e-06,1
1303,1,10,0.03143051308188923,User_1303,outandin,0.0,0.3119033730392018,0.000332413131713,1
1475,1,10,0.03143051308188923,User_1475,incoming,0.0,0.2770513695454296,0.000105382820918,1
1396,1,10,0.03143051308188923,User_1396,incoming,0.0,0.2824955013789345,0.0001050456505613,1
1128,1,10,0.03143051308188923,User_1128,incoming,0.0,0.2770023945817482,0.0001395074488514,1
1166,1,10,0.03143051308188923,User_1166,outandin,0.0,0.2770023945817482,9.300496590093376e-05,1
1254,1,10,0.03143051308188923,User_1254,incoming,0.0,0.2581127567367731,2.606155142643533e-05,1
1469,1,10,0.03143051308188923,User_1469,outandin,0.0,0.2617779061391496,8.658448173751175e-06,1
1557,1,10,0.03143051308188923,User_1557,incoming,0.0,0.2255328938038212,2.1516644156835207e-06,2
1571,1,10,0.03143051308188923,User_1571,outandin,0.0,0.2255328938038212,2.1516644156835207e-06,1
10,2,10,0.03143051308188923,User_10,outandin,0.0012714527239333,0.3093785875911056,0.0002470022884047,1
262,2,10,0.03143051308188923,User_262,outandin,0.0001455100177168,0.3263908656840137,0.0003534733404604,1
1451,2,10,0.03143051308188923,User_1451,outandin,0.0,0.3127749593111676,0.000508723555024,1
179,2,10,0.03143051308188923,User_179,outandin,8.282934093748528e-05,0.3179794127737317,0.0002422754030072,1
1385,2,10,0.03143051308188923,User_1385,incoming,2.4216441999166783e-05,0.3194704477367889,0.000270444197094,1
1543,2,10,0.03143051308188923,User_1543,incoming,0.0001020363074769,0.3213704975695139,0.0003042712345888,0
1337,2,10,0.03143051308188923,User_1337,outandin,0.0,0.3199923516742801,0.001020508085365,1
917,2,10,0.03143051308188923,User_917,outandin,0.0,0.3244311689749378,0.000794040584711,1
1538,2,10,0.03143051308188923,User_1538,outandin,4.1922598638121736e-05,0.3270721240135566,0.0002588361874669,1
490,2,10,0.03143051308188923,User_490,outandin,1.1205949132746995e-06,0.3130248793745405,0.00011643772675,1
1503,2,10,0.03143051308188923,User_1503,incoming,0.0,0.2541772175424087,1.3568877872252805e-05,1
1035,2,10,0.03143051308188923,User_1035,outandin,0.0,0.2921332114371643,8.296746066640812e-05,1
591,3,10,0.03143051308188923,User_591,outandin,1.0942315476463952e-06,0.3206471344687844,0.0007676698250516,3
14,3,10,0.03143051308188923,User_14,outandin,4.980214017172769e-05,0.3392514713463844,0.0006808506476822,1
22,3,10,0.03143051308188923,User_22,outandin,4.955256004948445e-05,0.3187556033663445,0.0005382312453209,1
148,3,10,0.03143051308188923,User_148,outandin,0.0001065635336948,0.3242297840159217,0.0008485603830509,1
1206,3,10,0.03143051308188923,User_1206,incoming,8.995553092180795e-06,0.3202539436233291,0.0008789475287616,1
360,3,10,0.03143051308188923,User_360,outandin,0.0,0.341692661611197,0.0014058474386933,1
227,3,10,0.03143051308188923,User_227,outandin,4.559270733440581e-05,0.3081617593213274,0.0001824675769424,1
529,3,10,0.03143051308188923,User_529,outandin,0.0001066626541467,0.3235603027356906,0.0002934124280242,1
669,3,10,0.03143051308188923,User_669,incoming,8.273932951711315e-06,0.3169503531854671,0.0007794236874222,1
1556,3,10,0.03143051308188923,User_1556,incoming,0.002542094572405,0.2912644137823326,0.0007074631386049,1
395,4,10,0.03143051308188923,User_395,incoming,7.200141302885227e-05,0.3205815356278538,0.0023056650926499,1
1501,4,10,0.03143051308188923,User_1501,incoming,5.607125056670037e-07,0.3199270204469068,0.0008133624232253,1
1099,4,10,0.03143051308188923,User_1099,outandin,0.0002712989549863,0.3435655659173317,0.0013207876565669,1
1496,4,10,0.03143051308188923,User_1496,incoming,0.0,0.3116552398864259,0.0006189590951482,1
1071,4,10,0.03143051308188923,User_1071,incoming,0.0001639169905893,0.3342582223013971,0.0017833387208404,1
1502,4,10,0.03143051308188923,User_1502,incoming,0.0,0.2993890993788593,0.0002784114668688,1
1510,5,10,0.03143051308188923,User_1510,incoming,0.0,0.3466052966487391,0.0032409590984296,1
451,5,10,0.03143051308188923,User_451,incoming,0.0003386593866964,0.3526108339669104,0.0010477127167785,2
421,5,10,0.03143051308188923,User_421,incoming,2.3217559000584386e-06,0.3214364197228614,0.003734417867106,1
1070,5,10,0.03143051308188923,User_1070,incoming,0.0,0.335546583757805,0.0027664552924089,1
488,6,10,0.03143051308188923,User_488,incoming,3.571036095444438e-05,0.3416181700782537,0.0017455875932758,1
1323,6,10,0.03143051308188923,User_1323,outandin,0.0010043511168894,0.3300342346564763,0.0007720138522116,1
1002,6,10,0.03143051308188923,User_1002,outandin,5.611627267249924e-05,0.3500117369106432,0.0026264611286423,2
1395,6,10,0.03143051308188923,User_1395,incoming,4.0984321973763066e-05,0.351898168908365,0.0032265368137553,0
1296,6,10,0.03143051308188923,User_1296,incoming,0.0002707807402949,0.3306610141694344,0.0008072215866332,1
825,7,10,0.03143051308188923,User_825,outandin,0.001462724903709,0.3526108339669104,0.0011228481928017,1
430,7,10,0.03143051308188923,User_430,incoming,0.0001195043793751,0.3476819494450742,0.00203882877772,1
606,7,10,0.03143051308188923,User_606,incoming,0.0014187676663299,0.3343295383291977,0.0027916447591199,1
901,8,10,0.03143051308188923,User_901,incoming,0.0,0.3598168877494718,0.0040386316066984,1
724,8,10,0.03143051308188923,User_724,incoming,0.0008193040385503,0.3584177827422117,0.0012285499575618,1
582,8,10,0.03143051308188923,User_582,incoming,0.0017732632694977,0.3289258073360515,0.0011600399063891,0
1196,9,10,0.03143051308188923,User_1196,incoming,0.0003767750320175,0.3577631383901711,0.0091963059716015,2
1052,9,10,0.03143051308188923,User_1052,incoming,7.962857785935268e-06,0.3376432980282158,0.00237112307985,0
164,10,10,0.03143051308188923,User_164,outandin,0.0021696084169542,0.3406527274236847,0.0012292504998976,1
601,10,10,0.03143051308188923,User_601,incoming,4.3058948010743935e-05,0.3668935954457854,0.0078028747419208,2
1463,10,10,0.03143051308188923,User_1463,incoming,0.0028661162723841,0.3546859543116681,0.0028472170227918,2
424,10,10,0.03143051308188923,User_424,outandin,0.0003056922159627,0.3451547458477862,0.0017723556724001,1
487,11,10,0.03143051308188923,User_487,incoming,0.0,0.3668077121135182,0.0042343193428681,1
1234,11,10,0.03143051308188923,User_1234,incoming,0.0013144224737924,0.3479907941703197,0.0085706775400333,1
624,12,10,0.03143051308188923,User_624,outandin,0.0009856044834573,0.3550878192043847,0.0011259374289536,3
799,12,10,0.03143051308188923,User_799,incoming,0.0012803216928078,0.3833176482751834,0.0173286781433931,1
1093,12,10,0.03143051308188923,User_1093,incoming,6.735597633367441e-05,0.3584997817773849,0.0074689597010327,1
1216,12,10,0.03143051308188923,User_1216,outandin,0.0007213125802125,0.3655242701537088,0.0031674844194115,1
259,13,10,0.03143051308188923,User_259,incoming,0.0029108994797331,0.3568668973238328,0.0024469402141745,1
1417,13,10,0.03143051308188923,User_1417,incoming,0.0012529583924716,0.3545254629296266,0.0012749221561317,2
282,18,10,0.03143051308188923,User_282,incoming,0.0017880781652525,0.3712396460907248,0.0216177779014259,1
256,19,10,0.03143051308188923,User_256,outandin,0.0048330525082455,0.3717681011029536,0.0041559322223455,2
423,21,10,0.03143051308188923,User_423,incoming,0.0008420458370839,0.352531506445208,0.0046579461887184,0
109,21,10,0.03143051308188923,User_109,incoming,0.0005268765389938,0.3843518631711919,0.0085304022936873,0
938,25,10,0.03143051308188923,User_938,incoming,0.0030569356636713,0.3938181819926991,0.0172738407758255,1
1034,25,10,0.03143051308188923,User_1034,incoming,0.0058645188680528,0.3832239046585839,0.0152911853597845,0
58,27,10,0.03143051308188923,User_58,incoming,0.0064568031460007,0.3931265795657174,0.0061678954662843,1
1118,27,10,0.03143051308188923,User_1118,incoming,0.0001954800311192,0.3938181819926991,0.0401669437983318,0
527,28,10,0.03143051308188923,User_527,incoming,0.0074701153324997,0.407436959477106,0.0141422108930443,1
569,30,10,0.03143051308188923,User_569,incoming,0.0015819852299497,0.3938181819926991,0.0723168698388665,1
175,33,10,0.03143051308188923,User_175,incoming,0.0082238728285243,0.3963081806143019,0.0389298423435516,0
523,33,10,0.03143051308188923,User_523,incoming,0.0080240237352471,0.4000517095095608,0.0060925057481563,0
1000,34,10,0.03143051308188923,User_1000,outandin,0.0046863473662365,0.3595691937009981,0.0033368741014268,2
343,37,10,0.03143051308188923,User_343,outandin,0.008741796980926,0.3993380596709862,0.0108000163714435,1
711,39,10,0.03143051308188923,User_711,incoming,0.0061709643275957,0.4106400802277121,0.0465340509711348,0
8,49,10,0.03143051308188923,User_8,incoming,0.006690336113217,0.40892550786768,0.0266463451869274,0
67,107,10,0.03143051308188923,User_67,incoming,0.0262255360344834,0.4131301202607302,0.0304586917278264,0
598,111,10,0.03143051308188923,User_598,incoming,0.0212367943343099,0.4534150885847655,0.0546614543735248,1
12,114,10,0.03143051308188923,User_12,incoming,0.0176186021914257,0.4322765644548826,0.0856200501603563,0
32,152,10,0.03143051308188923,User_32,incoming,0.0262922510443033,0.4655384866752672,0.0784427966066983,0
9,183,10,0.03143051308188923,User_9,incoming,0.0535293409827972,0.4478429683192196,0.0812081424744273,0
696,1,11,0.030428387571244712,User_696,outandin,0.0,0.2925149423462665,0.000112190870218,2
1551,1,11,0.030428387571244712,User_1551,incoming,0.0,0.2925149423462665,0.0004487634808723,1
935,1,11,0.030428387571244712,User_935,outandin,0.0,0.2908319499162861,0.0002545156902653,1
444,1,11,0.030428387571244712,User_444,outandin,0.0,0.3091344537677944,0.0005525625335933,1
888,1,11,0.030428387571244712,User_888,outandin,0.0,0.3091344537677944,0.0002762812667966,1
889,1,11,0.030428387571244712,User_889,outandin,0.0,0.3091344537677944,0.0002762812667966,1
891,1,11,0.030428387571244712,User_891,outandin,0.0,0.3091344537677944,0.0002762812667966,1
892,1,11,0.030428387571244712,User_892,outandin,0.0,0.3091344537677944,0.0002762812667966,1
894,1,11,0.030428387571244712,User_894,outandin,0.0,0.3091344537677944,0.0005525625335933,1
895,1,11,0.030428387571244712,User_895,outandin,0.0,0.3091344537677944,0.00082884380039,1
896,1,11,0.030428387571244712,User_896,outandin,0.0,0.3091344537677944,0.0002762812667966,1
897,1,11,0.030428387571244712,User_897,outandin,0.0,0.3091344537677944,0.0002762812667966,1
902,1,11,0.030428387571244712,User_902,outandin,0.0,0.3091344537677944,0.0002762812667966,1
904,1,11,0.030428387571244712,User_904,outandin,0.0,0.3091344537677944,0.0002762812667966,1
905,1,11,0.030428387571244712,User_905,outandin,0.0,0.3091344537677944,0.0002762812667966,1
910,1,11,0.030428387571244712,User_910,outandin,0.0,0.3091344537677944,0.0002762812667966,1
911,1,11,0.030428387571244712,User_911,outandin,0.0,0.3091344537677944,0.0002762812667966,1
1555,1,11,0.030428387571244712,User_1555,incoming,0.0,0.3091344537677944,0.0005525625335933,1
1201,1,11,0.030428387571244712,User_1201,outandin,0.0,0.2746717872303154,8.663328891264421e-05,1
1250,1,11,0.030428387571244712,User_1250,outandin,0.0,0.2746717872303154,4.3316644456322105e-05,1
1009,1,11,0.030428387571244712,User_1009,incoming,0.0,0.2835177394877781,3.797805907126106e-05,1
1010,1,11,0.030428387571244712,User_1010,outandin,0.0,0.2835177394877781,0.000151912236285,1
1048,1,11,0.030428387571244712,User_1048,outandin,0.0,0.26518912610407,1.1736573622906494e-05,1
936,1,11,0.030428387571244712,User_936,outandin,0.0,0.2934461696908145,0.0001375771714839,1
1565,1,11,0.030428387571244712,User_1565,incoming,0.0,0.2038244727040777,6.722508125970521e-09,0
434,2,11,0.030428387571244712,User_434,outandin,6.615017888439147e-05,0.2776404227762136,4.34458001319553e-05,3
521,2,11,0.030428387571244712,User_521,outandin,2.3988181030368925e-06,0.2954935972372147,0.000100573430806,1
860,2,11,0.030428387571244712,User_860,outandin,2.5117933374461546e-05,0.28752340296311,0.0001585175416323,1
1144,2,11,0.030428387571244712,User_1144,outandin,7.339616834068698e-05,0.32163434855274,0.0002062780181771,1
499,2,11,0.030428387571244712,User_499,outandin,0.0,0.3346151070145098,0.00036526453906,1
703,2,11,0.030428387571244712,User_703,outandin,0.0,0.2962197629771171,0.0001224944644651,1
1504,2,11,0.030428387571244712,User_1504,incoming,0.0,0.2933363059058311,0.0001251319582829,1
909,2,11,0.030428387571244712,User_909,outandin,0.0,0.3209097985150419,0.0004469951875743,1
433,2,11,0.030428387571244712,User_433,outandin,1.6694494799545626e-07,0.292952429640858,0.0001275220489973,1
1193,2,11,0.030428387571244712,User_1193,outandin,2.298358266474909e-05,0.3081617593213274,0.0001553946572665,1
872,2,11,0.030428387571244712,User_872,outandin,0.0,0.2860537689209473,0.0002864950523125,1
1380,2,11,0.030428387571244712,User_1380,incoming,3.7939360878150175e-05,0.2799718681702607,4.086330831286251e-05,0
1378,2,11,0.030428387571244712,User_1378,incoming,0.0,0.317592733309475,0.0001447365670514,1
1564,2,11,0.030428387571244712,User_1564,incoming,0.0012714527239333,0.256046167671397,2.2104377378466345e-06,1
11,3,11,0.030428387571244712,User_11,outandin,0.0002543042653834,0.3452307878715465,0.0006780826056379,1
15,3,11,0.030428387571244712,User_15,outandin,0.0002543042653834,0.3452307878715465,0.0006780826056379,3
165,3,11,0.030428387571244712,User_165,outandin,0.0002543042653834,0.3452307878715465,0.0006780826056379,1
13,3,11,0.030428387571244712,User_13,outandin,0.0002239244282219,0.3412461990742486,0.0006915092788447,1
428,3,11,0.030428387571244712,User_428,outandin,0.0002892084222453,0.3364110232178939,0.0028725604149757,1
743,3,11,0.030428387571244712,User_743,incoming,0.0001706526873589,0.339545513791755,0.0005644579629407,1
811,3,11,0.030428387571244712,User_811,outandin,0.0,0.3244311689749378,0.0002552177551562,1
202,3,11,0.030428387571244712,User_202,incoming,9.687733181000502e-05,0.318820456998769,0.0002609145535573,1
293,3,11,0.030428387571244712,User_293,outandin,0.0003777077899453,0.3245655646538835,0.0002793083267311,1
493,3,11,0.030428387571244712,User_493,outandin,8.859077690241256e-07,0.3089516061019223,0.0004768715922041,1
572,3,11,0.030428387571244712,User_572,outandin,0.0001547232995299,0.3152288364813819,0.000336465845826,1
748,3,11,0.030428387571244712,User_748,outandin,0.0003751709209281,0.3144697062309752,0.0001504524003527,1
709,3,11,0.030428387571244712,User_709,outandin,7.978776234802535e-06,0.2772474427015127,5.3400901743295794e-05,1
1029,3,11,0.030428387571244712,User_1029,incoming,3.8244870388798926e-05,0.3020436673378854,0.0002543895386876,1
962,3,11,0.030428387571244712,User_962,incoming,1.065619083513446e-05,0.2987612099426024,0.0006210603659485,1
1523,3,11,0.030428387571244712,User_1523,incoming,1.01359432711527e-07,0.3033886827006679,0.0003128225341843,1
251,4,11,0.030428387571244712,User_251,outandin,0.0004840618892267,0.3495432848871179,0.0006901613331733,1
1102,4,11,0.030428387571244712,User_1102,outandin,0.0001642120722675,0.3336177445494889,0.0005945359433833,1
806,4,11,0.030428387571244712,User_806,outandin,0.0002044632898208,0.3081617593213274,0.0001646507178323,1
188,4,11,0.030428387571244712,User_188,outandin,0.000234573945874,0.3500117369106432,0.0011251825373414,1
416,4,11,0.030428387571244712,User_416,outandin,0.0001406199102617,0.3123385581321406,0.000400857132983,1
846,4,11,0.030428387571244712,User_846,incoming,3.764275515579861e-06,0.3126501488724959,0.0002659162008586,1
876,4,11,0.030428387571244712,User_876,outandin,0.0010473699663391,0.3153557146606862,0.0001923935387802,1
1289,4,11,0.030428387571244712,User_1289,incoming,6.802700266568097e-07,0.308525801565062,0.0006240015056493,1
1391,4,11,0.030428387571244712,User_1391,incoming,0.0009061475166451,0.3188853370266483,0.0001720583382975,0
1047,4,11,0.030428387571244712,User_1047,outandin,0.0,0.3217664365808931,0.0036002769030808,1
941,4,11,0.030428387571244712,User_941,outandin,2.907799414625677e-05,0.3161191337803005,0.0002301333476125,1
1352,4,11,0.030428387571244712,User_1352,incoming,2.561853336591415e-05,0.3220971317880677,0.0007303618693438,1
737,4,11,0.030428387571244712,User_737,outandin,0.0001605546675269,0.3255770924888738,0.000244739800991,1
1316,4,11,0.030428387571244712,User_1316,incoming,0.0,0.3139027536356069,0.0004511958863827,1
723,4,11,0.030428387571244712,User_723,outandin,0.0,0.2991604708188143,0.000185028575961,1
1065,4,11,0.030428387571244712,User_1065,incoming,0.0,0.3182377226135154,0.0003044944862713,1
844,5,11,0.030428387571244712,User_844,outandin,0.0009063945657027,0.347527732567964,0.000868619415694,2
757,5,11,0.030428387571244712,User_757,incoming,0.0,0.3297564280616477,0.0017325776249411,1
160,5,11,0.030428387571244712,User_160,incoming,0.0,0.3339020980500638,0.0015513119755248,1
1426,5,11,0.030428387571244712,User_1426,incoming,0.0001826744887113,0.3073156591780643,0.00041634831975,1
776,5,11,0.030428387571244712,User_776,outandin,5.739763730632956e-06,0.3296870494737954,0.0016943410985131,1
689,6,11,0.030428387571244712,User_689,outandin,0.0004469748569426,0.3344008847949102,0.0019504135310277,1
401,6,11,0.030428387571244712,User_401,outandin,0.0003230235181612,0.337279928142262,0.0008602676212223,1
469,6,11,0.030428387571244712,User_469,incoming,4.168309671810594e-05,0.3254418579748597,0.0019893789274699,2
589,6,11,0.030428387571244712,User_589,outandin,3.3691051614968937e-06,0.3242297840159217,0.0005175925570816,1
1054,6,11,0.030428387571244712,User_1054,outandin,1.259109397460969e-06,0.332626309944587,0.0016958037405608,1
953,7,11,0.030428387571244712,User_953,outandin,0.0013290827710477,0.3180439509131215,0.0002001734377928,1
773,7,11,0.030428387571244712,User_773,incoming,0.0038527997646998,0.344093664064328,0.0007269470867052,0
166,7,11,0.030428387571244712,User_166,outandin,2.2416217982057386e-05,0.3553293755439795,0.002329340206317,1
305,7,11,0.030428387571244712,User_305,outandin,0.000120083598417,0.3379345581515958,0.0013060259242736,1
641,7,11,0.030428387571244712,User_641,incoming,0.000192631203782,0.3405046819098108,0.0005881430308585,1
1487,8,11,0.030428387571244712,User_1487,incoming,0.0001486767392583,0.3496212731256023,0.0017146601531971,0
816,8,11,0.030428387571244712,User_816,outandin,0.0016284403878579,0.3359782474590372,0.0006704916002127,1
587,9,11,0.030428387571244712,User_587,outandin,0.0008342220341033,0.3500899343496313,0.0011180214712698,1
562,9,11,0.030428387571244712,User_562,outandin,0.0001663496030159,0.3354029422407855,0.0010558261284183,1
480,10,11,0.030428387571244712,User_480,outandin,0.0017376662025642,0.3628160560659758,0.00237736180144,1
1507,10,11,0.030428387571244712,User_1507,incoming,0.0014334830363495,0.3568668973238328,0.0031313998654435,1
755,10,11,0.030428387571244712,User_755,outandin,0.0002531930286928,0.341469284408139,0.0007568652220058,2
1421,10,11,0.030428387571244712,User_1421,incoming,0.0005167824567945,0.3419909528915211,0.000755858889198,1
648,10,11,0.030428387571244712,User_648,outandin,0.0004262251564449,0.3315004328641738,0.0006437310580457,1
980,11,11,0.030428387571244712,User_980,incoming,0.000381385202621,0.355490595768818,0.0028294692487839,1
838,11,11,0.030428387571244712,User_838,outandin,0.00024216827434,0.3443204891559986,0.0012638531201419,1
676,11,11,0.030428387571244712,User_676,incoming,0.0003649344618607,0.3513458623652353,0.0017381330226609,1
570,11,11,0.030428387571244712,User_570,outandin,0.0005245249522264,0.3422897654322738,0.0007990454342208,1
862,12,11,0.030428387571244712,User_862,incoming,0.0028650416525443,0.3564609977590877,0.0010886002130075,1
286,12,11,0.030428387571244712,User_286,incoming,0.0001909370558324,0.3453829724815846,0.00490056367099,1
678,12,11,0.030428387571244712,User_678,incoming,0.0002108740597591,0.3439426132899363,0.0065029249510522,1
173,13,11,0.030428387571244712,User_173,incoming,0.0002119828683614,0.3833176482751834,0.006131969134322,1
303,14,11,0.030428387571244712,User_303,incoming,0.0012643253008598,0.3541248691862033,0.0089850529380449,0
1328,14,11,0.030428387571244712,User_1328,incoming,0.0005039675938969,0.3368449153372634,0.0009256995939787,1
738,15,11,0.030428387571244712,User_738,incoming,0.0011271215760049,0.3761407936027243,0.0048734295972895,1
1019,15,11,0.030428387571244712,User_1019,outandin,0.0003427942005363,0.3324851572563017,0.0008228876031827,1
636,16,11,0.030428387571244712,User_636,outandin,0.0029443096636788,0.3746121315201888,0.0093888269368264,1
952,16,11,0.030428387571244712,User_952,incoming,0.0008780312202715,0.3616437909413684,0.0035557703950096,1
99,17,11,0.030428387571244712,User_99,outandin,0.0011480976024918,0.3578448381249028,0.0045445611537305,1
1056,17,11,0.030428387571244712,User_1056,incoming,0.0009809234848423,0.3650134046468553,0.0045556674428905,1
327,17,11,0.030428387571244712,User_327,incoming,0.0031826331162455,0.3538849471881097,0.0017968970562811,1
795,18,11,0.030428387571244712,User_795,incoming,0.0020681215902201,0.3651835344089838,0.0020047921565904,1
649,19,11,0.030428387571244712,User_649,outandin,0.0008010379559007,0.3618943524593417,0.0091579144076237,1
504,19,11,0.030428387571244712,User_504,incoming,0.0011431933870381,0.3765022936446299,0.0094560884124115,1
762,20,11,0.030428387571244712,User_762,incoming,0.0006869379828278,0.3552488202559396,0.0063568634893719,1
545,20,11,0.030428387571244712,User_545,incoming,0.0006602107402999,0.3496212731256023,0.0012491704421576,2
376,21,11,0.030428387571244712,User_376,incoming,0.0010457803239239,0.3826624044319779,0.0048359403814146,1
588,21,11,0.030428387571244712,User_588,incoming,0.0010966399724416,0.3519772116237533,0.0028266948251078,1
616,21,11,0.030428387571244712,User_616,incoming,0.0031073700902648,0.3540448590485652,0.002170247062116,1
798,22,11,0.030428387571244712,User_798,incoming,0.0053013824032878,0.3906762767761031,0.0031293427560654,1
440,22,11,0.030428387571244712,User_440,incoming,0.000911593027548,0.3556519623579096,0.0026226993469186,1
517,22,11,0.030428387571244712,User_517,incoming,0.001916343569668,0.3609773200066689,0.0038601348989493,1
627,22,11,0.030428387571244712,User_627,outandin,0.0029725945449497,0.3479135315606016,0.0022287665078767,1
1190,24,11,0.030428387571244712,User_1190,incoming,0.0037651817353844,0.3858661773329105,0.008734256201188,0
378,25,11,0.030428387571244712,User_378,incoming,3.160760868283166e-05,0.3890274444262536,0.0314082535368063,1
402,25,11,0.030428387571244712,User_402,incoming,0.0041734378833925,0.3787775069250543,0.0142466780937525,1
439,26,11,0.030428387571244712,User_439,incoming,0.001818560518049,0.3918485986869091,0.0072360348655171,1
224,27,11,0.030428387571244712,User_224,incoming,0.0022394079189867,0.3785030304707608,0.0113111487560385,0
350,30,11,0.030428387571244712,User_350,incoming,0.0017037173587385,0.3631523861295364,0.0249272225361886,1
388,32,11,0.030428387571244712,User_388,outandin,0.000971529078483,0.3803404238225606,0.0085418859102305,1
463,33,11,0.030428387571244712,User_463,incoming,0.0031399904244776,0.3958076651045591,0.0124898794980904,2
396,34,11,0.030428387571244712,User_396,incoming,0.0011103618074782,0.4050148736492504,0.0363984617498067,0
339,34,11,0.030428387571244712,User_339,incoming,0.0035199253281559,0.392634063179391,0.0272013738596427,1
639,41,11,0.030428387571244712,User_639,incoming,0.0031582372273237,0.3934226829397312,0.010779716758235,0
514,43,11,0.030428387571244712,User_514,incoming,0.003832049041126,0.3915548591076835,0.0131120902574132,1
50,43,11,0.030428387571244712,User_50,incoming,0.0028142522270204,0.3848238079933569,0.0098490101914392,1
377,45,11,0.030428387571244712,User_377,incoming,0.0088764829176032,0.3984242426008008,0.0077796487530041,1
590,46,11,0.030428387571244712,User_590,outandin,0.0024702595029871,0.3867232344888819,0.0091102131293721,1
252,51,11,0.030428387571244712,User_252,incoming,0.0068946588797758,0.4102100906149082,0.0209222702986682,1
481,54,11,0.030428387571244712,User_481,incoming,0.0049025971644478,0.4070136483503765,0.0169940776003971,1
513,56,11,0.030428387571244712,User_513,incoming,0.004050697562215,0.4062749665929348,0.015250004094483,2
555,61,11,0.030428387571244712,User_555,incoming,0.0073369966316162,0.3888343786970098,0.0060389401738618,1
687,68,11,0.030428387571244712,User_687,incoming,0.0135019740706453,0.4154301553947374,0.02262169905263,1
586,71,11,0.030428387571244712,User_586,incoming,0.0043079737869024,0.4003583408658532,0.016853249978547,0
626,73,11,0.030428387571244712,User_626,incoming,0.0090498414910799,0.4293157660682054,0.0327681597979067,1
212,78,11,0.030428387571244712,User_212,incoming,0.0063824071017888,0.4135662565713776,0.0368970167827172,1
400,218,11,0.030428387571244712,User_400,incoming,0.0941156135255007,0.4475871311479433,0.0908360331102572,1
945,1,12,0.044755244755244755,User_945,outandin,0.0,0.2519701794740231,2.1441478526799407e-05,1
803,1,12,0.044755244755244755,User_803,outandin,0.0,0.2342305749101569,2.6209321280538737e-06,1
1448,1,12,0.044755244755244755,User_1448,incoming,0.0,0.2634503271938382,2.833609233313567e-05,1
1443,1,12,0.044755244755244755,User_1443,incoming,0.0,0.2787268847650213,0.0001932641448964,1
1389,1,12,0.044755244755244755,User_1389,outandin,0.0,0.2691057094537094,7.306291805377685e-05,1
1220,1,12,0.044755244755244755,User_1220,outandin,0.0,0.2855325339192692,3.1262267453014705e-05,2
1345,1,12,0.044755244755244755,User_1345,outandin,0.0,0.3019272728610693,0.0001175424676288,1
1499,1,12,0.044755244755244755,User_1499,outandin,0.0,0.3019272728610693,0.0002350849352576,1
1341,1,12,0.044755244755244755,User_1341,outandin,0.0,0.3048643085892898,7.594798130950647e-05,1
1572,1,12,0.044755244755244755,User_1572,incoming,0.0,0.2319423543737344,1.4298425974879218e-06,1
1404,2,12,0.044755244755244755,User_1404,outandin,4.511478818801675e-06,0.2473173210462357,4.057647178757345e-06,1
1446,2,12,0.044755244755244755,User_1446,outandin,0.0,0.2837744560211789,0.0001822401985249,1
976,2,12,0.044755244755244755,User_976,outandin,1.7830013000973e-05,0.2680928222667151,1.2228936318990534e-05,1
1077,2,12,0.044755244755244755,User_1077,incoming,1.01359432711527e-07,0.2915353574230604,0.0001295455391491,1
1429,2,12,0.044755244755244755,User_1429,outandin,0.0012714527239333,0.3020436673378854,0.0002350936313124,1
1445,3,12,0.044755244755244755,User_1445,outandin,0.0001178264310156,0.3220971317880677,0.0003454255785749,3
1226,3,12,0.044755244755244755,User_1226,incoming,0.0,0.32163434855274,0.0004782968343454,1
225,3,12,0.044755244755244755,User_225,incoming,0.0,0.3324851572563017,0.0013945379265267,1
1264,3,12,0.044755244755244755,User_1264,outandin,0.0,0.3142174746639161,0.0002688633643737,1
887,3,12,0.044755244755244755,User_887,outandin,0.0003663751305921,0.3184964524692987,0.0002989526325117,1
662,3,12,0.044755244755244755,User_662,outandin,3.636274595359851e-05,0.2610800643367127,0.0002067099229307,1
775,3,12,0.044755244755244755,User_775,outandin,0.0001169992349537,0.2811775607660057,2.550196558009006e-05,1
1382,3,12,0.044755244755244755,User_1382,incoming,0.0,0.323961659323744,0.0003139953755699,1
1188,4,12,0.044755244755244755,User_1188,incoming,9.92272532969464e-06,0.3297564280616477,0.0008845712510454,1
1176,4,12,0.044755244755244755,User_1176,incoming,0.0,0.3045680361805539,0.0016996826291381,1
223,4,12,0.044755244755244755,User_223,outandin,0.0014480732334356,0.3374251822026162,0.0003614534746823,1
115,4,12,0.044755244755244755,User_115,outandin,0.0002426911119997,0.3117172361545553,0.000124308390784,1
1273,4,12,0.044755244755244755,User_1273,outandin,1.947078315308902e-05,0.3082830112431535,0.0003002715130934,1
1441,4,12,0.044755244755244755,User_1441,outandin,0.0,0.3207127601614715,0.0010974084931096,1
7,5,12,0.044755244755244755,User_7,outandin,0.0003449300493049,0.3220971317880677,0.0003920108166867,1
985,5,12,0.044755244755244755,User_985,incoming,0.000223710402735,0.317142794201366,0.000416330195438,2
1123,5,12,0.044755244755244755,User_1123,incoming,8.839961600387498e-05,0.3203849000508995,0.0010983639339174,1
1374,5,12,0.044755244755244755,User_1374,outandin,2.149571959803472e-05,0.320975531779793,0.0003511631047389,1
1219,5,12,0.044755244755244755,User_1219,outandin,4.165980532436005e-06,0.2804227892177791,0.0002046658559926,1
1350,7,12,0.044755244755244755,User_1350,outandin,5.495764479701238e-05,0.3370622813828672,0.0028548478307719,3
534,8,12,0.044755244755244755,User_534,outandin,0.0003458961497054,0.3487653118515356,0.0012706237745074,1
705,8,12,0.044755244755244755,User_705,outandin,0.0012735091849274,0.3059356786702361,0.0004308961470062,1
1274,8,12,0.044755244755244755,User_1274,outandin,9.69436146997712e-05,0.3390312735069125,0.0024395496956364,1
699,9,12,0.044755244755244755,User_699,incoming,0.0019172974748697,0.359899528284095,0.0010192551687578,2
983,9,12,0.044755244755244755,User_983,incoming,5.625634966669082e-05,0.3515034872474091,0.0028346296411632,0
710,9,12,0.044755244755244755,User_710,incoming,0.0009041693311785,0.335546583757805,0.0004871353195109,0
1356,9,12,0.044755244755244755,User_1356,incoming,0.0001988665485123,0.3456115011356307,0.0024880835085726,1
1377,9,12,0.044755244755244755,User_1377,incoming,0.0004391049115157,0.3492316795518052,0.0012302678451499,1
1444,10,12,0.044755244755244755,User_1444,incoming,0.0016488784336677,0.3501681667371954,0.0019174196675143,1
1383,10,12,0.044755244755244755,User_1383,incoming,0.0001616076681757,0.3349727546278216,0.005797675101624,1
1211,10,12,0.044755244755244755,User_1211,incoming,0.0023397096486122,0.3484550914273848,0.004747049278074,1
1325,10,12,0.044755244755244755,User_1325,outandin,2.0337759986789448e-05,0.3603961697674677,0.003904961110056,1
631,10,12,0.044755244755244755,User_631,outandin,0.0014456465362684,0.3165022310945162,0.0003810628104656,1
625,11,12,0.044755244755244755,User_625,incoming,0.0018333791302448,0.3369173395289077,0.0035254238325309,1
1416,11,12,0.044755244755244755,User_1416,incoming,0.0006029663779154,0.3636580520187861,0.0031918147682191,0
1413,11,12,0.044755244755244755,User_1413,incoming,2.492900437646957e-05,0.3367725222757253,0.0015278524392649,2
1006,16,12,0.044755244755244755,User_1006,incoming,0.0038561673999985,0.3577631383901711,0.0093161445048263,1
155,17,12,0.044755244755244755,User_155,incoming,0.0005900696357948,0.374075566041764,0.0052175229245936,2
1326,17,12,0.044755244755244755,User_1326,incoming,0.0006791793539761,0.3552488202559396,0.0039017778022366,1
1272,18,12,0.044755244755244755,User_1272,incoming,0.0019219909707682,0.3446233882007807,0.0015351843819755,1
245,18,12,0.044755244755244755,User_245,incoming,0.0008833336018764,0.3559751354268399,0.0014314140377637,1
26,21,12,0.044755244755244755,User_26,incoming,0.0025564964271779,0.3733625318439241,0.0084919230788722,2
1036,21,12,0.044755244755244755,User_1036,incoming,0.0011504317430765,0.3767738750057585,0.0245334340582401,1
1381,21,12,0.044755244755244755,User_1381,outandin,0.0005022178901361,0.3731846978206596,0.0230156363032184,1
1138,22,12,0.044755244755244755,User_1138,outandin,0.0016531106688389,0.3682732188364159,0.0240300068566239,1
792,29,12,0.044755244755244755,User_792,incoming,0.0016198205240725,0.3730958443211785,0.0105836826365161,2
1033,42,12,0.044755244755244755,User_1033,incoming,0.0030362041656714,0.3865324484827206,0.0127103257007794,1
437,42,12,0.044755244755244755,User_437,incoming,0.0073024048210555,0.3974137829441921,0.0112792904821463,1
1185,49,12,0.044755244755244755,User_1185,incoming,0.0073886502505509,0.3997455474869769,0.0102795107250704,1
1281,107,12,0.044755244755244755,User_1281,incoming,0.0220549076444468,0.4326346068881694,0.0386535973146441,0
1283,147,12,0.044755244755244755,User_1283,incoming,0.0703727937915771,0.4386905224381158,0.0249744225213309,2
170,1,13,0.029258098223615466,User_170,outandin,0.0,0.2745755293760206,1.4586266701443755e-05,1
171,1,13,0.029258098223615466,User_171,outandin,0.0,0.2745755293760206,2.9172533402887517e-05,1
301,1,13,0.029258098223615466,User_301,outandin,0.0,0.2954378857746889,0.0003084680043494,1
287,1,13,0.029258098223615466,User_287,outandin,0.0,0.2832102920927073,2.7649970351760405e-05,1
1462,1,13,0.029258098223615466,User_1462,outandin,0.0,0.2775420733526301,4.839791821454469e-05,1
946,1,13,0.029258098223615466,User_946,outandin,0.0,0.2499605273805949,7.741356432641261e-06,1
947,1,13,0.029258098223615466,User_947,outandin,0.0,0.2499605273805949,7.741356432641261e-06,1
837,1,13,0.029258098223615466,User_837,outandin,0.0,0.2757836230462777,3.383184439231296e-05,1
1536,1,13,0.029258098223615466,User_1536,outandin,0.0,0.2427955602957777,1.0705255748727569e-06,1
722,1,13,0.029258098223615466,User_722,outandin,0.0,0.280222200670413,1.6928783088996935e-05,1
1464,1,13,0.029258098223615466,User_1464,outandin,0.0,0.2741911716796062,1.5705541181995115e-05,1
1465,1,13,0.029258098223615466,User_1465,outandin,0.0,0.2741911716796062,1.5705541181995115e-05,1
1466,1,13,0.029258098223615466,User_1466,incoming,0.0,0.2741911716796062,1.5705541181995115e-05,1
1471,1,13,0.029258098223615466,User_1471,outandin,0.0,0.2741911716796062,1.5705541181995115e-05,1
1473,1,13,0.029258098223615466,User_1473,outandin,0.0,0.2741911716796062,1.5705541181995115e-05,1
1567,1,13,0.029258098223615466,User_1567,outandin,0.0,0.2838772728530706,2.3648074549783828e-05,1
1411,1,13,0.029258098223615466,User_1411,outandin,0.0,0.2356394806239022,2.0973857650004358e-06,1
1535,1,13,0.029258098223615466,User_1535,incoming,0.0,0.2544248329516073,1.17233727688756e-05,0
1524,1,13,0.029258098223615466,User_1524,outandin,0.0,0.2394929766389958,1.3370365091594163e-06,1
1553,1,13,0.029258098223615466,User_1553,incoming,0.0,0.2115569793639732,2.895756259399717e-07,1
691,2,13,0.029258098223615466,User_691,outandin,0.0,0.2913185622139709,5.165991320280813e-05,1
628,2,13,0.029258098223615466,User_628,outandin,0.0,0.292952429640858,7.01433527618968e-05,1
1392,2,13,0.029258098223615466,User_1392,outandin,0.0001583891529866,0.3001920586492241,0.0001157705214414,1
849,2,13,0.029258098223615466,User_849,outandin,0.0001161645757513,0.3091954510948993,0.0002646951346409,1
1566,2,13,0.029258098223615466,User_1566,incoming,3.581131176637226e-07,0.2849095538452636,4.53842245084765e-05,1
804,2,13,0.029258098223615466,User_804,outandin,3.804411268426169e-05,0.2948819243788012,6.69591011344455e-05,1
623,2,13,0.029258098223615466,User_623,outandin,3.237188964280892e-05,0.2687825979672298,8.554899345733108e-06,1
1368,2,13,0.029258098223615466,User_1368,incoming,1.3534455027891967e-05,0.2883699937705097,2.094309415014349e-05,1
925,2,13,0.029258098223615466,User_925,outandin,0.0,0.2732826205352197,6.265809392394907e-05,1
1552,2,13,0.029258098223615466,User_1552,outandin,0.0012714527239333,0.2683683072699006,2.380767393219074e-05,1
1386,3,13,0.029258098223615466,User_1386,incoming,0.0001852644484313,0.3365555296711662,0.0003569684598757,1
1353,3,13,0.029258098223615466,User_1353,incoming,0.0,0.3213046024500615,0.0005344589972407,1
1485,3,13,0.029258098223615466,User_1485,incoming,3.411247281637272e-05,0.3012307854957611,0.0001073700281383,1
1363,3,13,0.029258098223615466,User_1363,incoming,0.0003099938847204,0.3154826950169014,0.0002510654845546,1
1028,3,13,0.029258098223615466,User_1028,outandin,3.378028471501829e-05,0.3190151763332552,0.0002191366268411,1
1320,3,13,0.029258098223615466,User_1320,outandin,1.5471773883359333e-05,0.3088907049376995,0.0002293375658772,1
1058,3,13,0.029258098223615466,User_1058,outandin,1.2729460556660134e-05,0.2944386595544813,0.0001550002674137,1
1479,3,13,0.029258098223615466,User_1479,incoming,3.155414351256338e-05,0.3069544654552301,0.0002156545871007,1
1453,4,13,0.029258098223615466,User_1453,incoming,0.000524258715814,0.330173313558565,0.0004663035781975,1
1207,4,13,0.029258098223615466,User_1207,outandin,0.0,0.3061149728753564,0.0002174525208826,1
361,4,13,0.029258098223615466,User_361,incoming,0.0020431279289046,0.3181085152555724,0.0002466395281055,1
1431,4,13,0.029258098223615466,User_1431,incoming,0.0,0.3305912544618037,0.0008631412996481,1
1400,4,13,0.029258098223615466,User_1400,incoming,0.0012714527239333,0.3083436729927095,0.0006897840602002,1
1522,5,13,0.029258098223615466,User_1522,incoming,0.0012821200751323,0.3149753861605929,0.000439630983422,1
1299,5,13,0.029258098223615466,User_1299,incoming,0.0005361197111526,0.3045680361805539,0.0002299342007068,1
826,5,13,0.029258098223615466,User_826,outandin,4.459051678398092e-05,0.3381533332216119,0.0009898309571799,1
1107,5,13,0.029258098223615466,User_1107,incoming,0.0004078233276866,0.3326969312418152,0.0003490239659622,1
518,5,13,0.029258098223615466,User_518,incoming,0.0022409693555561,0.3207127601614715,0.0003520369990635,1
622,5,13,0.029258098223615466,User_622,outandin,0.0002010786721603,0.3255770924888738,0.0006430851012253,1
1306,5,13,0.029258098223615466,User_1306,outandin,7.507971322279555e-05,0.3162467297979717,0.0006272356597938,1
385,6,13,0.029258098223615466,User_385,outandin,5.562500923972501e-05,0.3456877445728987,0.0022206587802429,1
1169,6,13,0.029258098223615466,User_1169,incoming,0.0,0.3482227880330999,0.0016663185608498,1
340,6,13,0.029258098223615466,User_340,outandin,3.23704960016306e-06,0.3324851572563017,0.0048758634859292,1
832,6,13,0.029258098223615466,User_832,incoming,0.0009789860560242,0.3373525395369106,0.0010419603804588,1
47,7,13,0.029258098223615466,User_47,incoming,0.0002783833954863,0.3070747689886243,0.0001736775952175,1
351,8,13,0.029258098223615466,User_351,outandin,0.0001312233026763,0.3434149783363904,0.0007931998899305,1
865,8,13,0.029258098223615466,User_865,incoming,0.0004069340186351,0.3399875344215556,0.0066261183086702,1
419,9,13,0.029258098223615466,User_419,outandin,0.0016697294319993,0.352531506445208,0.0008507616090817,1
996,9,13,0.029258098223615466,User_996,outandin,9.603907230633038e-05,0.3472197088741302,0.0057038274579569,1
963,9,13,0.029258098223615466,User_963,incoming,0.0001012146630308,0.3402089765846612,0.0018264018420667,1
1497,10,13,0.029258098223615466,User_1497,incoming,0.0017311515235724,0.3580901613685899,0.0010647328065823,0
1310,10,13,0.029258098223615466,User_1310,incoming,0.0001819144348711,0.3494653314337532,0.0024771752414915,1
1268,11,13,0.029258098223615466,User_1268,outandin,0.0003616741587491,0.3478363032517091,0.0017120359639534,1
174,13,13,0.029258098223615466,User_174,incoming,0.0007354295369443,0.3685330541272224,0.0047941465425811,1
345,13,13,0.029258098223615466,User_345,incoming,0.0026095622390308,0.3333338749519144,0.0025459357575131,1
185,15,13,0.029258098223615466,User_185,outandin,0.0014678930672077,0.3803404238225606,0.0034721354243216,1
127,15,13,0.029258098223615466,User_127,incoming,0.0019304020785682,0.3806175725404299,0.0042038423261055,1
814,16,13,0.029258098223615466,User_814,outandin,0.0045693259131362,0.3667218689793938,0.0078274002609066,1
56,17,13,0.029258098223615466,User_56,outandin,0.0029570146985196,0.3785944784124063,0.0047973781725342,1
154,18,13,0.029258098223615466,User_154,incoming,0.0062881657838342,0.3802481305869812,0.0023097520866426,1
1434,19,13,0.029258098223615466,User_1434,incoming,0.0023501094751289,0.3413205284576235,0.0038558363440141,0
592,19,13,0.029258098223615466,User_592,incoming,4.622034417098362e-05,0.3669795190044378,0.0072104730763108,1
603,20,13,0.029258098223615466,User_603,outandin,0.0021655540158299,0.3894141516274726,0.005566973479725,1
233,20,13,0.029258098223615466,User_233,incoming,0.0010754719180738,0.3880640282686849,0.006786139739546,0
658,20,13,0.029258098223615466,User_658,incoming,0.0002289387306543,0.3681001987664903,0.0048898771063152,1
990,20,13,0.029258098223615466,User_990,incoming,0.000922556476057,0.3647585070179119,0.0053992843096942,1
1246,24,13,0.029258098223615466,User_1246,incoming,0.0003797326226898,0.3744331054119354,0.0046570537817754,0
1142,25,13,0.029258098223615466,User_1142,incoming,0.00261681052946,0.3895109485828859,0.0038887466828796,1
547,26,13,0.029258098223615466,User_547,incoming,0.0008882988013509,0.3770458484477742,0.0058870246843201,1
346,29,13,0.029258098223615466,User_346,incoming,0.0048608837423235,0.3808951254615823,0.0111233522670935,2
95,35,13,0.029258098223615466,User_95,incoming,0.0021298822954365,0.3629841431894718,0.0104914828476186,0
193,36,13,0.029258098223615466,User_193,incoming,0.002949867784458,0.3668077121135182,0.0146237828039282,0
1018,37,13,0.029258098223615466,User_1018,incoming,0.005778112916334,0.3965087414344508,0.0077766028620876,1
220,39,13,0.029258098223615466,User_220,incoming,0.002552335041983,0.397716382271307,0.0173581822941456,1
797,40,13,0.029258098223615466,User_797,incoming,0.0118958988174055,0.377864129768254,0.0051643359046696,1
260,46,13,0.029258098223615466,User_260,incoming,0.0050035500207141,0.39520871277401,0.0090933818043151,0
342,54,13,0.029258098223615466,User_342,incoming,0.0049875003773962,0.3842576130821358,0.0159138218198718,0
63,75,13,0.029258098223615466,User_63,incoming,0.0054044938866347,0.4194332296972563,0.0338151712194892,1
920,1,14,0.04084249084249084,User_920,outandin,0.0,0.313525919597629,0.0021307346952157,3
948,1,14,0.04084249084249084,User_948,outandin,0.0,0.313525919597629,0.0003043906707451,1
1115,1,14,0.04084249084249084,User_1115,outandin,0.0,0.2878931740123001,2.654110539488317e-05,1
1228,1,14,0.04084249084249084,User_1228,incoming,0.0,0.2878931740123001,7.962331618464953e-05,1
759,1,14,0.04084249084249084,User_759,outandin,0.0,0.3014625906404289,0.0002489895934589,1
1011,1,14,0.04084249084249084,User_1011,outandin,0.0,0.2910480212015137,0.0002087251873578,1
742,1,14,0.04084249084249084,User_742,outandin,0.0,0.2797219825328364,0.0001410795845765,1
854,1,14,0.04084249084249084,User_854,outandin,0.0,0.2913185622139709,0.0003442802468212,1
702,1,14,0.04084249084249084,User_702,outandin,0.0,0.2809255192092058,4.37736864791775e-05,1
1067,1,14,0.04084249084249084,User_1067,outandin,0.0,0.2968370043851013,0.0002745408383793,1
1257,1,14,0.04084249084249084,User_1257,outandin,0.0,0.2968370043851013,0.0002745408383793,1
1322,1,14,0.04084249084249084,User_1322,outandin,0.0,0.2968370043851013,0.0002745408383793,3
1467,1,14,0.04084249084249084,User_1467,incoming,0.0,0.2968370043851013,0.0002745408383793,1
730,1,14,0.04084249084249084,User_730,outandin,0.0,0.2597385291146941,0.0001135466363368,1
745,1,14,0.04084249084249084,User_745,outandin,0.0,0.2667692451734678,1.73583035643472e-05,1
906,1,14,0.04084249084249084,User_906,outandin,0.0,0.2623915850885716,1.0962938412812846e-05,1
1079,1,14,0.04084249084249084,User_1079,incoming,0.0,0.2430968889464706,8.719301192948783e-06,2
459,2,14,0.04084249084249084,User_459,outandin,0.0,0.3157369627541708,0.0004416833108478,1
929,2,14,0.04084249084249084,User_929,outandin,6.13692726880944e-05,0.3320624170690717,0.0005533802642041,1
930,2,14,0.04084249084249084,User_930,outandin,6.13692726880944e-05,0.3320624170690717,0.0005533802642041,1
279,2,14,0.04084249084249084,User_279,outandin,0.0,0.290993973286713,5.457070681974562e-05,1
647,2,14,0.04084249084249084,User_647,outandin,0.0,0.298704259654775,0.0008364995944908,1
435,2,14,0.04084249084249084,User_435,outandin,3.289335878317168e-06,0.3074965749899822,0.0011358925979347,1
959,2,14,0.04084249084249084,User_959,incoming,0.0,0.2924603482920772,0.0002948294329527,2
1090,2,14,0.04084249084249084,User_1090,outandin,1.216313192538324e-06,0.2760751490748678,6.593462515607e-05,1
1218,2,14,0.04084249084249084,User_1218,outandin,7.649258521963239e-06,0.2547557382781579,3.593205659560992e-05,1
1249,3,14,0.04084249084249084,User_1249,outandin,0.0012136109519129,0.2913185622139709,0.0001266546511074,2
66,3,14,0.04084249084249084,User_66,incoming,0.0,0.3408750372305742,0.001962729253823,1
1078,3,14,0.04084249084249084,User_1078,incoming,0.0012714527239333,0.3212387343478781,0.0028675534152209,1
1554,3,14,0.04084249084249084,User_1554,incoming,0.000365824267714,0.3336177445494889,0.001374955180633,1
680,3,14,0.04084249084249084,User_680,outandin,0.0,0.3144066103830156,0.0006939892846973,1
973,3,14,0.04084249084249084,User_973,incoming,0.0,0.333973262180083,0.0058324464119643,2
1247,3,14,0.04084249084249084,User_1247,outandin,7.703316886076052e-07,0.310913203600982,0.0010525456208731,1
556,4,14,0.04084249084249084,User_556,outandin,0.0002887662646282,0.3396927262408302,0.0009484427492474,1
1122,4,14,0.04084249084249084,User_1122,outandin,0.0004929278956137,0.3272770564220864,0.0002350349318395,1
1209,4,14,0.04084249084249084,User_1209,outandin,0.0,0.3290639534122112,0.0074684118104536,1
1120,4,14,0.04084249084249084,User_1120,outandin,2.321029665005241e-05,0.3096842976578952,0.0004578541952053,1
403,5,14,0.04084249084249084,User_403,incoming,2.0569583786411e-05,0.3173354690459598,0.0012466143733756,1
554,5,14,0.04084249084249084,User_554,outandin,1.761525322950256e-05,0.339545513791755,0.0005840440577698,1
273,5,14,0.04084249084249084,User_273,outandin,1.842942903543496e-06,0.320450418435368,0.0009021361011111,3
1195,5,14,0.04084249084249084,User_1195,incoming,1.0519080457818771e-05,0.3469122307170577,0.0031972684413953,1
848,5,14,0.04084249084249084,User_848,incoming,0.0001291991533679,0.3246328042570851,0.0004307295010706,1
1298,5,14,0.04084249084249084,User_1298,outandin,4.171306058422967e-07,0.3205159636222028,0.0019195656356246,1
134,6,14,0.04084249084249084,User_134,outandin,0.0004197443609956,0.3578448381249028,0.0023489442195679,1
1091,6,14,0.04084249084249084,User_1091,outandin,0.0006574568019828,0.3368449153372634,0.0010106390328052,1
326,6,14,0.04084249084249084,User_326,incoming,2.3019535883832488e-05,0.3184964524692987,0.0006570371471943,1
675,6,14,0.04084249084249084,User_675,outandin,0.0012193843782978,0.3596517204840371,0.0033922286285882,1
958,6,14,0.04084249084249084,User_958,incoming,0.0001485909009643,0.3255094611859056,0.0084863019859987,1
1312,7,14,0.04084249084249084,User_1312,incoming,0.0,0.3546859543116681,0.0074610960308786,0
464,7,14,0.04084249084249084,User_464,outandin,0.0001627579904609,0.3558134755106607,0.0026127410366325,1
995,7,14,0.04084249084249084,User_995,incoming,5.703092810496807e-06,0.3460694669056868,0.0017913769342414,1
967,7,14,0.04084249084249084,User_967,incoming,0.0001197961246431,0.3410234050378563,0.0016138065812314,0
472,8,14,0.04084249084249084,User_472,outandin,0.001070959337214,0.3610604945043663,0.0020884824771532,1
1362,8,14,0.04084249084249084,User_1362,incoming,0.0004042764243937,0.3530080076929375,0.0036097216086101,0
688,9,14,0.04084249084249084,User_688,incoming,0.0010516658687993,0.3579265751824919,0.0029170189413702,1
727,9,14,0.04084249084249084,User_727,incoming,6.017138394587876e-05,0.3458403324098322,0.0031427447410611,1
734,9,14,0.04084249084249084,User_734,incoming,0.0001951040385558,0.3552488202559396,0.0359058142446674,1
86,10,14,0.04084249084249084,User_86,outandin,0.0010054119000749,0.3611437073401589,0.0022298489020373,1
344,10,14,0.04084249084249084,User_344,incoming,0.0003118022048663,0.3649283991963087,0.002430669149205,1
1051,10,14,0.04084249084249084,User_1051,outandin,0.0016836080149757,0.3621452614164432,0.0008023394034315,1
333,11,14,0.04084249084249084,User_333,incoming,0.0002216040222371,0.3477591092208055,0.0067170207896768,2
520,12,14,0.04084249084249084,User_520,incoming,0.0023499062833396,0.359899528284095,0.0029183152529576,0
120,12,14,0.04084249084249084,User_120,outandin,0.0005870199202774,0.3570295160968215,0.0012360245812991,1
788,12,14,0.04084249084249084,User_788,incoming,0.0005625915188049,0.3606450048674222,0.0066500485039912,1
769,12,14,0.04084249084249084,User_769,outandin,0.0018859829582316,0.3554099673733158,0.0013988959648342,1
1100,12,14,0.04084249084249084,User_1100,incoming,0.0010080771803389,0.3656948765808517,0.0025135600236203,1
408,12,14,0.04084249084249084,User_408,incoming,0.0005227343470508,0.3322736527033396,0.0020602306665891,1
881,12,14,0.04084249084249084,User_881,incoming,9.78088836434831e-05,0.3384454743302267,0.0058443995849094,1
373,13,14,0.04084249084249084,User_373,outandin,0.0003528070324582,0.3549269640201471,0.0095997566187539,1
700,13,14,0.04084249084249084,User_700,incoming,0.0007576471398174,0.3786859705531536,0.0061507326129134,1
119,14,14,0.04084249084249084,User_119,outandin,0.000120180589176,0.3521354036289774,0.00436311709376,1
853,14,14,0.04084249084249084,User_853,outandin,0.0024934666947196,0.3558134755106607,0.0036055353799217,1
1168,14,14,0.04084249084249084,User_1168,incoming,0.0001933128617429,0.344547613489215,0.0026391230411689,0
728,15,14,0.04084249084249084,User_728,incoming,0.0023438073301642,0.3509524179504926,0.0373311456217274,1
841,15,14,0.04084249084249084,User_841,incoming,0.0025128741949122,0.3657802395305671,0.0087995463329839,1
503,19,14,0.04084249084249084,User_503,incoming,0.0006542919624915,0.3875841073828715,0.0076618493553343,0
352,20,14,0.04084249084249084,User_352,incoming,0.0010955320912653,0.3637424666083912,0.0045373803316509,1
447,22,14,0.04084249084249084,User_447,incoming,0.0009741896604366,0.3796953104310515,0.0093039075240541,0
739,22,14,0.04084249084249084,User_739,incoming,0.0027423745302506,0.3639114134112748,0.0057078902175591,1
462,23,14,0.04084249084249084,User_462,incoming,0.0016441349347985,0.3884488215540281,0.0463913850920478,1
272,23,14,0.04084249084249084,User_272,incoming,0.0001408746422294,0.3656095534645239,0.0313645351650334,1
379,24,14,0.04084249084249084,User_379,incoming,0.0025708431549071,0.3772273823179946,0.007547464935802,1
311,25,14,0.04084249084249084,User_311,incoming,0.0004116291550626,0.3858661773329105,0.011318915772245,0
1215,25,14,0.04084249084249084,User_1215,incoming,0.0034364468256667,0.3968099635727905,0.0103882948337528,0
992,25,14,0.04084249084249084,User_992,incoming,0.0035024144773514,0.3645887729522917,0.0031988471536788,1
299,26,14,0.04084249084249084,User_299,incoming,0.0032708929395637,0.3953084122474646,0.0092805455589115,1
673,26,14,0.04084249084249084,User_673,incoming,0.0018888515139537,0.3907737022815336,0.0143960818065888,0
607,28,14,0.04084249084249084,User_607,incoming,0.0065079715281045,0.3838810745097867,0.0086959425172552,1
1136,28,14,0.04084249084249084,User_1136,incoming,0.002891545934716,0.3832239046585839,0.011775908783121,1
73,35,14,0.04084249084249084,User_73,incoming,0.0009344855419807,0.3905788998377242,0.0424309509607548,1
640,37,14,0.04084249084249084,User_640,incoming,0.0041918797438009,0.4062749665929348,0.0888883799933406,2
431,38,14,0.04084249084249084,User_431,incoming,0.0013196883075485,0.3835991545040269,0.0947059137402568,0
337,39,14,0.04084249084249084,User_337,incoming,0.0012361448598612,0.3916527233563983,0.0352448113055418,1
681,42,14,0.04084249084249084,User_681,incoming,0.0014011183507451,0.3954081620360711,0.035548650073944,0
701,47,14,0.04084249084249084,User_701,incoming,0.0041670364464251,0.4083926364735339,0.0204682575444421,2
317,57,14,0.04084249084249084,User_317,incoming,0.0052626005101715,0.4106400802277121,0.0686408901411896,2
306,57,14,0.04084249084249084,User_306,outandin,0.0081614328000487,0.4043877538448902,0.0087279572140734,2
74,60,14,0.04084249084249084,User_74,outandin,0.0077230771869569,0.3922409377093741,0.0271940323144743,1
617,62,14,0.04084249084249084,User_617,incoming,0.0060791446661759,0.4111788365649304,0.1132237691871315,0
263,67,14,0.04084249084249084,User_263,incoming,0.0078517882944115,0.4185370048474758,0.0602028549648705,1
605,69,14,0.04084249084249084,User_605,incoming,0.0051735046448327,0.4266274288453443,0.1367553932618559,0
254,74,14,0.04084249084249084,User_254,incoming,0.0035104430648923,0.4053291635149895,0.072602517529342,1
308,94,14,0.04084249084249084,User_308,incoming,0.0068954306086391,0.4316811421897933,0.0818839325237492,1
704,103,14,0.04084249084249084,User_704,incoming,0.0290348600220747,0.4222588375502424,0.0902702214003527,1
103,240,14,0.04084249084249084,User_103,incoming,0.057201417899229,0.4568520542708307,0.1000881571128297,1
229,1,15,1.0,User_229,outandin,0.0,0.0006365372374283,5.602704925307504e-243,1
230,1,15,1.0,User_230,outandin,0.0,0.0006365372374283,5.602704925307504e-243,1
