source,target,type
1,2,outandin
1,3,incoming
1,30,outandin
1,36,incoming
1,42,incoming
1,44,incoming
1,101,outandin
1,123,outandin
1,135,incoming
1,146,outandin
1,159,outandin
1,194,outandin
1,211,outandin
1,255,outandin
1,302,outandin
1,312,incoming
1,313,outandin
1,323,outandin
1,397,outandin
1,477,outandin
1,856,incoming
1,1014,outandin
1,1271,outandin
1,1440,outandin
2,5,outandin
2,400,outandin
2,1127,outandin
3,4,outandin
3,32,incoming
3,36,incoming
3,42,incoming
3,51,outandin
3,58,outandin
3,68,incoming
3,72,incoming
3,84,outandin
3,88,outandin
3,99,outandin
3,132,outandin
3,155,incoming
3,176,incoming
3,185,outandin
3,194,outandin
3,221,outandin
3,257,outandin
3,308,incoming
3,317,outandin
3,321,outandin
3,323,outandin
3,371,outandin
3,372,outandin
3,377,outandin
3,385,outandin
3,415,outandin
3,477,incoming
3,482,incoming
3,487,outandin
3,488,outandin
3,495,outandin
3,498,incoming
3,555,outandin
3,590,outandin
3,618,outandin
3,687,incoming
3,814,outandin
3,1110,incoming
3,1113,outandin
3,1192,outandin
3,1249,outandin
30,31,outandin
30,72,outandin
30,103,incoming
30,131,outandin
30,132,outandin
30,161,outandin
30,162,outandin
30,254,outandin
30,392,outandin
30,404,outandin
30,644,outandin
30,679,outandin
30,1014,outandin
30,1176,outandin
36,6,outandin
36,19,outandin
36,32,outandin
36,34,outandin
36,37,outandin
36,40,outandin
36,50,outandin
36,55,outandin
36,56,outandin
36,58,outandin
36,60,outandin
36,73,outandin
36,75,outandin
36,81,outandin
36,84,outandin
36,88,outandin
36,89,outandin
36,90,outandin
36,93,incoming
36,99,outandin
36,103,outandin
36,104,outandin
36,105,outandin
36,109,outandin
36,110,outandin
36,112,outandin
36,113,outandin
36,119,outandin
36,124,outandin
36,127,outandin
36,128,outandin
36,129,outandin
36,133,outandin
36,134,outandin
36,147,outandin
36,155,outandin
36,156,outandin
36,189,incoming
36,209,outandin
36,211,incoming
36,214,outandin
36,221,outandin
36,222,outandin
36,236,outandin
36,250,outandin
36,254,outandin
36,259,outandin
36,281,outandin
36,285,outandin
36,291,outandin
36,296,outandin
36,299,outandin
36,317,outandin
36,361,outandin
36,400,outandin
36,401,outandin
36,413,outandin
36,428,outandin
36,511,outandin
36,525,outandin
36,547,outandin
36,597,outandin
36,598,outandin
36,601,outandin
36,614,outandin
36,625,outandin
36,644,outandin
36,770,outandin
36,779,outandin
36,828,outandin
36,834,outandin
36,879,outandin
36,940,outandin
36,985,outandin
36,1033,outandin
36,1059,outandin
36,1127,outandin
36,1269,outandin
36,1281,outandin
36,1425,outandin
42,27,outandin
42,32,outandin
42,41,outandin
42,43,outandin
42,63,outandin
42,69,outandin
42,72,incoming
42,105,outandin
42,132,outandin
42,135,incoming
42,142,outandin
42,144,outandin
42,163,outandin
42,176,outandin
42,189,outandin
42,194,outandin
42,204,outandin
42,233,outandin
42,242,outandin
42,257,incoming
42,263,outandin
42,288,outandin
42,291,outandin
42,294,outandin
42,296,outandin
42,302,outandin
42,306,outandin
42,323,outandin
42,325,outandin
42,333,outandin
42,339,outandin
42,353,outandin
42,358,outandin
42,374,outandin
42,392,outandin
42,394,outandin
42,415,outandin
42,445,outandin
42,474,incoming
42,475,outandin
42,479,outandin
42,483,outandin
42,488,outandin
42,495,outandin
42,502,outandin
42,538,outandin
42,543,outandin
42,548,outandin
42,573,outandin
42,600,outandin
42,620,outandin
42,626,outandin
42,632,outandin
42,638,outandin
42,640,outandin
42,644,outandin
42,654,outandin
42,669,outandin
42,679,outandin
42,704,outandin
42,716,outandin
42,726,outandin
42,738,outandin
42,752,outandin
42,754,outandin
42,767,outandin
42,781,outandin
42,784,outandin
42,790,outandin
42,794,outandin
42,799,outandin
42,801,outandin
42,809,outandin
42,815,outandin
42,817,outandin
42,831,outandin
42,840,outandin
42,843,outandin
42,852,outandin
42,919,incoming
42,922,outandin
42,928,outandin
42,942,outandin
42,950,incoming
42,952,outandin
42,955,outandin
42,961,outandin
42,964,incoming
42,986,outandin
42,995,incoming
42,1005,outandin
42,1018,outandin
42,1031,incoming
42,1043,outandin
42,1049,outandin
42,1050,outandin
42,1062,outandin
42,1091,outandin
42,1097,outandin
42,1113,outandin
42,1117,outandin
42,1129,outandin
42,1139,outandin
42,1142,outandin
42,1178,outandin
42,1183,outandin
42,1190,outandin
42,1191,outandin
42,1215,outandin
42,1224,outandin
42,1226,outandin
42,1229,outandin
42,1255,incoming
42,1262,outandin
42,1266,outandin
42,1270,outandin
42,1280,outandin
42,1284,outandin
42,1288,outandin
42,1294,outandin
42,1302,outandin
42,1307,outandin
42,1308,outandin
42,1309,outandin
42,1325,outandin
42,1334,outandin
42,1337,outandin
42,1340,outandin
42,1346,outandin
42,1354,outandin
42,1355,incoming
42,1356,outandin
42,1357,outandin
42,1358,outandin
42,1381,outandin
42,1402,outandin
42,1414,outandin
42,1415,incoming
42,1418,outandin
42,1428,outandin
42,1440,incoming
42,1477,outandin
42,1482,outandin
42,1489,outandin
42,1505,outandin
42,1506,outandin
42,1507,incoming
42,1509,incoming
42,1512,outandin
42,1526,outandin
42,1534,outandin
42,1542,outandin
42,1558,outandin
42,1559,outandin
44,14,outandin
44,19,outandin
44,32,outandin
44,34,outandin
44,45,outandin
44,46,outandin
44,48,outandin
44,50,outandin
44,51,outandin
44,59,outandin
44,60,outandin
44,74,outandin
44,75,outandin
44,79,outandin
44,84,outandin
44,88,outandin
44,90,outandin
44,92,outandin
44,99,outandin
44,102,outandin
44,105,outandin
44,116,outandin
44,117,outandin
44,127,outandin
44,129,outandin
44,141,outandin
44,174,outandin
44,189,incoming
44,211,incoming
44,214,outandin
44,226,outandin
44,228,outandin
44,232,outandin
44,242,outandin
44,249,incoming
44,290,outandin
44,296,outandin
44,299,outandin
44,308,outandin
44,365,outandin
44,372,outandin
44,373,outandin
44,400,outandin
44,432,outandin
44,456,outandin
44,511,outandin
44,514,outandin
44,597,outandin
44,719,outandin
44,770,outandin
44,834,outandin
44,1189,outandin
44,1271,outandin
101,9,outandin
101,12,incoming
101,32,outandin
101,34,outandin
101,38,outandin
101,41,outandin
101,51,outandin
101,68,outandin
101,88,outandin
101,100,outandin
101,103,outandin
101,105,outandin
101,115,outandin
101,118,outandin
101,124,outandin
101,176,incoming
101,184,outandin
101,190,outandin
101,198,incoming
101,199,outandin
101,208,outandin
101,211,outandin
101,214,outandin
101,243,outandin
101,250,outandin
101,271,outandin
101,282,incoming
101,370,outandin
101,400,outandin
101,423,outandin
101,462,outandin
101,482,outandin
101,496,outandin
101,514,outandin
101,515,outandin
101,557,outandin
101,733,outandin
101,770,outandin
101,847,outandin
101,991,outandin
101,1002,outandin
101,1113,outandin
101,1269,outandin
101,1281,outandin
101,1283,outandin
101,1381,outandin
123,204,outandin
123,400,outandin
123,1127,outandin
123,1269,outandin
135,9,outandin
135,68,outandin
135,103,outandin
135,105,outandin
135,124,outandin
135,133,outandin
135,250,outandin
135,289,outandin
135,400,outandin
135,770,outandin
135,1000,outandin
135,1356,incoming
135,1486,incoming
146,6,outandin
146,26,outandin
146,128,outandin
146,308,outandin
146,309,outandin
146,312,outandin
146,679,outandin
146,739,outandin
194,9,outandin
194,26,outandin
194,27,outandin
194,32,outandin
194,60,outandin
194,62,outandin
194,72,outandin
194,80,outandin
194,83,outandin
194,88,outandin
194,97,outandin
194,98,outandin
194,99,outandin
194,118,outandin
194,121,outandin
194,125,outandin
194,128,outandin
194,131,outandin
194,132,outandin
194,149,outandin
194,173,outandin
194,181,outandin
194,182,outandin
194,183,outandin
194,184,outandin
194,195,outandin
194,199,outandin
194,203,outandin
194,206,outandin
194,207,outandin
194,209,outandin
194,211,outandin
194,222,outandin
194,223,outandin
194,228,outandin
194,234,outandin
194,237,outandin
194,241,outandin
194,242,outandin
194,245,outandin
194,254,outandin
194,271,outandin
194,277,outandin
194,283,outandin
194,289,outandin
194,295,outandin
194,296,outandin
194,303,outandin
194,312,incoming
194,322,outandin
194,325,outandin
194,334,outandin
194,342,outandin
194,344,outandin
194,353,incoming
194,355,outandin
194,356,outandin
194,357,outandin
194,368,outandin
194,375,outandin
194,376,outandin
194,389,outandin
194,400,outandin
194,404,outandin
194,406,outandin
194,409,outandin
194,422,outandin
194,445,outandin
194,448,outandin
194,449,outandin
194,453,outandin
194,456,outandin
194,463,outandin
194,465,outandin
194,479,outandin
194,482,incoming
194,483,outandin
194,498,outandin
194,499,outandin
194,503,outandin
194,509,outandin
194,515,outandin
194,516,outandin
194,527,outandin
194,555,outandin
194,560,outandin
194,567,outandin
194,569,outandin
194,573,outandin
194,575,outandin
194,583,outandin
194,586,outandin
194,590,outandin
194,596,outandin
194,598,outandin
194,599,outandin
194,605,outandin
194,619,outandin
194,621,outandin
194,642,outandin
194,644,outandin
194,652,outandin
194,673,outandin
194,679,outandin
194,683,outandin
194,687,outandin
194,706,outandin
194,711,outandin
194,753,outandin
194,755,outandin
194,768,outandin
194,770,outandin
194,774,outandin
194,794,outandin
194,798,outandin
194,815,outandin
194,817,outandin
194,823,outandin
194,836,outandin
194,842,outandin
194,847,outandin
194,884,outandin
194,913,outandin
194,915,outandin
194,928,outandin
194,944,outandin
194,949,outandin
194,980,outandin
194,986,outandin
194,991,outandin
194,998,outandin
194,1004,outandin
194,1033,outandin
194,1039,outandin
194,1051,outandin
194,1056,outandin
194,1063,outandin
194,1083,outandin
194,1084,outandin
194,1085,outandin
194,1086,outandin
194,1097,outandin
194,1101,outandin
194,1127,outandin
194,1142,outandin
194,1178,outandin
194,1185,outandin
194,1248,outandin
194,1270,outandin
194,1279,outandin
194,1284,outandin
194,1362,outandin
194,1379,outandin
194,1406,outandin
211,19,outandin
211,85,outandin
211,93,incoming
211,103,outandin
211,128,outandin
211,212,outandin
211,213,outandin
211,221,outandin
211,228,outandin
211,232,outandin
211,233,outandin
211,246,outandin
211,251,outandin
211,260,outandin
211,265,outandin
211,284,outandin
211,288,outandin
211,525,incoming
211,593,outandin
211,597,outandin
211,1281,outandin
302,12,outandin
302,19,outandin
302,38,outandin
302,51,outandin
302,74,outandin
302,118,outandin
302,119,outandin
302,128,outandin
302,138,outandin
302,155,outandin
302,189,outandin
302,193,outandin
302,214,outandin
302,249,incoming
302,254,outandin
302,281,outandin
302,296,outandin
302,372,outandin
302,393,outandin
302,409,outandin
302,449,outandin
302,456,outandin
302,497,outandin
302,509,outandin
302,557,outandin
302,558,outandin
302,605,outandin
302,617,outandin
302,652,outandin
302,654,outandin
302,674,outandin
302,687,outandin
302,704,outandin
302,733,outandin
302,739,outandin
302,749,outandin
302,769,outandin
302,823,outandin
302,851,outandin
302,1000,outandin
302,1004,outandin
302,1033,outandin
302,1174,outandin
302,1185,outandin
302,1187,outandin
302,1238,outandin
302,1272,outandin
302,1392,outandin
312,1014,outandin
312,1142,outandin
312,1487,outandin
313,9,outandin
313,34,outandin
313,38,outandin
313,63,outandin
313,67,outandin
313,75,outandin
313,78,outandin
313,83,outandin
313,127,outandin
313,228,outandin
313,321,outandin
313,377,outandin
313,398,outandin
313,733,outandin
313,801,incoming
313,834,outandin
323,34,outandin
323,48,outandin
323,67,outandin
323,68,incoming
323,73,outandin
323,75,outandin
323,88,outandin
323,97,outandin
323,98,outandin
323,102,outandin
323,105,outandin
323,124,outandin
323,142,outandin
323,161,outandin
323,181,outandin
323,191,outandin
323,234,outandin
323,250,outandin
323,276,outandin
323,281,outandin
323,285,outandin
323,289,outandin
323,298,incoming
323,308,outandin
323,325,outandin
323,333,outandin
323,337,outandin
323,339,outandin
323,340,outandin
323,341,outandin
323,342,outandin
323,346,outandin
323,350,outandin
323,356,outandin
323,367,outandin
323,372,outandin
323,373,outandin
323,395,outandin
323,400,outandin
323,413,outandin
323,418,outandin
323,421,outandin
323,431,outandin
323,455,outandin
323,456,outandin
323,458,outandin
323,482,outandin
323,514,outandin
323,557,outandin
323,617,outandin
323,632,outandin
323,636,outandin
323,637,outandin
323,638,outandin
323,640,outandin
323,642,outandin
323,643,outandin
323,645,outandin
323,646,outandin
323,678,outandin
323,687,outandin
323,704,outandin
323,719,outandin
323,725,outandin
323,728,outandin
323,732,outandin
323,741,outandin
323,753,outandin
323,758,outandin
323,770,outandin
323,779,outandin
323,810,outandin
323,834,outandin
323,865,outandin
323,950,incoming
323,966,outandin
323,991,outandin
323,996,outandin
323,999,outandin
323,1006,outandin
323,1007,outandin
323,1014,outandin
323,1036,outandin
323,1042,outandin
323,1044,outandin
323,1047,outandin
323,1073,outandin
323,1083,outandin
323,1113,outandin
323,1124,outandin
323,1164,outandin
323,1235,outandin
323,1237,outandin
323,1267,outandin
323,1283,outandin
323,1297,outandin
323,1339,incoming
323,1347,outandin
323,1449,outandin
477,9,outandin
477,317,outandin
477,482,outandin
477,526,outandin
477,1271,outandin
477,1329,outandin
856,7,outandin
856,122,outandin
856,377,outandin
856,555,outandin
856,626,outandin
856,1117,outandin
856,1176,incoming
1014,26,outandin
1014,132,outandin
1014,277,outandin
1014,308,outandin
1014,372,outandin
1014,474,outandin
1014,592,outandin
1014,638,outandin
1014,851,outandin
1014,1020,outandin
1014,1046,outandin
1014,1194,outandin
1271,63,outandin
1271,281,outandin
1271,753,outandin
1271,1329,incoming
1440,43,outandin
1440,288,incoming
1440,1018,outandin
1440,1075,outandin
1440,1105,incoming
1440,1183,incoming
1440,1495,outandin
1440,1509,incoming
1440,1517,outandin
1440,1540,outandin
400,11,outandin
400,13,outandin
400,15,outandin
400,20,outandin
400,32,outandin
400,39,outandin
400,52,outandin
400,59,outandin
400,61,outandin
400,63,outandin
400,64,outandin
400,70,outandin
400,76,outandin
400,81,outandin
400,82,outandin
400,85,outandin
400,97,outandin
400,108,outandin
400,109,outandin
400,114,outandin
400,144,outandin
400,149,outandin
400,151,outandin
400,152,outandin
400,154,outandin
400,157,outandin
400,158,outandin
400,165,outandin
400,166,outandin
400,168,outandin
400,173,outandin
400,188,outandin
400,220,outandin
400,224,outandin
400,250,outandin
400,251,outandin
400,265,outandin
400,284,outandin
400,286,outandin
400,294,outandin
400,299,outandin
400,304,outandin
400,311,outandin
400,314,outandin
400,315,outandin
400,324,outandin
400,343,outandin
400,358,outandin
400,360,outandin
400,365,outandin
400,371,outandin
400,376,outandin
400,378,outandin
400,382,outandin
400,386,outandin
400,389,outandin
400,391,outandin
400,392,outandin
400,396,outandin
400,402,outandin
400,411,outandin
400,419,outandin
400,420,outandin
400,428,outandin
400,429,outandin
400,436,outandin
400,437,outandin
400,439,outandin
400,441,outandin
400,443,outandin
400,444,outandin
400,445,outandin
400,446,outandin
400,447,outandin
400,449,outandin
400,451,outandin
400,452,outandin
400,454,outandin
400,459,outandin
400,460,outandin
400,463,outandin
400,464,outandin
400,466,outandin
400,472,outandin
400,474,incoming
400,475,outandin
400,476,outandin
400,484,outandin
400,495,outandin
400,499,outandin
400,502,incoming
400,504,outandin
400,512,outandin
400,513,outandin
400,517,outandin
400,519,outandin
400,523,outandin
400,527,outandin
400,528,outandin
400,538,outandin
400,541,incoming
400,543,outandin
400,544,outandin
400,551,outandin
400,556,outandin
400,564,outandin
400,566,outandin
400,570,outandin
400,572,outandin
400,579,outandin
400,583,outandin
400,584,outandin
400,587,outandin
400,592,outandin
400,596,outandin
400,598,outandin
400,599,outandin
400,600,outandin
400,601,incoming
400,605,outandin
400,607,outandin
400,613,outandin
400,617,outandin
400,621,outandin
400,626,outandin
400,638,outandin
400,639,outandin
400,659,outandin
400,673,outandin
400,675,outandin
400,676,outandin
400,682,outandin
400,683,outandin
400,686,outandin
400,698,outandin
400,700,outandin
400,701,outandin
400,707,outandin
400,708,outandin
400,711,outandin
400,712,outandin
400,713,outandin
400,721,outandin
400,734,outandin
400,735,outandin
400,743,outandin
400,747,outandin
400,753,outandin
400,758,outandin
400,766,outandin
400,773,outandin
400,774,outandin
400,776,outandin
400,783,outandin
400,784,outandin
400,788,outandin
400,798,outandin
400,799,outandin
400,802,outandin
400,809,outandin
400,816,outandin
400,817,outandin
400,819,outandin
400,822,outandin
400,823,outandin
400,825,outandin
400,831,outandin
400,832,outandin
400,835,outandin
400,840,outandin
400,841,outandin
400,844,outandin
400,852,outandin
400,853,outandin
400,859,outandin
400,862,outandin
400,864,outandin
400,866,outandin
400,868,outandin
400,882,outandin
400,886,outandin
400,887,outandin
400,888,outandin
400,889,outandin
400,890,outandin
400,891,outandin
400,892,outandin
400,893,outandin
400,894,outandin
400,895,outandin
400,896,outandin
400,897,outandin
400,898,outandin
400,899,outandin
400,900,outandin
400,901,outandin
400,902,outandin
400,904,outandin
400,905,outandin
400,907,outandin
400,908,outandin
400,909,outandin
400,910,outandin
400,911,outandin
400,973,outandin
400,974,outandin
400,1142,outandin
400,1416,incoming
400,1419,outandin
400,1555,incoming
1127,32,outandin
1127,144,outandin
1127,152,outandin
1127,219,outandin
1127,265,outandin
1127,296,outandin
1127,298,outandin
1127,318,outandin
1127,322,outandin
1127,372,outandin
1127,405,incoming
1127,415,outandin
1127,449,outandin
1127,454,outandin
1127,474,outandin
1127,536,outandin
1127,547,outandin
1127,639,outandin
1127,641,outandin
1127,654,outandin
1127,697,outandin
1127,713,incoming
1127,725,outandin
1127,802,outandin
1127,840,outandin
1127,971,outandin
1127,1015,outandin
1127,1083,outandin
1127,1137,outandin
1127,1169,outandin
1127,1189,outandin
1127,1203,incoming
1127,1269,outandin
1127,1274,outandin
1127,1284,outandin
1127,1291,outandin
1127,1383,outandin
32,8,incoming
32,9,incoming
32,12,incoming
32,26,outandin
32,33,outandin
32,41,outandin
32,52,outandin
32,58,outandin
32,59,outandin
32,60,outandin
32,63,outandin
32,67,incoming
32,68,outandin
32,77,outandin
32,88,outandin
32,96,outandin
32,105,outandin
32,109,outandin
32,118,outandin
32,128,outandin
32,130,outandin
32,143,outandin
32,144,outandin
32,154,outandin
32,155,outandin
32,164,outandin
32,174,outandin
32,175,outandin
32,176,outandin
32,177,outandin
32,179,outandin
32,184,outandin
32,185,outandin
32,198,outandin
32,209,outandin
32,220,outandin
32,237,outandin
32,243,outandin
32,263,outandin
32,274,outandin
32,281,outandin
32,283,outandin
32,291,outandin
32,308,outandin
32,317,outandin
32,349,outandin
32,353,outandin
32,358,outandin
32,375,outandin
32,377,outandin
32,378,incoming
32,379,outandin
32,393,incoming
32,396,outandin
32,429,outandin
32,430,incoming
32,431,outandin
32,451,outandin
32,453,outandin
32,460,outandin
32,462,outandin
32,474,incoming
32,482,outandin
32,494,outandin
32,520,outandin
32,523,outandin
32,527,outandin
32,546,outandin
32,551,outandin
32,598,outandin
32,599,outandin
32,605,outandin
32,626,outandin
32,632,outandin
32,636,outandin
32,638,outandin
32,640,outandin
32,644,outandin
32,654,outandin
32,681,outandin
32,683,outandin
32,698,outandin
32,704,outandin
32,708,outandin
32,711,outandin
32,713,outandin
32,753,outandin
32,770,outandin
32,773,outandin
32,780,outandin
32,792,outandin
32,799,outandin
32,825,outandin
32,826,outandin
32,840,outandin
32,859,outandin
32,926,outandin
32,938,outandin
32,940,outandin
32,957,outandin
32,983,outandin
32,991,outandin
32,1002,outandin
32,1005,outandin
32,1015,outandin
32,1034,outandin
32,1036,outandin
32,1039,outandin
32,1042,incoming
32,1050,outandin
32,1068,outandin
32,1081,incoming
32,1093,outandin
32,1099,outandin
32,1103,outandin
32,1132,incoming
32,1183,outandin
32,1184,outandin
32,1190,outandin
32,1196,incoming
32,1211,outandin
32,1217,outandin
32,1227,outandin
32,1231,incoming
32,1232,outandin
32,1234,outandin
32,1255,outandin
32,1260,outandin
32,1281,outandin
32,1336,outandin
32,1338,incoming
32,1372,outandin
32,1373,outandin
32,1385,outandin
32,1386,outandin
32,1395,outandin
32,1402,outandin
32,1463,outandin
32,1497,outandin
32,1505,outandin
32,1518,outandin
32,1519,outandin
32,1543,outandin
32,1546,incoming
51,39,outandin
51,52,outandin
51,58,outandin
51,59,outandin
51,70,outandin
51,86,outandin
51,120,outandin
51,128,outandin
51,144,outandin
51,149,outandin
51,157,outandin
51,204,outandin
51,212,outandin
51,215,outandin
51,260,outandin
51,267,outandin
51,277,outandin
51,288,outandin
51,294,outandin
51,307,outandin
51,314,outandin
51,324,outandin
51,331,outandin
51,379,outandin
51,419,outandin
51,429,outandin
51,447,outandin
51,465,outandin
51,466,outandin
51,476,outandin
51,489,outandin
51,502,outandin
51,523,outandin
51,525,outandin
51,528,outandin
51,529,outandin
51,530,outandin
51,553,outandin
51,561,outandin
51,588,outandin
51,601,outandin
51,638,outandin
51,658,outandin
51,913,outandin
51,919,outandin
51,969,outandin
58,8,outandin
58,9,outandin
58,19,outandin
58,29,outandin
58,34,outandin
58,38,outandin
58,41,outandin
58,48,outandin
58,71,outandin
58,79,outandin
58,80,outandin
58,83,outandin
58,87,outandin
58,103,outandin
58,105,outandin
58,119,outandin
58,142,outandin
58,176,outandin
58,199,outandin
58,430,outandin
58,811,outandin
58,1036,outandin
58,1340,outandin
68,48,outandin
68,56,outandin
68,61,outandin
68,97,outandin
68,173,outandin
68,204,outandin
68,266,outandin
68,277,outandin
68,308,outandin
68,321,outandin
68,375,outandin
68,389,outandin
68,391,outandin
68,437,outandin
68,475,outandin
68,495,outandin
68,517,outandin
68,598,outandin
68,599,outandin
68,607,outandin
68,638,outandin
68,700,outandin
68,783,outandin
68,798,outandin
68,832,outandin
68,840,outandin
68,871,outandin
68,893,outandin
68,924,outandin
68,938,outandin
68,952,outandin
68,969,outandin
68,1214,outandin
68,1281,outandin
68,1402,outandin
72,9,outandin
72,19,outandin
72,67,outandin
72,71,outandin
72,103,incoming
72,105,outandin
72,106,outandin
72,124,outandin
72,160,outandin
72,163,outandin
72,176,outandin
72,189,outandin
72,199,outandin
72,224,outandin
72,249,outandin
72,250,outandin
72,263,outandin
72,266,outandin
72,283,outandin
72,291,outandin
72,303,outandin
72,310,outandin
72,318,outandin
72,321,outandin
72,325,outandin
72,335,outandin
72,337,outandin
72,357,outandin
72,372,outandin
72,392,incoming
72,398,outandin
72,583,outandin
72,595,outandin
72,596,outandin
72,611,outandin
72,617,outandin
72,644,outandin
72,646,outandin
72,652,outandin
72,677,outandin
72,678,outandin
72,679,incoming
72,683,outandin
72,686,outandin
72,688,outandin
72,701,outandin
72,704,outandin
72,768,incoming
72,834,outandin
72,857,outandin
72,861,outandin
72,883,outandin
72,942,outandin
72,966,outandin
72,967,outandin
72,1039,outandin
72,1045,outandin
72,1052,outandin
72,1068,outandin
72,1101,outandin
72,1124,outandin
72,1139,outandin
72,1223,outandin
72,1227,outandin
72,1253,outandin
72,1283,outandin
72,1317,outandin
84,6,outandin
84,8,outandin
84,69,outandin
84,86,outandin
84,94,outandin
84,321,outandin
84,391,outandin
84,437,outandin
84,598,outandin
84,638,outandin
84,639,outandin
84,765,outandin
84,1000,outandin
84,1103,outandin
88,6,outandin
88,9,outandin
88,34,outandin
88,67,outandin
88,96,outandin
88,144,outandin
88,145,outandin
88,212,outandin
88,220,outandin
88,233,outandin
88,297,outandin
88,321,outandin
88,335,outandin
88,358,outandin
88,367,outandin
88,427,outandin
88,431,outandin
88,598,outandin
88,605,outandin
88,638,outandin
88,673,outandin
88,679,outandin
88,701,outandin
88,913,outandin
88,952,outandin
88,1281,outandin
99,8,outandin
99,126,outandin
99,144,outandin
99,154,outandin
99,349,outandin
99,351,outandin
99,561,outandin
99,626,outandin
99,654,outandin
99,810,outandin
99,913,outandin
99,1246,outandin
99,1338,outandin
132,9,outandin
132,41,outandin
132,67,outandin
132,103,outandin
132,105,outandin
132,149,outandin
132,176,outandin
132,189,outandin
132,263,outandin
132,318,outandin
132,333,outandin
132,398,outandin
132,404,outandin
132,449,outandin
132,589,outandin
132,679,outandin
132,846,outandin
132,1039,outandin
132,1339,outandin
132,1487,outandin
155,8,outandin
155,34,outandin
155,63,outandin
155,69,outandin
155,105,outandin
155,233,outandin
155,266,outandin
155,308,outandin
155,335,outandin
155,525,incoming
155,1196,incoming
155,1281,outandin
155,1434,outandin
176,8,outandin
176,12,outandin
176,20,outandin
176,41,incoming
176,53,outandin
176,61,outandin
176,63,outandin
176,81,outandin
176,86,outandin
176,94,outandin
176,97,outandin
176,120,outandin
176,149,outandin
176,154,outandin
176,166,outandin
176,175,outandin
176,177,outandin
176,180,outandin
176,181,outandin
176,184,outandin
176,185,outandin
176,188,outandin
176,190,outandin
176,192,outandin
176,196,outandin
176,197,outandin
176,198,outandin
176,199,outandin
176,200,outandin
176,201,outandin
176,202,outandin
176,203,outandin
176,204,outandin
176,216,outandin
176,217,outandin
176,218,outandin
176,221,outandin
176,223,outandin
176,226,outandin
176,233,outandin
176,248,outandin
176,250,outandin
176,256,outandin
176,263,outandin
176,267,outandin
176,269,outandin
176,270,outandin
176,277,outandin
176,283,outandin
176,284,outandin
176,297,outandin
176,299,outandin
176,300,outandin
176,306,outandin
176,311,outandin
176,315,outandin
176,316,outandin
176,319,outandin
176,324,outandin
176,374,outandin
176,378,outandin
176,392,outandin
176,396,outandin
176,419,outandin
176,439,outandin
176,445,outandin
176,453,outandin
176,463,outandin
176,475,incoming
176,483,outandin
176,502,outandin
176,515,outandin
176,523,incoming
176,561,outandin
176,595,outandin
176,598,outandin
176,603,outandin
176,607,outandin
176,638,outandin
176,697,outandin
176,707,outandin
176,777,outandin
176,815,outandin
176,817,outandin
176,823,outandin
176,840,outandin
176,864,outandin
176,871,outandin
176,928,outandin
176,975,outandin
176,978,outandin
176,983,outandin
176,1001,outandin
176,1021,outandin
176,1026,outandin
176,1056,outandin
176,1142,outandin
176,1161,outandin
176,1236,outandin
176,1302,outandin
176,1384,outandin
176,1423,outandin
176,1474,outandin
185,41,outandin
185,63,outandin
185,69,outandin
185,97,outandin
185,103,outandin
185,109,outandin
185,140,outandin
185,144,outandin
185,147,outandin
185,186,outandin
185,308,outandin
185,924,outandin
221,6,outandin
221,27,outandin
221,103,outandin
221,128,outandin
221,161,outandin
221,204,outandin
221,220,outandin
221,286,outandin
221,368,outandin
221,679,outandin
221,747,outandin
221,1282,incoming
221,1323,outandin
221,1339,outandin
221,1561,outandin
257,90,outandin
257,142,outandin
257,204,outandin
257,263,outandin
257,298,outandin
257,615,outandin
257,687,outandin
257,711,outandin
257,719,outandin
257,809,incoming
257,838,outandin
257,1178,outandin
257,1183,outandin
257,1214,outandin
257,1294,outandin
257,1349,outandin
308,9,outandin
308,12,outandin
308,41,outandin
308,53,incoming
308,60,incoming
308,69,outandin
308,97,outandin
308,105,outandin
308,140,outandin
308,163,outandin
308,220,outandin
308,237,outandin
308,254,incoming
308,263,incoming
308,272,outandin
308,273,outandin
308,277,outandin
308,278,outandin
308,281,outandin
308,306,outandin
308,311,outandin
308,314,outandin
308,315,outandin
308,316,outandin
308,317,outandin
308,332,outandin
308,333,outandin
308,336,outandin
308,337,outandin
308,352,outandin
308,371,outandin
308,373,outandin
308,398,outandin
308,422,outandin
308,431,outandin
308,435,outandin
308,454,outandin
308,456,outandin
308,520,outandin
308,523,outandin
308,538,outandin
308,540,outandin
308,545,outandin
308,549,outandin
308,561,outandin
308,566,outandin
308,583,outandin
308,586,outandin
308,595,outandin
308,605,outandin
308,615,outandin
308,617,outandin
308,626,outandin
308,638,outandin
308,679,outandin
308,701,outandin
308,726,outandin
308,739,outandin
308,753,outandin
308,759,outandin
308,769,outandin
308,783,outandin
308,792,outandin
308,794,outandin
308,823,outandin
308,835,outandin
308,849,outandin
308,859,outandin
308,863,outandin
308,929,outandin
308,930,outandin
308,931,outandin
308,990,outandin
308,1004,outandin
308,1026,outandin
308,1042,outandin
308,1056,outandin
308,1068,outandin
308,1069,outandin
308,1110,outandin
308,1118,outandin
308,1185,outandin
308,1236,outandin
308,1281,outandin
308,1463,incoming
317,6,outandin
317,9,outandin
317,105,outandin
317,191,outandin
317,254,outandin
317,263,outandin
317,281,incoming
317,307,incoming
317,309,outandin
317,311,incoming
317,315,outandin
317,316,outandin
317,319,incoming
317,325,outandin
317,333,outandin
317,343,outandin
317,367,outandin
317,368,outandin
317,394,outandin
317,398,outandin
317,408,outandin
317,429,outandin
317,479,outandin
317,482,outandin
317,538,outandin
317,542,outandin
317,571,outandin
317,596,outandin
317,605,outandin
317,617,outandin
317,626,outandin
317,659,outandin
317,679,outandin
317,680,outandin
317,711,outandin
317,726,outandin
317,739,outandin
317,749,outandin
317,777,outandin
317,840,outandin
317,992,outandin
317,1011,outandin
317,1069,outandin
317,1111,outandin
317,1120,outandin
317,1168,outandin
317,1171,outandin
317,1181,outandin
317,1184,incoming
317,1260,outandin
317,1281,outandin
317,1283,outandin
321,8,outandin
321,52,outandin
321,75,outandin
321,119,outandin
321,120,outandin
321,144,outandin
321,154,outandin
321,172,outandin
321,174,outandin
321,175,outandin
321,177,outandin
321,191,outandin
321,203,outandin
321,209,outandin
321,212,outandin
321,219,outandin
321,220,outandin
321,228,outandin
321,233,outandin
321,236,outandin
321,242,outandin
321,263,outandin
321,266,outandin
321,270,outandin
321,277,incoming
321,278,outandin
321,280,outandin
321,288,outandin
321,297,outandin
321,299,outandin
321,300,outandin
321,306,outandin
321,309,outandin
321,311,outandin
321,316,outandin
321,325,outandin
321,343,outandin
321,344,outandin
321,348,outandin
321,349,outandin
321,352,outandin
321,358,outandin
321,359,outandin
321,365,outandin
321,368,outandin
321,371,outandin
321,372,outandin
321,373,outandin
321,376,outandin
321,389,outandin
321,392,incoming
321,396,outandin
321,402,outandin
321,405,outandin
321,411,outandin
321,412,outandin
321,437,outandin
321,449,outandin
321,450,outandin
321,454,outandin
321,460,outandin
321,464,outandin
321,466,outandin
321,472,outandin
321,476,outandin
321,479,outandin
321,480,outandin
321,481,outandin
321,482,outandin
321,487,outandin
321,489,outandin
321,490,outandin
321,491,outandin
321,495,outandin
321,500,outandin
321,502,outandin
321,504,outandin
321,506,outandin
321,507,outandin
321,520,outandin
321,538,outandin
321,550,outandin
321,574,outandin
321,587,outandin
321,593,outandin
321,595,outandin
321,598,outandin
321,599,outandin
321,607,outandin
321,609,outandin
321,616,outandin
321,621,outandin
321,626,outandin
321,638,outandin
321,639,outandin
321,663,outandin
321,675,outandin
321,686,outandin
321,697,outandin
321,713,outandin
321,721,outandin
321,754,outandin
321,758,outandin
321,765,outandin
321,766,outandin
321,774,outandin
321,783,outandin
321,784,outandin
321,798,outandin
321,801,outandin
321,1260,outandin
371,9,outandin
371,41,outandin
371,48,outandin
371,62,outandin
371,67,outandin
371,95,outandin
371,103,outandin
371,189,outandin
371,191,outandin
371,289,outandin
371,306,outandin
371,368,outandin
371,372,outandin
371,377,outandin
371,431,outandin
371,448,outandin
371,481,outandin
371,551,outandin
371,555,outandin
371,590,outandin
371,636,outandin
371,789,outandin
371,871,outandin
371,1269,outandin
372,26,outandin
372,73,outandin
372,97,outandin
372,103,outandin
372,128,outandin
372,152,outandin
372,212,outandin
372,220,outandin
372,233,outandin
372,236,outandin
372,242,outandin
372,278,outandin
372,294,outandin
372,297,outandin
372,311,outandin
372,314,outandin
372,353,incoming
372,355,outandin
372,365,outandin
372,368,outandin
372,375,outandin
372,376,outandin
372,378,outandin
372,385,outandin
372,389,outandin
372,391,outandin
372,392,outandin
372,393,outandin
372,396,outandin
372,402,outandin
372,407,outandin
372,409,outandin
372,429,outandin
372,431,outandin
372,437,outandin
372,445,outandin
372,447,outandin
372,448,outandin
372,454,outandin
372,460,outandin
372,461,outandin
372,466,outandin
372,473,outandin
372,474,outandin
372,475,outandin
372,482,incoming
372,483,outandin
372,484,outandin
372,489,outandin
372,494,outandin
372,495,outandin
372,508,outandin
372,513,outandin
372,514,outandin
372,527,outandin
372,536,incoming
372,538,outandin
372,546,outandin
372,560,outandin
372,569,incoming
372,592,outandin
372,595,outandin
372,598,outandin
372,605,outandin
372,621,outandin
372,638,outandin
372,639,outandin
372,652,outandin
372,673,outandin
372,679,outandin
372,686,outandin
372,701,outandin
372,711,outandin
372,713,incoming
372,753,outandin
372,758,outandin
372,761,outandin
372,765,outandin
372,766,outandin
372,769,outandin
372,792,incoming
372,798,outandin
372,799,outandin
372,818,incoming
372,823,outandin
372,826,outandin
372,831,outandin
372,835,outandin
372,843,outandin
372,844,outandin
372,859,outandin
372,864,outandin
372,874,outandin
372,919,outandin
372,928,outandin
372,932,outandin
372,938,outandin
372,952,outandin
372,969,outandin
372,975,outandin
372,988,outandin
372,1005,outandin
372,1018,outandin
372,1050,outandin
372,1111,outandin
372,1117,outandin
372,1163,outandin
372,1189,outandin
372,1209,outandin
372,1214,outandin
372,1236,outandin
372,1244,outandin
372,1246,outandin
372,1268,outandin
372,1280,outandin
372,1283,outandin
372,1352,outandin
372,1354,outandin
372,1358,outandin
372,1359,outandin
372,1362,outandin
372,1377,outandin
372,1381,outandin
372,1402,outandin
372,1412,outandin
372,1529,outandin
377,48,outandin
377,50,outandin
377,53,outandin
377,103,outandin
377,144,outandin
377,263,outandin
377,272,outandin
377,281,outandin
377,288,outandin
377,289,outandin
377,306,outandin
377,332,outandin
377,343,outandin
377,376,outandin
377,415,outandin
377,475,outandin
377,482,outandin
377,551,outandin
377,592,outandin
377,615,outandin
377,627,outandin
377,704,outandin
377,755,outandin
377,777,outandin
377,790,outandin
377,814,outandin
377,871,outandin
377,941,outandin
377,942,outandin
377,950,outandin
377,992,outandin
377,1019,outandin
377,1047,outandin
377,1051,outandin
377,1060,outandin
377,1117,outandin
377,1122,outandin
377,1185,outandin
377,1283,outandin
377,1507,outandin
385,63,outandin
385,70,outandin
385,274,outandin
385,638,outandin
415,12,outandin
415,142,outandin
415,143,outandin
415,195,outandin
415,244,outandin
415,263,outandin
415,329,outandin
415,436,outandin
415,475,outandin
415,538,outandin
415,808,outandin
415,840,outandin
415,997,incoming
415,1121,outandin
415,1208,outandin
415,1231,outandin
415,1244,outandin
415,1246,outandin
415,1260,outandin
415,1283,outandin
415,1350,outandin
415,1433,outandin
482,8,outandin
482,9,outandin
482,41,outandin
482,67,outandin
482,70,outandin
482,97,outandin
482,105,outandin
482,142,outandin
482,184,outandin
482,204,incoming
482,212,outandin
482,220,outandin
482,248,outandin
482,254,outandin
482,260,outandin
482,263,outandin
482,266,outandin
482,269,outandin
482,272,outandin
482,277,outandin
482,281,outandin
482,283,outandin
482,297,outandin
482,316,outandin
482,325,outandin
482,332,outandin
482,353,outandin
482,368,outandin
482,379,outandin
482,389,incoming
482,396,outandin
482,437,outandin
482,454,incoming
482,532,outandin
482,546,outandin
482,555,outandin
482,588,outandin
482,598,outandin
482,638,outandin
482,697,outandin
482,713,outandin
482,761,outandin
482,766,outandin
482,799,outandin
482,809,outandin
482,823,outandin
482,864,outandin
482,878,outandin
482,901,outandin
482,928,outandin
482,986,outandin
482,1005,outandin
482,1072,outandin
482,1103,outandin
482,1189,incoming
482,1217,outandin
482,1281,outandin
482,1283,outandin
482,1294,outandin
482,1402,outandin
482,1489,incoming
487,105,outandin
487,437,outandin
487,598,incoming
487,617,outandin
487,658,outandin
487,697,outandin
487,1026,outandin
487,1236,outandin
487,1281,outandin
488,120,outandin
488,172,outandin
488,242,outandin
488,598,outandin
495,41,outandin
495,103,incoming
495,121,outandin
495,172,incoming
495,181,outandin
495,191,outandin
495,254,outandin
495,263,outandin
495,339,outandin
495,342,outandin
495,424,outandin
495,448,outandin
495,498,incoming
495,539,outandin
495,540,outandin
495,542,outandin
495,546,outandin
495,549,outandin
495,560,outandin
495,585,outandin
495,586,outandin
495,646,outandin
495,649,outandin
495,652,outandin
495,714,outandin
495,770,outandin
495,794,outandin
495,800,outandin
495,815,outandin
495,831,incoming
495,864,outandin
495,871,outandin
495,884,outandin
495,950,incoming
495,1000,outandin
495,1043,incoming
495,1049,outandin
495,1050,outandin
495,1066,outandin
495,1113,incoming
495,1185,outandin
495,1213,incoming
495,1281,outandin
495,1328,outandin
495,1367,incoming
495,1381,outandin
495,1433,incoming
495,1517,outandin
498,69,outandin
498,97,outandin
498,105,outandin
498,199,outandin
498,204,outandin
498,228,outandin
498,256,outandin
498,274,outandin
498,277,outandin
498,297,outandin
498,378,outandin
498,389,outandin
498,393,outandin
498,449,outandin
498,501,outandin
498,548,outandin
498,598,outandin
498,626,outandin
498,638,outandin
498,639,outandin
498,649,outandin
498,654,outandin
498,686,outandin
498,708,outandin
498,713,outandin
498,753,outandin
498,815,outandin
498,823,outandin
498,831,outandin
498,840,outandin
498,864,outandin
498,869,outandin
498,874,outandin
498,881,outandin
498,985,outandin
498,1050,outandin
498,1068,outandin
498,1072,outandin
498,1100,outandin
498,1101,outandin
498,1135,outandin
498,1158,outandin
498,1215,outandin
498,1236,outandin
498,1283,outandin
498,1293,outandin
498,1402,outandin
498,1434,outandin
498,1444,outandin
498,1470,outandin
555,62,outandin
555,147,outandin
555,212,outandin
555,305,outandin
555,306,outandin
555,318,outandin
555,352,outandin
555,365,outandin
555,388,outandin
555,391,outandin
555,393,outandin
555,402,outandin
555,440,outandin
555,463,outandin
555,502,outandin
555,509,outandin
555,513,outandin
555,514,outandin
555,517,outandin
555,545,outandin
555,562,outandin
555,570,outandin
555,590,outandin
555,594,outandin
555,607,outandin
555,626,outandin
555,627,outandin
555,636,outandin
555,639,outandin
555,641,outandin
555,654,outandin
555,676,outandin
555,700,outandin
555,754,outandin
555,762,outandin
555,765,outandin
555,795,outandin
555,802,outandin
555,840,outandin
555,843,outandin
555,886,outandin
555,964,outandin
555,969,outandin
555,992,outandin
555,1019,outandin
555,1047,outandin
555,1060,outandin
555,1117,outandin
555,1167,outandin
555,1173,outandin
555,1185,outandin
555,1187,outandin
555,1236,outandin
555,1281,outandin
555,1292,outandin
555,1449,outandin
590,212,outandin
590,266,outandin
590,346,outandin
590,388,outandin
590,402,outandin
590,408,outandin
590,439,outandin
590,440,outandin
590,513,outandin
590,514,outandin
590,551,outandin
590,562,outandin
590,583,outandin
590,587,outandin
590,595,outandin
590,596,outandin
590,626,outandin
590,627,outandin
590,636,outandin
590,638,outandin
590,639,outandin
590,641,outandin
590,648,outandin
590,649,outandin
590,654,outandin
590,681,outandin
590,753,outandin
590,760,outandin
590,795,outandin
590,835,outandin
590,840,outandin
590,859,outandin
590,893,outandin
590,964,outandin
590,975,outandin
590,986,outandin
590,1019,outandin
590,1033,outandin
590,1060,outandin
590,1144,outandin
590,1185,outandin
590,1283,outandin
687,6,outandin
687,41,outandin
687,69,outandin
687,97,outandin
687,128,outandin
687,193,outandin
687,212,outandin
687,252,outandin
687,260,outandin
687,263,outandin
687,266,outandin
687,277,incoming
687,283,outandin
687,298,outandin
687,334,outandin
687,367,outandin
687,376,outandin
687,409,outandin
687,438,incoming
687,463,outandin
687,473,outandin
687,479,outandin
687,480,outandin
687,481,outandin
687,573,outandin
687,586,outandin
687,598,outandin
687,605,outandin
687,616,outandin
687,638,outandin
687,639,outandin
687,640,outandin
687,642,outandin
687,673,outandin
687,713,outandin
687,753,outandin
687,757,incoming
687,783,outandin
687,785,outandin
687,815,outandin
687,823,outandin
687,832,outandin
687,836,outandin
687,843,outandin
687,859,outandin
687,876,outandin
687,936,outandin
687,950,outandin
687,1004,outandin
687,1032,outandin
687,1051,outandin
687,1054,outandin
687,1056,outandin
687,1069,outandin
687,1097,outandin
687,1101,outandin
687,1178,outandin
687,1185,outandin
687,1237,outandin
687,1281,outandin
687,1283,outandin
687,1378,outandin
687,1402,outandin
814,12,outandin
814,47,outandin
814,63,outandin
814,105,outandin
814,297,outandin
814,603,outandin
814,823,outandin
814,826,outandin
814,871,outandin
814,913,outandin
814,925,outandin
814,928,outandin
814,1281,outandin
814,1552,outandin
1110,63,outandin
1110,281,outandin
1110,343,outandin
1110,474,outandin
1110,658,outandin
1110,752,outandin
1110,1146,outandin
1110,1434,outandin
1113,70,outandin
1113,128,incoming
1113,142,outandin
1113,233,outandin
1113,277,outandin
1113,294,outandin
1113,297,outandin
1113,309,outandin
1113,353,outandin
1113,389,outandin
1113,396,outandin
1113,437,incoming
1113,508,outandin
1113,536,outandin
1113,576,outandin
1113,598,outandin
1113,607,outandin
1113,609,outandin
1113,638,outandin
1113,673,outandin
1113,739,outandin
1113,774,outandin
1113,783,outandin
1113,794,outandin
1113,815,incoming
1113,823,outandin
1113,840,outandin
1113,886,outandin
1113,928,outandin
1113,933,outandin
1113,987,outandin
1113,990,incoming
1113,1131,outandin
1113,1160,outandin
1113,1161,outandin
1113,1182,outandin
1113,1207,outandin
1113,1214,outandin
1113,1216,outandin
1113,1255,incoming
1113,1283,outandin
1113,1294,outandin
1113,1306,outandin
1113,1348,outandin
1113,1493,incoming
1113,1509,outandin
1113,1517,outandin
1113,1541,outandin
1192,1530,outandin
1249,881,outandin
1249,1218,outandin
6,7,outandin
6,48,outandin
6,69,outandin
6,73,outandin
6,90,outandin
6,96,outandin
6,122,outandin
6,124,outandin
6,140,outandin
6,143,outandin
6,201,outandin
6,212,outandin
6,252,outandin
6,274,outandin
6,277,outandin
6,278,outandin
6,299,outandin
6,303,outandin
6,307,outandin
6,325,outandin
6,335,outandin
6,341,outandin
6,343,outandin
6,350,outandin
6,376,outandin
6,378,outandin
6,398,outandin
6,404,outandin
6,409,outandin
6,413,outandin
6,422,outandin
6,439,outandin
6,447,outandin
6,472,outandin
6,479,outandin
6,481,outandin
6,515,outandin
6,540,outandin
6,566,outandin
6,574,outandin
6,578,outandin
6,591,outandin
6,597,outandin
6,603,outandin
6,636,outandin
6,639,outandin
6,642,outandin
6,686,outandin
6,704,outandin
6,712,outandin
6,739,outandin
6,753,outandin
6,794,outandin
6,833,outandin
6,1020,outandin
6,1174,outandin
6,1180,outandin
6,1410,outandin
7,8,outandin
7,26,outandin
7,679,outandin
48,46,outandin
48,52,outandin
48,79,outandin
48,81,outandin
48,86,outandin
48,90,outandin
48,96,outandin
48,97,outandin
48,144,outandin
48,145,outandin
48,152,outandin
48,175,outandin
48,204,outandin
48,212,outandin
48,220,outandin
48,256,outandin
48,259,outandin
48,266,outandin
48,274,outandin
48,307,outandin
48,311,outandin
48,314,outandin
48,447,outandin
48,474,outandin
48,538,outandin
48,621,outandin
48,638,outandin
48,683,outandin
48,701,outandin
48,713,outandin
48,721,outandin
48,753,outandin
48,758,outandin
48,762,outandin
48,840,outandin
48,986,outandin
48,1015,outandin
48,1136,outandin
48,1184,outandin
48,1286,outandin
69,34,outandin
69,67,incoming
69,75,outandin
69,79,outandin
69,95,outandin
69,104,outandin
69,119,outandin
69,124,outandin
69,228,outandin
69,252,outandin
69,254,outandin
69,263,outandin
69,271,outandin
69,289,outandin
69,293,outandin
69,349,outandin
69,356,outandin
69,357,outandin
69,368,outandin
69,373,outandin
69,403,outandin
69,418,outandin
69,448,outandin
69,450,outandin
69,649,outandin
69,704,outandin
69,727,outandin
69,733,outandin
69,752,outandin
69,915,outandin
69,996,outandin
69,1004,outandin
69,1034,outandin
69,1269,outandin
69,1296,outandin
69,1508,outandin
73,12,outandin
73,63,outandin
73,74,outandin
73,142,outandin
73,212,outandin
73,252,outandin
73,277,outandin
73,343,outandin
73,379,outandin
73,389,outandin
73,391,outandin
73,393,outandin
73,452,outandin
73,454,outandin
73,460,outandin
73,463,outandin
73,525,outandin
73,596,outandin
73,605,outandin
73,617,incoming
73,626,outandin
73,652,outandin
73,658,outandin
73,697,outandin
73,753,outandin
73,773,outandin
73,787,outandin
73,926,outandin
73,986,outandin
73,991,outandin
73,1281,outandin
90,12,outandin
90,41,outandin
90,56,outandin
90,67,outandin
90,70,outandin
90,105,outandin
90,269,outandin
90,479,outandin
90,594,outandin
90,598,outandin
90,605,outandin
90,617,outandin
90,642,outandin
90,697,outandin
90,713,outandin
90,793,outandin
90,809,outandin
90,841,outandin
90,1006,outandin
90,1072,outandin
90,1283,outandin
90,1339,outandin
96,12,outandin
96,62,outandin
96,74,outandin
96,95,outandin
96,105,outandin
96,124,outandin
96,137,outandin
96,163,outandin
96,164,outandin
96,224,outandin
96,231,outandin
96,232,outandin
96,517,outandin
96,704,outandin
96,781,outandin
96,828,outandin
96,1269,outandin
122,26,outandin
122,787,outandin
124,8,outandin
124,61,outandin
124,70,outandin
124,85,outandin
124,97,outandin
124,109,outandin
124,114,outandin
124,140,outandin
124,219,outandin
124,266,outandin
124,277,outandin
124,318,outandin
124,396,outandin
124,447,incoming
124,449,incoming
124,452,outandin
124,474,outandin
124,551,outandin
124,583,outandin
124,598,outandin
124,605,outandin
124,617,outandin
124,711,outandin
124,712,outandin
124,713,outandin
124,986,outandin
124,1138,outandin
124,1234,outandin
124,1402,outandin
140,12,outandin
140,19,outandin
140,105,outandin
140,201,outandin
140,276,outandin
140,278,outandin
140,470,outandin
140,509,outandin
140,574,outandin
140,681,outandin
140,704,outandin
140,847,outandin
140,1000,outandin
143,67,outandin
143,95,outandin
143,103,outandin
143,163,outandin
143,201,incoming
143,250,outandin
143,357,incoming
143,442,outandin
143,456,outandin
143,479,outandin
143,542,outandin
143,681,outandin
143,762,outandin
143,834,outandin
143,915,outandin
143,966,outandin
143,1037,outandin
143,1042,outandin
143,1094,outandin
143,1339,outandin
201,52,outandin
201,274,outandin
201,410,outandin
201,607,outandin
201,617,outandin
201,938,outandin
201,1053,outandin
212,9,outandin
212,34,outandin
212,66,outandin
212,67,outandin
212,74,outandin
212,75,outandin
212,105,outandin
212,119,outandin
212,199,outandin
212,204,outandin
212,209,outandin
212,224,outandin
212,228,outandin
212,236,outandin
212,252,outandin
212,254,outandin
212,263,outandin
212,274,outandin
212,289,outandin
212,299,outandin
212,303,incoming
212,305,outandin
212,306,outandin
212,309,outandin
212,339,outandin
212,352,outandin
212,368,outandin
212,376,outandin
212,387,outandin
212,388,outandin
212,394,outandin
212,413,outandin
212,416,outandin
212,422,outandin
212,439,outandin
212,472,outandin
212,479,outandin
212,480,outandin
212,481,outandin
212,509,outandin
212,532,outandin
212,539,outandin
212,576,outandin
212,597,outandin
212,627,outandin
212,639,outandin
212,642,outandin
212,646,outandin
212,678,outandin
212,681,outandin
212,696,outandin
212,703,outandin
212,704,outandin
212,712,outandin
212,741,outandin
212,757,outandin
212,760,outandin
212,765,outandin
212,876,outandin
212,964,outandin
212,1004,outandin
212,1054,outandin
212,1168,outandin
212,1289,outandin
212,1507,outandin
212,1551,outandin
252,9,outandin
252,97,outandin
252,105,outandin
252,242,outandin
252,266,outandin
252,277,outandin
252,297,outandin
252,350,outandin
252,376,outandin
252,387,outandin
252,389,outandin
252,391,outandin
252,433,outandin
252,456,outandin
252,463,outandin
252,472,outandin
252,481,outandin
252,513,outandin
252,517,outandin
252,542,outandin
252,586,outandin
252,595,outandin
252,598,outandin
252,607,outandin
252,616,outandin
252,638,outandin
252,639,outandin
252,713,outandin
252,757,outandin
252,765,outandin
252,766,incoming
252,783,outandin
252,815,outandin
252,831,outandin
252,935,outandin
252,1000,outandin
252,1018,outandin
252,1026,outandin
252,1056,outandin
252,1069,outandin
252,1103,outandin
252,1236,outandin
252,1283,outandin
252,1291,outandin
252,1338,outandin
252,1402,outandin
274,74,outandin
274,214,outandin
274,376,outandin
274,416,outandin
274,462,outandin
274,481,outandin
274,597,outandin
274,639,outandin
274,644,outandin
274,645,outandin
274,703,outandin
274,719,outandin
274,720,outandin
274,805,outandin
274,940,outandin
274,1037,outandin
277,34,outandin
277,41,outandin
277,50,outandin
277,74,outandin
277,79,outandin
277,80,outandin
277,103,incoming
277,172,outandin
277,184,outandin
277,191,outandin
277,254,outandin
277,263,outandin
277,271,outandin
277,283,outandin
277,299,outandin
277,352,outandin
277,361,outandin
277,362,outandin
277,376,outandin
277,414,outandin
277,417,outandin
277,422,outandin
277,423,outandin
277,448,outandin
277,468,outandin
277,481,outandin
277,496,outandin
277,497,outandin
277,509,outandin
277,514,outandin
277,518,outandin
277,567,outandin
277,583,outandin
277,594,incoming
277,602,outandin
277,603,outandin
277,605,outandin
277,609,outandin
277,615,outandin
277,644,outandin
277,649,outandin
277,652,outandin
277,673,outandin
277,704,outandin
277,706,outandin
277,714,outandin
277,770,outandin
277,777,outandin
277,778,incoming
277,779,outandin
277,794,incoming
277,797,outandin
277,815,outandin
277,823,outandin
277,830,outandin
277,871,outandin
277,884,outandin
277,950,outandin
277,980,outandin
277,990,outandin
277,993,outandin
277,996,outandin
277,1004,outandin
277,1023,outandin
277,1032,outandin
277,1054,outandin
277,1066,outandin
277,1093,outandin
277,1185,outandin
277,1186,outandin
277,1189,outandin
277,1213,outandin
277,1224,outandin
277,1236,outandin
277,1241,outandin
277,1320,outandin
277,1328,outandin
277,1381,outandin
277,1416,outandin
277,1438,outandin
277,1508,outandin
278,27,outandin
278,62,outandin
278,63,outandin
278,335,outandin
278,370,outandin
278,479,outandin
278,638,outandin
278,752,outandin
278,883,incoming
278,1215,outandin
278,1248,outandin
278,1283,outandin
299,9,outandin
299,34,outandin
299,103,outandin
299,209,outandin
299,254,outandin
299,259,outandin
299,266,outandin
299,350,outandin
299,351,outandin
299,357,outandin
299,399,outandin
299,431,outandin
299,448,outandin
299,462,outandin
299,705,outandin
299,1036,outandin
299,1083,outandin
299,1175,incoming
303,204,outandin
303,294,outandin
303,298,outandin
303,316,outandin
303,389,outandin
303,513,outandin
303,835,outandin
303,840,outandin
303,1215,incoming
303,1548,incoming
307,67,outandin
307,105,outandin
307,189,outandin
307,254,outandin
307,281,outandin
307,309,outandin
307,325,outandin
307,341,outandin
307,368,outandin
307,431,outandin
307,509,outandin
307,642,outandin
307,777,outandin
307,781,outandin
307,1087,outandin
307,1183,outandin
325,41,outandin
325,53,outandin
325,61,outandin
325,97,outandin
325,109,outandin
325,128,outandin
325,242,outandin
325,266,outandin
325,297,outandin
325,316,outandin
325,318,outandin
325,319,outandin
325,326,outandin
325,344,outandin
325,378,outandin
325,379,outandin
325,391,outandin
325,437,outandin
325,447,outandin
325,479,outandin
325,483,outandin
325,494,outandin
325,513,outandin
325,523,outandin
325,532,outandin
325,542,outandin
325,548,outandin
325,549,incoming
325,553,outandin
325,559,outandin
325,560,outandin
325,567,outandin
325,573,outandin
325,583,outandin
325,598,outandin
325,607,outandin
325,610,outandin
325,625,outandin
325,632,outandin
325,642,outandin
325,644,outandin
325,645,outandin
325,683,outandin
325,707,outandin
325,712,outandin
325,713,outandin
325,743,outandin
325,760,outandin
325,783,outandin
325,805,outandin
325,809,outandin
325,817,outandin
325,823,outandin
325,831,outandin
325,840,outandin
325,859,outandin
325,874,outandin
325,924,outandin
325,926,outandin
325,938,outandin
325,941,outandin
325,952,outandin
325,1033,outandin
325,1049,outandin
325,1059,outandin
325,1069,outandin
325,1072,outandin
325,1132,outandin
325,1158,outandin
325,1169,outandin
325,1181,outandin
325,1211,outandin
325,1243,outandin
325,1248,outandin
325,1260,outandin
325,1281,outandin
325,1283,outandin
325,1292,outandin
325,1402,outandin
325,1423,outandin
335,19,outandin
335,34,outandin
335,50,outandin
335,60,outandin
335,98,outandin
335,115,outandin
335,174,outandin
335,191,outandin
335,263,outandin
335,350,outandin
335,356,outandin
335,365,outandin
335,368,outandin
335,373,outandin
335,398,outandin
335,422,outandin
335,631,outandin
341,53,outandin
341,145,outandin
341,157,outandin
341,353,outandin
341,379,outandin
341,460,outandin
341,504,outandin
341,578,outandin
341,605,outandin
341,634,outandin
341,638,outandin
341,679,outandin
341,686,outandin
341,697,outandin
341,701,outandin
341,711,outandin
341,793,incoming
341,831,outandin
341,840,outandin
341,863,outandin
341,950,outandin
341,1072,outandin
341,1087,outandin
341,1093,outandin
341,1118,outandin
341,1132,outandin
341,1136,outandin
341,1138,outandin
341,1181,outandin
341,1255,outandin
341,1280,outandin
341,1338,incoming
341,1373,outandin
341,1423,outandin
341,1437,outandin
343,9,outandin
343,12,outandin
343,34,outandin
343,38,outandin
343,41,outandin
343,53,outandin
343,62,outandin
343,67,outandin
343,74,outandin
343,103,outandin
343,105,outandin
343,254,outandin
343,259,outandin
343,338,outandin
343,350,outandin
343,357,outandin
343,386,outandin
343,423,outandin
343,424,outandin
343,431,outandin
343,438,outandin
343,492,outandin
343,624,outandin
343,688,outandin
343,735,outandin
343,755,outandin
343,790,outandin
343,834,outandin
343,873,outandin
343,1242,outandin
350,311,outandin
350,358,outandin
350,365,outandin
350,376,outandin
350,436,outandin
350,439,outandin
350,447,outandin
350,480,outandin
350,481,outandin
350,561,outandin
350,576,outandin
350,592,outandin
350,605,outandin
350,617,outandin
350,626,outandin
350,632,outandin
350,713,outandin
350,753,outandin
350,802,outandin
350,860,outandin
350,872,outandin
350,1102,outandin
350,1168,outandin
350,1353,outandin
376,50,outandin
376,191,outandin
376,481,outandin
376,514,outandin
376,811,outandin
376,824,incoming
376,1117,outandin
376,1136,outandin
376,1183,outandin
378,38,outandin
378,67,outandin
378,74,outandin
378,103,outandin
378,193,outandin
378,228,outandin
378,254,outandin
378,263,outandin
378,357,outandin
378,396,outandin
378,398,outandin
378,407,outandin
378,425,outandin
378,481,outandin
378,586,outandin
378,644,outandin
378,994,outandin
378,1190,outandin
398,8,outandin
398,74,outandin
398,97,outandin
398,105,outandin
398,134,outandin
398,144,outandin
398,164,outandin
398,175,outandin
398,209,outandin
398,254,outandin
398,260,outandin
398,291,outandin
398,354,outandin
398,365,outandin
398,368,outandin
398,394,outandin
398,396,outandin
398,405,incoming
398,431,outandin
398,456,outandin
398,463,outandin
398,465,outandin
398,468,outandin
398,471,outandin
398,479,outandin
398,480,outandin
398,483,outandin
398,502,outandin
398,503,outandin
398,509,outandin
398,546,outandin
398,679,outandin
398,701,outandin
398,725,outandin
398,758,outandin
398,771,outandin
398,782,outandin
398,834,outandin
398,1013,incoming
398,1136,outandin
398,1215,outandin
398,1260,outandin
398,1291,outandin
398,1359,outandin
398,1377,outandin
398,1526,outandin
404,26,outandin
404,105,outandin
404,204,outandin
404,368,outandin
404,679,outandin
404,787,outandin
409,8,outandin
409,9,outandin
409,12,outandin
409,19,outandin
409,34,outandin
409,38,outandin
409,50,outandin
409,74,outandin
409,103,incoming
409,147,outandin
409,149,outandin
409,191,outandin
409,236,outandin
409,260,outandin
409,263,outandin
409,349,outandin
409,357,outandin
409,413,outandin
409,542,outandin
409,563,incoming
409,586,outandin
409,871,outandin
409,1004,outandin
409,1032,outandin
409,1283,outandin
413,144,outandin
413,479,outandin
413,605,outandin
413,654,outandin
413,659,outandin
413,673,outandin
413,683,outandin
413,690,outandin
413,859,outandin
413,1018,outandin
413,1281,outandin
422,27,outandin
422,62,outandin
422,97,outandin
422,285,outandin
422,297,outandin
422,365,outandin
422,375,outandin
422,386,outandin
422,389,outandin
422,391,outandin
422,394,outandin
422,449,outandin
422,460,outandin
422,536,outandin
422,549,outandin
422,598,outandin
422,607,outandin
422,615,outandin
422,673,outandin
422,697,outandin
422,768,outandin
422,800,outandin
422,815,outandin
422,835,outandin
422,1041,outandin
422,1060,outandin
422,1281,outandin
422,1283,outandin
422,1402,outandin
439,12,outandin
439,102,outandin
439,103,outandin
439,105,outandin
439,131,outandin
439,306,outandin
439,388,outandin
439,440,outandin
439,513,outandin
439,514,outandin
439,540,outandin
439,545,outandin
439,562,outandin
439,636,outandin
439,638,outandin
439,778,outandin
439,795,outandin
439,952,outandin
439,1019,outandin
439,1449,outandin
447,34,outandin
447,95,incoming
447,103,outandin
447,119,outandin
447,172,outandin
447,224,outandin
447,254,outandin
447,368,outandin
447,456,outandin
447,612,outandin
447,719,outandin
447,1037,outandin
447,1283,outandin
447,1526,outandin
472,9,outandin
472,263,outandin
472,479,outandin
479,8,outandin
479,12,outandin
479,27,outandin
479,103,outandin
479,144,outandin
479,145,outandin
479,204,outandin
479,220,outandin
479,263,outandin
479,314,outandin
479,358,outandin
479,367,outandin
479,432,outandin
479,474,outandin
479,481,outandin
479,483,outandin
479,605,outandin
479,638,outandin
479,639,outandin
479,642,outandin
479,659,outandin
479,683,outandin
479,711,outandin
479,712,outandin
479,713,outandin
479,753,outandin
479,758,outandin
479,788,outandin
479,1018,outandin
479,1033,outandin
479,1184,outandin
479,1213,outandin
479,1236,outandin
479,1338,outandin
481,19,outandin
481,27,outandin
481,41,outandin
481,50,outandin
481,53,outandin
481,59,outandin
481,62,outandin
481,97,outandin
481,204,outandin
481,233,outandin
481,266,outandin
481,297,outandin
481,332,outandin
481,348,outandin
481,387,outandin
481,396,outandin
481,429,outandin
481,452,outandin
481,475,outandin
481,517,outandin
481,561,outandin
481,566,outandin
481,586,outandin
481,638,outandin
481,639,outandin
481,642,outandin
481,644,outandin
481,654,outandin
481,679,outandin
481,700,outandin
481,701,outandin
481,768,outandin
481,769,outandin
481,783,outandin
481,815,outandin
481,838,outandin
481,975,outandin
481,988,outandin
481,992,outandin
481,1236,outandin
481,1284,outandin
481,1402,outandin
515,41,outandin
515,144,outandin
515,283,outandin
515,603,outandin
540,105,outandin
540,191,outandin
540,204,outandin
540,306,outandin
540,309,outandin
540,319,outandin
540,334,outandin
540,365,outandin
540,502,outandin
540,517,outandin
540,538,outandin
540,571,outandin
540,588,outandin
540,616,outandin
540,638,outandin
540,667,outandin
540,739,outandin
540,754,outandin
540,778,outandin
540,831,outandin
540,990,outandin
540,1104,outandin
540,1226,outandin
540,1281,outandin
540,1349,outandin
566,9,outandin
566,19,outandin
566,41,outandin
566,103,outandin
566,431,outandin
574,266,outandin
574,652,outandin
574,1042,outandin
578,1284,outandin
591,475,outandin
591,711,outandin
597,635,outandin
597,853,outandin
603,12,outandin
603,41,outandin
603,105,outandin
603,157,outandin
603,248,outandin
603,283,outandin
603,375,outandin
603,475,outandin
603,598,outandin
603,628,outandin
603,638,outandin
603,713,outandin
603,722,outandin
603,919,outandin
603,1283,outandin
636,9,outandin
636,388,outandin
636,513,outandin
636,562,outandin
636,588,outandin
636,599,outandin
636,626,outandin
636,638,outandin
636,655,outandin
639,103,incoming
639,128,outandin
639,160,outandin
639,309,outandin
639,388,outandin
639,401,outandin
639,509,outandin
639,586,outandin
639,632,outandin
639,642,outandin
639,714,outandin
639,733,outandin
639,740,outandin
639,749,outandin
639,878,outandin
639,915,outandin
639,980,outandin
639,993,outandin
639,994,outandin
639,1004,outandin
639,1033,outandin
639,1054,outandin
639,1289,outandin
639,1381,outandin
639,1433,outandin
639,1438,incoming
642,41,outandin
642,53,outandin
642,263,outandin
642,266,outandin
642,367,outandin
642,418,outandin
642,474,outandin
642,475,outandin
642,547,outandin
642,638,outandin
642,640,outandin
642,645,outandin
642,652,outandin
642,673,outandin
642,711,incoming
642,721,outandin
642,735,outandin
642,753,outandin
642,758,outandin
642,766,outandin
642,774,outandin
642,781,outandin
642,784,outandin
642,949,outandin
642,963,outandin
642,1024,outandin
642,1280,outandin
642,1338,outandin
642,1402,outandin
642,1444,outandin
686,9,outandin
686,27,outandin
686,74,outandin
686,103,outandin
686,131,outandin
686,163,outandin
686,193,outandin
686,234,outandin
686,263,outandin
686,339,outandin
686,448,outandin
686,542,outandin
686,621,incoming
686,640,outandin
686,667,outandin
686,719,outandin
686,770,outandin
686,782,outandin
686,873,outandin
686,924,outandin
686,950,outandin
686,1000,outandin
686,1168,outandin
704,63,incoming
704,105,outandin
704,260,outandin
704,288,outandin
704,297,outandin
704,393,outandin
704,504,outandin
704,596,outandin
704,598,outandin
704,605,outandin
704,617,incoming
704,700,outandin
704,707,outandin
704,711,outandin
704,712,outandin
704,713,outandin
704,758,outandin
704,766,outandin
704,768,outandin
704,776,outandin
704,788,outandin
704,798,outandin
704,799,outandin
704,813,outandin
704,822,incoming
704,835,outandin
704,839,outandin
704,841,outandin
704,848,outandin
704,852,outandin
704,859,outandin
704,901,outandin
704,919,outandin
704,924,outandin
704,943,outandin
704,958,incoming
704,971,outandin
704,978,outandin
704,986,outandin
704,1026,outandin
704,1050,outandin
704,1053,outandin
704,1060,outandin
704,1067,outandin
704,1072,outandin
704,1091,outandin
704,1092,outandin
704,1100,outandin
704,1131,outandin
704,1138,outandin
704,1141,outandin
704,1181,outandin
704,1183,outandin
704,1195,outandin
704,1196,outandin
704,1209,outandin
704,1214,outandin
704,1217,outandin
704,1231,incoming
704,1234,outandin
704,1236,outandin
704,1244,outandin
704,1246,outandin
704,1247,outandin
704,1248,outandin
704,1255,outandin
704,1257,outandin
704,1280,outandin
704,1283,outandin
704,1286,outandin
704,1295,outandin
704,1296,outandin
704,1297,outandin
704,1298,outandin
704,1302,outandin
704,1306,outandin
704,1322,outandin
704,1324,outandin
704,1329,outandin
704,1393,outandin
704,1395,outandin
704,1400,outandin
704,1402,outandin
704,1403,outandin
704,1423,outandin
704,1467,outandin
704,1468,outandin
704,1478,outandin
704,1487,outandin
704,1489,outandin
704,1509,outandin
712,95,incoming
712,103,outandin
712,105,outandin
712,189,outandin
712,214,outandin
712,250,outandin
712,309,outandin
712,448,outandin
712,492,outandin
712,640,outandin
712,644,outandin
712,705,outandin
712,713,outandin
712,719,outandin
712,728,outandin
712,733,outandin
712,753,outandin
712,758,outandin
712,834,outandin
712,1000,outandin
712,1037,outandin
712,1042,incoming
712,1398,outandin
739,53,outandin
739,105,outandin
739,254,outandin
739,337,outandin
739,392,outandin
739,438,outandin
739,503,outandin
739,583,outandin
739,616,outandin
739,745,outandin
739,754,outandin
739,755,outandin
739,778,outandin
739,781,outandin
739,1136,outandin
753,9,outandin
753,12,outandin
753,74,outandin
753,95,outandin
753,131,outandin
753,250,outandin
753,309,outandin
753,342,outandin
753,349,outandin
753,357,outandin
753,425,outandin
753,442,outandin
753,542,outandin
753,567,outandin
753,638,outandin
753,644,outandin
753,646,outandin
753,652,outandin
753,719,outandin
753,733,outandin
753,758,outandin
753,834,outandin
753,984,outandin
753,986,outandin
753,1033,outandin
753,1044,outandin
753,1100,outandin
753,1283,outandin
753,1302,outandin
753,1317,outandin
753,1373,outandin
753,1410,outandin
753,1433,outandin
794,27,outandin
794,41,outandin
794,105,outandin
794,204,outandin
794,449,outandin
794,549,outandin
794,598,outandin
794,616,outandin
794,638,outandin
794,928,outandin
794,1161,outandin
794,1294,outandin
794,1381,outandin
794,1401,outandin
833,679,outandin
1174,63,outandin
1174,502,outandin
1174,547,outandin
1174,679,outandin
1174,700,outandin
1174,1132,outandin
1174,1434,outandin
1180,475,outandin
1180,600,outandin
1180,852,outandin
1180,1031,outandin
1180,1183,outandin
1180,1267,outandin
1180,1393,incoming
1410,1507,outandin
8,9,incoming
8,12,incoming
8,19,outandin
8,23,outandin
8,67,outandin
8,79,outandin
8,87,outandin
8,103,outandin
8,105,outandin
8,129,outandin
8,164,outandin
8,189,outandin
8,224,outandin
8,249,outandin
8,250,outandin
8,254,outandin
8,266,outandin
8,276,outandin
8,289,outandin
8,342,outandin
8,349,outandin
8,357,outandin
8,395,outandin
8,403,outandin
8,423,outandin
8,432,outandin
8,520,outandin
8,615,outandin
8,624,outandin
8,634,outandin
8,771,outandin
8,834,outandin
8,986,outandin
8,1000,outandin
8,1269,outandin
8,1522,incoming
26,53,outandin
26,63,outandin
26,227,outandin
26,386,outandin
26,462,outandin
26,617,outandin
26,645,outandin
26,679,outandin
26,823,outandin
26,1033,outandin
26,1176,outandin
26,1281,outandin
26,1383,outandin
679,9,incoming
679,12,outandin
679,50,outandin
679,60,outandin
679,62,outandin
679,67,incoming
679,102,outandin
679,105,outandin
679,149,outandin
679,161,outandin
679,162,outandin
679,174,outandin
679,263,outandin
679,306,outandin
679,310,outandin
679,346,outandin
679,393,outandin
679,396,outandin
679,418,outandin
679,448,outandin
679,453,outandin
679,465,outandin
679,474,outandin
679,483,outandin
679,504,outandin
679,516,outandin
679,557,outandin
679,580,outandin
679,649,outandin
679,654,outandin
679,673,outandin
679,683,outandin
679,688,outandin
679,701,outandin
679,714,outandin
679,720,outandin
679,768,outandin
679,787,outandin
679,792,outandin
679,817,outandin
679,822,outandin
679,841,outandin
679,851,outandin
679,859,outandin
679,865,outandin
679,903,outandin
679,923,outandin
679,949,outandin
679,954,outandin
679,962,outandin
679,986,incoming
679,1083,outandin
679,1095,outandin
679,1176,outandin
679,1178,outandin
679,1248,outandin
679,1281,incoming
679,1310,outandin
679,1363,outandin
9,10,outandin
9,11,outandin
9,14,outandin
9,15,outandin
9,16,outandin
9,17,outandin
9,18,outandin
9,20,outandin
9,22,outandin
9,24,outandin
9,27,outandin
9,34,outandin
9,40,outandin
9,49,outandin
9,52,outandin
9,56,outandin
9,61,outandin
9,64,outandin
9,76,outandin
9,78,outandin
9,86,outandin
9,97,incoming
9,109,outandin
9,120,outandin
9,121,outandin
9,127,outandin
9,136,outandin
9,142,outandin
9,144,incoming
9,148,outandin
9,149,outandin
9,150,outandin
9,151,outandin
9,152,outandin
9,153,outandin
9,154,outandin
9,157,outandin
9,165,outandin
9,175,outandin
9,177,outandin
9,190,outandin
9,209,outandin
9,216,outandin
9,233,outandin
9,235,outandin
9,244,outandin
9,251,outandin
9,256,outandin
9,260,outandin
9,262,outandin
9,282,incoming
9,288,outandin
9,294,outandin
9,295,outandin
9,311,outandin
9,314,outandin
9,315,outandin
9,316,outandin
9,318,outandin
9,330,outandin
9,358,outandin
9,366,outandin
9,368,outandin
9,386,outandin
9,389,outandin
9,391,outandin
9,405,outandin
9,411,outandin
9,460,outandin
9,463,outandin
9,465,outandin
9,466,outandin
9,502,outandin
9,514,outandin
9,527,outandin
9,528,outandin
9,543,outandin
9,561,outandin
9,569,outandin
9,596,outandin
9,598,outandin
9,601,outandin
9,607,outandin
9,617,incoming
9,626,outandin
9,638,outandin
9,640,outandin
9,652,outandin
9,654,outandin
9,658,outandin
9,681,outandin
9,683,outandin
9,697,outandin
9,699,outandin
9,708,outandin
9,711,outandin
9,713,outandin
9,766,outandin
9,771,outandin
9,783,outandin
9,784,outandin
9,788,incoming
9,798,outandin
9,802,outandin
9,834,outandin
9,835,outandin
9,844,outandin
9,859,outandin
9,862,outandin
9,928,outandin
9,938,outandin
9,977,outandin
9,978,outandin
9,994,outandin
9,997,outandin
9,1039,outandin
9,1050,outandin
9,1062,outandin
9,1121,outandin
9,1132,incoming
9,1169,outandin
9,1181,outandin
9,1183,outandin
9,1184,outandin
9,1188,outandin
9,1190,outandin
9,1191,outandin
9,1196,incoming
9,1197,outandin
9,1198,outandin
9,1206,outandin
9,1261,outandin
9,1265,outandin
9,1279,outandin
9,1280,incoming
9,1281,outandin
9,1285,outandin
9,1312,incoming
9,1313,incoming
9,1317,outandin
9,1323,outandin
9,1332,outandin
9,1338,incoming
9,1401,outandin
9,1402,outandin
9,1420,outandin
9,1423,outandin
9,1434,outandin
9,1444,outandin
9,1445,outandin
9,1450,outandin
9,1451,outandin
9,1452,outandin
9,1453,outandin
9,1501,outandin
9,1510,incoming
9,1521,incoming
12,13,outandin
12,66,outandin
12,80,outandin
12,81,outandin
12,103,outandin
12,109,outandin
12,118,outandin
12,128,outandin
12,142,outandin
12,148,outandin
12,168,outandin
12,173,outandin
12,175,outandin
12,260,outandin
12,282,incoming
12,288,outandin
12,297,outandin
12,300,outandin
12,316,outandin
12,319,outandin
12,355,outandin
12,358,outandin
12,360,outandin
12,366,incoming
12,389,outandin
12,391,outandin
12,392,outandin
12,402,outandin
12,475,outandin
12,480,outandin
12,502,outandin
12,513,outandin
12,527,incoming
12,536,outandin
12,543,outandin
12,569,outandin
12,586,outandin
12,588,outandin
12,593,outandin
12,598,outandin
12,599,outandin
12,605,outandin
12,609,outandin
12,617,outandin
12,634,outandin
12,638,outandin
12,658,outandin
12,681,outandin
12,689,outandin
12,697,outandin
12,711,outandin
12,713,outandin
12,719,outandin
12,757,outandin
12,758,outandin
12,766,outandin
12,784,outandin
12,817,outandin
12,823,outandin
12,825,outandin
12,830,outandin
12,834,outandin
12,840,outandin
12,857,outandin
12,926,outandin
12,938,outandin
12,969,outandin
12,984,outandin
12,986,outandin
12,991,outandin
12,997,incoming
12,998,outandin
12,1039,outandin
12,1042,outandin
12,1068,outandin
12,1080,outandin
12,1102,outandin
12,1106,outandin
12,1118,incoming
12,1138,outandin
12,1153,outandin
12,1188,outandin
12,1214,outandin
12,1252,outandin
12,1255,incoming
12,1281,outandin
12,1284,outandin
12,1313,incoming
12,1338,outandin
12,1344,outandin
12,1379,outandin
12,1387,incoming
12,1402,outandin
12,1420,outandin
12,1433,outandin
19,18,outandin
19,22,outandin
19,52,outandin
19,64,outandin
19,65,outandin
19,82,outandin
19,85,outandin
19,109,outandin
19,111,outandin
19,114,outandin
19,120,outandin
19,134,outandin
19,139,outandin
19,158,outandin
19,175,outandin
19,215,outandin
19,220,outandin
19,233,outandin
19,256,outandin
19,265,outandin
19,331,outandin
19,365,outandin
19,389,outandin
19,396,outandin
19,410,outandin
19,419,outandin
19,420,outandin
19,434,outandin
19,443,outandin
19,446,outandin
19,451,outandin
19,478,outandin
19,480,outandin
19,512,outandin
19,519,outandin
19,525,incoming
19,527,outandin
19,538,outandin
19,583,outandin
19,593,outandin
19,598,outandin
19,601,outandin
19,654,outandin
19,711,outandin
19,764,outandin
19,806,outandin
19,859,outandin
19,862,outandin
19,874,outandin
19,886,outandin
19,901,outandin
19,924,outandin
19,957,outandin
19,986,outandin
19,991,outandin
19,997,outandin
19,1015,outandin
19,1016,outandin
19,1068,outandin
19,1069,outandin
19,1072,outandin
19,1078,outandin
19,1098,outandin
19,1099,outandin
19,1130,incoming
19,1131,outandin
19,1132,outandin
19,1133,outandin
19,1136,outandin
19,1207,outandin
19,1221,outandin
19,1260,outandin
19,1281,outandin
19,1299,outandin
19,1390,outandin
19,1430,outandin
19,1435,outandin
19,1483,outandin
19,1505,outandin
23,144,outandin
67,52,outandin
67,59,outandin
67,63,outandin
67,74,outandin
67,97,incoming
67,154,outandin
67,164,outandin
67,172,outandin
67,173,outandin
67,175,outandin
67,215,outandin
67,220,outandin
67,236,outandin
67,242,outandin
67,256,outandin
67,260,outandin
67,273,outandin
67,281,outandin
67,282,outandin
67,288,outandin
67,365,outandin
67,396,outandin
67,410,outandin
67,424,outandin
67,430,incoming
67,440,outandin
67,449,outandin
67,451,outandin
67,460,outandin
67,462,outandin
67,475,outandin
67,502,outandin
67,521,outandin
67,523,incoming
67,527,outandin
67,529,outandin
67,533,outandin
67,534,outandin
67,535,outandin
67,536,outandin
67,595,outandin
67,598,outandin
67,601,outandin
67,607,outandin
67,683,outandin
67,697,incoming
67,713,incoming
67,721,outandin
67,798,outandin
67,806,outandin
67,809,outandin
67,825,outandin
67,843,outandin
67,862,outandin
67,901,outandin
67,908,outandin
67,917,outandin
67,928,outandin
67,938,outandin
67,978,outandin
67,1000,outandin
67,1034,outandin
67,1039,outandin
67,1042,incoming
67,1072,incoming
67,1092,outandin
67,1103,outandin
67,1132,outandin
67,1137,outandin
67,1184,outandin
67,1206,outandin
67,1216,outandin
67,1231,incoming
67,1236,outandin
67,1255,incoming
67,1260,outandin
67,1296,outandin
67,1302,outandin
67,1338,incoming
67,1402,outandin
67,1417,outandin
67,1427,outandin
67,1430,outandin
67,1445,outandin
67,1489,outandin
67,1496,outandin
67,1497,outandin
67,1501,outandin
67,1507,outandin
67,1538,outandin
79,63,outandin
79,70,outandin
79,109,outandin
79,166,outandin
79,204,outandin
79,220,outandin
79,256,outandin
79,260,outandin
79,365,outandin
79,386,outandin
79,599,outandin
87,27,outandin
87,63,outandin
87,393,outandin
87,475,outandin
87,502,outandin
87,638,outandin
87,654,outandin
87,713,outandin
87,938,outandin
87,1260,outandin
103,20,outandin
103,52,outandin
103,56,outandin
103,61,outandin
103,62,outandin
103,63,outandin
103,66,outandin
103,82,outandin
103,85,outandin
103,86,outandin
103,93,outandin
103,97,outandin
103,98,outandin
103,109,incoming
103,114,incoming
103,117,outandin
103,127,outandin
103,128,outandin
103,134,outandin
103,144,outandin
103,149,outandin
103,151,outandin
103,154,outandin
103,158,outandin
103,166,outandin
103,168,outandin
103,173,outandin
103,175,outandin
103,177,outandin
103,183,outandin
103,188,outandin
103,190,outandin
103,192,outandin
103,204,outandin
103,210,outandin
103,215,outandin
103,220,outandin
103,228,outandin
103,233,outandin
103,256,outandin
103,260,outandin
103,265,outandin
103,266,outandin
103,267,outandin
103,270,outandin
103,282,outandin
103,294,outandin
103,306,outandin
103,311,outandin
103,314,outandin
103,316,outandin
103,318,outandin
103,324,outandin
103,344,outandin
103,345,outandin
103,353,outandin
103,358,outandin
103,360,outandin
103,365,outandin
103,375,outandin
103,379,outandin
103,386,outandin
103,391,outandin
103,392,outandin
103,393,outandin
103,396,outandin
103,402,outandin
103,405,outandin
103,417,outandin
103,429,outandin
103,437,incoming
103,441,outandin
103,445,outandin
103,452,outandin
103,454,outandin
103,456,outandin
103,460,outandin
103,462,incoming
103,464,outandin
103,465,outandin
103,466,outandin
103,475,outandin
103,480,outandin
103,489,outandin
103,500,outandin
103,502,outandin
103,503,outandin
103,504,outandin
103,513,outandin
103,525,outandin
103,527,outandin
103,534,outandin
103,538,outandin
103,549,outandin
103,553,outandin
103,554,outandin
103,556,outandin
103,561,outandin
103,569,outandin
103,577,outandin
103,587,outandin
103,592,outandin
103,593,outandin
103,596,outandin
103,598,outandin
103,599,outandin
103,601,outandin
103,605,incoming
103,617,incoming
103,638,outandin
103,652,outandin
103,658,incoming
103,673,outandin
103,675,outandin
103,683,outandin
103,688,outandin
103,697,outandin
103,699,outandin
103,700,outandin
103,701,outandin
103,708,outandin
103,711,outandin
103,713,outandin
103,721,outandin
103,731,outandin
103,734,outandin
103,758,incoming
103,765,outandin
103,774,outandin
103,783,outandin
103,795,outandin
103,798,outandin
103,799,outandin
103,801,outandin
103,809,outandin
103,815,outandin
103,817,outandin
103,819,outandin
103,831,outandin
103,835,outandin
103,839,outandin
103,840,outandin
103,841,outandin
103,843,outandin
103,853,outandin
103,864,outandin
103,868,outandin
103,874,incoming
103,886,outandin
103,893,outandin
103,908,incoming
103,917,outandin
103,920,outandin
103,928,outandin
103,929,outandin
103,930,outandin
103,931,outandin
103,932,outandin
103,938,outandin
103,948,outandin
103,954,outandin
103,957,outandin
103,967,outandin
103,969,outandin
103,973,outandin
103,974,outandin
103,975,outandin
103,978,outandin
103,983,outandin
103,986,outandin
103,988,outandin
103,1002,outandin
103,1060,outandin
103,1072,incoming
103,1078,outandin
103,1097,outandin
103,1100,outandin
103,1118,outandin
103,1126,outandin
103,1130,outandin
103,1181,outandin
103,1195,outandin
103,1215,outandin
103,1216,outandin
103,1217,outandin
103,1231,incoming
103,1236,outandin
103,1244,outandin
103,1255,outandin
103,1256,outandin
103,1280,outandin
103,1302,outandin
103,1308,outandin
103,1312,outandin
103,1313,outandin
103,1329,outandin
103,1334,outandin
103,1342,outandin
103,1346,outandin
103,1362,outandin
103,1395,outandin
103,1417,outandin
103,1431,outandin
103,1468,outandin
103,1487,outandin
103,1497,outandin
103,1510,outandin
103,1518,incoming
103,1540,incoming
103,1554,incoming
103,1568,outandin
105,33,outandin
105,41,outandin
105,52,outandin
105,56,outandin
105,61,outandin
105,63,outandin
105,81,outandin
105,107,outandin
105,114,outandin
105,128,outandin
105,129,outandin
105,144,outandin
105,175,outandin
105,209,outandin
105,250,outandin
105,263,outandin
105,288,outandin
105,314,outandin
105,332,outandin
105,337,outandin
105,339,outandin
105,367,outandin
105,388,outandin
105,393,outandin
105,454,outandin
105,463,outandin
105,474,outandin
105,475,outandin
105,523,outandin
105,563,outandin
105,569,outandin
105,576,outandin
105,577,outandin
105,596,outandin
105,598,outandin
105,599,outandin
105,600,outandin
105,605,outandin
105,606,outandin
105,621,outandin
105,624,outandin
105,626,outandin
105,632,outandin
105,638,outandin
105,640,outandin
105,644,outandin
105,654,outandin
105,674,outandin
105,675,outandin
105,683,outandin
105,697,outandin
105,701,outandin
105,708,outandin
105,711,outandin
105,713,outandin
105,716,outandin
105,724,outandin
105,758,outandin
105,783,outandin
105,831,outandin
105,859,outandin
105,871,outandin
105,884,outandin
105,899,outandin
105,915,outandin
105,938,outandin
105,964,outandin
105,990,outandin
105,992,outandin
105,993,outandin
105,995,outandin
105,1021,outandin
105,1027,outandin
105,1033,outandin
105,1034,outandin
105,1036,outandin
105,1039,outandin
105,1050,outandin
105,1051,outandin
105,1055,outandin
105,1068,outandin
105,1069,outandin
105,1083,outandin
105,1099,outandin
105,1100,outandin
105,1102,outandin
105,1103,outandin
105,1104,outandin
105,1105,outandin
105,1107,outandin
105,1108,outandin
105,1111,outandin
105,1116,outandin
105,1117,outandin
105,1118,outandin
105,1122,outandin
105,1123,outandin
105,1124,outandin
105,1125,outandin
105,1129,outandin
105,1130,outandin
105,1131,outandin
105,1132,outandin
105,1134,outandin
105,1138,outandin
105,1139,outandin
105,1141,outandin
105,1142,outandin
105,1143,outandin
105,1144,outandin
105,1145,outandin
105,1146,outandin
105,1147,outandin
105,1148,outandin
105,1149,outandin
105,1150,outandin
105,1151,outandin
105,1152,outandin
105,1153,outandin
105,1156,outandin
105,1157,outandin
105,1181,outandin
105,1189,outandin
105,1215,outandin
105,1246,outandin
105,1276,outandin
105,1312,outandin
105,1338,outandin
105,1353,outandin
105,1372,outandin
105,1373,outandin
105,1402,outandin
105,1406,outandin
105,1421,outandin
105,1423,outandin
105,1444,incoming
105,1463,outandin
129,204,outandin
164,161,outandin
164,177,outandin
164,178,outandin
164,179,outandin
164,430,outandin
189,34,outandin
189,144,outandin
189,175,outandin
189,199,outandin
189,349,outandin
189,358,outandin
189,579,outandin
189,626,outandin
189,635,outandin
189,682,outandin
189,708,incoming
189,735,outandin
189,774,outandin
189,802,outandin
189,859,outandin
189,862,outandin
189,868,outandin
189,1068,outandin
189,1261,outandin
189,1291,outandin
189,1339,outandin
224,144,outandin
224,175,incoming
224,220,outandin
224,474,outandin
224,551,outandin
224,605,outandin
224,626,outandin
224,635,outandin
224,654,outandin
224,697,outandin
224,701,outandin
224,708,outandin
224,771,outandin
224,839,outandin
224,862,outandin
224,873,outandin
224,915,outandin
224,1246,outandin
224,1319,outandin
224,1402,outandin
224,1509,outandin
249,63,incoming
249,163,outandin
249,282,incoming
249,288,outandin
249,297,outandin
249,318,incoming
249,357,outandin
249,358,outandin
249,402,outandin
249,454,outandin
249,474,incoming
249,523,incoming
249,547,incoming
249,569,incoming
249,581,outandin
249,596,outandin
249,598,incoming
249,605,outandin
249,607,outandin
249,615,outandin
249,617,outandin
249,626,outandin
249,654,incoming
249,659,outandin
249,711,outandin
249,713,outandin
249,719,outandin
249,725,incoming
249,779,outandin
249,783,incoming
249,817,outandin
249,861,outandin
249,868,incoming
249,886,outandin
249,964,outandin
249,1006,outandin
249,1021,incoming
249,1103,outandin
249,1117,outandin
249,1136,incoming
249,1138,outandin
249,1181,incoming
249,1209,outandin
249,1214,outandin
249,1217,outandin
249,1231,incoming
249,1246,outandin
249,1255,incoming
249,1260,outandin
249,1283,outandin
249,1295,outandin
249,1302,incoming
249,1304,incoming
249,1324,outandin
249,1351,outandin
249,1359,incoming
249,1376,outandin
249,1402,incoming
249,1421,outandin
249,1430,outandin
249,1470,outandin
249,1485,incoming
249,1487,outandin
249,1504,incoming
249,1509,outandin
249,1525,outandin
249,1541,outandin
249,1561,incoming
250,41,outandin
250,53,outandin
250,109,outandin
250,114,outandin
250,128,outandin
250,154,outandin
250,204,outandin
250,260,outandin
250,263,outandin
250,294,outandin
250,297,outandin
250,316,outandin
250,358,outandin
250,405,outandin
250,407,outandin
250,475,incoming
250,502,outandin
250,513,outandin
250,536,outandin
250,544,outandin
250,561,outandin
250,569,incoming
250,588,outandin
250,598,outandin
250,599,outandin
250,616,outandin
250,617,incoming
250,638,outandin
250,697,outandin
250,713,incoming
250,805,outandin
250,809,incoming
250,853,outandin
250,871,outandin
250,909,outandin
250,943,outandin
250,954,outandin
250,958,outandin
250,1026,outandin
250,1053,outandin
250,1056,outandin
250,1068,outandin
250,1097,outandin
250,1100,outandin
250,1112,outandin
250,1118,outandin
250,1184,outandin
250,1420,outandin
250,1453,outandin
254,53,outandin
254,145,outandin
254,220,outandin
254,263,outandin
254,266,outandin
254,272,outandin
254,281,incoming
254,297,outandin
254,311,outandin
254,314,outandin
254,337,outandin
254,344,outandin
254,352,outandin
254,353,outandin
254,358,outandin
254,389,outandin
254,396,outandin
254,408,outandin
254,448,outandin
254,503,outandin
254,561,outandin
254,576,outandin
254,596,outandin
254,598,outandin
254,605,outandin
254,617,incoming
254,626,outandin
254,638,outandin
254,654,outandin
254,659,outandin
254,673,outandin
254,697,outandin
254,701,outandin
254,758,outandin
254,840,outandin
254,874,outandin
254,986,outandin
254,1039,outandin
254,1103,outandin
254,1136,outandin
254,1138,outandin
254,1181,outandin
254,1184,outandin
254,1190,outandin
254,1211,outandin
254,1215,outandin
254,1216,outandin
254,1234,outandin
254,1244,outandin
254,1247,outandin
254,1260,outandin
254,1279,outandin
254,1283,outandin
254,1338,outandin
254,1402,outandin
266,50,outandin
266,62,outandin
266,97,outandin
266,112,outandin
266,172,outandin
266,204,outandin
266,214,outandin
266,220,outandin
266,228,outandin
266,236,outandin
266,242,outandin
266,243,outandin
266,289,outandin
266,367,outandin
266,368,outandin
266,388,outandin
266,429,outandin
266,437,outandin
266,449,outandin
266,475,outandin
266,502,outandin
266,522,outandin
266,542,outandin
266,552,outandin
266,554,outandin
266,557,outandin
266,571,outandin
266,573,outandin
266,577,outandin
266,583,outandin
266,596,outandin
266,605,outandin
266,617,outandin
266,626,outandin
266,627,outandin
266,637,outandin
266,638,outandin
266,645,outandin
266,649,outandin
266,650,outandin
266,651,outandin
266,652,outandin
266,653,outandin
266,658,outandin
266,661,outandin
266,663,outandin
266,666,outandin
266,676,outandin
266,677,outandin
266,680,outandin
266,688,outandin
266,691,outandin
266,692,outandin
266,693,outandin
266,694,outandin
266,695,outandin
276,190,outandin
276,204,outandin
276,711,outandin
276,713,outandin
276,735,outandin
276,792,outandin
276,852,incoming
276,903,outandin
276,924,outandin
276,1260,outandin
276,1339,outandin
289,65,outandin
289,86,outandin
289,97,outandin
289,149,outandin
289,183,outandin
289,220,outandin
289,259,outandin
289,297,outandin
289,306,outandin
289,319,outandin
289,339,outandin
289,359,outandin
289,365,outandin
289,375,outandin
289,379,outandin
289,389,outandin
289,391,outandin
289,392,outandin
289,419,outandin
289,429,outandin
289,437,outandin
289,449,outandin
289,454,outandin
289,460,outandin
289,463,outandin
289,504,outandin
289,517,outandin
289,536,outandin
289,538,outandin
289,569,outandin
289,596,outandin
289,598,outandin
289,599,outandin
289,600,outandin
289,605,outandin
289,638,outandin
289,646,outandin
289,649,outandin
289,673,outandin
289,697,outandin
289,835,outandin
289,1126,outandin
342,63,outandin
342,142,outandin
342,173,outandin
342,239,outandin
342,260,outandin
342,314,outandin
342,319,outandin
342,364,outandin
342,379,outandin
342,454,outandin
342,460,outandin
342,502,outandin
342,544,incoming
342,583,outandin
342,588,outandin
342,598,outandin
342,600,outandin
342,626,outandin
342,638,outandin
342,658,outandin
342,698,outandin
342,713,outandin
342,783,outandin
342,784,outandin
342,797,outandin
342,798,outandin
342,809,incoming
342,815,outandin
342,840,outandin
342,843,outandin
342,969,outandin
342,971,incoming
342,1015,outandin
342,1039,incoming
342,1040,outandin
342,1068,outandin
342,1097,outandin
342,1136,outandin
342,1216,outandin
342,1244,outandin
342,1268,outandin
342,1302,outandin
342,1362,incoming
342,1384,outandin
342,1406,outandin
342,1417,outandin
342,1431,outandin
342,1462,outandin
342,1497,outandin
349,62,outandin
349,97,outandin
349,145,outandin
349,147,outandin
349,239,outandin
349,297,outandin
349,319,outandin
349,379,outandin
349,391,outandin
349,511,outandin
349,552,outandin
349,586,outandin
349,648,outandin
349,655,outandin
349,810,outandin
349,942,outandin
357,52,outandin
357,63,outandin
357,65,outandin
357,114,outandin
357,118,outandin
357,120,outandin
357,128,outandin
357,134,outandin
357,152,outandin
357,154,outandin
357,168,outandin
357,175,outandin
357,306,outandin
357,314,outandin
357,358,outandin
357,379,outandin
357,389,outandin
357,393,outandin
357,396,outandin
357,402,outandin
357,405,outandin
357,407,outandin
357,428,outandin
357,429,incoming
357,437,outandin
357,449,outandin
357,454,outandin
357,460,outandin
357,464,outandin
357,466,outandin
357,474,outandin
357,476,outandin
357,480,outandin
357,483,outandin
357,501,outandin
357,502,outandin
357,523,outandin
357,525,outandin
357,527,outandin
357,528,outandin
357,538,outandin
357,593,outandin
357,598,outandin
357,605,outandin
357,626,outandin
357,638,outandin
357,654,outandin
357,659,outandin
357,701,outandin
357,708,incoming
357,711,outandin
357,713,outandin
357,758,outandin
357,783,outandin
357,792,outandin
357,798,outandin
357,802,outandin
357,816,outandin
357,817,outandin
357,818,outandin
357,835,outandin
357,840,outandin
357,843,outandin
357,859,outandin
357,903,outandin
357,938,outandin
357,964,outandin
357,974,outandin
357,986,outandin
357,988,outandin
357,992,outandin
357,1039,outandin
357,1041,outandin
357,1062,outandin
357,1068,outandin
357,1111,outandin
357,1118,outandin
357,1136,outandin
357,1142,outandin
357,1161,outandin
357,1169,outandin
357,1178,outandin
357,1181,outandin
357,1182,outandin
357,1184,outandin
357,1190,outandin
357,1196,outandin
357,1208,outandin
357,1253,outandin
357,1260,outandin
357,1284,outandin
357,1291,outandin
357,1375,outandin
357,1387,outandin
357,1402,outandin
357,1403,outandin
357,1417,outandin
357,1431,outandin
395,175,outandin
395,394,outandin
403,344,outandin
403,617,outandin
403,769,outandin
423,97,outandin
423,128,outandin
423,294,outandin
423,315,outandin
423,392,outandin
423,410,outandin
423,437,outandin
423,454,outandin
423,464,outandin
423,536,outandin
423,598,outandin
423,675,outandin
423,815,outandin
423,938,outandin
423,1039,outandin
423,1255,outandin
423,1402,outandin
432,181,outandin
432,204,outandin
432,379,outandin
520,220,outandin
520,291,outandin
520,292,outandin
520,309,outandin
520,638,outandin
520,964,outandin
520,1017,outandin
520,1168,outandin
615,53,outandin
615,80,outandin
615,204,outandin
615,283,outandin
615,297,outandin
615,365,outandin
615,509,outandin
615,536,outandin
615,569,outandin
615,605,outandin
615,616,incoming
615,666,outandin
615,706,outandin
615,713,outandin
615,740,outandin
615,765,outandin
615,823,incoming
615,840,outandin
615,1026,outandin
615,1042,incoming
615,1063,outandin
615,1072,outandin
615,1103,outandin
615,1108,outandin
615,1116,outandin
615,1117,outandin
615,1178,outandin
615,1181,outandin
615,1185,outandin
615,1190,outandin
615,1213,outandin
615,1234,outandin
615,1236,outandin
615,1241,outandin
615,1244,outandin
615,1256,outandin
615,1331,outandin
615,1373,outandin
615,1387,outandin
615,1425,outandin
615,1526,outandin
624,97,outandin
624,220,outandin
624,437,outandin
624,452,outandin
624,592,outandin
624,595,outandin
624,658,outandin
624,697,outandin
624,713,outandin
634,626,outandin
634,657,outandin
634,768,outandin
634,988,outandin
771,337,outandin
771,364,outandin
771,473,outandin
771,504,outandin
771,701,outandin
771,783,outandin
771,809,outandin
771,834,outandin
771,969,outandin
771,986,outandin
771,988,outandin
771,992,outandin
771,1406,outandin
834,53,outandin
834,142,outandin
834,144,outandin
834,168,outandin
834,175,outandin
834,220,outandin
834,297,outandin
834,314,outandin
834,393,outandin
834,474,outandin
834,513,outandin
834,592,outandin
834,598,outandin
834,617,outandin
834,621,outandin
834,626,outandin
834,708,outandin
834,758,outandin
834,862,outandin
834,866,outandin
834,874,outandin
834,986,outandin
834,1024,outandin
834,1068,outandin
834,1074,outandin
834,1118,outandin
834,1130,outandin
834,1196,outandin
834,1234,outandin
834,1246,outandin
834,1280,outandin
834,1365,outandin
986,50,outandin
986,175,outandin
986,263,outandin
986,296,outandin
986,346,outandin
986,418,outandin
986,448,outandin
986,542,outandin
986,552,outandin
986,619,outandin
986,620,outandin
986,644,outandin
986,649,outandin
986,652,outandin
986,681,outandin
986,719,outandin
986,725,outandin
986,752,outandin
986,781,outandin
986,793,outandin
986,835,outandin
986,915,outandin
986,939,outandin
986,984,outandin
986,991,outandin
986,1036,outandin
986,1283,outandin
986,1310,outandin
986,1425,outandin
1000,65,outandin
1000,109,outandin
1000,118,outandin
1000,154,outandin
1000,286,outandin
1000,296,outandin
1000,339,outandin
1000,366,outandin
1000,410,outandin
1000,418,outandin
1000,419,outandin
1000,420,outandin
1000,480,outandin
1000,701,outandin
1000,783,outandin
1000,825,outandin
1000,862,outandin
1000,992,outandin
1000,1003,outandin
1000,1026,outandin
1000,1034,outandin
1000,1035,outandin
1000,1040,outandin
1000,1041,outandin
1269,52,outandin
1269,86,outandin
1269,166,outandin
1269,204,outandin
1269,316,outandin
1269,380,outandin
1269,389,outandin
1269,437,outandin
1269,454,outandin
1269,457,outandin
1269,530,outandin
1269,544,outandin
1269,626,outandin
1269,635,outandin
1269,764,outandin
1269,797,outandin
1269,818,incoming
1269,887,outandin
1269,932,outandin
1269,987,outandin
1269,1039,outandin
1269,1053,outandin
1269,1091,outandin
1269,1092,outandin
1269,1142,outandin
1269,1223,outandin
1269,1232,outandin
1269,1268,outandin
1269,1301,outandin
1269,1316,outandin
1269,1372,outandin
1269,1375,outandin
1269,1402,outandin
1269,1452,outandin
1269,1456,outandin
1269,1457,outandin
1269,1458,outandin
1269,1459,outandin
1269,1460,outandin
1269,1502,outandin
1522,97,outandin
1522,220,incoming
1522,859,incoming
1522,1524,outandin
10,1258,outandin
11,41,outandin
14,41,outandin
15,41,outandin
17,713,outandin
20,21,outandin
20,199,outandin
20,275,outandin
22,46,outandin
27,28,outandin
27,184,outandin
27,406,outandin
27,414,outandin
27,456,outandin
27,598,outandin
27,620,incoming
27,652,incoming
27,949,outandin
27,953,outandin
27,970,outandin
27,996,outandin
27,1162,outandin
27,1283,outandin
27,1425,outandin
27,1434,outandin
34,33,outandin
34,35,outandin
34,53,outandin
34,108,outandin
34,109,outandin
34,242,outandin
34,282,outandin
34,286,outandin
34,288,outandin
34,297,outandin
34,311,outandin
34,314,outandin
34,318,outandin
34,319,outandin
34,324,outandin
34,351,outandin
34,365,outandin
34,396,outandin
34,483,outandin
34,502,outandin
34,527,outandin
34,538,outandin
34,551,outandin
34,583,outandin
34,592,outandin
34,599,outandin
34,654,outandin
34,698,outandin
34,707,outandin
34,713,outandin
34,761,outandin
34,768,outandin
34,802,outandin
34,815,outandin
34,843,outandin
34,859,outandin
34,1042,outandin
34,1072,outandin
34,1130,incoming
52,38,outandin
52,41,outandin
52,95,outandin
52,300,outandin
52,309,outandin
52,328,outandin
52,368,outandin
52,425,outandin
52,431,outandin
52,448,outandin
52,497,outandin
52,509,outandin
52,631,outandin
52,644,outandin
52,646,outandin
52,681,outandin
52,725,outandin
52,733,outandin
52,749,outandin
52,762,outandin
52,940,outandin
52,966,incoming
52,1042,outandin
52,1235,outandin
52,1283,outandin
52,1508,outandin
56,41,outandin
56,57,outandin
56,61,outandin
56,154,outandin
56,170,outandin
56,171,outandin
56,172,outandin
56,214,outandin
56,340,outandin
56,345,outandin
56,779,outandin
61,38,outandin
61,41,outandin
61,228,outandin
61,542,outandin
61,573,outandin
61,770,outandin
61,827,outandin
61,940,outandin
64,41,outandin
76,41,outandin
76,258,outandin
76,399,outandin
78,41,outandin
78,47,outandin
78,62,outandin
78,191,outandin
78,326,outandin
78,968,outandin
78,991,outandin
86,38,outandin
86,41,outandin
97,41,outandin
97,75,outandin
97,98,outandin
97,102,outandin
97,104,outandin
97,128,outandin
97,181,outandin
97,191,outandin
97,228,outandin
97,285,outandin
97,310,outandin
97,316,outandin
97,327,outandin
97,338,outandin
97,352,outandin
97,407,outandin
97,421,outandin
97,469,outandin
97,509,outandin
97,542,outandin
97,546,outandin
97,559,outandin
97,563,outandin
97,619,outandin
97,629,outandin
97,632,outandin
97,644,outandin
97,651,outandin
97,714,outandin
97,726,incoming
97,770,outandin
97,847,outandin
97,871,outandin
97,934,outandin
97,994,outandin
97,996,outandin
97,1043,outandin
97,1189,outandin
97,1326,outandin
97,1438,outandin
97,1480,outandin
109,38,outandin
109,95,outandin
109,190,outandin
109,214,outandin
109,282,outandin
109,719,outandin
109,991,outandin
120,41,outandin
120,75,outandin
120,118,outandin
120,119,outandin
120,222,outandin
121,108,outandin
121,144,outandin
121,191,outandin
121,228,outandin
121,701,outandin
121,801,outandin
121,1283,outandin
127,63,outandin
127,260,outandin
127,392,outandin
127,475,outandin
127,483,outandin
127,561,outandin
127,697,outandin
127,707,outandin
127,713,outandin
127,1097,outandin
136,62,outandin
136,191,outandin
142,144,incoming
142,244,outandin
142,329,outandin
142,337,outandin
142,475,outandin
142,514,outandin
142,542,outandin
142,617,outandin
142,654,outandin
142,713,outandin
142,762,outandin
142,792,outandin
142,840,outandin
142,997,incoming
142,1121,incoming
142,1260,outandin
142,1277,outandin
142,1281,outandin
142,1283,outandin
142,1415,outandin
144,41,outandin
144,119,outandin
144,193,incoming
144,195,outandin
144,222,outandin
144,227,outandin
144,234,outandin
144,238,outandin
144,240,outandin
144,241,outandin
144,247,outandin
144,260,outandin
144,281,outandin
144,283,outandin
144,288,outandin
144,290,outandin
144,322,outandin
144,327,outandin
144,338,outandin
144,359,outandin
144,369,outandin
144,370,outandin
144,374,outandin
144,424,outandin
144,442,outandin
144,456,outandin
144,561,outandin
144,635,outandin
144,644,outandin
144,645,outandin
144,733,outandin
144,805,outandin
144,873,outandin
144,921,outandin
144,975,outandin
144,991,outandin
144,996,outandin
144,1004,outandin
144,1017,outandin
144,1018,outandin
144,1022,outandin
144,1023,outandin
144,1111,outandin
144,1185,outandin
144,1190,outandin
144,1200,outandin
144,1278,outandin
144,1283,outandin
144,1408,outandin
144,1527,incoming
148,38,outandin
149,193,outandin
149,268,outandin
149,399,outandin
149,652,outandin
149,770,outandin
149,823,outandin
149,1033,outandin
151,41,outandin
151,602,outandin
151,609,outandin
151,907,outandin
151,940,outandin
151,971,outandin
151,982,outandin
152,993,outandin
152,1153,outandin
152,1158,outandin
152,1185,outandin
152,1236,outandin
152,1539,outandin
154,95,outandin
154,214,outandin
154,547,outandin
154,644,outandin
154,705,outandin
154,719,outandin
157,41,outandin
165,41,outandin
175,38,outandin
175,50,outandin
175,95,incoming
175,191,outandin
175,214,outandin
175,239,outandin
175,309,outandin
175,424,outandin
175,456,outandin
175,485,outandin
175,640,outandin
175,733,outandin
175,770,outandin
175,1052,outandin
175,1083,outandin
175,1421,outandin
177,38,outandin
177,41,outandin
177,180,outandin
177,181,outandin
177,394,outandin
177,514,outandin
190,193,outandin
190,652,outandin
209,199,outandin
209,242,outandin
209,344,outandin
209,355,outandin
209,365,outandin
209,396,outandin
209,429,outandin
209,437,outandin
209,456,outandin
209,527,outandin
209,583,outandin
209,594,outandin
209,598,outandin
209,713,outandin
209,823,outandin
209,991,outandin
209,1072,outandin
209,1217,outandin
209,1236,outandin
209,1255,outandin
209,1338,outandin
209,1489,outandin
216,41,outandin
233,38,outandin
233,193,incoming
233,701,outandin
233,732,outandin
233,781,outandin
233,797,outandin
233,810,incoming
233,1037,outandin
235,128,outandin
235,191,outandin
235,263,outandin
235,347,outandin
244,448,outandin
244,586,outandin
244,808,outandin
251,41,outandin
256,41,outandin
256,198,outandin
256,242,outandin
256,259,outandin
256,261,outandin
256,267,outandin
256,282,outandin
256,339,outandin
256,514,outandin
256,770,outandin
256,830,outandin
260,62,outandin
260,174,outandin
260,181,outandin
260,199,outandin
260,236,outandin
260,241,outandin
260,259,outandin
260,267,outandin
260,272,outandin
260,283,outandin
260,287,outandin
260,337,outandin
260,338,outandin
260,386,outandin
260,424,outandin
260,448,outandin
260,509,outandin
260,567,outandin
260,571,outandin
260,688,outandin
260,797,outandin
260,830,outandin
260,871,incoming
260,949,outandin
260,950,outandin
260,1028,outandin
260,1104,outandin
260,1107,outandin
260,1224,outandin
260,1416,outandin
262,204,outandin
282,214,outandin
282,456,outandin
282,462,outandin
282,674,outandin
282,1071,outandin
282,1236,outandin
282,1327,outandin
282,1364,incoming
282,1543,incoming
288,38,outandin
288,50,outandin
288,204,outandin
288,294,outandin
288,368,outandin
288,470,outandin
288,620,outandin
288,1018,outandin
288,1162,outandin
288,1183,outandin
288,1190,outandin
288,1193,outandin
294,181,outandin
294,204,outandin
294,336,outandin
294,339,outandin
294,368,outandin
294,456,outandin
294,513,outandin
294,580,outandin
294,830,outandin
294,831,outandin
294,1397,incoming
294,1438,outandin
294,1549,outandin
295,199,outandin
295,296,outandin
311,50,outandin
311,95,outandin
311,193,outandin
311,228,outandin
311,263,outandin
311,365,outandin
311,373,outandin
311,399,outandin
311,547,outandin
311,567,outandin
311,770,outandin
311,1034,outandin
311,1037,outandin
314,95,outandin
314,131,outandin
314,193,outandin
314,228,outandin
314,281,outandin
314,333,incoming
314,339,outandin
314,448,outandin
314,542,outandin
314,731,outandin
314,912,outandin
314,966,outandin
314,992,outandin
314,1185,outandin
314,1296,outandin
314,1406,outandin
314,1449,outandin
315,191,outandin
315,193,outandin
315,228,outandin
315,263,outandin
315,336,outandin
315,424,outandin
315,770,outandin
315,777,outandin
315,778,outandin
315,840,outandin
315,993,outandin
315,994,outandin
316,74,outandin
316,102,outandin
316,181,outandin
316,263,outandin
316,272,outandin
316,281,outandin
316,327,outandin
316,332,outandin
316,355,outandin
316,390,outandin
316,462,outandin
316,496,outandin
316,509,outandin
316,714,outandin
316,726,outandin
316,770,outandin
316,777,outandin
316,955,outandin
316,1339,outandin
316,1406,outandin
318,345,outandin
318,513,outandin
318,802,outandin
318,859,outandin
318,966,outandin
318,984,outandin
318,995,incoming
318,1042,outandin
358,281,outandin
358,334,outandin
358,719,outandin
358,847,outandin
358,991,outandin
358,1484,outandin
358,1508,outandin
366,346,outandin
366,1349,incoming
368,62,outandin
368,83,outandin
368,131,outandin
368,162,outandin
368,193,outandin
368,236,outandin
368,300,outandin
368,309,outandin
368,322,outandin
368,336,outandin
368,340,outandin
368,359,outandin
368,367,outandin
368,388,outandin
368,394,outandin
368,401,outandin
368,441,outandin
368,454,outandin
368,460,outandin
368,468,outandin
368,475,outandin
368,483,outandin
368,514,outandin
368,517,outandin
368,538,outandin
368,539,outandin
368,542,outandin
368,545,outandin
368,549,outandin
368,594,outandin
368,604,outandin
368,605,outandin
368,648,outandin
368,736,outandin
368,966,outandin
368,992,outandin
368,1021,outandin
368,1236,outandin
368,1283,outandin
386,38,outandin
386,50,outandin
386,83,outandin
386,228,outandin
386,338,outandin
386,387,outandin
386,399,outandin
386,514,outandin
386,586,outandin
386,609,outandin
386,755,outandin
386,770,outandin
386,781,outandin
386,790,outandin
389,29,outandin
389,41,outandin
389,62,outandin
389,74,outandin
389,184,outandin
389,193,outandin
389,236,outandin
389,242,outandin
389,263,outandin
389,424,outandin
389,448,outandin
389,454,outandin
389,456,outandin
389,467,outandin
389,492,outandin
389,494,incoming
389,496,outandin
389,509,outandin
389,542,outandin
389,559,outandin
389,573,outandin
389,586,outandin
389,598,outandin
389,609,outandin
389,619,outandin
389,640,outandin
389,644,outandin
389,652,outandin
389,667,outandin
389,725,outandin
389,727,outandin
389,797,outandin
389,830,incoming
389,950,incoming
389,1042,outandin
389,1059,outandin
389,1189,outandin
389,1213,outandin
389,1281,outandin
389,1283,outandin
389,1438,outandin
389,1472,outandin
391,41,outandin
391,234,outandin
391,263,outandin
391,309,outandin
391,609,outandin
391,667,outandin
391,871,outandin
391,1154,outandin
391,1328,outandin
405,38,outandin
405,191,outandin
405,263,outandin
405,310,outandin
405,388,outandin
405,424,outandin
405,456,outandin
405,497,outandin
405,508,outandin
405,514,outandin
405,777,outandin
405,793,outandin
405,950,outandin
405,1507,outandin
460,38,outandin
460,41,outandin
460,74,outandin
460,172,outandin
460,199,outandin
460,263,outandin
460,359,outandin
460,440,outandin
460,542,outandin
460,546,outandin
460,567,outandin
460,586,outandin
460,608,outandin
460,652,outandin
460,714,outandin
460,733,outandin
460,770,outandin
460,934,outandin
460,939,outandin
460,1023,outandin
460,1037,outandin
463,41,outandin
463,62,outandin
463,74,outandin
463,80,outandin
463,228,outandin
463,293,outandin
463,327,outandin
463,339,outandin
463,469,incoming
463,494,outandin
463,514,outandin
463,532,outandin
463,609,incoming
463,631,outandin
463,748,outandin
463,770,outandin
463,871,outandin
463,1004,outandin
463,1009,incoming
463,1010,outandin
463,1033,outandin
463,1185,outandin
465,62,outandin
465,456,outandin
466,392,outandin
466,871,outandin
466,939,outandin
502,38,outandin
502,41,outandin
502,62,outandin
502,128,outandin
502,172,outandin
502,193,outandin
502,285,outandin
502,309,outandin
502,363,outandin
502,392,outandin
502,468,outandin
502,475,outandin
502,539,outandin
502,567,outandin
502,594,outandin
502,598,outandin
502,612,outandin
502,619,outandin
502,706,outandin
502,733,outandin
502,752,outandin
502,767,outandin
502,770,outandin
502,777,outandin
502,778,outandin
502,830,outandin
502,871,outandin
502,942,outandin
502,994,outandin
502,998,outandin
502,1018,outandin
502,1038,outandin
502,1049,outandin
502,1189,incoming
502,1213,outandin
502,1214,outandin
502,1233,outandin
502,1283,outandin
502,1285,outandin
502,1416,outandin
502,1438,outandin
514,59,outandin
514,63,outandin
514,388,outandin
514,392,outandin
514,396,outandin
514,437,outandin
514,454,outandin
514,513,outandin
514,517,outandin
514,561,outandin
514,617,outandin
514,626,outandin
514,648,outandin
514,649,outandin
514,654,outandin
514,698,outandin
514,777,outandin
514,799,outandin
514,832,outandin
514,835,outandin
514,840,outandin
514,853,outandin
514,865,outandin
514,1102,outandin
514,1350,outandin
514,1398,outandin
527,38,outandin
527,41,outandin
527,74,outandin
527,131,outandin
527,263,outandin
527,332,outandin
527,456,outandin
527,503,outandin
527,554,outandin
527,557,outandin
527,638,outandin
527,746,outandin
527,923,outandin
527,934,outandin
527,1042,outandin
527,1283,outandin
528,41,outandin
528,74,outandin
543,356,outandin
543,418,outandin
543,542,outandin
543,640,outandin
543,1189,incoming
543,1283,outandin
561,38,outandin
561,41,outandin
561,74,outandin
561,281,outandin
561,448,outandin
561,557,outandin
561,727,incoming
561,733,outandin
561,956,outandin
561,1018,outandin
561,1175,outandin
561,1177,outandin
561,1283,outandin
561,1310,outandin
569,128,outandin
569,174,outandin
569,191,outandin
569,199,outandin
569,296,outandin
569,336,outandin
569,448,outandin
569,606,outandin
569,640,outandin
569,800,outandin
569,944,outandin
569,949,outandin
569,967,outandin
569,1181,outandin
569,1189,outandin
569,1313,incoming
569,1335,outandin
569,1337,outandin
569,1352,outandin
569,1510,outandin
596,41,outandin
596,50,outandin
596,57,outandin
596,62,outandin
596,119,outandin
596,193,outandin
596,234,outandin
596,388,outandin
596,542,outandin
596,605,outandin
596,617,outandin
596,619,outandin
596,622,outandin
596,631,outandin
596,644,outandin
596,654,outandin
596,724,outandin
596,733,outandin
596,782,outandin
596,989,outandin
596,994,outandin
596,1004,outandin
596,1153,outandin
596,1179,outandin
596,1187,outandin
596,1284,outandin
596,1290,outandin
598,41,outandin
598,62,outandin
598,74,outandin
598,128,outandin
598,172,outandin
598,181,outandin
598,199,outandin
598,259,outandin
598,297,outandin
598,298,outandin
598,337,outandin
598,339,outandin
598,346,outandin
598,351,outandin
598,353,outandin
598,367,outandin
598,430,outandin
598,469,outandin
598,475,incoming
598,492,outandin
598,522,outandin
598,523,outandin
598,542,outandin
598,546,incoming
598,560,outandin
598,567,outandin
598,573,outandin
598,582,incoming
598,586,outandin
598,609,outandin
598,621,outandin
598,644,outandin
598,645,outandin
598,649,outandin
598,652,incoming
598,752,incoming
598,770,outandin
598,809,outandin
598,830,outandin
598,870,outandin
598,878,incoming
598,915,outandin
598,940,outandin
598,944,outandin
598,980,outandin
598,1004,outandin
598,1006,outandin
598,1022,outandin
598,1032,outandin
598,1033,outandin
598,1070,incoming
598,1071,outandin
598,1080,outandin
598,1093,outandin
598,1118,outandin
598,1185,outandin
598,1189,outandin
598,1216,outandin
598,1262,outandin
598,1283,outandin
598,1285,outandin
598,1290,outandin
598,1303,outandin
598,1377,outandin
598,1379,outandin
598,1403,outandin
598,1474,incoming
598,1517,outandin
598,1538,outandin
601,448,outandin
601,851,outandin
601,1517,outandin
607,62,outandin
607,74,outandin
607,242,outandin
607,414,outandin
607,542,outandin
607,560,outandin
607,586,outandin
607,609,outandin
607,622,outandin
607,625,outandin
607,725,outandin
607,728,outandin
607,741,outandin
607,754,outandin
607,779,outandin
617,74,outandin
617,112,outandin
617,119,outandin
617,161,outandin
617,236,outandin
617,259,outandin
617,272,outandin
617,327,outandin
617,337,outandin
617,340,outandin
617,431,incoming
617,456,outandin
617,462,outandin
617,468,outandin
617,503,outandin
617,508,outandin
617,516,outandin
617,557,outandin
617,605,incoming
617,640,outandin
617,644,incoming
617,677,outandin
617,681,outandin
617,683,outandin
617,688,outandin
617,701,outandin
617,728,outandin
617,734,incoming
617,736,outandin
617,770,outandin
617,805,outandin
617,854,outandin
617,966,outandin
617,1171,outandin
617,1290,outandin
617,1539,outandin
626,38,outandin
626,50,outandin
626,95,incoming
626,193,outandin
626,214,outandin
626,228,outandin
626,306,outandin
626,309,outandin
626,337,outandin
626,339,outandin
626,431,outandin
626,440,outandin
626,448,outandin
626,513,outandin
626,582,incoming
626,586,outandin
626,612,outandin
626,632,outandin
626,644,incoming
626,648,outandin
626,649,outandin
626,655,outandin
626,681,outandin
626,689,outandin
626,700,outandin
626,733,incoming
626,737,outandin
626,738,outandin
626,758,outandin
626,762,incoming
626,770,outandin
626,795,outandin
626,810,outandin
626,838,outandin
626,859,outandin
626,915,outandin
626,1036,outandin
626,1052,outandin
626,1136,outandin
626,1173,outandin
626,1189,outandin
626,1193,outandin
626,1236,outandin
626,1272,outandin
626,1281,outandin
626,1523,outandin
638,29,outandin
638,41,outandin
638,74,outandin
638,95,outandin
638,98,outandin
638,102,outandin
638,104,outandin
638,110,outandin
638,131,outandin
638,141,outandin
638,160,outandin
638,172,outandin
638,199,outandin
638,225,outandin
638,234,outandin
638,236,outandin
638,242,outandin
638,259,outandin
638,263,outandin
638,269,outandin
638,285,outandin
638,293,outandin
638,309,outandin
638,346,outandin
638,355,outandin
638,365,outandin
638,373,outandin
638,388,outandin
638,394,outandin
638,396,outandin
638,401,outandin
638,456,outandin
638,462,outandin
638,475,outandin
638,503,outandin
638,505,outandin
638,511,outandin
638,532,outandin
638,542,outandin
638,546,outandin
638,549,outandin
638,560,outandin
638,562,outandin
638,567,outandin
638,571,outandin
638,586,outandin
638,602,outandin
638,609,outandin
638,622,outandin
638,637,outandin
638,640,outandin
638,643,outandin
638,646,outandin
638,651,outandin
638,681,outandin
638,697,outandin
638,706,outandin
638,719,outandin
638,724,outandin
638,725,outandin
638,726,outandin
638,727,outandin
638,733,outandin
638,736,outandin
638,744,outandin
638,758,outandin
638,766,outandin
638,778,outandin
638,779,outandin
638,797,outandin
638,830,outandin
638,847,outandin
638,870,outandin
638,881,outandin
638,884,outandin
638,913,outandin
638,939,outandin
638,940,outandin
638,943,outandin
638,950,outandin
638,964,outandin
638,980,outandin
638,984,outandin
638,991,outandin
638,996,outandin
638,1001,outandin
638,1034,outandin
638,1038,outandin
638,1042,outandin
638,1045,outandin
638,1049,outandin
638,1059,outandin
638,1066,outandin
638,1071,outandin
638,1080,outandin
638,1081,outandin
638,1093,outandin
638,1101,outandin
638,1124,outandin
638,1158,outandin
638,1175,outandin
638,1185,outandin
638,1186,outandin
638,1189,outandin
638,1235,outandin
638,1236,outandin
638,1285,outandin
638,1300,outandin
638,1317,outandin
638,1325,outandin
638,1326,outandin
638,1340,outandin
638,1370,outandin
638,1371,outandin
638,1379,outandin
638,1406,outandin
638,1480,outandin
638,1492,outandin
638,1507,outandin
640,297,outandin
640,474,outandin
640,475,outandin
640,576,outandin
640,605,outandin
640,655,outandin
640,697,outandin
640,701,outandin
640,758,outandin
640,783,outandin
640,784,outandin
640,871,outandin
640,885,outandin
640,1062,outandin
640,1072,outandin
640,1103,outandin
640,1118,outandin
640,1236,outandin
640,1253,outandin
640,1402,outandin
640,1468,incoming
640,1526,outandin
652,35,outandin
652,115,outandin
652,199,outandin
652,214,outandin
652,215,outandin
652,265,outandin
652,283,outandin
652,322,outandin
652,324,outandin
652,394,outandin
652,513,outandin
652,534,outandin
652,571,outandin
652,654,outandin
652,659,outandin
652,707,outandin
652,756,outandin
652,761,outandin
652,822,outandin
652,831,outandin
652,928,outandin
652,954,outandin
652,1015,outandin
652,1016,outandin
652,1071,outandin
652,1246,outandin
652,1317,incoming
654,29,outandin
654,50,outandin
654,95,outandin
654,131,outandin
654,199,outandin
654,220,outandin
654,228,outandin
654,272,outandin
654,346,outandin
654,353,outandin
654,442,outandin
654,456,outandin
654,513,outandin
654,563,outandin
654,586,outandin
654,619,outandin
654,620,incoming
654,632,outandin
654,644,outandin
654,681,outandin
654,700,outandin
654,701,outandin
654,733,outandin
654,738,outandin
654,762,outandin
654,770,outandin
654,782,outandin
654,810,outandin
654,915,outandin
654,942,outandin
654,963,outandin
654,991,outandin
654,1045,outandin
654,1136,outandin
654,1173,outandin
654,1181,outandin
654,1248,outandin
654,1251,outandin
654,1253,outandin
654,1283,outandin
658,41,outandin
658,163,outandin
658,193,incoming
658,351,outandin
658,496,outandin
658,667,outandin
658,770,outandin
658,884,outandin
658,990,outandin
658,1479,outandin
681,306,outandin
681,388,outandin
681,402,incoming
681,440,outandin
681,513,outandin
681,562,outandin
681,588,outandin
681,605,outandin
681,627,outandin
681,659,outandin
681,698,outandin
681,711,outandin
681,713,outandin
681,758,outandin
681,762,outandin
681,788,outandin
681,795,outandin
681,802,outandin
681,859,outandin
681,987,outandin
681,988,outandin
681,992,outandin
681,1042,incoming
681,1072,outandin
681,1118,incoming
681,1185,outandin
681,1338,outandin
681,1402,outandin
681,1449,outandin
683,297,outandin
683,379,outandin
683,496,outandin
683,563,outandin
683,577,outandin
683,646,outandin
683,758,outandin
683,770,outandin
683,824,outandin
683,1168,outandin
683,1189,outandin
683,1281,outandin
697,29,outandin
697,50,outandin
697,74,outandin
697,425,outandin
697,431,outandin
697,456,outandin
697,469,outandin
697,475,outandin
697,542,outandin
697,549,outandin
697,637,outandin
697,644,outandin
697,645,outandin
697,698,outandin
697,719,outandin
697,725,outandin
697,741,outandin
697,779,outandin
697,782,outandin
697,870,outandin
697,912,outandin
697,915,outandin
697,923,outandin
697,927,outandin
697,944,outandin
697,966,outandin
697,1006,outandin
697,1013,outandin
697,1018,outandin
697,1023,outandin
697,1034,outandin
697,1042,outandin
697,1070,outandin
697,1076,outandin
697,1272,outandin
697,1349,outandin
697,1373,outandin
699,74,outandin
699,245,outandin
699,678,outandin
699,1264,outandin
699,1281,outandin
699,1283,outandin
699,1374,outandin
708,57,outandin
708,74,outandin
708,95,outandin
708,193,outandin
708,473,outandin
708,492,outandin
708,557,incoming
708,644,outandin
708,719,outandin
708,733,outandin
708,770,outandin
708,810,outandin
708,918,outandin
708,940,outandin
708,1018,outandin
708,1052,outandin
708,1058,outandin
708,1075,outandin
708,1190,outandin
708,1508,outandin
711,53,outandin
711,237,outandin
711,339,outandin
711,356,outandin
711,418,outandin
711,448,outandin
711,547,incoming
711,644,incoming
711,728,outandin
711,741,outandin
711,873,outandin
711,1018,outandin
711,1034,outandin
711,1184,outandin
711,1339,outandin
711,1356,outandin
711,1373,outandin
711,1556,incoming
713,38,outandin
713,41,incoming
713,74,outandin
713,95,incoming
713,102,outandin
713,156,outandin
713,161,outandin
713,172,outandin
713,184,outandin
713,199,outandin
713,214,outandin
713,236,outandin
713,242,outandin
713,271,incoming
713,283,outandin
713,319,outandin
713,327,outandin
713,339,incoming
713,346,outandin
713,351,outandin
713,353,outandin
713,359,outandin
713,362,outandin
713,363,outandin
713,370,outandin
713,388,outandin
713,462,incoming
713,474,outandin
713,509,incoming
713,535,outandin
713,539,outandin
713,542,outandin
713,545,outandin
713,547,outandin
713,548,outandin
713,567,outandin
713,586,outandin
713,609,outandin
713,629,outandin
713,632,outandin
713,641,outandin
713,644,outandin
713,651,outandin
713,666,outandin
713,706,outandin
713,714,incoming
713,715,outandin
713,716,incoming
713,717,outandin
713,718,outandin
713,720,outandin
713,724,outandin
713,725,outandin
713,726,outandin
713,727,incoming
713,733,incoming
713,737,outandin
713,738,outandin
713,740,outandin
713,748,outandin
713,749,incoming
713,750,outandin
713,751,outandin
713,762,outandin
713,770,outandin
713,779,outandin
713,781,outandin
713,842,incoming
713,847,outandin
713,878,incoming
713,884,incoming
713,919,outandin
713,927,outandin
713,940,outandin
713,950,outandin
713,994,outandin
713,998,outandin
713,999,outandin
713,1018,outandin
713,1028,outandin
713,1032,outandin
713,1036,outandin
713,1042,outandin
713,1043,outandin
713,1049,outandin
713,1052,outandin
713,1059,incoming
713,1066,outandin
713,1101,incoming
713,1154,outandin
713,1158,incoming
713,1165,incoming
713,1185,incoming
713,1186,outandin
713,1189,outandin
713,1215,outandin
713,1241,outandin
713,1263,outandin
713,1283,outandin
713,1311,outandin
713,1339,outandin
713,1367,outandin
713,1373,incoming
713,1379,incoming
713,1381,outandin
713,1416,outandin
713,1441,outandin
713,1449,outandin
713,1476,outandin
713,1517,outandin
713,1528,incoming
766,41,outandin
766,181,outandin
766,283,outandin
766,546,outandin
766,767,outandin
766,769,outandin
766,800,outandin
783,38,outandin
783,41,outandin
783,160,outandin
783,181,outandin
783,306,outandin
783,542,outandin
783,586,outandin
783,609,outandin
783,733,outandin
783,749,outandin
783,770,outandin
783,784,outandin
783,785,outandin
783,786,outandin
783,793,outandin
783,843,outandin
783,871,outandin
783,933,outandin
783,939,outandin
783,998,outandin
783,1004,outandin
783,1025,outandin
783,1032,incoming
783,1064,outandin
783,1076,outandin
783,1186,outandin
783,1213,outandin
783,1339,outandin
783,1381,outandin
783,1526,outandin
784,327,outandin
784,448,outandin
784,492,outandin
784,586,outandin
784,609,outandin
784,619,outandin
784,715,outandin
784,733,outandin
784,770,outandin
784,777,outandin
784,993,outandin
784,1042,outandin
788,74,outandin
788,542,outandin
788,705,outandin
788,728,outandin
788,762,outandin
788,770,outandin
788,1034,outandin
798,57,outandin
798,309,outandin
798,327,outandin
798,513,outandin
798,770,outandin
798,777,outandin
798,843,outandin
798,878,outandin
798,885,outandin
798,940,outandin
798,1381,outandin
802,57,outandin
802,719,outandin
802,762,outandin
802,770,outandin
802,1042,outandin
802,1283,outandin
802,1310,outandin
835,83,outandin
835,261,outandin
835,296,outandin
835,388,outandin
835,448,outandin
835,492,outandin
835,546,outandin
835,725,outandin
835,733,outandin
835,752,outandin
835,861,outandin
835,1063,outandin
835,1189,outandin
835,1245,outandin
835,1281,outandin
835,1283,outandin
844,770,outandin
844,1487,outandin
859,50,outandin
859,95,outandin
859,214,outandin
859,388,outandin
859,431,outandin
859,547,incoming
859,551,outandin
859,641,outandin
859,644,outandin
859,676,outandin
859,725,incoming
859,733,outandin
859,1060,outandin
859,1168,outandin
859,1287,outandin
859,1373,outandin
859,1403,incoming
862,214,outandin
862,719,outandin
862,915,outandin
862,1272,outandin
928,41,outandin
928,80,outandin
928,94,outandin
928,184,outandin
928,191,outandin
928,283,outandin
928,296,outandin
928,334,outandin
928,362,outandin
928,542,outandin
928,573,outandin
928,714,outandin
928,725,outandin
928,732,outandin
928,733,outandin
928,741,outandin
928,770,outandin
928,884,outandin
928,915,outandin
928,943,outandin
928,964,outandin
928,965,outandin
928,999,outandin
928,1265,outandin
928,1406,outandin
928,1520,incoming
938,41,outandin
938,95,outandin
938,327,outandin
938,733,outandin
938,770,outandin
938,1034,outandin
938,1035,outandin
938,1189,outandin
938,1283,outandin
938,1323,outandin
938,1396,outandin
938,1539,outandin
977,346,outandin
977,644,outandin
977,939,outandin
978,41,outandin
978,199,outandin
978,586,outandin
978,871,outandin
978,974,outandin
978,979,outandin
994,145,outandin
994,454,outandin
994,513,outandin
994,536,outandin
994,632,outandin
994,799,outandin
994,831,outandin
994,893,outandin
994,993,outandin
994,1054,outandin
994,1056,outandin
994,1103,outandin
994,1118,outandin
994,1126,outandin
994,1284,outandin
994,1298,outandin
994,1375,outandin
994,1395,outandin
994,1402,outandin
994,1540,incoming
997,701,outandin
997,1042,outandin
997,1413,outandin
997,1425,outandin
1039,41,outandin
1039,131,outandin
1039,234,outandin
1039,509,outandin
1039,586,outandin
1039,801,outandin
1039,943,outandin
1039,1034,outandin
1039,1036,outandin
1039,1038,outandin
1039,1042,outandin
1039,1283,outandin
1039,1287,outandin
1039,1316,incoming
1050,199,outandin
1050,831,outandin
1050,871,outandin
1050,878,outandin
1050,884,outandin
1050,939,outandin
1050,1026,outandin
1050,1146,outandin
1050,1236,outandin
1062,346,outandin
1062,353,outandin
1062,1061,outandin
1062,1190,outandin
1062,1349,outandin
1062,1419,outandin
1062,1444,outandin
1062,1451,outandin
1062,1453,outandin
1062,1455,outandin
1062,1470,outandin
1121,797,incoming
1132,725,outandin
1132,950,outandin
1132,1087,outandin
1132,1093,outandin
1132,1136,outandin
1132,1156,outandin
1132,1425,outandin
1169,547,outandin
1169,1283,outandin
1181,131,outandin
1181,214,outandin
1181,296,outandin
1181,779,outandin
1181,1083,outandin
1181,1184,outandin
1181,1189,outandin
1181,1194,outandin
1181,1272,outandin
1181,1545,outandin
1183,199,outandin
1183,234,outandin
1183,236,outandin
1183,297,outandin
1183,353,outandin
1183,824,outandin
1183,991,outandin
1183,1087,outandin
1183,1187,outandin
1183,1190,outandin
1183,1225,outandin
1183,1230,outandin
1183,1283,outandin
1183,1354,outandin
1183,1355,incoming
1183,1356,outandin
1183,1360,outandin
1183,1361,outandin
1183,1482,outandin
1184,60,outandin
1184,296,outandin
1184,367,outandin
1184,442,outandin
1184,605,outandin
1184,644,outandin
1184,719,outandin
1184,810,outandin
1184,1036,outandin
1184,1044,outandin
1184,1052,outandin
1184,1406,outandin
1184,1472,outandin
1184,1508,outandin
1188,1033,outandin
1188,1114,outandin
1190,50,outandin
1190,62,incoming
1190,281,outandin
1190,306,outandin
1190,393,incoming
1190,394,incoming
1190,551,outandin
1190,738,outandin
1190,1034,outandin
1190,1281,outandin
1190,1287,outandin
1190,1352,outandin
1191,1189,outandin
1191,1373,outandin
1196,669,outandin
1196,770,outandin
1196,1189,outandin
1198,41,outandin
1198,898,outandin
1198,1230,outandin
1206,1093,outandin
1261,725,outandin
1261,1189,outandin
1279,644,outandin
1279,781,outandin
1279,1248,outandin
1279,1281,outandin
1280,272,outandin
1280,281,outandin
1280,497,outandin
1280,511,outandin
1280,547,incoming
1280,621,outandin
1280,725,outandin
1280,741,outandin
1280,770,outandin
1280,781,outandin
1280,1033,outandin
1280,1037,outandin
1280,1189,outandin
1280,1210,outandin
1280,1244,outandin
1280,1281,outandin
1280,1283,outandin
1280,1287,incoming
1280,1317,outandin
1280,1326,outandin
1280,1339,outandin
1280,1403,outandin
1281,50,outandin
1281,53,outandin
1281,60,outandin
1281,62,outandin
1281,74,outandin
1281,128,outandin
1281,131,outandin
1281,163,outandin
1281,225,outandin
1281,291,outandin
1281,354,outandin
1281,356,outandin
1281,462,outandin
1281,475,outandin
1281,532,outandin
1281,536,outandin
1281,539,outandin
1281,542,outandin
1281,547,outandin
1281,576,outandin
1281,605,outandin
1281,644,outandin
1281,701,outandin
1281,725,outandin
1281,732,outandin
1281,770,outandin
1281,781,outandin
1281,797,outandin
1281,799,outandin
1281,800,outandin
1281,810,outandin
1281,831,outandin
1281,927,outandin
1281,944,outandin
1281,950,outandin
1281,1004,outandin
1281,1005,outandin
1281,1006,outandin
1281,1018,outandin
1281,1023,outandin
1281,1033,incoming
1281,1038,outandin
1281,1042,outandin
1281,1065,outandin
1281,1118,outandin
1281,1173,outandin
1281,1213,outandin
1281,1215,outandin
1281,1227,outandin
1281,1231,outandin
1281,1246,outandin
1281,1248,outandin
1281,1253,outandin
1281,1272,outandin
1281,1274,outandin
1281,1283,incoming
1281,1287,outandin
1281,1291,outandin
1281,1310,outandin
1281,1325,outandin
1281,1344,outandin
1281,1345,outandin
1281,1349,outandin
1281,1356,outandin
1281,1373,outandin
1281,1374,outandin
1281,1377,outandin
1281,1382,outandin
1281,1397,outandin
1281,1414,outandin
1281,1429,outandin
1281,1463,outandin
1281,1499,outandin
1285,475,outandin
1285,912,outandin
1285,1021,incoming
1285,1026,outandin
1285,1273,outandin
1312,1091,outandin
1312,1313,incoming
1312,1344,incoming
1312,1434,incoming
1313,483,incoming
1313,507,incoming
1313,733,outandin
1313,871,outandin
1313,1268,outandin
1313,1373,outandin
1313,1387,incoming
1313,1406,outandin
1313,1434,outandin
1317,483,outandin
1317,507,outandin
1317,536,outandin
1317,758,outandin
1317,781,outandin
1317,817,outandin
1317,919,incoming
1317,1215,outandin
1317,1244,outandin
1317,1284,outandin
1317,1318,outandin
1317,1417,outandin
1323,1129,outandin
1323,1173,outandin
1323,1248,outandin
1332,390,outandin
1332,600,outandin
1332,754,outandin
1332,806,outandin
1332,964,outandin
1332,1255,incoming
1332,1437,incoming
1332,1545,incoming
1338,193,outandin
1338,283,outandin
1338,353,outandin
1338,373,outandin
1338,471,outandin
1338,733,outandin
1338,838,outandin
1338,878,outandin
1338,1034,outandin
1338,1036,outandin
1338,1173,outandin
1338,1189,outandin
1338,1447,outandin
1338,1508,outandin
1401,1509,outandin
1402,29,outandin
1402,95,incoming
1402,322,outandin
1402,339,outandin
1402,418,outandin
1402,425,outandin
1402,431,outandin
1402,497,outandin
1402,507,outandin
1402,560,outandin
1402,586,outandin
1402,644,outandin
1402,667,outandin
1402,733,outandin
1402,770,outandin
1402,810,outandin
1402,865,outandin
1402,950,outandin
1402,993,outandin
1402,1018,outandin
1402,1023,outandin
1402,1033,outandin
1402,1044,outandin
1402,1083,outandin
1402,1189,outandin
1402,1213,outandin
1402,1235,outandin
1402,1252,outandin
1402,1272,outandin
1402,1283,outandin
1402,1290,outandin
1402,1319,outandin
1402,1339,outandin
1402,1379,outandin
1402,1479,outandin
1420,191,outandin
1420,356,outandin
1420,468,outandin
1420,644,outandin
1420,719,outandin
1420,810,outandin
1420,1523,outandin
1423,733,outandin
1423,1033,outandin
1423,1292,outandin
1423,1377,outandin
1434,131,outandin
1434,174,incoming
1434,298,outandin
1434,547,outandin
1434,725,outandin
1434,732,outandin
1434,865,outandin
1434,881,outandin
1434,1344,outandin
1434,1379,outandin
1434,1535,outandin
1444,1168,outandin
1444,1189,outandin
1444,1413,outandin
1444,1433,outandin
1444,1445,outandin
1452,1539,outandin
1453,346,outandin
1501,356,incoming
1501,1521,outandin
1510,128,incoming
1510,606,outandin
1521,645,outandin
1521,1508,outandin
41,13,outandin
41,39,outandin
41,43,outandin
41,59,outandin
41,63,outandin
41,65,outandin
41,80,outandin
41,81,outandin
41,134,outandin
41,166,outandin
41,167,outandin
41,168,outandin
41,169,outandin
41,173,outandin
41,174,outandin
41,180,outandin
41,183,outandin
41,184,outandin
41,186,outandin
41,188,outandin
41,192,outandin
41,215,outandin
41,222,outandin
41,223,outandin
41,248,outandin
41,263,outandin
41,265,outandin
41,270,outandin
41,280,outandin
41,283,outandin
41,300,outandin
41,353,outandin
41,355,outandin
41,375,outandin
41,379,outandin
41,380,outandin
41,381,outandin
41,382,outandin
41,383,outandin
41,392,outandin
41,396,outandin
41,407,outandin
41,419,outandin
41,437,outandin
41,452,outandin
41,464,outandin
41,473,outandin
41,503,outandin
41,513,outandin
41,523,incoming
41,529,outandin
41,536,outandin
41,538,outandin
41,542,outandin
41,567,outandin
41,595,outandin
41,599,outandin
41,609,outandin
41,610,incoming
41,707,outandin
41,710,outandin
41,719,outandin
41,741,outandin
41,743,outandin
41,746,outandin
41,754,outandin
41,769,outandin
41,780,outandin
41,805,outandin
41,811,outandin
41,815,outandin
41,817,outandin
41,823,outandin
41,840,outandin
41,863,outandin
41,901,outandin
41,913,outandin
41,919,incoming
41,943,outandin
41,969,outandin
41,975,outandin
41,1018,outandin
41,1040,outandin
41,1041,outandin
41,1043,outandin
41,1056,outandin
41,1111,outandin
41,1136,incoming
41,1163,outandin
41,1182,outandin
41,1185,outandin
41,1215,outandin
41,1217,outandin
41,1236,outandin
41,1248,outandin
41,1255,outandin
41,1542,outandin
41,1554,incoming
80,309,outandin
80,600,outandin
80,609,outandin
80,823,outandin
80,1041,outandin
80,1189,outandin
80,1248,outandin
81,38,outandin
81,91,outandin
81,95,outandin
81,204,outandin
118,100,outandin
118,193,incoming
118,222,outandin
118,296,outandin
118,586,outandin
118,616,outandin
118,779,outandin
118,817,outandin
118,847,outandin
118,943,outandin
118,1070,outandin
118,1189,outandin
118,1379,outandin
128,38,outandin
128,62,outandin
128,172,outandin
128,204,outandin
128,236,outandin
128,242,outandin
128,324,outandin
128,329,outandin
128,334,outandin
128,338,outandin
128,344,outandin
128,353,outandin
128,493,outandin
128,503,outandin
128,509,outandin
128,542,outandin
128,548,incoming
128,557,outandin
128,571,outandin
128,573,outandin
128,606,incoming
128,612,incoming
128,629,outandin
128,677,outandin
128,685,outandin
128,706,outandin
128,715,outandin
128,733,outandin
128,738,outandin
128,749,outandin
128,778,outandin
128,797,outandin
128,846,outandin
128,847,outandin
128,873,outandin
128,878,outandin
128,927,outandin
128,934,outandin
128,944,outandin
128,980,outandin
128,1004,outandin
128,1006,outandin
128,1080,outandin
128,1101,outandin
128,1124,outandin
128,1153,incoming
128,1262,outandin
128,1267,outandin
128,1283,outandin
128,1354,outandin
128,1381,outandin
128,1409,outandin
128,1413,outandin
128,1415,outandin
128,1513,outandin
168,38,outandin
168,95,outandin
168,119,outandin
168,733,outandin
173,749,outandin
173,770,outandin
173,1283,outandin
173,1339,outandin
173,1406,outandin
297,62,outandin
297,63,outandin
297,75,outandin
297,131,outandin
297,172,outandin
297,191,outandin
297,214,outandin
297,234,outandin
297,242,outandin
297,248,outandin
297,263,outandin
297,272,outandin
297,283,outandin
297,327,outandin
297,334,outandin
297,337,incoming
297,448,outandin
297,484,outandin
297,497,outandin
297,513,outandin
297,542,outandin
297,546,outandin
297,547,outandin
297,560,outandin
297,573,outandin
297,602,outandin
297,609,outandin
297,678,outandin
297,714,outandin
297,727,outandin
297,733,outandin
297,738,outandin
297,770,outandin
297,777,outandin
297,778,outandin
297,795,outandin
297,797,outandin
297,830,outandin
297,884,outandin
297,915,outandin
297,950,outandin
297,999,outandin
297,1001,outandin
297,1101,outandin
297,1158,outandin
297,1189,outandin
297,1283,outandin
297,1339,outandin
297,1381,outandin
300,384,outandin
300,468,outandin
300,586,outandin
319,333,outandin
319,337,outandin
319,338,outandin
319,551,outandin
319,926,outandin
319,1189,outandin
319,1283,outandin
319,1406,outandin
355,102,outandin
355,181,outandin
355,193,outandin
355,199,outandin
355,296,outandin
355,456,outandin
355,644,outandin
355,768,outandin
355,852,outandin
392,172,outandin
392,228,outandin
392,261,outandin
392,306,outandin
392,353,outandin
392,383,outandin
392,448,outandin
392,475,outandin
392,538,outandin
392,815,outandin
392,871,outandin
392,950,outandin
392,998,outandin
392,1051,outandin
392,1054,outandin
392,1236,outandin
392,1283,outandin
392,1295,outandin
392,1315,incoming
392,1383,outandin
402,281,outandin
402,431,outandin
402,448,outandin
402,586,outandin
402,632,outandin
402,728,outandin
402,762,outandin
402,881,outandin
402,1019,outandin
402,1038,outandin
402,1173,outandin
402,1201,outandin
402,1250,outandin
402,1463,outandin
402,1539,outandin
475,38,outandin
475,62,outandin
475,74,outandin
475,75,outandin
475,214,outandin
475,228,outandin
475,283,outandin
475,305,outandin
475,338,incoming
475,339,outandin
475,363,outandin
475,414,outandin
475,418,outandin
475,431,outandin
475,468,outandin
475,496,outandin
475,546,outandin
475,594,outandin
475,619,outandin
475,641,outandin
475,678,outandin
475,733,outandin
475,749,outandin
475,770,outandin
475,779,outandin
475,821,outandin
475,841,outandin
475,870,outandin
475,998,outandin
475,1036,outandin
475,1064,outandin
475,1066,outandin
475,1101,outandin
475,1103,outandin
475,1105,outandin
475,1153,outandin
475,1163,outandin
475,1167,outandin
475,1189,outandin
475,1214,outandin
475,1273,outandin
475,1283,outandin
475,1416,outandin
475,1480,outandin
513,74,outandin
513,98,outandin
513,181,outandin
513,263,outandin
513,306,outandin
513,388,outandin
513,440,outandin
513,448,outandin
513,509,outandin
513,535,outandin
513,542,outandin
513,545,outandin
513,557,outandin
513,586,outandin
513,588,outandin
513,589,outandin
513,627,outandin
513,641,outandin
513,648,outandin
513,649,outandin
513,723,outandin
513,752,outandin
513,762,outandin
513,770,outandin
513,777,outandin
513,785,outandin
513,871,outandin
513,950,outandin
513,990,outandin
513,993,outandin
513,1101,outandin
513,1283,outandin
536,83,outandin
536,191,outandin
536,199,outandin
536,204,outandin
536,285,outandin
536,336,outandin
536,356,outandin
536,509,outandin
536,532,incoming
536,537,outandin
536,539,outandin
536,733,incoming
536,749,outandin
536,765,outandin
536,778,outandin
536,782,outandin
536,795,outandin
536,840,outandin
536,882,outandin
536,884,outandin
536,915,outandin
536,921,outandin
536,927,outandin
536,940,outandin
536,993,outandin
536,1189,outandin
536,1224,outandin
536,1236,outandin
536,1240,outandin
586,50,outandin
586,145,incoming
586,183,outandin
586,309,outandin
586,394,outandin
586,396,outandin
586,454,outandin
586,504,outandin
586,517,outandin
586,534,outandin
586,538,outandin
586,570,outandin
586,589,outandin
586,616,outandin
586,666,outandin
586,673,outandin
586,698,outandin
586,707,outandin
586,758,outandin
586,768,outandin
586,774,outandin
586,804,outandin
586,815,outandin
586,816,outandin
586,832,outandin
586,840,outandin
586,899,outandin
586,952,outandin
586,969,outandin
586,1029,outandin
586,1065,outandin
586,1069,outandin
586,1072,outandin
586,1097,outandin
586,1107,outandin
586,1136,outandin
586,1178,outandin
586,1253,outandin
586,1283,outandin
586,1316,outandin
586,1391,outandin
588,263,outandin
588,440,outandin
588,496,outandin
588,560,outandin
588,587,outandin
588,727,outandin
588,846,outandin
588,950,outandin
588,953,outandin
588,1019,outandin
588,1185,outandin
588,1233,outandin
593,193,outandin
593,228,outandin
593,621,outandin
593,768,incoming
599,74,outandin
599,511,outandin
599,534,outandin
599,770,outandin
599,998,outandin
599,1381,outandin
605,29,outandin
605,60,outandin
605,62,outandin
605,74,outandin
605,181,outandin
605,263,outandin
605,272,outandin
605,332,outandin
605,337,outandin
605,431,incoming
605,440,outandin
605,442,outandin
605,462,outandin
605,503,incoming
605,511,outandin
605,539,outandin
605,557,outandin
605,625,outandin
605,644,outandin
605,700,outandin
605,726,outandin
605,734,incoming
605,770,outandin
605,777,outandin
605,795,outandin
605,810,outandin
605,830,outandin
605,881,outandin
605,942,outandin
605,1023,outandin
605,1185,incoming
605,1253,outandin
605,1290,outandin
605,1406,outandin
609,39,outandin
609,63,outandin
609,145,outandin
609,204,outandin
609,449,outandin
609,765,outandin
609,815,outandin
609,836,outandin
609,840,outandin
609,964,outandin
609,971,outandin
609,975,outandin
609,1026,outandin
609,1036,outandin
609,1056,outandin
609,1097,outandin
609,1182,outandin
609,1325,outandin
609,1340,outandin
609,1373,outandin
609,1381,outandin
609,1478,outandin
609,1497,outandin
689,474,outandin
689,666,outandin
689,709,outandin
689,1189,outandin
719,63,outandin
719,145,outandin
719,219,outandin
719,220,outandin
719,474,outandin
719,504,outandin
719,621,outandin
719,635,outandin
719,644,incoming
719,676,outandin
719,725,outandin
719,758,outandin
719,838,outandin
719,913,outandin
719,924,outandin
719,931,outandin
719,969,outandin
719,1036,outandin
719,1136,outandin
719,1236,outandin
719,1246,outandin
719,1251,outandin
719,1260,outandin
719,1336,outandin
757,876,outandin
758,50,incoming
758,74,outandin
758,102,outandin
758,298,outandin
758,440,outandin
758,509,outandin
758,643,outandin
758,646,outandin
758,728,outandin
758,733,outandin
758,741,outandin
758,762,outandin
758,1023,outandin
758,1042,outandin
758,1044,outandin
758,1283,outandin
758,1449,outandin
817,104,outandin
817,346,outandin
817,448,outandin
817,492,outandin
817,509,outandin
817,539,outandin
817,770,outandin
817,915,outandin
817,943,outandin
817,981,outandin
817,1100,outandin
817,1199,outandin
817,1215,outandin
817,1248,outandin
817,1449,outandin
817,1472,outandin
823,29,outandin
823,50,outandin
823,193,outandin
823,199,outandin
823,239,outandin
823,242,incoming
823,283,outandin
823,285,outandin
823,296,outandin
823,309,outandin
823,334,outandin
823,431,outandin
823,448,outandin
823,542,outandin
823,546,outandin
823,548,outandin
823,567,outandin
823,600,outandin
823,809,outandin
823,824,outandin
823,869,outandin
823,915,outandin
823,950,outandin
823,959,outandin
823,998,outandin
823,1032,outandin
823,1033,outandin
823,1139,outandin
823,1163,outandin
823,1185,outandin
823,1189,outandin
823,1211,outandin
823,1222,outandin
823,1268,outandin
823,1369,outandin
823,1397,outandin
823,1525,outandin
825,705,outandin
825,819,outandin
830,145,outandin
830,204,outandin
830,339,outandin
830,364,outandin
830,454,outandin
830,468,outandin
830,549,outandin
830,621,outandin
830,765,outandin
830,809,outandin
830,840,outandin
830,871,outandin
830,877,outandin
830,880,outandin
830,913,outandin
830,924,outandin
830,952,outandin
830,1072,outandin
830,1340,outandin
830,1426,incoming
840,74,outandin
840,83,outandin
840,172,incoming
840,181,outandin
840,199,outandin
840,263,outandin
840,283,outandin
840,309,outandin
840,332,outandin
840,334,outandin
840,337,outandin
840,346,outandin
840,352,incoming
840,356,outandin
840,431,outandin
840,448,outandin
840,509,incoming
840,539,outandin
840,542,outandin
840,560,outandin
840,573,outandin
840,594,outandin
840,667,outandin
840,701,outandin
840,706,outandin
840,714,outandin
840,716,outandin
840,724,outandin
840,725,outandin
840,733,outandin
840,770,outandin
840,777,outandin
840,838,outandin
840,870,outandin
840,871,outandin
840,884,outandin
840,933,outandin
840,944,outandin
840,950,outandin
840,953,outandin
840,980,outandin
840,1031,outandin
840,1032,outandin
840,1043,outandin
840,1066,outandin
840,1158,outandin
840,1167,outandin
840,1185,outandin
840,1186,outandin
840,1189,outandin
840,1241,outandin
840,1274,outandin
840,1328,outandin
840,1340,outandin
840,1358,outandin
840,1441,outandin
857,430,outandin
926,557,outandin
926,871,outandin
926,941,outandin
926,992,outandin
926,1077,outandin
969,181,outandin
969,283,outandin
969,448,outandin
969,549,outandin
969,557,outandin
969,749,outandin
969,779,outandin
969,871,outandin
969,949,outandin
969,961,outandin
969,990,outandin
969,999,outandin
969,1189,outandin
969,1236,outandin
984,1236,outandin
984,1255,outandin
991,286,outandin
991,992,outandin
991,1004,outandin
991,1094,outandin
998,990,outandin
998,1283,outandin
1042,53,outandin
1042,145,outandin
1042,337,outandin
1042,449,outandin
1042,781,outandin
1042,1034,outandin
1042,1056,outandin
1042,1260,outandin
1042,1330,outandin
1068,214,outandin
1068,339,outandin
1068,674,incoming
1068,949,outandin
1068,1235,outandin
1068,1334,outandin
1080,792,outandin
1080,1072,outandin
1080,1207,outandin
1118,53,outandin
1118,560,outandin
1118,620,outandin
1118,632,outandin
1118,644,outandin
1118,749,outandin
1118,770,outandin
1118,942,outandin
1118,1034,outandin
1118,1052,outandin
1118,1103,outandin
1118,1231,outandin
1118,1236,outandin
1118,1283,outandin
1138,53,outandin
1138,296,outandin
1138,810,outandin
1138,871,outandin
1138,939,outandin
1138,966,outandin
1138,995,outandin
1138,1101,outandin
1138,1283,outandin
1138,1367,outandin
1138,1379,outandin
1138,1381,outandin
1138,1383,outandin
1138,1389,outandin
1138,1416,outandin
1153,1103,outandin
1153,1236,outandin
1214,180,outandin
1214,714,outandin
1214,933,outandin
1214,1236,outandin
1214,1239,outandin
1252,787,outandin
1252,1231,outandin
1255,285,outandin
1255,327,outandin
1255,356,outandin
1255,462,outandin
1255,714,outandin
1255,733,outandin
1255,770,outandin
1255,878,incoming
1255,980,outandin
1255,1189,outandin
1255,1231,incoming
1255,1334,outandin
1255,1335,outandin
1255,1339,incoming
1255,1349,outandin
1255,1403,outandin
1284,50,outandin
1284,131,outandin
1284,283,outandin
1284,285,outandin
1284,346,outandin
1284,353,outandin
1284,585,outandin
1284,714,outandin
1284,793,outandin
1284,824,outandin
1284,1087,outandin
1284,1105,outandin
1284,1187,outandin
1284,1213,outandin
1284,1253,outandin
1284,1326,outandin
1344,1283,outandin
1344,1339,incoming
1379,131,outandin
1379,912,outandin
1379,1236,outandin
1433,379,outandin
1433,635,outandin
1433,975,outandin
1433,1072,outandin
85,322,outandin
85,733,outandin
85,953,outandin
85,1013,outandin
85,1083,outandin
85,1236,outandin
85,1283,outandin
85,1326,outandin
85,1416,outandin
111,112,outandin
114,770,incoming
114,1189,outandin
158,264,outandin
215,62,outandin
215,214,outandin
220,62,outandin
220,95,outandin
220,214,outandin
220,271,outandin
220,283,outandin
220,337,outandin
220,346,outandin
220,373,outandin
220,505,outandin
220,644,outandin
220,646,outandin
220,678,outandin
220,1018,outandin
220,1189,outandin
220,1310,outandin
265,953,outandin
265,1272,outandin
365,38,outandin
365,95,outandin
365,191,outandin
365,399,outandin
365,431,outandin
365,448,outandin
365,770,outandin
396,74,outandin
396,181,outandin
396,191,outandin
396,214,outandin
396,399,outandin
396,407,outandin
396,414,outandin
396,425,outandin
396,456,outandin
396,539,outandin
396,770,outandin
419,74,outandin
419,990,outandin
434,433,outandin
443,29,outandin
451,242,outandin
478,38,outandin
512,214,incoming
512,418,outandin
519,74,outandin
519,469,outandin
525,93,outandin
525,214,incoming
525,865,outandin
525,1246,outandin
538,119,outandin
538,193,outandin
538,431,outandin
538,438,outandin
538,456,outandin
538,546,outandin
538,563,outandin
538,567,outandin
538,570,outandin
538,770,outandin
538,781,outandin
538,1283,outandin
583,172,outandin
583,214,outandin
583,234,outandin
583,283,outandin
583,337,outandin
583,483,outandin
583,509,outandin
583,542,outandin
583,546,outandin
583,557,outandin
583,754,outandin
583,795,outandin
583,1185,outandin
806,469,outandin
874,74,outandin
874,131,outandin
874,191,outandin
874,768,outandin
874,875,outandin
874,915,outandin
874,919,outandin
886,915,outandin
886,1239,outandin
901,884,outandin
901,915,outandin
924,621,incoming
924,768,incoming
924,1158,outandin
957,1509,outandin
1069,74,outandin
1069,98,outandin
1069,102,outandin
1069,421,outandin
1069,542,outandin
1069,545,outandin
1069,559,outandin
1069,560,outandin
1069,878,outandin
1069,884,outandin
1069,1023,outandin
1069,1476,outandin
1072,29,outandin
1072,214,outandin
1072,370,outandin
1072,539,outandin
1072,542,outandin
1072,560,outandin
1072,567,outandin
1072,770,outandin
1072,777,outandin
1072,800,incoming
1072,809,outandin
1072,865,outandin
1072,878,incoming
1072,1004,outandin
1072,1023,outandin
1072,1033,outandin
1072,1037,outandin
1072,1043,outandin
1072,1066,outandin
1072,1105,outandin
1072,1158,incoming
1072,1189,outandin
1072,1292,outandin
1072,1297,outandin
1078,1079,incoming
1099,644,outandin
1130,1185,outandin
1131,50,outandin
1131,191,outandin
1131,309,outandin
1131,440,outandin
1131,793,outandin
1131,950,outandin
1131,1087,outandin
1131,1093,outandin
1131,1187,outandin
1136,29,outandin
1136,50,outandin
1136,181,outandin
1136,306,outandin
1136,309,outandin
1136,950,outandin
1136,1019,outandin
1136,1087,outandin
1136,1158,outandin
1136,1215,outandin
1136,1270,outandin
1136,1283,outandin
1207,797,outandin
1260,174,outandin
1260,470,outandin
1260,505,outandin
1260,547,outandin
1260,557,outandin
1260,645,outandin
1260,725,incoming
1260,733,outandin
1260,770,outandin
1260,810,outandin
1260,871,outandin
1260,1006,outandin
1260,1052,outandin
1260,1189,outandin
1260,1272,outandin
1260,1283,outandin
1299,47,outandin
1299,193,outandin
1299,462,outandin
1299,1233,outandin
1390,1283,outandin
1435,667,outandin
1435,1033,outandin
1505,191,outandin
21,25,outandin
199,63,incoming
199,210,outandin
199,279,outandin
199,296,outandin
199,445,outandin
199,483,outandin
199,509,outandin
199,546,outandin
199,595,outandin
199,673,outandin
199,848,outandin
199,858,outandin
199,949,outandin
199,952,outandin
199,971,outandin
199,975,outandin
199,1051,outandin
199,1060,incoming
199,1105,outandin
199,1139,outandin
199,1185,outandin
199,1234,outandin
199,1237,outandin
199,1244,outandin
199,1339,outandin
199,1363,outandin
199,1364,outandin
199,1375,outandin
25,29,outandin
25,797,outandin
46,47,outandin
46,63,outandin
29,657,outandin
29,850,outandin
29,1248,outandin
29,1302,outandin
29,1394,outandin
797,63,outandin
797,204,outandin
797,304,outandin
797,454,outandin
797,544,incoming
797,556,outandin
797,621,outandin
797,698,outandin
797,768,outandin
797,804,outandin
797,832,outandin
797,849,outandin
797,913,outandin
797,958,outandin
797,974,outandin
797,1142,outandin
797,1268,outandin
797,1283,outandin
797,1336,outandin
797,1343,outandin
797,1363,outandin
797,1392,outandin
797,1464,outandin
797,1465,outandin
797,1466,outandin
797,1471,outandin
797,1473,outandin
53,54,outandin
53,62,outandin
53,181,outandin
53,253,outandin
53,291,outandin
53,305,outandin
53,340,outandin
53,346,outandin
53,408,outandin
53,416,outandin
53,456,outandin
53,542,outandin
53,594,outandin
53,620,outandin
53,646,incoming
53,785,outandin
53,847,outandin
53,855,outandin
53,953,outandin
53,975,outandin
53,1018,outandin
53,1101,outandin
53,1139,outandin
53,1202,outandin
53,1244,outandin
53,1272,outandin
53,1283,outandin
53,1314,outandin
53,1349,incoming
53,1388,outandin
53,1432,outandin
53,1438,outandin
63,60,outandin
63,74,outandin
63,92,outandin
63,95,outandin
63,161,outandin
63,174,outandin
63,184,outandin
63,193,incoming
63,202,outandin
63,228,outandin
63,242,outandin
63,290,outandin
63,296,outandin
63,301,outandin
63,332,outandin
63,337,outandin
63,339,outandin
63,356,outandin
63,430,outandin
63,494,outandin
63,547,outandin
63,549,outandin
63,557,incoming
63,560,outandin
63,706,outandin
63,724,outandin
63,725,outandin
63,728,outandin
63,767,outandin
63,770,outandin
63,801,outandin
63,847,outandin
63,865,outandin
63,923,outandin
63,942,outandin
63,949,outandin
63,963,outandin
63,990,outandin
63,996,outandin
63,1114,outandin
63,1302,outandin
63,1310,outandin
227,1234,outandin
462,339,outandin
462,393,outandin
462,675,outandin
462,742,outandin
462,913,outandin
462,992,outandin
462,1034,outandin
645,102,outandin
645,204,outandin
645,353,outandin
645,655,outandin
645,1236,outandin
645,1246,outandin
645,1283,outandin
645,1302,outandin
1033,145,outandin
1033,379,outandin
1033,437,outandin
1033,542,outandin
1033,548,outandin
1033,576,outandin
1033,701,outandin
1033,765,outandin
1033,768,outandin
1033,847,outandin
1033,1056,outandin
1033,1137,outandin
1033,1158,outandin
1033,1209,outandin
1033,1211,outandin
1033,1292,outandin
1033,1355,incoming
1033,1377,outandin
1033,1381,outandin
1033,1443,outandin
1033,1496,outandin
1383,54,outandin
1383,749,incoming
1383,793,outandin
1383,1283,outandin
1383,1381,outandin
1383,1463,outandin
184,183,outandin
184,204,outandin
184,573,outandin
184,698,outandin
184,1026,outandin
456,204,incoming
456,394,outandin
456,449,outandin
456,454,outandin
456,457,outandin
456,474,outandin
456,501,outandin
456,551,outandin
456,553,outandin
456,1246,outandin
620,70,outandin
620,183,outandin
620,473,outandin
620,673,outandin
620,1030,outandin
620,1211,outandin
620,1294,outandin
949,62,outandin
949,204,outandin
949,913,outandin
949,1215,outandin
953,954,outandin
970,1021,outandin
996,815,outandin
1283,57,outandin
1283,163,outandin
1283,242,outandin
1283,245,incoming
1283,298,outandin
1283,306,outandin
1283,334,outandin
1283,337,outandin
1283,346,outandin
1283,353,outandin
1283,468,outandin
1283,470,outandin
1283,523,outandin
1283,547,outandin
1283,560,outandin
1283,576,outandin
1283,643,outandin
1283,644,outandin
1283,660,outandin
1283,700,outandin
1283,710,incoming
1283,728,outandin
1283,731,outandin
1283,738,outandin
1283,741,outandin
1283,770,outandin
1283,782,outandin
1283,792,outandin
1283,801,outandin
1283,843,outandin
1283,864,outandin
1283,919,outandin
1283,950,outandin
1283,975,outandin
1283,987,outandin
1283,1018,outandin
1283,1032,outandin
1283,1034,outandin
1283,1051,outandin
1283,1063,outandin
1283,1087,outandin
1283,1097,outandin
1283,1105,outandin
1283,1158,outandin
1283,1167,outandin
1283,1168,outandin
1283,1187,outandin
1283,1195,outandin
1283,1208,outandin
1283,1215,outandin
1283,1227,outandin
1283,1231,outandin
1283,1244,outandin
1283,1246,outandin
1283,1264,outandin
1283,1270,outandin
1283,1295,outandin
1283,1297,outandin
1283,1302,outandin
1283,1310,outandin
1283,1315,outandin
1283,1325,outandin
1283,1326,outandin
1283,1339,outandin
1283,1340,outandin
1283,1341,outandin
1283,1342,outandin
1283,1343,outandin
1283,1350,outandin
1283,1358,outandin
1283,1359,outandin
1283,1373,outandin
1283,1378,outandin
1283,1382,outandin
1283,1386,outandin
1283,1391,outandin
1425,1415,outandin
657,655,outandin
1248,50,outandin
1248,60,outandin
1248,131,incoming
1248,234,incoming
1248,346,outandin
1248,367,outandin
1248,560,outandin
1248,770,outandin
1248,919,outandin
1248,966,outandin
1248,1100,outandin
1302,198,outandin
1302,338,incoming
1302,468,outandin
1302,678,outandin
1302,733,outandin
1302,770,outandin
1302,871,outandin
1302,1126,outandin
1302,1236,outandin
1302,1315,outandin
131,125,outandin
131,191,outandin
131,393,outandin
131,394,outandin
131,504,outandin
131,548,outandin
131,734,outandin
131,792,outandin
131,815,outandin
131,990,outandin
131,1008,outandin
131,1244,outandin
161,162,incoming
162,62,outandin
162,851,outandin
644,39,outandin
644,59,outandin
644,102,outandin
644,183,outandin
644,393,outandin
644,474,outandin
644,517,outandin
644,518,outandin
644,547,outandin
644,659,outandin
644,701,outandin
644,707,outandin
644,773,outandin
644,838,outandin
644,899,outandin
644,919,outandin
644,943,outandin
644,995,outandin
644,1216,outandin
644,1234,outandin
644,1251,outandin
644,1253,incoming
644,1262,outandin
644,1268,outandin
644,1295,outandin
59,83,outandin
59,104,outandin
59,399,outandin
59,431,outandin
59,448,outandin
59,777,outandin
59,939,outandin
60,62,outandin
60,245,outandin
60,296,outandin
60,701,outandin
60,919,outandin
60,1004,outandin
60,1173,outandin
60,1463,outandin
174,70,outandin
174,701,outandin
198,204,outandin
198,1321,outandin
237,191,outandin
243,100,outandin
263,145,outandin
263,191,outandin
263,222,outandin
263,239,outandin
263,272,outandin
263,281,outandin
263,332,outandin
263,337,outandin
263,344,outandin
263,352,outandin
263,393,incoming
263,394,outandin
263,449,outandin
263,454,outandin
263,503,outandin
263,647,outandin
263,762,outandin
263,843,outandin
263,908,outandin
263,989,outandin
263,992,outandin
263,1298,outandin
281,145,outandin
281,272,outandin
281,332,incoming
281,337,outandin
281,352,outandin
281,435,outandin
281,546,outandin
281,781,outandin
281,809,outandin
281,1018,outandin
281,1140,outandin
283,248,outandin
283,375,outandin
283,379,outandin
283,445,outandin
283,594,outandin
283,628,outandin
283,815,outandin
283,843,outandin
283,853,outandin
283,1393,outandin
283,1502,outandin
291,292,outandin
291,393,outandin
291,1168,outandin
353,261,outandin
353,296,outandin
353,504,outandin
353,665,outandin
353,725,outandin
353,793,outandin
353,950,incoming
353,1087,outandin
353,1187,outandin
353,1326,outandin
353,1365,outandin
375,62,outandin
375,248,outandin
375,296,outandin
375,399,outandin
375,448,outandin
375,496,outandin
375,871,outandin
375,884,outandin
375,912,incoming
375,944,outandin
375,1101,outandin
375,1158,outandin
375,1185,outandin
375,1189,outandin
379,74,outandin
379,450,outandin
379,542,outandin
379,770,outandin
379,995,outandin
379,1034,outandin
379,1037,outandin
393,38,outandin
393,54,outandin
393,62,outandin
393,95,outandin
393,191,outandin
393,367,outandin
393,394,outandin
393,431,outandin
393,733,outandin
393,738,outandin
393,768,outandin
393,793,outandin
393,800,outandin
393,870,outandin
393,915,outandin
393,944,outandin
393,963,outandin
393,1111,incoming
393,1189,outandin
393,1516,incoming
429,242,incoming
429,309,outandin
429,334,outandin
429,364,outandin
429,494,outandin
429,546,outandin
429,716,outandin
429,777,outandin
429,871,outandin
429,950,outandin
429,1449,outandin
431,407,outandin
431,454,outandin
431,544,outandin
431,595,outandin
431,627,outandin
431,727,incoming
431,738,outandin
431,853,outandin
431,975,outandin
431,1091,outandin
431,1117,outandin
431,1215,outandin
453,264,outandin
453,516,incoming
474,74,outandin
474,163,outandin
474,236,outandin
474,309,outandin
474,337,outandin
474,346,outandin
474,356,outandin
474,359,outandin
474,646,outandin
474,651,outandin
474,725,outandin
474,741,outandin
474,749,incoming
474,760,outandin
474,847,outandin
474,951,outandin
474,1187,outandin
474,1310,outandin
474,1339,incoming
474,1349,outandin
474,1377,outandin
494,445,outandin
494,454,outandin
494,1189,outandin
523,193,incoming
523,440,outandin
523,490,outandin
523,496,outandin
523,524,outandin
523,549,outandin
523,565,outandin
523,706,outandin
523,724,outandin
523,770,outandin
523,791,outandin
523,800,outandin
523,870,incoming
523,990,outandin
523,1032,outandin
523,1049,outandin
523,1093,outandin
523,1189,incoming
523,1397,outandin
523,1479,outandin
546,437,outandin
546,454,outandin
546,532,outandin
546,542,outandin
546,544,incoming
546,572,outandin
546,725,outandin
546,809,incoming
546,831,outandin
546,853,outandin
546,878,outandin
546,1005,incoming
546,1041,outandin
546,1053,outandin
546,1137,outandin
546,1189,outandin
546,1362,outandin
546,1380,outandin
546,1489,incoming
551,62,outandin
551,83,outandin
551,147,outandin
551,306,outandin
551,388,outandin
551,497,outandin
551,545,outandin
551,587,outandin
551,592,outandin
551,673,outandin
551,676,outandin
551,992,outandin
551,1019,outandin
551,1117,outandin
632,272,incoming
632,337,outandin
632,600,outandin
632,649,outandin
632,655,outandin
632,838,outandin
632,1331,outandin
698,339,outandin
698,509,outandin
698,950,outandin
698,990,outandin
770,204,outandin
770,437,outandin
770,454,outandin
770,484,outandin
770,534,outandin
770,544,outandin
770,701,outandin
770,768,outandin
770,815,outandin
770,841,outandin
770,853,outandin
770,873,outandin
770,903,outandin
770,960,outandin
770,963,outandin
770,975,outandin
770,1021,outandin
770,1103,outandin
770,1216,outandin
770,1217,outandin
770,1291,outandin
770,1336,outandin
770,1384,outandin
770,1491,outandin
773,401,outandin
773,776,outandin
773,1564,outandin
780,769,outandin
780,805,outandin
792,228,outandin
792,339,outandin
792,356,outandin
792,438,outandin
792,557,incoming
792,576,outandin
792,824,outandin
792,841,outandin
792,846,outandin
792,903,outandin
792,912,outandin
792,1006,outandin
792,1036,incoming
792,1185,outandin
792,1274,outandin
792,1297,outandin
792,1413,outandin
792,1446,outandin
792,1472,outandin
799,509,outandin
799,1475,incoming
826,913,outandin
826,925,outandin
940,74,outandin
940,454,outandin
940,913,outandin
983,95,outandin
983,985,incoming
983,1272,outandin
983,1325,outandin
983,1326,outandin
983,1441,outandin
1002,273,outandin
1002,334,outandin
1002,1185,outandin
1005,878,outandin
1005,1236,outandin
1034,701,outandin
1034,853,outandin
1034,1036,outandin
1034,1128,outandin
1034,1166,outandin
1034,1189,outandin
1036,454,outandin
1036,557,outandin
1036,701,outandin
1036,1123,incoming
1036,1325,outandin
1093,701,outandin
1093,793,outandin
1093,950,outandin
1103,309,outandin
1103,327,outandin
1103,425,outandin
1103,440,outandin
1103,509,outandin
1103,539,outandin
1103,542,outandin
1103,871,outandin
1103,939,outandin
1103,1004,outandin
1103,1189,outandin
1103,1441,outandin
1211,871,outandin
1211,1163,outandin
1211,1377,outandin
1211,1437,outandin
1217,242,outandin
1217,322,incoming
1217,473,outandin
1217,503,outandin
1217,725,outandin
1217,871,outandin
1217,1018,outandin
1217,1189,outandin
1217,1236,outandin
1227,50,outandin
1227,204,outandin
1227,333,outandin
1227,1018,outandin
1227,1117,outandin
1227,1142,outandin
1227,1185,outandin
1227,1236,outandin
1227,1237,outandin
1227,1253,outandin
1231,367,outandin
1231,552,outandin
1231,557,outandin
1231,733,outandin
1231,1286,incoming
1231,1339,incoming
1231,1359,outandin
1234,1254,incoming
1234,1339,outandin
1336,725,outandin
1372,468,outandin
1372,1236,outandin
1373,62,outandin
1373,354,incoming
1373,408,outandin
1373,592,outandin
1373,707,outandin
1373,710,incoming
1373,1295,outandin
1373,1306,outandin
1373,1350,outandin
1373,1405,outandin
1385,95,incoming
1386,1246,outandin
1395,421,outandin
1395,509,outandin
1463,50,outandin
1463,373,outandin
1463,1469,outandin
1497,172,outandin
1497,285,outandin
1497,309,outandin
1497,1066,outandin
1497,1359,outandin
1518,944,outandin
1518,1514,outandin
1518,1523,incoming
1546,1339,incoming
1546,1547,outandin
1546,1554,incoming
242,180,outandin
242,183,outandin
242,204,outandin
242,219,outandin
242,236,outandin
242,259,outandin
242,454,outandin
242,573,outandin
242,594,outandin
242,809,outandin
242,913,outandin
242,1178,incoming
286,202,incoming
286,339,outandin
286,367,outandin
286,416,outandin
286,468,outandin
286,549,outandin
286,733,outandin
324,329,incoming
324,1537,incoming
351,701,outandin
351,815,outandin
483,62,outandin
483,193,outandin
483,768,outandin
483,782,outandin
483,821,incoming
483,1167,outandin
483,1189,incoming
483,1224,outandin
592,38,outandin
592,74,outandin
592,95,incoming
592,285,outandin
592,306,outandin
592,509,outandin
592,545,outandin
592,622,outandin
707,74,outandin
707,509,outandin
707,678,outandin
707,705,outandin
707,725,outandin
707,939,outandin
707,993,outandin
707,1031,outandin
707,1037,outandin
761,388,outandin
761,733,outandin
761,747,outandin
768,214,outandin
768,501,outandin
768,564,outandin
768,621,incoming
768,772,outandin
768,774,outandin
768,801,incoming
768,819,outandin
768,1189,outandin
768,1253,incoming
768,1272,incoming
768,1431,outandin
815,191,outandin
815,214,outandin
815,228,outandin
815,334,outandin
815,364,outandin
815,448,outandin
815,509,outandin
815,714,outandin
815,871,outandin
815,915,outandin
815,939,outandin
815,950,outandin
815,993,outandin
815,1004,outandin
815,1022,outandin
815,1066,outandin
815,1189,outandin
815,1305,outandin
843,62,outandin
843,285,outandin
843,306,outandin
843,356,outandin
843,557,incoming
843,575,outandin
843,576,outandin
843,714,outandin
843,777,outandin
843,871,incoming
843,885,outandin
843,1051,outandin
843,1114,outandin
843,1167,outandin
843,1189,outandin
843,1195,incoming
843,1235,outandin
843,1237,incoming
843,1268,outandin
843,1381,outandin
843,1406,incoming
843,1424,outandin
50,62,outandin
50,102,outandin
50,234,outandin
50,296,outandin
50,701,outandin
50,755,outandin
50,781,outandin
50,919,outandin
50,1100,outandin
50,1253,incoming
50,1487,incoming
50,1496,outandin
55,621,outandin
75,1041,outandin
104,204,outandin
119,145,outandin
133,437,outandin
147,145,outandin
147,191,outandin
147,236,outandin
214,437,outandin
214,500,outandin
214,564,outandin
214,584,outandin
214,839,outandin
214,868,outandin
214,1117,outandin
214,1216,outandin
236,62,outandin
236,191,outandin
236,239,outandin
236,407,outandin
236,424,outandin
236,501,outandin
236,509,outandin
236,549,outandin
236,552,outandin
236,1043,outandin
236,1421,outandin
259,345,outandin
259,532,outandin
285,62,outandin
285,306,outandin
285,1097,outandin
285,1126,outandin
285,1328,outandin
296,172,outandin
296,445,outandin
296,516,outandin
296,544,outandin
296,550,outandin
296,781,outandin
296,974,outandin
296,975,outandin
296,1083,outandin
296,1236,outandin
296,1244,outandin
296,1339,outandin
361,345,outandin
361,1436,incoming
401,776,outandin
511,544,outandin
547,725,outandin
547,838,outandin
547,1018,outandin
547,1021,outandin
547,1037,outandin
547,1246,incoming
547,1566,outandin
614,445,outandin
625,437,outandin
625,534,outandin
625,630,outandin
625,631,outandin
625,662,outandin
625,775,outandin
625,945,outandin
779,381,outandin
779,581,outandin
779,582,outandin
779,600,outandin
779,627,outandin
779,809,outandin
985,539,outandin
985,976,outandin
1059,542,outandin
1059,1243,outandin
38,39,outandin
38,94,outandin
38,270,outandin
38,437,outandin
38,464,outandin
38,852,outandin
94,320,outandin
94,516,outandin
94,965,outandin
437,74,outandin
437,334,outandin
437,339,outandin
437,496,outandin
437,631,outandin
437,678,outandin
437,733,outandin
437,871,outandin
437,878,outandin
437,915,outandin
437,934,outandin
437,1004,outandin
437,1097,outandin
437,1158,outandin
437,1189,outandin
437,1236,outandin
852,442,outandin
852,851,outandin
852,966,incoming
852,1090,outandin
852,1356,outandin
852,1361,outandin
852,1532,outandin
166,234,outandin
180,181,outandin
180,182,incoming
183,234,outandin
183,269,outandin
183,769,outandin
183,916,outandin
183,956,outandin
186,187,outandin
223,225,outandin
248,247,outandin
248,374,outandin
280,193,outandin
380,939,outandin
382,399,outandin
407,425,outandin
407,461,outandin
407,733,outandin
407,765,outandin
452,871,outandin
473,1189,outandin
473,1397,outandin
503,74,outandin
503,102,outandin
503,272,outandin
503,306,outandin
503,352,outandin
503,1316,outandin
542,204,outandin
542,245,outandin
542,352,outandin
542,504,outandin
542,548,outandin
542,549,outandin
542,567,outandin
542,621,outandin
542,659,outandin
542,729,outandin
542,741,outandin
542,760,outandin
542,809,outandin
542,816,outandin
542,1070,outandin
542,1158,incoming
542,1216,outandin
542,1292,outandin
567,47,outandin
567,62,outandin
567,204,outandin
567,544,outandin
567,548,outandin
567,595,outandin
567,602,outandin
567,763,outandin
567,974,outandin
567,1060,outandin
595,172,outandin
595,193,outandin
595,338,outandin
595,509,outandin
595,659,outandin
595,660,outandin
595,871,outandin
595,1037,outandin
595,1087,outandin
595,1189,incoming
595,1526,incoming
610,1291,outandin
710,245,outandin
710,539,outandin
710,646,outandin
710,705,outandin
710,1374,outandin
710,1382,incoming
741,767,outandin
741,1208,outandin
754,309,outandin
754,438,outandin
754,570,outandin
754,755,outandin
754,778,outandin
754,903,outandin
769,337,outandin
769,552,outandin
769,1236,outandin
805,241,outandin
805,807,outandin
805,821,outandin
863,793,incoming
913,191,outandin
913,193,outandin
913,309,outandin
913,339,outandin
913,484,incoming
913,548,outandin
913,795,outandin
913,809,outandin
913,884,outandin
913,950,outandin
919,332,outandin
919,733,outandin
919,942,outandin
919,1006,outandin
919,1393,outandin
919,1449,outandin
943,102,outandin
943,163,outandin
943,193,outandin
943,752,outandin
943,760,outandin
943,942,outandin
975,509,outandin
975,539,outandin
975,552,outandin
975,760,outandin
975,939,outandin
975,1089,outandin
1018,234,outandin
1018,725,outandin
1018,755,outandin
1018,772,outandin
1018,781,outandin
1018,1173,outandin
1018,1236,outandin
1018,1335,outandin
1018,1359,outandin
1018,1399,outandin
1018,1485,outandin
1018,1491,outandin
1018,1567,outandin
1040,939,outandin
1040,1045,outandin
1041,442,outandin
1043,454,outandin
1043,1142,outandin
1043,1236,outandin
1056,322,outandin
1056,733,outandin
1056,1004,outandin
1056,1032,outandin
1056,1186,outandin
1056,1375,outandin
1111,394,outandin
1111,509,outandin
1111,777,outandin
1182,309,outandin
1185,388,outandin
1185,454,outandin
1185,545,outandin
1185,587,outandin
1185,627,outandin
1185,676,outandin
1185,701,outandin
1185,721,outandin
1185,898,outandin
1185,899,outandin
1185,1012,outandin
1185,1019,outandin
1185,1077,outandin
1185,1220,outandin
1185,1226,outandin
1185,1236,outandin
1185,1329,outandin
1185,1350,outandin
1185,1403,outandin
1215,102,outandin
1215,193,outandin
1215,440,outandin
1215,793,incoming
1215,1083,outandin
1215,1100,outandin
1215,1287,outandin
1215,1350,outandin
1236,327,outandin
1236,337,outandin
1236,339,outandin
1236,394,outandin
1236,440,outandin
1236,454,outandin
1236,532,outandin
1236,544,outandin
1236,549,outandin
1236,706,outandin
1236,714,outandin
1236,726,outandin
1236,738,outandin
1236,793,outandin
1236,822,outandin
1236,824,outandin
1236,912,outandin
1236,914,outandin
1236,944,outandin
1236,990,outandin
1236,1006,outandin
1236,1026,outandin
1236,1142,outandin
1236,1189,outandin
1236,1224,outandin
1236,1237,outandin
1236,1259,outandin
1236,1274,outandin
1236,1287,outandin
1236,1326,outandin
1236,1329,outandin
1236,1340,outandin
1236,1374,outandin
1236,1413,outandin
1542,1282,incoming
163,70,outandin
163,245,outandin
163,1485,outandin
204,62,outandin
204,181,outandin
204,191,outandin
204,205,outandin
204,241,outandin
204,271,outandin
204,284,outandin
204,298,outandin
204,327,outandin
204,336,outandin
204,339,outandin
204,346,outandin
204,374,outandin
204,418,outandin
204,509,outandin
204,571,outandin
204,611,outandin
204,667,outandin
204,714,outandin
204,725,outandin
204,777,outandin
204,999,outandin
204,1070,outandin
204,1189,outandin
204,1224,outandin
204,1239,outandin
204,1356,outandin
204,1381,outandin
204,1415,outandin
204,1500,outandin
306,239,outandin
306,272,outandin
306,305,outandin
306,309,outandin
306,352,outandin
306,388,outandin
306,394,outandin
306,408,outandin
306,438,outandin
306,509,outandin
306,570,outandin
306,616,outandin
306,627,outandin
306,676,outandin
306,777,outandin
306,778,outandin
306,871,outandin
306,952,outandin
306,964,outandin
306,1019,outandin
306,1115,outandin
306,1117,outandin
306,1120,outandin
306,1122,outandin
306,1213,outandin
306,1228,outandin
306,1274,outandin
306,1328,outandin
306,1416,outandin
306,1449,outandin
333,329,outandin
333,332,outandin
333,336,outandin
339,245,outandin
339,441,outandin
339,493,outandin
339,1066,outandin
339,1426,incoming
394,504,outandin
394,522,outandin
394,576,outandin
394,676,outandin
394,738,outandin
394,1004,outandin
394,1298,outandin
394,1526,outandin
394,1568,incoming
445,557,outandin
445,871,outandin
573,70,outandin
573,245,outandin
573,298,incoming
573,809,outandin
573,1292,outandin
573,1436,incoming
600,309,outandin
600,470,outandin
600,560,outandin
600,667,outandin
600,714,outandin
600,847,incoming
600,927,outandin
600,980,outandin
600,1189,outandin
669,655,outandin
716,1513,outandin
716,1520,incoming
726,992,outandin
738,191,incoming
738,871,outandin
738,1504,outandin
752,821,outandin
752,861,outandin
752,1032,outandin
752,1142,outandin
752,1362,outandin
752,1368,outandin
752,1417,outandin
781,408,outandin
781,701,outandin
781,721,outandin
781,755,outandin
781,988,outandin
781,1038,outandin
781,1244,outandin
781,1253,outandin
781,1287,outandin
781,1365,outandin
781,1403,outandin
781,1426,outandin
781,1461,outandin
781,1515,outandin
781,1528,outandin
790,735,outandin
801,1246,incoming
809,340,outandin
809,448,outandin
809,560,outandin
809,777,outandin
809,795,incoming
809,821,outandin
809,884,outandin
809,912,outandin
809,1101,outandin
809,1213,outandin
809,1262,outandin
809,1354,outandin
809,1449,outandin
809,1494,outandin
831,448,outandin
831,871,outandin
831,934,outandin
831,939,outandin
831,980,outandin
831,981,outandin
831,1004,outandin
831,1031,incoming
831,1049,outandin
831,1057,outandin
831,1187,incoming
831,1199,incoming
831,1449,outandin
922,882,outandin
942,454,outandin
942,537,outandin
942,646,outandin
942,650,outandin
942,651,outandin
942,871,outandin
942,1314,outandin
942,1422,outandin
950,239,outandin
950,309,outandin
950,454,outandin
950,517,outandin
950,793,outandin
950,893,outandin
950,1026,outandin
950,1346,outandin
952,539,outandin
952,725,outandin
952,871,outandin
952,1320,outandin
952,1326,outandin
952,1328,outandin
964,160,outandin
964,800,outandin
964,847,outandin
964,1202,outandin
995,346,outandin
1031,575,outandin
1031,646,outandin
1031,650,outandin
1031,651,outandin
1031,1109,incoming
1049,191,outandin
1049,245,outandin
1049,1199,outandin
1091,876,outandin
1097,191,incoming
1097,440,outandin
1097,871,outandin
1097,884,outandin
1097,1104,outandin
1097,1170,outandin
1097,1189,outandin
1117,509,outandin
1117,1023,outandin
1117,1060,outandin
1117,1295,outandin
1117,1335,outandin
1117,1507,outandin
1139,309,outandin
1142,47,outandin
1142,733,outandin
1142,871,outandin
1142,963,outandin
1142,990,outandin
1142,1058,outandin
1142,1268,outandin
1142,1287,outandin
1142,1320,outandin
1142,1326,outandin
1142,1368,incoming
1142,1517,outandin
1178,878,outandin
1178,1051,outandin
1178,1126,outandin
1178,1158,outandin
1178,1189,outandin
1178,1328,outandin
1224,62,outandin
1224,793,outandin
1224,1321,outandin
1224,1406,outandin
1262,635,outandin
1262,1417,outandin
1270,1087,outandin
1294,903,outandin
1308,1339,outandin
1325,1123,outandin
1325,1326,outandin
1325,1340,outandin
1340,454,outandin
1340,1137,outandin
1340,1326,outandin
1340,1374,outandin
1340,1407,outandin
1340,1478,outandin
1346,1272,outandin
1346,1314,incoming
1346,1329,outandin
1354,908,outandin
1354,1439,outandin
1355,878,outandin
1356,1421,outandin
1356,1509,incoming
1358,309,outandin
1358,352,outandin
1358,509,outandin
1358,777,outandin
1358,871,outandin
1358,927,outandin
1358,993,outandin
1358,1186,outandin
1358,1274,outandin
1358,1381,outandin
1381,1413,outandin
1415,337,outandin
1415,974,outandin
1489,878,incoming
1489,967,outandin
1489,1021,outandin
1489,1038,incoming
1489,1289,outandin
1489,1449,outandin
1489,1533,incoming
1507,1019,outandin
1507,1534,outandin
1509,309,outandin
1509,470,outandin
1509,890,outandin
1509,1179,outandin
1509,1511,outandin
1509,1514,outandin
1509,1515,outandin
74,408,outandin
74,449,outandin
74,459,outandin
74,537,outandin
74,541,outandin
74,544,outandin
74,635,outandin
74,680,outandin
74,765,outandin
74,860,outandin
92,91,outandin
102,62,outandin
102,98,outandin
102,245,outandin
102,1449,outandin
116,1365,outandin
141,345,outandin
226,765,outandin
226,882,outandin
228,304,outandin
228,1100,outandin
228,1246,outandin
290,408,outandin
373,992,outandin
373,1023,outandin
1189,238,outandin
1189,305,outandin
1189,322,incoming
1189,346,outandin
1189,454,outandin
1189,576,outandin
1189,714,outandin
1189,822,outandin
1189,864,outandin
1189,878,incoming
1189,882,outandin
1189,899,outandin
1189,1021,outandin
1189,1187,outandin
1189,1238,outandin
1189,1244,outandin
1189,1282,incoming
1189,1291,outandin
1189,1370,outandin
1189,1407,incoming
1189,1417,outandin
1189,1481,outandin
1189,1520,outandin
1189,1560,outandin
47,91,outandin
91,1237,outandin
145,95,outandin
145,1038,outandin
621,470,incoming
621,772,outandin
621,774,outandin
621,819,outandin
621,958,outandin
621,1544,outandin
701,193,outandin
701,326,incoming
701,732,outandin
701,782,outandin
701,858,incoming
701,915,outandin
701,1006,outandin
701,1021,outandin
701,1051,outandin
701,1413,outandin
721,388,outandin
721,777,outandin
721,782,outandin
721,867,outandin
721,871,outandin
721,923,outandin
762,562,outandin
762,627,outandin
762,728,outandin
762,992,incoming
762,1137,outandin
1286,1335,outandin
1286,1339,outandin
1286,1342,outandin
1286,1343,incoming
1286,1359,outandin
62,334,outandin
62,347,outandin
62,354,outandin
62,367,outandin
62,454,outandin
62,554,outandin
62,688,outandin
755,1468,outandin
1100,674,outandin
1253,468,outandin
1253,539,outandin
1253,700,outandin
1253,1173,outandin
1253,1287,outandin
1253,1461,outandin
1487,1406,outandin
1496,824,outandin
70,944,outandin
267,871,outandin
95,345,outandin
95,682,outandin
95,1246,incoming
95,1393,incoming
309,245,outandin
309,352,outandin
309,765,outandin
309,848,outandin
309,937,outandin
309,1125,outandin
309,1186,outandin
309,1391,outandin
309,1421,outandin
309,1508,incoming
328,581,incoming
328,582,outandin
425,539,outandin
425,765,incoming
425,992,outandin
448,272,outandin
448,352,outandin
448,454,outandin
448,587,outandin
448,967,outandin
448,971,outandin
448,973,outandin
448,987,outandin
497,1296,outandin
497,1352,outandin
497,1491,outandin
509,272,outandin
509,337,outandin
509,364,outandin
509,454,outandin
509,534,outandin
509,616,outandin
509,872,outandin
509,893,incoming
509,1026,incoming
509,1413,outandin
631,115,outandin
631,633,outandin
631,662,outandin
631,775,outandin
646,647,outandin
646,650,outandin
646,651,outandin
646,673,outandin
646,1021,outandin
725,454,outandin
725,635,outandin
725,660,outandin
725,673,outandin
725,728,outandin
733,454,outandin
733,544,outandin
733,576,outandin
733,616,outandin
733,893,outandin
733,903,outandin
733,987,outandin
733,1208,outandin
733,1244,outandin
733,1291,outandin
733,1306,outandin
733,1376,outandin
733,1426,outandin
749,700,outandin
966,337,outandin
966,418,outandin
966,576,outandin
966,1171,outandin
1235,576,outandin
1235,1393,outandin
1235,1468,incoming
1508,1021,outandin
1508,1319,outandin
1508,1470,outandin
181,454,outandin
181,765,outandin
181,967,outandin
305,521,outandin
346,345,outandin
346,388,outandin
346,837,outandin
346,838,outandin
346,1353,outandin
346,1419,outandin
408,388,outandin
408,1120,outandin
408,1122,outandin
594,468,outandin
594,535,outandin
594,765,outandin
594,882,outandin
594,1038,outandin
594,1171,outandin
594,1289,outandin
594,1472,outandin
785,786,outandin
785,793,outandin
847,193,outandin
847,471,outandin
847,868,outandin
847,1514,outandin
847,1566,outandin
855,939,outandin
1101,1417,outandin
1101,1493,incoming
1244,338,incoming
1244,440,outandin
1244,1272,outandin
1244,1275,outandin
1244,1287,outandin
1272,441,outandin
1272,887,outandin
1272,1246,outandin
1272,1403,outandin
172,344,outandin
172,486,outandin
172,531,outandin
172,544,outandin
172,684,outandin
172,820,outandin
172,1026,outandin
345,518,outandin
345,691,outandin
345,946,outandin
345,947,outandin
345,1058,outandin
83,1060,outandin
399,126,outandin
399,364,outandin
777,337,outandin
777,454,outandin
777,660,outandin
777,795,outandin
777,882,outandin
777,908,outandin
777,988,outandin
777,992,outandin
777,1021,outandin
939,364,outandin
939,457,outandin
939,537,outandin
939,765,outandin
939,813,outandin
939,1021,outandin
939,1029,outandin
939,1092,outandin
245,191,outandin
245,334,outandin
245,388,outandin
245,881,outandin
245,1146,outandin
245,1264,outandin
1004,908,outandin
1004,1008,outandin
1004,1012,outandin
1004,1032,outandin
1173,1172,outandin
334,364,outandin
334,1442,outandin
347,191,outandin
454,338,outandin
454,363,outandin
454,467,outandin
454,496,outandin
454,510,outandin
454,539,outandin
454,673,outandin
454,778,outandin
454,992,outandin
454,1326,outandin
454,1369,outandin
554,673,outandin
688,326,incoming
193,616,outandin
332,352,outandin
332,908,outandin
332,1393,outandin
337,272,outandin
337,352,outandin
337,504,outandin
337,576,outandin
337,649,outandin
337,673,outandin
337,1168,outandin
337,1233,outandin
356,1419,outandin
549,1413,incoming
560,728,outandin
560,908,outandin
560,1216,outandin
706,484,outandin
706,740,outandin
706,800,incoming
706,990,outandin
706,1219,outandin
706,1241,outandin
706,1256,outandin
706,1397,outandin
706,1531,outandin
724,673,outandin
728,729,outandin
728,730,outandin
923,544,outandin
963,841,outandin
963,1105,outandin
963,1246,outandin
990,864,outandin
990,1239,outandin
990,1306,outandin
1114,575,outandin
1114,1424,outandin
1310,1246,outandin
273,272,outandin
273,522,outandin
440,535,outandin
440,562,outandin
440,587,outandin
440,795,outandin
449,993,outandin
449,1517,outandin
908,352,outandin
1216,1064,outandin
1296,272,outandin
1417,370,outandin
1417,871,outandin
1417,878,outandin
1417,1339,outandin
1427,575,outandin
1427,1393,incoming
1427,1424,outandin
517,359,outandin
517,438,outandin
517,570,outandin
517,616,outandin
517,709,outandin
517,714,outandin
517,778,outandin
517,1048,outandin
517,1065,outandin
871,364,outandin
871,734,outandin
871,765,outandin
871,971,outandin
871,981,outandin
871,988,outandin
871,1021,outandin
871,1026,outandin
871,1029,outandin
871,1060,outandin
871,1223,outandin
871,1237,outandin
871,1350,outandin
871,1351,outandin
871,1365,outandin
871,1376,outandin
871,1384,outandin
871,1412,outandin
871,1491,outandin
893,912,outandin
893,993,outandin
271,899,outandin
418,579,outandin
418,580,outandin
418,1024,outandin
649,576,outandin
649,627,outandin
649,648,outandin
649,723,outandin
727,734,outandin
915,841,outandin
944,659,outandin
106,787,outandin
678,570,outandin
678,572,outandin
861,582,incoming
861,1146,outandin
883,326,outandin
883,765,outandin
883,882,outandin
967,279,outandin
1045,269,outandin
1045,1026,outandin
1052,1365,outandin
787,720,outandin
787,851,outandin
787,1339,outandin
787,1490,outandin
541,532,outandin
544,980,outandin
544,1273,outandin
635,442,outandin
635,812,outandin
765,126,outandin
765,191,incoming
765,327,outandin
765,362,outandin
765,370,outandin
765,532,outandin
765,539,outandin
765,552,outandin
765,568,outandin
765,651,outandin
765,800,outandin
765,882,outandin
765,933,outandin
765,1089,outandin
765,1328,outandin
191,239,outandin
191,501,outandin
191,1021,outandin
191,1060,incoming
191,1187,outandin
326,552,outandin
1060,545,outandin
1060,1187,incoming
1013,673,outandin
1083,1287,outandin
1326,1123,outandin
1326,1268,outandin
1326,1426,outandin
1416,1291,outandin
1416,1413,outandin
427,426,outandin
673,702,outandin
793,776,outandin
793,1187,outandin
793,1230,outandin
841,848,outandin
841,903,outandin
841,1006,outandin
841,1165,outandin
841,1446,outandin
1006,1199,outandin
1006,1335,outandin
1006,1448,incoming
1339,576,outandin
1339,589,outandin
1339,660,outandin
1339,822,incoming
1339,1468,outandin
1339,1491,incoming
1237,1167,outandin
516,564,outandin
516,1405,outandin
682,1037,outandin
1246,1400,outandin
1393,576,outandin
1393,1364,outandin
1393,1365,incoming
1393,1424,outandin
1393,1492,outandin
137,138,outandin
327,589,outandin
327,774,outandin
338,348,outandin
338,1104,outandin
338,1107,outandin
338,1155,outandin
352,760,outandin
421,545,outandin
563,239,outandin
563,1159,outandin
619,661,outandin
629,899,outandin
714,284,outandin
714,438,outandin
714,1376,outandin
714,1400,outandin
714,1493,incoming
714,1540,incoming
934,1026,outandin
934,1096,outandin
126,125,outandin
810,576,outandin
810,735,incoming
810,816,outandin
810,1021,outandin
810,1351,outandin
810,1412,incoming
810,1540,incoming
370,568,outandin
1449,272,outandin
1449,545,outandin
1449,1021,incoming
1449,1421,outandin
1449,1493,outandin
441,442,outandin
504,1167,outandin
504,1406,outandin
504,1517,outandin
504,1520,outandin
556,884,outandin
731,824,incoming
734,1023,outandin
734,1539,outandin
774,492,outandin
774,775,outandin
774,824,outandin
795,388,outandin
795,562,outandin
795,1025,outandin
795,1384,outandin
819,822,outandin
819,829,outandin
839,735,outandin
853,838,outandin
853,881,outandin
853,906,outandin
853,976,outandin
864,993,outandin
974,778,incoming
974,971,outandin
1195,1167,outandin
1256,740,outandin
1256,800,incoming
1256,1219,outandin
1342,1335,outandin
1342,1343,incoming
1342,1359,incoming
1362,539,outandin
1362,878,outandin
1468,575,outandin
1540,878,outandin
1540,1179,outandin
1540,1548,outandin
1568,1539,outandin
1568,1569,outandin
388,627,outandin
388,648,outandin
388,737,outandin
388,882,outandin
388,1019,outandin
576,575,outandin
576,760,outandin
576,885,outandin
576,1038,outandin
576,1167,outandin
576,1488,outandin
606,821,outandin
606,1502,outandin
606,1503,outandin
899,912,outandin
992,470,outandin
992,545,outandin
992,1108,outandin
993,364,outandin
993,627,outandin
1021,539,outandin
1021,981,outandin
1021,1104,outandin
1021,1199,outandin
1021,1422,outandin
1105,492,outandin
1105,1409,outandin
1107,1012,outandin
1123,507,outandin
1145,1333,outandin
1276,666,outandin
1406,468,outandin
1406,616,outandin
1406,821,outandin
1406,1213,outandin
1406,1268,outandin
1406,1421,outandin
1421,362,outandin
1421,1328,outandin
1365,643,incoming
1365,1089,outandin
1365,1366,outandin
1365,1367,outandin
1365,1412,outandin
616,570,outandin
616,623,outandin
616,666,outandin
616,800,outandin
616,962,outandin
329,468,outandin
329,493,outandin
329,1537,incoming
612,613,outandin
778,438,outandin
778,570,outandin
778,1375,outandin
778,1384,outandin
878,438,incoming
878,848,outandin
1413,1219,outandin
1513,912,outandin
1513,1520,incoming
1008,1032,outandin
589,666,outandin
442,1247,outandin
1037,900,outandin
1037,1517,outandin
241,501,outandin
921,882,outandin
1038,1026,outandin
971,972,outandin
1158,1377,outandin
1158,1498,outandin
1539,1563,outandin
705,803,outandin
1026,1119,outandin
1026,1213,outandin
1026,1517,outandin
239,1328,incoming
203,866,outandin
1384,800,outandin
1474,1375,outandin
1474,1493,incoming
735,1032,outandin
735,1168,outandin
1291,1295,outandin
1291,1335,outandin
1187,1087,outandin
1187,1230,outandin
575,1424,outandin
836,1240,outandin
1375,740,outandin
1375,1472,incoming
1375,1529,outandin
1053,1076,outandin
205,304,outandin
999,881,outandin
532,364,outandin
532,882,outandin
627,545,outandin
627,648,outandin
627,655,outandin
627,723,outandin
627,737,outandin
627,1019,outandin
627,1328,outandin
1168,1298,outandin
1168,1331,outandin
747,796,outandin
882,1089,outandin
229,230,outandin
732,958,outandin
1328,545,outandin
1328,1476,outandin
808,845,outandin
881,1090,outandin
881,1154,outandin
881,1218,outandin
581,582,outandin
659,660,outandin
1359,1335,outandin
1359,1343,incoming
1359,1399,outandin
958,959,incoming
272,468,outandin
1028,1032,outandin
676,545,outandin
676,1019,outandin
468,914,outandin
903,933,outandin
903,1297,outandin
362,1213,outandin
518,1488,incoming
518,1536,outandin
1032,1186,outandin
1032,1213,outandin
1186,1213,outandin
1241,800,outandin
1241,1219,outandin
1502,1503,incoming
570,1065,outandin
1019,545,outandin
1120,545,outandin
1274,1273,outandin
1087,1088,outandin
545,1047,outandin
1391,709,outandin
643,1371,outandin
1297,1301,outandin
941,816,outandin
582,1210,outandin
582,1212,outandin
364,363,outandin
1437,1454,incoming
648,723,outandin
655,630,outandin
655,633,outandin
655,656,outandin
655,662,outandin
655,664,outandin
655,665,outandin
655,668,outandin
655,670,outandin
655,671,outandin
655,672,outandin
816,363,outandin
816,824,outandin
1403,1335,outandin
1412,1089,outandin
1412,1367,outandin
1154,800,outandin
800,740,outandin
1517,1562,incoming
748,1380,outandin
1167,1424,outandin
1367,1089,outandin
869,1205,outandin
1335,1399,outandin
622,623,outandin
740,1404,outandin
962,1204,outandin
1076,1082,outandin
1400,1411,outandin
1219,1404,outandin
1556,1557,incoming
1556,1571,outandin
1476,1012,outandin
1564,1565,incoming
1552,1553,outandin
1199,1003,outandin
1199,1204,outandin
1429,1572,outandin
1447,1570,incoming
1547,1550,outandin
