node,centrality,community,density,eign,betwness,closeness,volatility,name,type
4,1,0,0.0340798442064264,7.294284065324297e-05,0.0,0.2699188362662483,0.2,User_4,outandin
31,1,0,0.0340798442064264,0.0001753167474526,0.0,0.2626731474853931,0.2,User_31,outandin
159,1,0,0.0340798442064264,3.0037130116326605e-05,0.0,0.251504964178904,0.2,User_159,outandin
187,1,0,0.0340798442064264,4.2946600550385183e-05,0.0,0.2381203470267858,0.4,User_187,outandin
255,1,0,0.0340798442064264,3.0037130116326605e-05,0.0,0.251504964178904,0.6,User_255,outandin
287,1,0,0.0340798442064264,0.0001173682959557,0.0,0.2800254522270065,0.2,User_287,outandin
301,1,0,0.0340798442064264,0.001453178493038,0.0,0.2883544934940174,0.2,User_301,outandin
397,1,0,0.0340798442064264,1.5018565058163304e-05,0.0,0.251504964178904,0.2,User_397,outandin
526,1,0,0.0340798442064264,6.225420345313956e-07,0.0,0.2009240387405061,0.2,User_526,incoming
530,1,0,0.0340798442064264,0.0003167781048506,0.0,0.2722348325212629,0.2,User_530,incoming
618,1,0,0.0340798442064264,0.0001458856813064,0.0,0.2699188362662483,0.2,User_618,outandin
702,1,0,0.0340798442064264,0.0001876270695834,0.0,0.2771347712749542,0.2,User_702,outandin
742,1,0,0.0340798442064264,0.0002963409158349,0.0,0.2715992648188786,0.2,User_742,outandin
906,1,0,0.0340798442064264,3.469984443309043e-05,0.0,0.2614270077095573,0.2,User_906,outandin
920,1,0,0.0340798442064264,0.0067359642731005,0.0,0.3139475759750457,0.6,User_920,outandin
932,1,0,0.0340798442064264,0.0009622806104429,0.0,0.3139475759750457,0.2,User_932,incoming
946,1,0,0.0340798442064264,3.8809847535599144e-05,0.0,0.2487562760458011,0.2,User_946,outandin
947,1,0,0.0340798442064264,3.8809847535599144e-05,0.0,0.2487562760458011,0.2,User_947,outandin
948,1,0,0.0340798442064264,0.0009622806104429,0.0,0.3139475759750457,0.2,User_948,outandin
963,1,0,0.0340798442064264,0.0004843928310126,0.0,0.2883544934940174,0.2,User_963,incoming
1020,1,0,0.0340798442064264,3.0040033810888667e-06,0.0,0.2311291756902378,0.2,User_1020,incoming
1046,1,0,0.0340798442064264,6.0080067621777334e-06,0.0,0.2311291756902378,0.6,User_1046,incoming
146,2,0,0.0340798442064264,0.0003239038309866,3.073290040165987e-05,0.2866963761984603,0.4,User_146,incoming
279,2,0,0.0340798442064264,0.0002171826774802,0.0,0.2852902359337267,0.2,User_279,outandin
312,2,0,0.0340798442064264,0.0002929381461239,0.008411980774233,0.2998325217287449,0.0,User_312,incoming
477,2,0,0.0340798442064264,6.008070930680271e-05,0.0009296639201253,0.2516258509677426,0.6,User_477,incoming
577,2,0,0.0340798442064264,0.0020611339316678,0.0,0.3278068772313015,0.2,User_577,incoming
691,2,0,0.0340798442064264,0.0002530022533887,3.630852055921462e-05,0.2973630121774431,0.2,User_691,outandin
731,2,0,0.0340798442064264,0.0020632322299394,8.358626330263202e-06,0.3256656814546741,0.6,User_731,incoming
976,2,0,0.0340798442064264,3.900225504883112e-05,0.0002154958991544,0.2626072650807066,0.2,User_976,outandin
66,3,0,0.0340798442064264,0.0057675900744307,0.0,0.3387302380707788,0.2,User_66,incoming
123,3,0,0.0340798442064264,0.0010399173147078,0.001650337992219,0.339059315374604,0.2,User_123,incoming
186,3,0,0.0340798442064264,0.001657912925679,0.0009297912713472,0.3128219796464825,0.2,User_186,outandin
518,3,0,0.0340798442064264,0.0009980221055987,1.5418653033369398e-06,0.3100429866380744,0.2,User_518,incoming
865,3,0,0.0340798442064264,0.0014062686864707,0.0001483891877403,0.3023433918211889,0.2,User_865,incoming
973,3,0,0.0340798442064264,0.0134998151907498,0.0,0.345549559695306,0.6,User_973,incoming
93,4,0,0.0340798442064264,0.0015076476880461,0.0015977199388315,0.3394990810235983,0.4,User_93,outandin
799,4,0,0.0340798442064264,0.0216518453771982,0.0,0.3534825002960085,0.2,User_799,incoming
838,4,0,0.0340798442064264,0.0005343723826868,0.0001932881582644,0.3131026213746343,0.2,User_838,incoming
983,4,0,0.0340798442064264,0.0066730869593529,0.0,0.3312290939186261,0.4,User_983,incoming
985,4,0,0.0340798442064264,0.000830491730367,1.034627834493891e-05,0.2854457922237669,0.6,User_985,incoming
267,5,0,0.0340798442064264,0.003853326038637,1.953343007032035e-06,0.3407143396930612,0.2,User_267,incoming
329,5,0,0.0340798442064264,0.0029964676116861,0.0002049690955505,0.292625814945997,0.2,User_329,incoming
528,5,0,0.0340798442064264,0.0034190551238681,0.0011486703410717,0.3609152588337736,0.2,User_528,incoming
554,5,0,0.0340798442064264,0.0020814067298502,0.0002617840570613,0.3483084384154282,0.2,User_554,outandin
675,5,0,0.0340798442064264,0.0030932216018012,0.0006352256863282,0.3546799342401007,0.2,User_675,incoming
967,5,0,0.0340798442064264,0.0038064852725365,0.0003258118210217,0.3360125692800954,0.4,User_967,incoming
990,5,0,0.0340798442064264,0.0102829458566432,0.0006160132239615,0.3279095414584332,0.2,User_990,incoming
134,6,0,0.0340798442064264,0.0073567525506392,0.0002361004240909,0.3586896765593618,0.2,User_134,outandin
385,6,0,0.0340798442064264,0.0065940779068392,4.942554945356212e-05,0.3400503948933995,0.2,User_385,outandin
464,7,0,0.0340798442064264,0.0090378957877029,0.0001373979149932,0.3667303558237398,0.2,User_464,outandin
525,7,0,0.0340798442064264,0.063319407776802,0.0,0.3332320706164154,0.0,User_525,incoming
547,7,0,0.0340798442064264,0.0074587281448104,8.675115630218758e-05,0.3288364214437114,0.2,User_547,incoming
215,8,0,0.0340798442064264,0.0136404796908844,0.0001208915238703,0.3604183015066358,0.2,User_215,outandin
324,8,0,0.0340798442064264,0.0289071154902474,0.0005276374231195,0.3658333912916761,0.2,User_324,incoming
688,8,0,0.0340798442064264,0.0085290868875139,0.0022202201967768,0.362791117767421,0.2,User_688,incoming
1014,8,0,0.0340798442064264,0.0005799093212788,0.0084899852414083,0.3008664269760854,0.2,User_1014,incoming
26,9,0,0.0340798442064264,0.0032317422560029,0.004149552248691,0.3365526087678486,0.8,User_26,incoming
86,9,0,0.0340798442064264,0.0068575674128335,0.0015073783796956,0.3616632697329109,0.2,User_86,incoming
155,9,0,0.0340798442064264,0.0067752240930741,0.0008012976987498,0.3545598258979943,0.6,User_155,incoming
174,10,0,0.0340798442064264,0.0155133529363908,0.0013521507101945,0.3682782855704457,0.2,User_174,incoming
345,10,0,0.0340798442064264,0.0074912274381631,0.0084900323032438,0.3314387989480143,0.2,User_345,incoming
853,10,0,0.0340798442064264,0.0066978183383471,0.0023187777713223,0.3543198530885879,0.2,User_853,incoming
30,13,0,0.0340798442064264,0.0084605582847482,0.0015784128679115,0.3566127949171584,0.2,User_30,incoming
127,13,0,0.0340798442064264,0.0166317136602931,0.0064559274220464,0.377438776451614,0.6,User_127,incoming
1,15,0,0.0340798442064264,0.0028994535668718,0.0192889001177652,0.3363363847981938,0.0,User_1,incoming
185,15,0,0.0340798442064264,0.0127439312819858,0.0020667870979298,0.3847905791535381,0.2,User_185,outandin
462,15,0,0.0340798442064264,0.0572053948785271,0.0010230377912059,0.3732674388152504,0.2,User_462,incoming
132,18,0,0.0340798442064264,0.0099134733381871,0.004649910988999,0.3864950778430333,0.0,User_132,incoming
294,18,0,0.0340798442064264,0.0147640013141101,0.014764631093848,0.3860675390401096,0.2,User_294,incoming
3,19,0,0.0340798442064264,0.0140795938487534,0.0031329036368634,0.370100800946192,0.0,User_3,incoming
673,19,0,0.0340798442064264,0.0362167152972145,0.0011169942403485,0.3838032132979388,0.0,User_673,incoming
561,21,0,0.0340798442064264,0.0387230247214897,0.0039150130436102,0.3828209016002841,0.0,User_561,incoming
299,23,0,0.0340798442064264,0.028079356867952,0.008198704171311,0.4067657987089266,0.2,User_299,incoming
913,25,0,0.0340798442064264,0.0290120448373378,0.0025038508109364,0.3758130530785273,0.2,User_913,incoming
260,36,0,0.0340798442064264,0.0226546827718867,0.0061738921805664,0.3893697158336843,0.2,User_260,incoming
51,49,0,0.0340798442064264,0.0611566840783406,0.0118519532995044,0.3744689434466299,0.6,User_51,incoming
63,53,0,0.0340798442064264,0.093499723916215,0.0194725845929461,0.4056625981700028,0.2,User_63,incoming
103,182,0,0.0340798442064264,0.185771074136315,0.0854893272422842,0.4582123264230972,0.2,User_103,incoming
326,1,1,0.0664893617021276,1.2160122706831143e-05,0.0,0.2567472206662033,0.2,User_326,incoming
354,1,1,0.0664893617021276,0.0001711599333603,0.0,0.2867749016370247,0.2,User_354,incoming
533,1,1,0.0664893617021276,0.0002878693905039,0.0,0.2874835710809382,0.2,User_533,outandin
604,1,1,0.0664893617021276,0.0002726212152345,0.0,0.2868534701032266,0.2,User_604,outandin
653,1,1,0.0664893617021276,0.0001365727107819,0.0,0.2956834696065454,0.2,User_653,outandin
692,1,1,0.0664893617021276,0.0001365727107819,0.0,0.2956834696065454,0.2,User_692,outandin
693,1,1,0.0664893617021276,0.0001365727107819,0.0,0.2956834696065454,0.2,User_693,outandin
694,1,1,0.0664893617021276,0.0001365727107819,0.0,0.2956834696065454,0.2,User_694,outandin
695,1,1,0.0664893617021276,0.0001365727107819,0.0,0.2956834696065454,0.2,User_695,outandin
736,1,1,0.0664893617021276,0.0002726212152345,0.0,0.2868534701032266,0.2,User_736,incoming
914,1,1,0.0664893617021276,6.234510418093439e-05,0.0,0.2527190842087321,0.2,User_914,incoming
968,1,1,0.0664893617021276,1.2160122706831143e-05,0.0,0.2567472206662033,0.2,User_968,outandin
1047,1,1,0.0664893617021276,1.6824176776488244e-05,0.0,0.2483432556633722,0.2,User_1047,incoming
1051,1,1,0.0664893617021276,1.6824176776488244e-05,0.0,0.2483432556633722,0.2,User_1051,incoming
243,2,1,0.0664893617021276,0.0005371098257898,0.0003540737416409,0.3261729488712702,0.6,User_243,incoming
591,2,1,0.0664893617021276,0.0013232992055234,1.6726632001774315e-05,0.2961853368816909,0.6,User_591,incoming
661,2,1,0.0664893617021276,0.0001941199142621,9.091574866276734e-05,0.2984649845714872,0.2,User_661,outandin
663,2,1,0.0664893617021276,0.0007121911206538,0.0,0.3149865119966237,0.2,User_663,outandin
917,2,1,0.0664893617021276,0.0025003000018937,0.0,0.325463216001485,0.2,User_917,outandin
136,3,1,0.0664893617021276,0.0012777107432296,0.0003343650000162,0.3243541406061887,0.2,User_136,outandin
650,3,1,0.0664893617021276,0.0003932169273626,0.0010921726794369,0.3008664269760854,0.2,User_650,incoming
821,3,1,0.0664893617021276,0.0034322317845842,0.0,0.2987204467551433,0.4,User_821,incoming
752,5,1,0.0664893617021276,0.0045877798529184,5.353338295452965e-05,0.3105027182315472,0.8,User_752,incoming
782,5,1,0.0664893617021276,0.0020710980863066,0.0,0.3110561990127086,0.6,User_782,incoming
594,7,1,0.0664893617021276,0.006670438159965,2.2589681033703806e-07,0.3203840776856723,0.6,User_594,incoming
801,7,1,0.0664893617021276,0.0113202781504345,0.0002035324577965,0.3572211415478598,0.2,User_801,incoming
359,8,1,0.0664893617021276,0.0103360336469578,5.684453127277456e-05,0.3528868102045087,0.2,User_359,outandin
78,9,1,0.0664893617021276,0.0023471970946588,0.0174078463232797,0.3457777958641932,0.2,User_78,outandin
83,9,1,0.0664893617021276,0.0015876578363185,0.0011847174658165,0.3284238286940957,0.4,User_83,incoming
483,10,1,0.0664893617021276,0.0118722253531552,0.0002658324032367,0.348888759039246,0.2,User_483,incoming
75,11,1,0.0664893617021276,0.0314603207148686,1.4432575123872515e-05,0.3595519113587834,0.2,User_75,incoming
468,11,1,0.0664893617021276,0.0120357421727694,0.0010272017610448,0.3385112078489418,0.2,User_468,incoming
843,11,1,0.0664893617021276,0.004563370051456,0.0027496911275658,0.3567342984247963,0.0,User_843,incoming
288,13,1,0.0664893617021276,0.0558046554162202,0.0002289540359869,0.3720736197145619,0.6,User_288,incoming
377,13,1,0.0664893617021276,0.0032478425918036,0.0096031605829486,0.3307059904854003,0.2,User_377,incoming
313,14,1,0.0664893617021276,0.048494247564552,0.0003632416988864,0.3609152588337736,0.2,User_313,incoming
992,16,1,0.0664893617021276,0.0067484604876137,0.0035201486543815,0.3502894499420466,0.2,User_992,incoming
551,22,1,0.0664893617021276,0.0098274863916155,0.0020993174182098,0.3734005584439291,0.2,User_551,incoming
250,29,1,0.0664893617021276,0.0504788377307065,0.0048886492789959,0.4117244065579147,0.2,User_250,incoming
733,30,1,0.0664893617021276,0.0213485256575901,0.0067881528482445,0.3612888771141399,0.2,User_733,incoming
38,35,1,0.0664893617021276,0.1157654844294313,0.0064479215253064,0.3583214120043727,0.2,User_38,incoming
502,35,1,0.0664893617021276,0.0838088885991504,0.008480168333608,0.4086710249323876,0.6,User_502,incoming
475,37,1,0.0664893617021276,0.0993486189541581,0.0007004100963025,0.381843605352581,0.4,User_475,incoming
62,46,1,0.0664893617021276,0.0330420171068174,0.0065069662513894,0.4025433163693876,0.2,User_62,incoming
34,49,1,0.0664893617021276,0.035725790446476,0.0111436948434287,0.3951000625950103,0.2,User_34,incoming
368,53,1,0.0664893617021276,0.052626541159455,0.006397310994841,0.4026981407218374,0.2,User_368,incoming
67,67,1,0.0664893617021276,0.055573130619339,0.0299201240076985,0.4039410362178924,0.0,User_67,incoming
266,74,1,0.0664893617021276,0.0263644352775696,0.0704332180021271,0.4203192155266066,0.2,User_266,outandin
10,1,2,0.0454397922752353,0.0009299126459063,0.0,0.3036586907995293,0.2,User_10,incoming
16,1,2,0.0454397922752353,0.0009299126459063,0.0,0.3036586907995293,0.2,User_16,outandin
24,1,2,0.0454397922752353,0.0009299126459063,0.0,0.3036586907995293,0.2,User_24,outandin
49,1,2,0.0454397922752353,0.0009299126459063,0.0,0.3036586907995293,0.2,User_49,outandin
77,1,2,0.0454397922752353,0.0004005371150078,0.0,0.3079456370225815,0.2,User_77,outandin
130,1,2,0.0454397922752353,0.0008010742300157,0.0,0.3079456370225815,0.2,User_130,outandin
139,1,2,0.0454397922752353,0.000154697956348,0.0,0.2679844294539998,0.2,User_139,outandin
150,1,2,0.0454397922752353,0.0009299126459063,0.0,0.3036586907995293,0.2,User_150,outandin
153,1,2,0.0454397922752353,0.0009299126459063,0.0,0.3036586907995293,0.2,User_153,outandin
178,1,2,0.0454397922752353,1.6582064164288135e-05,0.0,0.251504964178904,0.2,User_178,outandin
208,1,2,0.0454397922752353,0.0004205526492753,0.0,0.2835902399449559,0.2,User_208,outandin
275,1,2,0.0454397922752353,6.573236324855104e-05,0.0,0.2666875104118128,0.2,User_275,outandin
330,1,2,0.0454397922752353,0.0009299126459063,0.0,0.3036586907995293,0.2,User_330,outandin
606,1,2,0.0454397922752353,0.0021138783841025,0.0,0.2620158072764708,0.2,User_606,incoming
764,1,2,0.0454397922752353,0.000154697956348,0.0,0.2679844294539998,0.2,User_764,incoming
18,2,2,0.0454397922752353,0.0010846106022543,0.0002146678860148,0.3113336800109358,0.2,User_18,outandin
21,2,2,0.0454397922752353,3.3116534149645114e-05,3.766975950673908e-05,0.2673002721155928,0.2,User_21,outandin
25,2,2,0.0454397922752353,4.832370669320881e-05,0.0001636730569148,0.2519285769674632,0.2,User_25,incoming
100,2,2,0.0454397922752353,0.000562264025611,0.0,0.2853679928800156,0.2,User_100,incoming
179,2,2,0.0454397922752353,0.0004171191791721,5.97007766520733e-05,0.3091275954758716,0.2,User_179,outandin
210,2,2,0.0454397922752353,0.0011005825879382,0.0001171031051882,0.3200902371986479,0.2,User_210,outandin
264,2,2,0.0454397922752353,1.3837020760820134e-05,4.2954961262981664e-05,0.2678473179526163,0.2,User_264,outandin
331,2,2,0.0454397922752353,0.0006261740175466,0.0,0.2874046571168754,0.2,User_331,outandin
446,2,2,0.0454397922752353,0.0009146646608138,0.0002299304597911,0.3259698523900302,0.2,User_446,outandin
478,2,2,0.0454397922752353,0.00075432048341,5.5010188951374814e-05,0.2795768133182315,0.2,User_478,outandin
818,2,2,0.0454397922752353,0.0009327202073553,0.0,0.3042764213533209,0.8,User_818,incoming
997,2,2,0.0454397922752353,0.0017127334257106,0.0,0.2893905931113259,0.2,User_997,incoming
14,3,2,0.0454397922752353,0.0027336646497568,0.0001662282009142,0.3417151324663111,0.2,User_14,outandin
22,3,2,0.0454397922752353,0.0020200740511992,8.809397141971871e-05,0.312541840560232,0.2,User_22,outandin
82,3,2,0.0454397922752353,0.0026504350529967,0.000334182759489,0.3464643169678283,0.2,User_82,outandin
148,3,2,0.0454397922752353,0.0025548501323648,7.528381755072393e-05,0.3146079224389354,0.2,User_148,outandin
360,3,2,0.0454397922752353,0.0037098428847481,0.0,0.3481926058785425,0.2,User_360,outandin
420,3,2,0.0454397922752353,0.0011513382424332,0.0,0.3302886958601821,0.6,User_420,outandin
957,3,2,0.0454397922752353,0.0015175156817988,0.0007788893222403,0.3447531003874801,0.2,User_957,incoming
1002,3,2,0.0454397922752353,0.0023198548285541,1.4055801532082367e-06,0.319406700999627,0.8,User_1002,incoming
64,4,2,0.0454397922752353,0.0026069588394067,0.0013126749586676,0.3561276074410807,0.6,User_64,outandin
115,4,2,0.0454397922752353,0.0004423003591756,0.0002500060184748,0.3120760554029142,0.2,User_115,outandin
158,4,2,0.0454397922752353,0.0018770169444953,0.0014302583309486,0.3468086008203965,0.2,User_158,outandin
395,4,2,0.0454397922752353,0.0035479372410252,0.0002004651854106,0.3114262837230152,0.2,User_395,incoming
453,4,2,0.0454397922752353,0.0007938471944825,0.004822785978661,0.3250590393904928,0.2,User_453,incoming
476,4,2,0.0454397922752353,0.0016160127031398,0.0007277213325317,0.3450939900714493,0.2,User_476,outandin
519,4,2,0.0454397922752353,0.0014257291234111,0.0004205976430019,0.3335505466316588,0.2,User_519,outandin
65,5,2,0.0454397922752353,0.0019999236784739,0.0010306583575906,0.3315437510692771,0.2,User_65,outandin
430,5,2,0.0454397922752353,0.0012959978200875,0.0025003372555292,0.3315437510692771,0.2,User_430,incoming
451,5,2,0.0454397922752353,0.0022824059208853,0.0008460947096417,0.356248780495671,0.6,User_451,incoming
356,6,2,0.0454397922752353,0.0057210169945067,0.0001049896577434,0.3224561644215513,0.2,User_356,incoming
20,7,2,0.0454397922752353,0.0031719079073069,0.0038700122853281,0.3640525611532604,0.2,User_20,outandin
190,7,2,0.0454397922752353,0.0052594722405438,0.0022137549358644,0.3578315672852963,0.6,User_190,incoming
276,7,2,0.0454397922752353,0.0046231435869418,0.0011050511352028,0.3219603831109401,0.2,User_276,incoming
566,7,2,0.0454397922752353,0.0039658540855318,0.003447710249565,0.3736670827540247,0.2,User_566,incoming
825,7,2,0.0454397922752353,0.0024307321804683,0.0050627671771738,0.3567342984247963,0.2,User_825,outandin
873,7,2,0.0454397922752353,0.0033934896292207,0.0005461628973843,0.3350448530805687,0.2,User_873,incoming
601,9,2,0.0454397922752353,0.0232932266278851,0.0001669994496419,0.3748711657274534,0.4,User_601,incoming
142,10,2,0.0454397922752353,0.0112445088577449,0.0011864503663159,0.3538408806612968,0.2,User_142,incoming
164,10,2,0.0454397922752353,0.0032011210579445,0.0013922981451752,0.3363363847981938,0.2,User_164,outandin
593,10,2,0.0454397922752353,0.0070632992345969,0.0002556063042908,0.3579539028638554,0.2,User_593,incoming
624,10,2,0.0454397922752353,0.0036740699324819,0.0012907623870377,0.3314387989480143,0.6,User_624,incoming
698,10,2,0.0454397922752353,0.0025723146211692,0.0009332437144846,0.3538408806612968,0.2,User_698,incoming
282,11,2,0.0454397922752353,0.0224283313783899,0.0014599555246267,0.3651953839821336,0.2,User_282,incoming
358,11,2,0.0454397922752353,0.0086544137243173,0.0010419686436619,0.3736670827540247,0.6,User_358,incoming
90,12,2,0.0454397922752353,0.0100527515112212,0.0008743188971131,0.3716773751781246,0.6,User_90,incoming
569,12,2,0.0454397922752353,0.1360049570651538,0.0013565892325135,0.3554022966316284,0.2,User_569,incoming
184,15,2,0.0454397922752353,0.0145961333255804,0.0006098092734526,0.3773027624781179,0.2,User_184,incoming
859,18,2,0.0454397922752353,0.0163875842255397,0.0026262704004148,0.390969068661978,0.2,User_859,incoming
109,19,2,0.0454397922752353,0.0214135810818804,0.0006704834918923,0.3879270714623109,0.6,User_109,incoming
209,20,2,0.0454397922752353,0.0118610295537747,0.0013217670291646,0.3864950778430333,0.2,User_209,incoming
527,21,2,0.0454397922752353,0.0255732996717437,0.0029136917194938,0.3915539139404552,0.2,User_527,incoming
409,24,2,0.0454397922752353,0.0334927802339301,0.0019817478112323,0.3942075172728829,0.2,User_409,incoming
58,25,2,0.0454397922752353,0.0173786272120097,0.0067731331864573,0.3908231302264939,0.2,User_58,incoming
711,26,2,0.0454397922752353,0.0519255969689397,0.0062261736897412,0.3882147444852715,0.4,User_711,incoming
199,32,2,0.0454397922752353,0.0266999925037398,0.0107977430208517,0.3840848003950026,0.2,User_199,incoming
479,32,2,0.0454397922752353,0.0281908032136533,0.0041721061872604,0.3994716390220439,0.4,User_479,incoming
101,34,2,0.0454397922752353,0.0270580886632996,0.0131297606826093,0.3962964291736477,0.6,User_101,incoming
8,41,2,0.0454397922752353,0.0647159850708088,0.0133953492752315,0.4044091023085273,0.4,User_8,incoming
357,44,2,0.0454397922752353,0.0193487180758325,0.0278675748945024,0.3599227108548564,0.6,User_357,incoming
19,55,2,0.0454397922752353,0.0298656612093988,0.0107904196541037,0.3664736317384589,0.4,User_19,incoming
12,56,2,0.0454397922752353,0.0989733084402073,0.0168573245774727,0.390969068661978,0.0,User_12,incoming
32,87,2,0.0454397922752353,0.0773200793600938,0.023858529696816,0.445538368458203,0.0,User_32,incoming
9,125,2,0.0454397922752353,0.1795270524178574,0.0714577791095933,0.4366201692563708,0.0,User_9,incoming
43,1,3,0.0261398176291793,0.0015247630653732,0.0,0.3074031608563644,0.2,User_43,incoming
167,1,3,0.0261398176291793,0.0007623815326866,0.0,0.3074031608563644,0.6,User_167,outandin
169,1,3,0.0261398176291793,0.0007623815326866,0.0,0.3074031608563644,0.2,User_169,outandin
253,1,3,0.0261398176291793,7.751077572157254e-05,0.0,0.2609708788326962,0.2,User_253,outandin
258,1,3,0.0261398176291793,9.153297610530228e-05,0.0,0.2611010388720142,0.2,User_258,outandin
380,1,3,0.0261398176291793,0.0007623815326866,0.0,0.3074031608563644,0.2,User_380,incoming
381,1,3,0.0261398176291793,0.0007623815326866,0.0,0.3074031608563644,0.2,User_381,incoming
384,1,3,0.0261398176291793,9.4141388236478e-05,0.0,0.2650000419834921,0.6,User_384,outandin
412,1,3,0.0261398176291793,0.0004390456990898,0.0,0.3000903312917103,0.2,User_412,outandin
486,1,3,0.0261398176291793,5.44211848638378e-05,0.0,0.270197462161749,0.2,User_486,outandin
491,1,3,0.0261398176291793,0.0013171370972695,0.0,0.3000903312917103,0.2,User_491,outandin
506,1,3,0.0261398176291793,0.0004390456990898,0.0,0.3000903312917103,0.2,User_506,outandin
507,1,3,0.0261398176291793,0.0004390456990898,0.0,0.3000903312917103,0.2,User_507,incoming
524,1,3,0.0261398176291793,3.869777263492526e-05,0.0,0.2634663225658725,0.2,User_524,outandin
531,1,3,0.0261398176291793,5.44211848638378e-05,0.0,0.270197462161749,0.2,User_531,outandin
550,1,3,0.0261398176291793,0.0004390456990898,0.0,0.3000903312917103,0.2,User_550,incoming
565,1,3,0.0261398176291793,3.869777263492526e-05,0.0,0.2634663225658725,0.2,User_565,outandin
608,1,3,0.0261398176291793,0.0009363175491896,0.0,0.2863827040144358,0.2,User_608,outandin
684,1,3,0.0261398176291793,5.44211848638378e-05,0.0,0.270197462161749,0.2,User_684,outandin
685,1,3,0.0261398176291793,0.000354060974223,0.0,0.2765491721808709,0.2,User_685,incoming
763,1,3,0.0261398176291793,0.0002178445807562,0.0,0.2748792769432337,0.2,User_763,outandin
791,1,3,0.0261398176291793,7.739554526985053e-05,0.0,0.2634663225658725,0.2,User_791,incoming
796,1,3,0.0261398176291793,5.090877056161405e-06,0.0,0.2488745343182261,0.2,User_796,outandin
807,1,3,0.0261398176291793,0.0001785970884694,0.0,0.2611010388720142,0.2,User_807,outandin
820,1,3,0.0261398176291793,5.44211848638378e-05,0.0,0.270197462161749,0.2,User_820,outandin
855,1,3,0.0261398176291793,7.751077572157254e-05,0.0,0.2609708788326962,0.2,User_855,incoming
945,1,3,0.0261398176291793,0.0001779142898052,0.0,0.2527800979905305,0.2,User_945,outandin
955,1,3,0.0261398176291793,5.8084355611277263e-05,0.0,0.2765491721808709,0.2,User_955,incoming
1043,1,3,0.0261398176291793,0.0005130546820526,0.0,0.2780916775237124,0.2,User_1043,incoming
1045,1,3,0.0261398176291793,2.0386546372890752e-05,0.0,0.2388809413362485,0.2,User_1045,incoming
1049,1,3,0.0261398176291793,0.0007589820779835,0.0,0.2942707042936417,1.0,User_1049,incoming
1056,1,3,0.0261398176291793,3.164773025907809e-05,0.0,0.2501230687713275,0.2,User_1056,incoming
80,2,3,0.0261398176291793,0.000852415887921,0.0004670756121566,0.3196992872906189,0.2,User_80,incoming
205,2,3,0.0261398176291793,0.0002700999609529,2.776365691429691e-05,0.2880371845603238,0.2,User_205,outandin
383,2,3,0.0261398176291793,0.0012128798140267,0.000519027151292,0.3208750125273604,0.2,User_383,outandin
461,2,3,0.0261398176291793,0.0018091445734861,0.0,0.3041880203012136,0.2,User_461,outandin
467,2,3,0.0261398176291793,0.00285492425186,0.0,0.2996608946413214,0.2,User_467,outandin
471,2,3,0.0261398176291793,0.0001941073642811,0.0,0.2789065439202923,0.6,User_471,incoming
490,2,3,0.0261398176291793,0.0004777434717247,0.0014085950817906,0.3138534669894416,0.2,User_490,incoming
610,2,3,0.0261398176291793,0.0030427272213403,0.0,0.32117029628122,0.4,User_610,incoming
746,2,3,0.0261398176291793,0.0017897424681108,0.0,0.3224561644215513,0.2,User_746,outandin
878,2,3,0.0261398176291793,0.0003641067115079,0.0,0.2907567803045757,0.2,User_878,incoming
944,2,3,0.0261398176291793,0.0005183043397139,8.0588245807335e-05,0.2890710010703415,0.2,User_944,incoming
11,3,3,0.0261398176291793,0.0024522608830587,0.0007046941398004,0.3527679130312591,0.2,User_11,outandin
192,3,3,0.0261398176291793,0.0021044031455115,0.0007553304781146,0.3381831931126541,0.6,User_192,outandin
216,3,3,0.0261398176291793,0.0020720351809749,0.0005857875934859,0.3321748622705511,0.2,User_216,outandin
219,3,3,0.0261398176291793,0.003226412099887,2.5692301812110383e-05,0.3146079224389354,0.2,User_219,incoming
280,3,3,0.0261398176291793,0.0053538449804248,0.0,0.3297685561816621,0.2,User_280,outandin
304,3,3,0.0261398176291793,0.0009975043439313,0.0002207355171667,0.3299764153409319,0.2,User_304,incoming
382,3,3,0.0261398176291793,0.0015350666443235,0.0008436413156691,0.3408252493088467,0.2,User_382,outandin
411,3,3,0.0261398176291793,0.0034978833944581,0.0,0.350876396071306,0.2,User_411,outandin
508,3,3,0.0261398176291793,0.0062311586056315,9.132108289410692e-06,0.3223568860458058,0.2,User_508,incoming
529,3,3,0.0261398176291793,0.0013670290280411,0.000356874512988,0.3261729488712702,0.2,User_529,outandin
544,3,3,0.0261398176291793,0.0013363991276541,0.000106763386544,0.3294572579851407,0.6,User_544,incoming
559,3,3,0.0261398176291793,0.0071343536771378,6.495379782322231e-05,0.3215648543847595,0.2,User_559,incoming
629,3,3,0.0261398176291793,0.0042034967990628,0.0,0.316414374698331,0.6,User_629,incoming
662,3,3,0.0261398176291793,0.0009932939189955,0.0002011602127632,0.2625414157163433,0.2,User_662,incoming
715,3,3,0.0261398176291793,0.0017556684997507,0.0001497871120537,0.3098594749561341,0.2,User_715,outandin
743,3,3,0.0261398176291793,0.0022813303151359,0.0009584184516234,0.3505239925934975,0.2,User_743,incoming
760,3,3,0.0261398176291793,0.005622325433594,1.697238034998946e-05,0.3226549047386062,0.2,User_760,incoming
844,3,3,0.0261398176291793,0.0024221551682602,0.0004938980975587,0.3479611717769283,0.4,User_844,incoming
1018,3,3,0.0261398176291793,0.0005237272332523,0.0001834504271021,0.2991471902505077,0.2,User_1018,incoming
1040,3,3,0.0261398176291793,0.0039349766970399,0.0009297912713472,0.3141359633593691,0.2,User_1040,incoming
489,4,3,0.0261398176291793,0.0061117593217119,0.0002912780434478,0.3382924607033206,0.2,User_489,outandin
634,4,3,0.0261398176291793,0.0004154246975569,0.0002529676617527,0.2992326853034516,0.6,User_634,incoming
747,4,3,0.0261398176291793,0.000982661113061,0.0010161128532378,0.3316487696790551,0.6,User_747,outandin
767,4,3,0.0261398176291793,0.0012756873081113,0.0007602762991299,0.3117044256852567,0.2,User_767,incoming
780,4,3,0.0261398176291793,0.0111528716653973,0.0004158420213292,0.3331260470495632,0.2,User_780,outandin
934,4,3,0.0261398176291793,0.0081802234909306,0.0,0.3114262837230152,0.2,User_934,incoming
941,4,3,0.0261398176291793,0.0008982284341262,0.0003158055243184,0.3075837737593352,0.2,User_941,outandin
1005,4,3,0.0261398176291793,0.003654164090006,0.0,0.3348305615211951,0.2,User_1005,incoming
1041,4,3,0.0261398176291793,0.0085893349789489,2.07899482540633e-05,0.3179517661332454,0.6,User_1041,incoming
76,5,3,0.0261398176291793,0.0058891451922673,0.0009296639201253,0.3537213398232355,0.2,User_76,incoming
180,5,3,0.0261398176291793,0.0067475324713109,0.0005236876334824,0.3264780685615145,0.6,User_180,incoming
241,5,3,0.0261398176291793,0.001084327408016,0.0007722252674801,0.3139475759750457,0.2,User_241,incoming
270,5,3,0.0261398176291793,0.005247474517175,1.1345457222165652e-05,0.3495877014613613,0.2,User_270,outandin
487,5,3,0.0261398176291793,0.0036135188934237,0.0,0.3339761294662766,0.2,User_487,incoming
543,5,3,0.0261398176291793,0.0125537197527979,0.0,0.3528868102045087,0.2,User_543,incoming
602,5,3,0.0261398176291793,0.0025769457155701,0.0001921381411596,0.3268857839140734,0.2,User_602,incoming
724,5,3,0.0261398176291793,0.0018838545147765,0.0012639223692888,0.3286299955670989,0.6,User_724,incoming
104,6,3,0.0261398176291793,0.0045112115992129,0.0002241086060482,0.3355817839348645,0.2,User_104,incoming
494,6,3,0.0261398176291793,0.0072438280222421,0.0030870098255265,0.3295609587273456,0.2,User_494,incoming
800,6,3,0.0261398176291793,0.0039764806221012,0.0008622166400732,0.308399165206709,0.4,User_800,incoming
901,6,3,0.0261398176291793,0.0116907892784982,0.0,0.3612888771141399,0.2,User_901,incoming
163,7,3,0.0261398176291793,0.0018569324053729,0.0003342149313102,0.3239527122143493,0.2,User_163,incoming
501,7,3,0.0261398176291793,0.0098450862854585,3.108879104152798e-06,0.3212688450066822,0.2,User_501,incoming
726,7,3,0.0261398176291793,0.0319525660922163,1.547653134350019e-05,0.3403820435230095,0.2,User_726,incoming
761,7,3,0.0261398176291793,0.0114817361607757,0.0,0.3317538548405505,0.2,User_761,incoming
988,7,3,0.0261398176291793,0.0112551339565196,1.832199803679232e-05,0.3441864450613995,0.2,User_988,incoming
351,8,3,0.0261398176291793,0.0023744394141488,0.0006270345120543,0.3369858918174371,0.2,User_351,outandin
534,8,3,0.0261398176291793,0.0041604973184247,0.0006415140442744,0.3538408806612968,0.2,User_534,incoming
548,8,3,0.0261398176291793,0.0130513900395381,0.0014854421877792,0.3280122700115217,0.2,User_548,incoming
571,8,3,0.0261398176291793,0.0083409449855376,0.0002782373436398,0.3458920270488196,0.2,User_571,outandin
816,8,3,0.0261398176291793,0.0022493810076783,0.0022651349042025,0.3397193919132956,0.2,User_816,outandin
300,9,3,0.0261398176291793,0.0060572041026242,0.0014091934111525,0.3609152588337736,0.2,User_300,incoming
466,9,3,0.0261398176291793,0.0107549965481082,0.0012262040262714,0.3719414443611997,0.2,User_466,incoming
595,9,3,0.0261398176291793,0.0237361560966072,1.739405439595193e-06,0.3477300451267942,0.2,User_595,incoming
631,9,3,0.0261398176291793,0.0016862535633993,0.0023626002310548,0.3166057350700868,0.2,User_631,incoming
727,9,3,0.0261398176291793,0.0061101135379048,0.0002475724587317,0.3387302380707788,0.2,User_727,incoming
168,10,3,0.0261398176291793,0.0320134472987078,0.0,0.3649408037214281,0.8,User_168,incoming
754,10,3,0.0261398176291793,0.0054848459961423,0.0046240543443298,0.348888759039246,0.2,User_754,incoming
805,10,3,0.0261398176291793,0.0114911127879701,0.001544143988875,0.3537213398232355,0.6,User_805,outandin
847,10,3,0.0261398176291793,0.0059000806862041,0.0026178609093378,0.3391691499438863,0.0,User_847,incoming
1033,10,3,0.0261398176291793,0.0061089253091115,0.0012005587819011,0.3338696319760131,0.2,User_1033,incoming
523,11,3,0.0261398176291793,0.0074696334683313,0.0096226342237316,0.3580763221192808,0.4,User_523,incoming
625,11,3,0.0261398176291793,0.0171720965660185,0.0015466534061702,0.3386206875410016,0.2,User_625,incoming
177,12,3,0.0261398176291793,0.0603445417928556,0.0004148944359125,0.3758130530785273,0.2,User_177,incoming
399,12,3,0.0261398176291793,0.0024553657269861,0.0029210932440366,0.3177587756833921,0.2,User_399,incoming
407,12,3,0.0261398176291793,0.0221715311128767,1.3447409790297612e-05,0.353243983089331,0.6,User_407,incoming
549,12,3,0.0261398176291793,0.0149182359376386,0.0001502848541901,0.3714136806941387,0.2,User_549,incoming
794,12,3,0.0261398176291793,0.0049951919726987,0.0042290115386143,0.3658333912916761,0.6,User_794,incoming
233,13,3,0.0261398176291793,0.0104848492378997,0.0025632665401961,0.3695782442205355,0.4,User_233,incoming
352,13,3,0.0261398176291793,0.0107374463956776,0.0030372155108801,0.3631686319378346,0.2,User_352,incoming
59,14,3,0.0261398176291793,0.0042979201131026,0.0055658438849284,0.3822618349312804,0.6,User_59,incoming
423,14,3,0.0261398176291793,0.0082833144398455,0.0030920158960499,0.3362283769674943,0.4,User_423,incoming
771,14,3,0.0261398176291793,0.0052099549240761,0.0002617579110777,0.334723518502806,0.2,User_771,incoming
766,15,3,0.0261398176291793,0.060201098120068,0.000353588950078,0.3846492159723649,0.2,User_766,incoming
658,16,3,0.0261398176291793,0.0102592752554121,0.0003206356354409,0.367631729591565,0.2,User_658,incoming
342,18,3,0.0261398176291793,0.0117374249283046,0.0035423615550676,0.3530057875511724,0.0,User_342,incoming
429,18,3,0.0261398176291793,0.0292365531499977,0.0029708575729199,0.3785304287334697,0.0,User_429,incoming
314,19,3,0.0261398176291793,0.0267665076601337,0.0013972697554114,0.3763534025437733,0.4,User_314,incoming
53,21,3,0.0261398176291793,0.0149615721039964,0.0073736054566247,0.3534825002960085,0.2,User_53,incoming
172,22,3,0.0261398176291793,0.0105060528509916,0.0075520534001041,0.3706248374785052,0.4,User_172,incoming
392,22,3,0.0261398176291793,0.0869582561970653,0.0002628435868331,0.3949510244725678,0.2,User_392,incoming
567,22,3,0.0261398176291793,0.0210259820159214,0.0015150499128466,0.3794908176429059,0.2,User_567,incoming
228,23,3,0.0261398176291793,0.022793215718026,0.0059338598077533,0.3842257489456063,0.2,User_228,incoming
193,25,3,0.0261398176291793,0.0433986156275508,0.0022179960367703,0.3537213398232355,0.0,User_193,incoming
236,25,3,0.0261398176291793,0.0495234355895814,0.0022828792932776,0.3856409450743194,0.2,User_236,incoming
128,29,3,0.0261398176291793,0.068341272339562,0.0095159766029496,0.3826809816801086,0.2,User_128,incoming
460,31,3,0.0261398176291793,0.0451821910347648,0.020494516596259,0.4017709769289245,0.2,User_460,incoming
42,34,3,0.0261398176291793,0.0112122469675221,0.0155635584882859,0.3826809816801086,0.0,User_42,incoming
437,34,3,0.0261398176291793,0.0305670632037124,0.0155405401890123,0.3968973335393393,0.2,User_437,incoming
482,35,3,0.0261398176291793,0.0629792860704145,0.0038330235817571,0.4070821018183426,0.4,User_482,incoming
542,40,3,0.0261398176291793,0.2110173248726401,0.0046277306185653,0.3968973335393393,0.2,User_542,incoming
389,47,3,0.0261398176291793,0.137327309318073,0.0072167082988018,0.4115625652031356,0.2,User_389,incoming
598,50,3,0.0261398176291793,0.0919497080744191,0.0113135577775829,0.426135598647447,0.2,User_598,incoming
97,53,3,0.0261398176291793,0.2186506666617614,0.008806906219982,0.4191413794542743,0.0,User_97,incoming
325,67,3,0.0261398176291793,0.1465182323633308,0.0168843728908511,0.4174701618328457,0.2,User_325,incoming
372,85,3,0.0261398176291793,0.1413687226453963,0.010426217606219,0.4268304793627302,0.4,User_372,incoming
321,116,3,0.0261398176291793,0.0847576791225483,0.046835028601165,0.4292805108145868,0.2,User_321,incoming
41,139,3,0.0261398176291793,0.1471826681815381,0.0780990370927934,0.4444037206607713,0.0,User_41,incoming
213,1,4,0.0285032796660703,5.105252788080226e-05,0.0,0.2620813932107076,0.2,User_213,outandin
246,1,4,0.0285032796660703,5.105252788080226e-05,0.0,0.2620813932107076,0.2,User_246,outandin
268,1,4,0.0285032796660703,4.377566422537147e-05,0.0,0.2764761462574009,0.2,User_268,outandin
696,1,4,0.0285032796660703,0.0004465763366312,0.0,0.2893905931113259,0.8,User_696,outandin
789,1,4,0.0285032796660703,0.0001439819582096,0.0,0.2863827040144358,0.2,User_789,outandin
804,1,4,0.0285032796660703,0.0001305158894098,0.0,0.2794275863028495,0.2,User_804,incoming
845,1,4,0.0285032796660703,3.1133123610333788e-06,0.0,0.1955210393794168,0.2,User_845,outandin
846,1,4,0.0285032796660703,7.648186309266316e-05,0.0,0.2590339351501181,0.6,User_846,incoming
916,1,4,0.0285032796660703,7.108418642173161e-05,0.0,0.2688100554240763,0.2,User_916,outandin
935,1,4,0.0285032796660703,0.0010347199938572,0.0,0.2757480026012054,0.2,User_935,outandin
936,1,4,0.0285032796660703,0.000281384608776,0.0,0.2816828533432277,0.2,User_936,outandin
972,1,4,0.0285032796660703,3.247004758899896e-05,0.0,0.2423085317928204,0.2,User_972,outandin
979,1,4,0.0285032796660703,0.0001457813145438,0.0,0.2692940241452616,0.6,User_979,outandin
982,1,4,0.0285032796660703,3.6771345264190675e-05,0.0,0.2687410590032796,0.2,User_982,outandin
1009,1,4,0.0285032796660703,0.0001110533054922,0.0,0.2806258820361236,0.2,User_1009,incoming
1010,1,4,0.0285032796660703,0.0002221066109845,0.0,0.2806258820361236,0.2,User_1010,incoming
1012,1,4,0.0285032796660703,0.0001094586526065,0.0,0.2651342531974619,0.2,User_1012,incoming
1029,1,4,0.0285032796660703,0.0001305158894098,0.0,0.2794275863028495,0.2,User_1029,incoming
1048,1,4,0.0285032796660703,4.863584802549835e-05,0.0,0.2673002721155928,0.2,User_1048,outandin
245,2,4,0.0285032796660703,0.0002003542941879,0.0,0.2868534701032266,0.2,User_245,incoming
521,2,4,0.0285032796660703,0.0003056029640187,0.0006462978511237,0.2887521141414167,0.2,User_521,incoming
575,2,4,0.0285032796660703,3.119876580741001e-05,0.0,0.2664838803453238,0.2,User_575,incoming
748,2,4,0.0285032796660703,0.0004265032429872,0.0009426062726334,0.3076741598227379,0.2,User_748,incoming
786,2,4,0.0285032796660703,0.0009408418797856,0.0,0.2883544934940174,0.2,User_786,outandin
808,2,4,0.0285032796660703,0.0001502604661236,0.0009297912713472,0.2432090977646404,0.4,User_808,incoming
876,2,4,0.0285032796660703,0.0004687753745229,0.0035371687331545,0.2901122654133491,0.2,User_876,incoming
907,2,4,0.0285032796660703,0.00079673804973,0.0,0.3289397316609416,0.2,User_907,outandin
956,2,4,0.0285032796660703,0.0002716966758405,2.1939797996168617e-05,0.2829770718585884,0.2,User_956,outandin
980,2,4,0.0285032796660703,0.0005447661186165,0.0,0.289310628868963,0.6,User_980,incoming
984,2,4,0.0285032796660703,0.0005816231058412,0.0002075020127099,0.2949338495427541,0.2,User_984,incoming
987,2,4,0.0285032796660703,0.0003850502933158,0.0001661445424855,0.2941880207577345,0.4,User_987,incoming
1028,2,4,0.0285032796660703,0.0001179473993482,0.0001276437737538,0.2806258820361236,0.2,User_1028,incoming
1031,2,4,0.0285032796660703,0.0004656077162366,0.0,0.2841289459638473,0.6,User_1031,incoming
1054,2,4,0.0285032796660703,0.000384551600851,1.0843046896177827e-06,0.2997466836177432,0.2,User_1054,incoming
416,3,4,0.0285032796660703,0.001438956912188,7.389688058372387e-05,0.3017334771979185,0.2,User_416,incoming
436,3,4,0.0285032796660703,0.0008547095942232,0.0009662178102755,0.3236522923884937,0.2,User_436,outandin
493,3,4,0.0285032796660703,0.0008156602128922,1.0081971736518812e-05,0.2912420489226084,0.2,User_493,outandin
535,3,4,0.0285032796660703,0.0005324202402548,9.42014761690191e-05,0.3155561078591854,0.2,User_535,incoming
572,3,4,0.0285032796660703,0.0008947774729377,0.0001168175191313,0.3236522923884937,0.2,User_572,outandin
600,3,4,0.0285032796660703,0.001211519172938,0.0016097670297637,0.3367691109285227,0.6,User_600,incoming
641,3,4,0.0285032796660703,0.0005407122835754,0.0,0.3034826567758775,0.2,User_641,incoming
790,3,4,0.0285032796660703,0.0002685013658628,0.0,0.2907567803045757,0.2,User_790,incoming
806,3,4,0.0285032796660703,0.0005119527722754,6.488318355945164e-05,0.2993182292386441,0.2,User_806,incoming
811,3,4,0.0285032796660703,0.0011494853735405,0.0,0.328526879785622,0.2,User_811,incoming
981,3,4,0.0285032796660703,0.0002589539852811,0.0,0.2838978215501023,0.2,User_981,incoming
1008,3,4,0.0285032796660703,0.0003300768549134,7.56378522033171e-05,0.2756753991250071,0.2,User_1008,incoming
1032,3,4,0.0285032796660703,0.0001117796239386,8.470276895811287e-05,0.2670275862985914,0.6,User_1032,incoming
251,4,4,0.0285032796660703,0.0025033134109395,0.0011173636723751,0.3558855084557366,0.2,User_251,outandin
284,4,4,0.0285032796660703,0.0014556922799124,0.0009385533102748,0.3509940214136028,0.2,User_284,incoming
305,4,4,0.0285032796660703,0.003423534583063,3.900484925152857e-06,0.302430723823448,0.2,User_305,incoming
387,4,4,0.0285032796660703,0.0016759194538877,4.931693696079736e-06,0.319406700999627,0.2,User_387,outandin
408,4,4,0.0285032796660703,0.0034446970657573,7.943275425772058e-05,0.3069525552262612,0.2,User_408,incoming
415,4,4,0.0285032796660703,0.0003612979893767,3.1210820364903146e-05,0.2822904194868636,0.0,User_415,incoming
589,4,4,0.0285032796660703,0.0011806528210657,0.0,0.3186290827379114,0.2,User_589,incoming
737,4,4,0.0285032796660703,0.0005842655878956,0.0004810970916191,0.3149865119966237,0.2,User_737,outandin
773,4,4,0.0285032796660703,0.0011537503061544,0.0004098980616771,0.3288364214437114,0.4,User_773,incoming
863,4,4,0.0285032796660703,0.0015042477562017,0.0006381331843793,0.3253620776497132,0.2,User_863,incoming
885,4,4,0.0285032796660703,0.0005318140166926,0.0003304032497953,0.2996608946413214,0.2,User_885,incoming
886,4,4,0.0285032796660703,0.0018042939460354,0.0025850640010269,0.3468086008203965,0.4,User_886,incoming
1021,4,4,0.0285032796660703,0.0005187112058324,0.0002307776603759,0.3061447853440869,0.0,User_1021,incoming
438,5,4,0.0285032796660703,0.00044180453003,0.0004261805526214,0.301126018371233,0.6,User_438,incoming
469,5,4,0.0285032796660703,0.0044651497022821,1.945010517064498e-05,0.3115189425399515,0.4,User_469,incoming
576,5,4,0.0285032796660703,0.0014591575687346,9.08062670904581e-05,0.3023433918211889,0.2,User_576,incoming
699,5,4,0.0285032796660703,0.0022888500811089,0.0012653518639227,0.3403820435230095,0.6,User_699,incoming
757,5,4,0.0285032796660703,0.0042850200148682,0.0,0.3202860709320211,0.2,User_757,incoming
776,5,4,0.0285032796660703,0.0020344855058565,3.175108977418419e-05,0.3277042772697268,0.2,User_776,incoming
793,5,4,0.0285032796660703,0.000364792155782,2.033449404512084e-05,0.2870894340216006,0.2,User_793,incoming
832,5,4,0.0285032796660703,0.0020529735246201,0.001424184099876,0.3438473451155261,0.2,User_832,incoming
974,5,4,0.0285032796660703,0.0011818989529488,0.002663159807501,0.337964869553511,0.6,User_974,incoming
244,6,4,0.0285032796660703,0.0057982950678181,0.0018595825426944,0.3214661240026949,0.6,User_244,incoming
401,6,4,0.0285032796660703,0.0028303264983047,0.0002293466071925,0.3324913197449277,0.2,User_401,outandin
545,6,4,0.0285032796660703,0.0007108096506239,0.0005472044635924,0.3106869928417736,0.8,User_545,incoming
552,6,4,0.0285032796660703,0.0009273397891618,0.0007168856541968,0.319406700999627,0.2,User_552,incoming
755,6,4,0.0285032796660703,0.0008113453024344,0.0009165298962389,0.3159369842718096,0.6,User_755,incoming
785,6,4,0.0285032796660703,0.0021296611271894,0.0,0.3138534669894416,0.6,User_785,outandin
1019,6,4,0.0285032796660703,0.0014647163004848,0.0,0.3037467844144987,0.2,User_1019,incoming
560,7,4,0.0285032796660703,0.0048579819933174,0.0001175853886855,0.3453216246295439,0.2,User_560,incoming
570,7,4,0.0285032796660703,0.0011712233715682,0.0036757863832768,0.3430587044157199,0.2,User_570,incoming
597,7,4,0.0285032796660703,0.0012329598397785,0.0022262290157085,0.3288364214437114,0.2,User_597,incoming
676,7,4,0.0285032796660703,0.0042530903880018,0.0015094862369118,0.3472687117335911,0.2,User_676,incoming
971,7,4,0.0285032796660703,0.0031337650569282,0.0009297912713472,0.3200902371986479,0.6,User_971,incoming
562,8,4,0.0285032796660703,0.0017853329279985,0.0003247296597139,0.3273968623754775,0.2,User_562,incoming
587,8,4,0.0285032796660703,0.0034625197582776,0.0030362679052633,0.3631686319378346,0.2,User_587,incoming
151,9,4,0.0285032796660703,0.0070976049480154,0.0016814616830612,0.367890079366401,0.2,User_151,incoming
492,9,4,0.0285032796660703,0.0083772798072023,3.782459338080673e-05,0.3227543667930879,0.4,User_492,incoming
303,10,4,0.0285032796660703,0.0212232381567732,0.0009347279117168,0.3413808822552257,0.6,User_303,incoming
480,10,4,0.0285032796660703,0.0079788453027541,0.004754089355031,0.3637995711872054,0.2,User_480,outandin
978,10,4,0.0285032796660703,0.0070347472967894,0.0016856984473409,0.368927119759259,0.2,User_978,incoming
678,11,4,0.0285032796660703,0.0118427099205768,0.0008784342887432,0.3400503948933995,0.2,User_678,incoming
817,11,4,0.0285032796660703,0.008874798541851,0.0014265149535329,0.3759479949288248,0.2,User_817,incoming
991,11,4,0.0285032796660703,0.0103456296728952,0.0008485523846336,0.3597990260744939,0.2,User_991,incoming
327,12,4,0.0285032796660703,0.0063250109151817,0.0050702916258877,0.3453216246295439,0.2,User_327,incoming
440,12,4,0.0285032796660703,0.0021639043366284,0.0015011919422353,0.335904769289951,0.2,User_440,incoming
627,12,4,0.0285032796660703,0.0023902065716216,0.0036326972022044,0.3288364214437114,0.2,User_627,incoming
50,13,4,0.0285032796660703,0.0044546234807616,0.0020080974834861,0.348540334845798,0.6,User_50,incoming
149,13,4,0.0285032796660703,0.0084496167360995,0.0070629536009525,0.3825411640032069,0.2,User_149,incoming
449,13,4,0.0285032796660703,0.0080929376898549,0.0015868061560519,0.3793533209698468,0.2,User_449,incoming
183,14,4,0.0285032796660703,0.0068604249806677,0.0091984542098097,0.368019390466354,0.6,User_183,incoming
439,15,4,0.0285032796660703,0.0150227311021578,0.0036511421467157,0.3751397942947965,0.2,User_439,incoming
762,15,4,0.0285032796660703,0.011268198840733,0.0003609630714007,0.3505239925934975,0.2,User_762,incoming
376,16,4,0.0285032796660703,0.0133215774688999,0.0015665383001559,0.3825411640032069,0.2,User_376,incoming
636,16,4,0.0285032796660703,0.0118978322912709,0.0070601058475316,0.3734005584439291,0.2,User_636,outandin
831,16,4,0.0285032796660703,0.0200361541936906,0.0002537306743868,0.3708874126378949,0.6,User_831,incoming
517,17,4,0.0285032796660703,0.0093877084945224,0.0020262067057493,0.3651953839821336,0.2,User_517,incoming
707,17,4,0.0285032796660703,0.0048646267345436,0.0123540384767101,0.3783936269883546,0.6,User_707,incoming
306,18,4,0.0285032796660703,0.006117656643176,0.00355526390671,0.3728686488165161,0.4,User_306,incoming
588,18,4,0.0285032796660703,0.0073815963720619,0.0015493733950135,0.3499382238892972,0.6,User_588,incoming
798,18,4,0.0285032796660703,0.0076887653325306,0.0068506196273559,0.3836625745242862,0.6,User_798,incoming
1004,19,4,0.0285032796660703,0.0211314318756056,0.0020541792857837,0.361164251768464,0.2,User_1004,incoming
386,20,4,0.0285032796660703,0.0067571202751435,0.0061808934778875,0.3758130530785273,0.2,User_386,incoming
835,20,4,0.0285032796660703,0.0317283886901298,0.0014659392169913,0.3763534025437733,0.6,User_835,incoming
986,20,4,0.0285032796660703,0.0133121501612942,0.0055143867730356,0.3668588527949465,0.2,User_986,incoming
339,21,4,0.0285032796660703,0.0059213635140934,0.0053960513738859,0.3629168685881377,0.2,User_339,incoming
391,21,4,0.0285032796660703,0.0348273217756351,0.0001477930075361,0.3917003987567442,0.8,User_391,incoming
639,22,4,0.0285032796660703,0.0199138151372655,0.0015211903145221,0.3905315799614984,0.2,User_639,incoming
211,23,4,0.0285032796660703,0.0098558497259537,0.0031178165550551,0.3555229765286171,0.0,User_211,incoming
371,24,4,0.0285032796660703,0.0138959437477484,0.0091301824104285,0.4017709769289245,0.2,User_371,incoming
388,24,4,0.0285032796660703,0.0198070818053733,0.0003257738842291,0.3591818750863729,0.2,User_388,incoming
463,25,4,0.0285032796660703,0.021435849910716,0.0161246573441732,0.3905315799614984,0.4,User_463,incoming
343,29,4,0.0285032796660703,0.0116883751994774,0.011197663770579,0.3955478526168406,0.2,User_343,incoming
252,31,4,0.0285032796660703,0.0499383291906002,0.0022383061711677,0.3811485860490634,0.2,User_252,incoming
687,35,4,0.0285032796660703,0.0271597958004042,0.003780660395944,0.3925816145019787,0.2,User_687,incoming
555,39,4,0.0285032796660703,0.0107475925087948,0.0111643750543074,0.3723382524455111,0.2,User_555,incoming
840,42,4,0.0285032796660703,0.0250087821154029,0.0255131860482008,0.3959966588036222,0.2,User_840,incoming
448,45,4,0.0285032796660703,0.0334447740921536,0.0138749845750197,0.3849320462782269,0.2,User_448,incoming
481,45,4,0.0285032796660703,0.0416906758902979,0.010475971813487,0.407875015923949,0.2,User_481,incoming
513,46,4,0.0285032796660703,0.0450414112607361,0.0051726135448208,0.4083522487818944,0.4,User_513,incoming
586,48,4,0.0285032796660703,0.0251962801385474,0.0055948857202478,0.3882147444852715,0.6,User_586,incoming
289,49,4,0.0285032796660703,0.075962409023988,0.0095704272758955,0.3808712862410975,0.6,User_289,incoming
212,65,4,0.0285032796660703,0.086200688086233,0.0167246790958218,0.4077161860890877,0.2,User_212,incoming
37,1,5,0.0341614906832298,0.0001662680711753,0.0,0.2893905931113259,0.2,User_37,outandin
45,1,5,0.0341614906832298,0.0001114578252576,0.0,0.2824427207652488,0.2,User_45,outandin
89,1,5,0.0341614906832298,0.0001662680711753,0.0,0.2893905931113259,0.6,User_89,outandin
113,1,5,0.0341614906832298,0.0001662680711753,0.0,0.2893905931113259,0.2,User_113,outandin
116,1,5,0.0341614906832298,0.0002229156505152,0.0,0.2824427207652488,0.2,User_116,incoming
558,1,5,0.0341614906832298,0.0002184233117235,0.0,0.2780178348053046,0.2,User_558,outandin
614,1,5,0.0341614906832298,0.0001662680711753,0.0,0.2893905931113259,0.2,User_614,incoming
674,1,5,0.0341614906832298,0.0010921165586178,0.0,0.2780178348053046,0.0,User_674,incoming
709,1,5,0.0341614906832298,1.5104635250824918e-05,0.0,0.2387719876571898,0.2,User_709,incoming
730,1,5,0.0341614906832298,0.0002061165432756,0.0,0.2507220224800711,0.2,User_730,outandin
812,1,5,0.0341614906832298,8.511775188008838e-06,0.0,0.2433786996459268,0.2,User_812,incoming
813,1,5,0.0341614906832298,0.0004589215583267,0.0,0.2714584303543628,0.2,User_813,incoming
854,1,5,0.0341614906832298,0.0008269753704833,0.0,0.2945190340019064,0.2,User_854,outandin
856,1,5,0.0341614906832298,0.0003076637161084,0.0,0.2887521141414167,0.2,User_856,incoming
872,1,5,0.0341614906832298,0.0002786141048719,0.0,0.2604515338001933,0.2,User_872,incoming
875,1,5,0.0341614906832298,5.448778308564713e-05,0.0,0.2599342517072436,0.6,User_875,outandin
879,1,5,0.0341614906832298,0.0001662680711753,0.0,0.2893905931113259,0.2,User_879,outandin
959,1,5,0.0341614906832298,2.3777905345783584e-05,0.0,0.2134587494142257,0.6,User_959,incoming
40,2,5,0.0341614906832298,0.0010961807170816,0.0005520086761569,0.3257670086735461,0.2,User_40,outandin
111,2,5,0.0341614906832298,0.0001614160027081,2.2058831260792508e-05,0.2719519911368253,0.6,User_111,outandin
117,2,5,0.0341614906832298,0.0011851962609581,0.0,0.3321748622705511,0.2,User_117,outandin
141,2,5,0.0341614906832298,0.0006549563146817,0.0,0.3128219796464825,0.6,User_141,incoming
156,2,5,0.0341614906832298,0.0004817180086703,0.000626883383892,0.3154610322014995,0.2,User_156,outandin
459,2,5,0.0341614906832298,0.0014264427666821,0.0,0.327499269902026,0.2,User_459,outandin
488,2,5,0.0341614906832298,0.0001065781104278,0.0,0.2866963761984603,0.2,User_488,incoming
613,2,5,0.0341614906832298,0.0007637121658378,0.0001597923842368,0.3196992872906189,0.2,User_613,outandin
729,2,5,0.0341614906832298,0.0012991517581281,9.862714038217256e-05,0.288831769897042,0.2,User_729,incoming
858,2,5,0.0341614906832298,0.0007798309394299,0.0,0.2999184090165503,0.6,User_858,outandin
860,2,5,0.0341614906832298,0.0004261093993988,4.654676372940745e-05,0.2884339299936025,0.2,User_860,outandin
900,2,5,0.0341614906832298,0.0007776988326109,0.0,0.3202860709320211,0.2,User_900,outandin
919,2,5,0.0341614906832298,0.0007756996631773,8.607422072290373e-05,0.2902731261094475,0.2,User_919,incoming
958,2,5,0.0341614906832298,0.0022948541234238,0.0009297912713472,0.2715992648188786,0.2,User_958,incoming
961,2,5,0.0341614906832298,0.0004105089804775,0.0,0.2896307512798831,0.2,User_961,outandin
989,2,5,0.0341614906832298,0.0007626632152624,1.4145599501593233e-05,0.3074031608563644,0.2,User_989,outandin
133,3,5,0.0341614906832298,0.0014607703349022,0.0,0.3066828253886283,0.2,User_133,outandin
290,3,5,0.0341614906832298,0.0007639438486606,0.0011088905997129,0.3087629507156523,0.2,User_290,incoming
361,3,5,0.0341614906832298,0.0007259205634737,0.0073767878214831,0.3130090181993355,0.2,User_361,incoming
680,3,5,0.0341614906832298,0.0017143057132706,0.0,0.3161277674748723,0.2,User_680,outandin
881,3,5,0.0341614906832298,0.008079637346173,0.0,0.3076741598227379,0.6,User_881,incoming
995,3,5,0.0341614906832298,0.0008203694755764,0.0,0.2842060710849015,0.2,User_995,incoming
112,4,5,0.0341614906832298,0.0012969205020935,0.0002438371337374,0.3256656814546741,0.2,User_112,outandin
118,4,5,0.0341614906832298,0.000294778835761,0.0014175874126104,0.2939402487020711,0.2,User_118,incoming
273,4,5,0.0341614906832298,0.0016501921831028,0.0001321703838663,0.3153660138183063,0.6,User_273,incoming
612,4,5,0.0341614906832298,0.0007230947686272,0.0001956661956764,0.3066828253886283,0.6,User_612,incoming
682,4,5,0.0341614906832298,0.0009867520393908,0.0005432146803861,0.3251599894027258,0.2,User_682,outandin
57,5,5,0.0341614906832298,0.0021125468230947,4.743833017077799e-06,0.3029557771634193,0.2,User_57,incoming
129,5,5,0.0341614906832298,0.0023583332081997,0.0001019151578112,0.3261729488712702,0.2,User_129,incoming
222,5,5,0.0341614906832298,0.0030998858072971,0.0001212120306279,0.3458920270488196,0.2,User_222,incoming
353,5,5,0.0341614906832298,0.0027084123011909,0.0026031343076144,0.3446396201042716,0.2,User_353,incoming
441,5,5,0.0341614906832298,0.0030809505201365,0.0002635723863673,0.3551611824548091,0.2,User_441,incoming
689,5,5,0.0341614906832298,0.0029157848184485,0.0009320797768525,0.3139475759750457,0.2,User_689,incoming
162,6,5,0.0341614906832298,0.0030283168959497,3.4174074338527225e-05,0.3167973270428978,0.2,User_162,incoming
432,6,5,0.0341614906832298,0.0021396330436168,4.399669961394069e-05,0.3298724530172581,0.2,User_432,incoming
635,6,5,0.0341614906832298,0.0016430258851035,0.001146550996668,0.3219603831109401,0.6,User_635,incoming
734,6,5,0.0341614906832298,0.0343240315984433,0.0,0.3599227108548564,0.2,User_734,incoming
926,6,5,0.0341614906832298,0.00844120088732,0.0,0.3362283769674943,0.2,User_926,incoming
442,7,5,0.0341614906832298,0.0014685839112646,0.0007139435482983,0.3195041702400907,0.2,User_442,incoming
161,8,5,0.0341614906832298,0.021358552801075,1.94721791330982e-05,0.3362283769674943,0.2,User_161,incoming
419,8,5,0.0341614906832298,0.0031412592573379,0.0060479525285477,0.3634207448374791,0.2,User_419,incoming
1037,10,5,0.0341614906832298,0.0017116133945146,0.0003636723933949,0.3126351644899305,0.2,User_1037,incoming
788,11,5,0.0341614906832298,0.0187722616808812,0.0018455687636881,0.3641791881310529,0.2,User_788,incoming
874,11,5,0.0341614906832298,0.0105175947652358,0.0012651791735106,0.3515833330680917,0.6,User_874,incoming
120,12,5,0.0341614906832298,0.0050336353515296,0.0023854249958693,0.3570993062335529,0.2,User_120,incoming
272,12,5,0.0341614906832298,0.0524861519952008,0.000274193328442,0.3524117017424359,0.6,User_272,incoming
795,12,5,0.0341614906832298,0.0039275528846707,0.0015305181776063,0.3561276074410807,0.2,User_795,incoming
632,13,5,0.0341614906832298,0.0116456298094511,0.0038814929314815,0.3590586988603488,0.6,User_632,incoming
99,14,5,0.0341614906832298,0.0107017626601522,0.0029091036886083,0.3530057875511724,0.2,User_99,incoming
119,14,5,0.0341614906832298,0.0121657972287646,0.0006751248174578,0.3619132961896913,0.2,User_119,outandin
728,14,5,0.0341614906832298,0.0397930806804339,0.0016887860943296,0.3349376730252006,0.2,User_728,incoming
221,15,5,0.0341614906832298,0.0085362073928602,0.0021349369659051,0.3811485860490634,0.8,User_221,incoming
557,15,5,0.0341614906832298,0.047333678762759,0.0005453474668957,0.3491214291019597,0.0,User_557,incoming
447,16,5,0.0341614906832298,0.025306123517799,7.310042453867559e-05,0.3800418024961079,0.4,User_447,incoming
79,17,5,0.0341614906832298,0.0052577930761466,0.0025274277834463,0.3477300451267942,0.2,User_79,outandin
379,18,5,0.0341614906832298,0.014538883309073,0.0084718171248711,0.3704936892699141,0.2,User_379,incoming
969,18,5,0.0341614906832298,0.0284066890434506,0.0027788082139475,0.3609152588337736,0.0,User_969,incoming
350,19,5,0.0341614906832298,0.0179289180159849,0.0026366056845414,0.3525303588810698,0.2,User_350,incoming
640,20,5,0.0341614906832298,0.0889565281910184,0.0028863686324017,0.3804560922517359,0.8,User_640,incoming
701,21,5,0.0341614906832298,0.023479832561721,0.0101132060408714,0.3831010486193842,0.4,User_701,incoming
596,22,5,0.0341614906832298,0.0241321511184448,0.0024498248930497,0.3971984696042402,0.2,User_596,incoming
590,28,5,0.0341614906832298,0.0126141648325537,0.000423383568267,0.3574650617537648,0.2,User_590,incoming
73,31,5,0.0341614906832298,0.0683234099945143,0.0003890810278832,0.3857830382744204,0.2,User_73,incoming
681,31,5,0.0341614906832298,0.0408885192882298,0.003302896578413,0.3793533209698468,0.2,User_681,incoming
514,33,5,0.0341614906832298,0.0305239921438817,0.0026957809973492,0.3874963604281188,0.2,User_514,incoming
302,34,5,0.0341614906832298,0.0421611191781695,0.0073693924844877,0.3854989565083863,0.0,User_302,incoming
704,38,5,0.0341614906832298,0.08859556994002,0.0155415675415045,0.3730014841028775,0.2,User_704,incoming
254,44,5,0.0341614906832298,0.0891660913237608,0.0021661990040494,0.390385967888433,0.6,User_254,incoming
626,45,5,0.0341614906832298,0.0296938534054681,0.0186258896862621,0.4064499867534073,0.2,User_626,incoming
44,47,5,0.0341614906832298,0.0215141775028034,0.0148246095804617,0.3940591516284445,0.0,User_44,incoming
605,47,5,0.0341614906832298,0.1511204475685116,0.0037983011314731,0.4199820159954983,0.2,User_605,incoming
617,54,5,0.0341614906832298,0.1596289004468253,0.0081194121047258,0.4179701260985138,0.0,User_617,incoming
74,58,5,0.0341614906832298,0.0643314001180576,0.0170602919776391,0.3949510244725678,0.2,User_74,incoming
36,71,5,0.0341614906832298,0.0320942664800571,0.0315598265405732,0.4077161860890877,0.2,User_36,incoming
421,1,6,0.0589371980676328,0.0014897884641278,0.0,0.2878787918275439,0.2,User_421,incoming
426,1,6,0.0589371980676328,1.0934129508521616e-05,0.0,0.223101463003788,0.2,User_426,outandin
455,1,6,0.0589371980676328,0.0014897884641278,0.0,0.2878787918275439,0.2,User_455,outandin
458,1,6,0.0589371980676328,0.0014897884641278,0.0,0.2878787918275439,0.2,User_458,outandin
960,1,6,0.0589371980676328,0.0003390721340724,0.0,0.2842060710849015,0.6,User_960,outandin
1007,1,6,0.0589371980676328,0.0014897884641278,0.0,0.2878787918275439,0.2,User_1007,outandin
1036,1,6,0.0589371980676328,1.6734843115249582e-05,0.0,0.2402513001094027,0.2,User_1036,incoming
427,2,6,0.0589371980676328,0.0010552062638539,0.0009297912713472,0.2874046571168754,0.2,User_427,outandin
578,2,6,0.0589371980676328,0.0006944822382955,2.761367487223874e-06,0.2874835710809382,0.2,User_578,incoming
580,2,6,0.0589371980676328,0.000310152812,0.0,0.2842060710849015,0.2,User_580,incoming
775,2,6,0.0589371980676328,0.0001334415138055,7.832911706496735e-05,0.2819863091507614,0.2,User_775,incoming
1006,2,6,0.0589371980676328,0.0045910070613647,0.0,0.2971941997947139,0.2,User_1006,incoming
1024,2,6,0.0589371980676328,0.0004856462189112,6.63165216495609e-06,0.2803253456162723,0.2,User_1024,incoming
1025,2,6,0.0589371980676328,0.0018120616767614,0.0,0.2925440530530252,0.2,User_1025,outandin
1038,2,6,0.0589371980676328,0.0001529919703091,0.0,0.2825189330482399,0.6,User_1038,incoming
579,3,6,0.0589371980676328,0.000853937264659,0.0001775781035918,0.3250590393904928,0.2,User_579,outandin
824,3,6,0.0589371980676328,0.0009044565108983,0.0,0.2931994303771428,0.4,User_824,incoming
810,4,6,0.0589371980676328,0.0188126174254703,1.0587218795755214e-05,0.314230241859777,0.0,User_810,incoming
933,4,6,0.0589371980676328,0.0093951208762462,5.466160958848369e-06,0.3054303284354659,0.2,User_933,incoming
1034,4,6,0.0589371980676328,0.0010768348129696,0.0009364863070146,0.3165100259603317,0.8,User_1034,incoming
1042,4,6,0.0589371980676328,0.0156498141353847,0.0,0.3039231250730848,0.0,User_1042,incoming
998,5,6,0.0589371980676328,0.0068748378429686,0.0001585710731162,0.3147024844835518,0.2,User_998,incoming
157,6,6,0.0589371980676328,0.0034835432185074,0.0011563029150074,0.3596754262716514,0.2,User_157,outandin
484,6,6,0.0589371980676328,0.0160837012055931,0.000868289104975,0.3524117017424359,0.2,User_484,incoming
1039,6,6,0.0589371980676328,0.0018480912963722,0.0025963700279408,0.349005055292259,0.2,User_1039,incoming
173,7,6,0.0589371980676328,0.009900057577007,0.0010872172213832,0.3708874126378949,0.2,User_173,incoming
367,7,6,0.0589371980676328,0.0598426782637526,0.0006344814876576,0.3363363847981938,0.2,User_367,incoming
645,7,6,0.0589371980676328,0.0110489403130917,0.0013089653651933,0.3378558134484599,0.8,User_645,incoming
332,9,6,0.0589371980676328,0.0306874035085071,0.0002086221658805,0.3398296546175843,0.2,User_332,incoming
938,10,6,0.0589371980676328,0.0226329650934347,0.007380185776623,0.367631729591565,0.2,User_938,incoming
966,10,6,0.0589371980676328,0.0284121613524057,9.13667935868862e-06,0.3361204384837166,0.2,User_966,incoming
145,12,6,0.0589371980676328,0.0096116800049774,0.0006095412805845,0.3342960299734282,0.6,User_145,incoming
418,12,6,0.0589371980676328,0.0029691186533772,0.0013528600431868,0.3320695102685623,0.8,User_418,incoming
774,12,6,0.0589371980676328,0.0085863595554646,0.0009518705310253,0.3668588527949465,0.6,User_774,incoming
341,15,6,0.0589371980676328,0.0386719937860178,0.0018124313933155,0.3478455700587299,0.2,User_341,incoming
402,15,6,0.0589371980676328,0.0258342508323016,0.0012123599524442,0.3734005584439291,0.2,User_402,incoming
599,18,6,0.0589371980676328,0.0967089628315035,0.0013256764868122,0.3890803291998428,0.2,User_599,incoming
281,21,6,0.0589371980676328,0.1902300866052153,0.0001602161086239,0.3654503196777582,0.4,User_281,incoming
431,21,6,0.0589371980676328,0.0551928371082263,0.0003758927670046,0.3693175188277873,0.0,User_431,incoming
697,24,6,0.0589371980676328,0.0362755999661455,0.0015004925205293,0.3760830337201067,0.0,User_697,incoming
88,29,6,0.0589371980676328,0.101849883659024,0.0146322786646003,0.4034740523609931,0.2,User_88,incoming
642,30,6,0.0589371980676328,0.0907893691166634,0.0008280671522946,0.381287387427814,0.0,User_642,incoming
783,30,6,0.0589371980676328,0.0854758157907218,0.0034089669574639,0.4010015955100641,0.2,User_783,incoming
68,33,6,0.0589371980676328,0.1667461465488515,0.0057758466091715,0.3896595332626636,0.6,User_68,incoming
770,52,6,0.0589371980676328,0.0654596444530687,0.029672170727574,0.3975000629752381,0.6,User_770,incoming
323,57,6,0.0589371980676328,0.287552250661117,0.0116131622899366,0.4047217494691833,0.4,User_323,incoming
320,1,7,0.0461538461538461,3.0897865645890792e-06,0.0,0.2239604632891502,0.2,User_320,outandin
510,1,7,0.0461538461538461,0.0003602632864948,0.0,0.2859915776773497,0.2,User_510,outandin
585,1,7,0.0461538461538461,0.0003068379639073,0.0,0.2777228556702327,0.6,User_585,incoming
850,1,7,0.0461538461538461,4.815217260984344e-05,0.0,0.2515653930506432,0.2,User_850,outandin
877,1,7,0.0461538461538461,0.0003935557727257,0.0,0.2652686004248232,0.2,User_877,outandin
880,1,7,0.0461538461538461,0.0003935557727257,0.0,0.2652686004248232,0.2,User_880,outandin
927,1,7,0.0461538461538461,0.0003838847247038,0.0,0.2737294551311836,0.4,User_927,incoming
1003,1,7,0.0461538461538461,8.197562527147792e-05,0.0,0.2615576232517554,0.2,User_1003,incoming
1050,1,7,0.0461538461538461,0.0003068379639073,0.0,0.2777228556702327,0.6,User_1050,incoming
262,2,7,0.0461538461538461,0.0011948446910901,0.0001748545438915,0.3219603831109401,0.2,User_262,outandin
298,2,7,0.0461538461538461,0.0029791243295424,0.0,0.2906760593772285,0.2,User_298,incoming
366,2,7,0.0461538461538461,0.000970900458542,0.000506782855522,0.3105027182315472,0.6,User_366,incoming
568,2,7,0.0461538461538461,0.0005073901476021,0.0,0.2768416620509722,0.2,User_568,incoming
864,2,7,0.0461538461538461,0.0010668046683731,0.0005528349784198,0.3315437510692771,0.2,User_864,incoming
869,2,7,0.0461538461538461,0.0019037887476078,0.0,0.2969413402940378,0.2,User_869,incoming
883,2,7,0.0461538461538461,0.0001760536943307,5.878883017473003e-05,0.2815313702276895,0.2,User_883,incoming
921,2,7,0.0461538461538461,0.0018178017126882,0.0,0.28115337429559,0.2,User_921,incoming
922,2,7,0.0461538461538461,6.686424363478085e-05,7.784958189456147e-05,0.2902731261094475,0.2,User_922,outandin
1035,2,7,0.0461538461538461,0.0002402197842875,0.0,0.2832066989117601,0.2,User_1035,outandin
348,3,7,0.0461538461538461,0.0008799740579024,3.967297004375368e-06,0.3151761486685061,0.2,User_348,outandin
537,3,7,0.0461538461538461,0.0006372715405245,4.7431020780704374e-05,0.3036586907995293,0.2,User_537,incoming
541,3,7,0.0461538461538461,0.0011294294038557,0.0002268204875309,0.3292500521625085,0.2,User_541,incoming
740,3,7,0.0461538461538461,0.0003555541469514,0.0001760943235271,0.3047191984507501,0.8,User_740,incoming
94,4,7,0.0461538461538461,0.0002982360712729,0.0018595825426944,0.288831769897042,0.2,User_94,incoming
198,4,7,0.0461538461538461,0.0017370580141948,2.193526199231534e-05,0.3344027997051348,0.6,User_198,incoming
226,4,7,0.0461538461538461,0.0008345263282776,0.0005934984639856,0.32117029628122,0.2,User_226,outandin
370,4,7,0.0461538461538461,0.00053753400773,0.0007381984663369,0.3053412557237612,0.2,User_370,incoming
374,4,7,0.0461538461538461,0.001402242503608,0.0006788158038033,0.3242536902684352,0.6,User_374,incoming
563,4,7,0.0461538461538461,0.0015469715249205,0.0002744231292057,0.3076741598227379,0.2,User_563,incoming
666,4,7,0.0461538461538461,0.0002919465977543,0.0015058160849744,0.3098594749561341,0.2,User_666,incoming
797,4,7,0.0461538461538461,0.0029259241944714,0.0,0.3113336800109358,0.2,User_797,incoming
363,6,7,0.0461538461538461,0.0095669992128946,0.0001040270280011,0.3199924101090394,0.2,User_363,incoming
425,6,7,0.0461538461538461,0.0068248640720653,5.983689069133873e-05,0.3089451654991965,0.2,User_425,incoming
667,6,7,0.0461538461538461,0.0053165135439916,0.0,0.3184352694272436,0.2,User_667,incoming
333,7,7,0.0461538461538461,0.0031004777598438,0.0004844370473675,0.3216636454306535,0.4,User_333,incoming
615,7,7,0.0461538461538461,0.0018829189717307,0.0002426139455486,0.3298724530172581,0.4,User_615,incoming
239,8,7,0.0461538461538461,0.004680400168002,1.124464122566589e-06,0.3258683989656947,0.2,User_239,incoming
336,8,7,0.0461538461538461,0.0051023734633557,0.0003164200937767,0.3304972114510029,0.2,User_336,outandin
338,8,7,0.0461538461538461,0.0108578003834051,0.0001246186115348,0.3255644172502416,0.4,User_338,incoming
651,8,7,0.0461538461538461,0.0045250269858371,0.002516725347935,0.3422736730555009,0.6,User_651,incoming
882,10,7,0.0461538461538461,0.0016948004142915,0.0055474352590543,0.3450939900714493,0.2,User_882,incoming
29,11,7,0.0461538461538461,0.0092959097015001,0.0030601986129146,0.3364444620426662,0.2,User_29,incoming
319,11,7,0.0461538461538461,0.0057829959587304,0.0013400414161688,0.3481926058785425,0.6,User_319,incoming
364,11,7,0.0461538461538461,0.0044001319238354,0.0002238281140426,0.3234523218649296,0.2,User_364,incoming
532,11,7,0.0461538461538461,0.006993196391036,0.00170270376277,0.3437344602353175,0.2,User_532,incoming
539,11,7,0.0461538461538461,0.0073472991302532,0.0002991297298877,0.3342960299734282,0.4,User_539,incoming
942,11,7,0.0461538461538461,0.0092877608521165,0.0009449218064806,0.3349376730252006,0.6,User_942,incoming
915,13,7,0.0461538461538461,0.0050915286758103,0.0010518095450045,0.3304972114510029,0.2,User_915,incoming
84,15,7,0.0461538461538461,0.0048900565396421,0.0035118629832971,0.3637995711872054,0.2,User_84,incoming
616,15,7,0.0461538461538461,0.0048278057794342,0.0021893263154103,0.3387302380707788,0.2,User_616,incoming
940,15,7,0.0461538461538461,0.0107701383791967,0.0005744234352569,0.3655779210463607,0.2,User_940,incoming
950,15,7,0.0461538461538461,0.028973061888986,7.431602940339687e-05,0.3440733374553983,0.2,User_950,incoming
546,19,7,0.0461538461538461,0.0141828587456843,0.0024971147240854,0.3484243480455165,0.2,User_546,incoming
495,21,7,0.0461538461538461,0.0592264498983159,0.0020179834925195,0.3849320462782269,0.2,User_495,incoming
181,23,7,0.0461538461538461,0.0521038309816314,0.0046262978128301,0.3677608591067008,0.2,User_181,incoming
509,23,7,0.0461538461538461,0.0320720297990392,0.001256837946214,0.3591818750863729,0.4,User_509,incoming
830,24,7,0.0461538461538461,0.0759773580718159,0.0020814427168446,0.3614135884973342,0.6,User_830,incoming
686,26,7,0.0461538461538461,0.0344431782809767,0.0022846432041445,0.3973492090613955,0.4,User_686,incoming
498,27,7,0.0461538461538461,0.052775867577958,0.0043635808758857,0.3649408037214281,0.2,User_498,incoming
536,27,7,0.0461538461538461,0.0246995146058351,0.0060096359196465,0.3773027624781179,0.4,User_536,incoming
765,31,7,0.0461538461538461,0.0322879983785726,0.012734414797355,0.3766241603873299,0.2,User_765,incoming
823,31,7,0.0461538461538461,0.0518205882749402,0.0057329420396305,0.3991670476083786,0.2,User_823,incoming
1000,32,7,0.0461538461538461,0.0079129432733345,0.0221427373546516,0.3545598258979943,0.6,User_1000,incoming
454,40,7,0.0461538461538461,0.0695393004884405,0.0019128588213234,0.4010015955100641,0.2,User_454,incoming
204,55,7,0.0461538461538461,0.0511371192144183,0.0207290770310291,0.3936147240138259,0.0,User_204,incoming
390,1,8,0.0656565656565656,0.0011090356645794,0.0,0.2798009529333985,0.2,User_390,incoming
745,1,8,0.0656565656565656,3.012212703161707e-05,0.0,0.25468624808484,0.2,User_745,outandin
759,1,8,0.0656565656565656,0.0005396688320654,0.0,0.2953498352261712,0.2,User_759,outandin
849,1,8,0.0656565656565656,0.0005396688320654,0.0,0.2953498352261712,0.2,User_849,incoming
1011,1,8,0.0656565656565656,0.000289009454582,0.0,0.2756028338712233,0.2,User_1011,outandin
1013,1,8,0.0656565656565656,0.000132984607109,0.0,0.2711771991392844,0.0,User_1013,incoming
257,2,8,0.0656565656565656,0.0015402188725923,0.0,0.3077645990231561,0.2,User_257,incoming
435,2,8,0.0656565656565656,0.0020646818055363,1.5014937395696778e-05,0.3015596675912377,0.2,User_435,outandin
457,2,8,0.0656565656565656,0.0002418243999274,9.764761733452436e-05,0.2874835710809382,0.2,User_457,incoming
647,2,8,0.0656565656565656,0.0027591075117839,0.0,0.2980401838533382,0.2,User_647,outandin
778,2,8,0.0656565656565656,5.853702742058937e-05,0.0,0.2712474522996831,0.2,User_778,incoming
929,2,8,0.0656565656565656,0.0015019494425084,0.0001266322850863,0.3317538548405505,0.2,User_929,outandin
930,2,8,0.0656565656565656,0.0015019494425084,0.0001266322850863,0.3317538548405505,0.2,User_930,outandin
931,2,8,0.0656565656565656,0.0015019494425084,0.0001274821661942,0.3317538548405505,0.2,User_931,incoming
293,3,8,0.0656565656565656,0.0005819205644882,0.0017317890393854,0.316414374698331,0.2,User_293,outandin
450,3,8,0.0656565656565656,0.0005920189963572,2.744155904686799e-05,0.3175660193742121,0.2,User_450,outandin
497,3,8,0.0656565656565656,0.0014616418590797,1.626457034426674e-05,0.3000043455234318,0.2,User_497,incoming
1023,3,8,0.0656565656565656,0.0005499250452344,0.0002080011039335,0.3063239221406604,0.6,User_1023,incoming
310,4,8,0.0656565656565656,0.0022861833902095,0.0006174439563156,0.3170851501746751,0.2,User_310,outandin
503,4,8,0.0656565656565656,0.0033331870016462,0.0006143369026096,0.3457777958641932,0.6,User_503,incoming
522,4,8,0.0656565656565656,0.0006768644131234,7.98151931875333e-05,0.3202860709320211,0.2,User_522,outandin
553,4,8,0.0656565656565656,0.003678676464907,0.0,0.3378558134484599,0.6,User_553,outandin
271,5,8,0.0656565656565656,0.0022693803494131,1.6166949588284463e-06,0.32117029628122,0.6,User_271,incoming
403,5,8,0.0656565656565656,0.0034213351352158,2.2551064117610497e-05,0.3196992872906189,0.2,User_403,incoming
98,7,8,0.0656565656565656,0.014282151786615,0.0,0.3622889847324488,0.2,User_98,incoming
465,7,8,0.0656565656565656,0.0112141123445362,0.0013891600176493,0.3501722962798586,0.2,User_465,incoming
472,7,8,0.0656565656565656,0.0072094178272118,0.0023369667322828,0.3720736197145619,0.2,User_472,incoming
344,10,8,0.0656565656565656,0.0081674643651356,0.0016186302118232,0.367631729591565,0.6,User_344,outandin
373,10,8,0.0656565656565656,0.0142619241152559,0.0003367949611868,0.3497044642207004,0.2,User_373,incoming
769,10,8,0.0656565656565656,0.0037566201727553,0.00284945981287,0.3543198530885879,0.2,User_769,incoming
60,11,8,0.0656565656565656,0.0168731585674,0.0002683492786059,0.3614135884973342,0.2,User_60,incoming
315,11,8,0.0656565656565656,0.0050365011336872,0.0101953454781542,0.3727359081085002,0.2,User_315,incoming
394,11,8,0.0656565656565656,0.004519176023086,0.0001692280944056,0.3376379122466227,0.6,User_394,incoming
102,13,8,0.0656565656565656,0.0312790920622879,7.221168037107316e-06,0.3554022966316284,0.2,User_102,incoming
739,13,8,0.0656565656565656,0.0058149202342178,0.0048838101660075,0.3420500378558566,0.2,User_739,incoming
355,16,8,0.0656565656565656,0.0733694657523617,0.0044534283986192,0.3744689434466299,0.2,User_355,incoming
405,16,8,0.0656565656565656,0.0268551749061492,0.0001028911580144,0.3635469325961031,0.6,User_405,incoming
311,23,8,0.0656565656565656,0.0273535965592065,0.0026513530636351,0.3925816145019787,0.8,User_311,incoming
316,27,8,0.0656565656565656,0.107039459224524,0.0028494525914764,0.3889357971310465,0.4,User_316,incoming
398,31,8,0.0656565656565656,0.0256723390947298,0.0035703292709738,0.3724707100237557,0.0,User_398,incoming
317,33,8,0.0656565656565656,0.0557901674296058,0.0040969891932973,0.3808712862410975,0.6,User_317,incoming
69,34,8,0.0656565656565656,0.0074946978304432,0.0091620563992695,0.3684078697666352,0.4,User_69,incoming
456,37,8,0.0656565656565656,0.0218097962211241,0.0076716816653585,0.4022340245396762,0.4,User_456,incoming
263,58,8,0.0656565656565656,0.1230915861189433,0.0086377508912909,0.4169713922249212,0.2,User_263,incoming
308,68,8,0.0656565656565656,0.1041723706326237,0.0117874005263876,0.4196453570648406,0.2,User_308,incoming
433,1,9,1.0,2.38179136059411e-83,0.0,0.0009478672985781,0.2,User_433,incoming
434,1,9,1.0,2.38179136059411e-83,0.0,0.0009478672985781,0.6,User_434,incoming
196,1,10,0.0351623740201567,0.000379741002382,0.0,0.2937752990675581,0.2,User_196,outandin
197,1,10,0.0351623740201567,0.000379741002382,0.0,0.2937752990675581,0.2,User_197,outandin
200,1,10,0.0351623740201567,0.000379741002382,0.0,0.2937752990675581,0.2,User_200,outandin
206,1,10,0.0351623740201567,0.0005798682854857,0.0,0.2987204467551433,0.2,User_206,incoming
207,1,10,0.0351623740201567,0.0002899341427428,0.0,0.2987204467551433,0.2,User_207,outandin
217,1,10,0.0351623740201567,0.000379741002382,0.0,0.2937752990675581,0.2,User_217,outandin
218,1,10,0.0351623740201567,0.000379741002382,0.0,0.2937752990675581,0.2,User_218,outandin
225,1,10,0.0351623740201567,7.419233548419837e-06,0.0,0.251989209597299,0.2,User_225,incoming
261,1,10,0.0351623740201567,4.717480405521499e-05,0.0,0.2692940241452616,0.2,User_261,incoming
295,1,10,0.0351623740201567,7.776906288804005e-05,0.0,0.2585861116020689,0.6,User_295,incoming
656,1,10,0.0351623740201567,1.206109174133711e-05,0.0,0.2388264520704327,0.2,User_656,outandin
664,1,10,0.0351623740201567,6.030545870668555e-06,0.0,0.2388264520704327,0.2,User_664,outandin
665,1,10,0.0351623740201567,6.030545870668555e-06,0.0,0.2388264520704327,0.2,User_665,incoming
668,1,10,0.0351623740201567,6.030545870668555e-06,0.0,0.2388264520704327,0.2,User_668,outandin
669,1,10,0.0351623740201567,6.030545870668555e-06,0.0,0.2388264520704327,0.2,User_669,incoming
670,1,10,0.0351623740201567,6.030545870668555e-06,0.0,0.2388264520704327,0.2,User_670,outandin
671,1,10,0.0351623740201567,6.030545870668555e-06,0.0,0.2388264520704327,0.2,User_671,outandin
672,1,10,0.0351623740201567,6.030545870668555e-06,0.0,0.2388264520704327,0.2,User_672,outandin
722,1,10,0.0351623740201567,5.679046223012464e-05,0.0,0.2693633048306604,0.2,User_722,outandin
912,1,10,0.0351623740201567,8.266859107772633e-05,0.0,0.2750959447915862,0.2,User_912,incoming
994,1,10,0.0351623740201567,2.1943710318822345e-06,0.0,0.2153465993164905,0.2,User_994,incoming
125,2,10,0.0351623740201567,0.0001118029871298,0.0002581426439801,0.2622783481655253,0.6,User_125,incoming
182,2,10,0.0351623740201567,0.0006148247562978,4.176194878282165e-06,0.3031312003117479,0.6,User_182,incoming
195,2,10,0.0351623740201567,0.0004580273351332,0.0006312456503623,0.3138534669894416,0.2,User_195,incoming
247,2,10,0.0351623740201567,0.0002277053656745,0.0,0.2927076225543129,0.2,User_247,outandin
362,2,10,0.0351623740201567,0.0017298017405956,0.0,0.2982099589509476,0.2,User_362,incoming
417,2,10,0.0351623740201567,0.0020039658999685,6.111040984937474e-06,0.3334443203429226,0.2,User_417,outandin
499,2,10,0.0351623740201567,0.0010499008472086,0.0,0.3381831931126541,0.2,User_499,outandin
628,2,10,0.0351623740201567,0.0002778284583862,0.0,0.2832066989117601,0.2,User_628,outandin
630,2,10,0.0351623740201567,9.498769077329135e-05,9.238218367879744e-05,0.2597408002671241,0.2,User_630,outandin
633,2,10,0.0351623740201567,1.4765325066741428e-05,0.0002011602127632,0.2513841934878216,0.2,User_633,outandin
732,2,10,0.0351623740201567,0.0004302502563464,0.0,0.2849020859528646,0.2,User_732,incoming
836,2,10,0.0351623740201567,0.0007205605898737,2.385784778674023e-05,0.3105948282043242,0.2,User_836,incoming
925,2,10,0.0351623740201567,0.0001344216507329,0.0,0.2557438118897844,0.2,User_925,outandin
965,2,10,0.0351623740201567,0.0007535140688149,0.0,0.2706164812294591,0.2,User_965,outandin
993,2,10,0.0351623740201567,0.0001412116943693,0.0009296639201253,0.2746629501250727,0.4,User_993,incoming
1001,2,10,0.0351623740201567,0.0023307456760766,0.0,0.3251599894027258,0.2,User_1001,incoming
91,3,10,0.0351623740201567,3.5391801032713956e-05,7.076627395337312e-05,0.2770614357969773,0.2,User_91,incoming
92,3,10,0.0351623740201567,0.0005964006512997,0.0001625940627547,0.2986352441177345,0.2,User_92,outandin
556,3,10,0.0351623740201567,0.001770561063608,0.0006078845888921,0.3435089126892313,0.2,User_556,incoming
657,3,10,0.0351623740201567,5.633459818372857e-05,0.0002676821510782,0.2609058474649333,0.8,User_657,outandin
126,4,10,0.0351623740201567,0.0002360057164031,0.0003772985004075,0.2917289400604004,0.2,User_126,outandin
223,4,10,0.0351623740201567,0.0014320951084912,0.0083802128154199,0.3372029519731971,0.2,User_223,outandin
516,4,10,0.0351623740201567,0.0026056347601483,6.980990145226149e-05,0.3235522762289176,0.2,User_516,incoming
723,4,10,0.0351623740201567,0.0008270372570811,0.0,0.2976165906414943,0.2,User_723,outandin
781,4,10,0.0351623740201567,0.0037879588387536,0.0,0.3097678005552595,0.2,User_781,incoming
46,5,10,0.0351623740201567,0.0010715297772172,0.0009691295109438,0.3185321466007841,0.2,User_46,outandin
47,5,10,0.0351623740201567,0.0004128249105595,0.0006238991054349,0.2867749016370247,0.2,User_47,incoming
511,5,10,0.0351623740201567,0.0017725779920929,0.0005906186009934,0.3216636454306535,0.2,User_511,incoming
826,5,10,0.0351623740201567,0.0024548274923285,0.0009354312664607,0.3348305615211951,0.2,User_826,outandin
999,5,10,0.0351623740201567,0.020607091220557,0.0007352319615582,0.3171812074755459,0.2,User_999,incoming
234,6,10,0.0351623740201567,0.0059779579773641,1.2650221378874132e-06,0.3226549047386062,0.4,User_234,incoming
714,6,10,0.0351623740201567,0.0050957562807094,0.0,0.3295609587273456,0.2,User_714,incoming
1026,6,10,0.0351623740201567,0.001524267203924,0.0031665438469465,0.3300804432146208,0.2,User_1026,incoming
285,7,10,0.0351623740201567,0.0032519483953096,0.0003532250549536,0.3340826949192014,0.4,User_285,incoming
248,8,10,0.0351623740201567,0.0057536121419236,0.0,0.3331260470495632,0.2,User_248,incoming
515,8,10,0.0351623740201567,0.0029249139287782,0.0030618304501925,0.3570993062335529,0.2,User_515,outandin
814,8,10,0.0351623740201567,0.0068372543651816,0.0009312539531941,0.3101348240156331,0.2,User_814,incoming
952,8,10,0.0351623740201567,0.0037522592632611,0.0002953579471029,0.334723518502806,0.6,User_952,incoming
147,9,10,0.0351623740201567,0.0018916951219036,0.0008184984815884,0.3380739960854947,0.6,User_147,outandin
609,9,10,0.0351623740201567,0.0314068441812733,4.0226716381049096e-06,0.3599227108548564,0.2,User_609,incoming
884,9,10,0.0351623740201567,0.0093270541517961,0.0001382341158748,0.337311586944838,0.6,User_884,incoming
996,9,10,0.0351623740201567,0.009403661423671,0.0002976774378053,0.3421618189139794,0.2,User_996,incoming
445,10,10,0.0351623740201567,0.0089187652391768,0.0019608343330305,0.3658333912916761,0.2,User_445,incoming
573,10,10,0.0351623740201567,0.011398330598919,3.714829392069404e-05,0.3416036430266809,0.2,User_573,incoming
619,10,10,0.0351623740201567,0.0111095776306325,4.3874171752207685e-05,0.3348305615211951,0.2,User_619,incoming
648,10,10,0.0351623740201567,0.00249553456631,0.0005824264227243,0.3291465469590623,0.2,User_648,outandin
259,12,10,0.0351623740201567,0.0064148709125298,0.000693464249117,0.3557645823570428,0.2,User_259,incoming
334,12,10,0.0351623740201567,0.0071044555180391,0.0008809300414558,0.3429463366776211,0.6,User_334,incoming
496,12,10,0.0351623740201567,0.0118806438585432,0.0004089219338361,0.3312290939186261,0.2,User_496,outandin
975,12,10,0.0351623740201567,0.0135304223366336,4.534810005657809e-05,0.3712819737151692,0.2,User_975,incoming
649,14,10,0.0351623740201567,0.0215594183401343,0.0001162994735535,0.3480768503579711,0.2,User_649,incoming
725,14,10,0.0351623740201567,0.0053492947186531,0.0020084157187482,0.3377468277021862,0.6,User_725,incoming
603,15,10,0.0351623740201567,0.0109627912251637,0.001779350674092,0.3690571610422197,0.2,User_603,incoming
784,15,10,0.0351623740201567,0.0046275561720316,0.0120756950066292,0.3704936892699141,0.0,User_784,incoming
375,16,10,0.0351623740201567,0.0163752502438576,0.0006159101347939,0.3775748885239009,0.6,User_375,incoming
256,17,10,0.0351623740201567,0.009105777658363,0.0059586348045897,0.368927119759259,0.6,User_256,incoming
131,18,10,0.0351623740201567,0.0213471961229693,0.0039500450021323,0.3486563988933657,0.4,User_131,incoming
296,18,10,0.0351623740201567,0.015013146954913,0.002587745548134,0.3491214291019597,0.2,User_296,incoming
655,19,10,0.0351623740201567,0.0011640580533769,0.0230998498187846,0.3140417414147502,0.2,User_655,outandin
809,20,10,0.0351623740201567,0.0159570927315407,0.0065927606759643,0.379903906341356,0.0,User_809,incoming
871,21,10,0.0351623740201567,0.0166469615328351,0.0087967629603211,0.3448666554271334,0.2,User_871,incoming
777,22,10,0.0351623740201567,0.0195310293910563,0.0022444773645986,0.3555229765286171,0.2,User_777,incoming
349,23,10,0.0351623740201567,0.0135723670768694,0.0017391970218094,0.365705611553188,0.2,User_349,incoming
928,23,10,0.0351623740201567,0.0206928853289111,0.0017468254773081,0.3704936892699141,0.4,User_928,incoming
283,25,10,0.0351623740201567,0.0317073001903076,0.0082220808176601,0.3877833947691767,0.8,User_283,incoming
337,25,10,0.0351623740201567,0.0520165787356698,0.0015888143850673,0.3699700232780131,0.2,User_337,incoming
422,25,10,0.0351623740201567,0.0353148651050529,0.0041001675838851,0.3615383860071745,0.2,User_422,incoming
607,25,10,0.0351623740201567,0.0222189160473949,0.0092053705147232,0.3911151161287923,0.2,User_607,incoming
815,27,10,0.0351623740201567,0.0136253579646774,0.0177577201734203,0.3788043291884143,0.2,User_815,incoming
242,28,10,0.0351623740201567,0.0538212702376534,0.0092245528040962,0.3939108976210599,0.4,User_242,incoming
297,48,10,0.0351623740201567,0.1006341796193536,0.0018308810638364,0.3978021146948242,0.2,User_297,incoming
277,59,10,0.0351623740201567,0.100538623517318,0.0097465014140679,0.4133498483524584,0.0,User_277,incoming
194,74,10,0.0351623740201567,0.0559684315322733,0.0416484477106778,0.4264827559579541,0.4,User_194,incoming
176,87,10,0.0351623740201567,0.07330879551777,0.0535681123715469,0.4164738129979225,0.4,User_176,incoming
5,1,11,0.0239968528717545,4.015235462826493e-06,0.0,0.2438321299200692,0.2,User_5,outandin
107,1,11,0.0239968528717545,3.511588953438795e-05,0.0,0.2595476365584475,0.2,User_107,outandin
170,1,11,0.0239968528717545,5.528605793001988e-05,0.0,0.2727312232031199,0.2,User_170,outandin
171,1,11,0.0239968528717545,0.00011057211586,0.0,0.2727312232031199,0.2,User_171,outandin
231,1,11,0.0239968528717545,4.4242756984783065e-05,0.0,0.2632675800545077,0.2,User_231,outandin
444,1,11,0.0239968528717545,0.0015199334089316,0.0,0.3195041702400907,0.2,User_444,outandin
611,1,11,0.0239968528717545,0.0042481116168626,0.0,0.2913230845511344,0.2,User_611,incoming
690,1,11,0.0239968528717545,0.0003331244938992,0.0,0.2590339351501181,0.2,User_690,outandin
827,1,11,0.0239968528717545,7.416254550567772e-05,0.0,0.2769148812157569,0.2,User_827,outandin
829,1,11,0.0239968528717545,3.995579639900735e-05,0.0,0.2603867609740804,0.2,User_829,outandin
857,1,11,0.0239968528717545,0.0033040868131153,0.0,0.2913230845511344,0.2,User_857,incoming
867,1,11,0.0239968528717545,8.908613654513594e-05,0.0,0.2700580773476341,0.2,User_867,incoming
887,1,11,0.0239968528717545,0.0007599667044658,0.0,0.3195041702400907,0.2,User_887,incoming
888,1,11,0.0239968528717545,0.0007599667044658,0.0,0.3195041702400907,0.2,User_888,outandin
889,1,11,0.0239968528717545,0.0007599667044658,0.0,0.3195041702400907,0.2,User_889,outandin
890,1,11,0.0239968528717545,0.0007599667044658,0.0,0.3195041702400907,0.2,User_890,incoming
891,1,11,0.0239968528717545,0.0007599667044658,0.0,0.3195041702400907,0.2,User_891,outandin
892,1,11,0.0239968528717545,0.0007599667044658,0.0,0.3195041702400907,0.2,User_892,outandin
893,1,11,0.0239968528717545,0.0007599667044658,0.0,0.3195041702400907,0.8,User_893,incoming
894,1,11,0.0239968528717545,0.0015199334089316,0.0,0.3195041702400907,0.2,User_894,outandin
895,1,11,0.0239968528717545,0.0022799001133974,0.0,0.3195041702400907,0.2,User_895,outandin
896,1,11,0.0239968528717545,0.0007599667044658,0.0,0.3195041702400907,0.2,User_896,outandin
897,1,11,0.0239968528717545,0.0007599667044658,0.0,0.3195041702400907,0.2,User_897,outandin
898,1,11,0.0239968528717545,0.0007599667044658,0.0,0.3195041702400907,0.6,User_898,incoming
899,1,11,0.0239968528717545,0.0007599667044658,0.0,0.3195041702400907,0.6,User_899,incoming
902,1,11,0.0239968528717545,0.0007599667044658,0.0,0.3195041702400907,0.2,User_902,outandin
904,1,11,0.0239968528717545,0.0007599667044658,0.0,0.3195041702400907,0.2,User_904,outandin
905,1,11,0.0239968528717545,0.0007599667044658,0.0,0.3195041702400907,0.2,User_905,outandin
908,1,11,0.0239968528717545,0.0007599667044658,0.0,0.3195041702400907,0.2,User_908,incoming
909,1,11,0.0239968528717545,0.0007599667044658,0.0,0.3195041702400907,0.2,User_909,incoming
910,1,11,0.0239968528717545,0.0007599667044658,0.0,0.3195041702400907,0.2,User_910,outandin
911,1,11,0.0239968528717545,0.0007599667044658,0.0,0.3195041702400907,0.2,User_911,outandin
951,1,11,0.0239968528717545,0.0003505605848604,0.0,0.2743750434687571,0.2,User_951,outandin
1027,1,11,0.0239968528717545,3.511588953438795e-05,0.0,0.2595476365584475,0.6,User_1027,incoming
1052,1,11,0.0239968528717545,0.0014160372056208,0.0,0.2913230845511344,0.0,User_1052,incoming
1055,1,11,0.0239968528717545,3.511588953438795e-05,0.0,0.2595476365584475,0.2,User_1055,outandin
54,2,11,0.0239968528717545,0.0004059975067033,1.6224904863153403e-05,0.284360447006186,0.2,User_54,incoming
71,2,11,0.0239968528717545,0.0019780839627289,0.0,0.3009529076966878,0.2,User_71,outandin
106,2,11,0.0239968528717545,0.0009513030893835,3.5027261494922496e-06,0.2924623368370886,0.2,User_106,outandin
137,2,11,0.0239968528717545,9.302111233388936e-05,6.579982680731094e-06,0.2663482996379489,0.6,User_137,outandin
138,2,11,0.0239968528717545,0.0004378103249911,4.584691610308309e-06,0.2788322678766384,0.2,User_138,outandin
152,2,11,0.0239968528717545,0.0016898793503721,0.0002925978570694,0.3377468277021862,0.6,User_152,incoming
160,2,11,0.0239968528717545,0.0022801185339538,0.0,0.3171812074755459,0.2,User_160,incoming
232,2,11,0.0239968528717545,9.529528486558532e-05,0.0001363615827562,0.28115337429559,0.2,User_232,incoming
584,2,11,0.0239968528717545,0.0009831956725157,0.0,0.3248573272965489,0.2,User_584,outandin
703,2,11,0.0239968528717545,0.0004859898366099,0.0,0.2949338495427541,0.2,User_703,outandin
822,2,11,0.0239968528717545,0.0004788994565262,4.954326571224604e-05,0.2902731261094475,0.2,User_822,incoming
828,2,11,0.0239968528717545,0.0002547535851448,0.0,0.2951001031219778,0.4,User_828,incoming
833,2,11,0.0239968528717545,0.0005578777830694,0.0002534850880902,0.2971941997947139,0.2,User_833,outandin
923,2,11,0.0239968528717545,0.0005312694918345,0.0,0.294105383673252,0.2,User_923,incoming
962,2,11,0.0239968528717545,0.0008670668794547,0.0,0.283513448653338,0.2,User_962,incoming
1053,2,11,0.0239968528717545,9.029811153653976e-05,3.934162110927952e-05,0.2683966075049416,0.2,User_1053,incoming
2,3,11,0.0239968528717545,0.0007750060668488,0.0016590126809715,0.3227543667930879,0.4,User_2,incoming
13,3,11,0.0239968528717545,0.0020350057168506,0.0007138512600759,0.3462351739010507,0.2,User_13,outandin
15,3,11,0.0239968528717545,0.0024522608830587,0.0006999961788684,0.3527679130312591,0.6,User_15,outandin
33,3,11,0.0239968528717545,0.0006207066989631,0.0004263486190489,0.319796935209767,0.2,User_33,outandin
122,3,11,0.0239968528717545,0.0006263092453957,0.0,0.2864610576954247,0.6,User_122,incoming
165,3,11,0.0239968528717545,0.0024522608830587,0.0006999961788684,0.3527679130312591,0.2,User_165,outandin
202,3,11,0.0239968528717545,0.0010435770403412,0.0009830493434065,0.3144189687317649,0.2,User_202,incoming
428,3,11,0.0239968528717545,0.007866157310567,0.0003040435076877,0.3369858918174371,0.2,User_428,outandin
443,3,11,0.0239968528717545,0.0017227835378894,0.0001839975871655,0.3268857839140734,0.2,User_443,incoming
500,3,11,0.0239968528717545,0.0015129407935577,0.0001017948032701,0.3323857669450086,0.2,User_500,outandin
564,3,11,0.0239968528717545,0.0009579524886359,0.0006184190426366,0.3310196540868723,0.2,User_564,incoming
677,3,11,0.0239968528717545,0.0032065606573695,0.0,0.3214661240026949,0.2,User_677,incoming
720,3,11,0.0239968528717545,0.0004161117943612,1.1068943706514865e-05,0.3069525552262612,0.2,User_720,incoming
839,3,11,0.0239968528717545,0.0015328166527946,0.0003513807397091,0.3244546532001169,0.2,User_839,incoming
7,4,11,0.0239968528717545,0.0009099010853596,0.0009026055347388,0.3167973270428978,0.2,User_7,incoming
114,4,11,0.0239968528717545,0.0045142132633643,0.0,0.3322802811414716,0.6,User_114,incoming
188,4,11,0.0239968528717545,0.0036243365544432,0.0007553304781146,0.3591818750863729,0.2,User_188,outandin
512,4,11,0.0239968528717545,0.001264888689489,0.0004170808384383,0.3332320706164154,0.6,User_512,outandin
660,4,11,0.0239968528717545,0.0006167582659283,3.50266391154625e-05,0.2951833002189956,0.2,User_660,incoming
792,4,11,0.0239968528717545,0.0014427337621217,2.4201607917639464e-05,0.3035706482681291,0.6,User_792,incoming
903,4,11,0.0239968528717545,0.0009769172538533,1.7514795365508042e-05,0.2847471215329826,0.2,User_903,incoming
39,5,11,0.0239968528717545,0.0026191238281796,0.000951753818732,0.3497044642207004,0.6,User_39,incoming
410,5,11,0.0239968528717545,0.0009077268345583,0.0001278121536373,0.3097678005552595,0.2,User_410,outandin
852,5,11,0.0239968528717545,0.0052451236008411,8.908276651266672e-05,0.3411584118203901,0.2,User_852,incoming
868,5,11,0.0239968528717545,0.0019430131611127,0.000792562675925,0.3453216246295439,0.0,User_868,incoming
943,5,11,0.0239968528717545,0.0018916341632201,0.0007747993400415,0.3324913197449277,0.6,User_943,incoming
85,6,11,0.0239968528717545,0.0028704302198073,0.0013372681824938,0.3521746269346711,0.2,User_85,incoming
87,6,11,0.0239968528717545,0.0031165194944672,0.0007718019296738,0.3306015680065605,0.2,User_87,incoming
166,6,11,0.0239968528717545,0.0075401539425418,6.344064432299725e-05,0.3599227108548564,0.2,User_166,incoming
340,6,11,0.0239968528717545,0.0066870728170762,0.0,0.3298724530172581,0.2,User_340,outandin
700,6,11,0.0239968528717545,0.0063701100734861,1.383802296779175e-05,0.3528868102045087,0.2,User_700,incoming
404,7,11,0.0239968528717545,0.0068927445806904,0.0004268127697366,0.3277042772697268,0.2,User_404,incoming
452,7,11,0.0239968528717545,0.0033868842078247,0.0018878903932213,0.3658333912916761,0.2,User_452,incoming
787,7,11,0.0239968528717545,0.0014049301053297,0.0011160426884187,0.2990617440379255,0.2,User_787,incoming
819,7,11,0.0239968528717545,0.0038561861135851,0.0015264016836224,0.3524117017424359,0.2,User_819,incoming
841,7,11,0.0239968528717545,0.0098850686988046,0.0003889319604462,0.354080204895765,0.2,User_841,incoming
851,7,11,0.0239968528717545,0.0043092943709196,0.0005742472850927,0.3077645990231561,0.6,User_851,incoming
201,8,11,0.0239968528717545,0.0032490116963528,0.0001485232567874,0.3315437510692771,0.2,User_201,incoming
135,9,11,0.0239968528717545,0.0117664650287575,0.00287026673458,0.3659612603553923,0.2,User_135,incoming
949,9,11,0.0239968528717545,0.0121548634249121,0.0,0.3340826949192014,0.2,User_949,incoming
70,10,11,0.0239968528717545,0.0080778035333171,0.0001541615083784,0.3486563988933657,0.2,User_70,incoming
924,10,11,0.0239968528717545,0.0071669480875332,0.0003620786076181,0.3436216494508622,0.6,User_924,incoming
307,11,11,0.0239968528717545,0.0150894132046081,0.0002363235942054,0.349354409701961,0.2,User_307,incoming
318,11,11,0.0239968528717545,0.0085305932626099,0.0030084687466376,0.3621636685841498,0.2,User_318,incoming
659,11,11,0.0239968528717545,0.0066712671514654,0.0029180850538044,0.356248780495671,0.2,User_659,incoming
286,12,11,0.0239968528717545,0.0115452067473164,0.0010113408857722,0.3518196121897772,0.2,User_286,incoming
413,12,11,0.0239968528717545,0.0643105290331368,0.0015028227165927,0.3499382238892972,0.2,User_413,incoming
504,12,11,0.0239968528717545,0.0237510024993192,3.197115914369606e-05,0.3743350610928771,0.2,User_504,incoming
224,13,11,0.0239968528717545,0.0148815172303016,0.0014560350571567,0.3637995711872054,0.0,User_224,incoming
721,13,11,0.0239968528717545,0.0171954191474886,0.0009297912713472,0.3703626338439254,0.2,User_721,incoming
683,14,11,0.0239968528717545,0.1139114196390269,1.8235343029776937e-05,0.3949510244725678,0.2,User_683,incoming
143,15,11,0.0239968528717545,0.0077121092185184,0.0009881880245545,0.3659612603553923,0.2,User_143,incoming
56,16,11,0.0239968528717545,0.0106711898412085,0.0022403194093553,0.3754088081307913,0.2,User_56,incoming
61,16,11,0.0239968528717545,0.0143146965926286,0.003617374004501,0.3833816059600063,0.4,User_61,incoming
140,16,11,0.0239968528717545,0.0070912657880934,0.0035930989120998,0.3466937635353567,0.6,User_140,incoming
96,18,11,0.0239968528717545,0.0085400997289763,0.0052880101124199,0.3577093152978398,0.2,User_96,incoming
378,19,11,0.0239968528717545,0.0546227360258027,9.38674164278198e-05,0.3919936974454426,0.2,User_378,incoming
105,21,11,0.0239968528717545,0.0067794147412245,0.0053830204765197,0.350876396071306,0.0,User_105,incoming
335,22,11,0.0239968528717545,0.0211046886548669,0.002402217308082,0.3601703356989257,0.6,User_335,incoming
274,23,11,0.0239968528717545,0.0076081560135087,0.0068566732672947,0.362791117767421,0.2,User_274,outandin
583,23,11,0.0239968528717545,0.02383246484679,0.0014299152051195,0.3898046038260526,0.4,User_583,incoming
768,23,11,0.0239968528717545,0.0166727373118558,0.0013141488228607,0.3590586988603488,0.0,User_768,incoming
474,26,11,0.0239968528717545,0.0338333285510765,0.0050910223240745,0.3785304287334697,0.2,User_474,incoming
393,28,11,0.0239968528717545,0.031703617220991,0.0038523062737137,0.381843605352581,0.0,User_393,incoming
214,30,11,0.0239968528717545,0.0215480009943735,0.0023304345254846,0.3626654540619249,0.2,User_214,incoming
124,31,11,0.0239968528717545,0.0604932076742827,0.0061330891762698,0.3735337730562887,0.2,User_124,incoming
396,32,11,0.0239968528717545,0.0776373839407253,0.0022140083623566,0.4094701469991307,0.6,User_396,incoming
644,40,11,0.0239968528717545,0.034820841728712,0.007841736597055,0.3781203199266079,0.2,User_644,incoming
679,46,11,0.0239968528717545,0.050965592042229,0.0169012114713586,0.3840848003950026,0.2,User_679,incoming
72,48,11,0.0239968528717545,0.091114575539432,0.0042408393079594,0.4115625652031356,0.4,User_72,incoming
6,52,11,0.0239968528717545,0.0567268581691131,0.014144451031566,0.3886470548911571,0.2,User_6,incoming
400,212,11,0.0239968528717545,0.146718123696437,0.1646976081352946,0.4701460107214985,0.2,User_400,incoming
238,1,12,0.0412203829925348,0.0001680931923903,0.0,0.2897108926056384,0.2,User_238,incoming
240,1,12,0.0412203829925348,0.0001680931923903,0.0,0.2897108926056384,0.2,User_240,outandin
369,1,12,0.0412203829925348,0.0001680931923903,0.0,0.2897108926056384,0.2,User_369,outandin
485,1,12,0.0412203829925348,0.0003583265401232,0.0,0.2792785185054087,0.2,User_485,incoming
710,1,12,0.0412203829925348,2.4595994848201964e-05,0.0,0.2346515387442351,0.0,User_710,incoming
717,1,12,0.0412203829925348,0.000315449937495,0.0,0.2994894639235633,0.2,User_717,outandin
718,1,12,0.0412203829925348,0.000315449937495,0.0,0.2994894639235633,0.2,User_718,outandin
744,1,12,0.0412203829925348,0.0012961219924994,0.0,0.3042764213533209,0.6,User_744,outandin
750,1,12,0.0412203829925348,0.000315449937495,0.0,0.2994894639235633,0.2,User_750,outandin
751,1,12,0.0412203829925348,0.000315449937495,0.0,0.2994894639235633,0.2,User_751,incoming
772,1,12,0.0412203829925348,8.434411850988174e-05,0.0,0.2748071301513851,0.2,User_772,incoming
803,1,12,0.0412203829925348,1.6397329898801313e-05,0.0,0.2346515387442351,0.2,User_803,outandin
842,1,12,0.0412203829925348,0.000946349812485,0.0,0.2994894639235633,0.2,User_842,incoming
870,1,12,0.0412203829925348,0.0012961219924994,0.0,0.3042764213533209,0.2,User_870,incoming
918,1,12,0.0412203829925348,9.263478939809008e-05,0.0,0.2730868977247723,0.2,User_918,outandin
937,1,12,0.0412203829925348,5.876138580603659e-05,0.0,0.2673685306120473,0.2,User_937,outandin
1017,1,12,0.0412203829925348,0.000504279577171,0.0,0.2897108926056384,0.2,User_1017,incoming
17,2,12,0.0412203829925348,0.0012453625834013,0.0009959937129937,0.3318590066170451,0.2,User_17,outandin
23,2,12,0.0412203829925348,0.0005033755079342,0.0001302368156422,0.3032189880905813,0.2,User_23,outandin
55,2,12,0.0412203829925348,0.0002506121896851,0.0001992903083984,0.2967730062009006,0.2,User_55,outandin
110,2,12,0.0412203829925348,0.0016286581348501,0.0,0.3186290827379114,0.2,User_110,outandin
227,2,12,0.0412203829925348,0.0001848341791366,0.0001650585708047,0.2958505696176256,0.2,User_227,incoming
292,2,12,0.0412203829925348,5.723176202836928e-05,3.683306684337796e-05,0.2711771991392844,0.2,User_292,outandin
470,2,12,0.0412203829925348,0.000205425683667,5.007379295804343e-06,0.2852125213502525,0.2,User_470,incoming
505,2,12,0.0412203829925348,0.0005777170370297,6.829450281006827e-05,0.3100429866380744,0.2,User_505,incoming
623,2,12,0.0412203829925348,3.2557162381765674e-05,2.838308076050912e-05,0.2635326367673741,0.2,User_623,outandin
706,2,12,0.0412203829925348,0.0003987739115255,0.0001717742087038,0.301126018371233,0.2,User_706,incoming
749,2,12,0.0412203829925348,0.0003667412541619,4.87424524313575e-05,0.3026055392707448,0.6,User_749,incoming
1044,2,12,0.0412203829925348,0.0017636348271583,3.329297051365012e-05,0.2978706019564088,0.2,User_1044,incoming
108,3,12,0.0412203829925348,0.0009579457969315,0.0003007334930869,0.3298724530172581,0.2,User_108,outandin
269,3,12,0.0412203829925348,0.0012793644239258,0.0008158793047344,0.3271922393364929,0.2,User_269,incoming
347,3,12,0.0412203829925348,0.0005401349441134,3.4020151785806434e-05,0.2998325217287449,0.2,User_347,outandin
643,3,12,0.0412203829925348,0.0098049775947682,0.0,0.3150813017986088,0.2,User_643,incoming
716,3,12,0.0412203829925348,0.0022688714413793,0.0,0.3111486377048372,0.2,User_716,incoming
848,3,12,0.0412203829925348,0.0005688946797488,0.0002485987557416,0.3009529076966878,0.2,User_848,incoming
866,3,12,0.0412203829925348,0.0021500458460319,0.0,0.3250590393904928,0.2,User_866,incoming
1022,3,12,0.0412203829925348,0.0009537369648836,1.4934289127837516e-06,0.3114262837230152,0.6,User_1022,outandin
203,4,12,0.0412203829925348,0.0014209334084879,0.0001852352729922,0.3399399889210315,0.2,User_203,incoming
235,4,12,0.0412203829925348,0.003030181469759,0.0001499079133444,0.3256656814546741,0.2,User_235,incoming
237,4,12,0.0412203829925348,0.0026793451551846,0.0,0.3344027997051348,0.2,User_237,incoming
637,4,12,0.0412203829925348,0.003110405389997,0.0003406506478533,0.3258683989656947,0.2,User_637,outandin
735,4,12,0.0412203829925348,0.0015265567339726,0.0001392588975547,0.341492226313365,0.6,User_735,incoming
622,5,12,0.0412203829925348,0.0014567487601233,0.0002801237041876,0.3176623682878571,0.2,User_622,outandin
738,5,12,0.0412203829925348,0.0048657105917822,0.0,0.3335505466316588,0.2,User_738,incoming
939,6,12,0.0412203829925348,0.0030644742748519,0.0004082692632426,0.3144189687317649,0.2,User_939,incoming
121,7,12,0.0412203829925348,0.00249501110414,0.0005809777129309,0.3402714221243995,0.2,User_121,incoming
964,7,12,0.0412203829925348,0.0030740238577714,2.4291578592653865e-05,0.3384017989259137,0.2,User_964,incoming
291,8,12,0.0412203829925348,0.0046028792231064,0.0006800471223944,0.3431711458134308,0.6,User_291,incoming
705,8,12,0.0412203829925348,0.0015827677580526,0.0084905739093291,0.3068625925781879,0.2,User_705,outandin
520,9,12,0.0412203829925348,0.0064454249290966,0.001562350876627,0.3551611824548091,0.6,User_520,incoming
741,9,12,0.0412203829925348,0.0211253634402447,0.0008574015860357,0.3507588495399588,0.4,User_741,incoming
802,9,12,0.0412203829925348,0.0045679942000722,0.0026305891555164,0.3517014329448362,0.2,User_802,incoming
81,10,12,0.0412203829925348,0.0046296810189786,0.0123070277143382,0.3728686488165161,0.2,User_81,incoming
424,10,12,0.0412203829925348,0.0053994558057628,0.0013641752150758,0.3430587044157199,0.2,User_424,outandin
862,10,12,0.0412203829925348,0.0026641952184599,0.0057609120831046,0.3590586988603488,0.2,User_862,incoming
154,13,12,0.0412203829925348,0.0039940223925998,0.0120639633651847,0.3764887327856084,0.2,User_154,incoming
592,14,12,0.0412203829925348,0.0146276436194038,0.0003387073640675,0.3643059032278278,0.2,User_592,incoming
540,15,12,0.0412203829925348,0.015875982753274,0.0001803111775991,0.3416036430266809,0.4,User_540,incoming
646,16,12,0.0412203829925348,0.0402583045420238,0.0009267797456602,0.350876396071306,0.2,User_646,incoming
621,18,12,0.0412203829925348,0.0162808214702182,0.0010078917335189,0.3793533209698468,0.2,User_621,incoming
834,19,12,0.0412203829925348,0.0297018840397541,0.0017804391681142,0.3552816986348073,0.2,User_834,incoming
309,20,12,0.0412203829925348,0.0113438652799357,0.0016291753055617,0.3653228073540744,0.2,User_309,incoming
189,21,12,0.0412203829925348,0.0151719411209269,0.0006026052773525,0.3551611824548091,0.0,User_189,incoming
708,21,12,0.0412203829925348,0.0178804716933178,0.0009699442639318,0.3760830337201067,0.2,User_708,incoming
538,24,12,0.0412203829925348,0.037094664971946,0.0099497722782619,0.3934668041626371,0.6,User_538,incoming
52,25,12,0.0412203829925348,0.0320713332589928,0.0110394110769317,0.3982560539660621,0.2,User_52,incoming
753,25,12,0.0412203829925348,0.0624928093484924,0.0021368140296696,0.3981046258086605,0.2,User_753,incoming
175,26,12,0.0412203829925348,0.0691642412304179,0.005882399466965,0.3879270714623109,0.0,User_175,incoming
712,26,12,0.0412203829925348,0.0558248371067013,2.281734985196676e-05,0.3962964291736477,0.4,User_712,incoming
365,27,12,0.0412203829925348,0.0251505526069785,0.0030926692298566,0.4008480726940188,0.2,User_365,outandin
719,27,12,0.0412203829925348,0.0116153980683136,0.0081596307564913,0.3724707100237557,0.2,User_719,incoming
758,28,12,0.0412203829925348,0.0528595926002798,0.0015774988428286,0.3975000629752381,0.2,User_758,incoming
95,29,12,0.0412203829925348,0.0268980174125544,0.0013210335184913,0.3575871468158392,0.0,User_95,incoming
220,30,12,0.0412203829925348,0.0281194485011746,0.0073446052654151,0.3997766956383265,0.2,User_220,incoming
48,38,12,0.0412203829925348,0.0893984330250784,0.0029780219138585,0.3835220387827023,0.2,User_48,incoming
191,38,12,0.0412203829925348,0.0341007644395553,0.0136129347967939,0.3773027624781179,0.2,User_191,incoming
144,57,12,0.0412203829925348,0.0324457352671241,0.0330970407150854,0.4083522487818944,0.4,User_144,incoming
713,77,12,0.0412203829925348,0.0608897311669634,0.0402223194984888,0.4280519893200234,0.4,User_713,incoming
638,90,12,0.0412203829925348,0.0833979785888966,0.0211283329988223,0.4378984382587943,0.2,User_638,incoming
229,1,13,1.0,2.8365932043445554e-91,0.0,0.0009478672985781,0.2,User_229,outandin
230,1,13,1.0,2.8365932043445554e-91,0.0,0.0009478672985781,0.2,User_230,outandin
28,1,14,0.0788177339901477,7.563773766933421e-05,0.0,0.2654703767436048,0.2,User_28,outandin
582,1,14,0.0788177339901477,5.363825144563699e-07,0.0,0.2051362002109673,0.0,User_582,incoming
756,1,14,0.0788177339901477,0.0001840513996085,0.0,0.2780916775237124,0.2,User_756,outandin
837,1,14,0.0788177339901477,9.903894410108376e-06,0.0,0.2426454613851164,0.2,User_837,outandin
970,1,14,0.0788177339901477,7.563773766933421e-05,0.0,0.2654703767436048,0.2,User_970,incoming
1015,1,14,0.0788177339901477,0.0001840513996085,0.0,0.2780916775237124,0.2,User_1015,incoming
1016,1,14,0.0788177339901477,0.0001840513996085,0.0,0.2780916775237124,0.2,User_1016,incoming
1030,1,14,0.0788177339901477,1.8449230644173837e-05,0.0,0.2376339459547837,0.2,User_1030,outandin
35,2,14,0.0788177339901477,0.0003691050940294,6.112791166023912e-05,0.2962691471071808,0.2,User_35,outandin
328,2,14,0.0788177339901477,0.0003328438327474,3.280561316531493e-05,0.2853679928800156,0.6,User_328,incoming
406,2,14,0.0788177339901477,0.0003655718804122,0.0002545298173968,0.3006072827668036,0.2,User_406,outandin
954,2,14,0.0788177339901477,0.0001864630228899,2.479623272490967e-05,0.2798009529333985,0.2,User_954,incoming
322,3,14,0.0788177339901477,0.0008088172068418,7.761624662574317e-05,0.3180483492942823,0.2,User_322,incoming
779,3,14,0.0788177339901477,0.0002492333216993,4.450140884247135e-05,0.2953498352261712,0.2,User_779,incoming
581,4,14,0.0788177339901477,5.176642891451229e-05,0.0011829705569322,0.2582671844787314,0.2,User_581,incoming
861,4,14,0.0788177339901477,0.0012448098676913,1.146426312460468e-05,0.3093102410271129,0.2,User_861,incoming
977,4,14,0.0788177339901477,0.0011459695982502,0.0036182187803613,0.3145134172054001,0.2,User_977,incoming
414,5,14,0.0788177339901477,0.0030656402519682,0.0006607433535519,0.3191146497643332,0.2,User_414,outandin
473,5,14,0.0788177339901477,0.0015802217790619,0.0,0.3315437510692771,0.2,User_473,incoming
574,5,14,0.0788177339901477,0.0030384682996032,0.0007757685603217,0.3354742601335396,0.6,User_574,incoming
265,7,14,0.0788177339901477,0.0028768423547141,0.0027956265452583,0.3673737424129043,0.2,User_265,incoming
953,7,14,0.0788177339901477,0.0004655724952296,0.0011335941885944,0.3051632660672623,0.2,User_953,incoming
620,8,14,0.0788177339901477,0.0017808952600828,0.0010834957709855,0.3119830649215665,0.0,User_620,incoming
346,10,14,0.0788177339901477,0.0019119065526143,0.002002175961342,0.3206784581552151,0.4,User_346,incoming
278,11,14,0.0788177339901477,0.0057211068563744,0.0013296042008356,0.3573430600262038,0.6,User_278,incoming
249,15,14,0.0788177339901477,0.0085792871129649,0.0087909448166051,0.3454355545617872,0.0,User_249,incoming
27,21,14,0.0788177339901477,0.0146001683128566,0.0023689472543067,0.3617882397639174,0.0,User_27,incoming
654,32,14,0.0788177339901477,0.0188725060156393,0.0064375743694235,0.3777110988011462,0.2,User_654,incoming
652,35,14,0.0788177339901477,0.0355295272315492,0.0058232075506164,0.3856409450743194,0.0,User_652,incoming
