source,target,type
8194,1537,incoming
8194,2421,incoming
8194,2903,incoming
8194,2933,outandin
8194,3039,incoming
8194,3688,outandin
8194,4283,outandin
8194,5131,incoming
8194,5229,
8194,5489,outandin
8194,6212,outgoing
8194,7075,outgoing
8194,1722,outandin
8194,2926,outandin
8194,7857,incoming
8194,9804,incoming
8194,10438,incoming
8194,10965,incoming
8194,13547,outandin
8194,13974,incoming
8194,14902,outandin
8194,8604,outandin
8194,11781,outgoing
8194,12091,outgoing
8194,12222,outandin
8194,13296,
8194,13838,incoming
10247,4554,outandin
10247,4729,outandin
10247,6285,outandin
10247,6786,outandin
10247,9347,outandin
10247,575,outandin
10247,624,outandin
10247,926,outandin
10247,1271,outandin
10247,1333,outandin
10247,1649,outandin
10247,1766,outandin
10247,2220,outandin
10247,2429,outandin
10247,2554,outandin
10247,4003,outandin
10247,4122,outandin
10247,4187,outandin
10247,4970,outandin
10247,5242,outandin
10247,5572,outandin
10247,5784,outandin
10247,8082,outandin
10247,8412,outandin
10247,8443,outandin
10247,9530,outandin
10247,9924,outandin
10247,10018,outandin
10247,10110,outandin
10247,10305,outandin
10247,10873,outandin
10247,10875,outandin
10247,11493,outandin
10247,11993,outandin
10247,12810,outandin
10247,13314,outandin
10247,13422,outandin
10247,13747,outandin
10247,14049,outandin
10247,14057,outandin
10247,14363,outandin
10247,14495,outandin
10247,14554,outandin
10247,15219,outandin
10247,15272,outandin
10247,14511,outandin
6161,933,outgoing
6161,1823,outandin
6161,3011,outgoing
6161,3141,outandin
6161,3501,outandin
6161,3544,outandin
6161,3619,outgoing
6161,4488,outandin
6161,4961,outgoing
6161,5839,outgoing
6161,1722,outandin
6161,2435,outandin
6161,2554,outandin
6161,3020,outandin
6161,3066,outandin
6161,3884,outandin
6161,4970,outandin
6161,5174,outandin
6161,6692,outgoing
6161,6757,outandin
6161,6988,outgoing
6161,7077,outandin
6161,7510,outgoing
6161,7693,outandin
6161,8220,outgoing
6161,9017,incoming
6161,9447,outandin
6161,9913,outgoing
6161,10153,outandin
6161,10284,outandin
6161,10324,outgoing
6161,10832,outandin
6161,10965,outandin
6161,11016,outgoing
6161,11143,outandin
6161,11845,outgoing
6161,12084,outandin
6161,12652,outandin
6161,12656,outgoing
6161,12832,outandin
6161,12926,outandin
6161,13368,outandin
6161,13753,outandin
6161,14253,outgoing
6161,14327,outandin
6161,14398,outgoing
6161,14524,outandin
6161,14902,outandin
6161,15219,outandin
6161,15406,outandin
6161,15669,outandin
6161,7081,outandin
6161,9078,outandin
6161,9361,outgoing
6161,9440,outandin
6161,9634,outandin
6161,9784,outgoing
6161,9924,outandin
6161,10453,outgoing
6161,13449,outandin
6161,14572,outandin
6161,15057,outandin
8211,1247,outandin
8211,2284,outandin
8211,7577,outandin
8211,7693,outandin
8211,8096,incoming
8211,1322,outandin
8211,1722,incoming
8211,2421,outandin
8211,3647,outandin
8211,3900,incoming
8211,4488,outandin
8211,4819,outandin
8211,5128,incoming
8211,5489,incoming
8211,6396,incoming
8211,6563,outandin
8211,7356,outandin
8211,7857,incoming
8211,8801,outandin
8211,9172,outandin
8211,9684,incoming
8211,9808,outandin
8211,10875,outandin
8211,10965,outandin
8211,11359,incoming
8211,13268,outandin
8211,13547,incoming
8211,15272,outandin
8211,15526,outandin
8211,15109,outandin
4122,624,outandin
4122,2209,outgoing
4122,2220,outandin
4122,2429,outandin
4122,926,outgoing
4122,1333,outandin
4122,1681,outgoing
4122,1766,outgoing
4122,2536,outgoing
4122,3572,outgoing
4122,3614,outgoing
4122,4003,outgoing
4122,4187,outgoing
4122,4386,outandin
4122,4729,outandin
4122,4970,outgoing
4122,5572,outandin
4122,5784,outgoing
4122,6624,outandin
4122,6786,outgoing
4122,7077,outgoing
4122,8082,outgoing
4122,8412,outandin
4122,9066,outgoing
4122,9347,outgoing
4122,9440,outgoing
4122,9451,outgoing
4122,9530,outgoing
4122,9684,outandin
4122,9924,outandin
4122,10018,outgoing
4122,10110,outandin
4122,10112,outgoing
4122,10185,outgoing
4122,10873,outandin
4122,10875,outgoing
4122,11493,outgoing
4122,11697,outgoing
4122,12652,outgoing
4122,12810,outandin
4122,13314,outandin
4122,13422,outgoing
4122,13678,outgoing
4122,13747,outgoing
4122,13779,outgoing
4122,14049,outandin
4122,14155,outgoing
4122,14309,outgoing
4122,14363,
4122,14511,outgoing
4122,14554,outgoing
4122,14736,outgoing
4122,15219,outgoing
4122,15272,outgoing
4122,4283,outandin
4122,4554,outandin
4122,6285,outandin
4122,8301,outgoing
4122,8326,outandin
4122,11487,outandin
4122,11908,outandin
4122,12006,outandin
4122,13417,outandin
4122,14057,outandin
14363,624,outandin
14363,1766,
14363,2209,outgoing
14363,2220,outgoing
14363,2536,outgoing
14363,2554,outandin
14363,4187,outandin
14363,4386,outandin
14363,4729,outandin
14363,5242,incoming
14363,6285,outandin
14363,6786,outgoing
14363,8443,outandin
14363,9451,outandin
14363,10018,
14363,10110,incoming
14363,10185,outgoing
14363,10305,outgoing
14363,11493,
14363,11697,outgoing
14363,11913,outandin
14363,12006,outandin
14363,12810,
14363,13186,
14363,13314,
14363,13417,outandin
14363,13422,
14363,13974,incoming
14363,14049,
14363,14057,outandin
14363,1333,outandin
14363,2429,outandin
14363,2868,outandin
14363,4125,outandin
14363,5320,outandin
14363,13251,outandin
14363,14554,
14363,14563,outgoing
14363,15091,incoming
14363,15195,outgoing
14363,15391,outandin
14363,15392,incoming
14363,15669,outandin
14363,14511,outgoing
8220,575,outandin
8220,767,incoming
8220,933,outgoing
8220,1168,outandin
8220,1431,outgoing
8220,1823,outgoing
8220,2429,outandin
8220,3141,outgoing
8220,3544,incoming
8220,3619,outgoing
8220,3994,outandin
8220,4657,outandin
8220,4961,
8220,5174,
8220,5431,outandin
8220,5839,
8220,6477,incoming
8220,6692,outgoing
8220,6757,outandin
8220,6988,outgoing
8220,1273,outandin
8220,1788,outandin
8220,2662,outandin
8220,2957,incoming
8220,3020,outandin
8220,3023,outgoing
8220,3039,outandin
8220,3151,outgoing
8220,3156,outandin
8220,3233,outgoing
8220,3320,outandin
8220,3724,outandin
8220,3884,outandin
8220,4178,incoming
8220,4488,outandin
8220,4576,
8220,4729,outandin
8220,5622,incoming
8220,5746,incoming
8220,5988,incoming
8220,5995,incoming
8220,6612,outgoing
8220,6768,outandin
8220,6786,outandin
8220,7083,incoming
8220,7115,outandin
8220,7314,outandin
8220,7467,
8220,7510,
8220,7577,incoming
8220,7693,outandin
8220,7759,outandin
8220,7877,outandin
8220,8091,incoming
8220,8096,outandin
8220,8368,outandin
8220,8408,outandin
8220,8506,incoming
8220,8588,
8220,9025,incoming
8220,9184,
8220,9447,incoming
8220,9583,incoming
8220,9634,incoming
8220,9684,outandin
8220,9712,outandin
8220,9808,outandin
8220,9924,incoming
8220,9958,
8220,10102,incoming
8220,10112,outandin
8220,10127,
8220,10153,outgoing
8220,10284,outandin
8220,10324,outgoing
8220,10335,outandin
8220,10453,outgoing
8220,10729,incoming
8220,10832,outandin
8220,10875,outandin
8220,10987,
8220,11427,incoming
8220,11697,incoming
8220,11845,
8220,11908,
8220,12413,incoming
8220,12533,
8220,12596,outandin
8220,12652,outgoing
8220,12656,
8220,12683,outandin
8220,12976,outandin
8220,13091,
8220,13296,incoming
8220,13368,outgoing
8220,13449,
8220,13710,
8220,13753,incoming
8220,14006,outandin
8220,14235,incoming
8220,14253,outgoing
8220,14318,incoming
8220,14398,outgoing
8220,14535,outandin
8220,14770,outgoing
8220,14871,outandin
8220,14902,incoming
8220,14970,incoming
8220,15219,outandin
8220,15406,outandin
8220,15564,outandin
8220,15633,outandin
8220,15669,outandin
8220,9078,outandin
8220,9784,outgoing
8220,11016,outandin
8220,13706,outgoing
8220,13880,outandin
8220,14524,outandin
2077,1322,
2077,2151,outandin
2077,2220,outandin
2077,3614,outandin
2077,3647,outandin
2077,3900,
2077,4125,outgoing
2077,5393,outandin
2077,5746,outandin
2077,7089,outandin
2077,7314,outandin
2077,7577,outandin
2077,7693,outandin
2077,7759,outandin
2077,7857,outandin
2077,8708,outandin
2077,9684,
2077,9808,incoming
2077,10110,outandin
2077,10185,outgoing
2077,10974,outandin
2077,12084,outandin
2077,13251,outandin
2077,13268,outandin
2077,13296,outgoing
2077,13547,outandin
2077,13678,outandin
2077,14554,outgoing
2077,14902,outandin
2077,15091,outandin
2077,15219,outgoing
2077,5229,outgoing
2077,5431,incoming
2077,5988,outandin
2077,8145,outgoing
2077,10600,outandin
2077,13880,outgoing
2077,15195,outgoing
2077,15392,outgoing
4125,2868,outgoing
4125,2903,outgoing
4125,12656,outandin
4125,12683,outgoing
4125,14253,outandin
4125,15669,outgoing
4125,5468,outandin
4125,10362,outandin
4125,11648,outandin
4125,12550,outgoing
4125,13186,outandin
4125,13296,outgoing
4125,13314,outgoing
4125,13736,outandin
4125,13880,outandin
4125,13974,outandin
4125,14049,outgoing
4125,14554,outgoing
4125,15091,outandin
4125,15391,outgoing
4125,15452,outgoing
8231,933,outandin
8231,1823,outandin
8231,5839,outandin
8231,7467,outandin
8231,3913,outgoing
8231,14718,outgoing
8231,15669,outgoing
8231,8312,outgoing
8231,8370,outandin
8231,8408,outandin
8231,9501,outandin
8231,9784,outandin
8231,10324,outandin
8231,11648,outgoing
8231,12683,outgoing
8231,13824,outgoing
8231,13995,outandin
8231,15406,outandin
10284,933,outandin
10284,1823,outandin
10284,2632,outandin
10284,3572,outandin
10284,3619,outgoing
10284,3884,outandin
10284,5435,outandin
10284,5839,outandin
10284,6692,outandin
10284,6757,outandin
10284,6988,outgoing
10284,7467,outandin
10284,8312,outgoing
10284,8370,outandin
10284,8408,outandin
10284,9361,outgoing
10284,9784,outandin
10284,5995,outandin
10284,6768,outandin
10284,7042,outandin
10284,7693,outandin
10284,8588,outandin
10284,9684,outandin
10284,10127,outandin
10284,10153,outandin
10284,12656,outandin
10284,13368,outandin
10284,14253,outgoing
10284,15406,outandin
10284,10324,outandin
10284,10453,outandin
10284,10832,outandin
10284,10987,outandin
10284,11016,outandin
10284,12683,outandin
10284,14398,outandin
10284,14524,outandin
10284,15669,outandin
2097,2933,outgoing
2097,3151,outandin
2097,4970,outandin
2097,5784,outandin
2097,6612,outgoing
2097,6686,outandin
2097,6692,outandin
2097,7356,outgoing
2097,8506,outandin
2097,9634,outandin
2097,13422,outgoing
2097,14554,outandin
2097,14770,outandin
2097,14970,outandin
2097,8412,outandin
2097,12084,outandin
8247,3141,outandin
8247,1788,outandin
8247,1990,outandin
8247,2223,outandin
8247,3023,outandin
8247,3923,outandin
8247,5622,outandin
8247,8920,outandin
8247,9370,outandin
8247,12081,outandin
8247,12596,outandin
8247,13296,outandin
8247,15452,outgoing
8247,15564,outandin
14398,933,
14398,1431,outgoing
14398,1823,outgoing
14398,2435,outandin
14398,3011,outgoing
14398,3141,outgoing
14398,3501,outgoing
14398,3544,outandin
14398,3619,outgoing
14398,4961,outgoing
14398,5839,outgoing
14398,6477,outandin
14398,6692,outgoing
14398,6757,outandin
14398,6763,outgoing
14398,6988,outgoing
14398,7510,outgoing
14398,9078,outandin
14398,9440,outandin
14398,9447,outgoing
14398,9784,outgoing
14398,9913,outgoing
14398,10153,outgoing
14398,10176,outgoing
14398,10324,outgoing
14398,10453,outgoing
14398,10832,outandin
14398,11016,outgoing
14398,11845,outgoing
14398,12656,outgoing
14398,13368,outgoing
14398,13449,outgoing
14398,13706,outandin
14398,13753,outgoing
14398,14253,outgoing
14398,3020,outandin
14398,3066,outgoing
14398,4488,outandin
14398,5320,outandin
14398,5489,outgoing
14398,6768,outandin
14398,8370,outandin
14398,9361,outandin
14398,9530,outandin
14398,12084,outgoing
14398,12652,outgoing
14398,12832,outandin
14398,12926,outandin
14398,14524,outandin
14398,14718,outandin
14398,14902,outgoing
14398,15195,outandin
14398,15219,outandin
14398,15406,outandin
14398,15496,outandin
14398,15564,outgoing
14398,15669,outandin
14398,14572,outandin
14398,15057,outandin
10305,624,incoming
10305,926,outandin
10305,1333,
10305,1766,outgoing
10305,1770,outandin
10305,2209,outgoing
10305,2220,outgoing
10305,2429,incoming
10305,2536,outgoing
10305,2554,incoming
10305,4003,outandin
10305,4386,outandin
10305,4554,outandin
10305,4729,incoming
10305,4970,
10305,5242,incoming
10305,5919,outandin
10305,5974,outgoing
10305,6285,outandin
10305,6786,outandin
10305,8412,incoming
10305,8443,outandin
10305,9347,
10305,9451,outandin
10305,9530,outandin
10305,9684,incoming
10305,10018,
10305,10110,outandin
10305,10185,outgoing
10305,5784,incoming
10305,7877,
10305,8082,incoming
10305,11495,
10305,11878,outandin
10305,11993,outandin
10305,12006,
10305,12789,outandin
10305,12810,outgoing
10305,13186,outgoing
10305,13251,incoming
10305,13314,outgoing
10305,13422,
10305,14049,
10305,14495,incoming
10305,14511,outgoing
10305,14554,
10305,14563,outgoing
10305,15195,outandin
10305,15219,incoming
10305,15669,outgoing
10305,10875,incoming
10305,11493,outandin
10305,11697,outgoing
10305,13417,outandin
10305,13678,outandin
10305,14309,outandin
10305,15091,outandin
10305,15391,outgoing
6212,5988,incoming
6212,1467,outandin
6212,2421,outandin
6212,2868,outandin
6212,2903,outandin
6212,3647,outandin
6212,3736,outgoing
6212,5435,outandin
6212,6504,outandin
6212,7075,outgoing
6212,8122,outandin
6212,8604,outandin
6212,10362,outgoing
6212,10875,outgoing
6212,11781,outgoing
6212,12596,outandin
6212,13296,
6212,13736,incoming
6212,13838,outgoing
6212,13974,outgoing
6212,15422,
6212,15526,incoming
6212,8096,outandin
6212,14970,incoming
6212,15109,outgoing
14410,4283,outandin
14410,4339,outandin
14410,4475,outandin
14410,4657,outgoing
14410,5128,outgoing
14410,5229,outgoing
14410,6396,outandin
14410,6763,outgoing
14410,6988,outgoing
14410,7075,outandin
14410,8674,outgoing
14410,9370,outgoing
14410,9656,outgoing
14410,10438,outgoing
14410,10892,outgoing
14410,10965,outgoing
14410,12084,outandin
14410,12951,outgoing
14410,13753,outgoing
14410,15185,outandin
4178,933,
4178,1823,outandin
4178,2473,
4178,3884,outandin
4178,3020,outandin
4178,3066,outandin
4178,3572,outgoing
4178,10324,outgoing
4178,11845,outandin
4178,5839,outandin
4178,7467,outandin
4178,7693,outandin
4178,8310,outgoing
4178,8326,outandin
4178,8357,outgoing
4178,8408,outgoing
4178,9784,outgoing
4178,14902,
4178,15406,outandin
10324,933,outgoing
10324,1823,outgoing
10324,2473,outandin
10324,3011,outgoing
10324,3023,outandin
10324,3141,outandin
10324,3501,outgoing
10324,3572,outandin
10324,3619,outgoing
10324,5839,outgoing
10324,6692,outgoing
10324,6757,outandin
10324,6763,outgoing
10324,6988,outgoing
10324,7081,outandin
10324,7510,outgoing
10324,8708,outandin
10324,9440,outandin
10324,9784,outgoing
10324,9913,outgoing
10324,926,outgoing
10324,1168,outandin
10324,1273,outandin
10324,2151,outandin
10324,2957,outandin
10324,3020,outgoing
10324,3066,outgoing
10324,3233,outandin
10324,3884,outandin
10324,4488,outandin
10324,4961,outandin
10324,5174,outandin
10324,5243,outandin
10324,5489,outandin
10324,5988,outandin
10324,5995,outandin
10324,6334,outandin
10324,6612,outandin
10324,6786,outandin
10324,7314,outandin
10324,7693,outgoing
10324,8357,outandin
10324,9078,outandin
10324,9361,outandin
10324,9447,outandin
10324,9634,outandin
10324,10112,outgoing
10324,10127,outandin
10324,10153,outgoing
10324,10453,outgoing
10324,10832,outandin
10324,10965,outandin
10324,11016,outgoing
10324,11152,outgoing
10324,11845,outgoing
10324,12084,outgoing
10324,12550,outgoing
10324,12562,outandin
10324,12596,outandin
10324,12652,outgoing
10324,12656,outgoing
10324,12683,outandin
10324,12832,outgoing
10324,12926,outandin
10324,13060,outandin
10324,13368,outgoing
10324,13449,outgoing
10324,13505,outandin
10324,13678,outandin
10324,13747,outandin
10324,13753,outgoing
10324,14057,outandin
10324,14253,outgoing
10324,14327,outandin
10324,14871,outandin
10324,14902,outgoing
10324,15057,outgoing
10324,15195,outandin
10324,15219,outandin
10324,15272,outgoing
10324,15406,outgoing
10324,15564,outandin
10324,15669,outandin
10324,13417,outandin
10324,14572,outandin
4187,624,outandin
4187,1766,outgoing
4187,2209,outandin
4187,2868,
4187,3614,outgoing
4187,1681,outandin
4187,1722,outandin
4187,3572,outandin
4187,4283,outandin
4187,5489,outandin
4187,5784,outgoing
4187,6786,outgoing
4187,7077,outgoing
4187,11493,outgoing
4187,11697,outgoing
4187,13186,outgoing
4187,13417,outandin
4187,13678,outandin
4187,13974,
4187,14155,outandin
4187,14495,outandin
4187,15195,outgoing
4187,15391,outgoing
4187,15669,outandin
4187,4386,outandin
4187,4729,outandin
4187,6285,outandin
4187,8412,outandin
4187,8443,outandin
4187,9347,outgoing
4187,9451,outandin
4187,10018,outandin
4187,10110,outandin
4187,10185,outandin
4187,11913,outandin
4187,14049,outandin
4187,14057,outandin
4187,14511,outgoing
4187,14554,outandin
10335,767,outandin
10335,788,outandin
10335,3994,outandin
10335,5995,outandin
10335,6612,outandin
10335,7089,outandin
10335,7467,outandin
10335,9184,incoming
10335,9583,outandin
10335,10102,outandin
10335,10127,outandin
10335,10153,outandin
10335,10875,outgoing
10335,11908,incoming
10335,12533,outandin
10335,14253,outandin
10335,10453,outandin
10335,11487,outandin
10335,11495,outandin
10335,12683,outandin
10335,12789,outandin
10335,14770,incoming
10335,15109,outandin
14437,5060,outandin
14437,15109,outandin
12389,788,outandin
12389,926,outandin
12389,3913,outandin
12389,6624,outandin
12389,7089,outandin
12389,10987,outandin
12389,15091,outandin
2151,624,outandin
2151,2429,outandin
2151,5988,outandin
2151,6891,outandin
2151,9684,outandin
2151,13296,outgoing
2151,14253,outandin
2151,3039,incoming
2151,4554,outandin
2151,5431,outandin
2151,6757,outandin
2151,6988,outandin
2151,9078,outandin
2151,11487,incoming
2151,11845,outandin
2151,14006,outandin
2151,14554,outandin
2151,14970,incoming
2151,15057,outandin
4204,4283,outandin
4204,4475,outandin
4204,8122,outandin
8301,1649,outandin
8301,6612,outgoing
8301,1766,outandin
8301,4729,outandin
8301,5784,outandin
8301,5995,outgoing
8301,6624,outandin
8301,7693,outandin
8301,7877,outandin
8301,8082,outgoing
8301,8412,outandin
8301,8506,outandin
8301,9684,outandin
8301,10018,outandin
8301,11493,outgoing
8301,11908,outandin
8301,12789,outandin
8301,14477,outgoing
8301,14554,outgoing
8301,10987,outandin
8301,11913,outandin
8301,13417,outandin
8310,933,
8310,1168,outgoing
8310,2473,outgoing
8310,2868,
8310,8145,outandin
8310,3020,outgoing
8310,8357,outandin
8310,12550,outgoing
8310,14902,outgoing
8310,15195,outgoing
8310,8999,outandin
8310,9784,outgoing
8310,15392,outgoing
8311,3544,outandin
8311,3619,outandin
8311,4488,outandin
8311,4819,outandin
8311,6768,outandin
8311,12785,outandin
8311,15406,outandin
8312,3141,outandin
8312,7467,outgoing
8312,1273,outgoing
8312,1788,outgoing
8312,2662,outgoing
8312,3151,outgoing
8312,3156,outgoing
8312,3233,outgoing
8312,3320,outgoing
8312,3619,outgoing
8312,3724,outgoing
8312,3884,outgoing
8312,3923,outgoing
8312,4585,outgoing
8312,5995,outgoing
8312,6591,outgoing
8312,6612,outgoing
8312,6636,outgoing
8312,7042,outgoing
8312,7083,outgoing
8312,7089,outgoing
8312,7115,outgoing
8312,7314,outgoing
8312,7693,outgoing
8312,7759,outgoing
8312,8091,outgoing
8312,8368,outgoing
8312,8370,outgoing
8312,8382,outgoing
8312,8408,outgoing
8312,8506,outandin
8312,8558,outgoing
8312,8588,outgoing
8312,8668,outgoing
8312,8801,outgoing
8312,9114,outgoing
8312,9202,outgoing
8312,9493,outandin
8312,9583,outgoing
8312,9639,outgoing
8312,9671,outgoing
8312,9684,outgoing
8312,9712,outgoing
8312,10102,outgoing
8312,10127,outgoing
8312,10446,outgoing
8312,10453,outgoing
8312,10682,outgoing
8312,10987,outgoing
8312,11427,outgoing
8312,12081,outgoing
8312,12413,outgoing
8312,12447,outgoing
8312,12596,outgoing
8312,12683,outgoing
8312,12976,outgoing
8312,13091,outgoing
8312,13396,outgoing
8312,13710,outgoing
8312,13791,outgoing
8312,14006,outgoing
8312,14039,outgoing
8312,14253,outgoing
8312,14318,outgoing
8312,14535,outgoing
8312,14871,outgoing
8312,15357,outgoing
8312,14291,outandin
10362,4283,outandin
10362,8122,outgoing
10362,10185,outgoing
10362,2223,outgoing
10362,5988,outandin
10362,10974,outgoing
10362,11781,outgoing
10362,13296,outgoing
10362,13838,outgoing
10362,14970,outandin
12413,767,outandin
12413,1649,outandin
12413,2957,outandin
12413,3619,incoming
12413,3884,outgoing
12413,3913,incoming
12413,3994,outgoing
12413,4554,outandin
12413,4590,outandin
12413,4729,incoming
12413,5320,outandin
12413,5431,outandin
12413,5435,outandin
12413,5839,outandin
12413,5988,
12413,6477,outandin
12413,6612,outandin
12413,6891,outandin
12413,7083,
12413,7089,outgoing
12413,7314,outandin
12413,7467,outandin
12413,7693,outgoing
12413,7759,outandin
12413,7877,outandin
12413,8082,outandin
12413,8588,outandin
12413,8604,outandin
12413,9025,outandin
12413,9184,incoming
12413,9583,
12413,9684,outandin
12413,9712,outandin
12413,10453,outandin
12413,10974,outandin
12413,11487,outandin
12413,11697,outandin
12413,11908,incoming
12413,12006,outandin
12413,2662,outandin
12413,3039,outandin
12413,3156,outgoing
12413,3320,outandin
12413,4657,outandin
12413,5243,outandin
12413,5995,outgoing
12413,6686,outandin
12413,6768,outandin
12413,7115,outandin
12413,8096,outandin
12413,8368,outandin
12413,8408,outandin
12413,8801,outandin
12413,10987,outgoing
12413,12683,incoming
12413,12785,outandin
12413,12976,outandin
12413,13091,
12413,13251,outandin
12413,13296,outgoing
12413,14006,incoming
12413,14235,outandin
12413,14318,
12413,14535,outandin
12413,14970,outandin
12413,15185,outandin
12413,15219,outandin
12413,15633,outandin
12413,12533,outandin
12413,12596,outandin
12413,13838,outandin
12413,13880,outandin
12413,14495,outandin
12413,15197,outandin
8326,1431,outgoing
8326,3141,outandin
8326,767,outandin
8326,926,outandin
8326,1990,outandin
8326,2223,outandin
8326,2284,outandin
8326,2662,outandin
8326,3039,outandin
8326,3066,outandin
8326,3994,outandin
8326,5320,outandin
8326,5622,outandin
8326,5746,outandin
8326,6093,outandin
8326,6396,outandin
8326,6504,outandin
8326,6991,outandin
8326,7115,outandin
8326,7577,outgoing
8326,8708,outandin
8326,9401,outandin
8326,9684,outandin
8326,9808,outandin
8326,10987,outandin
8326,11359,outandin
8326,11781,outandin
8326,12084,outandin
8326,12785,outandin
8326,13268,outandin
8326,13296,outandin
8326,13547,outandin
8326,13824,outandin
8326,14318,outandin
8326,14535,outandin
8326,15452,outandin
8326,15633,outandin
8326,13706,outandin
8326,14554,outandin
6285,624,outandin
6285,1766,outandin
6285,2209,outandin
6285,4386,outandin
6285,4729,outandin
6285,5242,outandin
6285,575,outandin
6285,926,outandin
6285,1271,outandin
6285,1333,outandin
6285,1649,outandin
6285,1681,outandin
6285,2220,outandin
6285,2429,outandin
6285,2536,outandin
6285,2554,outandin
6285,3614,outandin
6285,4003,outandin
6285,4970,outandin
6285,5572,outandin
6285,5784,outandin
6285,5891,outandin
6285,6624,outandin
6285,6786,outgoing
6285,8082,outandin
6285,8412,outandin
6285,8443,outandin
6285,9066,outandin
6285,9347,outandin
6285,9451,outandin
6285,9530,outandin
6285,9924,outandin
6285,10018,outandin
6285,10110,outandin
6285,10112,outandin
6285,10185,outandin
6285,10873,outandin
6285,10875,outandin
6285,11493,outandin
6285,11697,outandin
6285,11993,outandin
6285,12652,outandin
6285,12810,outandin
6285,13314,outandin
6285,13422,outandin
6285,13678,outandin
6285,13747,outandin
6285,13779,outandin
6285,14049,outandin
6285,14057,outandin
6285,14155,outandin
6285,14309,outandin
6285,14495,outandin
6285,14511,outgoing
6285,14554,outandin
6285,14736,outandin
6285,15219,outandin
6285,15272,outandin
6285,11781,outandin
6285,13251,outandin
6285,14535,incoming
6285,14970,outandin
14477,10112,outgoing
14477,13417,outandin
14477,575,outandin
14477,2435,outandin
14477,4657,outgoing
14477,4729,outandin
14477,6612,outgoing
14477,7877,outandin
14477,8412,outandin
14477,10875,outgoing
14477,11913,outgoing
14477,12533,outgoing
14477,12789,outandin
14477,15219,outandin
14477,15272,outandin
14477,15406,outgoing
12447,3023,outandin
12447,3994,outandin
12447,5572,outandin
12447,7467,outandin
12447,9583,outgoing
12447,9639,outgoing
12447,10453,outgoing
12447,11849,outandin
12447,15452,outandin
12447,14039,outandin
14495,575,outandin
14495,624,incoming
14495,926,outandin
14495,1271,outandin
14495,1766,incoming
14495,1794,outandin
14495,2284,incoming
14495,2429,incoming
14495,2554,incoming
14495,2933,outandin
14495,3572,outandin
14495,4001,outandin
14495,4003,incoming
14495,4729,incoming
14495,4819,incoming
14495,4970,incoming
14495,5242,incoming
14495,5489,incoming
14495,5784,incoming
14495,6624,outandin
14495,6786,outandin
14495,7314,outandin
14495,7356,outandin
14495,7877,outandin
14495,8082,outandin
14495,8412,outandin
14495,9017,outandin
14495,9172,outandin
14495,9347,outandin
14495,9524,outandin
14495,9530,outandin
14495,9924,outandin
14495,10018,outandin
14495,10110,outandin
14495,10965,outandin
14495,11487,incoming
14495,11913,outandin
14495,11993,outandin
14495,12006,incoming
14495,13186,outandin
14495,13251,incoming
14495,13268,outandin
14495,13422,outandin
14495,13547,outandin
14495,13974,incoming
14495,14049,incoming
14495,14057,outandin
14495,7083,outandin
14495,9684,incoming
14495,12683,outandin
14495,12785,outandin
14495,12976,outandin
14495,13747,outandin
14495,14563,incoming
14495,15219,outandin
14495,14554,outandin
14495,15391,outandin
14495,15406,outandin
2209,1766,outgoing
2209,926,outandin
2209,1271,outandin
2209,1333,outandin
2209,1681,outandin
2209,2220,outandin
2209,2536,outandin
2209,3614,outandin
2209,4003,outgoing
2209,4386,outandin
2209,4970,outgoing
2209,5784,outandin
2209,6624,outandin
2209,6786,outgoing
2209,7077,outgoing
2209,8082,outandin
2209,8412,outandin
2209,9066,outandin
2209,9347,outgoing
2209,9451,outgoing
2209,9530,outandin
2209,9924,outandin
2209,10110,outandin
2209,10112,outgoing
2209,10185,outgoing
2209,10875,outandin
2209,11493,outandin
2209,11697,outgoing
2209,12652,outgoing
2209,12810,outgoing
2209,13314,outandin
2209,13422,outandin
2209,13678,outgoing
2209,13747,outandin
2209,14049,outandin
2209,14057,outandin
2209,14155,outandin
2209,14309,outandin
2209,14511,outgoing
2209,14554,outgoing
2209,14736,outandin
2209,15219,outandin
2209,15272,outgoing
2209,6988,outandin
8357,933,outandin
8357,1823,outandin
8357,2473,
8357,5839,outandin
8357,1168,outgoing
8357,7693,outandin
8357,10965,outandin
8357,15195,outandin
8357,9784,outgoing
8357,15406,outandin
2220,624,outandin
2220,926,
2220,1766,outgoing
2220,2554,outandin
2220,2897,outandin
2220,4729,outandin
2220,9347,outgoing
2220,9684,outandin
2220,9924,outgoing
2220,10018,outandin
2220,10110,outandin
2220,10112,outandin
2220,10185,outgoing
2220,11993,outandin
2220,13251,outandin
2220,13422,
2220,14049,
2220,14554,outgoing
2220,14563,incoming
2220,15669,outandin
2220,2536,outgoing
2220,4386,outandin
2220,4970,outandin
2220,5242,outandin
2220,6786,outgoing
2220,8145,outgoing
2220,8443,outandin
2220,9451,outandin
2220,11697,outgoing
2220,12006,outandin
2220,12810,
2220,13186,outandin
2220,13314,outgoing
2220,13417,outandin
2220,14057,outandin
2220,14511,outgoing
2220,15219,outandin
14511,1766,outgoing
14511,4386,outgoing
14511,4970,outgoing
14511,6786,outgoing
14511,8412,outgoing
14511,8443,outandin
14511,9451,outgoing
14511,10110,outandin
14511,10185,outgoing
14511,11697,outgoing
14511,12810,outgoing
14511,13422,outgoing
14511,14049,outgoing
14511,926,outgoing
14511,1271,outandin
14511,1333,outandin
14511,1681,outgoing
14511,2536,outgoing
14511,3614,outgoing
14511,4003,outgoing
14511,5242,outandin
14511,5784,outgoing
14511,5891,outgoing
14511,6624,outgoing
14511,7077,outgoing
14511,8082,outgoing
14511,9066,outandin
14511,9347,outgoing
14511,9530,outgoing
14511,9924,outandin
14511,10093,outandin
14511,10112,outgoing
14511,10875,outgoing
14511,11493,outgoing
14511,12006,outandin
14511,12652,outgoing
14511,13314,outgoing
14511,13678,outgoing
14511,13747,outgoing
14511,13779,outgoing
14511,14155,outandin
14511,14309,outgoing
14511,14554,outgoing
14511,14736,outgoing
14511,15219,outgoing
14511,15272,outgoing
14511,14970,outandin
8368,3156,
8368,6686,outandin
8368,7467,outandin
8368,8091,outgoing
8368,8820,incoming
8368,10892,outandin
8368,10987,outandin
8368,12976,
8368,15185,outandin
8368,9583,outandin
8368,11908,outandin
8368,12596,outandin
8368,13710,outgoing
8368,14970,outandin
2223,9684,outandin
2223,10987,outgoing
2223,13296,outgoing
2223,2632,outandin
2223,2662,outgoing
2223,7089,outgoing
2223,8604,outgoing
2223,9370,outgoing
2223,11781,outgoing
2223,12596,outgoing
2223,13186,outandin
2223,13736,outgoing
2223,13838,outgoing
2223,15391,outgoing
8370,933,outandin
8370,3884,outandin
8370,4729,outandin
8370,6786,outandin
8370,6988,outgoing
8370,7467,outandin
8370,575,outandin
8370,2435,outandin
8370,3619,outgoing
8370,5995,outandin
8370,6477,outandin
8370,6612,outandin
8370,7042,outandin
8370,7083,outandin
8370,7693,outandin
8370,8082,outandin
8370,8408,outandin
8370,8588,outandin
8370,9583,outandin
8370,9684,outandin
8370,10102,outandin
8370,10127,outandin
8370,10453,outandin
8370,11427,outgoing
8370,12533,outandin
8370,12596,outandin
8370,12683,outandin
8370,12789,outandin
8370,13091,outgoing
8370,13791,outgoing
8370,14253,outandin
8370,15406,outandin
8370,15633,outandin
8370,15669,outandin
8370,9361,outgoing
8370,10832,outandin
8370,11487,outandin
8370,11741,outandin
8370,11908,outandin
8370,14524,outandin
14520,7115,outandin
14520,8408,outgoing
14520,10102,outandin
14520,11427,outandin
14520,1812,outgoing
14520,2926,outgoing
14520,3011,outgoing
14520,4487,outgoing
14520,8708,outgoing
14520,9094,outgoing
14520,12732,outgoing
14520,15195,outgoing
14520,15392,outgoing
4283,1681,outandin
4283,1722,outandin
4283,1812,outandin
4283,2933,outandin
4283,3614,outandin
4283,4003,outandin
4283,4503,outandin
4283,4576,outandin
4283,4970,outandin
4283,5131,outandin
4283,5174,outandin
4283,5489,outandin
4283,5784,outandin
4283,6396,outandin
4283,7010,outandin
4283,7075,outandin
4283,7077,outandin
4283,8412,outandin
4283,8801,outandin
4283,9066,outandin
4283,9530,outandin
4283,10153,outandin
4283,10185,outandin
4283,10438,outandin
4283,10873,outandin
4283,10965,outandin
4283,11427,outandin
4283,11493,outandin
4283,11697,outandin
4283,12084,outandin
4283,12550,outandin
4283,12652,outandin
4283,13060,outandin
4283,13422,outandin
4283,13547,outandin
4283,13678,outandin
4283,13779,outandin
4283,13974,outandin
4283,14155,outandin
4283,14291,outandin
4283,14309,outandin
4283,14535,outandin
4283,14554,outandin
4283,15219,outandin
4283,15422,outandin
14524,3688,outandin
14524,6692,outandin
14524,6988,outgoing
14524,10832,outandin
14524,933,outandin
14524,3619,outandin
14524,4488,outandin
14524,5839,outandin
14524,6757,outandin
14524,7510,outandin
14524,9361,outandin
14524,11016,outandin
14524,11845,outandin
14524,12652,outandin
14524,12656,outandin
14524,12926,outandin
14524,13368,outandin
14524,13449,outandin
14524,14718,outandin
14524,14902,outandin
14524,15406,outandin
14524,15496,outandin
14524,15564,outandin
14524,15669,outandin
8382,3023,outandin
8382,3141,outandin
8382,3884,outandin
8382,8096,outandin
8382,10875,outandin
8382,8408,outandin
8382,10453,outandin
8382,11908,outandin
8382,13296,outandin
6334,933,outandin
6334,3011,outgoing
6334,3141,outandin
6334,3544,outandin
6334,5839,outgoing
6334,3647,outandin
6334,5489,outandin
6334,6692,outgoing
6334,6757,outandin
6334,9017,outandin
6334,9447,outandin
6334,10682,outandin
6334,12656,outgoing
6334,13449,outgoing
6334,14327,outandin
6334,6763,outgoing
6334,9078,outandin
6334,9440,outandin
6334,9913,outandin
6334,10453,outgoing
6334,11845,outandin
6334,13417,outandin
6334,14572,outandin
6334,15057,outandin
10438,3688,outandin
10438,3900,incoming
10438,4475,outandin
10438,5128,
10438,6396,
10438,9804,outandin
10438,5229,outandin
10438,10965,
10438,12084,outgoing
10438,12091,outgoing
10438,14710,outandin
10438,15391,outandin
14535,3023,outandin
14535,3647,incoming
14535,3688,incoming
14535,3884,outandin
14535,4503,outandin
14535,4554,outandin
14535,5174,outandin
14535,5431,incoming
14535,6786,
14535,7467,outandin
14535,8408,outandin
14535,8604,outandin
14535,8801,incoming
14535,9025,outandin
14535,9172,incoming
14535,9401,outandin
14535,9583,
14535,9684,
14535,10102,outandin
14535,11427,outgoing
14535,11908,outandin
14535,12596,outandin
14535,13296,
14535,13710,outandin
14535,13791,outgoing
14535,13838,outandin
14535,13880,outandin
14535,624,outandin
14535,1372,outandin
14535,1722,incoming
14535,1794,outandin
14535,2284,incoming
14535,2554,outandin
14535,3039,incoming
14535,3900,incoming
14535,3994,incoming
14535,4386,outandin
14535,4488,incoming
14535,4729,incoming
14535,4970,incoming
14535,5320,incoming
14535,5489,incoming
14535,6396,incoming
14535,6563,incoming
14535,6891,incoming
14535,7577,outandin
14535,7693,incoming
14535,8096,incoming
14535,9808,incoming
14535,10965,incoming
14535,12683,outandin
14535,12785,incoming
14535,13251,incoming
14535,13268,incoming
14535,13547,incoming
14535,14902,incoming
14535,15633,incoming
14535,14710,outandin
14535,14970,
10446,3724,outandin
10446,3884,outandin
10446,8408,outandin
10446,9684,outandin
10446,10176,outandin
10446,4729,outandin
10446,7314,outandin
10446,10453,outandin
10446,11908,outandin
10446,13736,outandin
10446,13791,outgoing
10453,933,outgoing
10453,1823,outgoing
10453,2429,outandin
10453,3023,outgoing
10453,3141,outgoing
10453,3884,outgoing
10453,5839,outgoing
10453,6477,outandin
10453,6692,outgoing
10453,6757,outandin
10453,6988,outgoing
10453,7467,outandin
10453,8408,outgoing
10453,9025,outandin
10453,9078,outgoing
10453,9184,outandin
10453,9440,outgoing
10453,9493,outandin
10453,9583,outandin
10453,9634,outgoing
10453,9639,outandin
10453,9784,outgoing
10453,9913,outgoing
10453,10176,outgoing
10453,575,outandin
10453,1273,outgoing
10453,1431,outgoing
10453,1788,outgoing
10453,1927,outandin
10453,1990,outandin
10453,2957,outgoing
10453,3011,outgoing
10453,3151,outgoing
10453,3233,outgoing
10453,3501,outgoing
10453,3544,outandin
10453,3619,outandin
10453,3724,outandin
10453,3994,outgoing
10453,4585,outandin
10453,4961,outgoing
10453,4970,outandin
10453,5174,outandin
10453,5995,outgoing
10453,6612,outgoing
10453,6636,outandin
10453,6768,outandin
10453,7042,outgoing
10453,7081,outgoing
10453,7083,outgoing
10453,7314,outandin
10453,7510,outgoing
10453,7693,outgoing
10453,7759,outgoing
10453,8082,outandin
10453,8506,outgoing
10453,8558,outgoing
10453,8588,outgoing
10453,8668,outgoing
10453,9202,outandin
10453,9370,outandin
10453,9447,outgoing
10453,9684,outandin
10453,9958,outgoing
10453,10102,outgoing
10453,10127,outgoing
10453,10153,outgoing
10453,10682,outandin
10453,10987,outgoing
10453,11152,outgoing
10453,11427,outgoing
10453,11697,outandin
10453,11845,outgoing
10453,12081,outandin
10453,12533,outandin
10453,12562,outgoing
10453,12596,outgoing
10453,12656,outgoing
10453,12683,outgoing
10453,12832,outgoing
10453,12976,outandin
10453,13091,outgoing
10453,13368,outgoing
10453,13449,outgoing
10453,13505,outgoing
10453,13706,outgoing
10453,13710,outandin
10453,13791,outgoing
10453,14006,outgoing
10453,14039,outandin
10453,14253,outgoing
10453,14318,outandin
10453,14327,outgoing
10453,14871,outgoing
10453,14902,outgoing
10453,15057,outgoing
10453,15406,outgoing
10453,15564,outandin
10453,15669,outandin
10453,10875,outgoing
10453,11908,outandin
10453,13995,outandin
10453,15357,outandin
8408,1823,outandin
8408,2284,outgoing
8408,3023,outandin
8408,3544,outandin
8408,3884,outgoing
8408,5839,outgoing
8408,6786,outgoing
8408,7467,outandin
8408,1722,outgoing
8408,1788,outandin
8408,2435,outandin
8408,2554,outandin
8408,3066,outgoing
8408,3151,outandin
8408,3320,outandin
8408,3619,incoming
8408,3724,outandin
8408,3994,outgoing
8408,4488,outgoing
8408,4970,outandin
8408,5489,outgoing
8408,5995,outgoing
8408,6396,outgoing
8408,6636,outandin
8408,6768,
8408,7083,outandin
8408,7089,outandin
8408,7115,outandin
8408,7314,incoming
8408,7577,outgoing
8408,7693,outgoing
8408,8096,outandin
8408,8708,outgoing
8408,8801,outgoing
8408,9172,
8408,9401,outgoing
8408,9583,outgoing
8408,9684,outandin
8408,9712,outandin
8408,10112,outgoing
8408,10682,outandin
8408,11781,outgoing
8408,12081,outandin
8408,12084,outgoing
8408,12656,
8408,12683,outandin
8408,12785,outgoing
8408,13296,
8408,13547,outgoing
8408,14253,outgoing
8408,14318,
8408,14902,outgoing
8408,15406,incoming
8408,15633,outgoing
8408,15669,outandin
8408,9025,outandin
8408,9184,outandin
8408,11908,incoming
8408,12596,outandin
8408,13091,
8408,13710,outandin
8408,13791,outgoing
14554,624,outandin
14554,926,
14554,1333,outgoing
14554,1342,outandin
14554,1766,outgoing
14554,2429,incoming
14554,2536,outgoing
14554,2554,incoming
14554,2868,
14554,3900,
14554,4003,outgoing
14554,4386,outandin
14554,4729,outandin
14554,4970,
14554,5242,outandin
14554,5305,outandin
14554,5320,outandin
14554,5784,outandin
14554,5974,outgoing
14554,6786,outgoing
14554,7077,outgoing
14554,8082,outandin
14554,8145,outandin
14554,8412,outandin
14554,8443,outandin
14554,9347,outgoing
14554,9451,outandin
14554,9684,
14554,9924,outgoing
14554,10018,outgoing
14554,10110,outgoing
14554,10185,outgoing
14554,11143,outgoing
14554,11495,outandin
14554,11697,outgoing
14554,11913,outandin
14554,12006,outgoing
14554,12652,outandin
14554,12810,
14554,13186,outgoing
14554,13314,outgoing
14554,13417,outandin
14554,13422,
14554,13678,outgoing
14554,13974,outgoing
14554,14049,outgoing
14554,14057,outandin
14554,762,outandin
14554,1322,outgoing
14554,3020,outgoing
14554,5988,outandin
14554,6891,outandin
14554,7577,
14554,9331,outandin
14554,9530,outandin
14554,10093,outandin
14554,11878,outgoing
14554,12550,outgoing
14554,14563,outgoing
14554,15091,outgoing
14554,15195,outgoing
14554,15219,outgoing
14554,15391,outgoing
14554,15392,outgoing
14554,15669,outgoing
14554,14736,outandin
8412,575,outandin
8412,1271,outandin
8412,1766,outgoing
8412,1770,outandin
8412,1794,outgoing
8412,2318,outandin
8412,2429,outandin
8412,2554,outandin
8412,2897,incoming
8412,3011,outgoing
8412,3572,
8412,4003,incoming
8412,4386,outandin
8412,4554,outandin
8412,4657,outandin
8412,4729,outandin
8412,4970,outandin
8412,5305,outandin
8412,6786,outgoing
8412,7077,outgoing
8412,1333,outandin
8412,1649,outandin
8412,1681,outgoing
8412,3039,outandin
8412,3066,outgoing
8412,4503,outgoing
8412,5131,
8412,5784,incoming
8412,5891,outgoing
8412,6692,outandin
8412,8082,outgoing
8412,9172,outandin
8412,9347,outandin
8412,9530,outgoing
8412,9924,outandin
8412,10112,outandin
8412,10682,outandin
8412,11993,outandin
8412,12652,outgoing
8412,13060,outandin
8412,13422,incoming
8412,13747,
8412,13779,outgoing
8412,14309,outgoing
8412,15219,outgoing
8412,8443,outandin
8412,8999,incoming
8412,9451,outandin
8412,10110,outgoing
8412,10185,outgoing
8412,11697,outgoing
8412,11908,outandin
8412,11913,outandin
8412,13417,outandin
8412,14049,incoming
8412,14057,outandin
8412,14155,outgoing
14563,767,outandin
14563,926,outandin
14563,1333,outandin
14563,2284,outandin
14563,2429,outandin
14563,2554,incoming
14563,2897,outandin
14563,4003,outandin
14563,4819,outandin
14563,4970,incoming
14563,5131,outandin
14563,5242,outandin
14563,5468,outandin
14563,8999,incoming
14563,9347,outandin
14563,9401,outandin
14563,9684,outandin
14563,10018,outgoing
14563,10185,outgoing
14563,11648,outandin
14563,11993,outandin
14563,12006,outandin
14563,12550,outgoing
14563,12652,outgoing
14563,12683,outgoing
14563,13186,outgoing
14563,13251,incoming
14563,13314,outgoing
14563,13422,
14563,13678,outandin
14563,13736,incoming
14563,14049,
14563,624,outandin
14563,2536,outandin
14563,5784,outandin
14563,5974,outandin
14563,7577,outandin
14563,7651,outandin
14563,8082,outandin
14563,9530,incoming
14563,9924,outandin
14563,11878,outandin
14563,12810,outandin
14563,15219,outandin
14563,14718,outandin
14563,15091,incoming
14563,15195,outgoing
14563,15391,outgoing
2284,1681,outandin
2284,1271,outandin
2284,1722,outandin
2284,1794,outandin
2284,2897,
2284,3544,outandin
2284,3884,outgoing
2284,3900,incoming
2284,3994,outgoing
2284,5435,outgoing
2284,5784,incoming
2284,7356,outandin
2284,7693,outgoing
2284,8820,outandin
2284,9078,outandin
2284,9172,outandin
2284,9684,incoming
2284,10112,outgoing
2284,10875,outandin
2284,12081,outandin
2284,12656,outandin
2284,13296,outgoing
2284,14253,outandin
2284,14309,incoming
2284,15633,outandin
2284,3688,outandin
2284,4554,outandin
2284,4819,incoming
2284,5131,outgoing
2284,5431,outandin
2284,5489,incoming
2284,6396,outandin
2284,6563,outandin
2284,7877,outandin
2284,9401,outgoing
2284,9524,outandin
2284,10102,outgoing
2284,11427,outgoing
2284,11849,outandin
2284,12652,outgoing
2284,13547,outgoing
2284,14710,outandin
2284,15197,outandin
14572,13417,outandin
14572,933,outandin
14572,2957,outandin
14572,3011,outandin
14572,3023,outandin
14572,3501,outandin
14572,6692,outandin
14572,6757,outandin
14572,6988,outandin
14572,7042,outandin
14572,7081,outandin
14572,7510,outandin
14572,9078,outandin
14572,9447,outandin
14572,9623,outandin
14572,9634,outandin
14572,9671,outandin
14572,11152,outandin
14572,11845,outandin
14572,12562,outandin
14572,12656,outandin
14572,12832,outandin
14572,13368,outandin
14572,13449,outandin
14572,13505,outandin
14572,13753,outandin
14572,14253,outandin
14572,14327,outandin
14572,15057,outandin
4339,3724,outandin
4339,4657,outandin
4339,6763,outandin
4339,8091,outandin
4339,8674,outgoing
4339,8820,outgoing
4339,9656,outandin
4339,9766,outandin
4339,10892,outandin
4339,13753,outandin
12533,575,outandin
12533,1271,outandin
12533,1770,outandin
12533,2429,outandin
12533,4554,outandin
12533,4590,outgoing
12533,4657,outandin
12533,5572,outandin
12533,6477,outandin
12533,6612,outgoing
12533,6624,outandin
12533,6686,outandin
12533,7877,outandin
12533,9184,incoming
12533,10127,incoming
12533,10890,outgoing
12533,11487,outandin
12533,11495,outandin
12533,11908,incoming
12533,11993,outandin
12533,7083,outandin
12533,8082,outandin
12533,12596,outandin
12533,12683,outandin
12533,13422,outgoing
12533,12828,outandin
12533,12976,outandin
12533,13417,outandin
12533,14253,outandin
12533,15406,outandin
8443,624,outandin
8443,1766,outandin
8443,4729,outandin
8443,5242,outandin
8443,5784,outandin
8443,6786,outandin
8443,1333,outandin
8443,1681,outandin
8443,2429,outandin
8443,2536,outandin
8443,3614,outandin
8443,7077,outandin
8443,10018,outandin
8443,10110,outandin
8443,10185,outandin
8443,11493,outandin
8443,11697,outandin
8443,12810,outandin
8443,13314,outandin
8443,13422,outandin
8443,14049,outandin
8443,14057,outandin
8443,14155,outandin
8443,14309,outandin
8443,14970,outandin
6396,1722,
6396,3688,outandin
6396,4819,outandin
6396,5128,incoming
6396,762,outandin
6396,1322,incoming
6396,2933,outgoing
6396,3736,outgoing
6396,5229,outandin
6396,5489,incoming
6396,7356,outgoing
6396,7577,
6396,7651,incoming
6396,7693,
6396,7857,incoming
6396,8145,outandin
6396,8801,
6396,9172,incoming
6396,10965,
6396,12084,outgoing
6396,13268,incoming
6396,13547,
6396,7115,outandin
6396,7467,outandin
6396,12222,outandin
6396,13186,outandin
6396,14710,outandin
6396,15391,outgoing
12550,2868,outgoing
12550,4003,outgoing
12550,9347,outgoing
12550,9784,outandin
12550,1812,outandin
12550,2473,outgoing
12550,2926,outandin
12550,3011,outgoing
12550,3020,outgoing
12550,3647,outgoing
12550,4487,outgoing
12550,4970,outgoing
12550,7077,outgoing
12550,8708,outgoing
12550,9094,outgoing
12550,9924,outandin
12550,12732,outgoing
12550,13186,outgoing
12550,13422,outgoing
12550,13678,outgoing
12550,14902,outgoing
12550,15091,outgoing
12550,15195,outgoing
12550,15392,outgoing
12550,15669,outgoing
12550,13417,outandin
12550,15057,outandin
2318,1271,incoming
2318,1770,
2318,926,outgoing
2318,1649,incoming
2318,2435,incoming
2318,3151,outandin
2318,4657,outgoing
2318,4729,outandin
2318,5995,outandin
2318,6477,outandin
2318,6504,outandin
2318,6612,outandin
2318,7083,outandin
2318,7693,outandin
2318,7877,outandin
2318,8574,outandin
2318,8588,outandin
2318,9530,outgoing
2318,9671,outandin
2318,9766,outandin
2318,10102,outandin
2318,10127,outandin
2318,10875,outgoing
2318,10890,outgoing
2318,10987,outandin
2318,12596,outandin
2318,12652,outgoing
2318,12683,outandin
2318,13060,incoming
2318,13753,outandin
2318,14006,outandin
12562,3141,outandin
12562,3544,outandin
12562,3884,outandin
12562,5839,outgoing
12562,6757,outgoing
12562,6988,outgoing
12562,9078,outgoing
12562,9440,outandin
12562,9913,outandin
12562,9958,outgoing
12562,11152,outandin
12562,11845,outandin
12562,12656,outgoing
12562,13091,outandin
12562,14253,outgoing
12562,14327,outgoing
12562,15057,outandin
4386,1372,incoming
4386,3688,outandin
4386,926,outandin
4386,1271,outandin
4386,1333,outandin
4386,1681,outandin
4386,1766,outgoing
4386,3614,outandin
4386,4003,outandin
4386,4970,outandin
4386,5784,outandin
4386,5891,outgoing
4386,6624,outandin
4386,8082,outandin
4386,9066,outandin
4386,9347,outandin
4386,9451,outandin
4386,9530,outandin
4386,9924,outandin
4386,10110,outandin
4386,10112,outandin
4386,10185,outgoing
4386,10875,outandin
4386,10987,outandin
4386,11493,outandin
4386,11697,outgoing
4386,12652,outandin
4386,12810,outandin
4386,13314,outandin
4386,13422,outandin
4386,13678,outandin
4386,13747,outandin
4386,13779,outgoing
4386,14049,outandin
4386,14155,outandin
4386,14309,outandin
4386,14736,outandin
4386,15219,outandin
4386,15272,outgoing
4386,6786,outgoing
4386,11487,outandin
4386,14710,outandin
6435,7042,outandin
12582,13296,outgoing
12596,1293,
12596,1823,outandin
12596,1990,outandin
12596,2435,incoming
12596,3141,outandin
12596,3994,outandin
12596,4590,outgoing
12596,5839,outandin
12596,6477,outandin
12596,6504,outandin
12596,6686,outandin
12596,7314,incoming
12596,7467,outandin
12596,9025,outandin
12596,9184,incoming
12596,9370,outgoing
12596,9501,outgoing
12596,9583,outgoing
12596,9712,incoming
12596,10974,outandin
12596,10987,outgoing
12596,11487,outandin
12596,11606,outandin
12596,11697,outandin
12596,11908,incoming
12596,767,outandin
12596,1681,outandin
12596,1788,outandin
12596,2662,outandin
12596,2897,outandin
12596,3039,outandin
12596,3156,outandin
12596,3320,outandin
12596,3501,outandin
12596,4729,outandin
12596,5243,outandin
12596,5393,outgoing
12596,5622,outandin
12596,5988,outandin
12596,5995,outandin
12596,6636,outandin
12596,6768,outandin
12596,7083,outandin
12596,7115,outandin
12596,7693,outandin
12596,8096,outandin
12596,8801,outandin
12596,9066,outgoing
12596,9684,outandin
12596,10682,outandin
12596,12683,outgoing
12596,12789,outandin
12596,12976,outandin
12596,13296,
12596,13710,outgoing
12596,13763,outandin
12596,13794,outandin
12596,14006,outandin
12596,14718,outgoing
12596,15185,outandin
12596,15406,outandin
12596,15633,outgoing
12596,15669,outandin
12596,13091,
12596,13791,outgoing
12596,13838,outandin
12596,14253,outandin
12596,15197,outandin
12596,15357,outandin
8506,6477,outandin
8506,6612,outgoing
8506,7467,outandin
8506,9684,outandin
8506,9583,outgoing
8506,11487,outandin
8506,11908,outandin
8506,12683,outgoing
8506,13791,outandin
8506,14970,outandin
2370,5622,outgoing
2370,7759,outgoing
2370,13422,incoming
2370,13736,
2370,13824,outgoing
2370,15452,outgoing
2370,3900,outgoing
2370,5431,outandin
2370,10112,outgoing
2370,10176,outgoing
2370,12683,outgoing
6477,575,outandin
6477,767,outandin
6477,1927,outandin
6477,1990,outandin
6477,2429,outandin
6477,2435,outandin
6477,3023,outandin
6477,3141,outandin
6477,3151,outandin
6477,3544,outandin
6477,3994,outandin
6477,4590,outandin
6477,4961,outandin
6477,5174,outandin
6477,5320,outandin
6477,5431,outandin
6477,5839,outandin
6477,1649,outandin
6477,1788,outandin
6477,3619,outandin
6477,4729,outandin
6477,4970,outandin
6477,5995,outandin
6477,6612,outandin
6477,6768,outandin
6477,6988,outandin
6477,7083,outandin
6477,7314,outandin
6477,7693,outandin
6477,7759,outandin
6477,7877,outandin
6477,8082,outandin
6477,8588,outandin
6477,8668,outandin
6477,9447,outandin
6477,9583,outandin
6477,9684,outandin
6477,10102,outandin
6477,10127,outandin
6477,10875,outandin
6477,10987,outandin
6477,11427,outandin
6477,11697,outandin
6477,11908,outandin
6477,12656,outandin
6477,12683,outandin
6477,12789,outandin
6477,13091,outandin
6477,14006,outandin
6477,14318,outandin
6477,14770,outandin
6477,6757,outandin
6477,6763,outandin
6477,6891,outandin
6477,7467,outandin
6477,7510,outandin
6477,9017,outandin
6477,9025,outandin
6477,9078,outandin
6477,9184,outandin
6477,9255,outandin
6477,9958,outandin
6477,10832,outandin
6477,11845,outandin
6477,12828,outandin
6477,13449,outandin
6477,13710,outandin
6477,15406,outandin
10600,9766,outandin
10600,4576,outandin
10600,4970,outandin
10600,5174,outandin
10600,8920,outandin
10600,9255,outandin
10600,9370,outandin
10600,9401,outandin
10600,9639,outandin
10600,10176,outandin
10600,10832,outandin
10600,11849,outandin
10600,12789,outandin
6504,762,incoming
6504,767,outandin
6504,1333,outandin
6504,1467,incoming
6504,2435,incoming
6504,2662,outandin
6504,4001,outandin
6504,6093,incoming
6504,1168,outandin
6504,1788,outandin
6504,1990,outandin
6504,3023,outandin
6504,5988,outandin
6504,6612,outandin
6504,6891,incoming
6504,7314,incoming
6504,7693,outandin
6504,9370,outandin
6504,10875,outandin
6504,11908,outandin
6504,13824,incoming
6504,14006,outandin
6504,15843,incoming
6504,7651,outandin
6504,9255,outandin
6504,13838,outandin
12652,933,outgoing
12652,1271,outgoing
12652,1823,outandin
12652,3020,outgoing
12652,4961,outandin
12652,4970,outgoing
12652,5572,outgoing
12652,5839,outandin
12652,6612,outgoing
12652,6624,outandin
12652,6692,outgoing
12652,6786,outgoing
12652,6988,outgoing
12652,7510,outgoing
12652,9451,outandin
12652,9784,outgoing
12652,9913,outandin
12652,10093,outandin
12652,10110,outandin
12652,10112,outgoing
12652,10185,outgoing
12652,10832,outandin
12652,10873,outgoing
12652,10875,outgoing
12652,10890,outgoing
12652,11016,outgoing
12652,11697,outgoing
12652,926,outgoing
12652,1333,outgoing
12652,1681,outgoing
12652,3572,outandin
12652,4554,outandin
12652,5174,outgoing
12652,5746,outandin
12652,7077,outgoing
12652,7877,outandin
12652,8082,outgoing
12652,9530,outgoing
12652,10153,outgoing
12652,11845,outandin
12652,11878,outandin
12652,12006,outgoing
12652,12656,outgoing
12652,12789,outandin
12652,12926,outgoing
12652,13186,outandin
12652,13547,outandin
12652,13678,outgoing
12652,13747,outgoing
12652,14039,outgoing
12652,14309,outgoing
12652,14902,outgoing
12652,15195,outandin
12652,15219,outgoing
12652,15272,outgoing
12652,15406,outgoing
12652,13417,outandin
12652,13422,outgoing
12652,13449,outgoing
12652,14057,outandin
12652,15057,outandin
12652,15496,outandin
6508,14253,outgoing
8558,1990,outandin
8558,3884,outandin
8558,5435,outandin
8558,7467,outandin
8558,8668,outgoing
8558,10987,outgoing
8558,13791,outgoing
8558,15197,outandin
8558,15357,outandin
12656,933,outgoing
12656,1271,outandin
12656,1431,outgoing
12656,1794,outgoing
12656,1823,outgoing
12656,1990,outandin
12656,2435,outandin
12656,2957,outgoing
12656,3011,outgoing
12656,3020,outandin
12656,3141,outgoing
12656,3501,outgoing
12656,3544,incoming
12656,3619,
12656,3884,outgoing
12656,4657,outandin
12656,4961,outgoing
12656,5174,outandin
12656,5431,outandin
12656,5839,outgoing
12656,6692,outgoing
12656,6757,outgoing
12656,6763,outgoing
12656,6768,
12656,6988,
12656,7081,outgoing
12656,7314,outandin
12656,7510,outgoing
12656,7693,
12656,8588,outgoing
12656,8708,outandin
12656,9017,incoming
12656,9025,outandin
12656,9078,outgoing
12656,9361,outgoing
12656,9440,outandin
12656,9447,outgoing
12656,9634,outgoing
12656,9684,
12656,9784,outgoing
12656,9913,outandin
12656,9958,outgoing
12656,10112,outgoing
12656,10153,outgoing
12656,10176,outgoing
12656,10832,outandin
12656,11016,outgoing
12656,11152,outgoing
12656,11487,outandin
12656,11495,outandin
12656,11845,outgoing
12656,11913,outandin
12656,575,outandin
12656,767,outandin
12656,5320,outandin
12656,5995,outgoing
12656,9808,outandin
12656,10102,outandin
12656,10987,outgoing
12656,12828,outandin
12656,12832,outgoing
12656,13091,outandin
12656,13368,outgoing
12656,13449,outgoing
12656,13505,outgoing
12656,13706,outgoing
12656,13747,outandin
12656,14253,outgoing
12656,14327,outgoing
12656,14902,outgoing
12656,12785,outandin
12656,13417,outandin
12656,13753,outgoing
12656,15057,outandin
12656,15197,outandin
12656,15406,incoming
12656,15496,outandin
12656,15669,outandin
2421,1537,incoming
2421,5128,outandin
2421,5229,incoming
2421,5468,incoming
2421,7693,incoming
2421,9684,incoming
2421,9804,incoming
2421,13296,incoming
2421,15526,incoming
2421,2903,incoming
2421,3039,incoming
2421,3688,outandin
2421,4001,outandin
2421,4554,outandin
2421,8604,outandin
2421,10965,incoming
2421,12222,outandin
2421,13251,incoming
2421,13838,incoming
14710,762,outandin
14710,1168,outandin
14710,1322,outandin
14710,1537,outandin
14710,1722,outandin
14710,1812,outandin
14710,2933,outandin
14710,3647,outandin
14710,3900,outandin
14710,3994,outandin
14710,4487,outandin
14710,4488,outandin
14710,4729,outandin
14710,4819,outandin
14710,5128,outandin
14710,5229,outandin
14710,5468,outandin
14710,5489,outandin
14710,6563,outandin
14710,6624,outandin
14710,6786,outandin
14710,7356,outandin
14710,7577,outandin
14710,7651,outandin
14710,7693,outandin
14710,7857,outandin
14710,8096,outandin
14710,8145,outandin
14710,8801,outandin
14710,9017,outandin
14710,9172,outandin
14710,9684,outandin
14710,9804,outandin
14710,10965,outandin
14710,12732,outandin
14710,13060,outandin
14710,13268,outandin
14710,13547,outandin
14710,14309,outandin
14710,15422,outandin
14710,15526,outandin
14710,15633,outandin
4475,1722,outandin
4475,1812,outandin
4475,2926,outandin
4475,5128,outgoing
4475,6093,outandin
4475,8145,outandin
4475,9094,outandin
4475,9331,outandin
4475,9493,outandin
4475,12951,outandin
4475,13880,outandin
4475,15109,outandin
2429,575,incoming
2429,624,incoming
2429,926,outandin
2429,1271,outandin
2429,1333,incoming
2429,2554,incoming
2429,4657,outandin
2429,4970,incoming
2429,5174,outandin
2429,5988,incoming
2429,6891,incoming
2429,8082,outandin
2429,9684,incoming
2429,9924,incoming
2429,10018,incoming
2429,10127,outandin
2429,11495,outandin
2429,12006,incoming
2429,13251,outandin
2429,13422,outandin
2429,15219,incoming
2429,2926,outandin
2429,3900,incoming
2429,3994,incoming
2429,4729,incoming
2429,5242,outandin
2429,6624,outandin
2429,6786,outandin
2429,10110,outandin
2429,10875,outandin
2429,13314,outandin
2429,13747,outandin
2429,14049,incoming
2429,14057,outandin
2429,14902,incoming
14718,933,outandin
14718,1649,outandin
14718,2632,outgoing
14718,4001,outgoing
14718,5393,outgoing
14718,6988,outgoing
14718,7314,outandin
14718,7693,outgoing
14718,8604,outgoing
14718,9361,outgoing
14718,9501,outgoing
14718,10682,outgoing
14718,10832,outandin
14718,10974,outgoing
14718,11648,outandin
14718,11878,
14718,12683,outgoing
14718,13296,outgoing
14718,13736,outgoing
14718,13838,outgoing
14718,5995,outandin
14718,7083,outandin
14718,13251,outandin
14718,15452,outgoing
14718,15195,outgoing
14718,15392,outgoing
8574,3724,incoming
8574,8091,incoming
8574,9766,incoming
8574,13753,incoming
2435,624,outandin
2435,1649,outandin
2435,3544,outandin
2435,4729,incoming
2435,5572,incoming
2435,6612,incoming
2435,6988,outandin
2435,7083,incoming
2435,9530,outandin
2435,10102,incoming
2435,10832,outandin
2435,11016,outandin
2435,12683,incoming
2435,12789,incoming
2435,14006,incoming
2435,15406,outandin
2435,15564,outandin
2435,6757,outandin
2435,9078,outandin
2435,10873,outandin
2435,10875,incoming
2435,11845,outandin
4487,1467,
4487,3011,outandin
4487,3688,incoming
4487,3900,incoming
4487,3647,outandin
4487,6563,incoming
4487,9094,outgoing
4487,12732,incoming
4487,5305,outandin
4487,8999,incoming
4487,9017,incoming
4487,9924,outandin
4487,12222,outandin
4488,933,outandin
4488,2554,outandin
4488,2632,outandin
4488,3039,outandin
4488,3544,outandin
4488,3572,outandin
4488,3619,outgoing
4488,3688,outandin
4488,6768,outandin
4488,7693,outgoing
4488,9017,outandin
4488,9684,outandin
4488,11143,outandin
4488,12832,outandin
4488,13251,outandin
4488,15406,outandin
4488,15633,outandin
4488,4819,incoming
4488,5839,outandin
4488,6563,outandin
4488,6692,outandin
4488,6757,outandin
4488,6988,outgoing
4488,9361,outgoing
4488,9913,outandin
4488,10832,outandin
4488,11016,outandin
4488,12084,outandin
4488,13296,outandin
4488,13368,outandin
4488,13710,outandin
4488,14006,outandin
4488,14253,outandin
12683,767,outandin
12683,933,outandin
12683,1168,outandin
12683,1293,
12683,1649,outandin
12683,1823,outandin
12683,2632,outgoing
12683,2897,outgoing
12683,3023,outandin
12683,3884,outgoing
12683,3913,
12683,3994,outandin
12683,4001,
12683,4554,outandin
12683,4590,outandin
12683,5431,outandin
12683,5468,outandin
12683,5839,outandin
12683,7089,outandin
12683,7314,incoming
12683,7467,outandin
12683,7693,outgoing
12683,8091,outandin
12683,8604,outandin
12683,9025,outandin
12683,9184,incoming
12683,9501,outandin
12683,9530,outandin
12683,9583,outgoing
12683,9684,
12683,9712,incoming
12683,9784,outandin
12683,10112,outgoing
12683,10127,outandin
12683,10832,
12683,10974,outgoing
12683,11016,outandin
12683,11143,outandin
12683,11648,outgoing
12683,11908,incoming
12683,1788,outandin
12683,3320,outandin
12683,3619,incoming
12683,3923,outandin
12683,4729,outandin
12683,5393,outgoing
12683,5622,outgoing
12683,5995,outgoing
12683,6612,outandin
12683,6636,outandin
12683,6768,incoming
12683,7083,
12683,7759,outgoing
12683,8588,outandin
12683,10176,outandin
12683,10682,outgoing
12683,10987,outgoing
12683,12081,outgoing
12683,12789,outandin
12683,13251,incoming
12683,13296,outgoing
12683,13753,outandin
12683,13838,outgoing
12683,14253,outgoing
12683,14902,outandin
12683,14970,outandin
12683,15091,outandin
12683,15195,outgoing
12683,15391,outgoing
12683,15392,outandin
12683,15406,outandin
12683,15496,outgoing
12683,15564,outgoing
12683,15669,outgoing
12683,13091,
12683,13710,outandin
12683,13824,outandin
12683,13995,outandin
12683,14318,incoming
12683,15197,outandin
12683,15219,outgoing
12683,15452,outgoing
8588,3141,outgoing
8588,3151,incoming
8588,3156,
8588,3619,outandin
8588,3724,outandin
8588,3884,outgoing
8588,3994,outandin
8588,4961,outandin
8588,5431,outandin
8588,6786,outandin
8588,6991,incoming
8588,7083,outandin
8588,7467,outandin
8588,7693,outgoing
8588,4729,outandin
8588,5839,outandin
8588,5995,outandin
8588,6612,outandin
8588,10127,incoming
8588,8604,outandin
8588,9025,outandin
8588,9184,incoming
8588,9447,outandin
8588,9583,
8588,9684,outgoing
8588,11487,outandin
8588,11697,outandin
8588,11908,incoming
8588,13091,
8588,13791,outgoing
8588,13838,outandin
8588,13880,outgoing
8588,13995,outandin
8588,14006,incoming
8588,14253,outgoing
8588,14770,
8588,15197,outandin
8588,15272,outandin
8588,15357,outgoing
8588,15669,outandin
14736,5784,outandin
14736,6624,outandin
14736,6786,outgoing
14736,9451,outandin
14736,10110,outandin
14736,10185,outgoing
14736,11697,outgoing
14736,13417,outandin
14736,14309,outandin
14736,13422,outgoing
14736,15219,outgoing
4503,3011,outgoing
4503,3884,outgoing
4503,1794,outgoing
4503,1812,outgoing
4503,5174,outgoing
4503,9684,outandin
4503,14309,outgoing
8604,2903,outgoing
8604,4001,outgoing
8604,767,outandin
8604,1537,outandin
8604,2632,outgoing
8604,3233,outandin
8604,3884,outandin
8604,5229,outandin
8604,5393,outandin
8604,5468,outandin
8604,5622,outandin
8604,5995,outandin
8604,7042,outandin
8604,7083,outandin
8604,7089,outgoing
8604,7693,outgoing
8604,7759,outgoing
8604,8668,outandin
8604,8708,outandin
8604,8801,outandin
8604,9583,outandin
8604,9684,outandin
8604,9804,outandin
8604,10102,outandin
8604,10112,outandin
8604,10974,outgoing
8604,10987,outandin
8604,12951,outandin
8604,13268,outandin
8604,13296,outgoing
8604,13838,outgoing
8604,14902,outandin
8604,15452,outandin
8604,15526,outandin
8604,15633,outandin
14749,15109,outandin
6563,3688,outandin
6563,3900,incoming
6563,1722,outandin
6563,1812,incoming
6563,3647,incoming
6563,4970,outandin
6563,5320,incoming
6563,5489,outandin
6563,7577,outandin
6563,9172,outandin
6563,9808,incoming
6563,10965,outandin
6563,12732,incoming
6563,12785,incoming
6563,13268,outandin
6563,13547,incoming
6563,14902,outandin
6563,8801,incoming
6563,12222,outandin
2473,933,incoming
2473,1168,incoming
2473,3020,incoming
2473,5320,incoming
2473,14902,
2473,8999,incoming
2473,9784,outgoing
2473,15057,outandin
6569,3884,outandin
14770,1168,outandin
14770,1990,outandin
14770,3023,outandin
14770,3141,outgoing
14770,6757,outandin
14770,8674,outandin
14770,9078,outandin
14770,10875,outandin
14770,11845,outandin
14770,3151,
14770,3994,outandin
14770,5995,outandin
14770,7467,outandin
14770,10102,outandin
14770,13091,outandin
10682,3011,outgoing
10682,3884,outandin
10682,7759,outgoing
10682,9184,outandin
10682,10176,outgoing
10682,5393,outgoing
10682,10974,outandin
10682,13296,outgoing
10682,11878,outgoing
10682,13417,outandin
10682,13736,outandin
10682,13880,outandin
10682,14155,outgoing
12732,3688,outandin
12732,3900,incoming
12732,6763,outandin
12732,8999,outandin
12732,9255,outandin
12732,9808,incoming
12732,3647,incoming
12732,13824,outandin
6591,14253,outgoing
6591,12780,outgoing
6591,15197,outandin
4554,926,outandin
4554,2868,incoming
4554,575,outandin
4554,624,outandin
4554,1271,outandin
4554,1333,outandin
4554,2554,outandin
4554,2632,outandin
4554,2662,outandin
4554,2897,outandin
4554,3572,outandin
4554,3913,outandin
4554,4001,outandin
4554,4729,outandin
4554,4970,outandin
4554,5320,outandin
4554,5622,outandin
4554,5746,outandin
4554,5995,outandin
4554,6612,outandin
4554,6786,outandin
4554,6991,outandin
4554,7083,outandin
4554,7693,outandin
4554,7877,outandin
4554,8082,outandin
4554,8674,incoming
4554,9530,outandin
4554,9583,outandin
4554,9684,outandin
4554,9924,outandin
4554,10102,outandin
4554,10832,outandin
4554,10987,outandin
4554,11143,outandin
4554,11427,outandin
4554,11648,outandin
4554,11993,outandin
4554,12810,outgoing
4554,13251,outandin
4554,13747,outandin
4554,13794,outandin
4554,15526,outandin
4554,15564,outandin
4554,5839,outandin
4554,9440,outandin
4554,9451,outandin
4554,13422,
4554,13736,
4554,13974,outandin
6612,575,outandin
6612,1271,outandin
6612,1649,outandin
6612,1770,incoming
6612,1823,outandin
6612,3884,outandin
6612,3994,outandin
6612,5572,outandin
6612,5839,outandin
6612,926,outandin
6612,4729,incoming
6612,6624,outandin
6612,6991,outandin
6612,7042,outandin
6612,7083,outgoing
6612,7314,outandin
6612,7467,outandin
6612,9530,outandin
6612,10093,outgoing
6612,10875,outandin
6612,11908,incoming
6612,12789,outgoing
6612,12828,outgoing
6612,13091,
6612,15357,outandin
6612,6786,outgoing
6612,7089,outandin
6612,7759,outandin
6612,7877,outgoing
6612,9025,outandin
6612,9184,incoming
6612,9447,outandin
6612,9583,outgoing
6612,9639,outandin
6612,10112,outgoing
6612,11487,outandin
6612,11697,outandin
6612,11993,outandin
6612,12006,outandin
6612,13791,outgoing
6612,14039,outgoing
6612,14253,outandin
6612,14309,outandin
6612,15197,outandin
6612,15406,outgoing
8668,5435,outandin
8668,7467,outandin
8668,14253,outandin
8668,8920,outandin
8668,9025,outandin
8668,9255,outandin
8668,9447,outandin
8668,9583,outgoing
8668,11908,outandin
8668,13791,outgoing
8668,13838,outandin
8668,15197,outandin
8668,15357,outgoing
4576,3141,outandin
4576,3884,outgoing
4576,7693,outgoing
4576,10875,outgoing
6624,1372,incoming
6624,3688,outandin
6624,575,outandin
6624,926,outandin
6624,1271,outandin
6624,1649,outandin
6624,1681,outandin
6624,3011,outandin
6624,4003,outandin
6624,4970,outandin
6624,5784,outandin
6624,8082,outandin
6624,9066,outandin
6624,9530,outandin
6624,9808,outandin
6624,10112,outgoing
6624,10875,outandin
6624,13747,outandin
6624,13753,outandin
6624,14039,outandin
6624,14309,outandin
6624,15219,outandin
6624,6786,outgoing
6624,9451,outandin
6624,10110,outandin
6624,10185,outandin
6624,11487,incoming
6624,11697,outgoing
6624,13417,outandin
6624,15272,outgoing
8674,4657,outgoing
8674,5305,incoming
8674,6988,outandin
8674,8091,incoming
8674,8820,
8674,9094,incoming
8674,9656,
8674,9766,incoming
8674,10892,
8674,12976,outandin
8674,15185,outandin
8674,11606,outandin
8674,13753,incoming
2536,1766,outgoing
2536,2957,outandin
2536,4970,outgoing
2536,5974,outandin
2536,6786,outgoing
2536,8082,outgoing
2536,10110,outandin
2536,10185,outgoing
2536,12006,outandin
2536,12810,outgoing
2536,13314,outgoing
2536,13422,outgoing
2536,13678,outgoing
2536,14049,outgoing
2536,5919,outandin
2536,9451,outandin
2536,10112,outgoing
2536,11493,outgoing
2536,11697,outandin
2536,13186,outandin
2536,13417,outandin
2536,15195,outandin
2536,15391,outgoing
10729,3884,outgoing
10729,7693,outgoing
10729,9255,outandin
10729,10112,outandin
10729,13547,outandin
4585,3647,outandin
4585,7467,outandin
4585,13791,outgoing
4585,15357,outandin
12780,10873,outandin
12780,15197,outandin
6636,3884,outgoing
6636,9684,outandin
6636,14253,outgoing
6636,15633,outandin
6636,9583,outandin
6636,9639,outgoing
6636,13417,outandin
6636,13995,outandin
6636,14039,outandin
6636,15197,outandin
4590,575,outandin
4590,5995,outandin
4590,7083,outandin
4590,9684,outandin
4590,10127,outgoing
4590,13251,outandin
4590,13710,outgoing
4590,7467,outandin
4590,13995,outandin
12785,1342,
12785,1722,
12785,2926,incoming
12785,3141,outgoing
12785,3884,outgoing
12785,3900,incoming
12785,3994,incoming
12785,7314,outandin
12785,7693,
12785,9684,incoming
12785,10112,outandin
12785,11487,outandin
12785,12006,
12785,4729,incoming
12785,13251,outandin
12785,13296,outgoing
12785,15633,outandin
12789,575,outandin
12789,926,outandin
12789,1271,outandin
12789,1770,outandin
12789,3320,outgoing
12789,5572,outandin
12789,6991,outandin
12789,7877,outgoing
12789,9255,outandin
12789,9530,outandin
12789,10093,outandin
12789,10110,outgoing
12789,10112,outgoing
12789,10873,outandin
12789,10875,outandin
12789,10890,outgoing
12789,11487,outandin
12789,11495,outandin
12789,11908,outandin
12789,11993,outandin
12789,12006,outandin
12789,624,outandin
12789,1649,outandin
12789,4729,outandin
12789,4970,outandin
12789,12976,outandin
12789,14006,outandin
12789,14253,outgoing
12789,12828,outgoing
12789,13417,outandin
12789,13995,outandin
12789,14039,outandin
12789,15197,outandin
12789,15406,outandin
2554,624,incoming
2554,926,incoming
2554,1271,outandin
2554,1333,incoming
2554,4003,incoming
2554,4970,incoming
2554,5784,incoming
2554,5974,outandin
2554,8082,outandin
2554,9347,incoming
2554,9530,incoming
2554,9684,incoming
2554,9808,outandin
2554,9924,incoming
2554,10018,incoming
2554,11016,outandin
2554,11143,outandin
2554,12006,incoming
2554,13251,incoming
2554,13268,outandin
2554,13422,incoming
2554,13547,outandin
2554,13747,incoming
2554,14049,incoming
2554,14902,outandin
2554,15091,outandin
2554,15195,outandin
2554,15219,outandin
2554,15392,outandin
2554,2897,outandin
2554,3544,outandin
2554,3900,outandin
2554,4729,incoming
2554,5242,outandin
2554,5320,incoming
2554,6768,outandin
2554,6786,outandin
2554,8999,incoming
2554,9017,outandin
2554,11878,outandin
2554,11993,outandin
2554,13314,outandin
2554,14057,outandin
2554,15391,outandin
14845,11741,outandin
14845,9684,outandin
8708,3011,outgoing
8708,3884,outgoing
8708,3900,outandin
8708,4819,outandin
8708,5468,outandin
8708,6692,outgoing
8708,6768,outandin
8708,7081,outgoing
8708,7089,outandin
8708,7115,outandin
8708,7693,outgoing
8708,933,outandin
8708,1794,outgoing
8708,3066,outandin
8708,7510,outandin
8708,9684,outandin
8708,13296,outandin
8708,13449,outgoing
8708,14902,outgoing
8708,15496,outgoing
8708,8801,outgoing
8708,9347,outandin
8708,10102,outandin
8708,11427,outandin
8708,11849,outandin
8708,13422,outandin
8708,13547,outandin
8708,14006,outandin
8708,15057,outandin
8708,15392,outandin
8708,15843,outandin
12810,926,
12810,1271,outandin
12810,1766,outgoing
12810,1770,outandin
12810,3020,outandin
12810,3614,outandin
12810,4729,outandin
12810,5839,outandin
12810,6786,outgoing
12810,9440,outgoing
12810,9451,outandin
12810,10110,outgoing
12810,10185,outgoing
12810,11697,outgoing
12810,11913,outandin
12810,12006,outandin
12810,2957,outandin
12810,10112,outgoing
12810,11878,incoming
12810,13314,outgoing
12810,13422,
12810,13678,outandin
12810,14049,
12810,13417,outandin
12810,14057,outandin
14871,1823,outandin
14871,3023,outandin
14871,5839,outandin
14871,7467,outandin
14871,7577,outandin
14871,10987,outgoing
14871,14253,outandin
14871,15197,outandin
14871,15406,outandin
12828,575,outandin
12828,933,outandin
12828,1770,outandin
12828,6686,outandin
12828,9530,outgoing
12828,10110,outandin
12828,11487,outandin
12828,11495,outandin
12828,11908,outandin
12828,11913,outandin
12828,11993,outandin
12828,4657,outandin
12828,5995,outandin
12828,7083,outandin
12828,14327,outandin
12828,15219,outandin
12828,12976,outandin
12828,15406,outandin
6686,4657,outgoing
6686,9766,outandin
6686,12976,
6686,14006,outandin
6686,15185,
6686,6763,
6686,13710,outgoing
6686,13753,
12832,933,incoming
12832,2957,outandin
12832,3011,outandin
12832,3141,outandin
12832,3544,incoming
12832,4961,outgoing
12832,5839,outgoing
12832,6692,outgoing
12832,6757,outandin
12832,6763,outgoing
12832,6988,outgoing
12832,9017,incoming
12832,9078,outandin
12832,9440,outandin
12832,9913,outandin
12832,9924,outandin
12832,11845,outgoing
12832,926,outandin
12832,3619,outandin
12832,6768,outandin
12832,10110,outandin
12832,10185,outandin
12832,15406,outandin
12832,13417,outandin
12832,15057,outandin
6692,933,outgoing
6692,1431,outgoing
6692,1823,outgoing
6692,2957,outgoing
6692,3011,outgoing
6692,3020,outgoing
6692,3066,outgoing
6692,3141,outandin
6692,3501,outgoing
6692,3619,outgoing
6692,4657,outandin
6692,4961,outgoing
6692,4970,outgoing
6692,5839,outgoing
6692,3884,outgoing
6692,5174,outandin
6692,5995,outandin
6692,6757,outandin
6692,6768,outgoing
6692,6988,outgoing
6692,7077,outandin
6692,7510,outgoing
6692,7693,outgoing
6692,9172,outandin
6692,9447,outgoing
6692,9684,incoming
6692,9913,outgoing
6692,10102,outandin
6692,10153,outgoing
6692,10176,outgoing
6692,10832,outandin
6692,10965,outandin
6692,11016,outgoing
6692,11152,outgoing
6692,11845,outgoing
6692,12084,outgoing
6692,12926,outandin
6692,13368,outgoing
6692,13449,outgoing
6692,13753,outgoing
6692,14253,outgoing
6692,14902,outgoing
6692,15195,outandin
6692,15219,outandin
6692,15406,outandin
6692,15564,outandin
6692,15669,outandin
6692,6763,outgoing
6692,7081,outandin
6692,9078,outandin
6692,9361,outandin
6692,9440,outandin
6692,9634,outgoing
6692,9784,outgoing
6692,11849,outandin
6692,13706,outgoing
6692,15057,outgoing
6692,15496,outandin
4657,575,outandin
4657,1770,outandin
4657,3724,outgoing
4657,1681,outandin
4657,5784,outgoing
4657,6763,outgoing
4657,6988,outandin
4657,7510,outandin
4657,8091,outgoing
4657,8820,outandin
4657,9766,outgoing
4657,10110,outandin
4657,10176,outgoing
4657,10892,outandin
4657,12976,
4657,13091,outandin
4657,13753,
4657,13791,outandin
4657,14006,outgoing
4657,14253,outandin
4657,15185,outgoing
4657,7877,outandin
4657,9656,outgoing
4657,10890,outgoing
4657,11487,outandin
4657,11495,outandin
4657,11908,outandin
4657,11913,outandin
4657,11993,outandin
4657,13417,outandin
4657,15219,outandin
4657,15406,outandin
14902,762,incoming
14902,933,
14902,1823,outgoing
14902,2897,outandin
14902,3011,outgoing
14902,3020,
14902,3066,outandin
14902,3544,incoming
14902,3572,outandin
14902,3619,outgoing
14902,3884,outgoing
14902,3900,
14902,5320,incoming
14902,5431,outandin
14902,5468,incoming
14902,5839,outandin
14902,6757,outandin
14902,6988,outgoing
14902,7693,
14902,8801,
14902,8999,incoming
14902,9017,incoming
14902,9078,outandin
14902,9684,
14902,9784,outgoing
14902,9808,incoming
14902,10112,outgoing
14902,10832,outandin
14902,11016,outandin
14902,11487,incoming
14902,12084,outgoing
14902,13296,incoming
14902,13449,outgoing
14902,13710,outandin
14902,13838,outgoing
14902,13880,outgoing
14902,14049,incoming
14902,14253,outgoing
14902,1168,incoming
14902,1649,outandin
14902,4729,outandin
14902,4970,
14902,5995,
14902,6768,outandin
14902,8145,outgoing
14902,9583,incoming
14902,11845,outandin
14902,15406,outandin
14902,15526,incoming
14902,15633,outandin
14902,15057,outandin
575,624,outandin
575,926,outandin
575,1649,outandin
575,4729,outandin
575,4970,outandin
575,6786,outandin
575,6991,outandin
575,7083,outandin
575,7314,outandin
575,7877,outandin
575,8082,outandin
575,10875,outandin
575,11993,outandin
575,13747,outandin
575,15406,outandin
575,1271,outandin
575,1770,outandin
575,3994,incoming
575,5784,outandin
575,9684,incoming
575,10110,outandin
575,11487,incoming
575,11495,outandin
575,12006,outandin
575,12976,outandin
575,13794,outandin
575,14057,outandin
575,15219,outandin
2632,926,outandin
2632,2903,outgoing
2632,3884,outandin
2632,4001,outgoing
2632,5468,outgoing
2632,5995,outandin
2632,6768,outandin
2632,7075,outandin
2632,7089,outandin
2632,7693,outandin
2632,9684,outandin
2632,10185,outgoing
2632,10974,outgoing
2632,13296,outgoing
2632,13736,outandin
2632,13838,outgoing
2632,15452,outandin
2632,15496,outgoing
2632,15564,outandin
2632,15633,outandin
2632,11648,outandin
2632,13422,outgoing
2632,14049,outandin
10832,933,outandin
10832,1823,outandin
10832,3544,outandin
10832,4970,outandin
10832,5839,outandin
10832,6757,outandin
10832,6988,outandin
10832,9530,outandin
10832,9784,outandin
10832,2897,outandin
10832,3020,outandin
10832,3066,outandin
10832,3619,outandin
10832,3884,outandin
10832,3913,
10832,4729,outandin
10832,5489,outandin
10832,5995,outandin
10832,7510,outandin
10832,7693,outandin
10832,9361,outandin
10832,9447,outandin
10832,9583,outandin
10832,9684,outandin
10832,10112,outandin
10832,10153,outandin
10832,10965,outandin
10832,11016,outandin
10832,11845,outandin
10832,12084,outandin
10832,12926,outandin
10832,13251,outandin
10832,13368,outandin
10832,13449,outandin
10832,13678,outandin
10832,14253,outandin
10832,15219,outandin
10832,15406,outandin
10832,15452,outgoing
10832,15496,outandin
10832,15564,outandin
10832,15669,outgoing
10832,11143,outandin
10832,11648,outgoing
8801,1823,outandin
8801,3544,incoming
8801,3688,outandin
8801,3884,outandin
8801,5174,outandin
8801,5431,outandin
8801,5839,outandin
8801,6786,outgoing
8801,7115,outandin
8801,7467,outandin
8801,7577,outgoing
8801,7693,
8801,1927,outandin
8801,3647,
8801,3994,
8801,4970,incoming
8801,5320,incoming
8801,6891,outandin
8801,7075,outandin
8801,9017,incoming
8801,9684,
8801,9808,incoming
8801,9924,incoming
8801,12084,outgoing
8801,13251,incoming
8801,13547,
8801,15633,outgoing
8801,9025,outandin
8801,9583,incoming
8801,10102,outandin
8801,11427,outgoing
8801,11606,outandin
8801,11908,outandin
8801,13296,outgoing
8801,13710,outandin
8801,13824,outandin
8801,13838,outandin
8801,13880,outgoing
8801,15406,outandin
8801,15452,outandin
6757,933,outandin
6757,3141,outandin
6757,3544,outandin
6757,5784,outgoing
6757,5839,outgoing
6757,767,outandin
6757,1271,outandin
6757,1431,outandin
6757,1794,outandin
6757,1823,outandin
6757,1990,outandin
6757,2957,outandin
6757,3066,outandin
6757,3151,outandin
6757,3619,outandin
6757,3884,outandin
6757,4961,outgoing
6757,5174,outandin
6757,5988,outandin
6757,6988,outgoing
6757,7314,outandin
6757,7510,outandin
6757,7577,outandin
6757,9017,outandin
6757,9078,outandin
6757,9447,outandin
6757,9634,outandin
6757,9712,outandin
6757,9784,outandin
6757,9808,outandin
6757,9958,outgoing
6757,10153,outandin
6757,10987,outandin
6757,11152,outgoing
6757,11697,outandin
6757,11845,outandin
6757,11849,outandin
6757,13368,outandin
6757,13449,outandin
6757,13706,outandin
6757,13753,outandin
6757,14253,outgoing
6757,14327,outandin
6757,15406,outandin
6757,9440,outandin
6757,9913,outandin
2662,767,outandin
2662,926,outgoing
2662,1372,outgoing
2662,2759,outandin
2662,3039,outandin
2662,5622,outgoing
2662,5746,outgoing
2662,7089,outgoing
2662,7115,outgoing
2662,10102,outgoing
2662,10987,outgoing
2662,11359,outandin
2662,11427,outgoing
2662,11781,outgoing
2662,13296,outgoing
2662,13824,outgoing
2662,14006,outandin
2662,14235,outandin
2662,15452,outgoing
2662,7467,outandin
2662,9025,outandin
2662,9184,outandin
2662,9370,outgoing
2662,9583,outgoing
2662,11908,outandin
2662,13710,outandin
6763,933,outgoing
6763,3011,outgoing
6763,3156,outandin
6763,3544,outandin
6763,4961,outgoing
6763,7510,
6763,8820,
6763,9017,outandin
6763,9447,outandin
6763,9623,outgoing
6763,9656,outgoing
6763,9766,outgoing
6763,11016,outgoing
6763,11845,outgoing
6763,12976,
6763,13449,outgoing
6763,13753,
6763,14006,outgoing
6763,14253,outgoing
6763,15057,outandin
6763,9784,outandin
6763,13417,outandin
6768,3011,outgoing
6768,3023,outandin
6768,3544,outandin
6768,3619,incoming
6768,3884,outgoing
6768,3994,
6768,4819,outandin
6768,5839,outandin
6768,3151,outandin
6768,4001,outandin
6768,5995,outandin
6768,6988,outgoing
6768,7077,outgoing
6768,7693,outgoing
6768,9684,outgoing
6768,13296,incoming
6768,6891,outandin
6768,7314,outandin
6768,7467,outandin
6768,7759,outandin
6768,9025,outandin
6768,9184,incoming
6768,9583,outgoing
6768,9924,outandin
6768,11487,outandin
6768,11908,incoming
6768,13091,incoming
6768,13186,outandin
6768,13710,outandin
6768,13838,outandin
6768,14155,outandin
6768,15197,outandin
6768,15391,outgoing
6768,15406,outandin
624,926,outandin
624,1333,incoming
624,1766,outandin
624,4729,incoming
624,4970,incoming
624,5242,incoming
624,5435,outandin
624,6786,outandin
624,6891,outandin
624,8082,outandin
624,8999,outandin
624,9684,incoming
624,9924,outandin
624,10018,outandin
624,10110,outandin
624,10875,outandin
624,11495,outandin
624,11993,outandin
624,12006,incoming
624,13251,incoming
624,13314,outandin
624,13422,outandin
624,14049,incoming
624,14057,outandin
624,15219,incoming
624,1770,outandin
624,2897,outandin
624,3572,outandin
624,3900,incoming
624,4003,incoming
624,5431,outandin
624,5974,outandin
624,5988,outandin
624,9347,incoming
624,9530,incoming
624,11487,incoming
624,11908,outandin
624,14970,outandin
624,15091,outandin
624,15391,outandin
624,15406,outandin
8820,7198,incoming
8820,8091,incoming
8820,3724,incoming
8820,7510,outandin
8820,9766,incoming
8820,10892,
8820,12976,
8820,13824,outgoing
8820,15185,incoming
8820,15452,outgoing
8820,9094,incoming
8820,9656,
8820,11606,outandin
8820,13753,
4729,767,outandin
4729,926,outandin
4729,1271,outandin
4729,1333,outandin
4729,1649,outandin
4729,1770,incoming
4729,3619,outandin
4729,3994,incoming
4729,4001,outandin
4729,1766,outandin
4729,4003,incoming
4729,4970,incoming
4729,5242,incoming
4729,5572,incoming
4729,5784,outandin
4729,7314,incoming
4729,7693,incoming
4729,7877,outandin
4729,8082,outandin
4729,9347,outandin
4729,9530,outandin
4729,9684,incoming
4729,9924,outandin
4729,10018,outandin
4729,10110,outandin
4729,10873,outandin
4729,10875,incoming
4729,11016,outandin
4729,11493,outandin
4729,11993,outandin
4729,13314,outandin
4729,13422,outandin
4729,13747,outandin
4729,14049,outandin
4729,14057,outandin
4729,15219,incoming
4729,15272,outandin
4729,15406,outandin
4729,4819,outandin
4729,5320,incoming
4729,5431,outandin
4729,6786,incoming
4729,6991,outandin
4729,7083,incoming
4729,7467,outandin
4729,7759,outandin
4729,9025,outandin
4729,9184,incoming
4729,9255,outandin
4729,9583,incoming
4729,9712,incoming
4729,10102,outandin
4729,10127,outandin
4729,10987,outandin
4729,11487,outandin
4729,11495,outandin
4729,11878,outandin
4729,11908,incoming
4729,12006,incoming
4729,13091,incoming
4729,13794,outandin
4729,13838,outandin
14970,3039,incoming
14970,3884,outandin
14970,5431,outandin
14970,5988,incoming
14970,7467,outandin
14970,9583,outandin
14970,10102,outandin
14970,11427,outgoing
14970,11781,outandin
14970,11908,outandin
14970,13296,incoming
14970,13791,outgoing
14970,13880,outandin
14970,1322,outandin
14970,3156,outandin
14970,6891,incoming
14970,7010,incoming
14970,8096,outandin
14970,9684,outandin
14970,10185,outandin
14970,12081,outandin
10875,926,outgoing
10875,1168,
10875,1271,outandin
10875,1467,outandin
10875,1649,incoming
10875,1990,outandin
10875,3023,outandin
10875,3151,outandin
10875,3994,
10875,4970,outgoing
10875,5435,outgoing
10875,6786,outgoing
10875,6891,outandin
10875,7089,outandin
10875,7467,outandin
10875,7693,outandin
10875,8096,incoming
10875,9451,outandin
10875,9684,
10875,9924,outgoing
10875,10110,outgoing
10875,10185,outgoing
10875,1333,incoming
10875,1681,outgoing
10875,1770,outandin
10875,5174,outandin
10875,5247,outandin
10875,5988,incoming
10875,5995,outandin
10875,7077,outgoing
10875,7877,outandin
10875,8082,outgoing
10875,9066,outgoing
10875,9347,outgoing
10875,9530,outgoing
10875,10112,outgoing
10875,11359,
10875,11993,outandin
10875,12926,outandin
10875,13296,outandin
10875,13747,outgoing
10875,14253,outgoing
10875,15219,outgoing
10875,15272,outgoing
10875,15406,outandin
10875,11487,outandin
10875,11493,outandin
10875,11697,outgoing
10875,13417,outandin
10875,13794,outandin
10875,14057,outandin
10875,14309,outgoing
10875,15109,outandin
10873,1649,outandin
10873,1770,outandin
10873,6786,outandin
10873,9451,outandin
10873,10112,outandin
10873,12926,outgoing
10873,10890,outgoing
10873,11606,outandin
10873,11697,outandin
10873,13417,outandin
10873,14057,outandin
12926,933,outandin
12926,1271,outandin
12926,1649,outandin
12926,1823,outandin
12926,4970,outandin
12926,5572,outandin
12926,5839,outandin
12926,6988,outgoing
12926,8082,outandin
12926,9784,outandin
12926,10890,outgoing
12926,11016,outandin
12926,13794,outandin
12926,14057,outgoing
12926,15406,outandin
6786,926,outgoing
6786,933,incoming
6786,1823,outandin
6786,3884,outgoing
6786,4970,
6786,5839,outandin
6786,1271,outandin
6786,1333,outgoing
6786,1649,outandin
6786,1681,outgoing
6786,1766,outgoing
6786,3020,outgoing
6786,3572,outgoing
6786,3614,outgoing
6786,4003,outgoing
6786,5242,outandin
6786,5572,outandin
6786,5784,outgoing
6786,5974,outgoing
6786,5995,
6786,7077,outgoing
6786,7083,outandin
6786,7693,outgoing
6786,8082,outgoing
6786,9066,outgoing
6786,9347,outgoing
6786,9451,outgoing
6786,9530,outgoing
6786,9583,
6786,9684,incoming
6786,9924,outgoing
6786,10018,outandin
6786,10093,outgoing
6786,10102,outgoing
6786,10110,outgoing
6786,10185,outgoing
6786,11016,outandin
6786,11427,outgoing
6786,11493,outgoing
6786,11697,outgoing
6786,11878,outgoing
6786,11993,outandin
6786,12006,outgoing
6786,13091,incoming
6786,13314,outandin
6786,13422,outgoing
6786,13678,outgoing
6786,13747,outgoing
6786,13779,outgoing
6786,14039,outgoing
6786,14049,outandin
6786,14057,outandin
6786,14155,outgoing
6786,14309,outgoing
6786,14318,incoming
6786,15219,outgoing
6786,15272,outgoing
6786,15406,outandin
6786,7467,outandin
6786,9025,outandin
6786,9184,incoming
6786,9639,outandin
6786,9712,incoming
6786,9784,outandin
6786,9913,outandin
6786,10112,outgoing
6786,11487,outandin
6786,11908,incoming
10890,1770,outgoing
10890,5572,outgoing
10890,7877,outgoing
10890,10112,outgoing
10890,14039,outgoing
10890,15406,outgoing
10890,11487,outandin
10890,11908,outandin
10892,3900,outandin
10892,6988,incoming
10892,8091,incoming
10892,9656,
10892,9766,incoming
10892,12976,outandin
10892,13753,incoming
10892,15185,outandin
10892,11606,outandin
12951,762,incoming
12951,3334,outandin
12951,5468,outgoing
12951,7075,outgoing
12951,9804,outandin
12951,1247,outgoing
12951,2903,
12951,5229,outgoing
12951,7857,outgoing
12951,9172,outandin
12951,13838,incoming
12976,3156,
12976,3724,outgoing
12976,5305,outandin
12976,6991,outandin
12976,7083,outandin
12976,7314,incoming
12976,7877,outandin
12976,8091,outgoing
12976,8920,outandin
12976,9583,outandin
12976,9656,outgoing
12976,9712,incoming
12976,9766,incoming
12976,11487,outandin
12976,11908,outandin
12976,1788,outandin
12976,3151,outandin
12976,7510,outandin
12976,9017,outandin
12976,13186,outandin
12976,13251,outandin
12976,13296,outandin
12976,13753,
12976,14006,
12976,15185,
12976,15633,outandin
12976,13710,outgoing
12976,15219,outandin
15057,3141,outandin
15057,5839,outgoing
15057,9913,outandin
15057,926,outandin
15057,933,outgoing
15057,1823,outandin
15057,2957,outandin
15057,3011,outgoing
15057,3020,outgoing
15057,3023,outandin
15057,3501,outandin
15057,3572,outandin
15057,4961,outandin
15057,5489,outandin
15057,5988,outandin
15057,6988,outandin
15057,7081,outandin
15057,7314,outandin
15057,7510,outgoing
15057,9078,outandin
15057,9440,outandin
15057,9447,outandin
15057,9634,outandin
15057,9784,outandin
15057,10112,outandin
15057,11016,outandin
15057,11152,outandin
15057,11845,outgoing
15057,12084,outandin
15057,13060,outandin
15057,13368,outandin
15057,13449,outandin
15057,13505,outandin
15057,13747,outandin
15057,13753,outandin
15057,14253,outandin
15057,14327,outandin
15057,15219,outandin
15057,15406,outandin
15057,15564,outandin
4819,1372,incoming
4819,1722,outandin
4819,2933,
4819,3614,outandin
4819,3913,outandin
4819,5131,incoming
4819,5489,outandin
4819,5784,incoming
4819,7077,outgoing
4819,7356,incoming
4819,7577,outandin
4819,7651,outgoing
4819,7693,incoming
4819,9172,outandin
4819,9684,outandin
4819,10965,incoming
4819,13186,incoming
4819,13268,incoming
4819,13296,outandin
4819,13547,
4819,15219,outandin
4819,15669,outandin
4819,9804,incoming
4819,11487,incoming
4819,13824,outandin
4819,14049,incoming
4819,15391,outandin
10965,762,incoming
10965,933,outandin
10965,1722,incoming
10965,1823,outandin
10965,2926,outandin
10965,3039,outandin
10965,3572,outandin
10965,3688,outandin
10965,3900,incoming
10965,5305,outandin
10965,5468,outandin
10965,5489,outandin
10965,5839,outandin
10965,7089,outandin
10965,7115,outandin
10965,7693,
10965,9684,incoming
10965,9784,outandin
10965,7075,outandin
10965,7077,outandin
10965,7577,outandin
10965,12084,outgoing
10965,13268,incoming
10965,13547,
10965,11016,outandin
10965,12222,outandin
10965,13186,outandin
10965,13296,outandin
10965,14253,outandin
10965,15391,outgoing
8920,3023,outgoing
8920,7089,outgoing
8920,7577,outandin
8920,1322,outandin
8920,1788,outgoing
8920,3923,outgoing
8920,3994,outandin
8920,5622,outgoing
8920,5746,outandin
8920,9114,outandin
8920,9493,outandin
8920,10102,outandin
8920,10127,outandin
8920,14253,outandin
8920,15452,outgoing
8920,15109,outandin
10974,3039,outandin
10974,5393,outgoing
10974,9501,outgoing
10974,7759,outandin
10974,13296,
10974,13838,
10987,767,outandin
10987,926,outgoing
10987,3023,outandin
10987,3994,outandin
10987,5431,outandin
10987,5435,outandin
10987,5572,outandin
10987,5746,outgoing
10987,5839,outandin
10987,7089,outgoing
10987,7314,outgoing
10987,7467,outandin
10987,7759,outgoing
10987,9025,outandin
10987,9078,outandin
10987,9184,outandin
10987,9370,outgoing
10987,9583,outgoing
10987,9684,outgoing
10987,3724,outandin
10987,3923,outandin
10987,5622,outgoing
10987,5995,outgoing
10987,7115,outgoing
10987,10102,outgoing
10987,12081,outgoing
10987,13880,outgoing
10987,11845,outandin
10987,11908,outandin
10987,13251,outandin
10987,13296,outgoing
10987,13710,outandin
10987,13736,outandin
10987,13838,outandin
6891,1322,incoming
6891,1333,outandin
6891,3039,incoming
6891,3900,
6891,4003,outandin
6891,4970,outandin
6891,5431,outandin
6891,5988,incoming
6891,5995,outandin
6891,7693,outandin
6891,9684,
6891,9808,incoming
6891,13251,outandin
6891,13296,incoming
6891,7577,outandin
6891,8145,outgoing
15091,767,outandin
15091,926,incoming
15091,2868,
15091,7577,outandin
15091,8145,outandin
15091,8999,incoming
15091,10018,outandin
15091,10110,outandin
15091,11493,incoming
15091,11648,outandin
15091,13186,outgoing
15091,13251,incoming
15091,13314,outgoing
15091,13422,incoming
15091,13736,incoming
15091,14049,
15091,4970,outandin
15091,5431,outandin
15091,9924,outandin
15091,10185,outandin
15091,15669,outandin
15091,15391,outgoing
15091,15392,
762,2926,incoming
762,2933,outandin
762,7356,incoming
762,7577,incoming
762,7693,incoming
762,7857,incoming
762,13268,incoming
762,13547,incoming
762,3688,outandin
762,3900,outandin
762,9684,incoming
762,13824,outandin
767,926,outandin
767,1927,outandin
767,3994,outandin
767,5622,outandin
767,5995,outandin
767,7083,outandin
767,7115,outandin
767,7314,outandin
767,7693,outandin
767,9447,outandin
767,9684,outandin
767,13251,outandin
767,5431,outandin
767,5572,outandin
767,5746,outandin
767,7467,outandin
767,7577,outandin
767,9025,outandin
767,9078,outandin
767,9184,outandin
767,9255,outandin
767,9583,outandin
767,11845,outandin
767,11849,outandin
767,11908,outandin
767,13710,outandin
767,13838,outandin
767,15391,outandin
13060,1372,incoming
13060,1794,outandin
13060,3011,outgoing
13060,3688,outandin
13060,3900,outandin
13060,11487,outandin
13060,1271,outandin
13060,1770,outandin
13060,2897,outandin
13060,14309,outandin
13060,14155,outgoing
15109,1722,outandin
15109,7075,outandin
15109,7577,outandin
15109,8096,outandin
15109,788,outandin
15109,1101,outandin
15109,1247,outandin
15109,3994,outandin
15109,5435,outandin
15109,9370,outandin
15109,11359,outandin
15109,11849,outandin
15109,13743,outandin
15109,13763,outandin
11016,926,outandin
11016,933,outandin
11016,1823,outandin
11016,3544,outandin
11016,3572,outandin
11016,3619,outgoing
11016,4970,outandin
11016,5784,outgoing
11016,5839,outandin
11016,6988,outgoing
11016,9017,outandin
11016,9361,outgoing
11016,9784,outandin
11016,9913,outandin
11016,3020,outandin
11016,3066,outandin
11016,7510,outandin
11016,9447,outandin
11016,10112,outandin
11016,10153,outgoing
11016,11143,outandin
11016,11845,outandin
11016,12084,outandin
11016,13251,outandin
11016,13368,outandin
11016,13449,outandin
11016,13678,outgoing
11016,13747,outandin
11016,14253,outgoing
11016,15219,outandin
11016,15406,outgoing
11016,15564,outgoing
11016,15669,outandin
11016,13753,outgoing
11016,14057,outandin
788,9671,outandin
788,14253,outandin
13091,3023,outandin
13091,3141,outandin
13091,3994,outandin
13091,4961,outandin
13091,6988,outandin
13091,7083,
13091,7467,outgoing
13091,9025,incoming
13091,9184,incoming
13091,9447,outandin
13091,9583,
13091,9634,outandin
13091,10176,outgoing
13091,11697,outandin
13091,11908,incoming
13091,3151,
13091,3156,
13091,3320,
13091,5995,
13091,7314,
13091,7759,
13091,9712,
13091,10102,outgoing
13091,10127,
13091,11427,outgoing
13091,12081,outgoing
13091,13710,
13091,13791,outgoing
13091,14006,
13091,14253,outgoing
13091,14318,
13091,15357,outgoing
13091,13995,outandin
8999,2868,incoming
8999,4003,incoming
8999,1812,incoming
8999,2926,incoming
8999,3020,incoming
8999,3647,outandin
8999,4970,incoming
8999,9017,incoming
8999,9347,incoming
8999,9808,incoming
8999,9924,incoming
8999,13186,incoming
8999,13251,incoming
8999,15195,outandin
8999,15219,incoming
8999,15392,incoming
8999,15526,incoming
8999,11487,outandin
2868,3736,outgoing
2868,5229,incoming
2868,8122,outgoing
2868,10018,outandin
2868,10185,outgoing
2868,13186,
2868,13880,outgoing
2868,13974,
2868,14049,
2868,15195,outgoing
2868,15391,
2868,15422,
2868,15526,incoming
2868,13314,outandin
9017,933,incoming
9017,3544,incoming
9017,3688,outandin
9017,3913,outandin
9017,4003,outandin
9017,4961,incoming
9017,5839,outandin
9017,6988,outandin
9017,7510,outandin
9017,1649,outandin
9017,3647,incoming
9017,3900,outandin
9017,4970,incoming
9017,7693,incoming
9017,9347,outandin
9017,9447,outandin
9017,9684,incoming
9017,9808,incoming
9017,9924,incoming
9017,11845,outandin
9017,13251,outandin
9017,13449,incoming
9017,14327,incoming
9017,15219,outandin
9017,15406,outandin
9017,9078,outandin
9017,11487,incoming
9025,7467,outandin
9025,1273,outandin
9025,1788,outandin
9025,3023,outandin
9025,3156,outandin
9025,3320,outandin
9025,5995,outandin
9025,7083,outandin
9025,7115,outandin
9025,7314,outandin
9025,7693,outandin
9025,7759,outandin
9025,9184,incoming
9025,9583,outandin
9025,9684,outandin
9025,9712,outandin
9025,10102,outandin
9025,10127,outandin
9025,11427,outandin
9025,11697,outandin
9025,13710,outandin
9025,14006,outandin
9025,14318,outandin
9025,11908,incoming
6988,933,
6988,1431,outgoing
6988,1722,outandin
6988,1823,outgoing
6988,3020,outandin
6988,3066,outgoing
6988,3141,outgoing
6988,3501,outgoing
6988,3544,incoming
6988,3572,outandin
6988,3619,outgoing
6988,4961,outgoing
6988,5305,outandin
6988,5839,outgoing
6988,1649,outandin
6988,2897,outandin
6988,3884,outgoing
6988,4970,outandin
6988,5174,outandin
6988,5243,outandin
6988,5320,outandin
6988,5489,outgoing
6988,7042,outandin
6988,7510,outgoing
6988,8091,outandin
6988,9078,outgoing
6988,9172,outandin
6988,9361,outgoing
6988,9440,outandin
6988,9447,outgoing
6988,9530,outandin
6988,9623,outandin
6988,9634,outandin
6988,9784,outgoing
6988,9913,outgoing
6988,9958,outgoing
6988,10153,outgoing
6988,10176,outgoing
6988,11152,outgoing
6988,11845,
6988,12084,outgoing
6988,13368,outgoing
6988,13449,outgoing
6988,13505,outgoing
6988,13753,outgoing
6988,14253,outgoing
6988,14327,outgoing
6988,15219,outandin
6988,15357,outandin
6988,15406,outgoing
6988,15496,outgoing
6988,15564,outgoing
6988,15669,outgoing
6988,13706,outandin
6988,14057,outandin
6991,1649,outandin
6991,1812,outandin
6991,3320,outandin
6991,3884,outgoing
6991,5995,outandin
6991,7083,outandin
6991,7693,outgoing
6991,9530,outandin
6991,13747,outandin
6991,14006,outandin
6991,15219,outandin
6991,15633,outandin
6991,7089,outandin
6991,7877,outandin
6991,11487,outandin
6991,11908,outandin
6991,11993,outandin
6991,14318,outandin
6991,15197,outandin
6991,15406,outandin
2897,933,outandin
2897,1794,outandin
2897,3066,outgoing
2897,3544,outandin
2897,3913,
2897,4001,incoming
2897,4970,outgoing
2897,5320,outandin
2897,5468,outandin
2897,5784,incoming
2897,7314,outandin
2897,9684,incoming
2897,13251,outandin
2897,13422,outandin
2897,14309,incoming
2897,15195,outandin
2897,15496,outandin
2897,11487,outandin
2897,11648,outgoing
2897,14253,outandin
15185,3156,outgoing
15185,5305,outandin
15185,7198,incoming
15185,7467,outandin
15185,8091,outandin
15185,9766,outandin
15185,11487,outandin
15185,13710,outandin
15185,13753,
15185,14006,outgoing
15185,3724,outandin
2903,4001,outandin
2903,5229,outgoing
2903,7075,outandin
2903,9804,outandin
2903,13296,
2903,13736,
2903,13838,
2903,15526,incoming
2903,7693,outgoing
2903,11781,outgoing
2903,12091,outandin
15195,933,outgoing
15195,3020,outgoing
15195,3066,outgoing
15195,3572,outandin
15195,3614,outgoing
15195,4970,outgoing
15195,5305,outandin
15195,9784,outgoing
15195,10018,outgoing
15195,11648,outandin
15195,13186,outgoing
15195,13251,outandin
15195,13314,outgoing
15195,13422,outgoing
15195,13678,outgoing
15195,14049,outgoing
15195,4003,outgoing
15195,5468,outandin
15195,8145,outgoing
15195,9347,outgoing
15195,9684,outandin
15195,9924,outandin
15195,11143,outgoing
15195,15219,outandin
15195,15392,outgoing
15195,15496,outandin
15195,15669,outgoing
15195,15391,outgoing
15197,3141,outgoing
15197,5431,outandin
15197,1273,outandin
15197,3151,outandin
15197,3619,outandin
15197,3724,outandin
15197,3884,outandin
15197,3923,outandin
15197,5622,outandin
15197,5746,outandin
15197,5988,outandin
15197,5995,outandin
15197,7042,outandin
15197,7083,outandin
15197,7314,outandin
15197,8082,outandin
15197,9684,outandin
15197,10102,outandin
15197,10112,outandin
15197,10127,outandin
15197,11908,outandin
15197,12081,outandin
15197,14253,outandin
15197,15406,outandin
15197,15452,outandin
15197,15633,outandin
4961,933,outandin
4961,1431,outgoing
4961,3141,outgoing
4961,3544,outandin
4961,5839,outgoing
4961,7083,outandin
4961,9447,outandin
4961,9634,outandin
4961,9913,outgoing
4961,10153,outgoing
4961,10176,outgoing
4961,11845,outandin
4961,13368,outandin
4961,13449,outandin
4961,14253,outgoing
4961,5431,outandin
4961,9078,outgoing
4961,9440,outandin
4961,11152,outandin
4961,13706,outgoing
4961,13753,outgoing
4961,14327,outandin
7010,3039,incoming
7010,5988,incoming
7010,12081,outandin
7010,13296,
7010,13736,outandin
7010,9684,incoming
4970,926,
4970,1333,incoming
4970,1372,outandin
4970,1766,outgoing
4970,3011,outgoing
4970,3020,
4970,3066,outandin
4970,3544,incoming
4970,3572,incoming
4970,3900,incoming
4970,4003,
4970,3501,outgoing
4970,5320,incoming
4970,7693,outandin
4970,7877,outandin
4970,8082,outandin
4970,9451,outandin
4970,9530,outgoing
4970,9684,incoming
4970,9808,incoming
4970,9924,
4970,10018,incoming
4970,10112,outgoing
4970,12006,
4970,13251,incoming
4970,13678,outgoing
4970,14049,incoming
4970,14309,outgoing
4970,15219,outgoing
4970,15406,outgoing
4970,15564,outgoing
4970,15633,outandin
4970,15669,outgoing
4970,5242,incoming
4970,5305,outandin
4970,5839,outandin
4970,5974,outgoing
4970,7077,outgoing
4970,9347,
4970,10110,outandin
4970,10185,outgoing
4970,11143,outandin
4970,11487,incoming
4970,11495,outandin
4970,11697,outgoing
4970,11913,outandin
4970,11993,outandin
4970,13186,outandin
4970,13296,outandin
4970,13314,outandin
4970,13417,outandin
4970,13422,outandin
4970,13449,outandin
4970,13747,outgoing
4970,14057,outandin
4970,14155,outandin
4970,15391,outgoing
4970,15392,outgoing
4970,15496,outandin
4970,15526,incoming
9066,1333,outgoing
9066,5572,outandin
9066,10112,outgoing
9066,9451,outandin
9066,9530,outandin
9066,10110,outandin
9066,10185,outandin
9066,11697,outgoing
9066,13417,outandin
9066,14309,outandin
9066,15272,outgoing
2926,1342,
2926,3994,outandin
2926,5974,outandin
2926,7693,
2926,7857,
2926,8096,incoming
2926,12006,outandin
2926,3900,incoming
15219,926,outandin
15219,933,outandin
15219,1770,outandin
15219,1823,outandin
15219,3020,outgoing
15219,3614,outandin
15219,5242,incoming
15219,5839,outandin
15219,7077,outandin
15219,8082,outgoing
15219,9451,outandin
15219,9530,outgoing
15219,9684,
15219,9784,outandin
15219,9924,outandin
15219,10018,outandin
15219,10110,outandin
15219,10112,outgoing
15219,10185,outgoing
15219,11487,outandin
15219,11495,outandin
15219,11697,outgoing
15219,12006,outgoing
15219,13417,outandin
15219,13449,outandin
15219,13678,outandin
15219,13747,outandin
15219,14057,outandin
15219,14309,outandin
15219,1271,outandin
15219,1322,outgoing
15219,1333,outgoing
15219,1649,outandin
15219,5784,outandin
15219,9347,outandin
15219,11493,outandin
15219,11878,outandin
15219,11993,outandin
15219,12084,outandin
15219,13251,outandin
15219,13422,outgoing
15219,14049,outandin
15219,14155,outandin
15219,15406,outandin
15219,15633,outandin
15219,15669,outandin
15219,15496,outandin
2933,1372,incoming
2933,3736,outandin
2933,5131,incoming
2933,5489,incoming
2933,7857,outandin
2933,13547,
2933,15422,
2933,3688,outandin
2933,3900,outandin
2933,9804,outandin
2933,11487,outandin
2933,15391,outandin
9078,3141,outandin
9078,3544,outandin
9078,5839,outgoing
9078,933,outandin
9078,1271,outandin
9078,1794,outandin
9078,1823,outandin
9078,1990,outandin
9078,2957,outandin
9078,3151,outandin
9078,3619,outandin
9078,5746,outandin
9078,5784,outandin
9078,5988,outandin
9078,7314,outandin
9078,7510,outandin
9078,7577,outandin
9078,9447,outgoing
9078,9634,outandin
9078,9712,outandin
9078,9808,outandin
9078,9958,outgoing
9078,10153,outandin
9078,11152,outgoing
9078,11845,outandin
9078,11849,outandin
9078,13449,outandin
9078,13505,outgoing
9078,13706,outandin
9078,13753,outandin
9078,14327,outgoing
9078,15406,outandin
9078,9440,outandin
9078,9913,outandin
9078,11913,outandin
9078,13417,outandin
9078,14253,outgoing
7042,3023,outgoing
7042,3141,outgoing
7042,3884,outgoing
7042,5839,outandin
7042,13791,outgoing
7042,7089,outgoing
7042,7467,outandin
7042,7693,outandin
7042,9447,outandin
7042,9493,outandin
7042,13880,outgoing
7042,13995,outandin
7042,14253,outgoing
7042,14291,outandin
7042,15357,outandin
7042,15452,outgoing
13186,1372,outandin
13186,1722,outgoing
13186,1766,outandin
13186,3614,outgoing
13186,3688,outandin
13186,5131,outandin
13186,5784,outgoing
13186,10185,outandin
13186,11487,incoming
13186,11648,outandin
13186,12006,outgoing
13186,1681,outandin
13186,3020,outandin
13186,3647,outandin
13186,7077,outgoing
13186,7089,outandin
13186,7356,outandin
13186,7577,outandin
13186,7651,outandin
13186,7693,outandin
13186,8145,outandin
13186,9530,outandin
13186,10018,outgoing
13186,11143,outandin
13186,12084,outandin
13186,13296,outandin
13186,13314,outgoing
13186,13422,
13186,13736,outandin
13186,14049,
13186,14155,outandin
13186,15391,outgoing
13186,15392,outgoing
13186,15496,outandin
13186,15669,outgoing
13186,13974,
9094,3900,outandin
9094,1812,outandin
9094,12222,outandin
11143,3544,outandin
11143,3619,outandin
11143,10018,outgoing
11143,5468,outandin
11143,13251,outandin
11143,13296,outandin
11143,15406,outandin
11143,15564,outandin
11143,11648,outandin
2957,5839,outgoing
2957,7083,outandin
2957,9447,outgoing
2957,9634,outgoing
2957,10185,outgoing
2957,3141,outandin
2957,3501,outgoing
2957,9440,outandin
2957,9913,outandin
2957,10112,outgoing
2957,11845,outandin
2957,13505,outandin
2957,14253,outgoing
11152,3141,outgoing
11152,5839,outgoing
11152,9440,outandin
11152,9784,outgoing
11152,9913,outandin
11152,9958,outgoing
11152,9447,outandin
11152,13505,outgoing
11152,14327,outgoing
13204,1823,outandin
13204,3023,outandin
13204,5839,outandin
13204,15406,outandin
926,1333,outandin
926,4003,outgoing
926,5622,outandin
926,5746,incoming
926,5784,outandin
926,5974,outandin
926,5995,outgoing
926,7077,outgoing
926,7089,outgoing
926,8082,outandin
926,9347,outgoing
926,9530,outandin
926,10018,outandin
926,10102,outgoing
926,10110,outgoing
926,10112,outgoing
926,10185,outgoing
926,11493,
926,11878,outandin
926,11993,outandin
926,12006,outandin
926,13251,outandin
926,13296,outgoing
926,13422,
926,13736,outgoing
926,13747,incoming
926,14049,incoming
926,1770,outandin
926,5242,incoming
926,9451,outandin
926,9684,outandin
926,11487,incoming
926,11495,outgoing
926,11697,outgoing
926,11849,outandin
926,11908,outandin
926,13417,outandin
926,13678,outgoing
926,14057,outandin
926,14155,outandin
926,15406,outandin
7075,5229,outgoing
7075,5468,outandin
7075,7693,outgoing
7075,12084,outandin
7075,12091,outandin
7075,13296,outgoing
7075,13736,outandin
7075,11781,outgoing
7075,13838,outgoing
933,1823,outgoing
933,3011,outandin
933,3020,
933,3066,outgoing
933,3141,outandin
933,3544,incoming
933,3619,outgoing
933,5243,outandin
933,5320,incoming
933,5839,outgoing
933,7510,outgoing
933,9361,outandin
933,9447,outgoing
933,9530,outandin
933,9634,outandin
933,9784,outgoing
933,9913,outgoing
933,10112,outandin
933,10153,outgoing
933,11845,
933,12084,outandin
933,13368,outgoing
933,13449,
933,13678,outandin
933,14057,outandin
933,14253,outgoing
933,14327,outandin
933,15272,outandin
933,15406,outandin
933,15496,outandin
933,15564,outandin
933,15669,outandin
933,9440,outandin
933,13753,outandin
7077,3011,outgoing
7077,3614,outgoing
7077,5784,outandin
7077,10112,outgoing
7077,10185,outgoing
7077,11878,outgoing
7077,13422,outandin
7077,14155,outgoing
7077,9451,outandin
7077,10110,outgoing
7077,11697,outgoing
7077,12006,outgoing
7077,13417,outandin
7077,13678,outgoing
7077,13974,outandin
7077,14309,outandin
7077,15272,outgoing
15272,1271,outandin
15272,1649,outandin
15272,1823,outandin
15272,3023,outandin
15272,5839,outandin
15272,8096,outandin
15272,9451,outgoing
15272,9784,outandin
15272,9913,outandin
15272,10110,outgoing
15272,10185,outgoing
15272,11697,outgoing
15272,13417,outandin
15272,14039,outgoing
15272,14057,outandin
15272,3884,outgoing
15272,7693,outandin
15272,8082,outgoing
15272,10102,outgoing
15272,10112,outgoing
15272,15406,outgoing
7081,3141,outandin
7081,5839,outgoing
7081,1794,outgoing
7081,8082,outandin
7081,9447,outgoing
7081,14253,outgoing
7081,9440,outandin
7081,9913,outandin
7081,13417,outandin
7083,1927,outandin
7083,3619,incoming
7083,3724,outandin
7083,3884,outgoing
7083,3994,outandin
7083,5431,outandin
7083,5435,outandin
7083,5839,outandin
7083,5988,
7083,5995,outgoing
7083,7314,incoming
7083,7693,incoming
7083,7759,outandin
7083,9583,
7083,9684,incoming
7083,13296,
7083,14006,incoming
7083,14318,outandin
7083,15633,outandin
7083,7089,outandin
7083,7467,outandin
7083,7877,outandin
7083,9184,incoming
7083,9712,outandin
7083,10127,incoming
7083,11487,outandin
7083,11495,outandin
7083,11697,outandin
7083,11908,incoming
7083,12006,outandin
7083,13251,outandin
7083,13710,outandin
7083,13838,outandin
7083,13880,outgoing
7083,14253,outandin
7089,3023,outgoing
7089,3884,outgoing
7089,3900,outgoing
7089,3994,outgoing
7089,5435,outandin
7089,5839,outandin
7089,5995,outgoing
7089,6093,outandin
7089,1766,outandin
7089,3151,outandin
7089,5622,outgoing
7089,5746,outgoing
7089,7115,outgoing
7089,7577,outgoing
7089,7693,outgoing
7089,9684,outgoing
7089,10112,outgoing
7089,11359,outandin
7089,12081,outandin
7089,12084,outandin
7089,13547,outandin
7089,13743,outgoing
7089,13791,outgoing
7089,13824,outandin
7089,14253,outandin
7089,14291,outandin
7089,15452,outgoing
7089,15633,outandin
7089,7467,outandin
7089,7759,outgoing
7089,8145,outgoing
7089,9255,outandin
7089,9583,outgoing
7089,13736,outandin
7089,13838,outgoing
7089,13880,outgoing
7089,15391,outgoing
3011,1681,outgoing
3011,1794,outgoing
3011,3884,outgoing
3011,4003,outandin
3011,7510,outgoing
3011,7693,outgoing
3011,9440,outandin
3011,9684,outandin
3011,11845,outgoing
3011,13449,outgoing
3011,13678,outandin
3011,13747,outgoing
3011,13753,outgoing
3011,14155,outandin
3011,14253,outgoing
3011,14309,outandin
3011,3141,outandin
3011,5839,outgoing
3011,9913,outandin
3011,13417,outandin
3011,15496,outandin
5060,5393,outandin
5060,13969,outandin
13251,1271,outandin
13251,1333,outandin
13251,1372,outandin
13251,1649,outandin
13251,1722,outandin
13251,3544,incoming
13251,3619,outandin
13251,4003,incoming
13251,5431,outandin
13251,5746,outandin
13251,7314,outandin
13251,7693,outgoing
13251,9347,outandin
13251,9530,outandin
13251,9684,incoming
13251,9808,outandin
13251,9924,outandin
13251,10018,outandin
13251,10102,outandin
13251,11487,incoming
13251,11741,outandin
13251,11878,outandin
13251,12006,outandin
13251,5320,incoming
13251,5995,outandin
13251,9712,outandin
13251,13296,outandin
13251,14318,outandin
13251,15526,incoming
13251,13314,outandin
13251,13422,outandin
13251,13710,outandin
13251,13736,outandin
13251,13838,outandin
13251,14049,incoming
13251,15391,outandin
13251,15633,outandin
7115,3884,outandin
7115,1372,outandin
7115,5622,outgoing
7115,7577,outgoing
7115,7693,outandin
7115,12084,outandin
7115,13824,outandin
7115,15452,outgoing
7115,7467,outandin
7115,9184,outandin
7115,9583,outandin
7115,11908,outandin
7115,13710,outandin
3020,1823,outandin
3020,3066,outandin
3020,3572,
3020,3614,outandin
3020,3884,outandin
3020,5320,incoming
3020,9924,outandin
3020,10112,outgoing
3020,13678,outgoing
3020,14253,outandin
3020,15406,outandin
3020,15669,outgoing
3020,3619,outandin
3020,5839,outandin
3020,9451,outandin
3020,9784,outgoing
3020,9913,outandin
3020,10110,outandin
3020,13314,outandin
3020,13417,outandin
3020,13422,outgoing
3020,13449,outgoing
3020,14049,incoming
3020,15391,outgoing
3020,15392,outgoing
3023,1273,outandin
3023,3141,outgoing
3023,3151,outandin
3023,7577,outandin
3023,7759,outandin
3023,9184,outandin
3023,9202,outandin
3023,9639,outandin
3023,9684,outandin
3023,10102,outandin
3023,10153,outgoing
3023,11781,outandin
3023,11908,outandin
3023,13296,outandin
3023,13791,outandin
3023,13995,outandin
3023,14253,outgoing
3023,15452,outgoing
3023,15492,outgoing
3023,5839,outandin
3023,7467,outandin
3023,9583,outandin
3023,13417,outandin
9172,3688,outandin
9172,3884,outgoing
9172,3900,incoming
9172,5489,incoming
9172,7693,incoming
9172,9684,incoming
9172,13268,incoming
9172,9804,outandin
9172,12091,outandin
9172,15633,outandin
13268,3039,outandin
13268,3688,outandin
13268,3900,incoming
13268,5489,incoming
13268,7693,
13268,9370,outandin
13268,9684,incoming
13268,11487,outandin
13268,12222,outandin
13268,13296,outandin
13268,13547,incoming
13268,13838,incoming
13268,15391,outandin
3039,5229,outandin
3039,5988,incoming
3039,13296,incoming
3039,13547,outandin
3039,7467,outandin
3039,9370,outandin
3039,9583,outandin
3039,9712,incoming
3039,11908,outandin
3039,13710,outandin
3039,13736,outandin
3039,13838,outandin
9184,3141,outandin
9184,5431,outandin
9184,7467,outandin
9184,1293,incoming
9184,3156,incoming
9184,3320,incoming
9184,5995,incoming
9184,7314,incoming
9184,7759,incoming
9184,9583,incoming
9184,9712,incoming
9184,10102,outandin
9184,10127,incoming
9184,11427,outandin
9184,11908,incoming
9184,13710,
9184,14006,incoming
9184,14318,incoming
9184,13995,outandin
13296,1168,incoming
13296,3619,outandin
13296,3994,
13296,4001,outgoing
13296,5174,outandin
13296,5393,outgoing
13296,5431,outandin
13296,5468,outandin
13296,5988,incoming
13296,6093,outandin
13296,7314,incoming
13296,7467,outandin
13296,7877,outgoing
13296,8122,outgoing
13296,9255,outandin
13296,9370,outgoing
13296,9501,outgoing
13296,9583,
13296,9684,
13296,9712,incoming
13296,10102,outgoing
13296,11427,outgoing
13296,11781,outgoing
13296,11849,outandin
13296,11908,
13296,11971,outgoing
13296,12084,outandin
13296,12222,outandin
13296,1537,outandin
13296,1788,outandin
13296,1990,outgoing
13296,3151,outgoing
13296,3736,outandin
13296,3884,outgoing
13296,3900,
13296,5622,incoming
13296,5995,
13296,7693,
13296,7759,outgoing
13296,8091,outgoing
13296,10185,outandin
13296,12081,outgoing
13296,13547,incoming
13296,13710,outgoing
13296,13736,
13296,13838,
13296,15422,incoming
13296,15452,outgoing
13296,15526,incoming
13296,15564,outgoing
13296,15633,
13296,15669,outgoing
13296,13763,outgoing
13296,13880,outgoing
13296,14006,outandin
13296,14327,outandin
13296,15391,outgoing
9202,7467,outandin
9202,9583,outgoing
9202,11908,outandin
9202,13791,outgoing
3066,1794,outandin
3066,1823,outgoing
3066,3884,outgoing
3066,5995,outandin
3066,7693,outgoing
3066,9684,outandin
3066,10112,outandin
3066,14253,outandin
3066,15669,outandin
3066,3572,outgoing
3066,5839,outandin
3066,9784,outgoing
3066,13449,outgoing
15357,7467,outgoing
15357,14253,outandin
15357,1273,outgoing
15357,3156,outandin
15357,3233,outandin
15357,5995,outgoing
15357,9583,outgoing
15357,9671,outgoing
15357,10102,outgoing
15357,11427,outgoing
15357,13710,outandin
15357,13791,outgoing
15357,14039,outandin
13314,1766,outgoing
13314,5242,outandin
13314,10018,outgoing
13314,10185,outgoing
13314,11697,outgoing
13314,12006,outandin
13314,3572,outandin
13314,10110,incoming
13314,13422,
13314,13974,outgoing
13314,14049,
13314,15391,outgoing
13314,15392,outgoing
13314,15669,outgoing
13314,13417,outandin
13314,13736,outgoing
13314,14057,outandin
5128,3688,outandin
5128,1247,outandin
5128,7356,outgoing
5128,9804,incoming
5128,12091,outgoing
5128,12222,outandin
5128,15391,outandin
5131,1372,incoming
5131,3688,outandin
5131,5229,outandin
5131,7356,outandin
5131,7651,outandin
5131,9804,outandin
5131,13547,outandin
5131,5784,outandin
5131,6093,outandin
5131,9255,outgoing
5131,9524,outandin
5131,11487,outandin
5131,15391,outandin
7198,9766,incoming
7198,13753,incoming
15391,1766,outandin
15391,3614,outgoing
15391,10018,outgoing
15391,11648,outandin
15391,12091,outandin
15391,13422,outgoing
15391,14049,outgoing
15391,1372,outgoing
15391,1681,outgoing
15391,3647,outgoing
15391,5784,outgoing
15391,7356,outgoing
15391,7577,outgoing
15391,7651,outandin
15391,7693,outgoing
15391,8145,outgoing
15391,9530,outgoing
15391,10185,outgoing
15391,12006,outgoing
15391,12084,outgoing
15391,13736,outgoing
15391,13974,outandin
15391,14155,outgoing
15391,15392,outgoing
15391,15496,outandin
15391,15669,outgoing
15392,10018,outandin
15392,11648,outandin
15392,14049,outgoing
15392,4003,outgoing
15392,8145,outgoing
15392,9347,outgoing
15392,13422,incoming
15392,13678,outgoing
15392,15669,outgoing
9255,1273,outandin
9255,1788,outandin
9255,5622,outgoing
9255,5746,outandin
9255,5995,outandin
9255,6093,outandin
9255,7693,outandin
9255,7759,outgoing
9255,9684,outandin
9255,10102,outandin
9255,14006,outandin
9255,15452,outgoing
9255,15496,outandin
9255,13824,outgoing
15406,1271,outandin
15406,1770,outandin
15406,1823,outandin
15406,3544,outandin
15406,3619,outgoing
15406,3884,outandin
15406,5572,outandin
15406,5839,outandin
15406,8082,outandin
15406,9361,outgoing
15406,9530,outandin
15406,9784,outandin
15406,9913,outandin
15406,9924,outandin
15406,10112,outandin
15406,11487,outandin
15406,11495,outandin
15406,11845,outgoing
15406,11908,outandin
15406,11993,outandin
15406,13368,outandin
15406,13995,outandin
15406,14039,outandin
15406,14253,outgoing
15406,1273,outandin
15406,1649,outandin
15406,3141,outandin
15406,3233,outandin
15406,5995,outandin
15406,7510,outandin
15406,7693,outandin
15406,7877,outandin
15406,9447,outandin
15406,9634,outandin
15406,10127,outandin
15406,10153,outandin
15406,13449,outandin
15406,13710,outandin
15406,13747,outandin
15406,13753,outgoing
15406,14057,outandin
15406,15564,outgoing
15406,15669,outandin
5174,1431,outgoing
5174,3141,outgoing
5174,3884,outgoing
5174,5988,outandin
5174,5995,outgoing
5174,7693,outgoing
5174,9583,outgoing
5174,9684,outandin
5174,10102,outgoing
5174,10153,outgoing
5174,11427,outandin
5174,13368,outandin
5174,14006,outandin
5174,5431,outandin
5174,10112,outgoing
5174,11697,outandin
5174,13706,outgoing
5174,13880,outandin
5174,14253,outandin
13368,1431,outgoing
13368,1823,outgoing
13368,3141,outgoing
13368,3501,outgoing
13368,3619,outgoing
13368,5839,outgoing
13368,9440,outandin
13368,9447,outgoing
13368,9784,outgoing
13368,9913,outandin
13368,10153,outgoing
13368,11845,outgoing
13368,14253,outgoing
13368,15564,outandin
13368,13449,outgoing
13368,13706,outandin
15422,3688,outandin
15422,11781,outgoing
15422,12222,outandin
15422,13974,outandin
15422,5489,incoming
15422,7857,incoming
15422,13547,
3141,1431,outgoing
3141,1823,outandin
3141,3151,outandin
3141,3501,outandin
3141,5839,outgoing
3141,5995,outgoing
3141,7467,outandin
3141,7510,outandin
3141,9440,outandin
3141,9447,outandin
3141,9634,outandin
3141,9784,outandin
3141,9913,outandin
3141,9958,outgoing
3141,10102,outgoing
3141,10127,outgoing
3141,10153,outgoing
3141,11845,outandin
3141,11908,outandin
3141,13449,outandin
3141,13505,outandin
3141,13706,outgoing
3141,13791,outandin
3141,13995,outgoing
3141,14253,outgoing
3141,14327,outandin
3141,13547,outandin
3151,1990,outandin
3151,3724,outandin
3151,9684,outandin
3151,3884,outandin
3151,3994,
3151,7467,outandin
3151,9583,outgoing
3151,11487,outandin
3151,11845,outandin
3151,11908,incoming
3151,13753,incoming
3151,14253,outgoing
3156,3724,outgoing
3156,8091,outgoing
3156,14006,
3156,3320,outandin
3156,7467,outandin
3156,9583,outandin
3156,9712,outandin
3156,9766,outandin
3156,11908,
3156,13710,outandin
3156,13791,outgoing
15452,3707,outandin
15452,4001,outgoing
15452,5468,outgoing
15452,5995,outgoing
15452,6093,outgoing
15452,7577,outandin
15452,10102,outandin
15452,10153,outgoing
15452,11427,outgoing
15452,13736,outandin
15452,13824,outgoing
15452,14253,outgoing
15452,14291,outgoing
15452,1273,outandin
15452,1537,outandin
15452,1812,outgoing
15452,3884,outgoing
15452,3913,outandin
15452,3994,outgoing
15452,5622,outgoing
15452,7693,outgoing
15452,9583,outgoing
15452,9684,outgoing
15452,15669,outgoing
15452,15843,outgoing
11359,3994,incoming
11359,8096,incoming
11359,1168,incoming
1123,3688,outandin
13417,9784,outandin
13417,11913,outandin
13417,1271,outandin
13417,1333,outandin
13417,1681,outandin
13417,3572,outandin
13417,3614,outandin
13417,4003,outandin
13417,5784,outandin
13417,5974,outandin
13417,7510,outandin
13417,8082,outandin
13417,9347,outandin
13417,9530,outandin
13417,9924,outandin
13417,10110,outandin
13417,10112,outgoing
13417,10185,outandin
13417,11493,outandin
13417,11845,outandin
13417,11878,outandin
13417,12006,outandin
13417,13422,outandin
13417,13449,outandin
13417,13678,outandin
13417,13747,outandin
13417,14049,outandin
13417,14155,outandin
13417,14253,outandin
13417,14309,outandin
5229,1322,incoming
5229,1537,incoming
5229,3688,outandin
5229,5468,outandin
5229,7577,
5229,7651,outgoing
5229,8145,outandin
5229,9804,incoming
5229,12091,outandin
5229,12222,outandin
5229,13838,incoming
13422,1271,outandin
13422,1333,
13422,1766,
13422,1770,outandin
13422,3572,outandin
13422,5242,outandin
13422,5784,outandin
13422,5919,outandin
13422,5974,outgoing
13422,8145,outandin
13422,9451,outandin
13422,9530,
13422,9684,outandin
13422,9924,outandin
13422,10018,
13422,10093,outandin
13422,10110,outgoing
13422,10185,outgoing
13422,11493,
13422,11495,outandin
13422,11697,outgoing
13422,11878,
13422,11913,outandin
13422,12006,outandin
13422,4003,outandin
13422,5622,outgoing
13422,8082,outandin
13422,9808,outandin
13422,13678,outgoing
13422,13736,
13422,13974,outandin
13422,14049,
13422,14155,outandin
13422,15669,outgoing
13422,14057,outandin
9331,3900,
9331,5431,outandin
9331,8145,outgoing
9331,13880,outgoing
5242,1766,outandin
5242,1333,outandin
5242,4003,outandin
5242,5784,outandin
5242,5974,outandin
5242,8082,incoming
5242,9347,outandin
5242,9530,outandin
5242,10018,outandin
5242,10110,outandin
5242,11495,outandin
5242,11878,outandin
5242,11993,outandin
5242,12006,outandin
5242,14049,outandin
5242,14057,outandin
5243,1823,outandin
5243,3544,outandin
5243,3619,
5243,5839,outandin
5243,7467,outandin
5243,9712,incoming
5243,9784,outandin
5243,11908,outandin
5243,13710,incoming
5247,1467,outandin
5247,3647,outandin
5247,11741,outandin
5247,15633,outandin
5247,8096,outandin
9347,1333,outandin
9347,4003,
9347,5784,outgoing
9347,3900,
9347,5988,outandin
9347,9684,incoming
9347,9924,
9347,10018,outandin
9347,10110,outgoing
9347,10185,outgoing
9347,13678,outgoing
9347,14049,incoming
9347,9451,outgoing
9347,9530,outandin
9347,11913,outandin
9347,14057,outandin
15496,3688,outandin
15496,5468,
15496,7577,outgoing
15496,7693,outgoing
15496,9361,outgoing
15496,10185,outandin
15496,11648,outandin
15496,12084,outgoing
15496,13736,outandin
15496,13824,outgoing
15496,7510,outandin
15496,13449,outandin
15496,14253,outandin
15496,15564,outgoing
15496,15669,outandin
13449,1823,outgoing
13449,3501,outgoing
13449,3544,incoming
13449,3619,outgoing
13449,5839,outgoing
13449,7510,outgoing
13449,9440,outandin
13449,9447,outgoing
13449,9784,outgoing
13449,9913,outgoing
13449,9924,outandin
13449,11487,outandin
13449,11845,outgoing
13449,11913,outandin
13449,3647,outandin
13449,7693,outgoing
13449,9684,incoming
13449,9808,incoming
13449,14253,outgoing
13449,14327,outandin
13449,13753,outgoing
1168,3544,incoming
1168,9684,incoming
1168,1990,outandin
1168,3688,outandin
1168,3994,incoming
1168,8096,incoming
1168,9784,outgoing
9361,1823,outandin
9361,5839,outgoing
9361,1537,outandin
9361,3619,outgoing
9361,14253,outandin
9361,15564,outgoing
9361,15669,outgoing
9361,9784,outandin
9361,11741,outandin
7314,1271,outandin
7314,1372,outandin
7314,1927,outandin
7314,3544,outandin
7314,3884,outandin
7314,3900,outandin
7314,3994,outandin
7314,5431,outandin
7314,5988,incoming
7314,5995,outgoing
7314,3619,incoming
7314,3913,incoming
7314,5622,incoming
7314,7693,outandin
7314,7759,outandin
7314,9684,
7314,9712,outandin
7314,14006,outandin
7314,14235,outandin
7314,15633,outandin
7314,7467,outandin
7314,7877,outandin
7314,9583,outandin
7314,9808,outandin
7314,11487,incoming
7314,11845,outandin
7314,11908,incoming
7314,13710,outandin
7314,13791,outgoing
7314,13838,incoming
7314,13880,outgoing
7314,15526,outandin
9370,1788,outandin
9370,8145,outandin
9370,11648,outandin
9370,11781,outgoing
9370,13710,outgoing
9370,13763,outandin
9370,14253,outgoing
9370,15633,outandin
3233,1823,outandin
3233,5839,outandin
3233,7467,outandin
3233,13791,outgoing
3233,13880,outgoing
11427,7467,outgoing
11427,9583,outgoing
11427,9684,outgoing
11427,1322,outandin
11427,1722,outandin
11427,3994,outgoing
11427,5435,outgoing
11427,5489,outandin
11427,7577,outandin
11427,8082,outandin
11427,8096,outandin
11427,9401,outgoing
11427,10112,outgoing
11427,11781,outandin
11427,12084,outandin
11427,13547,outandin
11427,14318,outgoing
11427,15633,outgoing
11427,11697,outandin
11427,11908,outandin
11427,13791,outgoing
15526,1372,outandin
15526,3688,outandin
15526,4001,outandin
15526,5468,incoming
15526,9684,incoming
15526,9808,incoming
15526,11487,incoming
15526,12222,outandin
15526,13838,incoming
15526,3647,incoming
15526,7693,outandin
15526,9924,outandin
9401,5435,outgoing
9401,7467,outandin
9401,1681,outgoing
9401,3736,outgoing
9401,7356,outgoing
9401,9524,outgoing
9401,9684,outandin
9401,10185,outandin
9401,10102,outandin
5305,1649,outandin
7356,1322,outandin
7356,1681,outandin
7356,3688,outandin
7356,3884,outgoing
7356,5435,outandin
7356,5468,outgoing
7356,5995,outgoing
7356,3614,outandin
7356,7693,outgoing
7356,13547,outgoing
7356,9524,outandin
7356,9684,outandin
7356,12222,outandin
13505,5839,outgoing
13505,9440,outandin
13505,9447,outgoing
13505,9634,outgoing
13505,9913,outandin
13505,9958,outgoing
13505,11845,outandin
13505,14327,outgoing
13505,14253,outgoing
5320,1722,incoming
5320,1794,outandin
5320,3544,incoming
5320,3572,incoming
5320,3900,incoming
5320,3913,outandin
5320,7693,incoming
5320,7857,outandin
5320,9684,incoming
5320,9808,incoming
5320,11487,incoming
5320,11845,outandin
5320,13747,outandin
5320,15633,outandin
15564,1823,outandin
15564,3544,outandin
15564,3619,outgoing
15564,5839,outandin
15564,9530,outandin
15564,9784,outandin
15564,13763,outandin
15564,13838,outandin
15564,14253,outandin
15564,15669,outgoing
11487,1271,outandin
11487,1649,outandin
11487,1794,outandin
11487,3544,incoming
11487,3647,incoming
11487,3913,outandin
11487,3994,outandin
11487,4003,incoming
11487,5393,outandin
11487,5784,incoming
11487,5995,outandin
11487,7693,outandin
11487,7877,outandin
11487,8082,incoming
11487,9583,outandin
11487,9684,incoming
11487,9808,incoming
11487,9924,incoming
11487,11495,outandin
11487,11908,outandin
11487,11993,outandin
11487,14049,incoming
11487,14309,incoming
11487,15633,incoming
9440,5839,outgoing
9440,1823,outandin
9440,7510,outandin
9440,9447,outandin
9440,9634,outandin
9440,9784,outandin
9440,9913,outandin
9440,9958,outandin
9440,11845,outandin
9440,13706,outandin
9440,14253,outandin
9440,14327,outandin
9440,11697,outgoing
1247,1722,outandin
1247,12084,outgoing
1247,12091,outandin
1247,13547,outandin
11493,1766,
11493,9451,outandin
11493,10018,outgoing
11493,10110,outandin
11493,10185,outgoing
11493,14039,outandin
11493,14049,incoming
11493,11697,outgoing
11493,13678,outgoing
11493,14057,outandin
9447,1431,outandin
9447,1823,outgoing
9447,3501,outgoing
9447,3544,outandin
9447,5839,outgoing
9447,7510,outandin
9447,9634,outgoing
9447,10153,outgoing
9447,11845,outandin
9447,14253,outgoing
9447,14327,outgoing
9447,9784,outandin
9447,9913,outandin
9447,10176,outandin
9447,13706,outandin
9447,13753,outandin
11495,1770,outandin
11495,7877,outgoing
11495,10018,outandin
11495,10093,outandin
11495,10185,outgoing
11495,7693,outandin
11495,8082,outandin
11495,10112,outandin
11495,11993,outandin
11495,12006,outandin
11495,15633,outandin
13547,1271,outandin
13547,1322,outandin
13547,3688,outandin
13547,3900,incoming
13547,5468,outgoing
13547,5489,
13547,7577,outgoing
13547,7651,outgoing
13547,7693,
13547,7857,incoming
13547,9684,
13547,9804,outandin
13547,10102,outandin
13547,10110,outandin
13547,12222,outandin
13547,12084,outgoing
13547,14006,outandin
13547,14253,outandin
9451,1271,outandin
9451,1333,outandin
9451,1681,outandin
9451,1766,outgoing
9451,3572,outandin
9451,3614,outandin
9451,4003,outandin
9451,5572,outandin
9451,5784,outandin
9451,5919,outandin
9451,5974,outandin
9451,8082,outandin
9451,9530,outandin
9451,9924,outandin
9451,10093,outandin
9451,10110,outandin
9451,10185,outandin
9451,11697,outgoing
9451,11878,outandin
9451,12006,outandin
9451,13678,outandin
9451,13747,outandin
9451,14057,outandin
9451,14155,outandin
9451,14309,outandin
1271,1649,outandin
1271,1681,outandin
1271,3544,outandin
1271,3614,outandin
1271,5784,outandin
1271,7877,outandin
1271,9684,outandin
1271,9924,outandin
1271,10093,outandin
1271,10112,outandin
1271,10185,outandin
1271,14057,outandin
1271,1770,outandin
1271,4003,outandin
1271,9530,outandin
1271,10110,outandin
1271,11697,outandin
1271,11845,outandin
1271,14309,outandin
3320,1788,outandin
3320,3724,outandin
3320,8091,outandin
3320,14006,outandin
3320,3884,outandin
3320,7467,outandin
3320,9583,outandin
3320,9639,outgoing
3320,9712,incoming
3320,11908,incoming
3320,13710,outandin
3320,13995,outandin
3320,14039,outandin
1273,1649,outandin
1273,1823,outandin
1273,1990,outandin
1273,5839,outandin
1273,7467,outandin
1273,13791,outgoing
1273,14253,outandin
1293,4001,outandin
1293,13710,outgoing
1293,9684,outgoing
1293,12222,outandin
5393,10093,outandin
5393,13710,outgoing
5393,13838,outandin
15633,3688,outandin
15633,3884,outgoing
15633,7693,outgoing
15633,7759,outandin
15633,9583,outandin
15633,9684,incoming
15633,10102,outandin
15633,13710,outgoing
15633,13763,outandin
15633,13838,outgoing
15633,7577,outandin
15633,9808,outandin
9493,13791,outandin
9493,14253,outandin
9493,11648,outandin
9501,11781,outandin
9501,13710,outandin
9501,13838,outgoing
1322,5988,incoming
1322,5995,outgoing
1322,7577,outgoing
1322,7651,incoming
1322,7693,
1322,7857,outandin
1322,8145,
1322,9684,
1322,3688,outandin
1322,3900,incoming
1322,5431,outandin
1322,9583,incoming
1322,10102,outandin
1322,10185,outgoing
1322,11781,outandin
1322,12222,outandin
1322,13880,outgoing
1322,14006,outandin
7467,1431,outandin
7467,1788,outandin
7467,1990,outandin
7467,3619,outandin
7467,3884,outandin
7467,3994,outandin
7467,5622,outandin
7467,5839,outandin
7467,5988,outandin
7467,5995,outandin
7467,7693,outandin
7467,7759,outandin
7467,8091,outandin
7467,9583,outandin
7467,9639,outandin
7467,9671,outandin
7467,9684,outandin
7467,9712,outandin
7467,10102,outandin
7467,10127,outandin
7467,10153,outandin
7467,11908,outandin
7467,12081,outandin
7467,13710,outgoing
7467,13791,outgoing
7467,13824,outandin
7467,14006,outandin
7467,14039,outandin
7467,14253,outandin
7467,14318,outandin
7467,13706,outandin
9524,5435,outandin
9524,1681,outandin
9524,5784,outandin
15669,1823,outandin
15669,3884,outandin
15669,5839,outandin
15669,7693,outgoing
15669,9784,outandin
15669,10112,outgoing
15669,10185,outgoing
15669,11648,outandin
15669,13736,outgoing
15669,13880,outgoing
15669,14049,outgoing
15669,14253,outgoing
15669,3619,outgoing
15669,5995,outandin
15669,9684,outgoing
1333,7693,outandin
1333,9684,incoming
1333,10018,outandin
1333,10112,outgoing
1333,1766,outgoing
1333,1770,outandin
1333,3900,incoming
1333,5919,outandin
1333,10110,outandin
1333,10185,outgoing
1333,11697,outgoing
1333,14049,outandin
1333,14057,outandin
1333,14309,outandin
5431,3994,incoming
5431,5746,outandin
5431,5995,outandin
5431,7759,outandin
5431,8145,outandin
5431,9684,outandin
5431,10102,outandin
5431,10127,outandin
5431,11908,outandin
9530,1770,outandin
9530,3544,outandin
9530,3614,outgoing
9530,3913,outandin
9530,4003,outandin
9530,5572,outandin
9530,8082,outandin
9530,1649,outandin
9530,5919,outandin
9530,7877,outandin
9530,9924,outandin
9530,10185,outgoing
9530,13747,incoming
9530,10018,outandin
9530,10110,outandin
9530,10112,outgoing
9530,11697,outgoing
9530,11913,outandin
9530,14057,outandin
9530,14309,incoming
5435,3614,outandin
5435,3994,outgoing
5435,1681,outandin
5435,3619,outandin
5435,3736,outandin
5435,3884,outandin
5435,7693,outandin
5435,9684,outandin
5435,12081,outandin
5435,8096,outandin
5435,10102,outandin
7510,1823,outgoing
7510,3501,outgoing
7510,3544,outandin
7510,3619,outgoing
7510,3724,outandin
7510,5839,outgoing
7510,8091,incoming
7510,11845,outgoing
7510,14253,outgoing
7510,9634,outandin
7510,9784,outgoing
7510,9913,outandin
7510,13753,outgoing
11606,7693,outandin
11606,13710,outandin
5468,3688,outandin
5468,4001,incoming
5468,5995,incoming
5468,7577,outgoing
5468,7651,outandin
5468,7693,
5468,9684,incoming
5468,9808,incoming
5468,12084,outgoing
5468,13838,outgoing
5468,11648,outandin
5468,13824,outandin
1372,1794,incoming
1372,3647,outandin
1372,4003,outandin
1372,9684,outandin
1372,9808,outandin
1372,9924,outandin
1372,14049,outandin
1372,14309,incoming
1372,3688,outandin
1372,9712,incoming
13678,1823,outandin
13678,3572,outandin
13678,3614,outandin
13678,5784,outandin
13678,5839,outandin
13678,9784,outandin
13678,10110,outandin
13678,10185,outgoing
13678,11697,outgoing
13678,4003,outgoing
13678,9924,outandin
13678,10112,outandin
13678,14155,outandin
13678,14309,outandin
9583,5995,
9583,7577,outgoing
9583,3619,outandin
9583,3724,outgoing
9583,3884,outgoing
9583,3994,incoming
9583,5988,outandin
9583,7693,
9583,7759,outgoing
9583,8091,outandin
9583,8096,incoming
9583,9639,outandin
9583,9684,
9583,9712,outgoing
9583,10102,outgoing
9583,10127,outgoing
9583,11908,incoming
9583,12081,outgoing
9583,13710,outandin
9583,14006,outgoing
9583,14318,
9583,10112,outgoing
9583,13791,outgoing
5489,1722,incoming
5489,3614,outandin
5489,3688,outandin
5489,3884,outgoing
5489,3900,incoming
5489,7693,outandin
5489,9684,incoming
5489,5784,outandin
5489,10018,outandin
5489,10102,outandin
5489,14253,outandin
11648,1537,outandin
11648,3913,outgoing
11648,4001,outandin
13706,1431,outgoing
13706,5839,outgoing
13706,9913,outandin
13706,11845,outandin
13706,10153,outgoing
13706,13995,outandin
13706,14253,outgoing
13710,1823,outandin
13710,5839,outandin
13710,9712,incoming
13710,11908,
13710,3619,outandin
13710,3994,outandin
13710,5995,outandin
13710,7693,outandin
13710,8096,outandin
13710,9684,outandin
13710,9808,outandin
13710,14006,outandin
13710,13791,outgoing
1431,10153,outgoing
1431,13995,outandin
1431,14253,outgoing
1431,5839,outgoing
1431,7577,outandin
9623,9656,
9623,13753,outgoing
7577,3688,outandin
7577,3900,
7577,5995,outgoing
7577,5622,outandin
7577,7651,
7577,7693,outgoing
7577,9684,
7577,7857,outandin
7577,8145,outandin
7577,10102,outandin
7577,11845,outandin
7577,11849,outandin
7577,12222,outandin
7577,15843,outandin
9634,1823,outgoing
9634,3544,outandin
9634,5839,outgoing
9634,3501,outandin
9634,9913,outgoing
9634,10153,outandin
9634,11845,outandin
9634,14253,outgoing
9634,14327,outandin
9634,9784,outandin
9639,10112,outandin
9639,10176,outandin
9639,14039,outandin
9639,14253,outandin
13736,10018,outandin
13736,11781,outandin
13736,12222,outandin
13736,4001,incoming
13736,5622,
13736,7759,outandin
13736,9712,outandin
13736,10127,outandin
13736,13838,
13736,14049,incoming
3501,10153,outgoing
3501,11845,outgoing
3501,14253,outgoing
3501,5839,outgoing
3501,9913,outandin
13743,3994,outgoing
11697,3614,outgoing
11697,5784,outgoing
11697,5839,outandin
11697,10110,outgoing
11697,10185,outgoing
11697,1681,outgoing
11697,1766,outgoing
11697,4003,outgoing
11697,5572,outandin
11697,5995,outandin
11697,7759,outandin
11697,8082,outgoing
11697,9684,outandin
11697,9924,outgoing
11697,10102,outandin
11697,10112,outgoing
11697,10127,outandin
11697,12006,outandin
11697,13747,outgoing
11697,13779,outgoing
11697,14049,outgoing
11697,14155,outgoing
11697,14309,outgoing
11697,14318,outandin
13747,1770,outandin
13747,1794,outgoing
13747,3572,
13747,9684,outandin
13747,10110,outandin
13747,10112,outgoing
13747,10185,outgoing
13747,11993,outandin
13747,1649,outandin
13747,8082,outandin
13747,14057,outandin
13747,14155,outandin
13747,14309,outgoing
9656,3724,outgoing
9656,9766,
9656,13753,outgoing
13753,1770,outandin
13753,1823,outandin
13753,3544,incoming
13753,3724,outgoing
13753,5839,outandin
13753,8091,
13753,9766,
13753,9913,outandin
13753,11845,outandin
13753,10153,outandin
13753,14006,
13753,14253,outgoing
13753,13995,outandin
1467,9684,outandin
1467,8096,outandin
13763,11908,outandin
5572,1649,incoming
5572,5746,outandin
5572,7877,outandin
5572,10093,outandin
5572,10112,outgoing
5572,11913,outandin
5572,14057,outandin
9671,13791,outgoing
13779,10110,outgoing
13779,10185,outgoing
9684,1649,outandin
9684,1794,outandin
9684,3544,incoming
9684,3619,outandin
9684,3688,outandin
9684,3884,outgoing
9684,3900,
9684,3913,outandin
9684,3994,incoming
9684,4001,incoming
9684,4003,incoming
9684,5746,outgoing
9684,5784,outandin
9684,5839,outandin
9684,5988,
9684,7693,
9684,8096,incoming
9684,8145,outgoing
9684,1722,incoming
9684,1927,outandin
9684,3647,incoming
9684,5622,outandin
9684,5995,
9684,7759,outgoing
9684,9808,incoming
9684,10018,incoming
9684,10112,outgoing
9684,10185,outgoing
9684,12081,outgoing
9684,10102,outgoing
9684,11878,outgoing
9684,11908,outandin
9684,12006,incoming
9684,12222,outandin
9684,13791,outgoing
9684,13838,outandin
9684,13880,outgoing
9684,14318,outandin
3544,1722,outandin
3544,1649,outandin
3544,3619,outandin
3544,3647,incoming
3544,3900,incoming
3544,3913,outandin
3544,4003,incoming
3544,5839,outandin
3544,7693,incoming
3544,9808,incoming
3544,9924,incoming
3544,11845,outandin
3544,11849,outandin
3544,14327,incoming
13791,3884,outgoing
13791,1788,outgoing
13791,3619,outgoing
13791,5988,outandin
13791,5995,outgoing
13791,7693,outgoing
13791,7759,outgoing
13791,9712,outgoing
13791,10102,outgoing
13791,10153,outgoing
13791,12081,outgoing
13791,14039,outgoing
13791,14253,outgoing
13791,13995,outandin
13794,1649,outandin
7651,3688,outandin
7651,7857,outandin
7651,8145,incoming
7651,12084,outandin
7651,15843,outgoing
7651,12222,outandin
15843,5995,outandin
15843,13824,
15843,14291,outgoing
15843,7693,outgoing
9712,3884,outandin
9712,3619,incoming
9712,5622,incoming
9712,14006,outandin
9712,14318,incoming
9712,11845,outandin
9712,11908,incoming
3572,3619,outandin
3572,3884,outandin
3572,7693,outandin
3572,9784,outgoing
3572,10112,outandin
3572,14253,outandin
3572,10110,outandin
5622,1649,outandin
5622,5995,outgoing
5622,6093,outandin
5622,13838,outandin
13824,3647,outandin
13824,4001,outandin
13824,6093,
13824,14291,outgoing
1537,9804,incoming
1537,3688,outandin
11781,8122,outgoing
11781,10102,outandin
11781,3736,outgoing
11781,5988,outandin
11781,10185,outandin
11781,13838,outgoing
7693,1649,outandin
7693,1722,
7693,1823,outandin
7693,3619,outandin
7693,3688,outandin
7693,3884,outgoing
7693,3900,
7693,3994,
7693,4001,incoming
7693,4003,outandin
7693,5839,outandin
7693,5988,outandin
7693,5995,
7693,7857,
7693,9808,incoming
7693,10102,outandin
7693,10112,outgoing
7693,10127,outandin
7693,12006,
7693,12084,outgoing
7693,14006,outandin
7693,7759,outgoing
7693,11908,outandin
7693,12222,outandin
7693,13838,outgoing
7693,14253,outgoing
13838,4001,
13838,5988,outandin
13838,5995,outandin
13838,7759,outgoing
13838,9808,outandin
13838,10102,outandin
3614,1766,outgoing
3614,1681,outgoing
3614,1722,outgoing
3614,10110,outandin
3614,10185,outgoing
3614,13974,outandin
3614,14155,outgoing
3619,1823,outandin
3619,3994,outandin
3619,5988,incoming
3619,5995,outandin
3619,11845,outgoing
3619,14253,outgoing
3619,3884,outgoing
3619,5839,outgoing
3619,11849,outgoing
3619,11908,incoming
9766,1770,outandin
9766,3724,outandin
9766,8091,outandin
9766,14006,incoming
9784,1823,outgoing
9784,5839,outgoing
9784,9913,outgoing
9784,10112,outandin
9784,10153,outandin
9784,11845,outgoing
9784,12084,outandin
9784,14057,outandin
9784,14253,outgoing
13880,3900,outgoing
13880,5746,outgoing
13880,5995,outgoing
13880,7759,outgoing
13880,8145,outgoing
13880,10102,outgoing
13880,10112,outgoing
13880,10127,outgoing
13880,10153,outgoing
13880,10185,outandin
13880,11908,outgoing
13880,12081,outgoing
13880,14253,outgoing
3647,1812,outandin
3647,9808,incoming
3647,3688,outandin
3647,3900,incoming
3647,4003,incoming
3647,8122,outandin
3647,9924,incoming
3647,12222,outandin
11845,1823,outgoing
11845,5839,outgoing
11845,9913,outandin
11845,10153,outgoing
11845,1722,outandin
11845,1990,outandin
11845,5988,outandin
11845,9958,outgoing
11845,11849,outandin
11845,14253,outgoing
11845,14327,outandin
11849,12081,outandin
11849,12084,outandin
9804,3688,outandin
9804,7857,outandin
9804,12222,outandin
9804,13974,incoming
7759,1990,outandin
7759,3724,outandin
7759,3900,outgoing
7759,5746,outandin
7759,5995,outgoing
7759,6093,outandin
7759,10093,outandin
7759,10102,outandin
7759,10153,outgoing
7759,14006,outandin
7759,14253,outandin
7759,8145,outgoing
7759,10176,outgoing
7759,11878,outgoing
7759,11908,incoming
7759,13974,outandin
9808,3688,incoming
9808,3900,incoming
9808,4003,incoming
9808,9924,incoming
9808,14049,incoming
9808,10102,outandin
9808,10110,outandin
11878,10018,
11878,10110,outandin
11878,10112,outgoing
11878,10185,outgoing
11878,14049,incoming
3688,1722,outandin
3688,1794,outandin
3688,1812,outandin
3688,3900,incoming
3688,3994,incoming
3688,7857,outandin
3688,8096,incoming
3688,8145,outandin
3688,14309,outandin
1649,1788,outandin
1649,8082,outandin
1649,10102,outandin
1649,10110,outandin
1649,14057,outandin
1649,1770,outandin
1649,4003,outandin
1649,11913,outandin
5746,3884,outandin
5746,5995,outgoing
5746,12222,outandin
11908,10127,incoming
11908,1788,outandin
11908,3724,outandin
11908,4001,outandin
11908,5988,incoming
11908,5995,incoming
11908,7877,outandin
11908,8091,outandin
11908,10018,outandin
11908,10102,outandin
11908,13995,outandin
11908,14006,incoming
11908,14253,outgoing
11908,14318,incoming
11913,4003,outandin
11913,5784,outandin
11913,5974,outandin
11913,7877,outandin
11913,8082,outandin
11913,14049,outandin
11913,14309,outandin
3724,5995,outandin
3724,8091,
3724,14006,outgoing
3724,14235,outandin
3724,3884,outandin
3724,3994,outandin
1681,5784,outgoing
1681,3884,outandin
1681,10110,outandin
1681,10112,outgoing
1681,10185,outandin
1681,14155,outgoing
1681,14309,outandin
13974,8122,outgoing
13974,10018,outandin
13974,5784,incoming
13974,14049,
5784,1722,outandin
5784,1766,
5784,1770,outandin
5784,3913,outandin
5784,1794,outandin
5784,12006,outgoing
5784,14049,incoming
5784,14057,outandin
5784,14155,outgoing
5784,14309,incoming
5784,5974,outgoing
5784,8082,outandin
5784,10018,outandin
5784,10110,outandin
5784,10185,outgoing
13995,5839,outandin
13995,10176,outandin
13995,14253,outandin
7857,3884,outgoing
7857,3900,incoming
7857,1722,outandin
7857,12006,outandin
14006,3994,outandin
14006,3913,outandin
14006,5995,outgoing
14006,10102,outandin
9913,1823,outgoing
9913,5839,outgoing
9913,9958,outgoing
9913,10112,outandin
9913,10153,outandin
9913,14253,outandin
9913,14327,outandin
1722,3900,incoming
1722,3994,incoming
1722,12084,outandin
1722,3884,outgoing
1722,5974,outandin
1722,10102,outandin
11971,10185,outgoing
9924,1770,outandin
9924,3913,outandin
9924,4001,outandin
9924,4003,incoming
9924,8082,outandin
9924,3994,incoming
9924,10018,outandin
9924,10185,outgoing
9924,10110,outandin
9924,14049,incoming
9924,14057,outandin
9924,14309,outandin
7877,1770,outandin
7877,8082,outandin
7877,10093,outandin
7877,10185,outgoing
7877,10110,outandin
7877,10112,outgoing
7877,11993,outandin
5839,1823,outgoing
5839,3884,outandin
5839,5988,outandin
5839,5995,outandin
5839,9958,outgoing
5839,10112,outandin
5839,10127,outandin
5839,10153,outgoing
5839,10176,outandin
5839,12081,outandin
5839,12084,outandin
5839,14039,outandin
5839,14057,outandin
5839,14253,outgoing
5839,14327,outgoing
14039,1823,outandin
14039,10112,outandin
11993,1770,outandin
11993,8082,outandin
11993,10018,outandin
11993,12006,outandin
11993,14057,outandin
14049,1766,
14049,4003,incoming
14049,10018,
14049,10110,incoming
14049,10185,outgoing
14049,12006,incoming
14049,5974,incoming
14049,14057,outandin
1766,10018,
1766,10110,outgoing
1766,10185,outgoing
1766,14057,outandin
9958,14327,outgoing
12006,1770,outandin
12006,3884,outandin
12006,3994,outandin
12006,4003,outandin
12006,5974,
12006,10018,outandin
12006,10110,outandin
12006,10112,outgoing
12006,10185,outgoing
14057,1823,outandin
14057,10185,outandin
14057,4003,outandin
14057,8082,outandin
14057,10018,outandin
14057,10110,outandin
1770,4003,outandin
1770,8082,outandin
1770,10110,outandin
1770,14309,outandin
1788,3884,outandin
1794,3913,outandin
1794,14309,outgoing
1794,3884,outgoing
1794,3900,outandin
1794,12084,outandin
5891,10185,outgoing
1812,3900,outandin
1812,12222,outandin
1812,14309,outgoing
1823,3884,outandin
1823,10112,outandin
1823,10127,outandin
1823,10153,outandin
1823,12084,outandin
1823,14253,outgoing
10018,4003,outandin
10018,5974,outandin
10018,8082,outandin
10018,10185,outgoing
3884,3994,outgoing
3884,4001,outandin
3884,5988,outandin
3884,5995,outgoing
3884,8096,outandin
3884,10102,outgoing
3884,10112,outgoing
3884,10127,outgoing
3884,10153,outgoing
3884,12081,outgoing
3884,14253,outgoing
3884,14309,outgoing
3884,14318,outandin
12081,3994,outgoing
12081,5988,outgoing
12081,5995,outgoing
12081,10102,outandin
12084,1990,outandin
12084,3900,outandin
12084,10102,outandin
12084,14253,outgoing
3900,4003,incoming
3900,5995,outgoing
3900,10185,outgoing
3900,5988,outgoing
3900,8145,
3913,14309,incoming
14155,10110,outandin
14155,10185,outgoing
14155,8082,outandin
14155,14309,outandin
3923,14253,outgoing
5974,10112,outgoing
5974,10185,outgoing
5974,10110,outandin
5988,3994,
5988,5995,
5988,10110,outandin
5988,10112,outgoing
5988,10153,outandin
5988,10185,outandin
5988,12222,outandin
5995,3994,
5995,6093,outandin
5995,8145,outgoing
5995,10112,outgoing
5995,10127,outandin
5995,14253,outgoing
5995,14318,
10093,10112,outgoing
10093,10185,outgoing
10093,10110,outandin
10102,3994,outandin
10102,8082,outandin
10102,8096,outandin
10102,10112,outgoing
10102,14318,outgoing
10102,10176,outgoing
10102,14253,outgoing
10110,4003,outandin
10110,8082,outgoing
10110,10112,outgoing
10110,10185,outgoing
10110,14309,outandin
10112,4003,outgoing
10112,8082,outgoing
10112,10185,outgoing
10112,14253,outgoing
10112,14309,outgoing
1927,14253,outgoing
10127,14253,outgoing
10127,14318,incoming
8082,10185,outandin
8082,14309,outandin
3994,1990,outandin
3994,8096,incoming
4003,14309,outandin
4003,10185,outgoing
10153,14253,outgoing
14253,6093,outgoing
14253,10176,outgoing
14253,14327,outgoing
1990,14309,outgoing
10185,8145,outgoing
10185,14309,outandin
6093,14291,outandin
