source,target,type,weight
10003,3,outgoing,21
10003,9,outgoing,22
10003,16,outgoing,8
10003,23,outgoing,15
10003,31,outgoing,31
10003,32,outgoing,22
10003,34,outgoing,7
10003,35,outgoing,13
10003,37,outgoing,1
10003,47,outandin,3
10003,58,outandin,3
10003,65,outgoing,11
10003,76,outgoing,12
10003,77,outgoing,5
10003,78,outgoing,19
10003,79,outgoing,9
10003,91,outgoing,25
10003,99,outgoing,19
10003,112,outgoing,19
10003,118,outgoing,11
10003,143,outgoing,13
10003,154,outandin,7
10003,162,outgoing,26
10003,180,outgoing,19
10003,211,outgoing,7
10003,212,outgoing,9
10003,216,outgoing,2
10003,239,outgoing,3
10003,256,outgoing,18
10003,257,outgoing,14
10003,260,outgoing,17
10003,263,outgoing,14
10003,266,outgoing,3
10003,280,outgoing,15
10003,281,outgoing,27
10003,290,outgoing,14
10003,300,outgoing,18
10003,307,outgoing,6
10003,321,outgoing,20
10003,326,outandin,11
10003,329,outgoing,6
10003,330,outgoing,1
10003,331,outgoing,10
10003,334,outgoing,6
10003,340,outgoing,3
10003,358,outgoing,10
10003,361,outgoing,12
10003,374,outgoing,13
10003,378,outgoing,11
10003,379,outgoing,6
10003,380,outgoing,7
10003,385,outgoing,9
10003,399,outgoing,19
10003,403,outgoing,31
10003,431,outgoing,14
10003,440,outgoing,10
10003,449,outgoing,3
10003,454,outgoing,14
10003,465,outgoing,21
10003,481,outgoing,20
10003,509,outgoing,7
10003,516,outgoing,3
10003,517,outgoing,4
10003,557,outgoing,4
10003,563,outgoing,13
10003,566,outandin,3
10003,569,outgoing,7
10003,571,outandin,17
10003,572,outgoing,18
10003,578,outgoing,7
10003,591,outgoing,5
10003,592,outgoing,8
10003,598,outgoing,8
10003,605,outgoing,9
10003,607,outgoing,2
10003,608,outgoing,9
10003,636,outgoing,3
10003,638,outgoing,16
10003,663,outgoing,7
10003,665,outgoing,8
10003,675,outgoing,22
10003,677,outgoing,3
10003,702,outgoing,21
10003,722,outgoing,12
10003,727,outgoing,11
10003,759,outgoing,13
10003,769,outgoing,9
10003,821,outgoing,5
10003,823,outgoing,6
10003,841,outgoing,21
10003,866,outgoing,16
10003,869,outgoing,14
10003,872,outgoing,8
10003,876,outgoing,11
10003,877,outgoing,2
10003,919,outgoing,28
10003,920,outgoing,14
10003,921,outgoing,19
10003,939,outgoing,5
10003,987,outgoing,13
10003,1002,outgoing,10
10003,1009,outgoing,8
10003,1013,outgoing,6
10003,1018,outgoing,9
10003,1020,outgoing,29
10003,1030,outandin,1
10003,1036,outgoing,14
10003,1040,outgoing,2
10003,1045,outgoing,19
10003,1063,outgoing,9
10003,1075,outgoing,8
10003,1093,outgoing,6
10003,1129,outgoing,14
10003,1131,outgoing,4
10003,1153,outgoing,16
10003,1203,outgoing,16
10003,1217,outgoing,3
10003,1230,outgoing,17
10003,1235,outgoing,21
10003,1237,outgoing,20
10003,1246,outgoing,7
10003,1251,outgoing,17
10003,1262,outgoing,25
10003,1268,outgoing,4
10003,1273,outgoing,12
10003,1277,outgoing,12
10003,1278,outgoing,12
10003,1284,outgoing,22
10003,1285,outgoing,15
10003,1299,outgoing,10
10003,1301,outgoing,4
10003,1317,outgoing,21
10003,1318,outgoing,5
10003,1319,outgoing,15
10003,1328,outgoing,18
10003,1337,outgoing,29
10003,1351,outgoing,19
10003,1376,outgoing,6
10003,1378,outgoing,15
10003,1379,outgoing,12
10003,1382,outgoing,7
10003,1383,outgoing,18
10003,1387,outgoing,15
10003,1403,outgoing,13
10003,1405,outgoing,19
10003,1420,outgoing,15
10003,1425,outgoing,12
10003,1432,outgoing,10
10003,1433,outgoing,18
10003,1440,outgoing,3
10003,1476,outgoing,8
10003,1478,outgoing,5
10003,1484,outgoing,17
10003,1492,outgoing,3
10003,1505,outgoing,15
10003,1518,outgoing,19
10003,1532,outgoing,11
10003,1545,outgoing,3
10003,1559,outgoing,22
10003,1571,outgoing,25
10003,1590,outgoing,3
10003,1601,outgoing,9
10003,1604,outgoing,15
10003,1611,outgoing,13
10003,1614,outgoing,18
10003,1615,outgoing,13
10003,1622,outgoing,15
10003,1628,outgoing,7
10003,1635,outgoing,2
10003,1637,outgoing,3
10003,1643,outgoing,5
10003,1666,outgoing,14
10003,1686,outgoing,15
10003,1691,outgoing,9
10003,1708,outgoing,9
10003,1710,outgoing,18
10003,1716,outgoing,21
10003,1733,outgoing,23
10003,1748,outgoing,13
10003,1751,outgoing,1
10003,1753,outgoing,6
10003,1759,outgoing,8
10003,1765,outgoing,6
10003,1766,outgoing,6
10003,1773,outgoing,18
10003,1780,outgoing,10
10003,1782,outgoing,6
10003,1789,outgoing,16
10003,1797,outgoing,7
10003,1801,outgoing,20
10003,1805,outgoing,8
10003,1809,outgoing,13
10003,1829,outgoing,18
10003,1833,outgoing,14
10003,1834,outgoing,14
10003,1837,outgoing,6
10003,1838,outgoing,17
10003,1841,outgoing,7
10003,1842,outgoing,7
10003,1844,outgoing,5
10003,1849,outgoing,3
10003,1852,outgoing,14
10003,1855,outgoing,7
10003,1857,outgoing,21
10003,1860,outgoing,13
10003,1864,outgoing,15
10003,1873,outgoing,12
10003,1875,outgoing,5
10003,1877,outgoing,12
10003,1879,outgoing,19
10003,1882,outgoing,9
10003,1884,outgoing,10
10003,1888,outgoing,5
10003,1900,outgoing,6
10003,1902,outgoing,19
10003,1912,outgoing,8
10003,1914,outgoing,13
10003,1917,outgoing,12
10003,1921,outgoing,19
10003,1925,outgoing,9
10003,1927,outgoing,3
10003,1928,outgoing,14
10003,1932,outgoing,14
10003,1933,outgoing,3
10003,1944,outgoing,21
10003,1948,outandin,4
10003,1952,outgoing,4
10003,1953,outgoing,2
10003,1958,outgoing,5
10003,1962,outgoing,17
10003,1963,outgoing,18
10003,1964,outgoing,10
10003,1972,outgoing,26
10003,1977,outgoing,2
10003,1978,outgoing,3
10003,1980,outgoing,19
10003,1986,outgoing,12
10003,1992,outgoing,12
10003,1994,outgoing,19
10003,1999,outgoing,4
10003,2002,outgoing,20
10003,2003,outgoing,2
10003,2007,outgoing,20
10003,2009,outgoing,9
10003,2011,outgoing,4
10003,2012,outgoing,14
10003,2013,outgoing,3
10003,2016,outgoing,7
10003,2023,outgoing,13
10003,2025,outgoing,8
10003,2027,outgoing,18
10003,2030,outgoing,6
10003,2032,outgoing,10
10003,2038,outgoing,16
10003,2045,outgoing,4
10003,2047,outgoing,22
10003,2051,outgoing,18
10003,2054,outgoing,8
10003,2057,outgoing,13
10003,2059,outgoing,14
10003,2060,outgoing,14
10003,2061,outgoing,5
10003,2067,outgoing,19
10003,2080,outgoing,21
10003,2081,outgoing,7
10003,2083,outgoing,11
10003,2084,outgoing,5
10003,2090,outgoing,21
10003,2100,outgoing,18
10003,2116,outgoing,22
10003,2119,outgoing,22
10003,2120,outgoing,19
10003,2121,outgoing,18
10003,2126,outgoing,4
10003,2136,outgoing,1
10003,2138,outgoing,3
10003,2143,outgoing,15
10003,2148,outgoing,7
10003,2152,outgoing,23
10003,2153,outgoing,7
10003,2161,outgoing,11
10003,2169,outgoing,4
10003,2179,outgoing,1
10003,2180,outgoing,5
10003,2182,outgoing,19
10003,2184,outgoing,7
10003,2186,outgoing,7
10003,2193,outgoing,7
10003,2200,outgoing,5
10003,2203,outgoing,13
10003,2205,outgoing,6
10003,2206,outgoing,24
10003,2221,outgoing,18
10003,2222,outgoing,14
10003,2230,outgoing,22
10003,2232,outgoing,5
10003,2235,outgoing,2
10003,2239,outgoing,12
10003,2248,outgoing,13
10003,2250,outgoing,17
10003,2252,outgoing,16
10003,2253,outgoing,11
10003,2254,outgoing,7
10003,2255,outgoing,6
10003,2260,outgoing,14
10003,2265,outgoing,17
10003,2270,outgoing,17
10003,2271,outgoing,3
10003,2275,outgoing,16
10003,2281,outgoing,12
10003,2286,outgoing,10
10003,2288,outgoing,1
10003,2291,outgoing,17
10003,2292,outgoing,14
10003,2297,outgoing,6
10003,2298,outgoing,22
10003,2301,outgoing,11
10003,2305,outandin,11
10003,2315,outgoing,17
10003,2320,outgoing,20
10003,2323,outgoing,17
10003,2330,outgoing,5
10003,2332,outgoing,20
10003,2333,outgoing,12
10003,2335,outgoing,7
10003,2340,outgoing,8
10003,2341,outgoing,14
10003,2354,outgoing,15
10003,2357,outgoing,12
10003,2359,outgoing,4
10003,2361,outgoing,12
10003,2375,outgoing,10
10003,2382,outgoing,4
10003,2387,outgoing,19
10003,2389,outgoing,15
10003,2396,outgoing,5
10003,2397,outgoing,17
10003,2399,outgoing,23
10003,2400,outgoing,17
10003,2405,outgoing,15
10003,2408,outgoing,2
10003,2409,outgoing,16
10003,2411,outgoing,7
10003,2413,outgoing,14
10003,2414,outgoing,11
10003,2418,outgoing,19
10003,2424,outgoing,20
10003,2432,outgoing,25
10003,2435,outgoing,13
10003,2442,outgoing,6
10003,2452,outgoing,26
10003,2455,outgoing,20
10003,2456,outgoing,19
10003,2461,outgoing,13
10003,2467,outgoing,11
10003,2472,outgoing,15
10003,2474,outgoing,1
10003,2478,outgoing,8
10003,2480,outgoing,23
10003,2486,outgoing,3
10003,2495,outgoing,9
10003,2502,outgoing,12
10003,2507,outgoing,18
10003,2510,outgoing,14
10003,2512,outgoing,2
10003,2513,outgoing,9
10003,2518,outgoing,17
10003,2522,outgoing,16
10003,2523,outgoing,9
10003,2528,outgoing,19
10003,2531,outgoing,15
10003,2538,outgoing,13
10003,2553,outgoing,3
10003,2577,outgoing,6
10003,2587,outgoing,21
10003,2591,outgoing,9
10003,2593,outgoing,2
10003,2606,outgoing,10
10003,2611,outgoing,7
10003,2613,outgoing,12
10003,2616,outgoing,10
10003,2621,outgoing,15
10003,2629,outgoing,16
10003,2638,outgoing,13
10003,2646,outgoing,2
10003,2649,outgoing,14
10003,2652,outgoing,1
10003,2664,outgoing,15
10003,2666,outandin,15
10003,2668,outgoing,21
10003,2679,outgoing,12
10003,2682,outgoing,17
10003,2683,outgoing,17
10003,2686,outgoing,5
10003,2692,outgoing,5
10003,2697,outgoing,4
10003,2700,outgoing,7
10003,2702,outgoing,2
10003,2704,outgoing,18
10003,2712,outgoing,11
10003,2715,outgoing,12
10003,2719,outgoing,15
10003,2727,outgoing,5
10003,2730,outgoing,10
10003,2739,outgoing,4
10003,2743,outgoing,14
10003,2752,outgoing,8
10003,2755,outgoing,17
10003,2760,outgoing,4
10003,2762,outgoing,19
10003,2763,outgoing,20
10003,2781,outgoing,6
10003,2784,outgoing,12
10003,2806,outandin,2
10003,2812,outgoing,16
10003,2828,outgoing,20
10003,2837,outgoing,12
10003,2839,outgoing,17
10003,2847,outgoing,8
10003,2848,outgoing,6
10003,2849,outgoing,17
10003,2850,outgoing,14
10003,2857,outgoing,3
10003,2867,outgoing,11
10003,2871,outgoing,9
10003,2872,outgoing,1
10003,2886,outgoing,7
10003,2895,outgoing,14
10003,2897,outgoing,22
10003,2900,outgoing,18
10003,2914,outandin,2
10003,2918,outgoing,5
10003,2919,outgoing,24
10003,2932,outgoing,21
10003,2935,outgoing,5
10003,2937,outgoing,10
10003,2939,outgoing,14
10003,2946,outgoing,4
10003,2947,outgoing,18
10003,2949,outgoing,11
10003,2961,outgoing,12
10003,2966,outgoing,19
10003,2977,outgoing,7
10003,2981,outgoing,8
10003,2986,outgoing,23
10003,2987,outgoing,17
10003,2988,outgoing,6
10003,2993,outgoing,18
10003,2994,outgoing,5
10003,2995,outgoing,10
10003,3007,outgoing,23
10003,3018,outgoing,20
10003,3021,outgoing,34
10003,3023,outgoing,19
10003,3024,outgoing,13
10003,3032,outgoing,18
10003,3039,outgoing,11
10003,3062,outgoing,7
10003,3067,outandin,1
10003,3077,outgoing,8
10003,3079,outgoing,16
10003,3085,outgoing,16
10003,3092,outgoing,10
10003,3093,outgoing,6
10003,3097,outandin,12
10003,3099,outgoing,6
10003,3101,outgoing,14
10003,3105,outgoing,15
10003,3108,outgoing,4
10003,3111,outgoing,9
10003,3113,outgoing,9
10003,3118,outgoing,18
10003,3121,outgoing,4
10003,3148,outgoing,16
10003,3159,outgoing,10
10003,3166,outgoing,11
10003,3193,outgoing,8
10003,3195,outgoing,20
10003,3199,outgoing,20
10003,3200,outgoing,11
10003,3205,outgoing,5
10003,3214,outgoing,15
10003,3216,outgoing,12
10003,3220,outgoing,16
10003,3221,outgoing,14
10003,3237,outgoing,18
10003,3260,outgoing,7
10003,3265,outgoing,15
10003,3274,outgoing,13
10003,3275,outgoing,6
10003,3293,outgoing,17
10003,3297,outgoing,13
10003,3304,outgoing,18
10003,3310,outgoing,18
10003,3322,outgoing,8
10003,3325,outgoing,6
10003,3326,outgoing,8
10003,3327,outgoing,24
10003,3359,outgoing,3
10003,3368,outgoing,15
10003,3371,outgoing,23
10003,3392,outgoing,11
10003,3395,outgoing,19
10003,3402,outgoing,17
10003,3404,outgoing,1
10003,3412,outgoing,5
10003,3413,outgoing,21
10003,3416,outandin,14
10003,3419,outgoing,8
10003,3422,outgoing,14
10003,3424,outgoing,16
10003,3432,outgoing,11
10003,3439,outgoing,27
10003,3442,outgoing,19
10003,3457,outgoing,7
10003,3492,outgoing,10
10003,3493,outgoing,18
10003,3507,outgoing,3
10003,3512,outgoing,3
10003,3518,outgoing,14
10003,3519,outgoing,24
10003,3520,outgoing,13
10003,3527,outgoing,32
10003,3536,outandin,4
10003,3546,outgoing,18
10003,3561,outgoing,19
10003,3571,outgoing,5
10003,3592,outgoing,17
10003,3644,outgoing,3
10003,3653,outgoing,7
10003,3669,outgoing,10
10003,3671,outgoing,15
10003,3673,outgoing,18
10003,3685,outgoing,9
10003,3693,outgoing,20
10003,3703,outandin,23
10003,3704,outgoing,21
10003,3715,outgoing,3
10003,3717,outgoing,5
10003,3719,outgoing,19
10003,3723,outgoing,1
10003,3739,outgoing,7
10003,3741,outgoing,19
10003,3747,outgoing,1
10003,3752,outgoing,9
10003,3754,outgoing,13
10003,3758,outgoing,9
10003,3765,outandin,22
10003,3782,outgoing,12
10003,3787,outgoing,14
10003,3805,outgoing,12
10003,3816,outgoing,3
10003,3819,outgoing,9
10003,3820,outgoing,9
10003,3833,outgoing,16
10003,3836,outgoing,11
10003,3844,outgoing,25
10003,3846,outgoing,8
10003,3870,outgoing,15
10003,3881,outgoing,8
10003,3889,outgoing,13
10003,3891,outgoing,6
10003,3903,outgoing,17
10003,3904,outgoing,8
10003,3913,outgoing,9
10003,3938,outgoing,1
10003,3965,outgoing,18
10003,3966,outgoing,5
10003,3978,outgoing,12
10003,3985,outgoing,7
10003,3991,outgoing,15
10003,3994,outgoing,14
10003,4001,outandin,19
10003,4007,outgoing,12
10003,4014,outgoing,3
10003,4052,outgoing,15
10003,4067,outgoing,2
10003,4070,outgoing,20
10003,4087,outgoing,2
10003,4089,outgoing,18
10003,4091,outgoing,5
10003,4116,outgoing,18
10003,4143,outgoing,10
10003,4155,outgoing,12
10003,4160,outgoing,10
10003,4164,outgoing,16
10003,4184,outgoing,12
10003,4196,outgoing,5
10003,4200,outgoing,8
10003,4201,outgoing,14
10003,4213,outgoing,12
10003,4218,outgoing,22
10003,4225,outgoing,7
10003,4251,outgoing,12
10003,4257,outgoing,6
10003,4260,outgoing,16
10003,4273,outgoing,6
10003,4288,outgoing,10
10003,4298,outgoing,1
10003,4299,outgoing,9
10003,4307,outgoing,18
10003,4308,outgoing,7
10003,4357,outandin,16
10003,4360,outgoing,12
10003,4365,outgoing,6
10003,4387,outgoing,6
10003,4388,outgoing,6
10003,4394,outgoing,1
10003,4401,outgoing,10
10003,4405,outgoing,3
10003,4408,outgoing,1
10003,4411,outgoing,14
10003,4453,outgoing,6
10003,4456,outgoing,7
10003,4460,outgoing,18
10003,4487,outgoing,2
10003,4491,outgoing,8
10003,4493,outgoing,7
10003,4505,outgoing,18
10003,4536,outgoing,10
10003,4550,outgoing,13
10003,4553,outgoing,4
10003,4571,outgoing,18
10003,4576,outgoing,18
10003,4591,outgoing,16
10003,4592,outgoing,15
10003,4602,outgoing,6
10003,4605,outgoing,4
10003,4675,outgoing,12
10003,4744,outgoing,4
10003,4751,outgoing,3
10003,4798,outgoing,12
10003,4808,outgoing,6
10003,4812,outgoing,18
10003,4822,outgoing,10
10003,4845,outgoing,1
10003,4848,outgoing,28
10003,4882,outgoing,11
10003,4897,outgoing,8
10003,4901,outgoing,11
10003,4925,outgoing,17
10003,4944,outgoing,2
10003,4963,outandin,1
10003,5012,outgoing,5
10003,5057,outgoing,8
10003,5081,outgoing,15
10003,5103,outgoing,15
10003,5104,outgoing,8
10003,5137,outgoing,4
10003,5140,outgoing,13
10003,5157,outgoing,12
10003,5243,outgoing,6
10003,5253,outgoing,18
10003,5260,outgoing,18
10003,5266,outgoing,9
10003,5303,outgoing,11
10003,5306,outgoing,2
10003,5311,outgoing,6
10003,5324,outgoing,12
10003,5367,outgoing,7
10003,5376,outgoing,9
10003,5398,outgoing,7
10003,5408,outgoing,17
10003,5429,outgoing,23
10003,5434,outgoing,12
10003,5464,outgoing,8
10003,5470,outgoing,16
10003,5478,outgoing,20
10003,5485,outgoing,14
10003,5501,outgoing,13
10003,5523,outgoing,6
10003,5527,outgoing,16
10003,5604,outgoing,6
10003,5616,outgoing,15
10003,5650,outgoing,10
10003,5661,outgoing,11
10003,5676,outgoing,13
10003,5687,outgoing,5
10003,5694,outgoing,6
10003,5695,outgoing,18
10003,5696,outgoing,9
10003,5708,outgoing,8
10003,5739,outgoing,19
10003,5750,outgoing,9
10003,5756,outgoing,13
10003,5760,outgoing,14
10003,5775,outgoing,16
10003,5795,outgoing,2
10003,5812,outgoing,3
10003,5814,outgoing,12
10003,5819,outgoing,3
10003,5874,outandin,1
10003,5884,outgoing,16
10003,5939,outgoing,12
10003,5960,outgoing,8
10003,5962,outgoing,6
10003,5967,outgoing,10
10003,5990,outgoing,5
10003,6026,outgoing,10
10003,6037,outgoing,8
10003,6044,outgoing,15
10003,6059,outgoing,9
10003,6095,outgoing,6
10003,6126,outgoing,12
10003,6178,outgoing,16
10003,6201,outgoing,3
10003,6205,outgoing,15
10003,6228,outgoing,11
10003,6230,outgoing,6
10003,6246,outgoing,14
10003,6253,outgoing,21
10003,6254,outgoing,6
10003,6259,outgoing,16
10003,6260,outgoing,8
10003,6267,outgoing,12
10003,6273,outgoing,6
10003,6352,outgoing,14
10003,6356,outgoing,7
10003,6366,outgoing,19
10003,6373,outgoing,7
10003,6376,outgoing,12
10003,6411,outgoing,19
10003,6436,outgoing,5
10003,6443,outandin,1
10003,6456,outgoing,6
10003,6462,outgoing,1
10003,6484,outgoing,7
10003,6497,outgoing,18
10003,6524,outgoing,1
10003,6569,outgoing,18
10003,6573,outgoing,10
10003,6583,outgoing,7
10003,6603,outgoing,9
10003,6672,outgoing,5
10003,6725,outgoing,12
10003,6764,outgoing,23
10003,6784,outandin,3
10003,6800,outgoing,3
10003,6832,outandin,9
10003,6852,outgoing,7
10003,6858,outgoing,14
10003,6900,outgoing,13
10003,6931,outgoing,4
10003,6951,outgoing,10
10003,6971,outandin,6
10003,7048,outgoing,10
10003,7063,outgoing,11
10003,7099,outgoing,18
10003,7106,outgoing,9
10003,7144,outgoing,6
10003,7170,outgoing,13
10003,7175,outgoing,5
10003,7181,outandin,15
10003,7182,outgoing,4
10003,7184,outgoing,4
10003,7198,outgoing,4
10003,7202,outgoing,16
10003,7208,outgoing,1
10003,7211,outgoing,13
10003,7215,outgoing,9
10003,7217,outgoing,11
10003,7220,outgoing,8
10003,7231,outgoing,8
10003,7243,outgoing,7
10003,7255,outgoing,10
10003,7268,outgoing,13
10003,7302,outgoing,14
10003,7306,outgoing,9
10003,7312,outgoing,9
10003,7346,outgoing,21
10003,7359,outgoing,6
10003,7362,outgoing,20
10003,7378,outgoing,4
10003,7392,outgoing,16
10003,7407,outgoing,6
10003,7410,outgoing,4
10003,7418,outgoing,6
10003,7425,outgoing,9
10003,7440,outgoing,13
10003,7447,outgoing,1
10003,7449,outandin,4
10003,7469,outgoing,7
10003,7474,outgoing,13
10003,7493,outgoing,27
10003,7507,outgoing,11
10003,7527,outgoing,7
10003,7530,outgoing,12
10003,7564,outgoing,5
10003,7678,outgoing,18
10003,7687,outgoing,9
10003,7717,outgoing,7
10003,7725,outgoing,8
10003,7753,outgoing,10
10003,7757,outgoing,7
10003,7785,outgoing,11
10003,7806,outgoing,3
10003,7813,outgoing,9
10003,7833,outgoing,5
10003,7846,outgoing,4
10003,7854,outgoing,8
10003,7902,outgoing,12
10003,7904,outgoing,10
10003,7908,outgoing,1
10003,7954,outgoing,12
10003,7968,outgoing,10
10003,7991,outandin,2
10003,8035,outgoing,15
10003,8069,outgoing,25
10003,8071,outgoing,12
10003,8091,outgoing,18
10003,8107,outgoing,1
10003,8109,outgoing,19
10003,8129,outgoing,4
10003,8131,outgoing,7
10003,8169,outgoing,12
10003,8184,outgoing,5
10003,8197,outgoing,16
10003,8203,outgoing,5
10003,8209,outgoing,3
10003,8218,outgoing,5
10003,8245,outgoing,6
10003,8252,outgoing,9
10003,8266,outgoing,13
10003,8275,outgoing,16
10003,8279,outgoing,10
10003,8285,outgoing,13
10003,8290,outgoing,3
10003,8302,outgoing,23
10003,8303,outgoing,13
10003,8320,outgoing,11
10003,8327,outgoing,2
10003,8344,outgoing,1
10003,8347,outgoing,9
10003,8348,outgoing,13
10003,8362,outgoing,8
10003,8366,outgoing,19
10003,8367,outgoing,15
10003,8368,outgoing,7
10003,8374,outgoing,6
10003,8378,outgoing,19
10003,8385,outgoing,13
10003,8407,outgoing,14
10003,8418,outgoing,25
10003,8424,outgoing,16
10003,8427,outgoing,9
10003,8442,outgoing,26
10003,8446,outgoing,3
10003,8455,outgoing,16
10003,8459,outgoing,12
10003,8461,outgoing,14
10003,8480,outgoing,14
10003,8486,outgoing,4
10003,8497,outgoing,6
10003,8504,outgoing,3
10003,8510,outgoing,9
10003,8527,outgoing,6
10003,8530,outgoing,13
10003,8533,outgoing,12
10003,8537,outgoing,16
10003,8538,outgoing,5
10003,8561,outgoing,1
10003,8577,outgoing,13
10003,8581,outgoing,19
10003,8582,outgoing,13
10003,8587,outgoing,4
10003,8589,outgoing,8
10003,8596,outgoing,4
10003,8601,outgoing,12
10003,8605,outgoing,7
10003,8617,outgoing,5
10003,8621,outgoing,14
10003,8632,outgoing,20
10003,8647,outandin,9
10003,8648,outgoing,5
10003,8671,outgoing,19
10003,8674,outgoing,16
10003,8681,outgoing,18
10003,8686,outgoing,14
10003,8688,outgoing,11
10003,8690,outgoing,12
10003,8707,outgoing,1
10003,8714,outgoing,1
10003,8729,outgoing,9
10003,8735,outgoing,19
10003,8736,outgoing,13
10003,8751,outgoing,8
10003,8753,outgoing,13
10003,8756,outgoing,11
10003,8760,outgoing,9
10003,8770,outgoing,21
10003,8771,outgoing,12
10003,8780,outgoing,12
10003,8806,outgoing,3
10003,8812,outgoing,16
10003,8822,outgoing,9
10003,8834,outgoing,1
10003,8835,outgoing,13
10003,8836,outandin,7
10003,8838,outgoing,7
10003,8847,outgoing,8
10003,8852,outgoing,9
10003,8869,outgoing,2
10003,8905,outgoing,18
10003,8939,outgoing,14
10003,8947,outgoing,15
10003,8955,outgoing,17
10003,8962,outgoing,7
10003,8973,outgoing,4
10003,8985,outgoing,13
10003,8995,outgoing,35
10003,9000,outgoing,14
10003,9008,outgoing,4
10003,9033,outgoing,13
10003,9040,outgoing,24
10003,9045,outgoing,2
10003,9048,outgoing,15
10003,9049,outgoing,34
10003,9074,outgoing,17
10003,9082,outgoing,3
10003,9084,outgoing,21
10003,9090,outgoing,10
10003,9115,outgoing,17
10003,9116,outgoing,22
10003,9153,outgoing,6
10003,9163,outgoing,11
10003,9180,outgoing,11
10003,9182,outgoing,11
10003,9190,outgoing,10
10003,9199,outgoing,12
10003,9203,outgoing,11
10003,9219,outgoing,10
10003,9233,outgoing,1
10003,9237,outgoing,20
10003,9270,outgoing,19
10003,9280,outgoing,24
10003,9288,outgoing,19
10003,9292,outgoing,6
10003,9303,outgoing,24
10003,9306,outgoing,13
10003,9308,outgoing,14
10003,9321,outgoing,7
10003,9380,outgoing,13
10003,9382,outgoing,9
10003,9416,outgoing,15
10003,9430,outgoing,12
10003,9439,outgoing,16
10003,9441,outgoing,29
10003,9462,outgoing,5
10003,9483,outgoing,10
10003,9524,outgoing,18
10003,9529,outgoing,19
10003,9531,outgoing,24
10003,9539,outgoing,9
10003,9545,outgoing,13
10003,9549,outgoing,16
10003,9557,outgoing,14
10003,9560,outgoing,7
10003,9580,outgoing,19
10003,9587,outgoing,22
10003,9591,outgoing,5
10003,9608,outgoing,19
10003,9616,outgoing,13
10003,9627,outgoing,8
10003,9654,outgoing,16
10003,9661,outgoing,16
10003,9690,outgoing,18
10003,9714,outgoing,24
10003,9751,outgoing,11
10003,9754,outgoing,11
10003,9757,outgoing,17
10003,9791,outgoing,20
10003,9831,outgoing,26
10003,9872,outgoing,21
10003,9933,outgoing,29
10033,10,outgoing,21
10033,14,outandin,1
10033,15,outandin,3
10033,19,outandin,1
10033,21,outandin,2
10033,52,outgoing,11
10033,82,outandin,2
10033,85,outgoing,3
10033,87,outgoing,11
10033,105,outgoing,2
10033,106,outgoing,2
10033,137,outgoing,12
10033,138,outgoing,12
10033,139,outgoing,1
10033,158,outgoing,5
10033,163,outandin,1
10033,166,outandin,10
10033,168,outgoing,1
10033,171,outgoing,1
10033,172,outgoing,5
10033,175,outgoing,2
10033,176,outgoing,12
10033,185,outgoing,3
10033,188,outgoing,7
10033,194,outandin,3
10033,205,outgoing,14
10033,209,outandin,1
10033,219,outgoing,2
10033,230,outgoing,6
10033,231,outandin,1
10033,254,outgoing,1
10033,265,outandin,1
10033,269,outgoing,2
10033,288,outandin,2
10033,301,outandin,3
10033,305,outgoing,3
10033,312,outgoing,2
10033,319,outgoing,1
10033,328,outgoing,3
10033,329,outandin,1
10033,337,outgoing,60
10033,341,outgoing,11
10033,343,outgoing,10
10033,348,outandin,1
10033,349,outgoing,7
10033,350,outgoing,4
10033,351,outgoing,11
10033,363,outgoing,16
10033,391,outgoing,4
10033,396,outgoing,1
10033,407,outandin,1
10033,413,outgoing,54
10033,434,outandin,4
10033,446,outandin,6
10033,447,outgoing,3
10033,448,outgoing,4
10033,451,outgoing,9
10033,457,outandin,3
10033,460,outgoing,40
10033,468,outandin,1
10033,475,outgoing,4
10033,488,outgoing,2
10033,498,outgoing,6
10033,506,outgoing,18
10033,512,outgoing,2
10033,539,outgoing,7
10033,541,outandin,1
10033,543,outgoing,55
10033,545,outgoing,3
10033,552,outandin,1
10033,554,outandin,1
10033,557,outandin,1
10033,560,outgoing,5
10033,573,outandin,5
10033,579,outandin,1
10033,585,outgoing,3
10033,589,outgoing,1
10033,596,outgoing,3
10033,626,outgoing,17
10033,630,outgoing,2
10033,645,outgoing,2
10033,664,outandin,4
10033,683,outandin,18
10033,684,outgoing,2
10033,688,outandin,7
10033,703,outandin,1
10033,705,outgoing,1
10033,719,outandin,4
10033,735,outgoing,8
10033,749,outgoing,29
10033,753,outandin,1
10033,755,outgoing,1
10033,762,outgoing,14
10033,770,outgoing,3
10033,800,outgoing,7
10033,824,outgoing,106
10033,831,outandin,3
10033,834,outgoing,36
10033,844,outgoing,1
10033,846,outgoing,10
10033,855,outandin,1
10033,860,outgoing,6
10033,868,outandin,3
10033,890,outgoing,8
10033,901,outgoing,3
10033,905,outgoing,10
10033,930,outandin,2
10033,931,outgoing,3
10033,941,outgoing,6
10033,943,outgoing,12
10033,945,outgoing,2
10033,949,outgoing,1
10033,960,outgoing,13
10033,980,outgoing,3
10033,981,outandin,8
10033,994,outgoing,16
10033,1000,outandin,1
10033,1001,outgoing,12
10033,1006,outgoing,59
10033,1010,outandin,9
10033,1042,outandin,7
10033,1043,outgoing,5
10033,1056,outgoing,1
10033,1062,outgoing,16
10033,1064,outandin,1
10033,1092,outandin,2
10033,1094,outandin,3
10033,1097,outandin,1
10033,1105,outgoing,1
10033,1107,outgoing,2
10033,1132,outgoing,3
10033,1157,outgoing,4
10033,1164,outgoing,2
10033,1189,outgoing,4
10033,1194,outgoing,5
10033,1207,outgoing,1
10033,1219,outgoing,1
10033,1227,outandin,1
10033,1234,outandin,4
10033,1236,outandin,3
10033,1238,outgoing,8
10033,1239,outgoing,10
10033,1253,outgoing,15
10033,1264,outandin,3
10033,1266,outgoing,2
10033,1290,outandin,1
10033,1293,outgoing,5
10033,1305,outgoing,4
10033,1322,outgoing,1
10033,1327,outandin,1
10033,1349,outandin,6
10033,1350,outgoing,4
10033,1353,outgoing,2
10033,1377,outandin,4
10033,1385,outandin,1
10033,1390,outgoing,5
10033,1402,outgoing,3
10033,1428,outandin,1
10033,1434,outandin,8
10033,1439,outgoing,11
10033,1487,outgoing,17
10033,1506,outgoing,2
10033,1509,outgoing,4
10033,1527,outgoing,10
10033,1528,outandin,3
10033,1530,outgoing,3
10033,1540,outandin,1
10033,1542,outgoing,56
10033,1546,outgoing,1
10033,1547,outgoing,13
10033,1554,outandin,3
10033,1555,outandin,1
10033,1557,outgoing,2
10033,1568,outgoing,2
10033,1574,outandin,5
10033,1583,outgoing,4
10033,1589,outgoing,3
10033,1593,outgoing,8
10033,1594,outgoing,1
10033,1626,outandin,2
10033,1634,outgoing,1
10033,1639,outgoing,3
10033,1645,outgoing,7
10033,1649,outandin,2
10033,1657,outgoing,96
10033,1661,outgoing,2
10033,1662,outgoing,38
10033,1666,outandin,1
10033,1682,outgoing,5
10033,1695,outgoing,3
10033,1705,outgoing,1
10033,1720,outgoing,9
10033,1734,outgoing,11
10033,1745,outgoing,5
10033,1756,outgoing,13
10033,1769,outgoing,12
10033,1770,outandin,6
10033,1774,outgoing,2
10033,1776,outandin,4
10033,1785,outgoing,2
10033,1786,outandin,2
10033,1796,outgoing,1
10033,1799,outgoing,6
10033,1810,outgoing,29
10033,1811,outgoing,1
10033,1818,outgoing,1
10033,1851,outgoing,5
10033,1856,outgoing,1
10033,1880,outandin,1
10033,1889,outgoing,3
10033,1893,outgoing,50
10033,1897,outgoing,2
10033,1909,outgoing,2
10033,1911,outgoing,1
10033,1947,outandin,1
10033,1956,outgoing,9
10033,1968,outandin,1
10033,1970,outgoing,8
10033,1985,outandin,1
10033,1988,outgoing,36
10033,1996,outgoing,22
10033,1998,outgoing,14
10033,2008,outgoing,2
10033,2010,outgoing,2
10033,2049,outandin,1
10033,2053,outgoing,3
10033,2055,outandin,1
10033,2070,outgoing,1
10033,2071,outgoing,4
10033,2073,outgoing,1
10033,2104,outgoing,1
10033,2121,outgoing,1
10033,2122,outgoing,4
10033,2124,outandin,1
10033,2140,outandin,5
10033,2145,outgoing,1
10033,2162,outgoing,5
10033,2174,outgoing,6
10033,2178,outgoing,10
10033,2195,outgoing,1
10033,2196,outgoing,4
10033,2207,outgoing,43
10033,2212,outgoing,9
10033,2213,outgoing,5
10033,2214,outgoing,5
10033,2218,outgoing,17
10033,2236,outandin,1
10033,2244,outgoing,7
10033,2256,outgoing,1
10033,2261,outandin,3
10033,2267,outandin,3
10033,2268,outgoing,5
10033,2269,outgoing,7
10033,2272,outgoing,4
10033,2289,outandin,2
10033,2294,outgoing,12
10033,2311,outgoing,4
10033,2343,outandin,1
10033,2351,outandin,2
10033,2356,outandin,3
10033,2378,outgoing,5
10033,2391,outgoing,3
10033,2398,outgoing,1
10033,2402,outgoing,2
10033,2433,outgoing,4
10033,2439,outgoing,3
10033,2475,outgoing,4
10033,2501,outandin,5
10033,2524,outgoing,5
10033,2527,outgoing,5
10033,2541,outandin,1
10033,2547,outgoing,11
10033,2552,outgoing,3
10033,2558,outgoing,58
10033,2568,outgoing,2
10033,2569,outgoing,10
10033,2575,outgoing,3
10033,2584,outandin,1
10033,2626,outgoing,1
10033,2663,outgoing,1
10033,2667,outgoing,1
10033,2670,outandin,1
10033,2713,outgoing,9
10033,2718,outgoing,16
10033,2726,outandin,3
10033,2736,outgoing,1
10033,2737,outgoing,5
10033,2751,outgoing,5
10033,2766,outgoing,1
10033,2768,outgoing,3
10033,2769,outgoing,3
10033,2799,outgoing,1
10033,2803,outgoing,3
10033,2810,outandin,1
10033,2825,outandin,1
10033,2826,outgoing,20
10033,2832,outandin,1
10033,2833,outgoing,2
10033,2834,outandin,2
10033,2845,outandin,1
10033,2858,outgoing,1
10033,2860,outandin,1
10033,2866,outgoing,3
10033,2870,outandin,3
10033,2875,outgoing,11
10033,2887,outgoing,2
10033,2894,outandin,2
10033,2921,outgoing,7
10033,2924,outandin,5
10033,2942,outgoing,2
10033,2948,outandin,1
10033,2984,outgoing,4
10033,3013,outgoing,8
10033,3014,outgoing,6
10033,3037,outgoing,2
10033,3038,outgoing,1
10033,3046,outgoing,7
10033,3103,outandin,23
10033,3126,outandin,3
10033,3137,outandin,1
10033,3144,outgoing,2
10033,3153,outgoing,8
10033,3155,outgoing,4
10033,3157,outgoing,4
10033,3163,outandin,8
10033,3210,outgoing,2
10033,3226,outandin,1
10033,3231,outgoing,7
10033,3245,outgoing,1
10033,3249,outgoing,9
10033,3254,outandin,7
10033,3256,outandin,2
10033,3257,outandin,1
10033,3271,outandin,3
10033,3276,outgoing,2
10033,3286,outgoing,6
10033,3298,outandin,1
10033,3316,outgoing,4
10033,3320,outandin,1
10033,3332,outgoing,1
10033,3342,outgoing,2
10033,3365,outgoing,111
10033,3372,outgoing,5
10033,3376,outgoing,2
10033,3379,outgoing,6
10033,3398,outandin,2
10033,3399,outgoing,5
10033,3406,outgoing,1
10033,3408,outgoing,5
10033,3415,outgoing,11
10033,3425,outgoing,5
10033,3436,outandin,4
10033,3454,outandin,1
10033,3468,outandin,2
10033,3473,outandin,1
10033,3477,outgoing,5
10033,3485,outandin,1
10033,3488,outandin,1
10033,3505,outgoing,10
10033,3506,outgoing,7
10033,3513,outgoing,14
10033,3515,outandin,4
10033,3536,outandin,1
10033,3559,outandin,2
10033,3572,outgoing,4
10033,3594,outandin,1
10033,3598,outgoing,5
10033,3627,outgoing,20
10033,3635,outandin,3
10033,3643,outgoing,10
10033,3649,outgoing,18
10033,3651,outgoing,9
10033,3652,outgoing,3
10033,3662,outgoing,7
10033,3666,outgoing,5
10033,3680,outgoing,14
10033,3682,outgoing,1
10033,3687,outgoing,7
10033,3697,outandin,2
10033,3710,outandin,7
10033,3713,outandin,1
10033,3720,outgoing,3
10033,3723,outandin,2
10033,3724,outgoing,16
10033,3730,outgoing,21
10033,3732,outgoing,3
10033,3734,outgoing,5
10033,3737,outandin,1
10033,3744,outgoing,5
10033,3750,outgoing,1
10033,3751,outgoing,28
10033,3770,outgoing,6
10033,3790,outgoing,1
10033,3796,outgoing,35
10033,3801,outandin,3
10033,3823,outgoing,3
10033,3841,outgoing,2
10033,3843,outgoing,1
10033,3851,outandin,1
10033,3854,outgoing,2
10033,3856,outandin,4
10033,3858,outgoing,9
10033,3859,outgoing,3
10033,3862,outgoing,2
10033,3864,outgoing,16
10033,3871,outgoing,21
10033,3874,outgoing,3
10033,3877,outandin,1
10033,3880,outandin,2
10033,3897,outandin,5
10033,3916,outgoing,3
10033,3919,outgoing,2
10033,3927,outgoing,5
10033,3939,outgoing,2
10033,3945,outgoing,11
10033,3952,outgoing,7
10033,3956,outandin,3
10033,3977,outgoing,5
10033,3996,outgoing,6
10033,4002,outgoing,2
10033,4011,outandin,1
10033,4019,outgoing,3
10033,4057,outgoing,10
10033,4075,outgoing,1
10033,4085,outgoing,4
10033,4094,outgoing,2
10033,4096,outgoing,9
10033,4097,outgoing,17
10033,4098,outgoing,2
10033,4099,outgoing,15
10033,4100,outandin,1
10033,4103,outgoing,2
10033,4105,outgoing,7
10033,4109,outgoing,11
10033,4123,outgoing,3
10033,4128,outandin,3
10033,4134,outandin,5
10033,4159,outgoing,14
10033,4171,outgoing,4
10033,4183,outandin,1
10033,4187,outgoing,2
10033,4222,outandin,1
10033,4226,outandin,1
10033,4227,outandin,5
10033,4231,outgoing,15
10033,4240,outandin,3
10033,4249,outgoing,9
10033,4259,outgoing,3
10033,4271,outgoing,1
10033,4275,outgoing,3
10033,4289,outandin,1
10033,4302,outgoing,9
10033,4313,outandin,2
10033,4321,outgoing,4
10033,4323,outgoing,1
10033,4325,outgoing,2
10033,4327,outgoing,12
10033,4329,outgoing,5
10033,4339,outgoing,25
10033,4368,outgoing,11
10033,4377,outandin,4
10033,4385,outandin,1
10033,4395,outandin,1
10033,4415,outandin,1
10033,4431,outgoing,5
10033,4433,outgoing,2
10033,4450,outandin,5
10033,4457,outgoing,8
10033,4497,outgoing,2
10033,4498,outgoing,4
10033,4503,outandin,2
10033,4537,outgoing,1
10033,4568,outgoing,3
10033,4574,outgoing,9
10033,4585,outandin,1
10033,4586,outgoing,6
10033,4588,outandin,1
10033,4589,outgoing,5
10033,4597,outgoing,2
10033,4607,outgoing,1
10033,4609,outgoing,3
10033,4612,outandin,1
10033,4618,outandin,1
10033,4626,outandin,9
10033,4628,outgoing,2
10033,4640,outgoing,13
10033,4641,outgoing,23
10033,4644,outgoing,10
10033,4648,outgoing,1
10033,4650,outgoing,2
10033,4665,outandin,1
10033,4694,outgoing,2
10033,4695,outgoing,10
10033,4718,outgoing,5
10033,4739,outgoing,2
10033,4757,outgoing,24
10033,4758,outgoing,6
10033,4759,outgoing,2
10033,4767,outandin,1
10033,4783,outgoing,9
10033,4789,outgoing,12
10033,4794,outgoing,1
10033,4802,outandin,1
10033,4816,outandin,1
10033,4832,outgoing,4
10033,4833,outandin,1
10033,4850,outgoing,4
10033,4856,outandin,1
10033,4857,outgoing,3
10033,4861,outgoing,2
10033,4876,outandin,1
10033,4879,outgoing,1
10033,4906,outgoing,5
10033,4913,outgoing,10
10033,4915,outgoing,5
10033,4928,outgoing,4
10033,4934,outgoing,5
10033,4946,outgoing,17
10033,4951,outgoing,3
10033,4953,outgoing,3
10033,4963,outandin,2
10033,4967,outgoing,5
10033,4981,outgoing,11
10033,4992,outandin,1
10033,5004,outgoing,10
10033,5013,outgoing,7
10033,5021,outgoing,16
10033,5029,outgoing,1
10033,5033,outgoing,1
10033,5036,outgoing,28
10033,5071,outgoing,6
10033,5075,outandin,3
10033,5076,outgoing,4
10033,5107,outgoing,3
10033,5111,outgoing,1
10033,5130,outgoing,9
10033,5138,outgoing,1
10033,5142,outandin,1
10033,5149,outandin,1
10033,5156,outgoing,5
10033,5158,outgoing,8
10033,5161,outandin,1
10033,5181,outgoing,4
10033,5186,outgoing,1
10033,5192,outgoing,2
10033,5203,outgoing,15
10033,5213,outandin,1
10033,5226,outgoing,5
10033,5227,outandin,6
10033,5268,outgoing,7
10033,5290,outgoing,14
10033,5295,outgoing,8
10033,5305,outgoing,4
10033,5310,outandin,2
10033,5325,outandin,1
10033,5330,outgoing,11
10033,5338,outgoing,4
10033,5348,outgoing,5
10033,5362,outgoing,1
10033,5414,outgoing,2
10033,5415,outgoing,6
10033,5433,outgoing,11
10033,5449,outgoing,5
10033,5453,outgoing,1
10033,5460,outgoing,3
10033,5467,outgoing,1
10033,5500,outgoing,7
10033,5512,outgoing,1
10033,5536,outgoing,11
10033,5550,outandin,3
10033,5556,outgoing,4
10033,5562,outandin,2
10033,5565,outgoing,7
10033,5570,outandin,2
10033,5591,outgoing,4
10033,5597,outgoing,56
10033,5627,outgoing,3
10033,5638,outandin,1
10033,5655,outandin,2
10033,5714,outgoing,2
10033,5725,outandin,1
10033,5744,outandin,3
10033,5749,outgoing,3
10033,5751,outgoing,22
10033,5754,outgoing,1
10033,5758,outgoing,12
10033,5787,outandin,1
10033,5790,outgoing,3
10033,5793,outgoing,27
10033,5802,outgoing,4
10033,5820,outandin,1
10033,5826,outgoing,3
10033,5831,outgoing,22
10033,5833,outandin,1
10033,5844,outandin,1
10033,5845,outandin,2
10033,5849,outgoing,1
10033,5850,outandin,5
10033,5851,outandin,1
10033,5854,outgoing,9
10033,5860,outandin,1
10033,5881,outandin,1
10033,5892,outandin,1
10033,5902,outandin,1
10033,5911,outandin,1
10033,5916,outgoing,9
10033,5922,outandin,8
10033,5931,outandin,1
10033,5935,outandin,1
10033,5940,outgoing,9
10033,5957,outgoing,4
10033,5975,outandin,1
10033,5985,outandin,2
10033,6004,outgoing,14
10033,6020,outandin,5
10033,6023,outgoing,10
10033,6057,outgoing,3
10033,6061,outandin,1
10033,6094,outgoing,4
10033,6096,outgoing,2
10033,6106,outgoing,12
10033,6112,outgoing,4
10033,6119,outgoing,1
10033,6127,outgoing,1
10033,6129,outgoing,7
10033,6147,outgoing,1
10033,6161,outgoing,1
10033,6179,outgoing,2
10033,6185,outgoing,11
10033,6222,outandin,10
10033,6268,outandin,3
10033,6283,outandin,1
10033,6286,outgoing,4
10033,6295,outgoing,1
10033,6296,outgoing,2
10033,6298,outgoing,2
10033,6321,outgoing,20
10033,6339,outgoing,12
10033,6354,outgoing,2
10033,6360,outgoing,9
10033,6361,outgoing,1
10033,6370,outgoing,1
10033,6382,outgoing,7
10033,6386,outandin,4
10033,6387,outandin,2
10033,6389,outgoing,2
10033,6394,outgoing,1
10033,6395,outgoing,2
10033,6406,outgoing,19
10033,6417,outgoing,1
10033,6420,outandin,4
10033,6438,outgoing,7
10033,6446,outandin,2
10033,6448,outgoing,2
10033,6454,outgoing,1
10033,6468,outgoing,1
10033,6477,outgoing,6
10033,6513,outgoing,10
10033,6515,outgoing,3
10033,6527,outandin,1
10033,6535,outandin,9
10033,6538,outandin,3
10033,6540,outandin,2
10033,6543,outgoing,3
10033,6547,outgoing,4
10033,6550,outgoing,7
10033,6552,outandin,2
10033,6554,outgoing,31
10033,6558,outandin,1
10033,6562,outgoing,4
10033,6565,outgoing,8
10033,6568,outgoing,31
10033,6574,outgoing,3
10033,6594,outgoing,5
10033,6595,outgoing,1
10033,6598,outgoing,7
10033,6611,outgoing,3
10033,6612,outgoing,2
10033,6626,outgoing,1
10033,6629,outgoing,3
10033,6640,outandin,3
10033,6654,outgoing,4
10033,6655,outgoing,10
10033,6656,outgoing,1
10033,6658,outgoing,4
10033,6659,outandin,2
10033,6687,outgoing,5
10033,6693,outandin,13
10033,6701,outgoing,4
10033,6737,outgoing,1
10033,6742,outgoing,1
10033,6748,outgoing,15
10033,6754,outandin,1
10033,6756,outandin,2
10033,6761,outgoing,5
10033,6763,outgoing,2
10033,6768,outandin,2
10033,6771,outgoing,28
10033,6803,outgoing,2
10033,6810,outgoing,8
10033,6823,outandin,1
10033,6828,outandin,16
10033,6846,outgoing,1
10033,6847,outgoing,30
10033,6867,outandin,1
10033,6869,outgoing,2
10033,6872,outgoing,3
10033,6877,outgoing,2
10033,6878,outgoing,9
10033,6902,outgoing,15
10033,6968,outgoing,4
10033,6977,outgoing,2
10033,6980,outgoing,11
10033,6994,outgoing,3
10033,7015,outandin,1
10033,7031,outandin,2
10033,7044,outgoing,2
10033,7050,outgoing,1
10033,7059,outgoing,6
10033,7061,outgoing,14
10033,7094,outgoing,5
10033,7110,outgoing,4
10033,7113,outgoing,6
10033,7116,outgoing,32
10033,7119,outgoing,1
10033,7128,outgoing,3
10033,7136,outgoing,21
10033,7137,outgoing,2
10033,7154,outgoing,1
10033,7168,outgoing,3
10033,7199,outgoing,3
10033,7210,outandin,10
10033,7228,outgoing,36
10033,7237,outandin,5
10033,7244,outgoing,1
10033,7256,outgoing,3
10033,7257,outandin,8
10033,7260,outgoing,1
10033,7280,outgoing,1
10033,7283,outgoing,5
10033,7309,outgoing,17
10033,7327,outgoing,1
10033,7337,outgoing,1
10033,7352,outgoing,6
10033,7354,outandin,2
10033,7355,outgoing,3
10033,7356,outandin,1
10033,7367,outgoing,3
10033,7383,outgoing,3
10033,7413,outandin,4
10033,7422,outgoing,10
10033,7426,outgoing,8
10033,7427,outgoing,11
10033,7435,outandin,1
10033,7448,outandin,1
10033,7451,outgoing,2
10033,7454,outgoing,2
10033,7455,outgoing,3
10033,7464,outgoing,1
10033,7476,outandin,26
10033,7486,outgoing,3
10033,7487,outandin,5
10033,7492,outgoing,5
10033,7498,outgoing,1
10033,7501,outandin,1
10033,7503,outgoing,5
10033,7505,outgoing,5
10033,7506,outgoing,1
10033,7511,outgoing,2
10033,7521,outandin,1
10033,7523,outandin,1
10033,7525,outgoing,47
10033,7529,outgoing,4
10033,7537,outgoing,8
10033,7547,outgoing,8
10033,7571,outandin,7
10033,7598,outandin,4
10033,7607,outgoing,3
10033,7630,outgoing,3
10033,7641,outgoing,9
10033,7645,outandin,2
10033,7675,outgoing,1
10033,7686,outandin,1
10033,7711,outandin,1
10033,7712,outgoing,1
10033,7731,outgoing,2
10033,7743,outandin,1
10033,7771,outandin,9
10033,7778,outandin,2
10033,7804,outgoing,3
10033,7821,outandin,2
10033,7822,outgoing,1
10033,7832,outgoing,1
10033,7835,outgoing,1
10033,7844,outgoing,10
10033,7863,outgoing,1
10033,7869,outgoing,4
10033,7878,outgoing,2
10033,7885,outgoing,2
10033,7889,outgoing,1
10033,7896,outgoing,44
10033,7901,outgoing,14
10033,7905,outgoing,12
10033,7914,outgoing,3
10033,7919,outgoing,5
10033,7923,outgoing,4
10033,7928,outgoing,5
10033,7931,outandin,1
10033,7932,outgoing,9
10033,7942,outgoing,6
10033,7950,outandin,1
10033,7974,outgoing,3
10033,7976,outgoing,13
10033,7986,outgoing,5
10033,7995,outandin,9
10033,8001,outgoing,5
10033,8002,outgoing,2
10033,8009,outgoing,24
10033,8010,outgoing,3
10033,8018,outgoing,1
10033,8019,outgoing,9
10033,8024,outgoing,6
10033,8026,outgoing,46
10033,8037,outgoing,7
10033,8041,outgoing,2
10033,8042,outgoing,19
10033,8046,outgoing,5
10033,8054,outandin,4
10033,8068,outandin,1
10033,8077,outgoing,4
10033,8078,outgoing,7
10033,8108,outandin,1
10033,8114,outgoing,6
10033,8119,outandin,7
10033,8130,outandin,1
10033,8135,outgoing,2
10033,8151,outgoing,17
10033,8163,outgoing,15
10033,8178,outgoing,3
10033,8201,outandin,1
10033,8205,outandin,1
10033,8214,outandin,3
10033,8215,outgoing,1
10033,8225,outgoing,2
10033,8226,outgoing,5
10033,8232,outgoing,14
10033,8235,outandin,19
10033,8238,outandin,7
10033,8256,outgoing,2
10033,8259,outgoing,32
10033,8263,outandin,1
10033,8265,outgoing,4
10033,8272,outgoing,4
10033,8275,outandin,2
10033,8281,outgoing,8
10033,8308,outgoing,1
10033,8312,outgoing,10
10033,8318,outgoing,7
10033,8330,outgoing,6
10033,8336,outandin,1
10033,8340,outgoing,5
10033,8343,outgoing,7
10033,8360,outgoing,3
10033,8361,outgoing,1
10033,8388,outgoing,2
10033,8389,outandin,1
10033,8396,outgoing,36
10033,8398,outgoing,3
10033,8404,outgoing,1
10033,8408,outgoing,1
10033,8414,outandin,2
10033,8420,outgoing,13
10033,8426,outandin,1
10033,8428,outgoing,1
10033,8430,outgoing,1
10033,8440,outandin,1
10033,8443,outandin,2
10033,8469,outgoing,10
10033,8477,outgoing,4
10033,8483,outgoing,13
10033,8492,outandin,16
10033,8501,outgoing,8
10033,8508,outgoing,2
10033,8512,outgoing,5
10033,8514,outandin,1
10033,8518,outandin,12
10033,8521,outgoing,6
10033,8529,outgoing,115
10033,8535,outgoing,7
10033,8540,outgoing,1
10033,8541,outgoing,3
10033,8575,outgoing,5
10033,8583,outandin,1
10033,8620,outgoing,2
10033,8623,outgoing,1
10033,8633,outgoing,6
10033,8635,outgoing,3
10033,8650,outandin,2
10033,8657,outandin,1
10033,8667,outgoing,1
10033,8680,outgoing,6
10033,8703,outgoing,42
10033,8733,outgoing,6
10033,8740,outgoing,16
10033,8741,outgoing,5
10033,8769,outgoing,15
10033,8781,outgoing,4
10033,8783,outandin,1
10033,8794,outandin,2
10033,8825,outgoing,17
10033,8826,outgoing,22
10033,8841,outgoing,5
10033,8861,outgoing,2
10033,8865,outandin,3
10033,8868,outgoing,2
10033,8887,outgoing,11
10033,8888,outgoing,4
10033,8889,outgoing,7
10033,8890,outgoing,15
10033,8892,outgoing,6
10033,8895,outgoing,1
10033,8904,outgoing,2
10033,8910,outgoing,10
10033,8921,outandin,2
10033,8923,outgoing,1
10033,8926,outgoing,7
10033,8932,outandin,35
10033,8941,outandin,1
10033,8948,outgoing,11
10033,8949,outgoing,10
10033,8958,outgoing,6
10033,8975,outgoing,3
10033,8980,outandin,13
10033,8988,outandin,5
10033,8991,outgoing,2
10033,8996,outgoing,21
10033,9002,outgoing,17
10033,9019,outgoing,2
10033,9024,outgoing,26
10033,9026,outgoing,7
10033,9042,outgoing,23
10033,9068,outandin,1
10033,9076,outgoing,5
10033,9080,outandin,1
10033,9081,outgoing,1
10033,9105,outgoing,45
10033,9114,outgoing,11
10033,9118,outgoing,1
10033,9119,outandin,1
10033,9130,outgoing,16
10033,9148,outgoing,12
10033,9157,outgoing,4
10033,9183,outgoing,26
10033,9191,outandin,1
10033,9213,outgoing,8
10033,9215,outgoing,3
10033,9217,outgoing,10
10033,9244,outgoing,1
10033,9258,outgoing,3
10033,9267,outgoing,5
10033,9284,outgoing,2
10033,9286,outgoing,18
10033,9304,outgoing,1
10033,9305,outgoing,6
10033,9335,outgoing,1
10033,9337,outandin,7
10033,9351,outgoing,11
10033,9353,outandin,2
10033,9355,outgoing,24
10033,9356,outandin,2
10033,9357,outgoing,10
10033,9363,outgoing,7
10033,9365,outgoing,4
10033,9373,outgoing,1
10033,9374,outgoing,8
10033,9389,outandin,1
10033,9398,outandin,1
10033,9399,outandin,1
10033,9400,outandin,26
10033,9402,outandin,17
10033,9411,outgoing,1
10033,9436,outandin,1
10033,9446,outgoing,8
10033,9459,outgoing,17
10033,9466,outandin,20
10033,9475,outgoing,7
10033,9496,outgoing,2
10033,9501,outgoing,1
10033,9508,outgoing,4
10033,9516,outgoing,4
10033,9518,outandin,1
10033,9532,outgoing,18
10033,9533,outandin,3
10033,9535,outgoing,6
10033,9540,outgoing,22
10033,9559,outgoing,10
10033,9566,outgoing,2
10033,9590,outgoing,2
10033,9592,outgoing,8
10033,9621,outgoing,2
10033,9624,outgoing,4
10033,9629,outgoing,6
10033,9646,outgoing,6
10033,9663,outgoing,1
10033,9664,outgoing,8
10033,9667,outandin,1
10033,9673,outgoing,1
10033,9676,outgoing,3
10033,9681,outgoing,7
10033,9698,outgoing,66
10033,9705,outandin,1
10033,9737,outgoing,1
10033,9742,outgoing,6
10033,9761,outgoing,15
10033,9774,outgoing,13
10033,9784,outgoing,14
10033,9793,outgoing,23
10033,9797,outgoing,49
10033,9798,outgoing,22
10033,9800,outgoing,1
10033,9803,outgoing,11
10033,9807,outgoing,11
10033,9822,outgoing,4
10033,9826,outgoing,3
10033,9828,outgoing,18
10033,9829,outgoing,1
10033,9830,outandin,1
10033,9839,outandin,1
10033,9848,outgoing,57
10033,9850,outandin,3
10033,9854,outandin,5
10033,9856,outgoing,17
10033,9863,outgoing,26
10033,9865,outgoing,17
10033,9874,outgoing,17
10033,9875,outgoing,8
10033,9877,outgoing,9
10033,9878,outgoing,4
10033,9883,outgoing,17
10033,9884,outgoing,1
10033,9891,outgoing,7
10033,9892,outandin,1
10033,9894,outgoing,16
10033,9902,outgoing,7
10033,9903,outgoing,31
10033,9904,outgoing,25
10033,9908,outgoing,38
10033,9910,outandin,1
10033,9915,outandin,1
10033,9916,outandin,31
10033,9919,outgoing,20
10033,9920,outgoing,1
10033,9926,outgoing,66
10033,9928,outgoing,36
10033,9929,outgoing,27
10033,9934,outandin,7
10033,9945,outgoing,41
10033,9946,outandin,4
10033,9951,outandin,60
10033,9953,outandin,29
10033,9961,outandin,70
10033,9965,outandin,9
10033,9967,outandin,4
10033,9970,outandin,3
10033,9974,outandin,3
10033,9975,outandin,1
10033,9977,outandin,29
10033,9983,outandin,1
10033,9984,outandin,1
10033,9985,outandin,23
10033,9989,outandin,2
10033,9990,outandin,24
10033,9992,outandin,5
10033,9993,outandin,1
10033,9996,outandin,12
10033,9999,outandin,47
10007,8,outgoing,11
10007,14,outgoing,172
10007,17,outandin,2
10007,45,outgoing,24
10007,48,outandin,1
10007,62,outgoing,6
10007,75,outgoing,17
10007,89,outgoing,1
10007,97,outgoing,5
10007,109,outgoing,16
10007,142,outgoing,12
10007,161,outandin,1
10007,173,outgoing,56
10007,189,outgoing,13
10007,206,outgoing,25
10007,241,outgoing,201
10007,242,outgoing,9
10007,252,outgoing,7
10007,267,outgoing,9
10007,271,outgoing,22
10007,287,outgoing,14
10007,294,outandin,17
10007,315,outgoing,38
10007,318,outgoing,17
10007,332,outgoing,128
10007,352,outgoing,15
10007,356,outgoing,123
10007,371,outgoing,10
10007,372,outgoing,6
10007,382,outgoing,4
10007,389,outgoing,17
10007,397,outgoing,4
10007,407,outandin,2
10007,414,outgoing,16
10007,416,outgoing,26
10007,432,outgoing,77
10007,437,outgoing,10
10007,438,outgoing,8
10007,478,outgoing,83
10007,492,outgoing,5
10007,532,outgoing,3
10007,542,outgoing,6
10007,562,outgoing,17
10007,573,outgoing,2
10007,582,outgoing,2
10007,583,outgoing,27
10007,588,outgoing,1
10007,593,outgoing,6
10007,596,outgoing,3
10007,609,outgoing,28
10007,620,outgoing,17
10007,621,outgoing,2
10007,631,outgoing,119
10007,633,outgoing,68
10007,647,outandin,2
10007,648,outgoing,35
10007,649,outgoing,19
10007,678,outgoing,26
10007,700,outgoing,3
10007,704,outgoing,14
10007,706,outgoing,15
10007,709,outgoing,10
10007,710,outandin,24
10007,717,outgoing,9
10007,731,outgoing,27
10007,736,outgoing,22
10007,742,outgoing,13
10007,746,outgoing,3
10007,753,outandin,1
10007,776,outgoing,1
10007,789,outgoing,14
10007,797,outgoing,134
10007,801,outgoing,4
10007,833,outandin,6
10007,837,outgoing,45
10007,863,outgoing,26
10007,870,outgoing,11
10007,888,outgoing,9
10007,893,outgoing,7
10007,903,outgoing,7
10007,904,outgoing,18
10007,913,outgoing,42
10007,917,outgoing,5
10007,933,outgoing,1
10007,946,outgoing,20
10007,957,outgoing,38
10007,966,outgoing,7
10007,969,outgoing,14
10007,973,outgoing,5
10007,990,outgoing,7
10007,1011,outgoing,14
10007,1023,outgoing,4
10007,1028,outgoing,71
10007,1032,outgoing,6
10007,1067,outgoing,1
10007,1078,outgoing,14
10007,1081,outandin,1
10007,1084,outgoing,15
10007,1108,outgoing,17
10007,1126,outgoing,9
10007,1127,outgoing,11
10007,1133,outgoing,17
10007,1134,outgoing,10
10007,1136,outgoing,10
10007,1141,outgoing,14
10007,1143,outgoing,6
10007,1151,outandin,1
10007,1170,outgoing,111
10007,1175,outgoing,15
10007,1176,outgoing,12
10007,1182,outgoing,5
10007,1184,outgoing,9
10007,1197,outgoing,12
10007,1204,outgoing,137
10007,1205,outgoing,24
10007,1206,outgoing,6
10007,1215,outgoing,30
10007,1227,outgoing,13
10007,1241,outgoing,17
10007,1259,outgoing,9
10007,1286,outgoing,6
10007,1320,outgoing,6
10007,1333,outgoing,10
10007,1338,outandin,2
10007,1347,outgoing,4
10007,1368,outgoing,1
10007,1386,outgoing,29
10007,1389,outgoing,21
10007,1416,outgoing,4
10007,1417,outgoing,26
10007,1441,outgoing,7
10007,1446,outgoing,302
10007,1447,outgoing,11
10007,1449,outgoing,17
10007,1490,outgoing,20
10007,1494,outgoing,11
10007,1515,outgoing,9
10007,1526,outgoing,1
10007,1528,outgoing,32
10007,1529,outgoing,2
10007,1549,outgoing,1
10007,1552,outgoing,15
10007,1562,outandin,1
10007,1568,outgoing,3
10007,1577,outgoing,4
10007,1584,outgoing,9
10007,1602,outgoing,3
10007,1618,outgoing,21
10007,1629,outgoing,14
10007,1631,outgoing,9
10007,1650,outgoing,96
10007,1671,outgoing,6
10007,1675,outgoing,17
10007,1676,outgoing,3
10007,1678,outgoing,51
10007,1680,outgoing,20
10007,1681,outgoing,9
10007,1688,outgoing,7
10007,1701,outgoing,4
10007,1713,outgoing,1
10007,1714,outgoing,9
10007,1785,outandin,1
10007,1813,outgoing,10
10007,1853,outgoing,7
10007,1867,outgoing,13
10007,1885,outgoing,5
10007,1892,outandin,1
10007,1913,outgoing,22
10007,1942,outgoing,11
10007,1959,outgoing,18
10007,2033,outgoing,8
10007,2036,outgoing,7
10007,2043,outgoing,14
10007,2082,outgoing,18
10007,2115,outgoing,5
10007,2199,outgoing,12
10007,2209,outgoing,8
10007,2234,outgoing,35
10007,2300,outgoing,20
10007,2304,outgoing,17
10007,2446,outgoing,18
10007,2499,outgoing,20
10007,2537,outgoing,6
10007,2545,outgoing,22
10007,2562,outgoing,18
10007,2590,outgoing,2
10007,2604,outandin,3
10007,2641,outgoing,14
10007,2643,outgoing,7
10007,2645,outgoing,16
10007,2673,outandin,1
10007,2708,outgoing,6
10007,2771,outgoing,18
10007,2775,outgoing,58
10007,2776,outandin,4
10007,2791,outgoing,5
10007,2822,outgoing,22
10007,2843,outgoing,1
10007,2851,outgoing,10
10007,2859,outgoing,7
10007,2880,outandin,1
10007,2891,outgoing,11
10007,2898,outgoing,14
10007,2968,outgoing,6
10007,2971,outgoing,50
10007,2990,outgoing,4
10007,3005,outgoing,13
10007,3013,outandin,1
10007,3035,outgoing,7
10007,3045,outgoing,11
10007,3048,outgoing,71
10007,3051,outgoing,4
10007,3095,outgoing,4
10007,3120,outgoing,71
10007,3160,outgoing,11
10007,3175,outgoing,227
10007,3181,outgoing,6
10007,3182,outgoing,69
10007,3206,outgoing,23
10007,3208,outgoing,19
10007,3209,outgoing,5
10007,3266,outgoing,46
10007,3296,outgoing,14
10007,3308,outgoing,13
10007,3333,outgoing,10
10007,3338,outgoing,14
10007,3339,outgoing,13
10007,3344,outgoing,18
10007,3347,outgoing,7
10007,3360,outgoing,1
10007,3385,outgoing,12
10007,3393,outgoing,4
10007,3430,outgoing,15
10007,3455,outgoing,6
10007,3459,outgoing,4
10007,3461,outgoing,14
10007,3470,outgoing,23
10007,3473,outandin,6
10007,3474,outgoing,6
10007,3486,outgoing,39
10007,3489,outgoing,6
10007,3494,outgoing,24
10007,3508,outgoing,11
10007,3564,outgoing,21
10007,3565,outgoing,5
10007,3580,outgoing,2
10007,3581,outgoing,14
10007,3600,outgoing,46
10007,3639,outgoing,45
10007,3642,outgoing,5
10007,3657,outgoing,7
10007,3658,outgoing,30
10007,3664,outgoing,8
10007,3674,outgoing,3
10007,3697,outgoing,2
10007,3709,outgoing,18
10007,3718,outgoing,4
10007,3724,outandin,1
10007,3777,outgoing,25
10007,3797,outgoing,8
10007,3803,outgoing,16
10007,3813,outandin,5
10007,3815,outgoing,10
10007,3817,outgoing,21
10007,3818,outgoing,2
10007,3827,outgoing,12
10007,3829,outgoing,31
10007,3838,outgoing,3
10007,3840,outgoing,14
10007,3858,outandin,1
10007,3869,outgoing,3
10007,3908,outgoing,4
10007,3918,outgoing,7
10007,3922,outgoing,5
10007,3923,outgoing,4
10007,3948,outgoing,19
10007,3956,outandin,5
10007,3963,outgoing,4
10007,3973,outgoing,10
10007,3976,outgoing,7
10007,4006,outgoing,20
10007,4010,outgoing,11
10007,4024,outgoing,5
10007,4042,outgoing,16
10007,4050,outgoing,10
10007,4064,outgoing,37
10007,4069,outgoing,16
10007,4100,outgoing,7
10007,4113,outgoing,7
10007,4125,outgoing,8
10007,4140,outgoing,4
10007,4157,outgoing,22
10007,4170,outgoing,7
10007,4189,outgoing,4
10007,4208,outgoing,12
10007,4245,outgoing,3
10007,4247,outgoing,20
10007,4254,outgoing,2
10007,4276,outgoing,27
10007,4284,outgoing,4
10007,4295,outgoing,6
10007,4310,outgoing,36
10007,4315,outgoing,19
10007,4337,outgoing,12
10007,4340,outgoing,9
10007,4342,outgoing,1
10007,4346,outgoing,43
10007,4348,outgoing,8
10007,4352,outgoing,1
10007,4355,outgoing,5
10007,4356,outgoing,13
10007,4359,outgoing,1
10007,4381,outgoing,12
10007,4382,outgoing,2
10007,4407,outgoing,4
10007,4409,outandin,21
10007,4416,outgoing,7
10007,4425,outgoing,5
10007,4436,outgoing,8
10007,4447,outgoing,10
10007,4477,outgoing,21
10007,4486,outgoing,7
10007,4510,outgoing,37
10007,4519,outgoing,6
10007,4521,outgoing,9
10007,4523,outgoing,5
10007,4526,outgoing,5
10007,4557,outgoing,57
10007,4575,outgoing,7
10007,4585,outandin,1
10007,4614,outgoing,1
10007,4616,outgoing,8
10007,4626,outgoing,2
10007,4631,outgoing,35
10007,4639,outgoing,22
10007,4645,outgoing,11
10007,4658,outgoing,6
10007,4668,outgoing,13
10007,4673,outgoing,8
10007,4680,outgoing,41
10007,4681,outgoing,5
10007,4707,outgoing,8
10007,4715,outgoing,4
10007,4721,outgoing,18
10007,4727,outgoing,4
10007,4788,outgoing,2
10007,4796,outgoing,14
10007,4811,outgoing,18
10007,4828,outgoing,25
10007,4829,outgoing,38
10007,4834,outgoing,6
10007,4838,outandin,5
10007,4863,outgoing,13
10007,4866,outgoing,3
10007,4883,outandin,1
10007,4905,outgoing,22
10007,4911,outgoing,15
10007,4932,outgoing,14
10007,4969,outgoing,8
10007,4971,outgoing,14
10007,4974,outgoing,11
10007,4975,outandin,7
10007,4977,outgoing,9
10007,4983,outgoing,4
10007,4986,outgoing,15
10007,5009,outgoing,4
10007,5018,outgoing,14
10007,5031,outgoing,8
10007,5046,outgoing,31
10007,5066,outgoing,10
10007,5069,outgoing,24
10007,5083,outgoing,63
10007,5092,outandin,1
10007,5096,outgoing,13
10007,5108,outgoing,1
10007,5125,outgoing,2
10007,5131,outgoing,14
10007,5135,outandin,2
10007,5141,outgoing,5
10007,5152,outgoing,11
10007,5167,outgoing,18
10007,5175,outgoing,7
10007,5176,outgoing,14
10007,5198,outgoing,27
10007,5211,outgoing,6
10007,5213,outandin,1
10007,5228,outgoing,21
10007,5252,outgoing,24
10007,5284,outgoing,3
10007,5291,outgoing,2
10007,5294,outgoing,14
10007,5296,outgoing,5
10007,5301,outgoing,8
10007,5307,outgoing,2
10007,5335,outgoing,17
10007,5347,outgoing,38
10007,5388,outandin,2
10007,5393,outandin,39
10007,5394,outgoing,15
10007,5417,outgoing,19
10007,5448,outandin,1
10007,5458,outgoing,12
10007,5461,outgoing,33
10007,5508,outgoing,1
10007,5518,outgoing,22
10007,5526,outgoing,10
10007,5529,outgoing,4
10007,5564,outgoing,15
10007,5576,outgoing,15
10007,5586,outgoing,15
10007,5597,outandin,5
10007,5600,outgoing,5
10007,5601,outgoing,11
10007,5605,outgoing,9
10007,5606,outgoing,8
10007,5609,outgoing,14
10007,5615,outgoing,13
10007,5617,outgoing,19
10007,5620,outgoing,13
10007,5634,outgoing,64
10007,5645,outgoing,13
10007,5659,outgoing,4
10007,5669,outgoing,23
10007,5684,outgoing,8
10007,5689,outgoing,9
10007,5703,outgoing,11
10007,5719,outgoing,42
10007,5725,outgoing,1
10007,5730,outgoing,6
10007,5732,outgoing,6
10007,5747,outgoing,5
10007,5764,outgoing,8
10007,5777,outgoing,52
10007,5789,outgoing,15
10007,5792,outgoing,2
10007,5799,outgoing,4
10007,5837,outgoing,23
10007,5845,outgoing,1
10007,5878,outgoing,16
10007,5881,outgoing,15
10007,5882,outgoing,19
10007,5895,outgoing,2
10007,5903,outgoing,1
10007,5915,outgoing,6
10007,5925,outgoing,3
10007,5933,outgoing,15
10007,5945,outgoing,9
10007,5952,outgoing,6
10007,5958,outgoing,8
10007,5964,outgoing,1
10007,5966,outgoing,29
10007,5971,outgoing,21
10007,5973,outgoing,5
10007,5978,outgoing,5
10007,5981,outgoing,37
10007,6006,outgoing,17
10007,6016,outandin,3
10007,6017,outgoing,8
10007,6038,outgoing,12
10007,6039,outgoing,6
10007,6051,outgoing,6
10007,6052,outandin,1
10007,6055,outandin,4
10007,6070,outgoing,21
10007,6071,outgoing,9
10007,6088,outgoing,6
10007,6089,outandin,2
10007,6092,outgoing,6
10007,6113,outgoing,14
10007,6116,outgoing,2
10007,6122,outgoing,35
10007,6137,outgoing,7
10007,6138,outgoing,22
10007,6140,outgoing,10
10007,6163,outgoing,24
10007,6190,outgoing,9
10007,6191,outandin,1
10007,6194,outgoing,7
10007,6199,outgoing,1
10007,6202,outgoing,3
10007,6206,outgoing,2
10007,6217,outandin,1
10007,6229,outandin,1
10007,6232,outgoing,38
10007,6265,outgoing,31
10007,6269,outgoing,23
10007,6270,outgoing,18
10007,6272,outgoing,3
10007,6279,outgoing,10
10007,6304,outgoing,7
10007,6312,outgoing,11
10007,6337,outgoing,6
10007,6340,outgoing,73
10007,6341,outgoing,5
10007,6342,outgoing,10
10007,6344,outandin,2
10007,6349,outgoing,11
10007,6357,outgoing,10
10007,6359,outgoing,2
10007,6371,outgoing,3
10007,6375,outgoing,10
10007,6383,outgoing,2
10007,6384,outgoing,6
10007,6399,outgoing,3
10007,6401,outgoing,6
10007,6413,outgoing,31
10007,6420,outandin,4
10007,6423,outgoing,5
10007,6450,outgoing,10
10007,6453,outgoing,8
10007,6469,outgoing,2
10007,6470,outgoing,2
10007,6471,outgoing,13
10007,6492,outgoing,6
10007,6495,outgoing,6
10007,6516,outgoing,33
10007,6519,outgoing,2
10007,6531,outgoing,9
10007,6537,outgoing,12
10007,6546,outgoing,5
10007,6580,outgoing,6
10007,6609,outgoing,6
10007,6610,outgoing,29
10007,6633,outgoing,62
10007,6637,outgoing,8
10007,6645,outgoing,18
10007,6658,outandin,3
10007,6659,outgoing,5
10007,6666,outgoing,3
10007,6676,outgoing,2
10007,6683,outgoing,5
10007,6686,outgoing,8
10007,6696,outgoing,19
10007,6698,outgoing,8
10007,6699,outgoing,14
10007,6711,outgoing,1
10007,6724,outgoing,1
10007,6731,outgoing,13
10007,6753,outgoing,6
10007,6759,outgoing,4
10007,6774,outgoing,5
10007,6775,outgoing,16
10007,6778,outgoing,2
10007,6779,outgoing,1
10007,6797,outgoing,4
10007,6806,outgoing,3
10007,6848,outgoing,10
10007,6859,outgoing,20
10007,6889,outgoing,8
10007,6905,outgoing,4
10007,6938,outgoing,23
10007,7010,outandin,1
10007,7039,outgoing,10
10007,7064,outgoing,10
10007,7073,outgoing,25
10007,7080,outgoing,14
10007,7103,outgoing,4
10007,7141,outgoing,29
10007,7143,outgoing,6
10007,7150,outgoing,6
10007,7164,outgoing,18
10007,7178,outgoing,4
10007,7190,outgoing,7
10007,7201,outgoing,14
10007,7227,outgoing,14
10007,7229,outgoing,8
10007,7286,outgoing,8
10007,7298,outgoing,4
10007,7307,outgoing,5
10007,7314,outgoing,20
10007,7328,outandin,37
10007,7372,outandin,3
10007,7391,outgoing,7
10007,7397,outgoing,27
10007,7398,outgoing,17
10007,7402,outgoing,6
10007,7432,outgoing,10
10007,7439,outgoing,30
10007,7454,outgoing,3
10007,7513,outgoing,115
10007,7533,outgoing,2
10007,7550,outgoing,2
10007,7555,outgoing,5
10007,7576,outgoing,10
10007,7606,outgoing,2
10007,7634,outandin,1
10007,7636,outgoing,13
10007,7679,outgoing,13
10007,7688,outgoing,7
10007,7755,outgoing,9
10007,7784,outandin,2
10007,7796,outgoing,85
10007,7802,outgoing,7
10007,7815,outgoing,8
10007,7820,outgoing,7
10007,7852,outgoing,27
10007,7864,outgoing,15
10007,7881,outgoing,5
10007,7888,outgoing,15
10007,7891,outgoing,1
10007,7892,outgoing,9
10007,7893,outgoing,9
10007,7898,outgoing,2
10007,7900,outgoing,11
10007,7919,outgoing,41
10007,7935,outgoing,14
10007,7936,outgoing,7
10007,7944,outgoing,17
10007,7961,outgoing,7
10007,7963,outandin,4
10007,7972,outgoing,40
10007,7978,outgoing,8
10007,7982,outandin,1
10007,7990,outgoing,20
10007,7997,outgoing,5
10007,7999,outgoing,15
10007,8014,outgoing,7
10007,8030,outgoing,25
10007,8032,outgoing,14
10007,8044,outandin,2
10007,8056,outandin,5
10007,8093,outgoing,1
10007,8161,outgoing,17
10007,8170,outgoing,1
10007,8173,outandin,1
10007,8175,outgoing,2
10007,8181,outgoing,12
10007,8188,outgoing,39
10007,8201,outgoing,10
10007,8227,outgoing,18
10007,8230,outgoing,4
10007,8253,outgoing,15
10007,8256,outgoing,8
10007,8257,outgoing,3
10007,8267,outgoing,5
10007,8286,outgoing,5
10007,8301,outgoing,6
10007,8311,outgoing,3
10007,8316,outgoing,32
10007,8329,outgoing,4
10007,8335,outandin,1
10007,8382,outgoing,39
10007,8401,outgoing,2
10007,8421,outgoing,10
10007,8438,outgoing,6
10007,8470,outgoing,9
10007,8483,outandin,4
10007,8508,outgoing,1
10007,8509,outgoing,23
10007,8515,outgoing,14
10007,8525,outgoing,17
10007,8543,outgoing,16
10007,8551,outgoing,17
10007,8552,outgoing,9
10007,8568,outgoing,1
10007,8571,outgoing,7
10007,8609,outgoing,19
10007,8645,outgoing,1
10007,8728,outgoing,10
10007,8737,outgoing,5
10007,8817,outgoing,23
10007,8819,outgoing,18
10007,8825,outgoing,3
10007,8862,outgoing,1
10007,8938,outgoing,25
10007,8943,outgoing,61
10007,8944,outgoing,38
10007,8950,outgoing,6
10007,8959,outgoing,30
10007,8981,outgoing,19
10007,8989,outgoing,3
10007,9011,outgoing,1
10007,9012,outgoing,10
10007,9020,outandin,4
10007,9034,outgoing,58
10007,9063,outgoing,26
10007,9211,outgoing,1
10007,9231,outgoing,48
10007,9240,outgoing,8
10007,9241,outandin,1
10007,9245,outgoing,22
10007,9265,outgoing,17
10007,9305,outgoing,39
10007,9310,outgoing,1
10007,9329,outgoing,6
10007,9332,outgoing,27
10007,9336,outgoing,38
10007,9353,outandin,1
10007,9366,outgoing,5
10007,9409,outgoing,259
10007,9423,outgoing,8
10007,9445,outgoing,40
10007,9448,outandin,3
10007,9478,outgoing,10
10007,9479,outgoing,12
10007,9495,outgoing,25
10007,9500,outgoing,24
10007,9502,outgoing,12
10007,9511,outgoing,18
10007,9516,outgoing,8
10007,9527,outgoing,23
10007,9547,outgoing,32
10007,9568,outandin,2
10007,9588,outgoing,1
10007,9611,outgoing,29
10007,9625,outgoing,51
10007,9652,outandin,1
10007,9694,outgoing,20
10007,9706,outandin,16
10007,9738,outgoing,30
10007,9752,outgoing,4
10007,9772,outgoing,8
10007,9775,outgoing,14
10007,9797,outgoing,2
10007,9804,outgoing,13
10007,9815,outgoing,50
10007,9836,outgoing,50
10007,9845,outgoing,1
10007,9850,outgoing,4
10007,9895,outandin,1
10007,9910,outandin,1
10007,9924,outgoing,3
10007,9934,outandin,1
10007,9938,outandin,6
10007,9950,outandin,14
10007,9957,outandin,67
10007,9962,outandin,1
10007,9965,outandin,1
10007,9967,outandin,1
10007,9969,outandin,2
10007,9989,outandin,9
10007,9992,outandin,1
10007,9993,outandin,3
10007,9998,outandin,30
10032,50,outandin,1
10032,62,outandin,1
10032,66,outgoing,7
10032,71,outandin,4
10032,75,outgoing,36
10032,100,outgoing,28
10032,140,outgoing,53
10032,145,outandin,2
10032,158,outgoing,6
10032,182,outgoing,5
10032,184,outgoing,8
10032,195,outgoing,14
10032,223,outgoing,10
10032,242,outgoing,1
10032,264,outgoing,1
10032,269,outandin,1
10032,270,outgoing,5
10032,297,outgoing,29
10032,333,outandin,3
10032,335,outgoing,4
10032,349,outandin,1
10032,410,outgoing,2
10032,471,outgoing,58
10032,530,outgoing,372
10032,537,outgoing,20
10032,544,outandin,1
10032,555,outgoing,301
10032,560,outandin,1
10032,581,outgoing,3
10032,594,outgoing,17
10032,606,outgoing,4
10032,617,outandin,1
10032,618,outgoing,4
10032,645,outgoing,1
10032,646,outandin,1
10032,659,outgoing,1
10032,660,outgoing,10
10032,755,outandin,1
10032,765,outgoing,3
10032,767,outandin,2
10032,787,outgoing,24
10032,864,outgoing,27
10032,875,outandin,3
10032,922,outgoing,4
10032,932,outgoing,120
10032,950,outgoing,19
10032,954,outandin,1
10032,955,outgoing,15
10032,986,outgoing,2
10032,999,outgoing,65
10032,1001,outgoing,2
10032,1039,outandin,1
10032,1069,outandin,1
10032,1085,outgoing,16
10032,1090,outgoing,7
10032,1100,outgoing,2
10032,1111,outandin,5
10032,1137,outgoing,10
10032,1156,outandin,5
10032,1170,outgoing,1
10032,1174,outgoing,16
10032,1193,outgoing,11
10032,1204,outgoing,2
10032,1221,outgoing,57
10032,1238,outgoing,7
10032,1260,outandin,1
10032,1272,outgoing,10
10032,1274,outandin,2
10032,1303,outgoing,20
10032,1354,outgoing,10
10032,1381,outgoing,4
10032,1408,outgoing,73
10032,1430,outgoing,5
10032,1483,outgoing,4
10032,1522,outgoing,29
10032,1539,outgoing,1
10032,1540,outgoing,1
10032,1568,outandin,1
10032,1598,outandin,1
10032,1616,outgoing,3
10032,1663,outgoing,9
10032,1665,outandin,2
10032,1680,outandin,1
10032,1684,outgoing,5
10032,1693,outandin,1
10032,1705,outandin,1
10032,1706,outandin,2
10032,1711,outgoing,13
10032,1717,outgoing,8
10032,1722,outgoing,237
10032,1785,outandin,1
10032,1890,outgoing,4
10032,1892,outgoing,1
10032,1916,outgoing,3
10032,1926,outgoing,1
10032,1935,outgoing,1
10032,1960,outgoing,45
10032,1965,outgoing,37
10032,1973,outandin,2
10032,1985,outandin,1
10032,1997,outandin,6
10032,2005,outgoing,1
10032,2008,outgoing,17
10032,2041,outgoing,18
10032,2064,outgoing,31
10032,2128,outgoing,28
10032,2132,outgoing,2
10032,2149,outgoing,7
10032,2159,outgoing,6
10032,2166,outgoing,2
10032,2175,outgoing,148
10032,2188,outandin,1
10032,2214,outgoing,6
10032,2285,outgoing,1
10032,2302,outgoing,8
10032,2314,outgoing,7
10032,2365,outgoing,2
10032,2391,outandin,1
10032,2446,outgoing,3
10032,2517,outgoing,3
10032,2520,outgoing,6
10032,2533,outandin,1
10032,2537,outgoing,6
10032,2564,outandin,1
10032,2594,outandin,1
10032,2601,outandin,3
10032,2604,outandin,1
10032,2605,outandin,1
10032,2620,outgoing,3
10032,2634,outgoing,48
10032,2653,outgoing,31
10032,2656,outandin,2
10032,2663,outgoing,2
10032,2684,outandin,1
10032,2694,outandin,2
10032,2695,outandin,1
10032,2707,outgoing,29
10032,2734,outgoing,1
10032,2737,outandin,1
10032,2744,outgoing,8
10032,2765,outandin,1
10032,2785,outgoing,6
10032,2807,outgoing,22
10032,2811,outgoing,2
10032,2865,outgoing,1
10032,2880,outandin,2
10032,2916,outgoing,8
10032,2926,outgoing,5
10032,2958,outgoing,14
10032,2959,outandin,1
10032,2965,outandin,1
10032,2973,outandin,2
10032,2985,outandin,1
10032,3025,outgoing,32
10032,3027,outandin,1
10032,3057,outandin,1
10032,3091,outandin,3
10032,3134,outgoing,1
10032,3169,outgoing,7
10032,3188,outandin,1
10032,3198,outgoing,18
10032,3246,outgoing,3
10032,3281,outgoing,6
10032,3284,outgoing,2
10032,3300,outgoing,16
10032,3305,outgoing,2
10032,3331,outgoing,1
10032,3337,outandin,1
10032,3356,outandin,2
10032,3365,outandin,1
10032,3369,outandin,4
10032,3378,outgoing,18
10032,3426,outgoing,33
10032,3438,outgoing,6
10032,3448,outandin,1
10032,3461,outgoing,1
10032,3488,outandin,3
10032,3524,outandin,1
10032,3563,outgoing,10
10032,3569,outgoing,32
10032,3572,outgoing,9
10032,3575,outgoing,1
10032,3608,outgoing,14
10032,3620,outgoing,1
10032,3625,outgoing,5
10032,3640,outgoing,7
10032,3675,outgoing,23
10032,3678,outgoing,4
10032,3684,outgoing,12
10032,3698,outgoing,13
10032,3732,outandin,1
10032,3777,outandin,1
10032,3807,outgoing,14
10032,3858,outandin,1
10032,3866,outandin,2
10032,3897,outandin,1
10032,3906,outandin,1
10032,3929,outgoing,7
10032,3941,outandin,2
10032,3997,outandin,3
10032,4005,outgoing,1
10032,4029,outandin,2
10032,4092,outandin,1
10032,4105,outandin,1
10032,4136,outgoing,2
10032,4146,outgoing,5
10032,4165,outgoing,1
10032,4168,outgoing,6
10032,4169,outgoing,13
10032,4171,outgoing,1
10032,4235,outgoing,4
10032,4313,outandin,1
10032,4373,outandin,1
10032,4396,outandin,1
10032,4437,outandin,1
10032,4477,outandin,2
10032,4484,outgoing,30
10032,4585,outandin,1
10032,4586,outgoing,2
10032,4618,outgoing,9
10032,4674,outgoing,2
10032,4683,outgoing,2
10032,4686,outandin,2
10032,4693,outgoing,1
10032,4695,outandin,3
10032,4731,outandin,2
10032,4782,outgoing,4
10032,4839,outgoing,31
10032,4844,outgoing,9
10032,4850,outgoing,6
10032,4896,outgoing,4
10032,4923,outgoing,66
10032,4926,outgoing,27
10032,4928,outandin,1
10032,4993,outgoing,5
10032,4996,outgoing,11
10032,5010,outgoing,12
10032,5022,outgoing,8
10032,5028,outgoing,10
10032,5041,outgoing,9
10032,5048,outgoing,16
10032,5065,outgoing,30
10032,5082,outgoing,3
10032,5085,outgoing,26
10032,5093,outgoing,5
10032,5094,outgoing,7
10032,5095,outgoing,20
10032,5121,outandin,1
10032,5189,outgoing,35
10032,5190,outgoing,19
10032,5194,outgoing,4
10032,5201,outandin,2
10032,5206,outandin,1
10032,5215,outgoing,13
10032,5224,outgoing,2
10032,5257,outgoing,87
10032,5258,outgoing,2
10032,5308,outgoing,15
10032,5315,outgoing,16
10032,5319,outgoing,16
10032,5326,outgoing,7
10032,5333,outgoing,32
10032,5356,outandin,1
10032,5361,outgoing,5
10032,5391,outgoing,7
10032,5411,outgoing,17
10032,5422,outandin,2
10032,5425,outandin,7
10032,5437,outgoing,24
10032,5438,outgoing,7
10032,5460,outandin,1
10032,5482,outgoing,3
10032,5511,outgoing,7
10032,5541,outgoing,9
10032,5552,outgoing,22
10032,5559,outandin,1
10032,5563,outgoing,6
10032,5566,outandin,1
10032,5573,outgoing,1
10032,5618,outgoing,6
10032,5638,outandin,1
10032,5649,outgoing,10
10032,5663,outgoing,1
10032,5685,outandin,1
10032,5726,outgoing,31
10032,5784,outgoing,1
10032,5796,outgoing,2
10032,5799,outandin,1
10032,5801,outgoing,7
10032,5823,outgoing,2
10032,5830,outgoing,4
10032,5856,outandin,1
10032,5864,outgoing,8
10032,5880,outgoing,6
10032,5890,outgoing,19
10032,5893,outandin,1
10032,5902,outandin,1
10032,5909,outgoing,1
10032,5914,outandin,1
10032,5965,outandin,1
10032,5985,outandin,1
10032,6007,outandin,1
10032,6020,outandin,1
10032,6040,outgoing,3
10032,6050,outgoing,4
10032,6052,outgoing,1
10032,6053,outgoing,18
10032,6065,outgoing,13
10032,6072,outgoing,13
10032,6099,outgoing,3
10032,6107,outgoing,3
10032,6125,outgoing,4
10032,6170,outgoing,2
10032,6207,outgoing,5
10032,6212,outgoing,5
10032,6242,outandin,1
10032,6263,outandin,1
10032,6278,outgoing,1
10032,6312,outgoing,1
10032,6328,outgoing,2
10032,6369,outgoing,1
10032,6386,outandin,1
10032,6414,outgoing,4
10032,6429,outgoing,3
10032,6430,outgoing,18
10032,6432,outgoing,7
10032,6454,outandin,1
10032,6459,outgoing,1
10032,6463,outandin,3
10032,6503,outandin,1
10032,6509,outgoing,5
10032,6527,outgoing,1
10032,6545,outgoing,5
10032,6547,outandin,2
10032,6596,outgoing,3
10032,6662,outandin,2
10032,6702,outgoing,1
10032,6729,outandin,1
10032,6738,outgoing,1
10032,6766,outgoing,4
10032,6769,outandin,3
10032,6793,outandin,1
10032,6804,outgoing,7
10032,6827,outgoing,8
10032,6830,outgoing,5
10032,6857,outandin,23
10032,6875,outgoing,6
10032,6876,outandin,1
10032,6885,outgoing,5
10032,6895,outgoing,11
10032,6907,outgoing,7
10032,6909,outgoing,16
10032,6911,outgoing,2
10032,6914,outgoing,26
10032,6915,outgoing,226
10032,6921,outgoing,3
10032,6935,outandin,1
10032,6937,outandin,1
10032,6946,outgoing,72
10032,6948,outgoing,18
10032,6953,outandin,8
10032,6986,outgoing,10
10032,6990,outgoing,2
10032,7006,outgoing,7
10032,7010,outgoing,4
10032,7035,outgoing,7
10032,7040,outandin,1
10032,7042,outandin,1
10032,7047,outandin,32
10032,7049,outgoing,8
10032,7077,outgoing,8
10032,7087,outgoing,9
10032,7123,outgoing,11
10032,7158,outandin,18
10032,7180,outgoing,19
10032,7194,outandin,2
10032,7209,outandin,5
10032,7222,outgoing,4
10032,7240,outgoing,2
10032,7263,outandin,1
10032,7273,outandin,4
10032,7303,outgoing,65
10032,7324,outandin,1
10032,7344,outgoing,8
10032,7363,outgoing,2
10032,7365,outgoing,10
10032,7404,outandin,1
10032,7429,outandin,1
10032,7444,outandin,1
10032,7448,outgoing,1
10032,7470,outandin,2
10032,7487,outandin,1
10032,7591,outandin,7
10032,7605,outandin,1
10032,7612,outgoing,3
10032,7618,outgoing,3
10032,7622,outandin,2
10032,7627,outandin,33
10032,7674,outgoing,2
10032,7699,outandin,1
10032,7719,outgoing,5
10032,7734,outgoing,9
10032,7769,outgoing,4
10032,7772,outgoing,11
10032,7773,outgoing,13
10032,7774,outgoing,2
10032,7781,outandin,1
10032,7782,outgoing,12
10032,7788,outandin,2
10032,7799,outandin,1
10032,7803,outgoing,1
10032,7860,outgoing,14
10032,7885,outandin,1
10032,7891,outgoing,1
10032,7960,outgoing,14
10032,7963,outandin,1
10032,8048,outandin,4
10032,8049,outgoing,1
10032,8076,outgoing,36
10032,8090,outgoing,6
10032,8092,outandin,3
10032,8103,outandin,1
10032,8104,outandin,1
10032,8116,outgoing,1
10032,8119,outandin,5
10032,8142,outgoing,1
10032,8189,outgoing,2
10032,8198,outgoing,1
10032,8200,outgoing,7
10032,8204,outandin,5
10032,8206,outgoing,8
10032,8219,outgoing,1
10032,8220,outandin,1
10032,8228,outgoing,7
10032,8231,outgoing,3
10032,8260,outgoing,13
10032,8264,outgoing,3
10032,8272,outandin,2
10032,8324,outandin,7
10032,8346,outgoing,15
10032,8359,outandin,6
10032,8403,outgoing,4
10032,8414,outandin,2
10032,8432,outandin,2
10032,8467,outgoing,66
10032,8508,outandin,1
10032,8524,outgoing,8
10032,8528,outgoing,2
10032,8539,outgoing,1
10032,8578,outandin,1
10032,8588,outgoing,24
10032,8592,outgoing,2
10032,8598,outandin,5
10032,8599,outgoing,13
10032,8623,outgoing,17
10032,8636,outandin,1
10032,8659,outgoing,1
10032,8699,outandin,1
10032,8716,outandin,1
10032,8744,outandin,1
10032,8747,outandin,1
10032,8768,outgoing,2
10032,8778,outgoing,1
10032,8786,outgoing,31
10032,8791,outandin,1
10032,8800,outgoing,2
10032,8816,outgoing,1
10032,8866,outgoing,15
10032,8868,outandin,2
10032,8903,outgoing,10
10032,8917,outgoing,1
10032,8918,outgoing,9
10032,8961,outgoing,8
10032,9017,outgoing,38
10032,9023,outgoing,1
10032,9024,outandin,1
10032,9036,outgoing,6
10032,9064,outgoing,11
10032,9072,outgoing,48
10032,9073,outgoing,77
10032,9133,outgoing,3
10032,9151,outgoing,111
10032,9162,outandin,1
10032,9188,outgoing,19
10032,9194,outgoing,17
10032,9202,outgoing,4
10032,9205,outgoing,13
10032,9220,outandin,1
10032,9244,outgoing,2
10032,9261,outandin,2
10032,9271,outgoing,33
10032,9287,outgoing,14
10032,9297,outgoing,3
10032,9320,outandin,1
10032,9358,outgoing,4
10032,9368,outgoing,3
10032,9398,outgoing,6
10032,9440,outgoing,26
10032,9460,outgoing,4
10032,9485,outgoing,5
10032,9486,outgoing,2
10032,9497,outgoing,5
10032,9513,outandin,1
10032,9516,outandin,1
10032,9551,outandin,1
10032,9572,outandin,1
10032,9579,outgoing,65
10032,9589,outgoing,4
10032,9590,outandin,1
10032,9630,outgoing,14
10032,9648,outgoing,23
10032,9649,outandin,1
10032,9660,outgoing,6
10032,9663,outgoing,1
10032,9670,outgoing,23
10032,9708,outgoing,26
10032,9743,outgoing,21
10032,9744,outgoing,1
10032,9779,outgoing,29
10032,9797,outandin,1
10032,9810,outgoing,3
10032,9818,outgoing,16
10032,9834,outgoing,1
10032,9840,outgoing,26
10032,9845,outgoing,2
10032,9868,outgoing,2
10032,9875,outandin,1
10032,9876,outgoing,48
10032,9878,outandin,7
10032,9886,outgoing,9
10032,9895,outgoing,3
10032,9897,outgoing,1
10032,9901,outandin,2
10032,9902,outandin,1
10032,9915,outandin,1
10032,9916,outgoing,2
10032,9921,outgoing,22
10032,9923,outgoing,60
10032,9934,outgoing,2
10032,9941,outandin,3
10032,9942,outandin,1
10032,9943,outgoing,211
10032,9946,outandin,12
10032,9952,outandin,5
10032,9953,outandin,1
10032,9957,outandin,4
10032,9958,outandin,1
10032,9969,outandin,5
10032,9970,outandin,1
10032,9983,outandin,1
10032,9992,outandin,4
10032,9996,outandin,8
10034,53,outgoing,17
10034,61,outandin,4
10034,66,outandin,3
10034,69,outgoing,5
10034,71,outandin,1
10034,90,outgoing,3
10034,158,outgoing,3
10034,161,outandin,1
10034,170,outgoing,15
10034,177,outgoing,3
10034,184,outgoing,14
10034,232,outgoing,15
10034,240,outgoing,19
10034,248,outgoing,3
10034,264,outgoing,1
10034,298,outgoing,4
10034,335,outgoing,1
10034,412,outgoing,11
10034,493,outgoing,12
10034,515,outgoing,1
10034,530,outgoing,61
10034,544,outandin,7
10034,546,outgoing,2
10034,558,outgoing,4
10034,585,outgoing,39
10034,588,outgoing,3
10034,645,outandin,1
10034,659,outgoing,8
10034,690,outgoing,22
10034,696,outgoing,16
10034,724,outgoing,29
10034,778,outgoing,2
10034,779,outgoing,3
10034,781,outgoing,10
10034,827,outandin,7
10034,875,outandin,2
10034,900,outgoing,9
10034,911,outgoing,19
10034,914,outgoing,2
10034,916,outgoing,19
10034,954,outgoing,4
10034,1005,outgoing,16
10034,1012,outandin,1
10034,1024,outandin,4
10034,1069,outandin,8
10034,1100,outgoing,3
10034,1106,outgoing,13
10034,1111,outandin,3
10034,1118,outgoing,6
10034,1137,outgoing,27
10034,1156,outandin,3
10034,1157,outandin,3
10034,1216,outandin,1
10034,1236,outgoing,38
10034,1238,outandin,37
10034,1286,outandin,2
10034,1288,outandin,1
10034,1290,outgoing,43
10034,1291,outgoing,9
10034,1347,outgoing,12
10034,1348,outandin,1
10034,1381,outgoing,21
10034,1385,outandin,2
10034,1389,outgoing,3
10034,1391,outgoing,4
10034,1407,outgoing,27
10034,1427,outgoing,1
10034,1473,outandin,7
10034,1474,outandin,1
10034,1483,outgoing,1
10034,1491,outgoing,28
10034,1496,outandin,1
10034,1512,outandin,2
10034,1529,outgoing,3
10034,1539,outgoing,12
10034,1540,outgoing,1
10034,1563,outgoing,22
10034,1568,outgoing,1
10034,1588,outgoing,4
10034,1616,outgoing,15
10034,1647,outgoing,16
10034,1665,outgoing,6
10034,1679,outgoing,29
10034,1680,outandin,1
10034,1684,outandin,1
10034,1698,outandin,2
10034,1740,outgoing,15
10034,1785,outgoing,8
10034,1794,outgoing,1
10034,1850,outgoing,10
10034,1878,outgoing,20
10034,1987,outgoing,7
10034,1997,outandin,3
10034,2008,outgoing,47
10034,2073,outgoing,1
10034,2123,outgoing,3
10034,2135,outgoing,1
10034,2173,outgoing,1
10034,2191,outgoing,2
10034,2208,outandin,2
10034,2369,outgoing,12
10034,2376,outgoing,1
10034,2398,outgoing,3
10034,2410,outandin,1
10034,2460,outgoing,15
10034,2620,outgoing,3
10034,2640,outgoing,5
10034,2653,outandin,1
10034,2656,outgoing,7
10034,2694,outandin,2
10034,2729,outgoing,5
10034,2734,outgoing,6
10034,2744,outgoing,22
10034,2765,outgoing,7
10034,2795,outgoing,1
10034,2807,outandin,1
10034,2809,outgoing,2
10034,2811,outgoing,10
10034,2865,outgoing,2
10034,2902,outgoing,27
10034,2913,outgoing,4
10034,2915,outgoing,9
10034,2973,outgoing,38
10034,3025,outgoing,9
10034,3063,outgoing,1
10034,3090,outandin,2
10034,3117,outgoing,6
10034,3170,outandin,1
10034,3180,outgoing,15
10034,3181,outandin,1
10034,3190,outandin,1
10034,3201,outgoing,1
10034,3219,outgoing,12
10034,3236,outgoing,11
10034,3251,outandin,2
10034,3256,outgoing,2
10034,3284,outgoing,30
10034,3285,outandin,2
10034,3305,outgoing,5
10034,3307,outgoing,24
10034,3314,outgoing,6
10034,3317,outgoing,14
10034,3319,outgoing,10
10034,3333,outandin,2
10034,3362,outgoing,38
10034,3382,outgoing,4
10034,3423,outgoing,13
10034,3427,outandin,8
10034,3448,outgoing,6
10034,3488,outandin,2
10034,3511,outandin,1
10034,3524,outgoing,4
10034,3572,outgoing,15
10034,3575,outgoing,7
10034,3580,outgoing,2
10034,3609,outgoing,14
10034,3620,outgoing,2
10034,3625,outgoing,12
10034,3637,outandin,3
10034,3677,outgoing,11
10034,3678,outgoing,2
10034,3699,outgoing,8
10034,3737,outandin,2
10034,3753,outgoing,17
10034,3778,outgoing,26
10034,3783,outgoing,2
10034,3866,outgoing,16
10034,3897,outgoing,1
10034,3929,outgoing,1
10034,3931,outgoing,18
10034,3948,outandin,2
10034,3953,outandin,33
10034,3962,outandin,2
10034,3963,outgoing,2
10034,3975,outgoing,13
10034,3997,outgoing,5
10034,4013,outgoing,1
10034,4029,outgoing,22
10034,4093,outgoing,3
10034,4136,outgoing,20
10034,4165,outgoing,10
10034,4177,outgoing,2
10034,4199,outgoing,5
10034,4209,outgoing,7
10034,4222,outgoing,6
10034,4255,outandin,2
10034,4295,outandin,1
10034,4305,outgoing,15
10034,4346,outgoing,10
10034,4426,outgoing,12
10034,4477,outandin,1
10034,4484,outgoing,16
10034,4534,outandin,3
10034,4614,outgoing,2
10034,4618,outgoing,11
10034,4631,outandin,2
10034,4645,outandin,1
10034,4686,outgoing,1
10034,4689,outgoing,2
10034,4727,outandin,1
10034,4731,outgoing,10
10034,4785,outgoing,5
10034,4830,outandin,1
10034,4844,outgoing,8
10034,4846,outandin,1
10034,4850,outgoing,7
10034,4892,outandin,16
10034,4971,outgoing,2
10034,4979,outgoing,7
10034,4993,outandin,1
10034,5031,outandin,1
10034,5063,outgoing,1
10034,5169,outgoing,9
10034,5219,outgoing,6
10034,5349,outandin,1
10034,5359,outgoing,48
10034,5439,outandin,1
10034,5482,outgoing,12
10034,5490,outgoing,13
10034,5532,outandin,2
10034,5580,outandin,1
10034,5602,outandin,4
10034,5619,outandin,6
10034,5626,outgoing,2
10034,5631,outgoing,3
10034,5639,outgoing,6
10034,5641,outandin,1
10034,5698,outgoing,2
10034,5718,outgoing,8
10034,5767,outgoing,11
10034,5778,outgoing,2
10034,5796,outandin,2
10034,5801,outgoing,3
10034,5817,outgoing,14
10034,5823,outgoing,16
10034,5830,outandin,2
10034,5853,outgoing,3
10034,5880,outgoing,24
10034,5882,outandin,1
10034,5912,outgoing,3
10034,5914,outandin,1
10034,5956,outgoing,4
10034,5989,outandin,1
10034,5992,outgoing,2
10034,5994,outgoing,20
10034,6002,outgoing,6
10034,6011,outgoing,7
10034,6029,outgoing,2
10034,6034,outgoing,10
10034,6040,outgoing,5
10034,6043,outandin,1
10034,6052,outgoing,7
10034,6086,outgoing,12
10034,6089,outandin,9
10034,6097,outgoing,3
10034,6099,outgoing,5
10034,6117,outgoing,3
10034,6122,outgoing,6
10034,6123,outgoing,5
10034,6149,outgoing,8
10034,6160,outgoing,2
10034,6171,outgoing,3
10034,6200,outgoing,18
10034,6218,outgoing,11
10034,6263,outgoing,3
10034,6278,outgoing,6
10034,6304,outandin,1
10034,6307,outgoing,8
10034,6312,outgoing,1
10034,6316,outandin,7
10034,6327,outandin,1
10034,6328,outandin,1
10034,6331,outgoing,5
10034,6336,outgoing,2
10034,6337,outandin,1
10034,6347,outgoing,17
10034,6359,outgoing,16
10034,6369,outgoing,4
10034,6388,outgoing,9
10034,6390,outgoing,2
10034,6392,outgoing,1
10034,6459,outgoing,5
10034,6465,outgoing,12
10034,6475,outgoing,3
10034,6503,outgoing,7
10034,6510,outgoing,2
10034,6536,outgoing,5
10034,6596,outgoing,2
10034,6662,outgoing,8
10034,6668,outgoing,8
10034,6681,outgoing,7
10034,6702,outgoing,9
10034,6706,outgoing,1
10034,6729,outgoing,7
10034,6738,outandin,2
10034,6769,outandin,2
10034,6772,outgoing,3
10034,6793,outgoing,6
10034,6804,outgoing,1
10034,6823,outandin,2
10034,6830,outgoing,31
10034,6911,outgoing,3
10034,6933,outandin,1
10034,6990,outgoing,32
10034,7010,outgoing,3
10034,7030,outgoing,1
10034,7046,outgoing,2
10034,7075,outgoing,9
10034,7083,outandin,1
10034,7085,outandin,1
10034,7091,outgoing,1
10034,7096,outgoing,5
10034,7103,outgoing,4
10034,7132,outgoing,13
10034,7134,outandin,1
10034,7240,outgoing,5
10034,7251,outandin,35
10034,7254,outgoing,5
10034,7279,outgoing,5
10034,7288,outgoing,6
10034,7317,outgoing,1
10034,7331,outgoing,12
10034,7389,outgoing,7
10034,7404,outgoing,1
10034,7438,outandin,1
10034,7445,outgoing,20
10034,7487,outandin,1
10034,7566,outgoing,16
10034,7571,outandin,1
10034,7591,outgoing,12
10034,7606,outandin,1
10034,7656,outandin,1
10034,7657,outandin,2
10034,7661,outgoing,2
10034,7691,outgoing,12
10034,7694,outgoing,5
10034,7769,outgoing,1
10034,7772,outandin,1
10034,7775,outgoing,1
10034,7781,outgoing,13
10034,7784,outgoing,4
10034,7787,outgoing,13
10034,7788,outandin,1
10034,7799,outgoing,4
10034,7834,outandin,2
10034,7835,outandin,1
10034,7917,outgoing,4
10034,7928,outandin,1
10034,8022,outgoing,2
10034,8044,outandin,1
10034,8048,outandin,1
10034,8056,outandin,2
10034,8076,outandin,1
10034,8092,outgoing,94
10034,8103,outgoing,12
10034,8183,outgoing,4
10034,8198,outgoing,2
10034,8204,outandin,1
10034,8206,outgoing,1
10034,8211,outandin,2
10034,8216,outgoing,2
10034,8256,outgoing,1
10034,8264,outgoing,21
10034,8324,outandin,1
10034,8432,outgoing,28
10034,8440,outandin,1
10034,8477,outgoing,14
10034,8482,outandin,2
10034,8539,outgoing,3
10034,8545,outgoing,8
10034,8548,outandin,18
10034,8623,outgoing,9
10034,8646,outandin,4
10034,8699,outgoing,5
10034,8716,outgoing,12
10034,8739,outgoing,6
10034,8745,outandin,11
10034,8803,outandin,3
10034,8826,outandin,1
10034,8976,outgoing,16
10034,8989,outgoing,12
10034,9023,outgoing,14
10034,9060,outgoing,2
10034,9063,outandin,1
10034,9095,outgoing,7
10034,9140,outgoing,1
10034,9147,outgoing,17
10034,9209,outgoing,22
10034,9221,outandin,4
10034,9242,outandin,2
10034,9261,outgoing,13
10034,9266,outgoing,13
10034,9271,outgoing,26
10034,9353,outgoing,9
10034,9398,outgoing,2
10034,9436,outgoing,7
10034,9440,outandin,1
10034,9448,outandin,1
10034,9457,outandin,1
10034,9475,outgoing,1
10034,9485,outgoing,11
10034,9516,outandin,2
10034,9518,outgoing,9
10034,9547,outandin,1
10034,9572,outandin,3
10034,9582,outgoing,6
10034,9589,outgoing,11
10034,9630,outgoing,1
10034,9640,outgoing,3
10034,9652,outgoing,5
10034,9665,outgoing,11
10034,9682,outgoing,6
10034,9702,outandin,31
10034,9720,outgoing,3
10034,9766,outgoing,3
10034,9797,outandin,1
10034,9834,outgoing,16
10034,9840,outgoing,34
10034,9845,outgoing,1
10034,9878,outgoing,6
10034,9886,outgoing,19
10034,9892,outgoing,14
10034,9895,outgoing,18
10034,9897,outgoing,7
10034,9908,outandin,1
10034,9910,outandin,2
10034,9915,outgoing,22
10034,9928,outandin,15
10034,9942,outgoing,20
10034,9946,outgoing,12
10034,9950,outandin,2
10034,9957,outandin,1
10034,9958,outandin,1
10034,9959,outandin,84
10034,9962,outandin,2
10034,9965,outandin,1
10034,9969,outandin,2
10034,9970,outandin,26
10034,9974,outandin,27
10034,9978,outandin,37
10034,9993,outandin,28
10034,9996,outandin,1
10020,7,outgoing,3
10020,27,outandin,1
10020,61,outandin,3
10020,83,outgoing,1
10020,109,outgoing,1
10020,155,outandin,2
10020,158,outgoing,4
10020,164,outgoing,2
10020,171,outgoing,3
10020,183,outandin,1
10020,193,outgoing,2
10020,242,outandin,3
10020,253,outandin,2
10020,269,outandin,1
10020,292,outgoing,3
10020,320,outgoing,26
10020,333,outgoing,1
10020,336,outgoing,46
10020,353,outgoing,1
10020,383,outandin,1
10020,398,outandin,1
10020,470,outandin,1
10020,483,outandin,1
10020,507,outgoing,1
10020,541,outgoing,3
10020,543,outgoing,6
10020,549,outandin,2
10020,632,outgoing,1
10020,646,outgoing,1
10020,659,outgoing,1
10020,679,outgoing,8
10020,705,outandin,1
10020,724,outgoing,2
10020,729,outgoing,7
10020,765,outandin,2
10020,766,outgoing,20
10020,780,outgoing,29
10020,781,outandin,1
10020,796,outgoing,1
10020,800,outgoing,1
10020,842,outandin,1
10020,857,outandin,2
10020,861,outandin,1
10020,875,outgoing,1
10020,902,outgoing,9
10020,922,outgoing,28
10020,976,outgoing,3
10020,1038,outgoing,2
10020,1062,outgoing,1
10020,1076,outandin,14
10020,1081,outandin,4
10020,1096,outandin,1
10020,1100,outgoing,1
10020,1103,outandin,1
10020,1137,outandin,3
10020,1152,outgoing,1
10020,1155,outgoing,3
10020,1156,outandin,2
10020,1165,outgoing,2
10020,1185,outandin,1
10020,1204,outandin,1
10020,1238,outgoing,2
10020,1258,outgoing,9
10020,1263,outgoing,1
10020,1286,outandin,1
10020,1313,outgoing,1
10020,1355,outgoing,3
10020,1367,outandin,1
10020,1377,outandin,1
10020,1402,outandin,1
10020,1406,outgoing,2
10020,1422,outgoing,15
10020,1428,outandin,1
10020,1452,outgoing,2
10020,1517,outandin,4
10020,1554,outandin,1
10020,1560,outandin,33
10020,1573,outgoing,17
10020,1613,outandin,1
10020,1616,outandin,1
10020,1721,outgoing,12
10020,1736,outgoing,5
10020,1745,outandin,1
10020,1767,outandin,1
10020,1776,outgoing,4
10020,1794,outgoing,1
10020,1808,outgoing,14
10020,1819,outandin,1
10020,1825,outgoing,6
10020,1831,outgoing,8
10020,1896,outandin,2
10020,1909,outgoing,1
10020,1935,outgoing,3
10020,1939,outandin,2
10020,1985,outandin,1
10020,2000,outgoing,1
10020,2004,outgoing,10
10020,2010,outandin,1
10020,2022,outgoing,8
10020,2024,outgoing,29
10020,2040,outandin,1
10020,2044,outgoing,6
10020,2092,outandin,3
10020,2107,outgoing,12
10020,2135,outgoing,1
10020,2142,outandin,1
10020,2147,outgoing,13
10020,2162,outgoing,1
10020,2214,outgoing,1
10020,2223,outgoing,1
10020,2266,outgoing,6
10020,2267,outgoing,3
10020,2272,outandin,1
10020,2353,outgoing,7
10020,2369,outandin,2
10020,2381,outgoing,24
10020,2391,outgoing,14
10020,2393,outgoing,1
10020,2395,outandin,1
10020,2427,outgoing,6
10020,2447,outgoing,6
10020,2492,outgoing,5
10020,2497,outgoing,6
10020,2498,outgoing,6
10020,2514,outgoing,15
10020,2529,outandin,1
10020,2556,outandin,2
10020,2564,outandin,1
10020,2597,outgoing,6
10020,2603,outandin,1
10020,2609,outgoing,3
10020,2612,outgoing,5
10020,2670,outgoing,1
10020,2673,outandin,1
10020,2694,outandin,1
10020,2703,outgoing,6
10020,2718,outgoing,3
10020,2736,outandin,1
10020,2742,outandin,2
10020,2768,outandin,2
10020,2776,outandin,1
10020,2788,outgoing,2
10020,2836,outgoing,16
10020,2876,outandin,1
10020,2880,outgoing,3
10020,2882,outgoing,4
10020,2894,outandin,4
10020,2902,outandin,1
10020,2960,outandin,1
10020,2970,outandin,2
10020,2996,outandin,1
10020,2998,outgoing,1
10020,3012,outgoing,5
10020,3016,outandin,6
10020,3017,outandin,1
10020,3019,outandin,1
10020,3022,outandin,1
10020,3026,outandin,12
10020,3033,outandin,3
10020,3040,outgoing,7
10020,3043,outgoing,1
10020,3060,outgoing,4
10020,3114,outgoing,7
10020,3146,outandin,3
10020,3150,outandin,2
10020,3169,outandin,2
10020,3190,outandin,1
10020,3209,outgoing,2
10020,3292,outandin,1
10020,3337,outgoing,1
10020,3342,outgoing,28
10020,3360,outandin,1
10020,3365,outgoing,7
10020,3367,outgoing,8
10020,3369,outgoing,1
10020,3370,outandin,1
10020,3399,outgoing,1
10020,3403,outgoing,8
10020,3434,outgoing,5
10020,3440,outgoing,5
10020,3456,outandin,1
10020,3485,outandin,3
10020,3570,outandin,1
10020,3586,outgoing,1
10020,3594,outgoing,5
10020,3610,outgoing,1
10020,3611,outgoing,2
10020,3612,outandin,2
10020,3615,outgoing,1
10020,3619,outandin,2
10020,3623,outgoing,6
10020,3631,outgoing,4
10020,3634,outgoing,29
10020,3638,outgoing,23
10020,3678,outandin,1
10020,3686,outgoing,1
10020,3689,outgoing,13
10020,3694,outandin,4
10020,3702,outandin,1
10020,3725,outgoing,3
10020,3757,outgoing,6
10020,3762,outandin,3
10020,3763,outgoing,1
10020,3851,outandin,1
10020,3932,outgoing,4
10020,3941,outandin,1
10020,3947,outgoing,2
10020,3953,outandin,7
10020,3955,outgoing,16
10020,3963,outgoing,5
10020,4003,outgoing,6
10020,4005,outandin,2
10020,4024,outandin,1
10020,4025,outgoing,4
10020,4031,outgoing,5
10020,4035,outandin,3
10020,4045,outgoing,4
10020,4054,outgoing,1
10020,4057,outgoing,9
10020,4082,outandin,1
10020,4109,outandin,2
10020,4121,outgoing,5
10020,4138,outgoing,2
10020,4222,outandin,1
10020,4246,outgoing,1
10020,4270,outgoing,5
10020,4281,outandin,2
10020,4285,outgoing,15
10020,4286,outgoing,1
10020,4289,outandin,1
10020,4313,outandin,1
10020,4336,outandin,1
10020,4350,outandin,1
10020,4351,outandin,3
10020,4396,outandin,1
10020,4404,outgoing,3
10020,4444,outgoing,3
10020,4513,outandin,1
10020,4585,outgoing,1
10020,4586,outgoing,1
10020,4600,outgoing,43
10020,4614,outandin,1
10020,4618,outandin,2
10020,4638,outandin,2
10020,4646,outgoing,9
10020,4665,outgoing,4
10020,4682,outgoing,1
10020,4686,outandin,2
10020,4693,outandin,3
10020,4695,outgoing,3
10020,4729,outgoing,2
10020,4731,outandin,1
10020,4736,outandin,1
10020,4741,outandin,1
10020,4755,outgoing,3
10020,4771,outandin,1
10020,4850,outgoing,4
10020,4866,outgoing,1
10020,4876,outgoing,7
10020,4880,outandin,1
10020,4895,outandin,1
10020,4900,outandin,1
10020,5008,outandin,6
10020,5022,outgoing,1
10020,5044,outgoing,9
10020,5059,outandin,1
10020,5068,outandin,1
10020,5079,outandin,1
10020,5107,outandin,1
10020,5111,outgoing,2
10020,5156,outandin,1
10020,5197,outgoing,3
10020,5204,outgoing,1
10020,5277,outgoing,4
10020,5279,outgoing,5
10020,5293,outandin,1
10020,5313,outandin,2
10020,5339,outgoing,4
10020,5353,outgoing,10
10020,5387,outgoing,1
10020,5388,outandin,1
10020,5416,outgoing,2
10020,5433,outandin,1
10020,5444,outgoing,1
10020,5481,outandin,1
10020,5492,outgoing,7
10020,5534,outandin,1
10020,5557,outgoing,1
10020,5569,outgoing,5
10020,5585,outgoing,1
10020,5591,outgoing,1
10020,5628,outgoing,30
10020,5632,outandin,5
10020,5720,outandin,1
10020,5791,outandin,1
10020,5796,outandin,2
10020,5801,outandin,3
10020,5816,outandin,1
10020,5827,outgoing,9
10020,5832,outgoing,2
10020,5833,outandin,1
10020,5842,outgoing,17
10020,5856,outgoing,10
10020,5892,outgoing,1
10020,5902,outandin,1
10020,5914,outandin,1
10020,5922,outandin,1
10020,5929,outgoing,1
10020,5931,outandin,1
10020,5936,outgoing,2
10020,5950,outgoing,1
10020,5974,outgoing,8
10020,5981,outandin,1
10020,5988,outgoing,12
10020,5989,outgoing,1
10020,6020,outgoing,2
10020,6040,outandin,1
10020,6052,outgoing,1
10020,6055,outandin,2
10020,6084,outandin,1
10020,6120,outandin,1
10020,6130,outgoing,6
10020,6214,outgoing,1
10020,6215,outgoing,2
10020,6223,outgoing,1
10020,6247,outgoing,23
10020,6268,outgoing,3
10020,6303,outgoing,3
10020,6365,outgoing,19
10020,6386,outgoing,3
10020,6387,outandin,1
10020,6403,outgoing,15
10020,6440,outgoing,4
10020,6444,outgoing,1
10020,6458,outandin,1
10020,6463,outandin,2
10020,6475,outgoing,1
10020,6487,outandin,1
10020,6499,outandin,2
10020,6527,outandin,1
10020,6534,outandin,1
10020,6575,outgoing,1
10020,6577,outandin,1
10020,6586,outgoing,4
10020,6596,outgoing,2
10020,6667,outandin,1
10020,6669,outandin,2
10020,6693,outandin,1
10020,6716,outgoing,3
10020,6758,outgoing,5
10020,6772,outgoing,3
10020,6830,outgoing,2
10020,6844,outgoing,12
10020,6865,outgoing,3
10020,6937,outgoing,3
10020,6977,outgoing,1
10020,7020,outandin,2
10020,7040,outandin,1
10020,7051,outandin,10
10020,7118,outgoing,4
10020,7127,outgoing,9
10020,7135,outgoing,3
10020,7194,outandin,1
10020,7222,outandin,1
10020,7236,outandin,1
10020,7295,outandin,1
10020,7336,outgoing,2
10020,7354,outandin,1
10020,7356,outandin,1
10020,7360,outgoing,1
10020,7377,outandin,5
10020,7393,outgoing,2
10020,7421,outgoing,1
10020,7423,outgoing,8
10020,7451,outandin,1
10020,7491,outgoing,9
10020,7507,outgoing,2
10020,7509,outgoing,2
10020,7539,outandin,5
10020,7599,outgoing,8
10020,7623,outandin,2
10020,7657,outgoing,4
10020,7673,outandin,2
10020,7675,outandin,1
10020,7691,outandin,1
10020,7730,outgoing,4
10020,7732,outgoing,3
10020,7743,outgoing,3
10020,7804,outandin,1
10020,7915,outgoing,6
10020,7956,outandin,1
10020,7969,outgoing,4
10020,8000,outandin,1
10020,8034,outgoing,1
10020,8044,outandin,2
10020,8083,outandin,2
10020,8157,outandin,1
10020,8174,outgoing,9
10020,8217,outgoing,3
10020,8244,outandin,5
10020,8247,outandin,2
10020,8260,outgoing,1
10020,8289,outgoing,5
10020,8292,outgoing,2
10020,8355,outandin,4
10020,8370,outgoing,17
10020,8400,outgoing,9
10020,8435,outgoing,20
10020,8440,outandin,1
10020,8448,outandin,1
10020,8464,outgoing,4
10020,8481,outgoing,7
10020,8585,outgoing,1
10020,8594,outgoing,1
10020,8616,outgoing,2
10020,8649,outgoing,2
10020,8650,outandin,1
10020,8651,outandin,1
10020,8655,outandin,1
10020,8673,outandin,10
10020,8699,outandin,1
10020,8710,outandin,1
10020,8738,outgoing,2
10020,8739,outgoing,3
10020,8744,outandin,3
10020,8761,outgoing,5
10020,8787,outandin,4
10020,8789,outgoing,2
10020,8817,outandin,2
10020,8823,outgoing,1
10020,8881,outandin,3
10020,8929,outandin,1
10020,8950,outandin,1
10020,8956,outgoing,28
10020,8957,outgoing,4
10020,8975,outgoing,1
10020,9022,outgoing,8
10020,9029,outandin,1
10020,9070,outgoing,21
10020,9100,outgoing,3
10020,9103,outgoing,22
10020,9111,outgoing,8
10020,9113,outgoing,2
10020,9147,outandin,1
10020,9191,outandin,1
10020,9193,outandin,3
10020,9226,outgoing,9
10020,9256,outgoing,3
10020,9258,outgoing,6
10020,9294,outgoing,15
10020,9304,outandin,1
10020,9309,outgoing,2
10020,9314,outandin,1
10020,9317,outandin,5
10020,9320,outandin,2
10020,9348,outgoing,1
10020,9349,outgoing,1
10020,9353,outandin,5
10020,9372,outgoing,7
10020,9377,outgoing,7
10020,9398,outgoing,3
10020,9413,outgoing,36
10020,9429,outandin,1
10020,9442,outgoing,51
10020,9452,outandin,1
10020,9453,outgoing,1
10020,9485,outandin,1
10020,9511,outgoing,1
10020,9516,outgoing,1
10020,9520,outgoing,2
10020,9521,outandin,1
10020,9533,outgoing,2
10020,9567,outandin,1
10020,9575,outgoing,3
10020,9581,outgoing,22
10020,9582,outandin,1
10020,9609,outgoing,5
10020,9612,outgoing,2
10020,9615,outgoing,16
10020,9619,outgoing,1
10020,9644,outandin,1
10020,9646,outgoing,1
10020,9652,outandin,1
10020,9677,outgoing,2
10020,9682,outandin,1
10020,9702,outandin,4
10020,9748,outandin,24
10020,9750,outgoing,2
10020,9758,outandin,2
10020,9764,outgoing,18
10020,9794,outgoing,11
10020,9795,outgoing,9
10020,9797,outandin,1
10020,9799,outgoing,8
10020,9807,outgoing,1
10020,9808,outandin,1
10020,9809,outgoing,9
10020,9810,outgoing,1
10020,9813,outgoing,5
10020,9839,outgoing,1
10020,9841,outgoing,10
10020,9851,outgoing,1
10020,9863,outandin,1
10020,9864,outgoing,2
10020,9865,outandin,1
10020,9874,outgoing,2
10020,9878,outandin,2
10020,9885,outandin,1
10020,9889,outandin,3
10020,9890,outgoing,22
10020,9891,outandin,2
10020,9892,outandin,3
10020,9901,outandin,6
10020,9902,outgoing,2
10020,9916,outandin,2
10020,9928,outandin,4
10020,9931,outgoing,22
10020,9932,outandin,8
10020,9934,outandin,1
10020,9946,outandin,1
10020,9962,outandin,3
10020,9965,outandin,6
10020,9968,outandin,16
10020,9983,outandin,2
10020,9992,outandin,1
10020,9997,outandin,2
10047,72,outgoing,12
10047,96,outgoing,4
10047,152,outgoing,30
10047,199,outgoing,2
10047,213,outgoing,11
10047,286,outgoing,5
10047,355,outgoing,7
10047,392,outgoing,18
10047,422,outgoing,4
10047,467,outgoing,6
10047,505,outgoing,8
10047,529,outandin,2
10047,611,outandin,1
10047,670,outgoing,2
10047,799,outgoing,2
10047,804,outgoing,21
10047,1112,outgoing,1
10047,1159,outgoing,14
10047,1168,outgoing,5
10047,1191,outgoing,5
10047,1208,outgoing,14
10047,1247,outgoing,4
10047,1283,outgoing,2
10047,1362,outgoing,2
10047,1410,outgoing,11
10047,1450,outgoing,2
10047,1558,outgoing,29
10047,1641,outgoing,10
10047,1656,outgoing,3
10047,1660,outgoing,15
10047,1821,outgoing,4
10047,2217,outgoing,4
10047,2225,outgoing,12
10047,2363,outgoing,5
10047,2373,outandin,1
10047,2434,outgoing,2
10047,2658,outandin,5
10047,2756,outgoing,5
10047,2830,outandin,2
10047,3042,outgoing,1
10047,3189,outgoing,10
10047,3355,outgoing,11
10047,3654,outgoing,5
10047,3655,outgoing,24
10047,3799,outgoing,15
10047,4015,outgoing,6
10047,4059,outgoing,4
10047,4086,outgoing,6
10047,4106,outgoing,1
10047,4147,outgoing,1
10047,4282,outgoing,3
10047,4386,outandin,1
10047,4492,outgoing,3
10047,4547,outgoing,10
10047,4549,outgoing,8
10047,4596,outgoing,9
10047,4697,outgoing,7
10047,4799,outgoing,8
10047,4810,outgoing,4
10047,4824,outgoing,10
10047,4835,outgoing,2
10047,4868,outgoing,6
10047,4877,outgoing,3
10047,4927,outgoing,3
10047,4980,outgoing,5
10047,5019,outgoing,1
10047,5024,outgoing,15
10047,5127,outgoing,8
10047,5187,outgoing,6
10047,5655,outandin,2
10047,5682,outandin,4
10047,5700,outgoing,8
10047,5721,outgoing,8
10047,6015,outgoing,1
10047,6115,outgoing,6
10047,6153,outgoing,2
10047,6291,outandin,3
10047,6364,outgoing,15
10047,6431,outgoing,8
10047,6455,outgoing,13
10047,6618,outandin,3
10047,6684,outgoing,11
10047,6726,outgoing,14
10047,6749,outandin,13
10047,6770,outgoing,3
10047,6776,outgoing,2
10047,6871,outgoing,2
10047,6992,outandin,3
10047,7038,outgoing,1
10047,7058,outandin,3
10047,7125,outgoing,5
10047,7191,outgoing,1
10047,7223,outgoing,14
10047,7270,outgoing,11
10047,7320,outgoing,5
10047,7375,outgoing,9
10047,7424,outandin,2
10047,7467,outgoing,4
10047,7562,outgoing,9
10047,7572,outgoing,46
10047,7603,outgoing,1
10047,7616,outgoing,13
10047,7643,outgoing,8
10047,7654,outgoing,8
10047,7660,outgoing,8
10047,7669,outgoing,2
10047,7705,outgoing,6
10047,7824,outgoing,4
10047,7830,outgoing,2
10047,7970,outandin,5
10047,7987,outgoing,11
10047,8028,outgoing,14
10047,8146,outgoing,16
10047,8242,outgoing,3
10047,8250,outandin,6
10047,8293,outgoing,8
10047,8463,outgoing,12
10047,8513,outandin,12
10047,8638,outgoing,7
10047,8662,outandin,6
10047,8717,outgoing,7
10047,8722,outgoing,12
10047,8731,outgoing,1
10047,8820,outgoing,9
10047,8854,outgoing,8
10047,8856,outgoing,5
10047,8978,outgoing,14
10047,8990,outgoing,16
10047,9001,outgoing,9
10047,9004,outgoing,12
10047,9013,outgoing,1
10047,9037,outgoing,4
10047,9043,outgoing,3
10047,9101,outgoing,4
10047,9131,outgoing,1
10047,9164,outgoing,14
10047,9179,outgoing,9
10047,9187,outgoing,1
10047,9235,outgoing,4
10047,9327,outgoing,7
10047,9333,outgoing,17
10047,9344,outandin,7
10047,9347,outgoing,6
10047,9391,outgoing,5
10047,9403,outandin,4
10047,9417,outgoing,7
10047,9472,outandin,4
10047,9477,outgoing,4
10047,9507,outgoing,4
10047,9517,outgoing,3
10047,9550,outgoing,13
10047,9561,outgoing,1
10047,9565,outgoing,9
10047,9593,outgoing,3
10047,9623,outgoing,3
10047,9631,outgoing,1
10047,9687,outgoing,4
10047,9699,outgoing,10
10047,9735,outgoing,4
10047,9801,outgoing,22
10047,9805,outgoing,6
10047,9870,outgoing,16
10047,9879,outgoing,48
10047,9881,outgoing,27
10047,9882,outandin,33
10047,9887,outgoing,23
10047,9893,outgoing,7
10047,9935,outgoing,48
10047,9948,outandin,10
10047,9963,outandin,99
10047,9971,outandin,23
10047,9994,outandin,30
10011,19,outgoing,21
10011,42,outgoing,78
10011,149,outgoing,8
10011,159,outgoing,13
10011,171,outgoing,2
10011,179,outgoing,6
10011,218,outgoing,33
10011,255,outgoing,15
10011,275,outgoing,159
10011,304,outgoing,158
10011,323,outgoing,7
10011,370,outgoing,92
10011,441,outandin,8
10011,486,outgoing,68
10011,501,outgoing,2
10011,510,outgoing,19
10011,533,outgoing,8
10011,553,outgoing,29
10011,561,outgoing,10
10011,564,outgoing,71
10011,579,outgoing,2
10011,635,outgoing,3
10011,647,outgoing,1
10011,682,outgoing,3
10011,711,outgoing,9
10011,715,outgoing,5
10011,733,outgoing,43
10011,756,outgoing,19
10011,774,outgoing,13
10011,803,outgoing,22
10011,825,outgoing,2
10011,853,outgoing,2
10011,885,outgoing,1
10011,886,outgoing,7
10011,910,outgoing,21
10011,930,outandin,1
10011,942,outgoing,39
10011,1008,outgoing,9
10011,1017,outgoing,15
10011,1034,outgoing,25
10011,1107,outgoing,6
10011,1120,outgoing,11
10011,1232,outgoing,10
10011,1240,outgoing,19
10011,1265,outandin,1
10011,1311,outgoing,6
10011,1336,outgoing,34
10011,1384,outgoing,11
10011,1504,outgoing,12
10011,1535,outgoing,5
10011,1555,outgoing,62
10011,1565,outgoing,8
10011,1632,outgoing,9
10011,1664,outgoing,13
10011,1771,outgoing,18
10011,1776,outgoing,18
10011,1798,outgoing,36
10011,2062,outgoing,12
10011,2069,outgoing,5
10011,2273,outgoing,1
10011,2326,outgoing,8
10011,2327,outandin,4
10011,2347,outgoing,14
10011,2366,outgoing,12
10011,2469,outgoing,3
10011,2505,outandin,4
10011,2508,outgoing,2
10011,2669,outgoing,9
10011,2717,outandin,2
10011,2917,outgoing,14
10011,3098,outgoing,4
10011,3107,outgoing,13
10011,3253,outgoing,7
10011,3292,outgoing,3
10011,3391,outgoing,3
10011,3400,outgoing,2
10011,3475,outgoing,3
10011,3483,outandin,2
10011,3606,outgoing,25
10011,3660,outgoing,14
10011,3721,outgoing,4
10011,3780,outandin,10
10011,3851,outandin,1
10011,3887,outgoing,76
10011,3902,outandin,2
10011,3984,outgoing,4
10011,4046,outandin,7
10011,4057,outandin,2
10011,4141,outgoing,13
10011,4151,outgoing,3
10011,4152,outgoing,9
10011,4211,outandin,7
10011,4230,outgoing,7
10011,4333,outgoing,9
10011,4466,outgoing,1
10011,4495,outgoing,15
10011,4546,outgoing,6
10011,4600,outandin,1
10011,4651,outgoing,5
10011,4700,outgoing,9
10011,4759,outandin,1
10011,4786,outgoing,7
10011,4998,outgoing,1
10011,5023,outgoing,2
10011,5053,outandin,1
10011,5087,outgoing,11
10011,5293,outgoing,25
10011,5325,outgoing,9
10011,5424,outgoing,9
10011,5709,outandin,1
10011,5938,outgoing,2
10011,5955,outgoing,8
10011,6293,outgoing,20
10011,6299,outgoing,5
10011,6561,outgoing,1
10011,6571,outgoing,6
10011,6657,outandin,1
10011,6801,outgoing,6
10011,6803,outgoing,3
10011,6805,outgoing,14
10011,6877,outgoing,22
10011,6934,outgoing,31
10011,7119,outandin,9
10011,7259,outgoing,7
10011,7330,outgoing,3
10011,7508,outgoing,3
10011,7520,outgoing,4
10011,7531,outgoing,6
10011,7535,outgoing,1
10011,7540,outandin,3
10011,7570,outgoing,81
10011,7604,outgoing,2
10011,7686,outgoing,1
10011,7829,outgoing,15
10011,7832,outgoing,3
10011,7886,outgoing,20
10011,7934,outgoing,22
10011,8053,outgoing,39
10011,8190,outgoing,16
10011,8244,outandin,2
10011,8274,outgoing,12
10011,8325,outgoing,6
10011,8409,outgoing,11
10011,8443,outandin,2
10011,8450,outgoing,1
10011,8580,outandin,1
10011,8672,outgoing,4
10011,8721,outgoing,2
10011,8844,outgoing,16
10011,8859,outgoing,7
10011,8882,outgoing,14
10011,8982,outgoing,25
10011,8997,outgoing,5
10011,9007,outgoing,17
10011,9093,outgoing,1
10011,9102,outgoing,15
10011,9128,outgoing,4
10011,9339,outgoing,2
10011,9397,outgoing,1
10011,9407,outgoing,10
10011,9420,outgoing,28
10011,9447,outgoing,15
10011,9504,outgoing,54
10011,9510,outgoing,15
10011,9520,outgoing,1
10011,9826,outandin,71
10011,9833,outgoing,57
10011,9855,outgoing,2
10011,9898,outgoing,41
10011,9937,outgoing,30
10011,9977,outandin,5
10071,117,outgoing,3
10071,259,outgoing,7
10071,268,outgoing,7
10071,273,outgoing,10
10071,299,outgoing,11
10071,311,outgoing,180
10071,364,outgoing,10
10071,383,outandin,10
10071,483,outandin,1
10071,614,outgoing,3
10071,624,outgoing,17
10071,693,outgoing,3
10071,750,outgoing,2
10071,909,outgoing,4
10071,918,outgoing,10
10071,963,outgoing,1
10071,971,outgoing,6
10071,975,outgoing,14
10071,1019,outgoing,7
10071,1046,outgoing,6
10071,1231,outgoing,2
10071,1254,outgoing,4
10071,1480,outgoing,8
10071,1785,outandin,1
10071,1816,outgoing,13
10071,1868,outgoing,7
10071,1983,outgoing,5
10071,2017,outgoing,7
10071,2181,outgoing,3
10071,2187,outgoing,5
10071,2189,outgoing,17
10071,2227,outgoing,6
10071,2290,outgoing,19
10071,2309,outgoing,7
10071,2379,outgoing,1
10071,2491,outgoing,5
10071,2505,outandin,3
10071,2554,outgoing,4
10071,2578,outandin,1
10071,2584,outgoing,2
10071,2631,outandin,1
10071,2698,outgoing,9
10071,2774,outgoing,4
10071,2846,outgoing,1
10071,2890,outandin,6
10071,2960,outgoing,7
10071,3008,outgoing,6
10071,3158,outgoing,5
10071,3164,outgoing,3
10071,3185,outgoing,17
10071,3192,outgoing,6
10071,3194,outgoing,17
10071,3204,outgoing,2
10071,3233,outgoing,5
10071,3241,outgoing,29
10071,3418,outandin,1
10071,3449,outgoing,10
10071,3487,outgoing,6
10071,3562,outgoing,26
10071,3617,outgoing,1
10071,3721,outgoing,7
10071,3729,outgoing,6
10071,3767,outgoing,3
10071,3794,outgoing,3
10071,3816,outgoing,2
10071,3905,outandin,1
10071,3934,outgoing,6
10071,3969,outgoing,2
10071,4102,outgoing,3
10071,4144,outgoing,2
10071,4180,outgoing,15
10071,4224,outgoing,6
10071,4300,outgoing,4
10071,4320,outgoing,2
10071,4370,outgoing,11
10071,4391,outandin,9
10071,4399,outgoing,1
10071,4403,outgoing,9
10071,4420,outgoing,7
10071,4475,outgoing,8
10071,4478,outgoing,7
10071,4489,outgoing,10
10071,4494,outgoing,3
10071,4504,outgoing,7
10071,4562,outgoing,9
10071,4572,outgoing,23
10071,4588,outgoing,8
10071,4590,outgoing,6
10071,4610,outgoing,2
10071,4612,outgoing,8
10071,4662,outgoing,11
10071,4663,outgoing,12
10071,4670,outgoing,7
10071,4672,outgoing,5
10071,4713,outgoing,11
10071,4804,outgoing,7
10071,4907,outgoing,4
10071,5119,outgoing,13
10071,5144,outgoing,5
10071,5196,outgoing,6
10071,5323,outgoing,11
10071,5329,outgoing,8
10071,5383,outgoing,4
10071,5405,outgoing,11
10071,5418,outgoing,8
10071,5462,outgoing,4
10071,5538,outgoing,5
10071,5543,outgoing,5
10071,5598,outandin,17
10071,5692,outgoing,3
10071,5697,outgoing,5
10071,5786,outgoing,4
10071,5883,outandin,1
10071,5894,outgoing,9
10071,5911,outgoing,9
10071,6131,outgoing,1
10071,6148,outgoing,16
10071,6262,outgoing,6
10071,6379,outgoing,10
10071,6437,outgoing,2
10071,6530,outgoing,9
10071,6628,outgoing,3
10071,6660,outgoing,2
10071,6758,outgoing,1
10071,6999,outgoing,10
10071,7004,outgoing,4
10071,7252,outgoing,8
10071,7297,outgoing,4
10071,7321,outgoing,7
10071,7480,outgoing,9
10071,7489,outgoing,14
10071,7590,outgoing,8
10071,7623,outandin,1
10071,7700,outgoing,2
10071,7752,outgoing,14
10071,7770,outgoing,9
10071,7884,outgoing,2
10071,7957,outgoing,9
10071,7981,outgoing,1
10071,8061,outgoing,15
10071,8128,outgoing,18
10071,8339,outgoing,7
10071,8397,outgoing,7
10071,8399,outgoing,8
10071,8429,outgoing,9
10071,8434,outgoing,14
10071,8635,outandin,1
10071,8767,outandin,1
10071,9124,outgoing,3
10071,9143,outgoing,14
10071,9551,outandin,1
10071,9809,outandin,1
10071,9877,outandin,1
10039,48,outandin,1
10039,53,outandin,3
10039,63,outgoing,13
10039,75,outgoing,2
10039,115,outgoing,12
10039,129,outgoing,313
10039,158,outgoing,5
10039,164,outgoing,1
10039,170,outgoing,8
10039,242,outgoing,1
10039,258,outgoing,31
10039,264,outgoing,1
10039,383,outgoing,2
10039,410,outgoing,3
10039,493,outandin,1
10039,530,outgoing,107
10039,544,outandin,1
10039,546,outandin,1
10039,594,outgoing,2
10039,634,outgoing,1
10039,772,outgoing,7
10039,778,outgoing,2
10039,781,outgoing,2
10039,832,outgoing,33
10039,834,outgoing,12
10039,875,outandin,4
10039,906,outgoing,1
10039,914,outgoing,14
10039,922,outgoing,1
10039,947,outgoing,1
10039,1001,outandin,1
10039,1069,outandin,3
10039,1070,outgoing,25
10039,1148,outgoing,13
10039,1172,outgoing,15
10039,1216,outgoing,3
10039,1236,outgoing,80
10039,1238,outgoing,1
10039,1276,outgoing,4
10039,1288,outandin,2
10039,1290,outgoing,1
10039,1291,outgoing,41
10039,1374,outgoing,12
10039,1381,outgoing,2
10039,1427,outgoing,10
10039,1496,outandin,1
10039,1517,outandin,1
10039,1539,outgoing,40
10039,1568,outandin,1
10039,1616,outgoing,7
10039,1647,outgoing,6
10039,1679,outgoing,1
10039,1683,outgoing,43
10039,1754,outandin,2
10039,1763,outgoing,7
10039,1779,outandin,1
10039,1785,outandin,1
10039,1803,outgoing,6
10039,1814,outgoing,41
10039,1878,outgoing,5
10039,1916,outgoing,2
10039,1935,outgoing,1
10039,1968,outgoing,5
10039,1985,outandin,1
10039,1997,outandin,4
10039,2008,outgoing,17
10039,2075,outgoing,10
10039,2079,outgoing,1
10039,2109,outgoing,11
10039,2113,outgoing,11
10039,2191,outandin,1
10039,2279,outgoing,7
10039,2365,outgoing,1
10039,2368,outgoing,1
10039,2369,outandin,3
10039,2391,outandin,1
10039,2500,outandin,1
10039,2504,outgoing,3
10039,2537,outandin,1
10039,2555,outgoing,7
10039,2601,outgoing,4
10039,2656,outandin,1
10039,2674,outgoing,1
10039,2694,outandin,1
10039,2706,outgoing,22
10039,2718,outandin,1
10039,2734,outgoing,1
10039,2744,outgoing,3
10039,2776,outandin,1
10039,2795,outgoing,5
10039,2802,outgoing,12
10039,2809,outgoing,11
10039,2810,outandin,1
10039,2845,outgoing,3
10039,2865,outgoing,14
10039,2874,outgoing,15
10039,2880,outgoing,1
10039,2913,outgoing,13
10039,2915,outandin,1
10039,2945,outgoing,7
10039,2948,outandin,1
10039,3037,outandin,1
10039,3056,outandin,2
10039,3057,outandin,1
10039,3091,outandin,2
10039,3100,outgoing,1
10039,3122,outgoing,29
10039,3169,outgoing,4
10039,3190,outandin,8
10039,3219,outgoing,4
10039,3284,outgoing,1
10039,3335,outgoing,2
10039,3337,outandin,2
10039,3361,outandin,4
10039,3367,outandin,1
10039,3369,outgoing,1
10039,3382,outgoing,1
10039,3448,outandin,1
10039,3451,outgoing,5
10039,3456,outandin,1
10039,3485,outandin,1
10039,3503,outandin,1
10039,3572,outgoing,5
10039,3575,outandin,1
10039,3583,outgoing,5
10039,3620,outandin,2
10039,3625,outgoing,3
10039,3658,outandin,1
10039,3678,outgoing,3
10039,3711,outgoing,5
10039,3753,outgoing,7
10039,3800,outgoing,4
10039,3906,outgoing,5
10039,3948,outandin,1
10039,3953,outandin,11
10039,4013,outgoing,20
10039,4024,outandin,1
10039,4036,outgoing,6
10039,4080,outgoing,15
10039,4092,outgoing,6
10039,4263,outgoing,2
10039,4270,outandin,1
10039,4362,outandin,8
10039,4396,outandin,1
10039,4426,outgoing,3
10039,4437,outgoing,3
10039,4484,outgoing,14
10039,4527,outandin,1
10039,4545,outgoing,1
10039,4556,outandin,1
10039,4586,outandin,1
10039,4618,outandin,1
10039,4626,outgoing,2
10039,4666,outgoing,4
10039,4683,outandin,1
10039,4689,outandin,1
10039,4695,outandin,1
10039,4731,outandin,1
10039,4775,outandin,1
10039,4794,outgoing,5
10039,4801,outandin,2
10039,4830,outgoing,12
10039,4844,outgoing,2
10039,4880,outgoing,11
10039,4993,outandin,1
10039,5022,outgoing,2
10039,5060,outandin,1
10039,5115,outgoing,4
10039,5200,outgoing,9
10039,5219,outandin,3
10039,5339,outgoing,12
10039,5352,outgoing,16
10039,5412,outandin,1
10039,5482,outandin,1
10039,5528,outgoing,26
10039,5531,outgoing,1
10039,5532,outandin,1
10039,5573,outgoing,3
10039,5602,outgoing,2
10039,5612,outandin,1
10039,5615,outandin,1
10039,5626,outandin,4
10039,5631,outgoing,1
10039,5633,outgoing,10
10039,5643,outgoing,57
10039,5645,outandin,1
10039,5691,outandin,2
10039,5698,outandin,1
10039,5715,outandin,7
10039,5743,outgoing,2
10039,5745,outandin,6
10039,5794,outandin,1
10039,5796,outandin,2
10039,5801,outgoing,13
10039,5830,outgoing,2
10039,5834,outgoing,3
10039,5863,outandin,1
10039,5880,outgoing,1
10039,5907,outgoing,5
10039,5914,outandin,1
10039,5930,outandin,2
10039,6007,outandin,2
10039,6029,outgoing,5
10039,6033,outandin,1
10039,6050,outgoing,4
10039,6055,outandin,1
10039,6072,outgoing,10
10039,6099,outandin,1
10039,6107,outgoing,8
10039,6123,outgoing,1
10039,6170,outgoing,5
10039,6171,outgoing,5
10039,6200,outandin,3
10039,6214,outgoing,7
10039,6221,outandin,1
10039,6235,outgoing,20
10039,6242,outandin,1
10039,6263,outandin,1
10039,6274,outgoing,12
10039,6328,outandin,1
10039,6359,outgoing,11
10039,6400,outgoing,6
10039,6414,outandin,1
10039,6449,outandin,1
10039,6510,outandin,1
10039,6525,outandin,2
10039,6540,outandin,1
10039,6596,outgoing,5
10039,6706,outgoing,1
10039,6779,outgoing,1
10039,6811,outandin,1
10039,6819,outandin,1
10039,6857,outgoing,14
10039,6911,outgoing,2
10039,6935,outandin,1
10039,6937,outandin,1
10039,6945,outgoing,10
10039,6964,outgoing,1
10039,6972,outgoing,4
10039,6984,outgoing,4
10039,6990,outgoing,1
10039,7001,outgoing,1
10039,7010,outgoing,2
10039,7013,outgoing,8
10039,7030,outgoing,1
10039,7046,outandin,1
10039,7062,outgoing,6
10039,7072,outgoing,2
10039,7085,outandin,1
10039,7294,outgoing,15
10039,7305,outgoing,6
10039,7404,outandin,1
10039,7421,outgoing,25
10039,7429,outgoing,2
10039,7476,outandin,2
10039,7481,outgoing,8
10039,7591,outandin,6
10039,7661,outgoing,2
10039,7668,outandin,1
10039,7691,outgoing,1
10039,7694,outgoing,3
10039,7743,outandin,2
10039,7769,outgoing,1
10039,7803,outgoing,1
10039,7804,outgoing,7
10039,7834,outandin,1
10039,7885,outandin,1
10039,7891,outgoing,6
10039,7971,outandin,1
10039,8048,outandin,4
10039,8089,outgoing,14
10039,8092,outgoing,5
10039,8116,outgoing,3
10039,8168,outgoing,8
10039,8204,outandin,4
10039,8219,outgoing,3
10039,8231,outandin,1
10039,8272,outandin,1
10039,8276,outgoing,1
10039,8295,outgoing,5
10039,8324,outandin,3
10039,8440,outgoing,1
10039,8467,outandin,3
10039,8477,outgoing,1
10039,8508,outgoing,1
10039,8539,outgoing,1
10039,8563,outgoing,13
10039,8597,outandin,1
10039,8611,outgoing,32
10039,8623,outgoing,18
10039,8636,outgoing,4
10039,8652,outgoing,4
10039,8659,outgoing,1
10039,8699,outgoing,5
10039,8716,outandin,3
10039,8745,outandin,2
10039,8791,outandin,1
10039,8816,outgoing,4
10039,8941,outandin,1
10039,8942,outgoing,7
10039,8989,outandin,9
10039,9022,outandin,1
10039,9023,outgoing,7
10039,9079,outandin,1
10039,9095,outandin,2
10039,9121,outgoing,63
10039,9133,outgoing,14
10039,9140,outgoing,3
10039,9192,outgoing,11
10039,9211,outgoing,2
10039,9220,outgoing,14
10039,9281,outgoing,1
10039,9320,outandin,2
10039,9353,outandin,1
10039,9356,outandin,1
10039,9358,outandin,2
10039,9366,outgoing,3
10039,9367,outgoing,9
10039,9368,outgoing,2
10039,9398,outgoing,7
10039,9436,outgoing,6
10039,9457,outandin,1
10039,9497,outgoing,4
10039,9511,outgoing,1
10039,9516,outgoing,10
10039,9518,outgoing,3
10039,9582,outgoing,4
10039,9590,outandin,1
10039,9630,outandin,3
10039,9648,outandin,1
10039,9650,outgoing,19
10039,9702,outandin,1
10039,9720,outgoing,2
10039,9744,outgoing,6
10039,9753,outgoing,42
10039,9783,outgoing,1
10039,9795,outgoing,2
10039,9818,outgoing,1
10039,9840,outgoing,12
10039,9845,outgoing,1
10039,9849,outgoing,358
10039,9866,outgoing,88
10039,9877,outandin,1
10039,9878,outgoing,1
10039,9884,outandin,1
10039,9895,outandin,3
10039,9897,outgoing,6
10039,9902,outandin,2
10039,9908,outandin,1
10039,9916,outgoing,3
10039,9928,outandin,9
10039,9932,outandin,3
10039,9946,outandin,2
10039,9956,outandin,25
10039,9958,outandin,2
10039,9969,outandin,14
10039,9979,outandin,30
10073,1,outgoing,105
10073,50,outandin,1
10073,75,outgoing,3
10073,100,outandin,1
10073,120,outgoing,594
10073,171,outandin,1
10073,242,outgoing,4
10073,296,outgoing,3
10073,301,outandin,1
10073,305,outgoing,2
10073,308,outgoing,65
10073,312,outandin,3
10073,333,outgoing,1
10073,349,outandin,1
10073,365,outgoing,99
10073,407,outandin,1
10073,415,outandin,2
10073,477,outgoing,4
10073,483,outandin,1
10073,528,outandin,1
10073,545,outandin,1
10073,632,outgoing,2
10073,647,outgoing,2
10073,682,outandin,1
10073,683,outandin,2
10073,691,outandin,1
10073,817,outandin,3
10073,900,outandin,1
10073,941,outandin,1
10073,1014,outgoing,9
10073,1031,outgoing,3
10073,1067,outandin,1
10073,1081,outandin,5
10073,1152,outgoing,1
10073,1164,outandin,1
10073,1170,outandin,1
10073,1219,outgoing,2
10073,1313,outandin,2
10073,1322,outandin,1
10073,1346,outandin,2
10073,1355,outandin,1
10073,1415,outandin,1
10073,1428,outandin,2
10073,1474,outandin,3
10073,1517,outandin,3
10073,1540,outgoing,2
10073,1553,outandin,1
10073,1554,outandin,1
10073,1576,outgoing,76
10073,1633,outandin,5
10073,1645,outgoing,3
10073,1670,outgoing,43
10073,1684,outandin,1
10073,1693,outgoing,1
10073,1705,outgoing,2
10073,1728,outgoing,1
10073,1776,outgoing,5
10073,1777,outgoing,1
10073,1781,outgoing,3
10073,1806,outgoing,3
10073,1896,outandin,3
10073,1910,outandin,2
10073,1911,outgoing,4
10073,1935,outandin,1
10073,1939,outandin,1
10073,1950,outandin,1
10073,2006,outgoing,1
10073,2008,outandin,2
10073,2018,outgoing,6
10073,2040,outandin,1
10073,2159,outandin,1
10073,2164,outandin,1
10073,2173,outandin,1
10073,2210,outgoing,2
10073,2237,outandin,1
10073,2256,outandin,1
10073,2257,outgoing,5
10073,2294,outandin,1
10073,2326,outandin,1
10073,2365,outandin,1
10073,2368,outandin,1
10073,2380,outandin,1
10073,2391,outandin,7
10073,2393,outgoing,8
10073,2412,outandin,6
10073,2477,outandin,2
10073,2503,outgoing,1
10073,2508,outandin,1
10073,2536,outandin,13
10073,2563,outgoing,1
10073,2590,outgoing,1
10073,2595,outgoing,1
10073,2612,outgoing,1
10073,2625,outgoing,2
10073,2663,outgoing,1
10073,2667,outgoing,1
10073,2670,outandin,1
10073,2673,outandin,2
10073,2675,outgoing,2
10073,2681,outgoing,1
10073,2694,outandin,1
10073,2718,outandin,1
10073,2737,outgoing,3
10073,2766,outgoing,4
10073,2833,outandin,1
10073,2834,outandin,1
10073,2861,outgoing,3
10073,2882,outandin,1
10073,2913,outgoing,2
10073,2924,outandin,2
10073,2948,outandin,1
10073,3013,outandin,2
10073,3017,outgoing,2
10073,3040,outandin,7
10073,3082,outgoing,1
10073,3087,outandin,1
10073,3090,outandin,1
10073,3137,outgoing,1
10073,3163,outandin,1
10073,3164,outandin,1
10073,3169,outgoing,1
10073,3209,outandin,2
10073,3342,outandin,1
10073,3370,outandin,2
10073,3381,outgoing,1
10073,3448,outandin,1
10073,3468,outgoing,2
10073,3483,outandin,1
10073,3551,outandin,1
10073,3584,outandin,1
10073,3598,outandin,1
10073,3633,outandin,3
10073,3659,outandin,11
10073,3682,outgoing,13
10073,3724,outandin,1
10073,3831,outandin,1
10073,3860,outgoing,2
10073,3874,outgoing,4
10073,3927,outgoing,2
10073,3977,outgoing,1
10073,3979,outandin,1
10073,4003,outandin,1
10073,4050,outgoing,1
10073,4098,outandin,1
10073,4105,outandin,1
10073,4119,outgoing,2
10073,4133,outandin,1
10073,4139,outandin,1
10073,4149,outgoing,1
10073,4179,outandin,3
10073,4221,outgoing,10
10073,4226,outandin,2
10073,4271,outandin,1
10073,4304,outandin,1
10073,4325,outandin,1
10073,4377,outandin,1
10073,4395,outandin,1
10073,4444,outandin,1
10073,4585,outgoing,1
10073,4614,outgoing,1
10073,4674,outandin,2
10073,4695,outgoing,2
10073,4706,outgoing,5
10073,4816,outandin,3
10073,4846,outgoing,4
10073,4854,outandin,1
10073,4876,outandin,2
10073,4883,outgoing,2
10073,4891,outandin,2
10073,4913,outandin,2
10073,4967,outandin,1
10073,4994,outandin,1
10073,5063,outandin,1
10073,5064,outandin,1
10073,5071,outandin,1
10073,5183,outandin,1
10073,5186,outgoing,3
10073,5201,outandin,1
10073,5204,outgoing,4
10073,5214,outandin,4
10073,5219,outandin,1
10073,5236,outandin,1
10073,5287,outgoing,1
10073,5328,outandin,2
10073,5338,outandin,1
10073,5339,outandin,2
10073,5400,outgoing,1
10073,5416,outandin,1
10073,5444,outgoing,1
10073,5448,outandin,8
10073,5512,outandin,1
10073,5535,outgoing,20
10073,5627,outgoing,1
10073,5640,outgoing,4
10073,5646,outgoing,1
10073,5666,outandin,1
10073,5691,outandin,1
10073,5709,outandin,1
10073,5720,outgoing,3
10073,5725,outandin,1
10073,5731,outgoing,1
10073,5743,outandin,1
10073,5744,outandin,1
10073,5752,outgoing,2
10073,5794,outgoing,5
10073,5802,outgoing,2
10073,5832,outgoing,1
10073,5837,outandin,1
10073,5845,outgoing,3
10073,5850,outandin,1
10073,5900,outandin,2
10073,5922,outandin,1
10073,5935,outandin,1
10073,5952,outgoing,1
10073,5977,outgoing,5
10073,5989,outandin,1
10073,6007,outandin,1
10073,6033,outandin,1
10073,6100,outandin,3
10073,6170,outgoing,2
10073,6223,outandin,1
10073,6262,outgoing,1
10073,6266,outgoing,7
10073,6298,outandin,1
10073,6303,outgoing,2
10073,6318,outgoing,12
10073,6429,outandin,3
10073,6444,outgoing,1
10073,6446,outandin,1
10073,6447,outgoing,1
10073,6448,outgoing,1
10073,6458,outgoing,7
10073,6463,outgoing,1
10073,6480,outandin,5
10073,6485,outandin,1
10073,6527,outandin,1
10073,6536,outandin,1
10073,6552,outgoing,1
10073,6558,outandin,3
10073,6566,outgoing,1
10073,6582,outandin,2
10073,6614,outgoing,5
10073,6654,outandin,2
10073,6659,outgoing,2
10073,6669,outgoing,1
10073,6733,outgoing,2
10073,6742,outandin,1
10073,6747,outandin,1
10073,6811,outgoing,1
10073,6819,outandin,1
10073,6865,outgoing,1
10073,6867,outgoing,2
10073,6881,outgoing,4
10073,6898,outgoing,3
10073,6993,outandin,1
10073,7010,outgoing,1
10073,7024,outandin,1
10073,7052,outgoing,9
10073,7114,outandin,1
10073,7135,outgoing,3
10073,7160,outandin,4
10073,7176,outgoing,1
10073,7205,outandin,1
10073,7237,outgoing,2
10073,7263,outandin,11
10073,7336,outgoing,5
10073,7339,outandin,1
10073,7385,outgoing,7
10073,7393,outgoing,4
10073,7423,outgoing,1
10073,7470,outgoing,1
10073,7482,outgoing,1
10073,7498,outandin,7
10073,7521,outandin,1
10073,7581,outgoing,2
10073,7591,outandin,1
10073,7623,outandin,1
10073,7641,outandin,2
10073,7686,outandin,1
10073,7701,outandin,2
10073,7741,outandin,3
10073,7747,outandin,2
10073,7771,outandin,4
10073,7864,outandin,1
10073,7896,outandin,5
10073,7910,outgoing,4
10073,7963,outandin,1
10073,7966,outgoing,1
10073,8000,outandin,3
10073,8002,outgoing,2
10073,8012,outgoing,32
10073,8046,outandin,1
10073,8048,outandin,1
10073,8075,outandin,1
10073,8103,outgoing,3
10073,8151,outandin,1
10073,8225,outandin,5
10073,8233,outgoing,3
10073,8244,outandin,2
10073,8272,outandin,1
10073,8292,outgoing,2
10073,8359,outgoing,4
10073,8360,outandin,1
10073,8370,outandin,3
10073,8382,outandin,1
10073,8391,outgoing,1
10073,8428,outandin,1
10073,8435,outgoing,1
10073,8443,outandin,2
10073,8464,outgoing,1
10073,8469,outgoing,4
10073,8481,outandin,1
10073,8483,outandin,1
10073,8490,outgoing,6
10073,8498,outandin,3
10073,8544,outandin,1
10073,8566,outgoing,2
10073,8586,outgoing,3
10073,8649,outandin,1
10073,8650,outandin,1
10073,8655,outandin,3
10073,8667,outgoing,2
10073,8724,outgoing,3
10073,8747,outandin,2
10073,8752,outandin,10
10073,8759,outandin,1
10073,8761,outgoing,5
10073,8779,outandin,1
10073,8787,outandin,5
10073,8788,outandin,1
10073,8805,outandin,2
10073,8833,outandin,1
10073,8842,outandin,1
10073,8858,outandin,1
10073,8868,outgoing,2
10073,8876,outandin,29
10073,8881,outandin,1
10073,8958,outgoing,1
10073,9019,outgoing,1
10073,9081,outandin,1
10073,9087,outandin,3
10073,9091,outandin,1
10073,9112,outgoing,2
10073,9193,outgoing,4
10073,9198,outandin,3
10073,9221,outandin,2
10073,9243,outandin,1
10073,9244,outgoing,10
10073,9249,outandin,1
10073,9256,outgoing,1
10073,9258,outgoing,4
10073,9266,outandin,2
10073,9299,outgoing,2
10073,9320,outandin,2
10073,9322,outgoing,3
10073,9353,outandin,2
10073,9355,outgoing,3
10073,9358,outandin,1
10073,9397,outgoing,3
10073,9449,outandin,4
10073,9452,outandin,4
10073,9453,outgoing,1
10073,9520,outgoing,1
10073,9533,outgoing,4
10073,9551,outandin,1
10073,9567,outgoing,6
10073,9612,outgoing,1
10073,9625,outandin,1
10073,9644,outgoing,11
10073,9663,outgoing,1
10073,9734,outgoing,9
10073,9742,outgoing,8
10073,9748,outandin,5
10073,9764,outandin,3
10073,9767,outgoing,22
10073,9769,outgoing,2
10073,9798,outandin,1
10073,9799,outgoing,9
10073,9810,outgoing,2
10073,9821,outandin,2
10073,9829,outgoing,5
10073,9839,outandin,8
10073,9860,outandin,1
10073,9863,outandin,1
10073,9864,outgoing,2
10073,9874,outgoing,2
10073,9878,outandin,1
10073,9883,outgoing,12
10073,9884,outgoing,30
10073,9891,outandin,1
10073,9897,outandin,4
10073,9901,outandin,6
10073,9904,outandin,2
10073,9908,outandin,10
10073,9919,outandin,1
10073,9924,outgoing,2
10073,9928,outgoing,9
10073,9931,outandin,1
10073,9936,outandin,1
10073,9941,outandin,1
10073,9949,outandin,1
10073,9952,outandin,4
10073,9958,outandin,1
10073,9960,outandin,18
10073,9962,outandin,4
10073,9965,outandin,1
10073,9967,outandin,12
10073,9970,outandin,1
10073,9973,outandin,4
10073,9975,outandin,17
10073,9977,outandin,1
10073,9982,outandin,1
10073,9989,outandin,3
10073,9992,outandin,3
10073,9997,outandin,3
10073,9998,outandin,1
10016,1,outgoing,73
10016,61,outandin,1
10016,93,outandin,1
10016,105,outandin,6
10016,130,outandin,1
10016,132,outandin,1
10016,136,outgoing,382
10016,151,outgoing,450
10016,158,outgoing,6
10016,164,outgoing,4
10016,192,outgoing,182
10016,208,outgoing,7
10016,270,outandin,1
10016,383,outgoing,1
10016,425,outgoing,1
10016,427,outandin,2
10016,483,outgoing,3
10016,484,outandin,2
10016,490,outandin,2
10016,637,outgoing,5
10016,646,outandin,2
10016,683,outgoing,3
10016,708,outandin,1
10016,711,outgoing,1
10016,765,outandin,2
10016,785,outgoing,2
10016,796,outandin,1
10016,800,outgoing,3
10016,816,outandin,4
10016,865,outgoing,3
10016,930,outandin,1
10016,951,outandin,1
10016,1001,outandin,1
10016,1091,outgoing,116
10016,1094,outandin,1
10016,1128,outgoing,1
10016,1140,outandin,1
10016,1238,outgoing,9
10016,1264,outandin,1
10016,1290,outandin,1
10016,1349,outgoing,10
10016,1352,outandin,2
10016,1367,outgoing,2
10016,1377,outandin,1
10016,1435,outandin,2
10016,1457,outgoing,24
10016,1471,outandin,1
10016,1474,outandin,2
10016,1494,outandin,1
10016,1521,outgoing,51
10016,1594,outandin,1
10016,1613,outandin,2
10016,1645,outgoing,1
10016,1662,outandin,1
10016,1745,outgoing,1
10016,1747,outandin,1
10016,1870,outgoing,7
10016,1878,outandin,1
10016,1911,outandin,4
10016,1918,outgoing,7
10016,1930,outgoing,11
10016,1934,outgoing,12
10016,1976,outandin,5
10016,1981,outgoing,5
10016,2006,outgoing,1
10016,2074,outgoing,14
10016,2092,outandin,1
10016,2129,outgoing,21
10016,2135,outandin,1
10016,2164,outandin,1
10016,2166,outgoing,7
10016,2261,outandin,1
10016,2268,outgoing,1
10016,2272,outandin,2
10016,2295,outandin,1
10016,2369,outandin,1
10016,2391,outandin,6
10016,2393,outgoing,1
10016,2402,outgoing,1
10016,2451,outandin,2
10016,2556,outandin,1
10016,2584,outandin,1
10016,2698,outandin,1
10016,2711,outgoing,9
10016,2724,outgoing,1
10016,2742,outgoing,9
10016,2799,outandin,1
10016,2834,outandin,2
10016,2934,outandin,1
10016,3040,outandin,3
10016,3089,outgoing,9
10016,3144,outandin,1
10016,3169,outandin,1
10016,3187,outgoing,1
10016,3255,outgoing,4
10016,3370,outandin,1
10016,3381,outandin,3
10016,3503,outandin,1
10016,3568,outgoing,5
10016,3612,outgoing,1
10016,3737,outandin,1
10016,3790,outandin,1
10016,3793,outandin,1
10016,3795,outandin,1
10016,3845,outandin,1
10016,3880,outgoing,3
10016,3929,outgoing,2
10016,3953,outandin,2
10016,4003,outgoing,2
10016,4025,outgoing,1
10016,4031,outandin,3
10016,4035,outgoing,4
10016,4039,outgoing,5
10016,4057,outgoing,2
10016,4095,outandin,3
10016,4107,outgoing,4
10016,4202,outgoing,5
10016,4267,outgoing,2
10016,4289,outandin,3
10016,4350,outgoing,2
10016,4501,outgoing,7
10016,4559,outgoing,4
10016,4600,outandin,1
10016,4635,outgoing,2
10016,4638,outandin,5
10016,4686,outandin,1
10016,4723,outandin,3
10016,4729,outgoing,1
10016,4759,outgoing,19
10016,4803,outandin,3
10016,4832,outandin,1
10016,4846,outandin,1
10016,4876,outgoing,1
10016,4883,outandin,1
10016,4906,outgoing,1
10016,5000,outandin,2
10016,5008,outgoing,11
10016,5036,outgoing,6
10016,5053,outgoing,4
10016,5058,outandin,1
10016,5126,outandin,1
10016,5160,outgoing,1
10016,5177,outandin,1
10016,5204,outandin,1
10016,5236,outgoing,2
10016,5300,outgoing,1
10016,5313,outandin,1
10016,5336,outandin,1
10016,5358,outgoing,3
10016,5403,outandin,3
10016,5414,outandin,2
10016,5441,outandin,1
10016,5548,outandin,1
10016,5583,outandin,2
10016,5716,outandin,7
10016,5731,outandin,2
10016,5744,outandin,3
10016,5801,outandin,1
10016,5813,outandin,1
10016,5822,outgoing,2
10016,5890,outandin,2
10016,5922,outandin,9
10016,5977,outandin,3
10016,6006,outgoing,1
10016,6047,outandin,1
10016,6052,outandin,1
10016,6169,outandin,1
10016,6175,outgoing,10
10016,6196,outgoing,4
10016,6215,outgoing,1
10016,6242,outandin,2
10016,6293,outandin,1
10016,6303,outgoing,4
10016,6396,outgoing,6
10016,6403,outandin,1
10016,6409,outandin,1
10016,6444,outgoing,1
10016,6498,outandin,1
10016,6511,outandin,1
10016,6577,outandin,1
10016,6634,outandin,1
10016,6650,outandin,3
10016,6657,outandin,1
10016,6756,outandin,1
10016,6758,outgoing,1
10016,6796,outandin,1
10016,6797,outandin,2
10016,6846,outandin,1
10016,6867,outandin,1
10016,6930,outandin,2
10016,6957,outandin,1
10016,6984,outgoing,2
10016,7025,outgoing,12
10016,7057,outandin,1
10016,7086,outgoing,5
10016,7109,outgoing,5
10016,7113,outandin,1
10016,7118,outandin,1
10016,7327,outgoing,2
10016,7351,outandin,1
10016,7423,outgoing,2
10016,7512,outandin,1
10016,7523,outgoing,12
10016,7538,outandin,3
10016,7583,outgoing,1
10016,7601,outgoing,7
10016,7623,outandin,2
10016,7663,outgoing,6
10016,7677,outgoing,9
10016,7702,outgoing,7
10016,7703,outandin,1
10016,7731,outandin,1
10016,7741,outgoing,8
10016,7743,outandin,6
10016,7744,outandin,3
10016,7750,outandin,1
10016,7914,outandin,1
10016,7963,outandin,1
10016,7969,outandin,1
10016,8000,outandin,1
10016,8002,outgoing,3
10016,8083,outandin,1
10016,8098,outandin,1
10016,8176,outandin,1
10016,8289,outgoing,2
10016,8321,outandin,4
10016,8370,outandin,1
10016,8394,outgoing,2
10016,8402,outgoing,6
10016,8410,outgoing,5
10016,8445,outgoing,1
10016,8457,outandin,1
10016,8469,outandin,1
10016,8481,outandin,3
10016,8484,outandin,7
10016,8489,outandin,4
10016,8501,outandin,1
10016,8583,outgoing,6
10016,8585,outgoing,1
10016,8620,outandin,1
10016,8655,outandin,1
10016,8667,outandin,1
10016,8883,outandin,2
10016,8889,outandin,1
10016,8921,outgoing,4
10016,8970,outgoing,1
10016,9081,outandin,2
10016,9112,outgoing,2
10016,9119,outgoing,3
10016,9140,outandin,1
10016,9169,outandin,1
10016,9173,outandin,1
10016,9185,outgoing,13
10016,9244,outgoing,2
10016,9314,outandin,1
10016,9320,outandin,4
10016,9349,outgoing,5
10016,9371,outgoing,5
10016,9372,outgoing,2
10016,9398,outandin,3
10016,9480,outgoing,4
10016,9494,outgoing,2
10016,9521,outandin,8
10016,9533,outgoing,4
10016,9571,outgoing,2
10016,9590,outgoing,6
10016,9612,outandin,1
10016,9625,outandin,16
10016,9630,outandin,1
10016,9658,outgoing,2
10016,9677,outgoing,9
10016,9748,outandin,5
10016,9807,outgoing,2
10016,9813,outgoing,4
10016,9819,outgoing,1
10016,9839,outgoing,13
10016,9840,outgoing,1
10016,9856,outandin,1
10016,9864,outgoing,18
10016,9877,outgoing,1
10016,9897,outandin,1
10016,9918,outandin,1
10016,9928,outandin,1
10016,9936,outgoing,7
10016,9941,outgoing,8
10016,9942,outandin,1
10016,9949,outandin,5
10016,9952,outandin,6
10016,9962,outandin,1
10016,9967,outandin,9
10016,9973,outandin,16
10016,9982,outandin,16
10016,9998,outandin,3
10055,15,outgoing,3
10055,25,outandin,1
10055,114,outandin,2
10055,130,outandin,2
10055,139,outgoing,2
10055,164,outandin,1
10055,185,outandin,1
10055,209,outgoing,1
10055,231,outgoing,3
10055,288,outandin,1
10055,359,outandin,1
10055,363,outgoing,6
10055,383,outandin,1
10055,407,outandin,4
10055,412,outgoing,1
10055,451,outgoing,3
10055,455,outandin,3
10055,457,outandin,1
10055,497,outgoing,4
10055,498,outgoing,5
10055,507,outandin,2
10055,539,outandin,1
10055,543,outandin,6
10055,545,outgoing,12
10055,554,outgoing,1
10055,589,outgoing,1
10055,596,outgoing,4
10055,611,outandin,2
10055,612,outandin,2
10055,632,outandin,1
10055,691,outgoing,2
10055,705,outandin,3
10055,714,outandin,1
10055,719,outgoing,1
10055,755,outgoing,1
10055,811,outandin,2
10055,831,outandin,1
10055,844,outandin,1
10055,861,outandin,1
10055,905,outandin,1
10055,930,outgoing,1
10055,942,outandin,1
10055,943,outandin,2
10055,945,outandin,1
10055,951,outgoing,3
10055,960,outgoing,3
10055,972,outandin,1
10055,1033,outandin,1
10055,1043,outgoing,2
10055,1048,outgoing,1
10055,1067,outandin,2
10055,1079,outandin,2
10055,1103,outandin,1
10055,1109,outandin,1
10055,1157,outgoing,3
10055,1164,outandin,2
10055,1189,outandin,1
10055,1253,outgoing,28
10055,1264,outandin,1
10055,1266,outgoing,2
10055,1361,outandin,1
10055,1402,outgoing,1
10055,1428,outandin,1
10055,1434,outandin,1
10055,1467,outandin,1
10055,1509,outandin,1
10055,1510,outgoing,2
10055,1527,outgoing,3
10055,1530,outgoing,1
10055,1553,outandin,1
10055,1554,outgoing,5
10055,1580,outgoing,2
10055,1593,outgoing,7
10055,1598,outgoing,1
10055,1613,outgoing,3
10055,1625,outandin,1
10055,1720,outgoing,2
10055,1770,outandin,2
10055,1793,outgoing,2
10055,1796,outgoing,3
10055,1818,outgoing,6
10055,1827,outandin,1
10055,1872,outgoing,3
10055,1893,outgoing,8
10055,1915,outgoing,2
10055,1939,outgoing,1
10055,1976,outandin,1
10055,1996,outgoing,1
10055,2010,outandin,1
10055,2019,outandin,3
10055,2040,outgoing,4
10055,2140,outandin,1
10055,2145,outgoing,5
10055,2162,outgoing,1
10055,2196,outgoing,2
10055,2237,outandin,4
10055,2267,outandin,1
10055,2294,outandin,2
10055,2351,outandin,2
10055,2402,outandin,2
10055,2415,outandin,1
10055,2433,outgoing,2
10055,2437,outgoing,7
10055,2446,outgoing,1
10055,2459,outgoing,2
10055,2494,outgoing,8
10055,2501,outandin,1
10055,2503,outandin,1
10055,2511,outgoing,8
10055,2717,outgoing,2
10055,2718,outgoing,5
10055,2736,outgoing,2
10055,2737,outgoing,2
10055,2769,outgoing,2
10055,2799,outgoing,1
10055,2825,outgoing,3
10055,2866,outandin,2
10055,2875,outgoing,1
10055,2948,outgoing,2
10055,2992,outandin,1
10055,3005,outandin,1
10055,3103,outandin,2
10055,3110,outandin,2
10055,3128,outgoing,6
10055,3140,outandin,1
10055,3155,outandin,2
10055,3169,outandin,2
10055,3170,outandin,1
10055,3171,outgoing,117
10055,3174,outgoing,12
10055,3177,outandin,3
10055,3231,outandin,2
10055,3271,outandin,2
10055,3292,outgoing,1
10055,3316,outgoing,3
10055,3342,outgoing,1
10055,3365,outgoing,13
10055,3372,outgoing,4
10055,3399,outgoing,1
10055,3454,outandin,2
10055,3505,outgoing,6
10055,3506,outgoing,1
10055,3517,outgoing,2
10055,3578,outandin,1
10055,3613,outgoing,7
10055,3682,outgoing,5
10055,3724,outgoing,1
10055,3740,outandin,2
10055,3744,outandin,4
10055,3770,outgoing,2
10055,3783,outandin,3
10055,3792,outgoing,2
10055,3793,outandin,1
10055,3831,outgoing,5
10055,3858,outgoing,1
10055,3866,outandin,1
10055,3877,outandin,1
10055,3890,outgoing,2
10055,3911,outgoing,3
10055,3916,outgoing,3
10055,3972,outgoing,3
10055,3977,outgoing,1
10055,3990,outandin,1
10055,4002,outandin,1
10055,4054,outandin,1
10055,4057,outgoing,21
10055,4075,outgoing,1
10055,4096,outgoing,2
10055,4098,outandin,2
10055,4109,outgoing,1
10055,4123,outandin,1
10055,4223,outandin,2
10055,4240,outandin,1
10055,4242,outgoing,2
10055,4281,outandin,1
10055,4304,outgoing,31
10055,4323,outgoing,2
10055,4361,outandin,2
10055,4377,outandin,4
10055,4385,outandin,2
10055,4400,outandin,1
10055,4438,outandin,1
10055,4472,outgoing,15
10055,4503,outgoing,4
10055,4534,outandin,5
10055,4554,outgoing,4
10055,4568,outandin,1
10055,4601,outandin,1
10055,4637,outandin,1
10055,4638,outandin,2
10055,4687,outandin,1
10055,4695,outandin,2
10055,4731,outandin,1
10055,4771,outandin,2
10055,4794,outgoing,1
10055,4797,outandin,2
10055,4801,outgoing,2
10055,4807,outandin,1
10055,4816,outandin,4
10055,4832,outandin,1
10055,4851,outandin,1
10055,4856,outgoing,1
10055,4864,outandin,1
10055,4879,outgoing,1
10055,4891,outgoing,1
10055,4913,outgoing,1
10055,4934,outandin,2
10055,4951,outgoing,1
10055,4953,outandin,1
10055,4967,outgoing,5
10055,4981,outgoing,1
10055,4992,outgoing,3
10055,5004,outgoing,3
10055,5031,outgoing,2
10055,5037,outandin,1
10055,5053,outgoing,1
10055,5059,outandin,1
10055,5064,outandin,2
10055,5071,outandin,4
10055,5107,outgoing,2
10055,5139,outgoing,1
10055,5158,outandin,5
10055,5186,outandin,2
10055,5218,outandin,1
10055,5219,outandin,1
10055,5239,outgoing,2
10055,5265,outgoing,6
10055,5305,outandin,1
10055,5310,outandin,1
10055,5330,outgoing,2
10055,5331,outgoing,6
10055,5360,outgoing,1
10055,5506,outandin,1
10055,5512,outgoing,2
10055,5526,outandin,1
10055,5554,outandin,1
10055,5557,outandin,1
10055,5562,outandin,5
10055,5574,outgoing,1
10055,5583,outandin,1
10055,5623,outandin,1
10055,5634,outandin,1
10055,5662,outandin,9
10055,5691,outandin,4
10055,5749,outgoing,3
10055,5751,outandin,1
10055,5759,outgoing,8
10055,5765,outandin,1
10055,5769,outgoing,1
10055,5779,outandin,1
10055,5790,outgoing,6
10055,5820,outgoing,3
10055,5825,outgoing,23
10055,5831,outgoing,4
10055,5854,outandin,1
10055,5876,outandin,2
10055,5916,outgoing,2
10055,5922,outandin,1
10055,5935,outandin,2
10055,5940,outandin,2
10055,5944,outandin,1
10055,6020,outandin,1
10055,6077,outgoing,2
10055,6094,outgoing,2
10055,6161,outgoing,20
10055,6171,outandin,1
10055,6185,outandin,1
10055,6217,outandin,2
10055,6286,outgoing,1
10055,6295,outandin,1
10055,6298,outgoing,1
10055,6360,outgoing,3
10055,6380,outandin,1
10055,6382,outgoing,1
10055,6395,outandin,4
10055,6429,outandin,2
10055,6435,outandin,1
10055,6475,outandin,2
10055,6538,outandin,1
10055,6540,outandin,2
10055,6546,outgoing,1
10055,6558,outandin,1
10055,6594,outgoing,1
10055,6595,outgoing,2
10055,6612,outgoing,1
10055,6649,outgoing,3
10055,6656,outandin,2
10055,6669,outandin,1
10055,6691,outgoing,2
10055,6693,outandin,3
10055,6711,outandin,2
10055,6761,outandin,1
10055,6763,outandin,1
10055,6797,outandin,1
10055,6810,outgoing,1
10055,6869,outgoing,5
10055,6877,outgoing,4
10055,6880,outandin,1
10055,6901,outandin,1
10055,6980,outgoing,5
10055,7044,outgoing,2
10055,7050,outgoing,6
10055,7074,outandin,1
10055,7154,outgoing,4
10055,7160,outandin,1
10055,7168,outgoing,1
10055,7187,outandin,1
10055,7190,outandin,1
10055,7209,outandin,1
10055,7236,outandin,1
10055,7237,outgoing,2
10055,7257,outgoing,7
10055,7322,outandin,2
10055,7340,outandin,1
10055,7343,outgoing,3
10055,7351,outgoing,24
10055,7391,outandin,1
10055,7434,outandin,1
10055,7455,outgoing,2
10055,7498,outandin,2
10055,7511,outgoing,3
10055,7529,outandin,1
10055,7571,outandin,2
10055,7584,outgoing,1
10055,7591,outandin,1
10055,7696,outgoing,2
10055,7743,outandin,1
10055,7800,outandin,1
10055,7802,outgoing,4
10055,7822,outgoing,1
10055,7878,outandin,2
10055,7896,outandin,2
10055,7914,outandin,1
10055,7923,outgoing,2
10055,7963,outgoing,1
10055,7986,outgoing,2
10055,8002,outgoing,1
10055,8010,outgoing,1
10055,8037,outgoing,8
10055,8046,outandin,1
10055,8054,outandin,1
10055,8101,outgoing,1
10055,8112,outgoing,2
10055,8119,outandin,1
10055,8163,outandin,9
10055,8215,outgoing,1
10055,8237,outandin,1
10055,8239,outandin,1
10055,8247,outgoing,1
10055,8267,outandin,1
10055,8272,outandin,1
10055,8408,outandin,2
10055,8420,outandin,4
10055,8450,outandin,1
10055,8469,outandin,2
10055,8483,outandin,1
10055,8501,outgoing,1
10055,8529,outandin,1
10055,8540,outgoing,8
10055,8566,outandin,1
10055,8675,outandin,2
10055,8680,outandin,3
10055,8691,outandin,1
10055,8747,outandin,2
10055,8769,outgoing,5
10055,8808,outgoing,1
10055,8813,outgoing,6
10055,8867,outgoing,1
10055,8890,outandin,1
10055,8952,outgoing,1
10055,8958,outgoing,2
10055,8980,outandin,1
10055,9024,outandin,1
10055,9081,outgoing,3
10055,9112,outandin,1
10055,9116,outandin,1
10055,9217,outgoing,2
10055,9244,outgoing,1
10055,9258,outgoing,1
10055,9260,outandin,5
10055,9264,outandin,1
10055,9350,outgoing,2
10055,9355,outandin,1
10055,9389,outandin,1
10055,9399,outgoing,1
10055,9402,outandin,3
10055,9466,outandin,1
10055,9501,outandin,2
10055,9535,outgoing,6
10055,9559,outgoing,2
10055,9643,outandin,1
10055,9769,outgoing,10
10055,9798,outandin,2
10055,9860,outandin,1
10055,9863,outgoing,4
10055,9885,outandin,1
10055,9916,outandin,1
10055,9934,outandin,2
10055,9977,outandin,2
10055,9983,outandin,6
10055,9992,outandin,5
10006,7,outgoing,8
10006,61,outandin,2
10006,101,outgoing,16
10006,114,outgoing,11
10006,126,outgoing,2
10006,145,outgoing,43
10006,248,outgoing,8
10006,294,outandin,2
10006,410,outandin,3
10006,418,outgoing,22
10006,491,outgoing,11
10006,594,outgoing,1
10006,719,outandin,2
10006,781,outgoing,6
10006,870,outandin,1
10006,887,outgoing,23
10006,892,outgoing,48
10006,903,outgoing,24
10006,938,outgoing,16
10006,956,outgoing,79
10006,1084,outgoing,3
10006,1099,outgoing,4
10006,1188,outgoing,11
10006,1204,outgoing,7
10006,1206,outgoing,3
10006,1209,outgoing,1
10006,1338,outandin,4
10006,1399,outgoing,2
10006,1455,outgoing,9
10006,1540,outgoing,2
10006,1603,outandin,3
10006,1680,outgoing,2
10006,1728,outgoing,39
10006,1754,outandin,2
10006,1776,outandin,1
10006,1825,outandin,1
10006,1867,outandin,1
10006,1929,outgoing,5
10006,1941,outgoing,33
10006,1974,outgoing,12
10006,1987,outgoing,5
10006,2008,outandin,1
10006,2042,outgoing,17
10006,2115,outgoing,1
10006,2207,outandin,1
10006,2212,outgoing,1
10006,2446,outandin,1
10006,2500,outgoing,5
10006,2516,outgoing,4
10006,2537,outgoing,1
10006,2694,outandin,2
10006,2735,outgoing,9
10006,2776,outandin,3
10006,2851,outgoing,3
10006,2856,outgoing,9
10006,2922,outgoing,5
10006,3063,outgoing,5
10006,3089,outgoing,1
10006,3090,outgoing,7
10006,3169,outandin,1
10006,3365,outgoing,1
10006,3570,outgoing,19
10006,3620,outgoing,6
10006,3639,outandin,1
10006,3710,outandin,1
10006,3724,outgoing,1
10006,3785,outgoing,5
10006,3795,outandin,1
10006,3857,outgoing,11
10006,3861,outgoing,5
10006,3865,outgoing,30
10006,3953,outandin,5
10006,3962,outandin,4
10006,4036,outgoing,1
10006,4075,outandin,2
10006,4241,outgoing,21
10006,4245,outgoing,1
10006,4346,outandin,4
10006,4440,outgoing,5
10006,4477,outgoing,6
10006,4508,outgoing,9
10006,4518,outgoing,9
10006,4626,outgoing,2
10006,4632,outgoing,30
10006,4836,outgoing,22
10006,4874,outandin,1
10006,4884,outandin,11
10006,4907,outgoing,2
10006,4951,outgoing,7
10006,5027,outgoing,8
10006,5208,outandin,1
10006,5385,outgoing,5
10006,5401,outgoing,28
10006,5441,outandin,2
10006,5461,outandin,1
10006,5575,outgoing,2
10006,5634,outandin,2
10006,5639,outgoing,8
10006,5663,outgoing,7
10006,5747,outgoing,4
10006,5784,outgoing,8
10006,5892,outgoing,1
10006,5914,outandin,2
10006,5931,outandin,1
10006,5933,outandin,4
10006,6017,outgoing,3
10006,6051,outgoing,3
10006,6056,outgoing,7
10006,6062,outandin,2
10006,6064,outgoing,3
10006,6122,outgoing,7
10006,6183,outgoing,36
10006,6199,outgoing,7
10006,6244,outgoing,17
10006,6272,outandin,2
10006,6312,outgoing,33
10006,6337,outgoing,8
10006,6341,outandin,1
10006,6420,outandin,2
10006,6525,outgoing,1
10006,6536,outgoing,1
10006,6544,outgoing,22
10006,6552,outgoing,4
10006,6604,outandin,2
10006,6659,outgoing,2
10006,6698,outandin,1
10006,6708,outgoing,6
10006,6729,outgoing,2
10006,6778,outgoing,2
10006,6923,outgoing,2
10006,6945,outgoing,1
10006,6955,outgoing,1
10006,7100,outgoing,20
10006,7134,outgoing,10
10006,7145,outgoing,10
10006,7178,outgoing,1
10006,7213,outgoing,9
10006,7324,outgoing,2
10006,7334,outgoing,6
10006,7354,outandin,1
10006,7391,outandin,1
10006,7421,outgoing,4
10006,7456,outgoing,5
10006,7498,outgoing,3
10006,7519,outgoing,2
10006,7554,outgoing,6
10006,7655,outandin,1
10006,7661,outandin,3
10006,7685,outgoing,4
10006,7900,outandin,2
10006,7978,outandin,2
10006,7982,outgoing,4
10006,8007,outgoing,6
10006,8014,outgoing,7
10006,8056,outandin,14
10006,8113,outgoing,15
10006,8143,outandin,1
10006,8160,outandin,9
10006,8181,outgoing,3
10006,8186,outgoing,12
10006,8188,outandin,1
10006,8201,outandin,3
10006,8205,outandin,1
10006,8206,outgoing,3
10006,8216,outgoing,5
10006,8274,outandin,1
10006,8401,outgoing,4
10006,8514,outgoing,1
10006,8552,outgoing,5
10006,8558,outgoing,11
10006,8571,outgoing,11
10006,8728,outgoing,2
10006,8830,outgoing,8
10006,8870,outandin,1
10006,8945,outgoing,5
10006,9023,outgoing,4
10006,9122,outgoing,2
10006,9135,outgoing,7
10006,9192,outandin,1
10006,9234,outgoing,10
10006,9316,outgoing,4
10006,9329,outgoing,1
10006,9346,outgoing,3
10006,9448,outandin,30
10006,9460,outandin,5
10006,9478,outandin,1
10006,9495,outandin,1
10006,9511,outgoing,2
10006,9551,outandin,1
10006,9568,outgoing,55
10006,9606,outandin,8
10006,9614,outgoing,15
10006,9625,outgoing,1
10006,9706,outandin,15
10006,9742,outgoing,1
10006,9852,outandin,1
10006,9895,outgoing,2
10006,9910,outandin,3
10006,9918,outandin,1
10006,9924,outgoing,8
10006,9950,outandin,1
10006,9962,outandin,1
10006,9998,outandin,1
10077,171,outgoing,3
10077,185,outandin,1
10077,247,outandin,3
10077,359,outgoing,1
10077,408,outgoing,4
10077,415,outandin,4
10077,469,outgoing,2
10077,549,outgoing,3
10077,605,outandin,1
10077,643,outgoing,15
10077,651,outgoing,4
10077,653,outgoing,3
10077,720,outgoing,1
10077,764,outgoing,1
10077,811,outgoing,13
10077,840,outgoing,5
10077,842,outandin,2
10077,964,outandin,1
10077,1008,outandin,1
10077,1094,outandin,3
10077,1114,outandin,2
10077,1185,outgoing,2
10077,1194,outandin,2
10077,1218,outgoing,1
10077,1270,outgoing,7
10077,1284,outandin,2
10077,1390,outgoing,1
10077,1471,outandin,1
10077,1510,outgoing,7
10077,1511,outgoing,1
10077,1594,outgoing,3
10077,1723,outandin,4
10077,1774,outgoing,1
10077,1947,outandin,1
10077,1976,outandin,3
10077,1995,outandin,1
10077,2098,outgoing,20
10077,2196,outgoing,2
10077,2261,outgoing,1
10077,2321,outgoing,5
10077,2378,outgoing,1
10077,2481,outgoing,2
10077,2490,outgoing,2
10077,2539,outandin,1
10077,2590,outgoing,2
10077,2766,outgoing,29
10077,2860,outgoing,5
10077,2924,outandin,4
10077,3020,outgoing,1
10077,3103,outandin,6
10077,3125,outandin,11
10077,3186,outgoing,3
10077,3271,outgoing,1
10077,3336,outgoing,27
10077,3436,outgoing,11
10077,3448,outandin,1
10077,3452,outgoing,1
10077,3453,outandin,2
10077,3462,outandin,4
10077,3537,outandin,5
10077,3548,outgoing,1
10077,3649,outgoing,4
10077,3700,outgoing,11
10077,3723,outandin,3
10077,3732,outandin,1
10077,3747,outandin,1
10077,3750,outgoing,3
10077,3790,outandin,1
10077,3793,outandin,3
10077,3855,outgoing,4
10077,3873,outgoing,2
10077,4019,outandin,1
10077,4047,outgoing,1
10077,4119,outandin,1
10077,4127,outandin,1
10077,4139,outandin,2
10077,4206,outgoing,4
10077,4242,outandin,1
10077,4281,outgoing,12
10077,4361,outgoing,4
10077,4367,outgoing,5
10077,4415,outgoing,6
10077,4532,outgoing,1
10077,4687,outgoing,12
10077,4748,outgoing,1
10077,4791,outandin,2
10077,4797,outgoing,9
10077,4816,outgoing,17
10077,4960,outgoing,2
10077,4989,outgoing,7
10077,5051,outandin,1
10077,5290,outandin,4
10077,5495,outandin,1
10077,5507,outandin,3
10077,5562,outandin,4
10077,5677,outgoing,9
10077,5744,outgoing,8
10077,5802,outgoing,4
10077,5855,outgoing,1
10077,5876,outandin,3
10077,5877,outgoing,1
10077,5935,outandin,1
10077,5977,outgoing,1
10077,6054,outgoing,2
10077,6146,outgoing,1
10077,6159,outgoing,2
10077,6169,outandin,1
10077,6319,outandin,1
10077,6337,outandin,1
10077,6354,outandin,1
10077,6433,outandin,1
10077,6458,outgoing,2
10077,6515,outgoing,3
10077,6538,outandin,2
10077,6549,outgoing,1
10077,6582,outandin,1
10077,6657,outgoing,3
10077,6670,outgoing,4
10077,6693,outandin,2
10077,6742,outandin,2
10077,6747,outandin,2
10077,6752,outgoing,1
10077,6802,outgoing,1
10077,6880,outandin,1
10077,6940,outandin,3
10077,7028,outgoing,7
10077,7310,outandin,2
10077,7316,outandin,2
10077,7327,outgoing,1
10077,7392,outgoing,5
10077,7465,outgoing,1
10077,7521,outgoing,3
10077,7604,outgoing,3
10077,7716,outgoing,22
10077,7722,outgoing,3
10077,7771,outandin,2
10077,7794,outandin,13
10077,7827,outgoing,8
10077,7841,outgoing,1
10077,7893,outandin,1
10077,7938,outandin,3
10077,7948,outgoing,2
10077,8003,outgoing,5
10077,8013,outgoing,32
10077,8205,outgoing,3
10077,8206,outgoing,1
10077,8236,outgoing,6
10077,8450,outandin,1
10077,8532,outandin,1
10077,8542,outandin,7
10077,8718,outgoing,7
10077,8867,outgoing,2
10077,8876,outgoing,2
10077,8879,outgoing,10
10077,8880,outandin,1
10077,8922,outgoing,6
10077,9119,outgoing,3
10077,9222,outandin,1
10077,9264,outandin,7
10077,9285,outgoing,1
10077,9313,outgoing,14
10077,9438,outgoing,12
10077,9450,outandin,1
10077,9489,outgoing,2
10077,9541,outgoing,13
10077,9584,outgoing,25
10077,9636,outandin,1
10077,9643,outgoing,1
10077,9653,outgoing,1
10077,9788,outgoing,19
10077,9820,outgoing,3
10077,9911,outgoing,25
10077,9920,outgoing,2
10077,9936,outandin,1
10077,9949,outandin,1
10077,9973,outandin,2
10077,9982,outandin,1
10077,9995,outandin,29
10017,53,outandin,1
10017,61,outandin,1
10017,75,outgoing,3
10017,105,outgoing,3
10017,146,outgoing,32
10017,164,outandin,1
10017,196,outgoing,1
10017,264,outandin,1
10017,279,outgoing,4
10017,335,outandin,2
10017,391,outandin,1
10017,410,outandin,2
10017,455,outandin,1
10017,483,outgoing,4
10017,527,outandin,2
10017,541,outgoing,1
10017,589,outandin,1
10017,632,outandin,3
10017,646,outgoing,1
10017,659,outgoing,1
10017,705,outgoing,1
10017,724,outgoing,21
10017,739,outgoing,57
10017,767,outgoing,121
10017,842,outandin,1
10017,875,outandin,1
10017,1003,outgoing,52
10017,1053,outgoing,28
10017,1064,outandin,1
10017,1110,outandin,1
10017,1156,outandin,2
10017,1172,outgoing,1
10017,1238,outgoing,1
10017,1248,outandin,2
10017,1263,outgoing,1
10017,1281,outandin,1
10017,1287,outgoing,9
10017,1289,outandin,2
10017,1435,outgoing,2
10017,1529,outandin,1
10017,1684,outandin,1
10017,1698,outgoing,2
10017,1740,outandin,3
10017,1754,outandin,1
10017,1779,outandin,1
10017,1785,outandin,1
10017,1791,outandin,2
10017,1794,outgoing,2
10017,1840,outgoing,28
10017,1935,outandin,1
10017,1979,outgoing,4
10017,1987,outgoing,1
10017,2010,outandin,1
10017,2055,outandin,3
10017,2075,outgoing,4
10017,2173,outgoing,4
10017,2293,outgoing,6
10017,2313,outgoing,17
10017,2384,outgoing,5
10017,2391,outandin,4
10017,2508,outandin,1
10017,2564,outandin,1
10017,2642,outgoing,10
10017,2643,outandin,1
10017,2673,outandin,1
10017,2731,outgoing,6
10017,2744,outgoing,1
10017,2819,outgoing,13
10017,2888,outgoing,1
10017,2913,outandin,1
10017,2990,outgoing,1
10017,3040,outandin,3
10017,3123,outgoing,2
10017,3153,outandin,1
10017,3198,outandin,1
10017,3305,outandin,1
10017,3451,outandin,1
10017,3511,outgoing,2
10017,3583,outgoing,1
10017,3611,outgoing,6
10017,3637,outandin,4
10017,3725,outgoing,1
10017,3773,outgoing,9
10017,3795,outandin,1
10017,3841,outgoing,2
10017,3953,outandin,1
10017,4057,outandin,1
10017,4068,outgoing,5
10017,4101,outandin,1
10017,4109,outandin,1
10017,4121,outandin,1
10017,4289,outandin,2
10017,4446,outgoing,8
10017,4484,outgoing,1
10017,4486,outandin,1
10017,4678,outgoing,7
10017,4683,outandin,1
10017,4693,outandin,1
10017,4906,outgoing,1
10017,4971,outandin,1
10017,5219,outgoing,2
10017,5331,outandin,1
10017,5369,outgoing,49
10017,5504,outgoing,1
10017,5548,outgoing,10
10017,5551,outgoing,19
10017,5585,outgoing,4
10017,5767,outandin,1
10017,5822,outgoing,1
10017,5825,outgoing,5
10017,5833,outandin,1
10017,5856,outandin,1
10017,5871,outgoing,2
10017,5931,outandin,11
10017,5995,outandin,1
10017,6043,outgoing,9
10017,6063,outgoing,2
10017,6079,outgoing,17
10017,6099,outandin,1
10017,6221,outandin,1
10017,6359,outgoing,2
10017,6403,outgoing,6
10017,6463,outandin,1
10017,6464,outandin,5
10017,6475,outandin,1
10017,6498,outgoing,7
10017,6588,outgoing,8
10017,6644,outgoing,4
10017,6707,outgoing,3
10017,6716,outgoing,4
10017,6761,outandin,1
10017,6851,outgoing,12
10017,6884,outgoing,11
10017,6974,outgoing,14
10017,6989,outgoing,7
10017,7026,outgoing,2
10017,7046,outandin,1
10017,7051,outandin,4
10017,7085,outandin,1
10017,7091,outandin,1
10017,7107,outandin,9
10017,7179,outgoing,16
10017,7183,outgoing,14
10017,7265,outgoing,2
10017,7313,outandin,2
10017,7351,outandin,1
10017,7380,outgoing,4
10017,7399,outgoing,7
10017,7455,outandin,1
10017,7486,outandin,1
10017,7491,outgoing,4
10017,7498,outandin,1
10017,7538,outandin,1
10017,7539,outgoing,3
10017,7584,outgoing,9
10017,7618,outgoing,9
10017,7730,outgoing,5
10017,7909,outgoing,1
10017,7940,outgoing,8
10017,8000,outandin,1
10017,8002,outgoing,2
10017,8051,outgoing,54
10017,8055,outandin,1
10017,8076,outandin,1
10017,8101,outandin,1
10017,8166,outandin,1
10017,8178,outandin,3
10017,8179,outandin,3
10017,8181,outandin,1
10017,8191,outandin,1
10017,8246,outandin,1
10017,8256,outgoing,6
10017,8370,outandin,1
10017,8435,outandin,1
10017,8445,outandin,1
10017,8625,outgoing,8
10017,8633,outgoing,1
10017,8738,outgoing,2
10017,8796,outgoing,10
10017,8913,outandin,11
10017,8931,outgoing,6
10017,8979,outgoing,3
10017,9132,outgoing,10
10017,9202,outgoing,1
10017,9259,outgoing,20
10017,9318,outandin,1
10017,9353,outandin,1
10017,9389,outandin,2
10017,9473,outgoing,6
10017,9511,outandin,1
10017,9551,outandin,1
10017,9608,outandin,1
10017,9612,outgoing,3
10017,9700,outgoing,17
10017,9721,outgoing,320
10017,9732,outgoing,3
10017,9795,outgoing,5
10017,9861,outandin,1
10017,9886,outgoing,17
10017,9895,outandin,1
10017,9917,outgoing,35
10017,9928,outandin,2
10017,9962,outandin,2
10017,9965,outandin,1
10017,9969,outandin,1
10017,9991,outandin,32
10093,61,outandin,3
10093,75,outgoing,3
10093,80,outandin,1
10093,82,outandin,3
10093,123,outandin,1
10093,155,outandin,3
10093,158,outgoing,6
10093,164,outgoing,33
10093,193,outgoing,9
10093,234,outgoing,4
10093,242,outgoing,2
10093,264,outandin,1
10093,269,outgoing,2
10093,296,outgoing,1
10093,312,outandin,1
10093,328,outandin,1
10093,333,outgoing,10
10093,343,outandin,2
10093,394,outgoing,2
10093,398,outandin,1
10093,479,outgoing,21
10093,483,outgoing,4
10093,488,outgoing,3
10093,491,outgoing,7
10093,492,outandin,1
10093,497,outgoing,2
10093,518,outgoing,5
10093,543,outandin,4
10093,545,outandin,2
10093,549,outgoing,5
10093,596,outgoing,1
10093,602,outandin,2
10093,612,outandin,1
10093,646,outandin,1
10093,687,outandin,1
10093,719,outandin,1
10093,760,outgoing,6
10093,767,outandin,1
10093,770,outandin,2
10093,817,outgoing,2
10093,914,outandin,1
10093,951,outandin,1
10093,1001,outandin,1
10093,1039,outandin,1
10093,1056,outgoing,1
10093,1064,outandin,2
10093,1083,outandin,1
10093,1128,outandin,1
10093,1156,outandin,1
10093,1157,outgoing,5
10093,1219,outandin,1
10093,1222,outandin,1
10093,1238,outgoing,24
10093,1239,outgoing,27
10093,1291,outandin,1
10093,1322,outandin,1
10093,1327,outandin,1
10093,1367,outgoing,7
10093,1409,outandin,1
10093,1517,outgoing,21
10093,1527,outandin,3
10093,1540,outandin,2
10093,1553,outandin,1
10093,1589,outandin,1
10093,1613,outgoing,4
10093,1693,outgoing,2
10093,1705,outandin,1
10093,1776,outgoing,3
10093,1777,outandin,2
10093,1825,outandin,1
10093,1909,outgoing,2
10093,1919,outandin,1
10093,1935,outgoing,2
10093,1985,outandin,3
10093,2006,outgoing,11
10093,2008,outandin,1
10093,2044,outandin,1
10093,2076,outandin,1
10093,2086,outgoing,1
10093,2135,outgoing,2
10093,2159,outgoing,2
10093,2196,outandin,3
10093,2210,outgoing,1
10093,2289,outgoing,2
10093,2369,outandin,1
10093,2380,outandin,3
10093,2433,outandin,1
10093,2451,outgoing,1
10093,2492,outgoing,50
10093,2537,outgoing,1
10093,2612,outandin,1
10093,2656,outandin,1
10093,2718,outandin,1
10093,2737,outandin,1
10093,2855,outgoing,14
10093,2875,outgoing,2
10093,2882,outandin,2
10093,2904,outgoing,5
10093,2913,outgoing,5
10093,2990,outgoing,1
10093,3033,outandin,5
10093,3035,outgoing,1
10093,3046,outgoing,3
10093,3089,outgoing,1
10093,3100,outgoing,5
10093,3134,outgoing,6
10093,3137,outgoing,2
10093,3164,outandin,1
10093,3169,outgoing,1
10093,3174,outandin,1
10093,3188,outandin,2
10093,3242,outandin,1
10093,3316,outandin,1
10093,3362,outandin,2
10093,3365,outgoing,8
10093,3381,outgoing,4
10093,3410,outgoing,3
10093,3440,outgoing,1
10093,3454,outandin,1
10093,3461,outandin,1
10093,3594,outandin,1
10093,3604,outandin,1
10093,3656,outandin,5
10093,3682,outgoing,6
10093,3692,outgoing,1
10093,3722,outandin,3
10093,3742,outgoing,2
10093,3750,outandin,1
10093,3793,outandin,1
10093,3873,outgoing,37
10093,3874,outgoing,8
10093,3877,outgoing,2
10093,3941,outgoing,5
10093,3979,outandin,2
10093,3992,outgoing,1
10093,4065,outgoing,7
10093,4068,outandin,1
10093,4109,outgoing,2
10093,4117,outgoing,2
10093,4133,outgoing,3
10093,4139,outandin,1
10093,4194,outgoing,2
10093,4220,outandin,3
10093,4271,outandin,1
10093,4287,outandin,2
10093,4371,outandin,1
10093,4395,outandin,1
10093,4452,outgoing,1
10093,4534,outgoing,1
10093,4569,outandin,2
10093,4586,outgoing,4
10093,4636,outandin,1
10093,4674,outandin,1
10093,4695,outandin,1
10093,4706,outgoing,4
10093,4729,outgoing,3
10093,4850,outgoing,16
10093,4891,outandin,1
10093,4895,outandin,2
10093,4915,outandin,1
10093,4934,outgoing,2
10093,5031,outandin,4
10093,5044,outandin,1
10093,5063,outandin,2
10093,5067,outandin,2
10093,5111,outandin,1
10093,5132,outgoing,2
10093,5153,outandin,1
10093,5183,outgoing,10
10093,5192,outandin,1
10093,5201,outandin,2
10093,5206,outandin,2
10093,5214,outandin,3
10093,5219,outgoing,2
10093,5382,outandin,1
10093,5414,outgoing,1
10093,5448,outandin,1
10093,5495,outandin,3
10093,5580,outandin,2
10093,5613,outgoing,1
10093,5645,outandin,1
10093,5691,outandin,5
10093,5744,outandin,1
10093,5799,outandin,1
10093,5820,outandin,2
10093,5833,outandin,2
10093,5863,outandin,1
10093,5891,outandin,1
10093,5929,outandin,1
10093,5944,outgoing,2
10093,6016,outgoing,2
10093,6170,outandin,1
10093,6262,outgoing,1
10093,6268,outandin,1
10093,6354,outandin,1
10093,6359,outandin,1
10093,6369,outgoing,1
10093,6382,outgoing,1
10093,6387,outandin,1
10093,6395,outgoing,1
10093,6414,outandin,2
10093,6442,outandin,4
10093,6446,outandin,1
10093,6448,outandin,1
10093,6449,outandin,1
10093,6467,outandin,2
10093,6480,outgoing,2
10093,6577,outandin,2
10093,6582,outandin,2
10093,6585,outandin,1
10093,6629,outandin,1
10093,6669,outandin,2
10093,6680,outgoing,11
10093,6738,outandin,1
10093,6865,outandin,1
10093,6867,outandin,1
10093,6910,outgoing,9
10093,6935,outandin,3
10093,7080,outgoing,2
10093,7132,outandin,1
10093,7289,outgoing,1
10093,7295,outandin,1
10093,7326,outgoing,2
10093,7385,outgoing,2
10093,7470,outgoing,8
10093,7472,outandin,4
10093,7486,outandin,1
10093,7543,outgoing,4
10093,7691,outandin,1
10093,7818,outgoing,6
10093,7896,outgoing,3
10093,7971,outandin,1
10093,8034,outgoing,3
10093,8066,outandin,4
10093,8119,outandin,17
10093,8157,outgoing,1
10093,8206,outandin,1
10093,8226,outandin,1
10093,8256,outandin,1
10093,8263,outandin,1
10093,8267,outandin,1
10093,8334,outgoing,1
10093,8388,outandin,2
10093,8428,outgoing,3
10093,8435,outgoing,8
10093,8443,outandin,1
10093,8528,outandin,1
10093,8636,outandin,1
10093,8697,outandin,1
10093,8739,outgoing,1
10093,8828,outgoing,1
10093,8868,outgoing,4
10093,8870,outgoing,10
10093,8890,outandin,1
10093,8958,outgoing,1
10093,9002,outandin,1
10093,9068,outandin,1
10093,9081,outandin,1
10093,9157,outandin,1
10093,9213,outandin,3
10093,9215,outandin,1
10093,9242,outandin,1
10093,9244,outgoing,2
10093,9258,outgoing,10
10093,9260,outgoing,1
10093,9305,outandin,4
10093,9317,outandin,5
10093,9340,outgoing,8
10093,9450,outgoing,1
10093,9452,outandin,1
10093,9491,outgoing,2
10093,9511,outgoing,1
10093,9564,outgoing,16
10093,9575,outandin,1
10093,9590,outgoing,1
10093,9658,outgoing,8
10093,9750,outandin,2
10093,9761,outgoing,8
10093,9780,outandin,1
10093,9797,outandin,5
10093,9807,outandin,2
10093,9830,outandin,3
10093,9841,outgoing,41
10093,9847,outandin,1
10093,9856,outandin,1
10093,9865,outgoing,2
10093,9874,outgoing,1
10093,9884,outandin,2
10093,9885,outandin,2
10093,9891,outgoing,13
10093,9892,outandin,2
10093,9918,outgoing,1
10093,9920,outgoing,1
10093,9924,outandin,2
10093,9928,outandin,4
10093,9931,outgoing,54
10093,9936,outgoing,4
10093,9946,outandin,1
10093,9949,outandin,2
10093,9952,outandin,1
10093,9953,outandin,1
10093,9958,outandin,5
10093,9962,outandin,2
10093,9968,outandin,27
10093,9973,outandin,7
10093,9975,outandin,1
10093,9982,outandin,11
10093,9989,outandin,2
10093,9992,outandin,1
10149,303,outgoing,26
10149,393,outgoing,2
10149,491,outgoing,1
10149,530,outandin,1
10149,555,outgoing,565
10149,836,outgoing,12
10149,850,outgoing,20
10149,1214,outgoing,10
10149,1271,outgoing,14
10149,1451,outgoing,118
10149,1486,outgoing,19
10149,1588,outandin,1
10149,1644,outgoing,50
10149,1668,outgoing,13
10149,1725,outgoing,9
10149,1763,outandin,1
10149,1779,outgoing,5
10149,1800,outgoing,16
10149,1845,outgoing,4
10149,1869,outgoing,3
10149,1939,outgoing,17
10149,1940,outandin,3
10149,1975,outgoing,12
10149,2104,outandin,4
10149,2145,outgoing,3
10149,2223,outgoing,10
10149,2246,outgoing,23
10149,2407,outgoing,20
10149,2425,outgoing,64
10149,2504,outgoing,4
10149,2521,outgoing,77
10149,2576,outgoing,6
10149,2845,outandin,1
10149,2913,outandin,1
10149,2965,outgoing,3
10149,2996,outandin,2
10149,3040,outandin,5
10149,3063,outgoing,2
10149,3091,outgoing,21
10149,3298,outgoing,6
10149,3337,outgoing,1
10149,3374,outgoing,18
10149,3491,outgoing,1
10149,3711,outgoing,6
10149,3764,outgoing,14
10149,3795,outandin,1
10149,3832,outandin,1
10149,4013,outandin,4
10149,4054,outgoing,2
10149,4248,outgoing,4
10149,4499,outgoing,3
10149,4846,outgoing,2
10149,5060,outgoing,1
10149,5149,outandin,2
10149,5162,outgoing,18
10149,5164,outgoing,17
10149,5275,outgoing,16
10149,5339,outgoing,3
10149,5357,outgoing,18
10149,5362,outgoing,3
10149,5451,outgoing,17
10149,5479,outgoing,2
10149,5503,outgoing,4
10149,5591,outgoing,1
10149,5639,outgoing,11
10149,5832,outandin,1
10149,5930,outandin,3
10149,6103,outgoing,1
10149,6209,outgoing,1
10149,6815,outgoing,16
10149,6819,outgoing,4
10149,6837,outgoing,7
10149,6870,outgoing,1
10149,6892,outandin,2
10149,6925,outgoing,5
10149,6926,outgoing,10
10149,6949,outgoing,3
10149,7001,outgoing,17
10149,7013,outgoing,10
10149,7055,outgoing,5
10149,7332,outgoing,1
10149,7429,outgoing,15
10149,7647,outgoing,2
10149,7723,outgoing,6
10149,7732,outgoing,6
10149,7735,outgoing,12
10149,8066,outandin,2
10149,8076,outandin,1
10149,8079,outgoing,1
10149,8092,outgoing,82
10149,8102,outgoing,39
10149,8370,outandin,3
10149,8450,outgoing,3
10149,8691,outgoing,14
10149,8749,outgoing,6
10149,8894,outandin,21
10149,9039,outgoing,28
10149,9071,outgoing,6
10149,9242,outandin,2
10149,9329,outandin,1
10149,9358,outgoing,11
10149,9433,outgoing,4
10149,9518,outgoing,2
10149,9536,outgoing,7
10149,9551,outandin,2
10149,9696,outgoing,11
10149,9884,outandin,1
10149,9989,outandin,2
10147,71,outandin,1
10147,92,outgoing,3
10147,268,outgoing,1
10147,325,outgoing,1
10147,328,outgoing,2
10147,444,outandin,1
10147,463,outgoing,11
10147,489,outgoing,6
10147,514,outgoing,7
10147,574,outgoing,14
10147,685,outgoing,5
10147,786,outgoing,2
10147,796,outandin,1
10147,826,outgoing,14
10147,944,outgoing,2
10147,963,outgoing,22
10147,970,outgoing,6
10147,982,outgoing,8
10147,984,outgoing,2
10147,994,outandin,1
10147,1015,outgoing,12
10147,1032,outgoing,11
10147,1062,outandin,2
10147,1086,outgoing,7
10147,1181,outgoing,13
10147,1190,outgoing,1
10147,1199,outgoing,1
10147,1260,outandin,1
10147,1264,outandin,1
10147,1340,outgoing,3
10147,1352,outgoing,6
10147,1363,outgoing,7
10147,1460,outgoing,17
10147,1569,outandin,1
10147,1609,outgoing,5
10147,1621,outgoing,2
10147,1638,outgoing,22
10147,1909,outandin,2
10147,2227,outandin,1
10147,2255,outandin,1
10147,2276,outgoing,4
10147,2391,outandin,1
10147,2701,outgoing,9
10147,2723,outandin,1
10147,2759,outgoing,4
10147,2810,outandin,1
10147,2852,outandin,1
10147,2948,outandin,1
10147,2969,outandin,1
10147,2985,outandin,1
10147,3041,outgoing,4
10147,3158,outandin,1
10147,3176,outandin,2
10147,3196,outgoing,5
10147,3314,outandin,3
10147,3495,outgoing,2
10147,3577,outgoing,56
10147,3589,outgoing,2
10147,3890,outgoing,3
10147,3897,outgoing,2
10147,3963,outandin,3
10147,3975,outandin,1
10147,4172,outgoing,8
10147,4236,outgoing,5
10147,4393,outgoing,1
10147,4424,outgoing,4
10147,4433,outgoing,1
10147,4437,outandin,1
10147,4459,outgoing,27
10147,4514,outgoing,15
10147,4725,outgoing,8
10147,4852,outgoing,2
10147,4928,outgoing,1
10147,5007,outgoing,2
10147,5088,outgoing,16
10147,5092,outandin,1
10147,5117,outgoing,15
10147,5151,outandin,2
10147,5255,outgoing,14
10147,5454,outgoing,9
10147,5481,outgoing,4
10147,5806,outgoing,14
10147,5828,outgoing,8
10147,5856,outandin,2
10147,5870,outgoing,1
10147,5886,outgoing,15
10147,6018,outgoing,5
10147,6049,outgoing,31
10147,6211,outgoing,13
10147,6412,outgoing,10
10147,6538,outgoing,6
10147,6564,outgoing,11
10147,6566,outgoing,3
10147,6674,outgoing,5
10147,6710,outgoing,1
10147,6713,outgoing,9
10147,6786,outgoing,12
10147,6846,outandin,2
10147,7155,outgoing,2
10147,7235,outgoing,14
10147,7341,outgoing,5
10147,7380,outgoing,2
10147,7422,outandin,1
10147,7437,outgoing,7
10147,7470,outgoing,1
10147,7563,outgoing,4
10147,7567,outgoing,11
10147,7589,outgoing,6
10147,7610,outgoing,7
10147,7993,outgoing,20
10147,7994,outgoing,7
10147,8221,outgoing,15
10147,8243,outgoing,15
10147,8277,outgoing,9
10147,8680,outgoing,1
10147,8798,outandin,1
10147,8825,outandin,3
10147,9102,outandin,1
10147,9110,outgoing,14
10147,9318,outgoing,12
10147,9482,outgoing,5
10147,9528,outandin,1
10147,9538,outandin,4
10147,9609,outandin,1
10147,9628,outgoing,30
10147,9723,outgoing,27
10147,9730,outandin,1
10147,9750,outandin,5
10147,9808,outgoing,17
10147,9810,outgoing,9
10147,9894,outandin,2
10147,9938,outgoing,15
10147,9965,outandin,1
10147,9989,outandin,2
10087,150,outgoing,7
10087,225,outgoing,8
10087,250,outgoing,3
10087,316,outgoing,6
10087,366,outgoing,7
10087,504,outgoing,8
10087,575,outgoing,3
10087,642,outgoing,4
10087,838,outgoing,6
10087,852,outgoing,6
10087,1049,outgoing,8
10087,1055,outgoing,10
10087,1071,outgoing,5
10087,1089,outgoing,5
10087,1223,outgoing,8
10087,1502,outgoing,5
10087,1525,outgoing,5
10087,1579,outgoing,5
10087,1617,outgoing,7
10087,1660,outgoing,6
10087,1669,outgoing,7
10087,2001,outgoing,1
10087,2154,outgoing,4
10087,2217,outgoing,6
10087,2506,outgoing,9
10087,2570,outgoing,4
10087,2579,outgoing,6
10087,2677,outgoing,5
10087,2693,outgoing,8
10087,2756,outgoing,2
10087,2831,outgoing,10
10087,2896,outgoing,4
10087,2952,outgoing,3
10087,2976,outgoing,7
10087,2979,outgoing,2
10087,3213,outgoing,7
10087,3215,outgoing,6
10087,3441,outgoing,2
10087,3879,outgoing,11
10087,3974,outgoing,6
10087,4061,outgoing,3
10087,4073,outgoing,8
10087,4175,outgoing,6
10087,4233,outgoing,7
10087,4303,outgoing,6
10087,4326,outgoing,7
10087,4520,outgoing,5
10087,4525,outgoing,7
10087,4541,outgoing,5
10087,4542,outgoing,8
10087,4548,outgoing,7
10087,4579,outgoing,6
10087,4647,outgoing,6
10087,4667,outgoing,7
10087,4728,outgoing,3
10087,4738,outgoing,6
10087,4776,outgoing,6
10087,4954,outgoing,10
10087,5045,outgoing,9
10087,5225,outgoing,4
10087,5247,outgoing,7
10087,5766,outgoing,4
10087,6015,outgoing,5
10087,7357,outgoing,2
10087,7853,outandin,6
10087,8147,outgoing,4
10087,8793,outgoing,7
10087,8885,outgoing,2
10087,8940,outgoing,7
10087,9208,outgoing,9
10087,9362,outgoing,12
10087,9391,outgoing,5
10087,9985,outandin,1
10025,39,outgoing,8
10025,90,outandin,1
10025,132,outandin,1
10025,168,outgoing,4
10025,172,outandin,1
10025,243,outgoing,9
10025,294,outandin,1
10025,323,outandin,1
10025,339,outandin,1
10025,341,outgoing,2
10025,349,outandin,3
10025,420,outgoing,4
10025,501,outgoing,1
10025,552,outgoing,2
10025,554,outgoing,1
10025,579,outgoing,5
10025,632,outandin,1
10025,754,outandin,1
10025,785,outandin,1
10025,811,outandin,1
10025,934,outandin,1
10025,1000,outandin,6
10025,1088,outgoing,1
10025,1092,outandin,2
10025,1097,outandin,5
10025,1100,outgoing,9
10025,1105,outandin,1
10025,1264,outandin,1
10025,1265,outgoing,1
10025,1342,outgoing,10
10025,1406,outandin,2
10025,1448,outandin,2
10025,1580,outgoing,4
10025,1625,outandin,3
10025,1649,outandin,1
10025,1768,outgoing,3
10025,1827,outgoing,3
10025,1881,outgoing,6
10025,2196,outandin,1
10025,2256,outandin,2
10025,2267,outgoing,3
10025,2351,outandin,1
10025,2459,outgoing,1
10025,2488,outandin,2
10025,2508,outandin,1
10025,2509,outgoing,4
10025,2622,outgoing,3
10025,2663,outgoing,1
10025,2737,outgoing,3
10025,2992,outandin,1
10025,3014,outgoing,5
10025,3144,outgoing,4
10025,3153,outandin,1
10025,3249,outandin,1
10025,3276,outgoing,3
10025,3409,outandin,3
10025,3504,outgoing,1
10025,3720,outgoing,3
10025,3792,outandin,1
10025,3801,outgoing,4
10025,3830,outgoing,2
10025,3831,outgoing,3
10025,3843,outgoing,2
10025,3862,outandin,1
10025,3993,outgoing,5
10025,4002,outandin,1
10025,4057,outgoing,19
10025,4103,outgoing,2
10025,4105,outgoing,2
10025,4207,outgoing,2
10025,4230,outandin,1
10025,4231,outgoing,1
10025,4286,outandin,1
10025,4321,outgoing,6
10025,4373,outandin,1
10025,4486,outgoing,4
10025,4527,outgoing,13
10025,4593,outgoing,5
10025,4607,outandin,1
10025,4664,outgoing,4
10025,4953,outandin,2
10025,5072,outgoing,3
10025,5158,outgoing,2
10025,5208,outgoing,7
10025,5331,outgoing,4
10025,5388,outandin,3
10025,5526,outgoing,1
10025,5570,outandin,2
10025,5790,outandin,1
10025,5883,outandin,1
10025,5913,outgoing,1
10025,5975,outgoing,6
10025,6008,outandin,3
10025,6010,outgoing,1
10025,6033,outandin,2
10025,6120,outandin,1
10025,6264,outgoing,1
10025,6321,outandin,1
10025,6491,outgoing,2
10025,6543,outgoing,1
10025,6629,outandin,1
10025,6643,outgoing,7
10025,6665,outgoing,7
10025,6693,outandin,4
10025,6740,outandin,2
10025,6763,outgoing,1
10025,6768,outandin,1
10025,6836,outandin,1
10025,6847,outandin,1
10025,6880,outandin,1
10025,6901,outandin,1
10025,7050,outandin,1
10025,7084,outgoing,4
10025,7094,outandin,1
10025,7342,outgoing,2
10025,7343,outgoing,1
10025,7367,outandin,4
10025,7383,outgoing,3
10025,7444,outandin,1
10025,7571,outandin,3
10025,7651,outandin,36
10025,7825,outgoing,4
10025,7933,outgoing,7
10025,8216,outandin,2
10025,8476,outgoing,3
10025,8580,outgoing,2
10025,8620,outgoing,7
10025,8650,outandin,1
10025,8721,outgoing,1
10025,8733,outandin,1
10025,8865,outandin,1
10025,9102,outandin,1
10025,9249,outgoing,1
10025,9350,outandin,1
10025,9511,outandin,1
10025,9624,outandin,1
10025,9856,outandin,1
10025,9860,outandin,8
10091,61,outandin,14
10091,62,outandin,2
10091,144,outandin,1
10091,164,outandin,1
10091,171,outgoing,2
10091,231,outandin,1
10091,416,outandin,1
10091,451,outgoing,8
10091,528,outandin,1
10091,584,outandin,9
10091,596,outgoing,1
10091,647,outgoing,9
10091,651,outgoing,1
10091,686,outandin,1
10091,710,outandin,3
10091,711,outgoing,2
10091,764,outgoing,10
10091,774,outgoing,10
10091,941,outgoing,3
10091,960,outandin,2
10091,973,outgoing,6
10091,1014,outandin,2
10091,1026,outandin,1
10091,1079,outandin,1
10091,1125,outgoing,2
10091,1128,outgoing,2
10091,1144,outgoing,7
10091,1164,outandin,1
10091,1185,outgoing,8
10091,1194,outandin,1
10091,1238,outandin,11
10091,1245,outgoing,6
10091,1311,outandin,2
10091,1373,outgoing,1
10091,1520,outandin,1
10091,1613,outandin,1
10091,1890,outandin,1
10091,1947,outandin,1
10091,2040,outandin,1
10091,2237,outandin,1
10091,2650,outandin,1
10091,2724,outgoing,1
10091,2737,outandin,1
10091,2843,outgoing,14
10091,2869,outgoing,2
10091,2934,outgoing,1
10091,2957,outgoing,1
10091,3013,outandin,2
10091,3106,outgoing,2
10091,3209,outandin,1
10091,3247,outandin,3
10091,3255,outandin,1
10091,3336,outandin,1
10091,3389,outgoing,1
10091,3398,outgoing,6
10091,3418,outandin,1
10091,3452,outgoing,3
10091,3453,outandin,1
10091,3473,outandin,2
10091,3486,outandin,1
10091,3540,outgoing,6
10091,3548,outandin,1
10091,3706,outgoing,3
10091,3979,outandin,3
10091,4011,outandin,1
10091,4022,outgoing,4
10091,4057,outandin,1
10091,4095,outandin,1
10091,4152,outandin,1
10091,4174,outandin,7
10091,4260,outandin,1
10091,4285,outandin,2
10091,4359,outgoing,4
10091,4364,outgoing,4
10091,4517,outgoing,12
10091,4559,outandin,2
10091,4586,outgoing,1
10091,4614,outgoing,4
10091,4638,outandin,1
10091,4815,outandin,3
10091,4819,outgoing,8
10091,4900,outandin,4
10091,4904,outgoing,1
10091,5111,outandin,1
10091,5177,outandin,2
10091,5283,outgoing,1
10091,5325,outandin,1
10091,5349,outgoing,5
10091,5388,outgoing,14
10091,5557,outandin,1
10091,5709,outgoing,5
10091,5744,outandin,1
10091,5873,outgoing,1
10091,5935,outandin,1
10091,6012,outgoing,4
10091,6100,outgoing,1
10091,6259,outgoing,1
10091,6499,outandin,1
10091,6511,outgoing,5
10091,6644,outandin,1
10091,6649,outgoing,1
10091,6657,outgoing,3
10091,6711,outgoing,3
10091,6841,outgoing,1
10091,7039,outandin,2
10091,7053,outgoing,2
10091,7119,outgoing,4
10091,7169,outgoing,2
10091,7260,outandin,1
10091,7604,outgoing,4
10091,7688,outandin,1
10091,7711,outgoing,7
10091,7744,outandin,13
10091,7814,outandin,2
10091,7815,outandin,1
10091,7841,outgoing,6
10091,7863,outgoing,4
10091,7948,outgoing,1
10091,7950,outgoing,10
10091,7962,outandin,2
10091,7966,outgoing,2
10091,8034,outandin,1
10091,8141,outandin,2
10091,8151,outandin,1
10091,8205,outgoing,3
10091,8263,outandin,1
10091,8426,outandin,1
10091,8496,outgoing,1
10091,8542,outandin,2
10091,8570,outgoing,6
10091,8657,outandin,2
10091,8794,outandin,1
10091,8810,outgoing,2
10091,8867,outgoing,9
10091,8876,outgoing,1
10091,8883,outgoing,13
10091,9034,outandin,2
10091,9093,outgoing,14
10091,9174,outgoing,5
10091,9244,outgoing,1
10091,9285,outandin,3
10091,9489,outgoing,18
10091,9528,outandin,2
10091,9535,outandin,1
10091,9547,outandin,4
10091,9635,outgoing,2
10091,9681,outgoing,3
10091,9780,outandin,15
10091,9877,outgoing,3
10091,9936,outandin,4
10091,9949,outandin,2
10091,9973,outandin,5
10091,9975,outandin,1
10091,9977,outandin,3
10091,9982,outandin,6
10105,61,outandin,1
10105,100,outandin,1
10105,594,outgoing,3
10105,724,outandin,2
10105,1348,outandin,1
10105,1529,outandin,1
10105,1620,outgoing,6
10105,1706,outandin,1
10105,1969,outgoing,7
10105,1985,outandin,1
10105,2075,outgoing,2
10105,2311,outgoing,1
10105,2369,outgoing,1
10105,2615,outgoing,1
10105,2654,outgoing,2
10105,2913,outgoing,2
10105,2959,outgoing,7
10105,3057,outandin,1
10105,3317,outandin,2
10105,3431,outgoing,7
10105,3456,outandin,1
10105,3620,outandin,1
10105,3921,outgoing,19
10105,4054,outgoing,4
10105,4556,outandin,1
10105,4844,outgoing,1
10105,4867,outandin,3
10105,5190,outgoing,14
10105,5194,outandin,2
10105,5205,outgoing,10
10105,5215,outgoing,16
10105,5234,outgoing,8
10105,5254,outgoing,22
10105,5299,outandin,7
10105,5302,outgoing,7
10105,5355,outgoing,8
10105,5395,outgoing,12
10105,5422,outgoing,1
10105,5566,outgoing,15
10105,5592,outgoing,10
10105,5625,outgoing,21
10105,5644,outgoing,22
10105,5688,outgoing,23
10105,5745,outandin,8
10105,5767,outgoing,6
10105,5774,outgoing,9
10105,5843,outgoing,14
10105,6123,outandin,2
10105,6302,outandin,2
10105,6328,outgoing,1
10105,6415,outandin,1
10105,6551,outgoing,49
10105,6668,outgoing,1
10105,6769,outandin,1
10105,6837,outgoing,1
10105,6838,outgoing,7
10105,6854,outgoing,26
10105,6860,outgoing,2
10105,6863,outgoing,8
10105,6883,outgoing,10
10105,6886,outgoing,27
10105,6890,outgoing,27
10105,6903,outandin,4
10105,6922,outgoing,34
10105,6928,outgoing,8
10105,6941,outgoing,11
10105,6943,outgoing,16
10105,6957,outgoing,4
10105,6976,outgoing,97
10105,6984,outgoing,1
10105,7023,outgoing,12
10105,7046,outandin,1
10105,7092,outgoing,12
10105,7102,outgoing,8
10105,7365,outandin,1
10105,7599,outandin,1
10105,7622,outgoing,7
10105,7626,outgoing,5
10105,7629,outgoing,7
10105,7653,outgoing,27
10105,7682,outgoing,5
10105,7689,outgoing,5
10105,7698,outgoing,3
10105,7699,outgoing,3
10105,7707,outgoing,10
10105,7708,outgoing,10
10105,7860,outandin,1
10105,8040,outandin,1
10105,8049,outgoing,1
10105,8098,outandin,1
10105,8104,outgoing,7
10105,8142,outgoing,1
10105,8484,outandin,3
10105,8628,outgoing,55
10105,8914,outandin,6
10105,8934,outgoing,9
10105,9025,outgoing,21
10105,9136,outgoing,5
10105,9289,outandin,1
10105,9290,outgoing,17
10105,9436,outandin,1
10105,9585,outgoing,36
10105,9875,outandin,1
10105,9902,outgoing,6
10105,9910,outandin,4
10105,9914,outgoing,21
10105,9969,outandin,3
10196,383,outandin,1
10196,463,outgoing,94
10196,650,outgoing,10
10196,712,outgoing,6
10196,963,outgoing,1
10196,1162,outgoing,24
10196,1199,outgoing,3
10196,1566,outgoing,19
10196,1569,outandin,1
10196,1743,outgoing,1
10196,1785,outandin,1
10196,1845,outandin,2
10196,1926,outandin,2
10196,1955,outandin,24
10196,2227,outandin,1
10196,2245,outgoing,7
10196,2310,outgoing,1
10196,2319,outgoing,9
10196,2369,outandin,2
10196,2388,outgoing,1
10196,2391,outandin,3
10196,2466,outgoing,21
10196,2470,outandin,6
10196,2496,outgoing,76
10196,2505,outandin,6
10196,2539,outgoing,8
10196,2564,outgoing,2
10196,2572,outgoing,11
10196,2627,outgoing,6
10196,2633,outgoing,16
10196,2698,outgoing,1
10196,2810,outandin,1
10196,2863,outgoing,27
10196,2964,outgoing,3
10196,2967,outgoing,8
10196,3050,outgoing,80
10196,3060,outgoing,3
10196,3075,outgoing,9
10196,3131,outgoing,6
10196,3158,outgoing,1
10196,3164,outandin,1
10196,3388,outgoing,2
10196,3473,outandin,1
10196,3502,outandin,1
10196,3599,outgoing,6
10196,3617,outgoing,3
10196,3694,outgoing,4
10196,3791,outgoing,41
10196,4312,outgoing,23
10196,4540,outgoing,7
10196,4626,outandin,1
10196,4655,outgoing,4
10196,4795,outgoing,4
10196,5416,outandin,1
10196,5430,outgoing,6
10196,5489,outgoing,6
10196,5530,outgoing,1
10196,5580,outgoing,4
10196,5930,outandin,2
10196,6063,outgoing,3
10196,6093,outgoing,2
10196,6180,outgoing,4
10196,6200,outandin,1
10196,6242,outandin,3
10196,6262,outgoing,1
10196,6287,outgoing,14
10196,6500,outgoing,10
10196,6612,outandin,1
10196,6674,outandin,3
10196,6690,outandin,1
10196,6710,outgoing,6
10196,6743,outgoing,5
10196,6979,outgoing,1
10196,6984,outgoing,1
10196,7480,outgoing,1
10196,7542,outgoing,15
10196,7620,outgoing,26
10196,7623,outandin,1
10196,7747,outgoing,16
10196,7913,outgoing,9
10196,7929,outandin,1
10196,8065,outgoing,8
10196,8319,outgoing,3
10196,8616,outandin,1
10196,8633,outandin,1
10196,8767,outgoing,8
10196,8811,outgoing,15
10196,8908,outgoing,25
10196,8932,outandin,1
10196,9201,outgoing,20
10196,9537,outgoing,5
10196,9538,outgoing,1
10196,9551,outandin,1
10196,9730,outgoing,25
10196,9845,outgoing,9
10196,9877,outandin,1
10196,9989,outandin,2
10196,9992,outandin,2
10053,177,outgoing,1
10053,184,outgoing,2
10053,279,outgoing,25
10053,410,outgoing,1
10053,765,outgoing,1
10053,778,outgoing,2
10053,781,outandin,1
10053,850,outandin,1
10053,875,outandin,3
10053,1119,outgoing,15
10053,1137,outgoing,6
10053,1151,outandin,2
10053,1156,outandin,3
10053,1172,outgoing,8
10053,1290,outandin,1
10053,1291,outgoing,7
10053,1616,outgoing,16
10053,1665,outandin,1
10053,1679,outgoing,1
10053,1684,outgoing,5
10053,1750,outandin,1
10053,1767,outandin,1
10053,1776,outgoing,7
10053,1878,outandin,4
10053,1911,outandin,2
10053,1985,outandin,5
10053,2008,outgoing,1
10053,2123,outandin,1
10053,2166,outandin,2
10053,2369,outandin,1
10053,2410,outgoing,3
10053,2446,outgoing,1
10053,2450,outandin,1
10053,2484,outandin,4
10053,2721,outandin,1
10053,2744,outandin,2
10053,2747,outandin,1
10053,2841,outgoing,4
10053,2845,outgoing,1
10053,2913,outgoing,4
10053,2996,outandin,1
10053,3025,outgoing,2
10053,3169,outgoing,1
10053,3284,outandin,2
10053,3305,outgoing,4
10053,3317,outandin,1
10053,3337,outandin,2
10053,3448,outandin,2
10053,3488,outandin,1
10053,3584,outgoing,8
10053,3620,outgoing,1
10053,3711,outandin,1
10053,3731,outgoing,16
10053,3832,outgoing,2
10053,3863,outgoing,10
10053,3929,outgoing,1
10053,3953,outandin,34
10053,3954,outandin,1
10053,4039,outgoing,8
10053,4053,outgoing,18
10053,4054,outandin,2
10053,4484,outgoing,2
10053,4552,outandin,1
10053,4561,outgoing,21
10053,5006,outgoing,6
10053,5008,outandin,1
10053,5162,outandin,1
10053,5219,outgoing,1
10053,5238,outgoing,9
10053,5252,outandin,1
10053,5273,outgoing,1
10053,5350,outgoing,31
10053,5358,outandin,1
10053,5365,outandin,7
10053,5412,outandin,1
10053,5422,outgoing,3
10053,5471,outgoing,4
10053,5491,outgoing,7
10053,5544,outgoing,21
10053,5549,outgoing,8
10053,5593,outgoing,7
10053,5639,outgoing,1
10053,5698,outgoing,1
10053,5767,outandin,1
10053,5778,outgoing,5
10053,5783,outgoing,29
10053,5830,outgoing,19
10053,5893,outgoing,7
10053,5965,outgoing,1
10053,6002,outgoing,1
10053,6099,outandin,1
10053,6170,outgoing,8
10053,6171,outandin,1
10053,6305,outgoing,7
10053,6369,outandin,1
10053,6447,outandin,2
10053,6487,outandin,1
10053,6547,outgoing,2
10053,6596,outgoing,1
10053,6638,outgoing,7
10053,6668,outandin,1
10053,6769,outandin,3
10053,6808,outgoing,3
10053,6819,outgoing,1
10053,6837,outgoing,1
10053,6844,outandin,5
10053,6861,outgoing,5
10053,6866,outgoing,8
10053,6882,outgoing,4
10053,6891,outgoing,1
10053,6908,outgoing,5
10053,6917,outgoing,4
10053,6933,outgoing,2
10053,6935,outandin,1
10053,6995,outandin,1
10053,7001,outandin,1
10053,7008,outgoing,6
10053,7013,outgoing,3
10053,7046,outandin,1
10053,7104,outgoing,10
10053,7222,outandin,2
10053,7305,outandin,1
10053,7615,outgoing,14
10053,7724,outgoing,6
10053,8008,outandin,1
10053,8092,outandin,3
10053,8123,outandin,1
10053,8365,outgoing,6
10053,8387,outgoing,12
10053,8440,outandin,1
10053,8539,outgoing,1
10053,8573,outgoing,6
10053,8623,outandin,1
10053,8744,outandin,1
10053,8745,outandin,1
10053,8809,outgoing,19
10053,8914,outandin,1
10053,9071,outgoing,3
10053,9167,outgoing,10
10053,9194,outgoing,6
10053,9202,outgoing,2
10053,9289,outgoing,1
10053,9356,outandin,1
10053,9358,outgoing,4
10053,9432,outandin,1
10053,9436,outandin,1
10053,9606,outandin,12
10053,9630,outandin,2
10053,9634,outgoing,10
10053,9665,outgoing,4
10053,9840,outandin,1
10053,9884,outandin,2
10053,9910,outgoing,3
10053,9924,outandin,3
10053,9942,outgoing,3
10053,9970,outandin,1
10053,9979,outandin,2
10053,9983,outandin,1
10053,9987,outandin,41
10008,10,outgoing,33
10008,193,outgoing,1
10008,280,outandin,1
10008,460,outandin,1
10008,490,outandin,3
10008,543,outgoing,26
10008,560,outgoing,2
10008,570,outandin,1
10008,646,outandin,1
10008,687,outandin,1
10008,753,outandin,2
10008,767,outgoing,2
10008,1016,outandin,1
10008,1024,outandin,1
10008,1038,outandin,2
10008,1076,outgoing,12
10008,1085,outgoing,1
10008,1139,outgoing,23
10008,1155,outandin,1
10008,1164,outandin,1
10008,1172,outandin,3
10008,1238,outgoing,2
10008,1244,outgoing,1
10008,1260,outandin,4
10008,1289,outgoing,1
10008,1605,outgoing,2
10008,1706,outandin,1
10008,1738,outgoing,145
10008,1845,outandin,1
10008,1887,outandin,1
10008,1915,outandin,1
10008,1989,outandin,2
10008,1997,outgoing,3
10008,2133,outgoing,5
10008,2135,outgoing,1
10008,2145,outandin,1
10008,2168,outgoing,21
10008,2174,outgoing,1
10008,2267,outandin,1
10008,2334,outgoing,13
10008,2369,outgoing,10
10008,2463,outgoing,56
10008,2603,outandin,1
10008,2737,outandin,1
10008,2894,outandin,1
10008,2990,outgoing,2
10008,2998,outgoing,6
10008,3030,outgoing,4
10008,3033,outandin,1
10008,3163,outandin,1
10008,3321,outandin,1
10008,3448,outandin,1
10008,3619,outandin,1
10008,3623,outgoing,2
10008,3774,outandin,2
10008,3841,outgoing,5
10008,3982,outgoing,2
10008,4060,outgoing,19
10008,4098,outandin,1
10008,4180,outandin,5
10008,4217,outgoing,8
10008,4342,outandin,1
10008,4439,outandin,12
10008,4532,outandin,2
10008,4556,outandin,2
10008,4584,outgoing,4
10008,4599,outandin,1
10008,4816,outgoing,1
10008,5013,outgoing,1
10008,5059,outgoing,1
10008,5092,outandin,1
10008,5160,outandin,1
10008,5274,outandin,1
10008,5304,outandin,1
10008,5336,outgoing,7
10008,5339,outandin,1
10008,5356,outandin,1
10008,5436,outgoing,6
10008,5444,outandin,1
10008,5460,outandin,2
10008,5467,outandin,1
10008,5562,outandin,1
10008,5585,outgoing,4
10008,5621,outgoing,32
10008,5638,outandin,1
10008,5767,outandin,3
10008,5788,outgoing,16
10008,5833,outandin,2
10008,5877,outandin,1
10008,5923,outgoing,17
10008,5957,outandin,2
10008,6057,outgoing,2
10008,6063,outandin,1
10008,6120,outandin,4
10008,6222,outandin,1
10008,6429,outandin,2
10008,6445,outgoing,1
10008,6489,outandin,4
10008,6694,outgoing,5
10008,6735,outandin,1
10008,6758,outandin,1
10008,6766,outgoing,1
10008,6826,outandin,1
10008,6851,outgoing,2
10008,6862,outgoing,6
10008,7173,outandin,2
10008,7351,outgoing,7
10008,7389,outandin,1
10008,7480,outandin,1
10008,7512,outandin,2
10008,7521,outandin,1
10008,7584,outandin,2
10008,7741,outandin,1
10008,7814,outandin,2
10008,7967,outgoing,8
10008,8055,outgoing,1
10008,8457,outandin,2
10008,8464,outandin,1
10008,8539,outandin,1
10008,8580,outandin,1
10008,8586,outandin,1
10008,8768,outandin,1
10008,8787,outgoing,2
10008,8789,outgoing,1
10008,8828,outgoing,2
10008,8921,outandin,1
10008,9026,outandin,3
10008,9146,outgoing,5
10008,9304,outgoing,2
10008,9497,outandin,1
10008,9742,outgoing,1
10008,9892,outandin,1
10008,9929,outandin,3
10008,9931,outgoing,1
10008,9944,outandin,16
10008,9962,outandin,4
10008,9965,outandin,7
10108,186,outgoing,4
10108,376,outgoing,4
10108,483,outandin,1
10108,502,outandin,2
10108,829,outgoing,1
10108,927,outgoing,6
10108,1046,outgoing,3
10108,1065,outgoing,8
10108,1322,outgoing,1
10108,1344,outgoing,3
10108,1935,outandin,2
10108,2162,outgoing,2
10108,2356,outgoing,13
10108,2370,outgoing,6
10108,2391,outandin,1
10108,2426,outgoing,3
10108,2905,outandin,1
10108,3261,outgoing,7
10108,3429,outandin,4
10108,3504,outgoing,2
10108,3590,outgoing,15
10108,3676,outgoing,6
10108,3694,outandin,1
10108,3937,outgoing,10
10108,4121,outandin,1
10108,4137,outandin,1
10108,4321,outgoing,6
10108,4417,outgoing,6
10108,4422,outgoing,3
10108,4455,outgoing,1
10108,4619,outgoing,11
10108,4637,outandin,1
10108,4803,outgoing,2
10108,4823,outgoing,3
10108,4832,outgoing,10
10108,4855,outgoing,12
10108,4939,outgoing,38
10108,5089,outgoing,1
10108,5371,outgoing,8
10108,5426,outgoing,5
10108,5496,outgoing,6
10108,5856,outandin,2
10108,5859,outandin,1
10108,6198,outgoing,12
10108,6256,outgoing,1
10108,6300,outgoing,3
10108,6323,outandin,1
10108,6783,outgoing,1
10108,7024,outgoing,5
10108,7078,outandin,4
10108,7274,outgoing,8
10108,7301,outgoing,1
10108,7677,outgoing,18
10108,7916,outgoing,8
10108,8043,outgoing,2
10108,8068,outgoing,18
10108,8086,outgoing,5
10108,8246,outandin,1
10108,8341,outgoing,5
10108,8375,outgoing,5
10108,8380,outgoing,1
10108,8478,outgoing,23
10108,8481,outgoing,1
10108,8507,outgoing,8
10108,8676,outandin,11
10108,8772,outgoing,1
10108,8787,outgoing,1
10108,8789,outgoing,2
10108,9028,outgoing,12
10108,9239,outgoing,12
10108,9242,outandin,1
10108,9431,outgoing,7
10108,9571,outgoing,12
10108,9583,outgoing,11
10108,9689,outgoing,15
10108,9852,outgoing,16
10108,9989,outandin,1
10064,172,outandin,6
10064,343,outgoing,2
10064,363,outgoing,2
10064,498,outandin,2
10064,507,outandin,1
10064,686,outandin,1
10064,711,outandin,1
10064,855,outgoing,3
10064,930,outandin,5
10064,1079,outandin,1
10064,1116,outgoing,2
10064,1390,outandin,4
10064,1406,outgoing,1
10064,1469,outgoing,62
10064,1565,outandin,1
10064,1649,outandin,2
10064,1793,outgoing,9
10064,1796,outgoing,8
10064,1827,outgoing,3
10064,1915,outgoing,24
10064,2086,outgoing,1
10064,2124,outgoing,4
10064,2218,outgoing,4
10064,2378,outgoing,3
10064,2717,outandin,1
10064,3316,outgoing,3
10064,3730,outandin,1
10064,3732,outgoing,1
10064,3772,outgoing,4
10064,3851,outgoing,1
10064,4012,outgoing,3
10064,4131,outgoing,2
10064,4139,outandin,5
10064,4227,outgoing,20
10064,4524,outgoing,7
10064,4554,outgoing,6
10064,4555,outandin,1
10064,4861,outgoing,5
10064,5026,outgoing,23
10064,5192,outgoing,3
10064,5305,outandin,1
10064,5414,outandin,1
10064,5557,outgoing,1
10064,5793,outgoing,4
10064,5927,outgoing,4
10064,6025,outandin,9
10064,6319,outandin,2
10064,6417,outgoing,9
10064,6532,outandin,1
10064,6534,outandin,2
10064,6535,outandin,1
10064,6661,outandin,1
10064,6670,outandin,1
10064,6728,outgoing,4
10064,6752,outandin,4
10064,6785,outgoing,4
10064,6802,outandin,2
10064,6847,outandin,1
10064,6994,outandin,1
10064,7199,outandin,8
10064,7260,outgoing,23
10064,7285,outgoing,3
10064,7502,outgoing,15
10064,7545,outgoing,2
10064,7588,outgoing,6
10064,7632,outgoing,8
10064,7686,outgoing,2
10064,7850,outgoing,1
10064,7878,outandin,1
10064,8052,outandin,4
10064,8108,outgoing,2
10064,8204,outandin,3
10064,8331,outgoing,11
10064,8404,outgoing,2
10064,8570,outgoing,1
10064,9285,outgoing,4
10064,9337,outandin,3
10064,9390,outgoing,35
10064,9543,outgoing,10
10064,9637,outgoing,18
10064,9803,outandin,2
10064,9984,outandin,37
10052,53,outandin,1
10052,61,outandin,3
10052,83,outgoing,22
10052,279,outgoing,15
10052,333,outandin,3
10052,367,outgoing,4
10052,383,outandin,1
10052,596,outandin,2
10052,767,outgoing,5
10052,786,outandin,1
10052,796,outgoing,5
10052,859,outgoing,40
10052,1122,outgoing,48
10052,1222,outgoing,1
10052,1238,outgoing,2
10052,1348,outandin,1
10052,1454,outgoing,16
10052,1569,outandin,3
10052,1653,outandin,1
10052,1706,outandin,1
10052,1764,outgoing,25
10052,1819,outandin,1
10052,1832,outgoing,17
10052,1887,outgoing,10
10052,1926,outgoing,21
10052,2005,outandin,1
10052,2210,outandin,2
10052,2219,outgoing,72
10052,2564,outandin,2
10052,2607,outandin,1
10052,2776,outandin,1
10052,2811,outandin,1
10052,2865,outandin,1
10052,2893,outgoing,1
10052,2925,outgoing,1
10052,2985,outandin,2
10052,3089,outandin,1
10052,3169,outandin,1
10052,3259,outgoing,14
10052,3284,outandin,1
10052,3333,outandin,1
10052,3337,outandin,1
10052,3405,outandin,2
10052,3485,outgoing,1
10052,3495,outandin,1
10052,3583,outandin,1
10052,3677,outandin,1
10052,3694,outandin,1
10052,3749,outgoing,7
10052,3936,outgoing,28
10052,3990,outgoing,2
10052,4021,outgoing,5
10052,4205,outandin,1
10052,4435,outandin,2
10052,4442,outgoing,20
10052,4484,outgoing,5
10052,4618,outandin,2
10052,4666,outgoing,1
10052,4695,outandin,1
10052,4928,outandin,1
10052,4993,outgoing,1
10052,5022,outgoing,2
10052,5031,outandin,1
10052,5067,outandin,1
10052,5092,outandin,1
10052,5207,outgoing,6
10052,5386,outgoing,3
10052,5585,outgoing,1
10052,5745,outandin,1
10052,5794,outgoing,1
10052,5856,outandin,2
10052,5893,outandin,1
10052,5929,outgoing,11
10052,6097,outgoing,11
10052,6123,outgoing,1
10052,6181,outgoing,14
10052,6200,outandin,1
10052,6242,outandin,1
10052,6297,outgoing,6
10052,6459,outandin,1
10052,6566,outgoing,4
10052,6615,outandin,1
10052,6786,outandin,1
10052,6813,outgoing,20
10052,6837,outandin,2
10052,6932,outgoing,5
10052,7300,outgoing,12
10052,7382,outgoing,1
10052,7470,outgoing,12
10052,7623,outgoing,4
10052,7810,outgoing,6
10052,7910,outandin,6
10052,8017,outandin,1
10052,8066,outandin,1
10052,8244,outandin,1
10052,8355,outandin,1
10052,8472,outandin,1
10052,8594,outgoing,3
10052,8768,outandin,1
10052,8800,outgoing,8
10052,9032,outandin,1
10052,9304,outgoing,9
10052,9320,outandin,1
10052,9358,outandin,1
10052,9398,outgoing,3
10052,9440,outgoing,3
10052,9460,outandin,1
10052,9516,outandin,3
10052,9551,outandin,1
10052,9630,outandin,4
10052,9702,outandin,3
10052,9744,outgoing,2
10052,9810,outgoing,3
10052,9818,outgoing,6
10052,9845,outgoing,5
10052,9874,outgoing,2
10052,9928,outandin,1
10052,9956,outandin,5
10088,153,outgoing,344
10088,227,outgoing,1
10088,238,outgoing,126
10088,771,outgoing,9
10088,1066,outgoing,2
10088,1158,outgoing,12
10088,1250,outgoing,16
10088,1409,outgoing,2
10088,1728,outandin,1
10088,2066,outgoing,2
10088,2190,outgoing,3
10088,2344,outgoing,5
10088,2374,outandin,3
10088,2431,outgoing,6
10088,2603,outandin,2
10088,2733,outgoing,6
10088,2862,outgoing,4
10088,2925,outgoing,1
10088,2972,outgoing,6
10088,3209,outandin,6
10088,3306,outgoing,36
10088,3483,outgoing,1
10088,3630,outgoing,3
10088,3636,outgoing,6
10088,3953,outandin,1
10088,3954,outgoing,3
10088,3960,outgoing,4
10088,4000,outgoing,9
10088,4264,outgoing,6
10088,4467,outgoing,4
10088,4507,outgoing,6
10088,4531,outgoing,3
10088,4569,outandin,3
10088,4807,outgoing,1
10088,4952,outandin,4
10088,5076,outgoing,1
10088,5143,outandin,3
10088,5170,outgoing,12
10088,5197,outgoing,2
10088,5226,outandin,1
10088,5264,outgoing,2
10088,5327,outgoing,1
10088,5705,outgoing,3
10088,5724,outgoing,1
10088,5999,outgoing,6
10088,6062,outandin,5
10088,6075,outgoing,1
10088,6110,outgoing,8
10088,6124,outgoing,5
10088,6483,outandin,1
10088,6506,outgoing,1
10088,6631,outgoing,9
10088,6993,outgoing,1
10088,7002,outandin,4
10088,7053,outgoing,3
10088,7122,outandin,2
10088,7193,outgoing,3
10088,7205,outandin,1
10088,7285,outgoing,2
10088,7371,outgoing,10
10088,7461,outgoing,1
10088,7656,outgoing,6
10088,7721,outgoing,4
10088,8040,outandin,3
10088,8249,outgoing,111
10088,8276,outandin,1
10088,8454,outgoing,15
10088,8523,outgoing,4
10088,8616,outandin,2
10088,8784,outandin,2
10088,8839,outgoing,1
10088,8871,outgoing,2
10088,8963,outgoing,1
10088,9046,outgoing,4
10088,9176,outgoing,24
10088,9267,outandin,1
10088,9356,outgoing,9
10088,9404,outgoing,4
10088,9781,outgoing,7
10086,13,outandin,2
10086,141,outgoing,2
10086,483,outandin,1
10086,501,outandin,2
10086,771,outgoing,3
10086,934,outandin,6
10086,1250,outgoing,5
10086,1409,outgoing,1
10086,1680,outgoing,1
10086,1691,outandin,1
10086,1709,outgoing,6
10086,1728,outandin,1
10086,1973,outandin,5
10086,2115,outandin,1
10086,2190,outandin,1
10086,2278,outgoing,6
10086,2344,outandin,2
10086,2403,outandin,3
10086,2573,outgoing,14
10086,2603,outgoing,6
10086,2653,outandin,1
10086,2745,outandin,1
10086,2747,outandin,1
10086,2810,outandin,2
10086,2862,outandin,3
10086,2885,outgoing,32
10086,2922,outgoing,2
10086,3194,outandin,1
10086,3209,outandin,3
10086,3597,outgoing,6
10086,3630,outandin,1
10086,3636,outandin,2
10086,3748,outgoing,16
10086,4000,outgoing,4
10086,4407,outgoing,4
10086,4440,outgoing,1
10086,4531,outgoing,3
10086,4569,outandin,1
10086,4807,outgoing,2
10086,4865,outandin,3
10086,4867,outgoing,4
10086,5035,outgoing,3
10086,5143,outandin,4
10086,5170,outgoing,7
10086,5197,outgoing,1
10086,5264,outandin,2
10086,5406,outgoing,2
10086,5441,outgoing,1
10086,5599,outgoing,3
10086,5646,outgoing,1
10086,5653,outgoing,3
10086,5705,outgoing,2
10086,5724,outgoing,3
10086,5787,outgoing,3
10086,5976,outandin,11
10086,5983,outgoing,2
10086,6010,outgoing,3
10086,6110,outgoing,3
10086,6124,outgoing,7
10086,6506,outgoing,2
10086,6631,outandin,4
10086,6747,outandin,1
10086,6962,outgoing,10
10086,6988,outgoing,26
10086,6993,outgoing,1
10086,7042,outgoing,3
10086,7053,outgoing,3
10086,7193,outgoing,3
10086,7461,outgoing,2
10086,7534,outgoing,9
10086,7571,outandin,3
10086,7721,outgoing,1
10086,8040,outandin,1
10086,8139,outandin,1
10086,8239,outgoing,5
10086,8389,outandin,4
10086,8454,outgoing,2
10086,8523,outgoing,4
10086,8693,outgoing,11
10086,8784,outandin,3
10086,8839,outgoing,6
10086,8851,outgoing,3
10086,8871,outgoing,2
10086,9356,outgoing,6
10086,9404,outgoing,21
10086,9436,outandin,1
10086,9781,outgoing,8
10086,9927,outgoing,1
10177,80,outandin,1
10177,171,outandin,1
10177,193,outgoing,4
10177,242,outgoing,2
10177,253,outandin,2
10177,301,outandin,1
10177,310,outandin,1
10177,312,outandin,1
10177,343,outandin,1
10177,415,outandin,3
10177,448,outandin,1
10177,477,outgoing,11
10177,483,outgoing,1
10177,488,outgoing,1
10177,549,outgoing,4
10177,767,outandin,1
10177,891,outgoing,2
10177,924,outandin,1
10177,1083,outgoing,19
10177,1094,outandin,1
10177,1096,outgoing,5
10177,1170,outandin,1
10177,1219,outandin,1
10177,1222,outandin,2
10177,1238,outgoing,23
10177,1290,outandin,1
10177,1313,outgoing,2
10177,1367,outgoing,38
10177,1527,outandin,1
10177,1553,outandin,1
10177,1613,outgoing,23
10177,1693,outgoing,1
10177,1774,outgoing,2
10177,1776,outgoing,6
10177,1806,outandin,1
10177,1819,outgoing,1
10177,2065,outgoing,2
10177,2159,outgoing,13
10177,2173,outgoing,1
10177,2210,outandin,2
10177,2257,outgoing,2
10177,2380,outandin,1
10177,2391,outandin,1
10177,2451,outandin,2
10177,2459,outandin,1
10177,2492,outgoing,27
10177,2594,outandin,7
10177,2595,outgoing,5
10177,2612,outgoing,1
10177,2625,outgoing,1
10177,2667,outandin,2
10177,2695,outandin,3
10177,2724,outandin,5
10177,2737,outgoing,8
10177,2807,outandin,1
10177,2882,outandin,1
10177,2888,outandin,1
10177,2984,outandin,1
10177,2996,outandin,2
10177,3013,outandin,1
10177,3169,outgoing,2
10177,3255,outandin,1
10177,3316,outandin,1
10177,3353,outandin,1
10177,3360,outandin,1
10177,3365,outandin,1
10177,3387,outgoing,6
10177,3406,outgoing,1
10177,3443,outgoing,4
10177,3594,outandin,2
10177,3604,outandin,1
10177,3633,outandin,15
10177,3682,outgoing,1
10177,3734,outandin,1
10177,3874,outgoing,4
10177,3939,outandin,1
10177,3990,outgoing,1
10177,4057,outandin,1
10177,4194,outgoing,1
10177,4205,outgoing,1
10177,4304,outandin,1
10177,4325,outandin,1
10177,4607,outgoing,1
10177,4626,outandin,1
10177,4674,outandin,1
10177,4695,outandin,2
10177,4706,outgoing,1
10177,4742,outgoing,1
10177,4864,outandin,1
10177,4910,outandin,2
10177,4927,outandin,3
10177,4992,outgoing,1
10177,5022,outgoing,1
10177,5044,outgoing,3
10177,5063,outandin,1
10177,5067,outandin,1
10177,5206,outandin,1
10177,5414,outandin,1
10177,5448,outandin,1
10177,5474,outgoing,16
10177,5486,outgoing,15
10177,5498,outgoing,12
10177,5520,outgoing,11
10177,5613,outandin,1
10177,5623,outandin,3
10177,5720,outgoing,1
10177,5744,outandin,2
10177,5765,outandin,1
10177,5802,outgoing,5
10177,5820,outgoing,1
10177,5845,outgoing,2
10177,5850,outandin,3
10177,5862,outgoing,9
10177,5977,outandin,1
10177,6003,outgoing,1
10177,6268,outandin,2
10177,6360,outandin,1
10177,6421,outandin,1
10177,6446,outandin,1
10177,6467,outandin,5
10177,6480,outgoing,5
10177,6547,outandin,1
10177,6558,outandin,1
10177,6582,outandin,1
10177,6977,outgoing,1
10177,7052,outgoing,12
10177,7056,outandin,1
10177,7110,outandin,2
10177,7118,outandin,2
10177,7387,outandin,2
10177,7390,outandin,1
10177,7392,outandin,1
10177,7445,outandin,1
10177,7510,outandin,2
10177,7585,outgoing,3
10177,7641,outgoing,4
10177,7688,outandin,1
10177,7771,outandin,4
10177,7804,outgoing,1
10177,7817,outandin,1
10177,7915,outandin,1
10177,8015,outandin,5
10177,8048,outandin,1
10177,8119,outandin,5
10177,8226,outandin,1
10177,8244,outandin,12
10177,8324,outandin,1
10177,8359,outandin,2
10177,8388,outandin,1
10177,8426,outandin,1
10177,8538,outandin,1
10177,8566,outandin,1
10177,8759,outandin,1
10177,8828,outgoing,1
10177,8958,outgoing,1
10177,9050,outandin,3
10177,9147,outandin,1
10177,9162,outandin,1
10177,9177,outandin,2
10177,9258,outgoing,2
10177,9317,outandin,2
10177,9320,outandin,5
10177,9344,outgoing,18
10177,9377,outandin,1
10177,9437,outandin,1
10177,9450,outgoing,13
10177,9452,outandin,4
10177,9453,outgoing,2
10177,9457,outandin,2
10177,9508,outgoing,5
10177,9559,outandin,1
10177,9564,outgoing,13
10177,9575,outandin,1
10177,9590,outgoing,2
10177,9644,outgoing,3
10177,9694,outandin,2
10177,9728,outgoing,13
10177,9768,outgoing,20
10177,9769,outandin,2
10177,9797,outandin,1
10177,9810,outgoing,2
10177,9821,outandin,1
10177,9830,outandin,1
10177,9847,outandin,3
10177,9856,outandin,4
10177,9863,outandin,1
10177,9884,outandin,2
10177,9885,outandin,2
10177,9904,outandin,1
10177,9908,outandin,3
10177,9922,outgoing,31
10177,9928,outandin,8
10177,9941,outandin,14
10177,9949,outandin,1
10177,9952,outandin,1
10177,9958,outandin,15
10177,9960,outandin,1
10177,9962,outandin,1
10177,9970,outandin,1
10177,9973,outandin,11
10177,9982,outandin,6
10177,9997,outandin,13
10026,41,outgoing,27
10026,124,outgoing,13
10026,193,outgoing,1
10026,444,outgoing,17
10026,881,outgoing,37
10026,1179,outgoing,15
10026,1207,outgoing,3
10026,1429,outgoing,8
10026,1779,outandin,2
10026,1896,outgoing,4
10026,1926,outgoing,11
10026,2048,outgoing,11
10026,2075,outgoing,14
10026,2093,outgoing,9
10026,2173,outgoing,5
10026,2626,outgoing,5
10026,2672,outgoing,21
10026,2780,outgoing,2
10026,2825,outandin,1
10026,3015,outgoing,1
10026,3070,outgoing,4
10026,3165,outgoing,12
10026,3177,outgoing,4
10026,3358,outgoing,51
10026,3574,outandin,3
10026,3593,outgoing,9
10026,3808,outgoing,22
10026,3968,outgoing,20
10026,4054,outandin,1
10026,4379,outgoing,12
10026,4552,outgoing,3
10026,4600,outgoing,1
10026,4706,outandin,1
10026,4784,outgoing,10
10026,4860,outgoing,5
10026,4898,outgoing,12
10026,5166,outgoing,7
10026,5603,outgoing,1
10026,5741,outgoing,6
10026,5946,outgoing,18
10026,6144,outgoing,7
10026,6280,outgoing,4
10026,6358,outgoing,2
10026,6557,outandin,5
10026,7032,outgoing,9
10026,7083,outgoing,5
10026,7470,outgoing,7
10026,7867,outgoing,12
10026,7977,outandin,3
10026,8027,outandin,1
10026,8208,outandin,9
10026,8405,outgoing,17
10026,8602,outgoing,2
10026,8954,outgoing,5
10026,9022,outgoing,1
10026,9044,outgoing,16
10026,9089,outgoing,2
10026,9597,outandin,8
10026,9600,outgoing,1
10026,9644,outgoing,1
10026,9886,outgoing,7
10026,9920,outgoing,1
10026,9930,outandin,4
10026,9972,outandin,30
10037,30,outandin,5
10037,60,outgoing,13
10037,203,outgoing,8
10037,254,outgoing,5
10037,468,outgoing,11
10037,528,outgoing,3
10037,616,outgoing,2
10037,637,outandin,1
10037,650,outgoing,3
10037,726,outandin,6
10037,749,outgoing,2
10037,868,outandin,2
10037,1164,outgoing,2
10037,1183,outgoing,7
10037,1201,outgoing,28
10037,1357,outgoing,4
10037,1477,outgoing,13
10037,1495,outgoing,7
10037,1819,outandin,1
10037,2048,outandin,1
10037,2391,outandin,1
10037,2777,outgoing,7
10037,2877,outgoing,20
10037,2998,outgoing,5
10037,3058,outgoing,11
10037,3060,outgoing,4
10037,3176,outgoing,16
10037,3502,outandin,1
10037,3579,outandin,1
10037,3648,outgoing,11
10037,3679,outgoing,6
10037,3845,outgoing,9
10037,3950,outgoing,10
10037,3977,outgoing,2
10037,3997,outandin,1
10037,4054,outandin,2
10037,4219,outgoing,3
10037,4232,outandin,2
10037,4376,outgoing,5
10037,4382,outgoing,1
10037,4473,outgoing,4
10037,4610,outgoing,10
10037,4657,outgoing,5
10037,5173,outgoing,11
10037,5356,outandin,1
10037,5441,outandin,1
10037,5632,outandin,6
10037,5701,outgoing,14
10037,5918,outandin,2
10037,5987,outgoing,14
10037,6193,outgoing,5
10037,6288,outgoing,9
10037,6318,outgoing,16
10037,6783,outandin,1
10037,7244,outgoing,4
10037,7336,outgoing,2
10037,7358,outgoing,5
10037,7584,outgoing,5
10037,7811,outgoing,1
10037,7874,outandin,4
10037,8319,outgoing,4
10037,8825,outgoing,8
10037,9289,outandin,1
10037,9320,outandin,1
10037,9342,outgoing,16
10037,9432,outandin,1
10037,9940,outandin,39
10051,121,outgoing,75
10051,155,outgoing,7
10051,164,outgoing,24
10051,184,outandin,1
10051,193,outgoing,5
10051,242,outgoing,5
10051,333,outandin,1
10051,383,outandin,1
10051,477,outgoing,8
10051,512,outandin,1
10051,518,outandin,2
10051,530,outandin,1
10051,549,outandin,6
10051,596,outgoing,2
10051,862,outandin,4
10051,924,outgoing,7
10051,1194,outgoing,1
10051,1219,outgoing,23
10051,1222,outgoing,1
10051,1367,outgoing,46
10051,1415,outandin,2
10051,1517,outandin,1
10051,1527,outandin,1
10051,1613,outgoing,61
10051,1693,outgoing,2
10051,1776,outgoing,1
10051,2006,outgoing,1
10051,2046,outgoing,2
10051,2257,outgoing,4
10051,2261,outandin,3
10051,2380,outandin,3
10051,2393,outandin,1
10051,2451,outgoing,6
10051,2460,outandin,1
10051,2594,outandin,2
10051,2625,outgoing,3
10051,2670,outandin,2
10051,2675,outandin,1
10051,2681,outgoing,14
10051,2695,outandin,18
10051,2737,outandin,1
10051,2924,outandin,1
10051,2970,outandin,1
10051,3169,outgoing,3
10051,3285,outandin,1
10051,3320,outgoing,2
10051,3353,outgoing,11
10051,3370,outandin,1
10051,3415,outgoing,1
10051,3448,outandin,1
10051,3594,outandin,2
10051,3659,outgoing,5
10051,3682,outgoing,1
10051,3873,outgoing,75
10051,3941,outgoing,9
10051,3962,outandin,1
10051,3990,outgoing,4
10051,4473,outandin,1
10051,4695,outgoing,6
10051,4706,outgoing,6
10051,4731,outandin,3
10051,4736,outandin,1
10051,4759,outandin,1
10051,4779,outgoing,4
10051,4854,outandin,1
10051,5063,outandin,1
10051,5168,outandin,1
10051,5204,outgoing,2
10051,5219,outgoing,1
10051,5585,outandin,1
10051,5613,outgoing,2
10051,5720,outgoing,4
10051,5725,outandin,1
10051,5830,outandin,2
10051,5929,outandin,1
10051,6003,outgoing,6
10051,6016,outandin,1
10051,6100,outandin,1
10051,6217,outandin,1
10051,6242,outandin,1
10051,6365,outandin,1
10051,6503,outandin,2
10051,6577,outgoing,2
10051,6615,outgoing,2
10051,6667,outandin,2
10051,6690,outandin,1
10051,7052,outgoing,24
10051,7316,outandin,2
10051,7327,outandin,2
10051,7390,outandin,1
10051,7470,outgoing,3
10051,7533,outandin,1
10051,7814,outandin,1
10051,7896,outandin,1
10051,8002,outgoing,2
10051,8157,outgoing,2
10051,8189,outandin,1
10051,8247,outandin,4
10051,8334,outgoing,2
10051,8355,outandin,1
10051,8490,outandin,1
10051,8667,outandin,1
10051,8805,outandin,1
10051,8828,outgoing,1
10051,9087,outandin,1
10051,9162,outgoing,1
10051,9215,outandin,1
10051,9450,outgoing,33
10051,9452,outgoing,2
10051,9519,outgoing,1
10051,9564,outgoing,23
10051,9693,outgoing,2
10051,9769,outgoing,1
10051,9821,outandin,1
10051,9847,outandin,15
10051,9884,outandin,1
10051,9885,outandin,3
10051,9919,outandin,9
10051,9949,outandin,1
10051,9957,outandin,7
10051,9958,outandin,13
10051,9962,outandin,3
10051,9975,outandin,3
10051,9982,outandin,2
10051,9997,outandin,13
10148,171,outgoing,1
10148,302,outgoing,15
10148,410,outgoing,5
10148,692,outgoing,5
10148,796,outgoing,3
10148,1038,outandin,2
10148,1183,outgoing,9
10148,1199,outandin,1
10148,1289,outandin,1
10148,1989,outandin,1
10148,2086,outgoing,1
10148,2369,outgoing,2
10148,2417,outandin,1
10148,2563,outgoing,2
10148,2969,outgoing,3
10148,3147,outgoing,19
10148,3154,outandin,1
10148,3231,outandin,1
10148,3250,outgoing,6
10148,3525,outgoing,1
10148,3575,outandin,1
10148,3578,outandin,2
10148,3624,outgoing,7
10148,3696,outgoing,12
10148,3821,outgoing,2
10148,3975,outgoing,2
10148,3982,outgoing,1
10148,4258,outgoing,1
10148,4556,outgoing,2
10148,4715,outandin,1
10148,4958,outgoing,6
10148,4981,outgoing,7
10148,5059,outandin,2
10148,5160,outandin,1
10148,5219,outandin,1
10148,5304,outandin,1
10148,5481,outandin,1
10148,5889,outgoing,14
10148,6237,outgoing,8
10148,6288,outandin,1
10148,6309,outgoing,4
10148,6338,outgoing,2
10148,6346,outgoing,3
10148,6415,outandin,2
10148,6419,outgoing,5
10148,6445,outgoing,7
10148,6489,outandin,6
10148,6548,outgoing,8
10148,6556,outgoing,6
10148,6566,outgoing,1
10148,6641,outandin,5
10148,6779,outandin,1
10148,6862,outgoing,5
10148,7097,outandin,1
10148,7161,outgoing,9
10148,7517,outandin,3
10148,7587,outgoing,3
10148,7767,outgoing,4
10148,7777,outgoing,13
10148,8132,outgoing,3
10148,8154,outgoing,6
10148,8482,outandin,1
10148,8498,outgoing,1
10148,8623,outandin,2
10148,8715,outgoing,5
10148,8942,outandin,1
10148,8979,outgoing,1
10148,9242,outandin,1
10148,9481,outgoing,10
10148,9546,outgoing,27
10148,9547,outandin,1
10148,9606,outandin,6
10148,9834,outgoing,6
10148,9863,outgoing,3
10148,9944,outgoing,11
10148,9962,outandin,1
10153,100,outandin,1
10153,164,outandin,3
10153,177,outandin,2
10153,305,outandin,1
10153,322,outgoing,10
10153,470,outandin,2
10153,779,outandin,1
10153,817,outgoing,2
10153,844,outandin,1
10153,855,outandin,1
10153,908,outgoing,6
10153,1207,outgoing,2
10153,1234,outandin,1
10153,1327,outandin,3
10153,1613,outgoing,1
10153,1630,outgoing,12
10153,1761,outgoing,14
10153,2086,outandin,1
10153,2108,outgoing,23
10153,2764,outgoing,6
10153,3150,outandin,1
10153,3169,outandin,1
10153,3228,outgoing,10
10153,3365,outandin,2
10153,3742,outgoing,5
10153,3877,outandin,1
10153,3992,outgoing,5
10153,4117,outandin,1
10153,4133,outandin,2
10153,4736,outgoing,4
10153,4754,outgoing,13
10153,4846,outandin,1
10153,5153,outgoing,3
10153,5220,outgoing,5
10153,5233,outgoing,10
10153,5351,outgoing,3
10153,5397,outgoing,2
10153,5448,outandin,4
10153,5502,outgoing,7
10153,5752,outandin,1
10153,5892,outgoing,2
10153,5977,outandin,1
10153,6032,outandin,1
10153,6197,outgoing,11
10153,6336,outandin,4
10153,6680,outgoing,7
10153,6818,outgoing,8
10153,6878,outandin,1
10153,6906,outgoing,3
10153,6978,outgoing,6
10153,6984,outandin,1
10153,7119,outandin,3
10153,7272,outgoing,4
10153,7309,outandin,1
10153,7350,outandin,1
10153,7543,outgoing,2
10153,7708,outgoing,1
10153,7837,outandin,1
10153,8055,outgoing,7
10153,8115,outgoing,42
10153,8381,outgoing,34
10153,8390,outgoing,1
10153,8739,outandin,1
10153,8870,outandin,7
10153,8906,outgoing,12
10153,9064,outandin,1
10153,9111,outandin,1
10153,9161,outgoing,59
10153,9213,outandin,3
10153,9340,outandin,6
10153,9398,outandin,1
10153,9839,outandin,1
10153,9841,outandin,1
10153,9918,outgoing,4
10153,9924,outandin,1
10153,9962,outandin,4
10153,9965,outandin,2
10153,9967,outandin,2
10009,11,outgoing,62
10009,19,outandin,1
10009,59,outgoing,4
10009,265,outandin,2
10009,319,outandin,1
10009,337,outandin,1
10009,498,outgoing,1
10009,834,outgoing,5
10009,1048,outgoing,3
10009,1061,outgoing,1
10009,1105,outgoing,1
10009,1332,outgoing,11
10009,1583,outandin,2
10009,1657,outgoing,2
10009,1692,outgoing,2
10009,1724,outgoing,12
10009,1786,outandin,1
10009,1799,outandin,1
10009,1872,outgoing,1
10009,2028,outgoing,18
10009,2228,outandin,3
10009,2511,outgoing,2
10009,2525,outgoing,4
10009,2584,outandin,1
10009,2624,outgoing,16
10009,2799,outandin,2
10009,3666,outgoing,4
10009,3737,outandin,1
10009,3770,outandin,5
10009,3835,outgoing,9
10009,3843,outandin,1
10009,4085,outgoing,5
10009,4139,outandin,1
10009,4174,outandin,1
10009,4331,outandin,1
10009,4457,outandin,2
10009,4483,outgoing,14
10009,4527,outandin,3
10009,4637,outgoing,5
10009,4641,outandin,1
10009,4687,outandin,1
10009,4740,outgoing,5
10009,5037,outgoing,3
10009,5310,outgoing,3
10009,5557,outandin,1
10009,5772,outgoing,4
10009,5802,outandin,1
10009,5891,outgoing,1
10009,5940,outgoing,2
10009,6141,outandin,3
10009,6296,outgoing,11
10009,6354,outgoing,1
10009,6477,outandin,1
10009,6558,outandin,1
10009,6598,outgoing,1
10009,6623,outgoing,7
10009,6626,outgoing,4
10009,6763,outandin,1
10009,6797,outandin,1
10009,6877,outgoing,5
10009,7189,outgoing,17
10009,7210,outandin,3
10009,7502,outandin,1
10009,7510,outandin,7
10009,7630,outandin,1
10009,7705,outandin,2
10009,8112,outandin,1
10009,8564,outandin,1
10009,8580,outandin,1
10009,8633,outgoing,3
10009,8885,outandin,2
10009,9351,outgoing,1
10009,9420,outandin,1
10009,9624,outgoing,13
10054,134,outgoing,13
10054,171,outandin,1
10054,209,outgoing,2
10054,265,outgoing,1
10054,312,outandin,1
10054,498,outgoing,1
10054,503,outandin,1
10054,543,outandin,2
10054,545,outgoing,1
10054,596,outgoing,8
10054,646,outandin,1
10054,651,outandin,1
10054,683,outandin,1
10054,753,outandin,1
10054,842,outandin,1
10054,1103,outandin,1
10054,1165,outandin,1
10054,1236,outgoing,28
10054,1238,outgoing,6
10054,1253,outandin,1
10054,1256,outandin,1
10054,1290,outandin,1
10054,1390,outgoing,1
10054,1428,outandin,1
10054,1436,outandin,1
10054,1510,outandin,1
10054,1554,outandin,1
10054,1569,outandin,1
10054,1613,outgoing,6
10054,1661,outgoing,1
10054,1720,outgoing,2
10054,1734,outandin,1
10054,1774,outandin,1
10054,1793,outandin,1
10054,1893,outgoing,4
10054,1897,outandin,1
10054,1973,outandin,1
10054,1993,outandin,1
10054,2040,outgoing,7
10054,2164,outandin,1
10054,2172,outandin,1
10054,2236,outgoing,2
10054,2261,outandin,1
10054,2289,outgoing,1
10054,2327,outandin,1
10054,2552,outandin,1
10054,2717,outandin,1
10054,2750,outgoing,5
10054,2834,outandin,1
10054,2948,outgoing,2
10054,3046,outandin,1
10054,3070,outandin,1
10054,3169,outgoing,1
10054,3171,outgoing,21
10054,3177,outgoing,3
10054,3249,outandin,2
10054,3316,outgoing,1
10054,3365,outgoing,4
10054,3388,outgoing,1
10054,3410,outandin,1
10054,3456,outgoing,1
10054,3579,outandin,1
10054,3584,outandin,1
10054,3589,outandin,1
10054,3612,outandin,1
10054,3613,outgoing,2
10054,3633,outandin,1
10054,3651,outandin,1
10054,3724,outandin,1
10054,3873,outandin,2
10054,4054,outandin,1
10054,4057,outandin,5
10054,4127,outandin,2
10054,4128,outandin,1
10054,4220,outandin,1
10054,4309,outgoing,6
10054,4364,outgoing,1
10054,4472,outandin,5
10054,4614,outgoing,1
10054,4641,outgoing,1
10054,4695,outandin,1
10054,4768,outgoing,9
10054,4848,outgoing,6
10054,4895,outandin,1
10054,4934,outgoing,1
10054,4967,outandin,1
10054,4981,outgoing,1
10054,5029,outandin,1
10054,5071,outgoing,5
10054,5158,outgoing,12
10054,5162,outandin,1
10054,5400,outandin,3
10054,5467,outandin,1
10054,5534,outandin,1
10054,5550,outandin,1
10054,5554,outgoing,5
10054,5627,outgoing,1
10054,5632,outandin,1
10054,5638,outandin,1
10054,5666,outandin,1
10054,5749,outandin,2
10054,5754,outgoing,1
10054,5769,outgoing,46
10054,5833,outgoing,2
10054,5849,outandin,1
10054,5860,outandin,1
10054,5896,outgoing,1
10054,5929,outandin,2
10054,6161,outgoing,1
10054,6164,outandin,1
10054,6182,outgoing,5
10054,6229,outgoing,1
10054,6242,outandin,1
10054,6248,outandin,2
10054,6345,outandin,1
10054,6380,outandin,1
10054,6382,outandin,1
10054,6433,outgoing,1
10054,6448,outgoing,1
10054,6468,outgoing,1
10054,6595,outandin,1
10054,6626,outgoing,1
10054,6649,outgoing,1
10054,6656,outandin,2
10054,6716,outandin,2
10054,6723,outgoing,3
10054,6748,outandin,1
10054,6763,outandin,1
10054,6847,outandin,4
10054,6867,outandin,1
10054,6980,outandin,1
10054,7050,outgoing,1
10054,7062,outgoing,1
10054,7168,outandin,6
10054,7178,outandin,1
10054,7743,outandin,2
10054,7794,outandin,1
10054,7825,outgoing,7
10054,7889,outgoing,1
10054,7986,outgoing,5
10054,8002,outgoing,4
10054,8037,outandin,1
10054,8084,outandin,4
10054,8101,outgoing,1
10054,8112,outandin,2
10054,8119,outandin,1
10054,8178,outgoing,1
10054,8247,outandin,1
10054,8272,outandin,1
10054,8408,outandin,1
10054,8529,outandin,1
10054,8540,outandin,1
10054,8580,outandin,1
10054,8675,outandin,1
10054,8678,outandin,1
10054,8781,outandin,2
10054,8813,outgoing,5
10054,8870,outgoing,1
10054,8876,outandin,1
10054,8883,outandin,2
10054,8952,outgoing,3
10054,8958,outandin,1
10054,9026,outandin,1
10054,9119,outandin,1
10054,9253,outgoing,14
10054,9296,outgoing,4
10054,9398,outandin,1
10054,9530,outgoing,23
10054,9535,outandin,6
10054,9839,outandin,3
10054,9853,outandin,30
10054,9920,outgoing,2
10054,9960,outandin,3
10054,9975,outandin,3
10054,9989,outandin,1
10041,55,outandin,3
10041,410,outgoing,3
10041,530,outgoing,36
10041,827,outgoing,8
10041,900,outgoing,3
10041,906,outgoing,1
10041,1539,outgoing,80
10041,1754,outandin,1
10041,1763,outgoing,12
10041,1975,outgoing,13
10041,2075,outgoing,6
10041,2195,outgoing,19
10041,2240,outgoing,3
10041,2268,outandin,2
10041,2311,outgoing,1
10041,2454,outgoing,4
10041,2653,outandin,1
10041,2945,outgoing,17
10041,3056,outandin,6
10041,3100,outgoing,8
10041,3109,outgoing,3
10041,3169,outgoing,7
10041,3414,outgoing,5
10041,3448,outgoing,1
10041,3488,outgoing,2
10041,3511,outgoing,4
10041,3694,outgoing,1
10041,3843,outandin,1
10041,3852,outgoing,2
10041,3854,outgoing,3
10041,4121,outandin,1
10041,4351,outgoing,7
10041,4373,outgoing,1
10041,4444,outgoing,5
10041,4626,outgoing,1
10041,4686,outandin,3
10041,4811,outandin,2
10041,4830,outgoing,4
10041,4942,outandin,1
10041,5072,outandin,1
10041,5370,outgoing,11
10041,5396,outgoing,2
10041,5778,outgoing,3
10041,5907,outgoing,13
10041,6055,outgoing,6
10041,6214,outandin,1
10041,6224,outgoing,1
10041,6242,outandin,1
10041,6597,outgoing,6
10041,6830,outgoing,23
10041,6913,outgoing,3
10041,6933,outgoing,1
10041,6945,outandin,1
10041,6984,outgoing,2
10041,7012,outgoing,2
10041,7085,outandin,3
10041,7293,outgoing,7
10041,7305,outandin,2
10041,7324,outandin,1
10041,7381,outandin,1
10041,7444,outgoing,6
10041,7521,outandin,1
10041,7688,outandin,2
10041,8055,outgoing,3
10041,8092,outandin,4
10041,8201,outandin,1
10041,8219,outgoing,4
10041,8349,outandin,9
10041,8440,outgoing,2
10041,8445,outgoing,2
10041,8604,outgoing,1
10041,8624,outgoing,11
10041,8716,outgoing,2
10041,8929,outandin,1
10041,9024,outandin,1
10041,9029,outandin,1
10041,9301,outgoing,12
10041,9457,outandin,1
10041,9630,outandin,1
10041,9877,outgoing,1
10041,9924,outandin,1
10041,9969,outandin,10
10070,116,outgoing,13
10070,130,outgoing,3
10070,211,outandin,1
10070,222,outgoing,7
10070,384,outgoing,2
10070,490,outgoing,4
10070,637,outandin,1
10070,744,outandin,2
10070,794,outgoing,6
10070,1358,outgoing,2
10070,1673,outgoing,9
10070,1792,outgoing,8
10070,1843,outgoing,5
10070,2423,outgoing,14
10070,2488,outgoing,3
10070,3071,outgoing,2
10070,3167,outgoing,3
10070,3283,outgoing,7
10070,3626,outgoing,2
10070,3818,outgoing,3
10070,3998,outgoing,5
10070,4107,outandin,5
10070,4131,outandin,1
10070,4137,outgoing,11
10070,4142,outgoing,6
10070,4400,outgoing,2
10070,4476,outgoing,21
10070,4593,outgoing,5
10070,4803,outgoing,1
10070,4962,outgoing,10
10070,4968,outgoing,1
10070,5058,outgoing,8
10070,5786,outandin,1
10070,5919,outgoing,11
10070,5977,outgoing,1
10070,6264,outgoing,1
10070,6294,outgoing,7
10070,6311,outgoing,1
10070,6541,outgoing,10
10070,6916,outgoing,3
10070,6930,outgoing,6
10070,7221,outgoing,7
10070,7265,outandin,1
10070,7645,outgoing,1
10070,8030,outandin,1
10070,8452,outandin,6
10070,8746,outgoing,10
10070,8850,outgoing,1
10065,75,outgoing,2
10065,155,outandin,2
10065,158,outandin,2
10065,164,outgoing,3
10065,219,outandin,1
10065,242,outandin,1
10065,277,outgoing,37
10065,394,outandin,2
10065,412,outandin,3
10065,484,outandin,1
10065,492,outandin,1
10065,498,outandin,1
10065,528,outandin,1
10065,539,outandin,1
10065,589,outandin,1
10065,713,outandin,1
10065,760,outgoing,6
10065,772,outandin,1
10065,931,outandin,1
10065,1100,outgoing,1
10065,1222,outandin,1
10065,1238,outgoing,22
10065,1253,outandin,1
10065,1428,outandin,2
10065,1517,outandin,3
10065,1528,outandin,1
10065,1589,outandin,1
10065,1593,outgoing,7
10065,1598,outgoing,12
10065,1728,outandin,1
10065,1781,outandin,1
10065,1831,outandin,2
10065,1892,outandin,2
10065,1909,outandin,1
10065,1950,outgoing,1
10065,1970,outgoing,4
10065,2040,outgoing,1
10065,2049,outandin,2
10065,2104,outandin,1
10065,2295,outandin,3
10065,2339,outgoing,7
10065,2369,outandin,1
10065,2391,outandin,1
10065,2440,outgoing,3
10065,2460,outandin,2
10065,2511,outandin,3
10065,2604,outandin,1
10065,2662,outandin,1
10065,2718,outgoing,2
10065,2736,outandin,4
10065,2776,outandin,1
10065,2802,outandin,1
10065,2810,outandin,1
10065,2948,outgoing,3
10065,2970,outandin,2
10065,3017,outandin,1
10065,3037,outgoing,2
10065,3060,outgoing,2
10065,3089,outandin,2
10065,3128,outgoing,3
10065,3169,outgoing,3
10065,3198,outgoing,12
10065,3298,outandin,1
10065,3491,outandin,2
10065,3556,outandin,7
10065,3612,outandin,1
10065,3619,outandin,1
10065,3682,outandin,1
10065,3792,outandin,1
10065,3795,outandin,1
10065,3854,outgoing,1
10065,3858,outgoing,1
10065,3874,outandin,1
10065,3941,outgoing,1
10065,4024,outandin,1
10065,4057,outgoing,1
10065,4075,outandin,3
10065,4149,outgoing,1
10065,4220,outandin,1
10065,4242,outgoing,1
10065,4331,outandin,1
10065,4534,outgoing,1
10065,4694,outandin,1
10065,4695,outandin,1
10065,4729,outandin,1
10065,4768,outgoing,1
10065,4771,outandin,2
10065,4788,outandin,1
10065,4876,outandin,1
10065,5063,outandin,1
10065,5111,outandin,1
10065,5142,outgoing,2
10065,5162,outandin,1
10065,5310,outandin,1
10065,5320,outgoing,8
10065,5406,outandin,1
10065,5460,outandin,1
10065,5490,outandin,1
10065,5562,outandin,1
10065,5612,outandin,1
10065,5691,outgoing,2
10065,5779,outandin,1
10065,5790,outandin,1
10065,5802,outandin,1
10065,5808,outgoing,8
10065,5849,outgoing,1
10065,5896,outandin,1
10065,6039,outandin,1
10065,6055,outandin,2
10065,6094,outandin,1
10065,6132,outandin,1
10065,6147,outandin,2
10065,6164,outandin,1
10065,6191,outandin,1
10065,6219,outandin,1
10065,6244,outandin,1
10065,6327,outandin,1
10065,6394,outandin,1
10065,6454,outandin,1
10065,6510,outgoing,1
10065,6546,outandin,1
10065,6559,outandin,2
10065,6616,outgoing,20
10065,6658,outandin,1
10065,6728,outandin,1
10065,6819,outandin,1
10065,6823,outandin,2
10065,6984,outgoing,1
10065,7012,outandin,1
10065,7042,outandin,1
10065,7189,outandin,1
10065,7199,outandin,1
10065,7257,outandin,1
10065,7317,outgoing,3
10065,7356,outandin,1
10065,7367,outandin,1
10065,7485,outandin,1
10065,7510,outandin,3
10065,7591,outandin,2
10065,7637,outgoing,12
10065,7661,outandin,1
10065,7744,outandin,2
10065,7774,outandin,1
10065,7811,outandin,1
10065,7832,outandin,3
10065,8048,outandin,1
10065,8098,outandin,1
10065,8204,outandin,1
10065,8226,outandin,1
10065,8247,outgoing,4
10065,8272,outandin,6
10065,8501,outandin,3
10065,8677,outandin,1
10065,8826,outandin,1
10065,9026,outgoing,2
10065,9071,outandin,1
10065,9081,outgoing,1
10065,9304,outandin,1
10065,9309,outandin,1
10065,9317,outandin,1
10065,9398,outandin,1
10065,9513,outgoing,20
10065,9521,outandin,1
10065,9694,outandin,1
10065,9769,outgoing,1
10065,9863,outandin,1
10065,9884,outgoing,24
10065,9901,outandin,1
10065,9902,outgoing,6
10065,9926,outandin,1
10065,9927,outgoing,2
10065,9952,outandin,2
10065,9983,outandin,9
10065,9989,outandin,1
10036,55,outgoing,108
10036,428,outgoing,3
10036,462,outgoing,10
10036,530,outandin,2
10036,546,outgoing,2
10036,698,outgoing,10
10036,827,outgoing,3
10036,1145,outgoing,102
10036,1539,outgoing,8
10036,1677,outgoing,18
10036,1794,outgoing,6
10036,2075,outgoing,2
10036,2085,outgoing,15
10036,2158,outgoing,5
10036,2165,outgoing,27
10036,2191,outgoing,6
10036,2342,outgoing,19
10036,2458,outgoing,2
10036,2690,outgoing,1
10036,3004,outgoing,7
10036,3109,outgoing,2
10036,3145,outgoing,2
10036,3421,outgoing,15
10036,3533,outgoing,22
10036,3642,outgoing,9
10036,3649,outgoing,5
10036,4496,outgoing,17
10036,4656,outgoing,5
10036,4811,outgoing,14
10036,4942,outandin,2
10036,5439,outgoing,10
10036,5447,outgoing,5
10036,5483,outgoing,7
10036,5641,outandin,1
10036,5681,outgoing,1
10036,5691,outandin,1
10036,6214,outgoing,4
10036,6830,outgoing,19
10036,7012,outgoing,4
10036,7661,outandin,1
10036,8152,outgoing,9
10036,8219,outgoing,4
10036,8651,outgoing,1
10036,9154,outgoing,26
10036,9353,outandin,4
10036,9778,outgoing,4
10036,9934,outandin,1
10036,9969,outandin,1
10162,41,outgoing,9
10162,242,outgoing,3
10162,357,outgoing,19
10162,456,outgoing,5
10162,1073,outgoing,1
10162,1233,outgoing,5
10162,1242,outgoing,2
10162,1905,outandin,6
10162,2592,outandin,6
10162,3009,outandin,3
10162,3248,outgoing,4
10162,3311,outandin,2
10162,3499,outgoing,3
10162,3574,outandin,2
10162,4077,outandin,2
10162,4349,outandin,6
10162,5941,outandin,1
10162,6155,outgoing,3
10162,6258,outandin,3
10162,6517,outandin,5
10162,7036,outandin,5
10162,7060,outgoing,20
10162,7394,outandin,1
10162,7649,outgoing,27
10162,7887,outgoing,9
10162,7920,outandin,1
10162,7947,outgoing,1
10162,7979,outgoing,2
10162,8456,outgoing,6
10162,8864,outgoing,3
10162,9038,outgoing,12
10162,9223,outandin,7
10162,9403,outandin,3
10162,9452,outgoing,5
10162,9739,outandin,1
10162,9762,outandin,1
10162,9847,outandin,1
10162,9930,outandin,1
10031,616,outgoing,30
10031,632,outgoing,1
10031,637,outandin,1
10031,723,outgoing,6
10031,763,outandin,1
10031,868,outandin,1
10031,2044,outgoing,4
10031,2071,outgoing,2
10031,2261,outgoing,7
10031,2670,outgoing,3
10031,2852,outgoing,11
10031,2950,outgoing,1
10031,3448,outandin,1
10031,3504,outgoing,2
10031,3821,outandin,2
10031,3828,outandin,2
10031,4079,outgoing,5
10031,4101,outgoing,20
10031,4123,outandin,1
10031,4280,outgoing,7
10031,4289,outandin,1
10031,4392,outgoing,47
10031,4622,outgoing,8
10031,4623,outgoing,7
10031,4802,outandin,1
10031,4832,outgoing,4
10031,4916,outandin,1
10031,5178,outgoing,4
10031,5313,outandin,1
10031,5612,outgoing,4
10031,6114,outgoing,3
10031,6196,outandin,2
10031,6451,outgoing,7
10031,6693,outandin,2
10031,6701,outandin,2
10031,6960,outgoing,10
10031,6985,outgoing,2
10031,7258,outgoing,1
10031,7498,outandin,1
10031,7673,outandin,2
10031,7677,outgoing,1
10031,7811,outandin,1
10031,8085,outgoing,7
10031,8223,outgoing,8
10031,8370,outandin,1
10031,8667,outgoing,3
10031,8957,outgoing,1
10031,9242,outgoing,1
10031,9812,outandin,12
10031,9839,outandin,1
10031,9967,outandin,1
10013,17,outgoing,37
10013,714,outandin,1
10013,731,outgoing,18
10013,802,outandin,1
10013,1148,outgoing,72
10013,1151,outgoing,64
10013,1338,outandin,1
10013,1529,outgoing,3
10013,1913,outgoing,1
10013,1929,outgoing,20
10013,2537,outgoing,2
10013,2709,outgoing,4
10013,2922,outgoing,4
10013,2991,outgoing,23
10013,3382,outgoing,1
10013,3486,outgoing,3
10013,3557,outgoing,4
10013,3664,outgoing,1
10013,4090,outgoing,8
10013,4346,outandin,2
10013,4409,outandin,9
10013,4436,outgoing,1
10013,4515,outgoing,10
10013,4853,outgoing,34
10013,4975,outgoing,18
10013,5568,outgoing,21
10013,5659,outandin,1
10013,5897,outgoing,2
10013,5998,outgoing,7
10013,6006,outgoing,1
10013,6122,outgoing,31
10013,6134,outgoing,5
10013,6399,outandin,7
10013,6830,outgoing,14
10013,7103,outgoing,1
10013,7131,outgoing,6
10013,7335,outgoing,7
10013,7494,outandin,1
10013,7605,outgoing,7
10013,7784,outgoing,3
10013,7898,outgoing,3
10013,8010,outandin,1
10013,8173,outandin,1
10013,8181,outandin,1
10013,8188,outgoing,15
10013,8200,outgoing,2
10013,8257,outgoing,7
10013,8296,outandin,1
10013,8528,outandin,2
10013,8819,outgoing,3
10013,8825,outandin,1
10013,9460,outgoing,12
10013,9625,outandin,1
10013,9950,outandin,8
10019,108,outgoing,3
10019,130,outandin,3
10019,185,outandin,1
10019,528,outandin,1
10019,682,outgoing,6
10019,719,outgoing,1
10019,853,outandin,1
10019,1110,outgoing,8
10019,1554,outgoing,11
10019,2942,outgoing,4
10019,3128,outandin,2
10019,3218,outandin,3
10019,3501,outgoing,6
10019,3566,outgoing,4
10019,3604,outgoing,5
10019,3635,outgoing,7
10019,3750,outandin,1
10019,3831,outandin,1
10019,4194,outgoing,1
10019,4240,outgoing,3
10019,4253,outandin,1
10019,4642,outgoing,4
10019,4961,outgoing,8
10019,5003,outgoing,5
10019,5290,outgoing,2
10019,6231,outandin,7
10019,6704,outgoing,11
10019,6737,outgoing,3
10019,6801,outandin,1
10019,6998,outgoing,6
10019,7339,outgoing,4
10019,7390,outandin,1
10019,7628,outgoing,19
10019,7658,outgoing,2
10019,7757,outandin,1
10019,7949,outgoing,3
10019,8180,outgoing,9
10019,8443,outandin,2
10019,8833,outgoing,2
10019,9155,outgoing,5
10019,9530,outandin,1
10219,185,outandin,7
10219,540,outgoing,8
10219,899,outgoing,22
10219,1289,outgoing,14
10219,1340,outgoing,2
10219,1426,outgoing,12
10219,1880,outgoing,8
10219,1958,outandin,1
10219,1961,outgoing,4
10219,3136,outgoing,9
10219,3154,outandin,1
10219,3981,outgoing,13
10219,4148,outgoing,6
10219,4187,outandin,1
10219,4698,outgoing,19
10219,5063,outandin,2
10219,5108,outgoing,18
10219,5666,outgoing,9
10219,5867,outgoing,7
10219,6019,outgoing,2
10219,6022,outgoing,2
10219,6479,outgoing,6
10219,6521,outandin,4
10219,6543,outandin,2
10219,6789,outandin,3
10219,6836,outandin,1
10219,6985,outgoing,4
10219,7056,outgoing,4
10219,7478,outgoing,11
10219,7485,outgoing,11
10219,7655,outandin,1
10219,7670,outandin,2
10219,7765,outgoing,5
10219,8193,outandin,1
10219,8380,outgoing,10
10219,8583,outandin,1
10219,8992,outgoing,28
10219,9088,outgoing,3
10219,9521,outandin,2
10056,71,outandin,2
10056,75,outandin,2
10056,325,outgoing,107
10056,489,outandin,13
10056,749,outandin,5
10056,767,outgoing,1
10056,786,outgoing,23
10056,914,outandin,2
10056,944,outgoing,5
10056,1164,outandin,1
10056,1363,outandin,1
10056,1569,outandin,1
10056,1621,outgoing,7
10056,1638,outgoing,1
10056,1684,outandin,1
10056,1767,outandin,1
10056,2046,outgoing,2
10056,2102,outandin,6
10056,2328,outandin,1
10056,2369,outandin,1
10056,2391,outandin,1
10056,2723,outgoing,115
10056,2773,outgoing,9
10056,2810,outandin,2
10056,2825,outgoing,1
10056,2844,outgoing,41
10056,3331,outgoing,11
10056,3770,outgoing,1
10056,3796,outandin,1
10056,3890,outgoing,2
10056,3975,outgoing,1
10056,4166,outandin,1
10056,4468,outgoing,9
10056,4484,outandin,4
10056,4618,outandin,1
10056,4781,outgoing,6
10056,5022,outandin,2
10056,5151,outgoing,4
10056,5846,outgoing,10
10056,5870,outgoing,3
10056,6123,outgoing,2
10056,6237,outandin,1
10056,6302,outandin,1
10056,6385,outgoing,2
10056,6387,outandin,3
10056,6463,outandin,1
10056,6465,outandin,1
10056,6472,outgoing,12
10056,6503,outandin,1
10056,6537,outandin,1
10056,6546,outandin,1
10056,6779,outgoing,2
10056,7209,outgoing,1
10056,7295,outgoing,1
10056,7422,outgoing,6
10056,7486,outgoing,2
10056,7587,outandin,1
10056,7901,outandin,1
10056,8315,outgoing,16
10056,8825,outgoing,6
10056,8863,outgoing,27
10056,8875,outgoing,9
10056,8954,outandin,1
10056,9485,outandin,1
10056,9516,outandin,3
10056,9538,outandin,1
10056,9563,outgoing,1
10056,9730,outandin,8
10056,9750,outandin,6
10056,9989,outandin,1
10058,124,outgoing,5
10058,444,outgoing,12
10058,861,outgoing,3
10058,881,outgoing,17
10058,1207,outgoing,10
10058,1350,outandin,1
10058,1474,outandin,4
10058,1779,outgoing,2
10058,1896,outgoing,6
10058,1982,outgoing,1
10058,2075,outgoing,8
10058,2093,outgoing,17
10058,2172,outandin,1
10058,2173,outgoing,2
10058,2619,outgoing,17
10058,2672,outgoing,12
10058,2780,outgoing,14
10058,2825,outgoing,1
10058,2888,outgoing,3
10058,3015,outandin,3
10058,3165,outgoing,10
10058,3285,outandin,6
10058,3358,outgoing,26
10058,3576,outgoing,2
10058,3593,outgoing,4
10058,3808,outgoing,1
10058,4057,outandin,4
10058,4325,outandin,5
10058,4606,outandin,4
10058,4728,outgoing,1
10058,4790,outgoing,2
10058,4860,outgoing,4
10058,4898,outgoing,4
10058,5166,outgoing,3
10058,5603,outgoing,6
10058,5741,outgoing,1
10058,5941,outandin,7
10058,5946,outgoing,5
10058,5948,outgoing,3
10058,6280,outgoing,1
10058,6401,outandin,1
10058,6481,outgoing,4
10058,6874,outandin,4
10058,7083,outgoing,6
10058,7357,outgoing,3
10058,7539,outandin,8
10058,8027,outgoing,30
10058,8208,outgoing,4
10058,8388,outandin,1
10058,8405,outgoing,16
10058,8440,outandin,1
10058,9089,outgoing,2
10058,9388,outgoing,12
10058,9499,outgoing,4
10058,9597,outandin,6
10058,9600,outgoing,21
10058,9885,outandin,2
10058,9931,outandin,3
10098,167,outandin,5
10098,305,outandin,1
10098,807,outandin,3
10098,1377,outandin,11
10098,1397,outandin,1
10098,1981,outandin,5
10098,1993,outandin,2
10098,2142,outandin,7
10098,2371,outandin,4
10098,2441,outandin,1
10098,2578,outandin,7
10098,2608,outandin,8
10098,2639,outandin,10
10098,2890,outandin,5
10098,3104,outandin,9
10098,3428,outandin,9
10098,3462,outandin,1
10098,3797,outandin,1
10098,4366,outandin,5
10098,4482,outandin,2
10098,4513,outandin,5
10098,4692,outandin,2
10098,4968,outandin,2
10098,5126,outandin,4
10098,5263,outandin,24
10098,5278,outandin,1
10098,5820,outandin,2
10098,5922,outandin,3
10098,6333,outandin,7
10098,6433,outandin,8
10098,6437,outandin,2
10098,6541,outandin,1
10098,7265,outandin,1
10098,7840,outandin,4
10098,7950,outandin,2
10098,7980,outandin,4
10098,8112,outandin,3
10098,8237,outandin,10
10098,8426,outandin,3
10098,8540,outandin,1
10098,8794,outandin,1
10098,9227,outandin,19
10098,9494,outandin,1
10098,9533,outandin,2
10010,61,outandin,1
10010,158,outgoing,2
10010,242,outgoing,1
10010,247,outandin,1
10010,415,outandin,1
10010,495,outgoing,3
10010,539,outgoing,3
10010,549,outandin,1
10010,596,outandin,1
10010,957,outgoing,3
10010,1021,outgoing,8
10010,1031,outandin,2
10010,1140,outandin,1
10010,1157,outandin,1
10010,1311,outandin,1
10010,1384,outandin,1
10010,1415,outandin,2
10010,1520,outandin,1
10010,1653,outandin,2
10010,2046,outandin,1
10010,2095,outandin,2
10010,2164,outandin,1
10010,2433,outandin,1
10010,2492,outgoing,4
10010,2663,outandin,1
10010,2675,outgoing,4
10010,2766,outandin,2
10010,2772,outgoing,39
10010,3106,outgoing,1
10010,3137,outgoing,1
10010,3249,outgoing,2
10010,3257,outandin,1
10010,3271,outandin,1
10010,3365,outgoing,1
10010,3560,outandin,1
10010,3682,outandin,4
10010,3750,outgoing,1
10010,3795,outandin,1
10010,4098,outandin,1
10010,4378,outgoing,4
10010,4554,outgoing,3
10010,4687,outandin,3
10010,4700,outandin,1
10010,4809,outgoing,2
10010,4840,outandin,1
10010,4851,outandin,3
10010,4854,outandin,1
10010,4904,outgoing,1
10010,5303,outandin,1
10010,5613,outandin,1
10010,5744,outandin,2
10010,5814,outandin,1
10010,5876,outandin,2
10010,5944,outandin,1
10010,6100,outgoing,2
10010,6132,outandin,2
10010,6319,outandin,1
10010,6568,outandin,3
10010,6670,outandin,1
10010,7114,outandin,2
10010,7278,outgoing,2
10010,7521,outgoing,1
10010,7722,outgoing,1
10010,7771,outandin,4
10010,7814,outgoing,3
10010,7827,outandin,1
10010,7893,outandin,1
10010,7938,outandin,1
10010,8000,outandin,2
10010,8046,outandin,3
10010,8108,outandin,1
10010,8130,outandin,2
10010,8263,outandin,2
10010,8428,outgoing,2
10010,8805,outandin,1
10010,8842,outgoing,39
10010,8890,outandin,1
10010,9244,outandin,1
10010,9264,outandin,9
10010,9528,outandin,1
10010,9559,outgoing,1
10010,9562,outandin,4
10010,9924,outandin,3
10010,9982,outandin,1
10139,276,outgoing,19
10139,483,outandin,1
10139,655,outgoing,18
10139,848,outgoing,11
10139,1032,outandin,3
10139,1064,outandin,6
10139,1102,outgoing,9
10139,1149,outgoing,14
10139,1196,outgoing,7
10139,1335,outgoing,25
10139,1567,outgoing,6
10139,1886,outgoing,1
10139,1909,outgoing,5
10139,1922,outgoing,15
10139,2079,outgoing,2
10139,2529,outgoing,3
10139,2574,outgoing,7
10139,3900,outgoing,8
10139,4583,outgoing,12
10139,5161,outgoing,33
10139,5531,outgoing,3
10139,5816,outgoing,4
10139,6152,outgoing,6
10139,6846,outgoing,2
10139,7575,outgoing,10
10139,7754,outgoing,9
10139,9338,outgoing,17
10139,9341,outgoing,21
10014,18,outandin,4
10014,1591,outgoing,7
10014,1641,outandin,2
10014,1696,outgoing,3
10014,2177,outgoing,19
10014,2373,outandin,2
10014,2434,outgoing,1
10014,2658,outandin,1
10014,2830,outandin,3
10014,3799,outgoing,3
10014,4051,outgoing,9
10014,4083,outgoing,7
10014,4868,outgoing,6
10014,5127,outgoing,2
10014,5225,outandin,1
10014,6027,outgoing,7
10014,6431,outandin,3
10014,6618,outandin,2
10014,6685,outgoing,1
10014,6992,outandin,2
10014,7058,outandin,1
10014,7089,outandin,2
10014,7264,outgoing,2
10014,7384,outgoing,6
10014,7549,outgoing,6
10014,7830,outgoing,2
10014,8358,outgoing,5
10014,8419,outgoing,8
10014,8638,outgoing,6
10014,8832,outgoing,3
10014,9078,outgoing,3
10014,9218,outgoing,2
10014,9344,outandin,2
10014,9470,outgoing,9
10014,9561,outgoing,20
10014,9593,outgoing,2
10014,9633,outgoing,16
10014,9740,outgoing,16
10014,9762,outandin,1
10014,9805,outgoing,5
10066,107,outgoing,7
10066,300,outgoing,1
10066,514,outgoing,11
10066,549,outandin,1
10066,872,outandin,5
10066,1284,outandin,1
10066,1419,outgoing,3
10066,1471,outandin,1
10066,1611,outandin,1
10066,1790,outgoing,4
10066,1948,outandin,1
10066,2105,outgoing,1
10066,2263,outgoing,4
10066,2395,outgoing,7
10066,2483,outgoing,1
10066,2513,outandin,2
10066,2553,outandin,2
10066,2692,outandin,1
10066,2987,outgoing,1
10066,3067,outgoing,1
10066,3154,outandin,3
10066,3193,outgoing,1
10066,3217,outgoing,8
10066,3424,outandin,1
10066,3440,outgoing,6
10066,3442,outandin,1
10066,3536,outgoing,11
10066,3692,outgoing,1
10066,3719,outandin,2
10066,4148,outgoing,6
10066,4475,outandin,1
10066,4758,outgoing,4
10066,4813,outgoing,4
10066,4935,outgoing,4
10066,5004,outandin,1
10066,5178,outgoing,1
10066,5278,outgoing,10
10066,5358,outandin,1
10066,5420,outgoing,19
10066,5496,outgoing,1
10066,5813,outgoing,10
10066,6238,outgoing,6
10066,6277,outgoing,1
10066,6583,outandin,1
10066,6604,outandin,1
10066,6695,outgoing,39
10066,6789,outgoing,2
10066,6944,outandin,1
10066,6951,outandin,1
10066,6952,outgoing,8
10066,7370,outgoing,15
10066,7449,outandin,1
10066,7623,outandin,1
10066,8246,outandin,1
10066,8380,outandin,1
10066,8505,outandin,1
10066,8631,outgoing,9
10066,8883,outandin,1
10066,8985,outandin,1
10066,9049,outgoing,1
10066,9541,outandin,1
10066,9583,outgoing,7
10066,9756,outgoing,55
10002,2,outgoing,19
10002,87,outandin,1
10002,204,outgoing,22
10002,751,outgoing,1
10002,779,outandin,1
10002,1298,outgoing,2
10002,1924,outgoing,7
10002,2086,outandin,1
10002,2585,outgoing,1
10002,2880,outgoing,1
10002,3063,outgoing,2
10002,3100,outgoing,5
10002,3190,outandin,1
10002,3471,outgoing,5
10002,3557,outandin,1
10002,3727,outandin,3
10002,3809,outgoing,3
10002,4153,outgoing,2
10002,4427,outgoing,2
10002,4867,outandin,1
10002,5111,outgoing,4
10002,5332,outandin,4
10002,5366,outgoing,15
10002,5421,outgoing,9
10002,5629,outgoing,3
10002,5727,outgoing,8
10002,5989,outandin,1
10002,6048,outgoing,1
10002,6221,outgoing,2
10002,6224,outandin,1
10002,6596,outandin,2
10002,8440,outgoing,2
10002,8608,outgoing,11
10002,9242,outandin,1
10002,9465,outgoing,8
10002,9647,outgoing,12
10267,441,outgoing,9
10267,703,outgoing,8
10267,952,outgoing,7
10267,1094,outgoing,9
10267,1109,outandin,2
10267,1114,outgoing,3
10267,1448,outgoing,7
10267,2792,outgoing,5
10267,3255,outgoing,5
10267,3400,outgoing,1
10267,3566,outgoing,2
10267,3618,outgoing,9
10267,4371,outgoing,1
10267,4621,outgoing,5
10267,5070,outgoing,3
10267,5092,outandin,1
10267,5738,outgoing,9
10267,5791,outgoing,13
10267,5867,outandin,1
10267,6047,outandin,2
10267,6219,outandin,6
10267,6532,outgoing,2
10267,6789,outgoing,2
10267,6836,outgoing,1
10267,8240,outgoing,15
10267,8377,outgoing,2
10267,8618,outgoing,5
10267,8665,outgoing,5
10267,8678,outgoing,3
10267,8880,outgoing,2
10267,9057,outgoing,4
10267,9097,outgoing,1
10267,9566,outgoing,2
10267,9684,outgoing,1
10030,27,outandin,1
10030,48,outandin,4
10030,61,outandin,1
10030,372,outandin,4
10030,594,outandin,1
10030,827,outandin,1
10030,1027,outandin,11
10030,1151,outandin,1
10030,1188,outandin,1
10030,1194,outandin,1
10030,1338,outandin,1
10030,1512,outandin,10
10030,1529,outandin,2
10030,1740,outandin,6
10030,1935,outandin,5
10030,1987,outandin,2
10030,2709,outandin,1
10030,2771,outandin,3
10030,2832,outandin,8
10030,3057,outandin,2
10030,3139,outandin,5
10030,3169,outandin,1
10030,3209,outandin,2
10030,3554,outandin,2
10030,3579,outandin,3
10030,3701,outandin,7
10030,3843,outandin,1
10030,3954,outandin,7
10030,3979,outandin,13
10030,4409,outandin,28
10030,4440,outandin,3
10030,4689,outandin,1
10030,4748,outandin,1
10030,4888,outandin,5
10030,5213,outandin,2
10030,5406,outandin,1
10030,5482,outandin,3
10030,5506,outandin,2
10030,5636,outandin,11
10030,5778,outandin,1
10030,5981,outandin,1
10030,6064,outandin,3
10030,6084,outandin,26
10030,6122,outandin,5
10030,6469,outandin,1
10030,6984,outandin,2
10030,7372,outandin,2
10030,7574,outandin,1
10030,7655,outandin,2
10030,7656,outandin,1
10030,7784,outandin,2
10030,7888,outandin,3
10030,7900,outandin,2
10030,7921,outandin,2
10030,8143,outandin,3
10030,8173,outandin,2
10030,8230,outandin,3
10030,8296,outandin,1
10030,9054,outandin,31
10030,9950,outandin,2
10298,145,outandin,1
10298,184,outandin,1
10298,335,outandin,2
10298,410,outandin,1
10298,724,outgoing,11
10298,875,outandin,1
10298,1260,outandin,1
10298,1355,outandin,1
10298,1767,outandin,2
10298,1867,outandin,1
10298,1892,outandin,4
10298,1916,outandin,1
10298,2008,outandin,2
10298,2146,outgoing,36
10298,2201,outgoing,13
10298,2711,outgoing,2
10298,2845,outandin,1
10298,2913,outandin,1
10298,2922,outandin,1
10298,3301,outgoing,22
10298,4485,outgoing,12
10298,4545,outgoing,5
10298,4666,outgoing,1
10298,4866,outandin,1
10298,5068,outgoing,17
10298,5517,outgoing,4
10298,5767,outgoing,10
10298,5856,outgoing,1
10298,5909,outgoing,6
10298,5931,outandin,1
10298,6063,outgoing,1
10298,6097,outgoing,7
10298,6104,outgoing,3
10298,6328,outandin,1
10298,6870,outgoing,8
10298,6881,outgoing,1
10298,6957,outandin,1
10298,6995,outgoing,11
10298,7046,outgoing,2
10298,7072,outgoing,2
10298,7098,outgoing,11
10298,7166,outgoing,1
10298,7183,outgoing,5
10298,7361,outandin,2
10298,7629,outgoing,1
10298,7656,outandin,1
10298,7769,outgoing,5
10298,7834,outandin,3
10298,7909,outgoing,4
10298,8076,outandin,1
10298,8168,outgoing,1
10298,8578,outandin,2
10298,8696,outandin,34
10298,8800,outgoing,2
10298,8925,outgoing,28
10298,9194,outandin,1
10298,9398,outandin,1
10298,9427,outgoing,13
10298,9440,outgoing,1
10298,9497,outgoing,3
10298,9630,outgoing,3
10298,9720,outandin,1
10298,9728,outgoing,1
10298,9749,outandin,18
10298,9810,outgoing,2
10298,9818,outgoing,2
10298,9845,outgoing,1
10298,9875,outandin,1
10298,9917,outandin,2
10298,9934,outandin,1
10298,9965,outandin,1
10298,9986,outandin,29
10339,1007,outgoing,9
10339,1606,outgoing,12
10339,1636,outgoing,6
10339,1687,outgoing,5
10339,1943,outgoing,39
10339,1957,outgoing,5
10339,2249,outgoing,9
10339,2264,outgoing,46
10339,2343,outgoing,8
10339,2450,outgoing,8
10339,2535,outgoing,13
10339,2581,outgoing,4
10339,2607,outandin,1
10339,2630,outgoing,14
10339,2661,outgoing,3
10339,2685,outgoing,3
10339,2876,outandin,2
10339,3388,outgoing,3
10339,3711,outgoing,4
10339,4232,outandin,2
10339,4775,outandin,1
10339,5467,outgoing,1
10339,5524,outandin,1
10339,5598,outgoing,1
10339,5745,outandin,1
10339,6870,outandin,1
10339,6969,outgoing,1
10339,7354,outgoing,11
10339,7895,outgoing,27
10339,7906,outgoing,14
10339,8685,outgoing,11
10339,9653,outgoing,12
10339,9667,outgoing,25
10143,483,outgoing,1
10143,616,outandin,1
10143,637,outgoing,8
10143,960,outandin,1
10143,1358,outandin,1
10143,1380,outgoing,15
10143,1723,outgoing,2
10143,1769,outgoing,2
10143,1792,outgoing,2
10143,2391,outandin,2
10143,3612,outandin,6
10143,3662,outgoing,1
10143,3732,outgoing,1
10143,3898,outgoing,2
10143,4107,outgoing,1
10143,4148,outandin,1
10143,4263,outandin,1
10143,4652,outgoing,8
10143,4665,outandin,1
10143,4671,outgoing,5
10143,4723,outgoing,2
10143,4803,outandin,1
10143,4900,outandin,3
10143,4939,outandin,1
10143,5070,outandin,2
10143,5084,outgoing,8
10143,5141,outandin,1
10143,5313,outandin,1
10143,5358,outgoing,1
10143,5738,outgoing,1
10143,5768,outandin,2
10143,6245,outandin,11
10143,6255,outandin,2
10143,6332,outgoing,4
10143,6410,outgoing,8
10143,6576,outandin,3
10143,6604,outgoing,7
10143,6634,outgoing,2
10143,7119,outandin,1
10143,7546,outandin,9
10143,7585,outgoing,4
10143,7676,outgoing,8
10143,7697,outgoing,4
10143,7731,outgoing,1
10143,8052,outgoing,1
10143,8070,outgoing,6
10143,8306,outandin,1
10143,8392,outgoing,6
10143,8408,outgoing,1
10143,8505,outgoing,8
10143,8692,outandin,2
10143,8952,outandin,3
10143,9119,outandin,2
10143,9494,outandin,1
10143,9533,outgoing,2
10143,9864,outgoing,4
10143,9989,outandin,1
10035,54,outgoing,14
10035,145,outandin,4
10035,248,outgoing,9
10035,298,outgoing,1
10035,410,outgoing,2
10035,491,outgoing,6
10035,513,outgoing,9
10035,527,outgoing,92
10035,530,outgoing,37
10035,724,outgoing,17
10035,731,outgoing,67
10035,875,outandin,1
10035,900,outandin,1
10035,906,outgoing,2
10035,1496,outandin,1
10035,1588,outgoing,2
10035,1935,outgoing,1
10035,1987,outandin,1
10035,2042,outgoing,8
10035,2075,outgoing,3
10035,2123,outandin,1
10035,2369,outgoing,1
10035,2537,outgoing,2
10035,2791,outgoing,16
10035,2913,outgoing,1
10035,3027,outgoing,46
10035,3190,outandin,3
10035,3212,outgoing,18
10035,3865,outgoing,26
10035,4036,outandin,1
10035,4488,outgoing,17
10035,4626,outgoing,1
10035,4836,outgoing,9
10035,4844,outandin,3
10035,4880,outandin,1
10035,4942,outandin,3
10035,5027,outgoing,13
10035,5401,outgoing,10
10035,5602,outandin,6
10035,5663,outgoing,4
10035,5778,outgoing,5
10035,6050,outgoing,3
10035,6525,outgoing,5
10035,6830,outgoing,3
10035,6945,outgoing,2
10035,6972,outgoing,1
10035,6984,outgoing,2
10035,7685,outgoing,5
10035,7691,outgoing,15
10035,8048,outandin,1
10035,8219,outgoing,3
10035,8276,outandin,2
10035,8557,outgoing,7
10035,9023,outgoing,10
10035,9192,outgoing,4
10035,9211,outgoing,2
10035,9276,outgoing,47
10035,9393,outgoing,11
10035,9717,outandin,1
10035,9845,outandin,1
10035,9877,outandin,1
10035,9910,outandin,1
10035,9932,outgoing,16
10035,9950,outandin,1
10035,9969,outandin,11
10035,9996,outandin,1
10176,62,outandin,3
10176,339,outandin,1
10176,390,outandin,8
10176,483,outandin,1
10176,695,outandin,8
10176,711,outandin,3
10176,756,outandin,2
10176,764,outandin,1
10176,774,outandin,1
10176,816,outandin,9
10176,1201,outandin,1
10176,1342,outandin,1
10176,1353,outandin,1
10176,1827,outandin,5
10176,1910,outandin,3
10176,2000,outandin,4
10176,2238,outandin,3
10176,2272,outandin,1
10176,2437,outandin,1
10176,2508,outandin,1
10176,3071,outandin,5
10176,3218,outandin,1
10176,3551,outandin,6
10176,3753,outandin,1
10176,3790,outandin,1
10176,3794,outandin,1
10176,3812,outandin,2
10176,3845,outandin,2
10176,3855,outandin,1
10176,3916,outandin,2
10176,3953,outandin,1
10176,4003,outandin,1
10176,4011,outandin,2
10176,4128,outandin,1
10176,4383,outandin,6
10176,4430,outandin,5
10176,4865,outandin,7
10176,4904,outandin,1
10176,5000,outandin,4
10176,5204,outandin,1
10176,5327,outandin,3
10176,5403,outandin,18
10176,5504,outandin,2
10176,5852,outandin,1
10176,6221,outandin,1
10176,6295,outandin,3
10176,6409,outandin,1
10176,6704,outandin,1
10176,6796,outandin,3
10176,7212,outandin,4
10176,7327,outandin,3
10176,7519,outandin,2
10176,7761,outandin,2
10176,7843,outandin,2
10176,7962,outandin,2
10176,8000,outandin,2
10176,8457,outandin,1
10176,9496,outandin,1
10061,98,outgoing,5
10061,880,outandin,4
10061,1109,outgoing,1
10061,1377,outandin,1
10061,1428,outandin,1
10061,2105,outgoing,2
10061,2164,outgoing,6
10061,3154,outandin,1
10061,3302,outandin,3
10061,3578,outandin,1
10061,3872,outgoing,9
10061,4095,outandin,1
10061,4400,outgoing,3
10061,4692,outgoing,3
10061,4767,outgoing,11
10061,4803,outgoing,1
10061,4842,outgoing,8
10061,5008,outandin,1
10061,5061,outgoing,6
10061,5570,outandin,3
10061,5859,outgoing,9
10061,5943,outgoing,13
10061,5977,outgoing,2
10061,6018,outandin,5
10061,6624,outgoing,7
10061,6716,outandin,3
10061,6849,outandin,1
10061,7163,outgoing,2
10061,7474,outgoing,1
10061,7666,outgoing,10
10061,7907,outgoing,13
10061,8261,outgoing,1
10061,9222,outgoing,8
10061,9227,outandin,4
10061,9314,outgoing,13
10061,9349,outgoing,2
10092,163,outandin,12
10092,483,outandin,1
10092,524,outandin,7
10092,697,outandin,10
10092,934,outandin,7
10092,2509,outandin,1
10092,2650,outandin,3
10092,2725,outandin,14
10092,2799,outandin,2
10092,3076,outandin,12
10092,3112,outandin,12
10092,3152,outandin,3
10092,3318,outandin,1
10092,3500,outandin,3
10092,3660,outandin,1
10092,4664,outandin,4
10092,4988,outandin,12
10092,6236,outandin,5
10092,6295,outandin,1
10092,6805,outandin,1
10092,7151,outandin,4
10092,7475,outandin,1
10092,8018,outandin,3
10092,8106,outandin,16
10092,8176,outandin,2
10092,8650,outandin,1
10092,8657,outandin,4
10092,8783,outandin,1
10092,9016,outandin,1
10092,9196,outandin,8
10092,9528,outandin,1
10092,9731,outandin,7
10092,9857,outandin,4
10115,21,outgoing,14
10115,158,outgoing,2
10115,171,outandin,1
10115,237,outandin,11
10115,242,outandin,2
10115,294,outandin,1
10115,632,outandin,1
10115,710,outandin,2
10115,731,outgoing,22
10115,736,outgoing,3
10115,814,outgoing,5
10115,964,outandin,2
10115,1084,outgoing,7
10115,1183,outgoing,2
10115,1540,outandin,2
10115,1562,outgoing,7
10115,1741,outgoing,8
10115,1812,outgoing,12
10115,1824,outgoing,2
10115,2869,outandin,1
10115,2934,outgoing,2
10115,3181,outgoing,2
10115,3209,outgoing,6
10115,3377,outgoing,4
10115,3418,outandin,1
10115,3612,outandin,1
10115,3633,outandin,1
10115,3851,outandin,1
10115,4174,outandin,1
10115,4205,outgoing,1
10115,4317,outandin,1
10115,4325,outandin,1
10115,4382,outandin,2
10115,4409,outandin,1
10115,4486,outgoing,4
10115,4524,outgoing,1
10115,4600,outgoing,1
10115,5049,outgoing,3
10115,5106,outgoing,1
10115,5120,outgoing,15
10115,5152,outandin,1
10115,5316,outandin,3
10115,5525,outgoing,9
10115,5792,outgoing,2
10115,5852,outgoing,5
10115,5964,outgoing,1
10115,6047,outgoing,6
10115,6164,outandin,1
10115,6386,outgoing,6
10115,6592,outandin,1
10115,6778,outandin,1
10115,6836,outgoing,1
10115,6874,outandin,1
10115,7173,outandin,1
10115,7177,outandin,1
10115,7324,outandin,1
10115,7454,outgoing,3
10115,7802,outandin,1
10115,7962,outandin,1
10115,8093,outgoing,1
10115,8312,outandin,1
10115,8322,outgoing,12
10115,8469,outandin,1
10115,8870,outgoing,1
10115,8883,outandin,1
10115,9520,outgoing,1
10115,9567,outgoing,3
10115,9575,outgoing,2
10115,9706,outandin,11
10115,9850,outgoing,3
10128,229,outandin,9
10128,1298,outandin,3
10128,1787,outandin,7
10128,2278,outandin,9
10128,2909,outandin,10
10128,2920,outandin,13
10128,3115,outandin,3
10128,3451,outandin,2
10128,3484,outandin,24
10128,4328,outandin,14
10128,4500,outandin,7
10128,4741,outandin,4
10128,4745,outandin,17
10128,4762,outandin,10
10128,4995,outandin,16
10128,5067,outandin,7
10128,5779,outandin,5
10128,5892,outandin,1
10128,6534,outandin,4
10128,6642,outandin,2
10128,6679,outandin,8
10128,7016,outandin,17
10128,7305,outandin,1
10128,7421,outandin,6
10128,7592,outandin,2
10128,8805,outandin,17
