node,centrality,community,density,eign,betwness,closeness,volatility,name,type
8,1,0,0.021438953488372,0.0040686286328533,0.0,0.2510153353918137,0.25,User_8,outandin
9,1,0,0.021438953488372,0.0081372572657066,0.0,0.2510153353918137,0.16666666666666666,User_9,outandin
10,1,0,0.021438953488372,0.0040686286328533,0.0,0.2510153353918137,0.5833333333333334,User_10,outandin
191,1,0,0.021438953488372,0.0002139809971728,0.0,0.1831535127936044,0.16666666666666666,User_191,outgoing
197,1,0,0.021438953488372,0.0040686286328533,0.0,0.2510153353918137,0.3333333333333333,User_197,outgoing
217,1,0,0.021438953488372,0.0008453871990639,0.0,0.2294544822399013,0.16666666666666666,User_217,outgoing
218,1,0,0.021438953488372,0.0008453871990639,0.0,0.2294544822399013,0.16666666666666666,User_218,outgoing
229,1,0,0.021438953488372,0.0008453871990639,0.0,0.2294544822399013,0.16666666666666666,User_229,outgoing
234,1,0,0.021438953488372,0.0008453871990639,0.0,0.2294544822399013,0.16666666666666666,User_234,outgoing
240,1,0,0.021438953488372,0.0008453871990639,0.0,0.2294544822399013,0.16666666666666666,User_240,outgoing
246,1,0,0.021438953488372,0.0008453871990639,0.0,0.2294544822399013,0.3333333333333333,User_246,outgoing
251,1,0,0.021438953488372,0.0008453871990639,0.0,0.2294544822399013,0.3333333333333333,User_251,outgoing
277,1,0,0.021438953488372,0.0008453871990639,0.0,0.2294544822399013,0.16666666666666666,User_277,outgoing
320,1,0,0.021438953488372,0.0008453871990639,0.0,0.2294544822399013,0.16666666666666666,User_320,outgoing
328,1,0,0.021438953488372,0.0008453871990639,0.0,0.2294544822399013,0.3333333333333333,User_328,outgoing
333,1,0,0.021438953488372,0.0008453871990639,0.0,0.2294544822399013,0.16666666666666666,User_333,outgoing
335,1,0,0.021438953488372,0.0008453871990639,0.0,0.2294544822399013,0.16666666666666666,User_335,outandin
337,1,0,0.021438953488372,0.0008453871990639,0.0,0.2294544822399013,0.16666666666666666,User_337,outandin
343,1,0,0.021438953488372,0.0008453871990639,0.0,0.2294544822399013,0.16666666666666666,User_343,outandin
344,1,0,0.021438953488372,0.0008453871990639,0.0,0.2294544822399013,0.16666666666666666,User_344,outandin
348,1,0,0.021438953488372,0.0008453871990639,0.0,0.2294544822399013,0.16666666666666666,User_348,outgoing
360,1,0,0.021438953488372,0.0008453871990639,0.0,0.2294544822399013,0.16666666666666666,User_360,outgoing
362,1,0,0.021438953488372,0.0008453871990639,0.0,0.2294544822399013,0.16666666666666666,User_362,outandin
364,1,0,0.021438953488372,0.0008453871990639,0.0,0.2294544822399013,0.16666666666666666,User_364,outandin
381,1,0,0.021438953488372,0.0008453871990639,0.0,0.2294544822399013,0.16666666666666666,User_381,outandin
413,1,0,0.021438953488372,0.0008453871990639,0.0,0.2294544822399013,0.16666666666666666,User_413,outandin
421,1,0,0.021438953488372,0.0081372572657066,0.0,0.2510153353918137,0.16666666666666666,User_421,outgoing
422,1,0,0.021438953488372,0.0008453871990639,0.0,0.2294544822399013,0.16666666666666666,User_422,outandin
426,1,0,0.021438953488372,0.0008453871990639,0.0,0.2294544822399013,0.16666666666666666,User_426,outandin
511,1,0,0.021438953488372,0.0081372572657066,0.0,0.2510153353918137,0.16666666666666666,User_511,outandin
556,1,0,0.021438953488372,0.005020066005477,0.0,0.225868537616637,0.3333333333333333,User_556,outandin
590,1,0,0.021438953488372,0.0006750406621673,0.0,0.2015933246145628,0.5,User_590,outandin
648,1,0,0.021438953488372,0.0090244723025135,0.0,0.2435846739940871,0.16666666666666666,User_648,outandin
668,1,0,0.021438953488372,0.0030437165937472,0.0,0.2337847099221558,0.16666666666666666,User_668,outandin
723,1,0,0.021438953488372,4.049257295926181e-06,0.0,0.1446567267091794,0.16666666666666666,User_723,outandin
737,1,0,0.021438953488372,7.875620132298312e-05,0.0,0.1900707926563202,0.16666666666666666,User_737,outandin
772,1,0,0.021438953488372,0.0010278339746271,0.0,0.2066941458094307,0.16666666666666666,User_772,outandin
808,1,0,0.021438953488372,0.0010278339746271,0.0,0.2066941458094307,0.16666666666666666,User_808,outandin
883,1,0,0.021438953488372,2.4333134234894212e-05,0.0,0.1663926009217174,0.16666666666666666,User_883,outandin
1049,1,0,0.021438953488372,0.0011811098411906,0.0,0.2047792681643297,0.16666666666666666,User_1049,outandin
1072,1,0,0.021438953488372,0.0005569805989717,0.0,0.2174594659036719,0.16666666666666666,User_1072,outandin
1111,1,0,0.021438953488372,7.949138196591655e-05,0.0,0.170882199673281,0.16666666666666666,User_1111,outandin
1161,1,0,0.021438953488372,0.005020066005477,0.0,0.225868537616637,0.16666666666666666,User_1161,outandin
1182,1,0,0.021438953488372,0.0011811098411906,0.0,0.2047792681643297,0.16666666666666666,User_1182,outandin
1189,1,0,0.021438953488372,0.0029025371735035,0.0,0.218259413600123,0.16666666666666666,User_1189,outandin
1250,1,0,0.021438953488372,6.537585598551728e-05,0.0,0.1861476009320732,0.16666666666666666,User_1250,outandin
1369,1,0,0.021438953488372,0.0081372572657066,0.0,0.2510153353918137,0.3333333333333333,User_1369,outandin
1389,1,0,0.021438953488372,0.0040686286328533,0.0,0.2510153353918137,0.3333333333333333,User_1389,incoming
1395,1,0,0.021438953488372,0.0002051636533316,0.0,0.1921441744067897,0.16666666666666666,User_1395,outandin
241,2,0,0.021438953488372,0.0129435325625479,0.0060908410158489,0.2686629817074917,0.3333333333333333,User_241,outgoing
308,2,0,0.021438953488372,0.0139860603803135,3.211280477122436e-05,0.2636982154958211,0.3333333333333333,User_308,outgoing
321,2,0,0.021438953488372,0.0054983875872394,0.0,0.2437953873798951,0.16666666666666666,User_321,outgoing
331,2,0,0.021438953488372,0.001621535040806,0.000623476761756,0.2305808695530037,0.16666666666666666,User_331,outandin
365,2,0,0.021438953488372,0.0008504126705945,0.0016887158385322,0.2295479273558613,0.16666666666666666,User_365,outgoing
377,2,0,0.021438953488372,0.0020440840025492,0.0005805226291185,0.2403133385727212,0.16666666666666666,User_377,outgoing
515,2,0,0.021438953488372,0.0058341102293661,5.0039926594061375e-06,0.2346118358469584,0.16666666666666666,User_515,outandin
519,2,0,0.021438953488372,0.0010184032177473,0.0004189617585987,0.235444835264126,0.16666666666666666,User_519,outandin
549,2,0,0.021438953488372,0.0050512957686279,0.0003110694704761,0.2262765699005691,0.16666666666666666,User_549,outandin
555,2,0,0.021438953488372,0.0051173706466386,0.0001113935586967,0.22778538517774,0.16666666666666666,User_555,outandin
572,2,0,0.021438953488372,0.0004062786586239,2.229681762667029e-05,0.1889874050703495,0.16666666666666666,User_572,outandin
589,2,0,0.021438953488372,0.0094363279400323,1.626704637633357e-05,0.2426931907954004,0.16666666666666666,User_589,outandin
674,2,0,0.021438953488372,0.0120681888962608,0.0,0.2551051982902546,0.16666666666666666,User_674,outandin
677,2,0,0.021438953488372,0.0081896116795943,0.0016321324880418,0.2514632771011901,0.16666666666666666,User_677,outandin
695,2,0,0.021438953488372,0.0040929617670882,0.0033744819550757,0.2512391065844964,0.16666666666666666,User_695,outandin
696,2,0,0.021438953488372,0.0003165175286904,0.0016887158385322,0.2002326591908766,0.16666666666666666,User_696,outandin
722,2,0,0.021438953488372,5.266576614527029e-05,0.0016887158385322,0.1695712802714553,0.16666666666666666,User_722,incoming
727,2,0,0.021438953488372,0.0102106015070028,0.000563296556007,0.2491843216721121,0.16666666666666666,User_727,outandin
728,2,0,0.021438953488372,0.003319456991135,7.628947277635392e-06,0.2248324434073863,0.16666666666666666,User_728,outandin
764,2,0,0.021438953488372,0.0100523062771406,0.0001130053843104,0.2465142950458419,0.16666666666666666,User_764,outandin
773,2,0,0.021438953488372,0.0090346763953956,0.0,0.2524770148364245,0.16666666666666666,User_773,outandin
774,2,0,0.021438953488372,0.0015280421164662,6.279220683450583e-05,0.2170825864133709,0.16666666666666666,User_774,outandin
817,2,0,0.021438953488372,0.0010339452727729,0.0016887158385322,0.2067699690470717,0.16666666666666666,User_817,outandin
828,2,0,0.021438953488372,0.0095814529014853,0.0001755366517922,0.2471086960203058,0.16666666666666666,User_828,outandin
991,2,0,0.021438953488372,0.0012325733707795,0.0034222161395999,0.2189376327917334,0.16666666666666666,User_991,outandin
1052,2,0,0.021438953488372,0.0013541258598741,8.933141826213122e-05,0.2192356809110531,0.9166666666666666,User_1052,outandin
1291,2,0,0.021438953488372,0.0027842458594158,0.0016887158385322,0.2250119503482305,0.16666666666666666,User_1291,outandin
1293,2,0,0.021438953488372,0.0032165086585129,0.0,0.2302982372307733,0.3333333333333333,User_1293,outandin
1346,2,0,0.021438953488372,0.0119594304022812,4.6735585788061395e-05,0.2512951117353177,0.16666666666666666,User_1346,outandin
1359,2,0,0.021438953488372,0.001092952618266,6.296602973741153e-05,0.2095371507889656,0.16666666666666666,User_1359,outandin
166,3,0,0.021438953488372,0.0078843676651006,1.445201966652085e-05,0.2443237692337744,0.3333333333333333,User_166,outgoing
224,3,0,0.021438953488372,0.0087810217325102,0.0021099512460384,0.253498959128544,0.3333333333333333,User_224,outgoing
278,3,0,0.021438953488372,0.0010244574597234,0.0021076775971309,0.2355432242466851,0.16666666666666666,User_278,outgoing
310,3,0,0.021438953488372,0.0087482263797463,0.0030394268721173,0.2622870803268113,0.16666666666666666,User_310,outgoing
317,3,0,0.021438953488372,0.0193528059868585,2.293887697188436e-05,0.2624091879061069,0.16666666666666666,User_317,outgoing
415,3,0,0.021438953488372,0.0002338320446001,0.0018023681085274,0.201629381370888,0.6666666666666666,User_415,outgoing
425,3,0,0.021438953488372,0.0090844095983489,0.0062546913528529,0.2754238629964904,0.3333333333333333,User_425,outgoing
479,3,0,0.021438953488372,0.0154879194003664,0.0002942336197724,0.2668820717908701,0.16666666666666666,User_479,outgoing
569,3,0,0.021438953488372,0.0155453586737255,3.298596845342565e-05,0.2688552042081171,0.16666666666666666,User_569,outandin
672,3,0,0.021438953488372,0.0053098118521138,0.001967623105596,0.25259015712405,0.16666666666666666,User_672,outandin
685,3,0,0.021438953488372,0.0006810047637457,0.0033774316770644,0.2047792681643297,0.16666666666666666,User_685,outandin
718,3,0,0.021438953488372,0.0055040257851074,7.05411832888726e-05,0.2372285082585511,0.16666666666666666,User_718,incoming
1046,3,0,0.021438953488372,0.0053372964452227,0.0017157881101498,0.2387356779425318,0.16666666666666666,User_1046,outandin
1358,3,0,0.021438953488372,0.0089321094197434,0.0003970677404375,0.2406724746465916,0.16666666666666666,User_1358,incoming
143,4,0,0.021438953488372,0.0130136265407369,0.0014990610530761,0.2551629405261736,0.5,User_143,outgoing
150,4,0,0.021438953488372,0.0155098925591896,0.0004023259400249,0.2628987572865287,0.16666666666666666,User_150,outgoing
508,4,0,0.021438953488372,0.0100961218888659,1.0515407732345035e-05,0.2436373181855706,0.16666666666666666,User_508,outandin
532,4,0,0.021438953488372,0.0070257848123286,0.0004388411063189,0.2437426748637049,0.16666666666666666,User_532,outandin
653,4,0,0.021438953488372,0.0133940747169276,6.985073619293344e-05,0.2590325990911385,0.16666666666666666,User_653,outandin
215,5,0,0.021438953488372,0.0318955074133767,7.314484791633564e-05,0.2867743249159591,1.0,User_215,outgoing
262,5,0,0.021438953488372,0.0207221824899949,0.0003342505859629,0.2577297373673148,0.3333333333333333,User_262,outgoing
361,5,0,0.021438953488372,0.0341276002168758,0.0002673366983574,0.291068905562777,0.4166666666666667,User_361,outandin
386,5,0,0.021438953488372,0.0311842803395338,0.0002643161769877,0.2780734758866885,0.3333333333333333,User_386,outgoing
441,5,0,0.021438953488372,0.0172362179299404,0.0013979228587168,0.2723628584790131,0.16666666666666666,User_441,outgoing
518,5,0,0.021438953488372,0.0297412290269666,0.0001254143803575,0.2762337346838116,0.16666666666666666,User_518,outandin
851,5,0,0.021438953488372,0.0476212983615233,0.0023198770792691,0.2858290748591874,0.16666666666666666,User_851,outandin
60,6,0,0.021438953488372,0.0045011994200064,0.0066031070977804,0.2557418038213782,0.08333333333333333,User_60,
135,6,0,0.021438953488372,0.0116742736754122,0.0007161693127119,0.2584980213814802,0.25,User_135,
494,6,0,0.021438953488372,0.0374625674192678,0.0009870542313609,0.2976002827995341,0.16666666666666666,User_494,outgoing
539,6,0,0.021438953488372,0.0300187793898407,0.0002082649859048,0.2750207053536558,0.8333333333333334,User_539,outandin
545,7,0,0.021438953488372,0.0144909708178523,0.0084251800835113,0.2791061825314769,0.3333333333333333,User_545,incoming
1277,7,0,0.021438953488372,0.0360092734732623,0.0053803110771998,0.291520525276606,0.5,User_1277,outandin
387,8,0,0.021438953488372,0.0329707800091699,0.0016663285254263,0.2846742099102614,0.3333333333333333,User_387,
249,9,0,0.021438953488372,0.0133705880661448,0.0075497229516168,0.2616175147933709,0.3333333333333333,User_249,
396,9,0,0.021438953488372,0.0405909495901036,0.0007399638053869,0.2877993033557915,0.3333333333333333,User_396,outgoing
178,10,0,0.021438953488372,0.0153654089453572,0.0049619089282445,0.2585573099184943,0.5,User_178,outgoing
530,10,0,0.021438953488372,0.0350085165891613,0.0012047079113503,0.2859740921472946,0.3333333333333333,User_530,outandin
651,10,0,0.021438953488372,0.0377590186489505,0.0023726439868682,0.2804253411056306,0.16666666666666666,User_651,outandin
283,11,0,0.021438953488372,0.056764826811176,0.0020272143292598,0.2972863584505895,0.3333333333333333,User_283,outgoing
266,13,0,0.021438953488372,0.0395946337978558,0.0241354975478992,0.3065841368628325,0.5,User_266,outgoing
350,13,0,0.021438953488372,0.0779445188898897,0.0019745786552608,0.2996570630634331,0.3333333333333333,User_350,
399,13,0,0.021438953488372,0.0598861338296914,0.0018338788870845,0.2915959315169775,0.16666666666666666,User_399,outgoing
256,14,0,0.021438953488372,0.0605299226105227,0.0068352695834439,0.3006961513055842,0.6666666666666666,User_256,outgoing
520,18,0,0.021438953488372,0.0653085385087079,0.0081757109323165,0.2931122910152458,0.3333333333333333,User_520,outandin
353,21,0,0.021438953488372,0.067075221671622,0.014474516565498,0.3135771547272977,0.3333333333333333,User_353,
630,26,0,0.021438953488372,0.1083013490598073,0.0044179883728543,0.3164822771602008,0.3333333333333333,User_630,outandin
647,28,0,0.021438953488372,0.1174005929521747,0.0212073763184235,0.3236606004147675,0.5,User_647,outandin
198,29,0,0.021438953488372,0.1025546519868472,0.0128391263000624,0.3196228724821761,0.3333333333333333,User_198,outgoing
257,48,0,0.021438953488372,0.0219956617814625,0.0941880534802144,0.2991799021349881,0.5,User_257,outgoing
1,51,0,0.021438953488372,0.1058550568144368,0.1417442921677984,0.3369126931394606,0.08333333333333333,User_1,
500,1,1,1.0,4.112322706033886e-20,0.0,0.0008583690987124,0.8333333333333334,User_500,outgoing
1191,1,1,1.0,4.112322706033886e-20,0.0,0.0008583690987124,0.5,User_1191,outandin
108,1,2,0.0293040293040293,0.0002631846825125,0.0,0.190649394764863,0.08333333333333333,User_108,outgoing
119,1,2,0.0293040293040293,0.0008012855248651,0.0,0.2137485535162372,0.25,User_119,outandin
244,1,2,0.0293040293040293,0.0032474268921319,0.0,0.2340759699428229,0.16666666666666666,User_244,outgoing
531,1,2,0.0293040293040293,0.0006302028107415,0.0,0.1962245206692141,0.16666666666666666,User_531,outandin
596,1,2,0.0293040293040293,0.0023839888366428,0.0,0.2183439611165282,0.16666666666666666,User_596,outandin
613,1,2,0.0293040293040293,0.0006302028107415,0.0,0.1962245206692141,0.16666666666666666,User_613,outandin
624,1,2,0.0293040293040293,0.000985495350894,0.0,0.2109487034514661,0.16666666666666666,User_624,outandin
662,1,2,0.0293040293040293,0.0013747365319844,0.0,0.2100446937292035,0.16666666666666666,User_662,outandin
752,1,2,0.0293040293040293,0.0005289299289115,0.0,0.1907139014117129,0.16666666666666666,User_752,outandin
796,1,2,0.0293040293040293,0.0077938375101228,0.0,0.2471086960203058,0.16666666666666666,User_796,outandin
859,1,2,0.0293040293040293,0.0013648555738881,0.0,0.2251917441559399,0.16666666666666666,User_859,outandin
918,1,2,0.0293040293040293,0.0077938375101228,0.0,0.2471086960203058,0.16666666666666666,User_918,outandin
924,1,2,0.0293040293040293,0.000526369365025,0.0,0.190649394764863,0.16666666666666666,User_924,outandin
971,1,2,0.0293040293040293,0.0043384935227195,0.0,0.2420678271944675,0.16666666666666666,User_971,outandin
1061,1,2,0.0293040293040293,0.0053925760384527,0.0,0.2348562231759656,0.16666666666666666,User_1061,outandin
1103,1,2,0.0293040293040293,0.008676987045439,0.0,0.2420678271944675,0.16666666666666666,User_1103,outandin
1149,1,2,0.0293040293040293,0.0004488546301162,0.0,0.19860991389088,0.16666666666666666,User_1149,outandin
1150,1,2,0.0293040293040293,0.0034449047055483,0.0,0.2227004881953052,0.16666666666666666,User_1150,outandin
1151,1,2,0.0293040293040293,0.0017224523527741,0.0,0.2227004881953052,0.16666666666666666,User_1151,outandin
1152,1,2,0.0293040293040293,0.0017819129758335,0.0,0.2110671917701994,0.16666666666666666,User_1152,outandin
1167,1,2,0.0293040293040293,0.0017819129758335,0.0,0.2110671917701994,0.16666666666666666,User_1167,outandin
1204,1,2,0.0293040293040293,0.010008675934663,0.0,0.2460837963860806,0.5,User_1204,outandin
1210,1,2,0.0293040293040293,0.0006301548335022,0.0,0.1948677391952697,0.16666666666666666,User_1210,outandin
1212,1,2,0.0293040293040293,0.0006301548335022,0.0,0.1948677391952697,0.16666666666666666,User_1212,outandin
1258,1,2,0.0293040293040293,0.0077938375101228,0.0,0.2471086960203058,0.5,User_1258,outandin
1287,1,2,0.0293040293040293,0.0002244273150581,0.0,0.19860991389088,0.16666666666666666,User_1287,outandin
1297,1,2,0.0293040293040293,0.0023433347897139,0.0,0.2318136687733159,0.16666666666666666,User_1297,outandin
1321,1,2,0.0293040293040293,0.010008675934663,0.0,0.2460837963860806,0.16666666666666666,User_1321,outandin
1338,1,2,0.0293040293040293,0.0053925760384527,0.0,0.2348562231759656,0.16666666666666666,User_1338,incoming
1347,1,2,0.0293040293040293,0.0065876940184868,0.0,0.2406724746465916,0.16666666666666666,User_1347,outandin
1394,1,2,0.0293040293040293,0.0032938470092434,0.0,0.2406724746465916,0.8333333333333334,User_1394,incoming
1396,1,2,0.0293040293040293,0.0077938375101228,0.0,0.2471086960203058,0.4166666666666667,User_1396,incoming
1400,1,2,0.0293040293040293,0.0002870132192673,0.0,0.1878849785407725,0.3333333333333333,User_1400,incoming
160,2,2,0.0293040293040293,0.0112486858197662,0.0,0.2490191895835289,0.5,User_160,outgoing
254,2,2,0.0293040293040293,0.0008669992583253,0.0021261503271148,0.229735046106508,0.16666666666666666,User_254,outgoing
544,2,2,0.0293040293040293,0.0094863077721273,3.640448554390415e-05,0.2445357638274697,0.16666666666666666,User_544,outandin
553,2,2,0.0293040293040293,0.0005622554615968,0.0004581224467512,0.1996652269296201,0.16666666666666666,User_553,outandin
703,2,2,0.0293040293040293,0.0063413981666203,2.2122914915269237e-06,0.2402109250468006,0.3333333333333333,User_703,outandin
751,2,2,0.0293040293040293,0.016008321032123,4.3527021315614745e-06,0.2587353388213531,0.16666666666666666,User_751,outandin
910,2,2,0.0293040293040293,0.0101038758460567,0.0001207947866281,0.258675968619696,0.3333333333333333,User_910,outandin
1183,2,2,0.0293040293040293,0.0041912787442975,0.0003392783639232,0.2454943099400338,0.16666666666666666,User_1183,incoming
1199,2,2,0.0293040293040293,0.0057147243646421,3.984603442722162e-06,0.2365812951195457,0.16666666666666666,User_1199,outandin
1214,2,2,0.0293040293040293,0.0020000925228942,3.6134094361606416e-05,0.2186828072249535,0.16666666666666666,User_1214,outandin
1295,2,2,0.0293040293040293,0.0043554088363025,6.63266058602548e-05,0.231718370245557,0.5,User_1295,outandin
1318,2,2,0.0293040293040293,0.0053951333881456,2.6547497898323084e-05,0.2321956480421494,0.6666666666666666,User_1318,outandin
1391,2,2,0.0293040293040293,0.0047382537621755,3.075787487981638e-05,0.2302511991921232,0.16666666666666666,User_1391,outandin
33,3,2,0.0293040293040293,0.0128213684615005,0.0020107609687487,0.2684710338758359,1.0,User_33,outgoing
125,3,2,0.0293040293040293,0.0068471308512589,0.00337595681607,0.2364324394388916,0.5833333333333334,User_125,outgoing
700,3,2,0.0293040293040293,0.0068804354749423,0.0017035043527234,0.2365316557374392,0.3333333333333333,User_700,outandin
994,3,2,0.0293040293040293,0.013564820920839,0.0001718236748839,0.2580837617318304,0.16666666666666666,User_994,outandin
1011,3,2,0.0293040293040293,0.0228780383022136,0.0004334875041923,0.2723628584790131,0.16666666666666666,User_1011,outandin
1098,3,2,0.0293040293040293,0.0268708979426581,0.0001210328068587,0.277389239971613,0.6666666666666666,User_1098,outandin
1134,3,2,0.0293040293040293,0.0110458935798269,4.803839910693594e-05,0.2566150401194252,0.16666666666666666,User_1134,outandin
1310,3,2,0.0293040293040293,0.0117666750088364,0.000143087521021,0.2495704828967534,0.3333333333333333,User_1310,outandin
1319,3,2,0.0293040293040293,0.0211213057508139,1.5301682816394553e-05,0.2650622786843722,0.16666666666666666,User_1319,incoming
1370,3,2,0.0293040293040293,0.0028656192926474,0.000199707760668,0.2280157506562773,0.16666666666666666,User_1370,incoming
408,4,2,0.0293040293040293,0.0113371818111945,0.0020099427205028,0.2540702887637222,0.3333333333333333,User_408,outgoing
586,4,2,0.0293040293040293,0.0252669089856037,9.079620568050282e-05,0.2698204574544364,0.16666666666666666,User_586,outandin
617,4,2,0.0293040293040293,0.0356113112335479,0.0011716958389081,0.2841002699709262,0.16666666666666666,User_617,outandin
661,4,2,0.0293040293040293,0.0178845331292953,0.0019040453167693,0.2670084962682698,0.16666666666666666,User_661,outandin
1066,4,2,0.0293040293040293,0.0302016715552011,0.000115965813847,0.2718374418241223,0.16666666666666666,User_1066,outandin
1147,4,2,0.0293040293040293,0.0058391788238148,0.0039009712132209,0.248799353618326,0.16666666666666666,User_1147,outandin
1379,4,2,0.0293040293040293,0.0137509814496306,0.0003133041012781,0.2528167461862828,0.16666666666666666,User_1379,incoming
548,5,2,0.0293040293040293,0.0205066153598982,0.0023499578513737,0.2696268527253372,0.16666666666666666,User_548,outandin
1200,5,2,0.0293040293040293,0.0081966872931124,0.0033867233013288,0.2429547136303093,0.16666666666666666,User_1200,outandin
1226,5,2,0.0293040293040293,0.0287125757814429,3.902608880720212e-05,0.2711182951526299,0.16666666666666666,User_1226,outandin
1383,5,2,0.0293040293040293,0.003733455512677,0.0019505575671057,0.2321956480421494,0.3333333333333333,User_1383,incoming
6,6,2,0.0293040293040293,0.0227625632432251,0.0111386117755443,0.282604630545158,0.4166666666666667,User_6,
41,6,2,0.0293040293040293,0.0177535140717237,0.0126539051297601,0.2919735486259092,0.3333333333333333,User_41,
203,6,2,0.0293040293040293,0.0293457206189935,0.0003935356053667,0.2784168612607151,0.16666666666666666,User_203,outgoing
272,6,2,0.0293040293040293,0.0347546155057766,9.581032705846972e-05,0.2859740921472946,0.3333333333333333,User_272,
298,6,2,0.0293040293040293,0.0081994159060743,0.0042459912103242,0.2450673633140511,0.16666666666666666,User_298,outgoing
446,6,2,0.0293040293040293,0.0208480944816141,0.0027021786484863,0.2730224924302822,0.6666666666666666,User_446,outgoing
688,6,2,0.0293040293040293,0.0299996123742724,0.0004454053897941,0.2686629817074917,0.16666666666666666,User_688,outandin
1290,7,2,0.0293040293040293,0.0490506326752162,0.0006820329364566,0.2846742099102614,0.3333333333333333,User_1290,incoming
1352,7,2,0.0293040293040293,0.0197917284783211,0.0103176378799924,0.2802858953865328,0.3333333333333333,User_1352,incoming
608,8,2,0.0293040293040293,0.0619868449661442,0.0009612536375026,0.3033664884942506,0.16666666666666666,User_608,outandin
384,9,2,0.0293040293040293,0.0310145689834675,0.0022039143884774,0.2805649256457529,0.3333333333333333,User_384,outgoing
1028,9,2,0.0293040293040293,0.0231814466921918,0.005220503361062,0.2686629817074917,0.3333333333333333,User_1028,incoming
521,10,2,0.0293040293040293,0.0493836327037439,0.0025160398780043,0.297678867505845,0.3333333333333333,User_521,outandin
1207,10,2,0.0293040293040293,0.0579081344739134,0.0039193284280132,0.2982301246678929,0.3333333333333333,User_1207,incoming
405,12,2,0.0293040293040293,0.0448139548307242,0.0046331377419602,0.2877993033557915,0.5,User_405,outgoing
1317,12,2,0.0293040293040293,0.041412562529693,0.0016317106783418,0.2828173284607715,0.16666666666666666,User_1317,incoming
452,19,2,0.0293040293040293,0.0609693142985137,0.0082733437624014,0.3032033004961364,0.3333333333333333,User_452,
714,19,2,0.0293040293040293,0.1128863935949081,0.0150404632248387,0.3209880043407275,0.3333333333333333,User_714,outandin
171,20,2,0.0293040293040293,0.088414937821182,0.0099072994366631,0.3108105517630645,0.5,User_171,outgoing
937,20,2,0.0293040293040293,0.0701544209607143,0.0109467279502333,0.3084295133364255,0.16666666666666666,User_937,incoming
113,21,2,0.0293040293040293,0.0844899241318129,0.0093386188137085,0.3070852277975035,0.4166666666666667,User_113,
664,23,2,0.0293040293040293,0.0856939172757779,0.0173478767143313,0.3185390989671193,0.5,User_664,incoming
522,26,2,0.0293040293040293,0.1013900101127068,0.0376775510420519,0.3299121660066243,0.5,User_522,incoming
1053,30,2,0.0293040293040293,0.1302009397450945,0.0254061260498663,0.3280878554262617,0.16666666666666666,User_1053,incoming
100,1,3,0.0377622377622377,0.0037982437360497,0.0,0.2318613474382219,0.4166666666666667,User_100,outgoing
437,1,3,0.0377622377622377,0.0040267045061033,0.0,0.2363333063405944,0.3333333333333333,User_437,outgoing
706,1,3,0.0377622377622377,0.0014090695428128,0.0,0.2052639969491324,0.16666666666666666,User_706,outandin
747,1,3,0.0377622377622377,0.0063703192032455,0.0,0.233252611472095,0.16666666666666666,User_747,outandin
749,1,3,0.0377622377622377,0.0063703192032455,0.0,0.233252611472095,0.16666666666666666,User_749,outandin
809,1,3,0.0377622377622377,0.0063703192032455,0.0,0.233252611472095,0.16666666666666666,User_809,outandin
822,1,3,0.0377622377622377,0.0031851596016227,0.0,0.233252611472095,0.5,User_822,outandin
860,1,3,0.0377622377622377,0.0085761097430579,0.0,0.2416009153974786,0.16666666666666666,User_860,outandin
869,1,3,0.0377622377622377,0.0036077309877031,0.0,0.219449069738103,0.3333333333333333,User_869,outandin
871,1,3,0.0377622377622377,0.0020939286695668,0.0,0.210554701390481,0.3333333333333333,User_871,outandin
895,1,3,0.0377622377622377,0.0031851596016227,0.0,0.233252611472095,0.16666666666666666,User_895,outandin
938,1,3,0.0377622377622377,0.0098620797548456,0.0,0.2470004100010156,0.3333333333333333,User_938,outandin
974,1,3,0.0377622377622377,0.0065620162403384,0.0,0.2341732179569246,0.16666666666666666,User_974,outandin
985,1,3,0.0377622377622377,0.0085761097430579,0.0,0.2416009153974786,0.16666666666666666,User_985,outandin
990,1,3,0.0377622377622377,0.0065620162403384,0.0,0.2341732179569246,0.16666666666666666,User_990,outandin
1054,1,3,0.0377622377622377,0.0054323072479347,0.0,0.2305808695530037,0.3333333333333333,User_1054,outandin
1091,1,3,0.0377622377622377,0.0042880548715289,0.0,0.2416009153974786,0.16666666666666666,User_1091,outandin
1109,1,3,0.0377622377622377,0.0098620797548456,0.0,0.2470004100010156,0.16666666666666666,User_1109,outandin
1138,1,3,0.0377622377622377,0.0032810081201692,0.0,0.2341732179569246,0.16666666666666666,User_1138,outandin
1153,1,3,0.0377622377622377,0.0003392126389288,0.0,0.1891459515511133,0.16666666666666666,User_1153,outandin
1232,1,3,0.0377622377622377,0.0098620797548456,0.0,0.2470004100010156,0.16666666666666666,User_1232,outandin
1285,1,3,0.0377622377622377,0.0098620797548456,0.0,0.2470004100010156,0.16666666666666666,User_1285,outandin
1351,1,3,0.0377622377622377,0.0080534090122067,0.0,0.2363333063405944,0.16666666666666666,User_1351,outandin
1367,1,3,0.0377622377622377,0.0003099908149034,0.0,0.190649394764863,0.16666666666666666,User_1367,outandin
1401,1,3,0.0377622377622377,0.0080534090122067,0.0,0.2363333063405944,0.16666666666666666,User_1401,incoming
1402,1,3,0.0377622377622377,0.0080534090122067,0.0,0.2363333063405944,0.16666666666666666,User_1402,incoming
393,2,3,0.0377622377622377,0.0112984319690895,0.0,0.2527034008618325,0.16666666666666666,User_393,outgoing
639,2,3,0.0377622377622377,0.0225270134430846,0.0,0.2693047948506056,0.16666666666666666,User_639,outandin
741,2,3,0.0377622377622377,0.012730720995508,5.815786213835677e-05,0.2512951117353177,0.16666666666666666,User_741,outandin
748,2,3,0.0377622377622377,0.0101685629392952,1.827092833127937e-05,0.2496257465112124,0.16666666666666666,User_748,outandin
778,2,3,0.0377622377622377,0.0092100443288311,2.7776548726949156e-05,0.2436373181855706,0.16666666666666666,User_778,outandin
815,2,3,0.0377622377622377,0.0079710857831512,3.7733165593134514e-05,0.2381305177956559,0.16666666666666666,User_815,outandin
876,2,3,0.0377622377622377,0.0061859276606406,0.000113764398973,0.2500132781647006,0.16666666666666666,User_876,outandin
877,2,3,0.0377622377622377,0.008364024277699,6.391064308855557e-06,0.2399042075430166,0.16666666666666666,User_877,outandin
913,2,3,0.0377622377622377,0.0162323989580911,3.891801727074503e-05,0.2567319223968652,0.3333333333333333,User_913,outandin
1023,2,3,0.0377622377622377,0.0134985099125894,0.0001228848278757,0.262226069142739,0.16666666666666666,User_1023,outandin
1051,2,3,0.0377622377622377,0.0066134170891254,1.233967031940573e-05,0.2349541207262682,0.16666666666666666,User_1051,outandin
1057,2,3,0.0377622377622377,0.0127018048804313,1.7841133886884077e-05,0.2549897921838125,0.16666666666666666,User_1057,outandin
1366,2,3,0.0377622377622377,0.0080653224623689,0.0016887158385322,0.2364324394388916,0.16666666666666666,User_1366,incoming
724,3,3,0.0377622377622377,0.0205641960573975,5.303546479821867e-05,0.2670084962682698,0.16666666666666666,User_724,outandin
743,3,3,0.0377622377622377,0.0149100069854619,1.9173192926566673e-06,0.2533280609538506,0.16666666666666666,User_743,outandin
798,3,3,0.0377622377622377,0.0171833468575059,0.0011208444722649,0.2689193395144645,0.16666666666666666,User_798,outandin
861,3,3,0.0377622377622377,0.0265754467636102,1.2082740169992944e-05,0.282604630545158,0.3333333333333333,User_861,incoming
864,3,3,0.0377622377622377,0.0272423779443641,0.0016887158385322,0.2678331839497826,0.16666666666666666,User_864,outandin
912,3,3,0.0377622377622377,0.0090301957846869,0.0006560086649852,0.2346606726154528,0.16666666666666666,User_912,outandin
915,3,3,0.0377622377622377,0.0328260586680092,0.0004321544065797,0.2678968325201129,0.16666666666666666,User_915,outandin
1127,3,3,0.0377622377622377,0.0088938579251333,5.334735025899128e-05,0.2504020149366138,0.16666666666666666,User_1127,outandin
812,4,3,0.0377622377622377,0.0101770273597785,0.000245073811682,0.2448544464041345,0.16666666666666666,User_812,outandin
995,4,3,0.0377622377622377,0.0044138206322252,0.0023259239742736,0.2341245838514299,0.16666666666666666,User_995,outandin
177,5,3,0.0377622377622377,0.0196657918454249,0.0001888444046976,0.2619823079815559,0.5,User_177,outgoing
875,5,3,0.0377622377622377,0.0289116433596769,0.0001222575494731,0.2718374418241223,0.16666666666666666,User_875,outandin
1073,5,3,0.0377622377622377,0.0352278411260405,0.0003336361688513,0.2765047513477153,0.16666666666666666,User_1073,outandin
904,7,3,0.0377622377622377,0.0291785835828128,0.0077916961560122,0.2896479628069464,0.16666666666666666,User_904,incoming
642,8,3,0.0377622377622377,0.0183310058573285,0.0024631750371502,0.2593305431894721,0.3333333333333333,User_642,outandin
667,8,3,0.0377622377622377,0.0357299089322524,0.0005715984248395,0.2833860913133824,0.16666666666666666,User_667,outandin
733,8,3,0.0377622377622377,0.0369411904885098,0.001643413955085,0.283957146409228,0.3333333333333333,User_733,outandin
920,9,3,0.0377622377622377,0.0706732518911137,0.0033486366539211,0.3010977220204688,0.16666666666666666,User_920,outandin
19,10,3,0.0377622377622377,0.035176726576642,0.0167294831129873,0.3039390324196913,0.25,User_19,outgoing
862,10,3,0.0377622377622377,0.0469392029771358,0.0024363992805457,0.2823922523157903,0.3333333333333333,User_862,outandin
781,11,3,0.0377622377622377,0.0494094145981807,0.0078472783099658,0.3032848725436199,0.16666666666666666,User_781,incoming
295,23,3,0.0377622377622377,0.1115689858899749,0.0121519076645229,0.3201675294645371,0.16666666666666666,User_295,outgoing
732,23,3,0.0377622377622377,0.082878350341704,0.0192985884682945,0.3056697047843371,0.3333333333333333,User_732,outandin
468,25,3,0.0377622377622377,0.1047735234175432,0.0140398987479949,0.3109820334467959,0.5,User_468,
725,25,3,0.0377622377622377,0.0853691891536474,0.0226727477100053,0.3072526223070687,0.16666666666666666,User_725,incoming
144,26,3,0.0377622377622377,0.1055485033940783,0.0112856079486968,0.3174626503082611,0.3333333333333333,User_144,outgoing
923,32,3,0.0377622377622377,0.1282987884793481,0.0272626835294462,0.3297191784862928,0.3333333333333333,User_923,outandin
316,1,4,0.0375462718138551,0.0006953887363899,0.0,0.2109092369026445,0.16666666666666666,User_316,outgoing
424,1,4,0.0375462718138551,0.0029781575617084,0.0,0.2322913396341717,0.3333333333333333,User_424,outgoing
460,1,4,0.0375462718138551,4.8146621396196695e-05,0.0,0.1783435961469127,0.16666666666666666,User_460,outgoing
527,1,4,0.0375462718138551,0.0006354587184267,0.0,0.2092648730730713,0.3333333333333333,User_527,outandin
529,1,4,0.0375462718138551,1.527457650821491e-05,0.0,0.1559642876652788,0.16666666666666666,User_529,outandin
543,1,4,0.0375462718138551,0.0023762962031336,0.0,0.2175014221965339,0.16666666666666666,User_543,outandin
565,1,4,0.0375462718138551,0.0027981224287714,0.0,0.2169990127516141,0.16666666666666666,User_565,outandin
595,1,4,0.0375462718138551,0.0024980057270634,0.0,0.2176273882711651,0.3333333333333333,User_595,outandin
682,1,4,0.0375462718138551,0.0012490028635317,0.0,0.2176273882711651,0.16666666666666666,User_682,outandin
712,1,4,0.0375462718138551,0.0014681179379208,0.0,0.2114631159716067,0.16666666666666666,User_712,outandin
797,1,4,0.0375462718138551,0.0015682021075217,0.0,0.2119003517377134,0.16666666666666666,User_797,outandin
800,1,4,0.0375462718138551,0.0015682021075217,0.0,0.2119003517377134,0.16666666666666666,User_800,outandin
949,1,4,0.0375462718138551,0.0010706799494184,0.0,0.2130215176199235,0.16666666666666666,User_949,outandin
1015,1,4,0.0375462718138551,0.0039926168472883,0.0,0.2215624746943072,0.16666666666666666,User_1015,outandin
1035,1,4,0.0375462718138551,4.8146621396196695e-05,0.0,0.1783435961469127,0.16666666666666666,User_1035,outandin
1102,1,4,0.0375462718138551,0.0017495200216468,0.0,0.2160425203611796,0.16666666666666666,User_1102,outandin
1172,1,4,0.0375462718138551,0.000786064116201,0.0,0.2223052398431542,0.16666666666666666,User_1172,outandin
1188,1,4,0.0375462718138551,9.377089478170833e-06,0.0,0.1482522187328557,0.16666666666666666,User_1188,outandin
3,2,4,0.0375462718138551,0.0040991115828209,0.0015451067932863,0.2511271711393707,0.75,User_3,
142,2,4,0.0375462718138551,0.0102149597771473,0.0,0.2643164997056589,0.16666666666666666,User_142,outgoing
263,2,4,0.0375462718138551,0.0003709680523451,0.0,0.2093037265586028,0.16666666666666666,User_263,outgoing
300,2,4,0.0375462718138551,0.0001987241810906,0.0016887158385322,0.1853213663068609,0.16666666666666666,User_300,outgoing
411,2,4,0.0375462718138551,0.0039484244355357,0.0,0.2336877842546922,0.16666666666666666,User_411,outgoing
686,2,4,0.0375462718138551,0.0048714035566244,0.0,0.2357402491101286,0.16666666666666666,User_686,outandin
826,2,4,0.0375462718138551,0.0067875140833569,0.0,0.2252817488498471,0.16666666666666666,User_826,outandin
829,2,4,0.0375462718138551,0.0010671393432402,0.0008553683279359,0.2262765699005691,0.16666666666666666,User_829,outandin
849,2,4,0.0375462718138551,0.0038706028526611,7.472629038046497e-06,0.2305337160009479,0.16666666666666666,User_849,outandin
891,2,4,0.0375462718138551,0.0033216482540489,0.0,0.233930249272595,0.16666666666666666,User_891,outandin
898,2,4,0.0375462718138551,0.0276541283865374,0.0,0.2665665337537562,0.16666666666666666,User_898,outandin
954,2,4,0.0375462718138551,0.0149221472411001,5.74839227996168e-05,0.2590921331290819,0.3333333333333333,User_954,outandin
1042,2,4,0.0375462718138551,0.0028968156169494,1.8452287482549023e-05,0.2223490870305,0.16666666666666666,User_1042,outandin
1186,2,4,0.0375462718138551,0.0015775791969999,0.0033744819550757,0.2120597951927455,0.16666666666666666,User_1186,outandin
1187,2,4,0.0375462718138551,0.0001219919820513,0.0016887158385322,0.1745331895408941,0.16666666666666666,User_1187,outandin
1218,2,4,0.0375462718138551,0.0003709680523451,0.0,0.2093037265586028,0.16666666666666666,User_1218,outandin
1220,2,4,0.0375462718138551,0.0007930184686039,0.0,0.2093425944743983,0.16666666666666666,User_1220,outandin
163,3,4,0.0375462718138551,0.0065132188543756,0.0002952365564428,0.2450673633140511,0.16666666666666666,User_163,
449,3,4,0.0375462718138551,0.0012527041168862,0.00337595681607,0.2177955701786389,0.16666666666666666,User_449,
517,3,4,0.0375462718138551,0.0056383032214901,4.096591975316759e-05,0.2337847099221558,0.16666666666666666,User_517,outandin
623,3,4,0.0375462718138551,0.0084012611410442,6.61671787666028e-05,0.2426409537762882,0.16666666666666666,User_623,outandin
705,3,4,0.0375462718138551,0.0126717175236544,0.0001441183070518,0.2529869549471802,0.3333333333333333,User_705,incoming
791,3,4,0.0375462718138551,0.0165490297970077,3.509188135974561e-05,0.2572592129723038,0.3333333333333333,User_791,outandin
926,3,4,0.0375462718138551,0.0088250473703872,1.2353716614590026e-05,0.2431643380596711,0.16666666666666666,User_926,outandin
941,3,4,0.0375462718138551,0.0020998383359859,0.000305490692531,0.2279696402921406,0.16666666666666666,User_941,outandin
1219,3,4,0.0375462718138551,0.0006924984807718,0.0,0.2093425944743983,0.16666666666666666,User_1219,outandin
200,4,4,0.0375462718138551,0.0065127257742798,0.000141114395969,0.2441650143479825,0.3333333333333333,User_200,outgoing
268,4,4,0.0375462718138551,0.0025697282757183,0.0036186387097851,0.2282003787944605,0.16666666666666666,User_268,outgoing
799,4,4,0.0375462718138551,0.0278593460856588,0.0018886417991871,0.2718374418241223,0.16666666666666666,User_799,outandin
514,5,4,0.0375462718138551,0.0171690189954371,0.0001244724369677,0.2605894293214598,0.16666666666666666,User_514,outandin
566,5,4,0.0375462718138551,0.0364033003554565,0.0022434785378806,0.2783481163567001,0.16666666666666666,User_566,incoming
219,6,4,0.0375462718138551,0.0161400465973369,0.0049540305593049,0.2664405273563306,0.3333333333333333,User_219,outgoing
827,7,4,0.0375462718138551,0.0363632301976834,0.0024798039064127,0.2754911708808981,0.5,User_827,outandin
383,8,4,0.0375462718138551,0.0227612941072587,0.0034429059865029,0.2767763003301338,0.3333333333333333,User_383,outgoing
824,8,4,0.0375462718138551,0.0519437570757565,0.0034434933204336,0.2859015651140338,0.16666666666666666,User_824,outandin
23,10,4,0.0375462718138551,0.0082660626009449,0.0091479500681783,0.2657496160406967,0.5833333333333334,User_23,
104,10,4,0.0375462718138551,0.0190985199371468,0.0084240982602773,0.2693047948506056,0.4166666666666667,User_104,
427,10,4,0.0375462718138551,0.0324964270278054,0.0097041584586064,0.2793828677186209,0.16666666666666666,User_427,outgoing
650,10,4,0.0375462718138551,0.0551022486150015,0.0013468557639041,0.2981512486761796,0.16666666666666666,User_650,outandin
757,10,4,0.0375462718138551,0.0204016538472029,0.0097204261002485,0.2700143404178767,0.3333333333333333,User_757,incoming
491,11,4,0.0375462718138551,0.0309136501920089,0.0061627931944601,0.2791753024379978,0.5,User_491,outgoing
533,11,4,0.0375462718138551,0.0387415807261259,0.014448521113663,0.3040210008750365,0.5,User_533,outandin
29,14,4,0.0375462718138551,0.0204509614754339,0.0176769085488031,0.2871395494764736,0.5833333333333334,User_29,outgoing
476,14,4,0.0375462718138551,0.0180935307704546,0.0074468812808884,0.2684071122011036,0.3333333333333333,User_476,outgoing
1079,1,5,0.1818181818181818,0.0002751094527547,0.0,0.1841107090061465,0.16666666666666666,User_1079,outandin
1080,1,5,0.1818181818181818,0.0002751094527547,0.0,0.1841107090061465,0.16666666666666666,User_1080,outandin
1081,1,5,0.1818181818181818,0.0002751094527547,0.0,0.1841107090061465,0.16666666666666666,User_1081,outandin
1082,1,5,0.1818181818181818,0.0002751094527547,0.0,0.1841107090061465,0.16666666666666666,User_1082,outandin
1083,1,5,0.1818181818181818,0.0002751094527547,0.0,0.1841107090061465,0.16666666666666666,User_1083,outandin
1085,1,5,0.1818181818181818,0.0002751094527547,0.0,0.1841107090061465,0.16666666666666666,User_1085,outandin
1086,1,5,0.1818181818181818,0.0002751094527547,0.0,0.1841107090061465,0.16666666666666666,User_1086,outandin
1087,1,5,0.1818181818181818,0.0002751094527547,0.0,0.1841107090061465,0.16666666666666666,User_1087,outandin
1088,1,5,0.1818181818181818,0.0002751094527547,0.0,0.1841107090061465,0.16666666666666666,User_1088,outandin
1089,1,5,0.1818181818181818,0.0002751094527547,0.0,0.1841107090061465,0.16666666666666666,User_1089,outandin
1078,11,5,0.1818181818181818,0.003579999256066,0.0168207896405763,0.2264583911700753,0.16666666666666666,User_1078,outandin
15,1,6,0.0350535540408958,0.0012330511792034,0.0,0.2119800434833838,0.25,User_15,
212,1,6,0.0350535540408958,0.0015863058350704,0.0,0.2238058112457088,0.16666666666666666,User_212,outgoing
312,1,6,0.0350535540408958,0.0106780069743033,0.0,0.253841448152361,0.3333333333333333,User_312,outgoing
401,1,6,0.0350535540408958,0.0073620871956778,0.0,0.2353465284435564,0.16666666666666666,User_401,outgoing
407,1,6,0.0350535540408958,0.0049777075145455,0.0,0.2489092230613016,0.16666666666666666,User_407,outgoing
447,1,6,0.0350535540408958,0.0031726116701408,0.0,0.2238058112457088,0.16666666666666666,User_447,outgoing
477,1,6,0.0350535540408958,0.0053390034871516,0.0,0.253841448152361,0.16666666666666666,User_477,outgoing
487,1,6,0.0350535540408958,0.0053390034871516,0.0,0.253841448152361,0.16666666666666666,User_487,outgoing
541,1,6,0.0350535540408958,0.0106780069743033,0.0,0.253841448152361,0.16666666666666666,User_541,outandin
591,1,6,0.0350535540408958,0.0106780069743033,0.0,0.253841448152361,0.3333333333333333,User_591,outandin
704,1,6,0.0350535540408958,0.009393236036005,0.0,0.2396492073224139,0.16666666666666666,User_704,outandin
711,1,6,0.0350535540408958,0.0026058742201994,0.0,0.2172918024758356,0.16666666666666666,User_711,outandin
721,1,6,0.0350535540408958,0.0106780069743033,0.0,0.253841448152361,0.16666666666666666,User_721,outandin
731,1,6,0.0350535540408958,0.0026058742201994,0.0,0.2172918024758356,0.16666666666666666,User_731,outandin
736,1,6,0.0350535540408958,0.0099554150290911,0.0,0.2489092230613016,0.16666666666666666,User_736,outandin
758,1,6,0.0350535540408958,0.0073620871956778,0.0,0.2353465284435564,0.16666666666666666,User_758,outandin
759,1,6,0.0350535540408958,0.009393236036005,0.0,0.2396492073224139,0.16666666666666666,User_759,outandin
771,1,6,0.0350535540408958,0.0036364301577437,0.0,0.2360858369098712,0.16666666666666666,User_771,outandin
785,1,6,0.0350535540408958,0.009393236036005,0.0,0.2396492073224139,0.16666666666666666,User_785,outandin
807,1,6,0.0350535540408958,0.009393236036005,0.0,0.2396492073224139,0.16666666666666666,User_807,outandin
823,1,6,0.0350535540408958,0.0072728603154875,0.0,0.2360858369098712,0.5,User_823,incoming
825,1,6,0.0350535540408958,0.009393236036005,0.0,0.2396492073224139,0.16666666666666666,User_825,outandin
840,1,6,0.0350535540408958,0.0010409181987661,0.0,0.2132229754576575,0.16666666666666666,User_840,outandin
843,1,6,0.0350535540408958,0.0032102745670573,0.0,0.222744491453198,0.16666666666666666,User_843,outandin
890,1,6,0.0350535540408958,0.0049777075145455,0.0,0.2489092230613016,0.16666666666666666,User_890,outandin
893,1,6,0.0350535540408958,1.919841236107175e-05,0.0,0.153479900782115,0.16666666666666666,User_893,outandin
965,1,6,0.0350535540408958,0.0036364301577437,0.0,0.2360858369098712,0.16666666666666666,User_965,outandin
1070,1,6,0.0350535540408958,0.0032102745670573,0.0,0.222744491453198,0.16666666666666666,User_1070,outandin
1126,1,6,0.0350535540408958,0.0032102745670573,0.0,0.222744491453198,0.16666666666666666,User_1126,outandin
1155,1,6,0.0350535540408958,0.0025426108334473,0.0,0.2465142950458419,0.16666666666666666,User_1155,outandin
1157,1,6,0.0350535540408958,0.0099554150290911,0.0,0.2489092230613016,0.16666666666666666,User_1157,outandin
1280,1,6,0.0350535540408958,0.0003291176876695,0.0,0.1845930688135967,0.16666666666666666,User_1280,outandin
1283,1,6,0.0350535540408958,0.0099554150290911,0.0,0.2489092230613016,0.16666666666666666,User_1283,outandin
97,2,6,0.0350535540408958,0.0002497298935217,0.0016887158385322,0.1818241727813928,0.25,User_97,outandin
223,2,6,0.0350535540408958,0.0011175236076177,7.828400507578663e-05,0.2223052398431542,0.5,User_223,
245,2,6,0.0350535540408958,0.0011175236076177,7.828400507578663e-05,0.2223052398431542,0.5,User_245,outgoing
551,2,6,0.0350535540408958,0.0125758057025906,0.0,0.2729563852892579,0.16666666666666666,User_551,outandin
562,2,6,0.0350535540408958,0.0045771090118484,4.4301695777294195e-06,0.2248324434073863,0.16666666666666666,User_562,outandin
638,2,6,0.0350535540408958,0.0096252469871076,0.000108179883411,0.2407752821966328,0.16666666666666666,User_638,outandin
792,2,6,0.0350535540408958,0.0238668404668829,0.0,0.2687270253264923,0.3333333333333333,User_792,outandin
968,2,6,0.0350535540408958,0.0073138739294693,9.076765470287878e-05,0.2367800611729963,0.16666666666666666,User_968,outandin
1164,2,6,0.0350535540408958,0.0032294729794184,0.0033744819550757,0.2229206785138689,0.16666666666666666,User_1164,outandin
1196,2,6,0.0350535540408958,0.0002608619744485,1.3519559114886754e-05,0.1877285380923622,0.3333333333333333,User_1196,outandin
1197,2,6,0.0350535540408958,0.00037523895806,0.0013682380887371,0.2059389607681102,0.16666666666666666,User_1197,outandin
1222,2,6,0.0350535540408958,0.0145319260197525,8.194748312807164e-05,0.2559740852054122,0.16666666666666666,User_1222,incoming
1253,2,6,0.0350535540408958,0.0015510151073825,1.811796500084629e-05,0.2123393993679855,0.16666666666666666,User_1253,outandin
818,3,6,0.0350535540408958,0.013397700547251,0.0002985270452417,0.2590325990911385,0.16666666666666666,User_818,outandin
830,3,6,0.0350535540408958,0.0027647791826057,6.412241800056502e-05,0.2290814613380685,0.16666666666666666,User_830,outandin
1165,3,6,0.0350535540408958,0.0042814734460972,0.0017084298138233,0.2271886076671977,0.16666666666666666,User_1165,outandin
230,4,6,0.0350535540408958,0.0099429035375516,0.0019063734138151,0.2633286314516784,0.5,User_230,outgoing
238,4,6,0.0350535540408958,0.0216522994637421,0.0017489450959623,0.2684710338758359,0.5,User_238,outgoing
643,4,6,0.0350535540408958,0.0279395864931109,0.000703867224813,0.2753565879933159,0.16666666666666666,User_643,outandin
666,4,6,0.0350535540408958,0.0375598249091446,0.0001040924115124,0.2936467494776335,0.16666666666666666,User_666,outandin
697,4,6,0.0350535540408958,0.0225895464278143,4.0607839377805305e-05,0.2589136130557269,0.16666666666666666,User_697,outandin
744,4,6,0.0350535540408958,0.0293502784574623,0.0001501602933819,0.2724945301534047,0.16666666666666666,User_744,outandin
753,4,6,0.0350535540408958,0.0270794645206285,0.0019096162564925,0.2721655893878887,0.16666666666666666,User_753,outandin
842,4,6,0.0350535540408958,0.0167272674218299,0.0034989271199655,0.2781420851824908,0.16666666666666666,User_842,outandin
493,5,6,0.0350535540408958,0.020005175201545,0.0004528869389868,0.2646267303391162,0.5,User_493,outgoing
795,5,6,0.0350535540408958,0.0176888107740783,0.0007636877032231,0.2663775688196207,0.16666666666666666,User_795,outandin
167,6,6,0.0350535540408958,0.0176961269737755,0.0023621191136226,0.2686629817074917,0.5,User_167,
455,6,6,0.0350535540408958,0.0160422896545455,0.0058986156720954,0.2701437505978038,0.3333333333333333,User_455,outgoing
658,6,6,0.0350535540408958,0.0307636323000706,0.0002149381035466,0.2670717534339339,0.16666666666666666,User_658,outandin
768,6,6,0.0350535540408958,0.0030181037684369,0.000448912981854,0.2265949489938965,0.3333333333333333,User_768,outandin
984,6,6,0.0350535540408958,0.0277031830230709,0.0013113069599043,0.2680242204575928,0.16666666666666666,User_984,outandin
39,7,6,0.0350535540408958,0.0113810505968276,0.0023841584574885,0.2643784876277287,0.75,User_39,outgoing
57,7,6,0.0350535540408958,0.0248525569909219,0.0103716369891282,0.2902445600526867,0.4166666666666667,User_57,outgoing
469,7,6,0.0350535540408958,0.0339003898135036,0.0034990260692324,0.2788300448292444,0.3333333333333333,User_469,
820,7,6,0.0350535540408958,0.0620990833674771,0.0027429041112368,0.2977574937254715,0.16666666666666666,User_820,outandin
488,8,6,0.0350535540408958,0.0388198486182201,0.0017487731192665,0.2797294965867581,0.16666666666666666,User_488,outgoing
906,10,6,0.0350535540408958,0.061112010830664,0.0185069756004373,0.3183591841978636,0.16666666666666666,User_906,outandin
779,12,6,0.0350535540408958,0.0764573865078548,0.0054351838631384,0.3096154548872934,0.16666666666666666,User_779,outandin
309,13,6,0.0350535540408958,0.0661558325362922,0.0678005453287672,0.3288535213665797,0.3333333333333333,User_309,
535,14,6,0.0350535540408958,0.041272636003974,0.0085289256804142,0.2896479628069464,0.3333333333333333,User_535,incoming
209,15,6,0.0350535540408958,0.0417619763467363,0.0119562820185081,0.2878727965384666,0.3333333333333333,User_209,
2,17,6,0.0350535540408958,0.0957795432700878,0.0086457131460192,0.3092756848407778,0.5833333333333334,User_2,outgoing
770,24,6,0.0350535540408958,0.0946271231288522,0.0120072498843867,0.310553683538467,0.5,User_770,outandin
202,36,6,0.0350535540408958,0.122196643224869,0.0219897914442313,0.3167490506447415,0.3333333333333333,User_202,
537,37,6,0.0350535540408958,0.1295128893543464,0.0403318826605263,0.3331293945758378,0.6666666666666666,User_537,outandin
64,44,6,0.0350535540408958,0.1389104783377731,0.0811007813615459,0.342023625984416,0.4166666666666667,User_64,
75,1,7,0.0919540229885057,8.513738106442438e-05,0.0,0.1821473374122855,0.25,User_75,outgoing
490,1,7,0.0919540229885057,6.622892292979031e-06,0.0,0.1538359540453923,0.16666666666666666,User_490,outgoing
636,1,7,0.0919540229885057,0.002211733344713,0.0,0.2234066332232729,0.16666666666666666,User_636,outandin
1059,1,7,0.0919540229885057,0.0009916356468237,0.0,0.20481647369997,0.16666666666666666,User_1059,outandin
1097,1,7,0.0919540229885057,0.0001514248801193,0.0,0.1816191189374311,0.16666666666666666,User_1097,outandin
1171,1,7,0.0919540229885057,7.668196690759955e-05,0.0,0.1695967912207966,0.16666666666666666,User_1171,outandin
1343,1,7,0.0919540229885057,0.0001712901208818,0.0,0.1822651368220914,0.16666666666666666,User_1343,outandin
1372,1,7,0.0919540229885057,0.002211733344713,0.0,0.2234066332232729,0.16666666666666666,User_1372,outandin
478,2,7,0.0919540229885057,8.615424730932871e-05,0.0016887158385322,0.182324093683428,0.16666666666666666,User_478,outgoing
659,2,7,0.0919540229885057,0.0022150057026366,0.0016887158385322,0.2234952163450902,0.16666666666666666,User_659,outandin
1055,2,7,0.0919540229885057,0.001839031688345,0.0001508377580087,0.2228325501570735,0.16666666666666666,User_1055,outandin
1056,2,7,0.0919540229885057,0.0009975307195443,0.0016887158385322,0.2048909253443539,0.16666666666666666,User_1056,outandin
1141,2,7,0.0919540229885057,0.0011019794779621,0.0,0.222964768837942,0.16666666666666666,User_1141,outandin
1142,2,7,0.0919540229885057,0.0011019794779621,0.0,0.222964768837942,0.16666666666666666,User_1142,outandin
1144,2,7,0.0919540229885057,0.0010154839240775,0.0,0.2224807324343073,0.16666666666666666,User_1144,outandin
1180,2,7,0.0919540229885057,0.0125810404553537,0.0023646519746249,0.2668820717908701,0.16666666666666666,User_1180,outandin
1279,2,7,0.0919540229885057,0.0044373536161671,2.560514768220036e-05,0.2402109250468006,0.16666666666666666,User_1279,outandin
164,3,7,0.0919540229885057,0.0022282122830813,0.0050602480716192,0.2236725935009197,0.16666666666666666,User_164,outgoing
1096,3,7,0.0919540229885057,0.0019702842692049,0.0016949102547084,0.2227004881953052,0.16666666666666666,User_1096,outandin
152,4,7,0.0919540229885057,0.009108534308745,0.0111200762891445,0.2679605113488555,0.3333333333333333,User_152,outgoing
1133,4,7,0.0919540229885057,0.0030836607709786,0.0003908653389724,0.2314804663746684,0.16666666666666666,User_1133,outandin
1140,4,7,0.0919540229885057,0.006807639809958,0.000101300274091,0.2556837993296972,0.16666666666666666,User_1140,outandin
1145,5,7,0.0919540229885057,0.0097654149343356,0.0016677495304953,0.2621041318866857,0.16666666666666666,User_1145,incoming
1008,7,7,0.0919540229885057,0.0129000430398626,0.006765114205442,0.2586166256583242,0.16666666666666666,User_1008,outandin
804,8,7,0.0919540229885057,0.0301059736525464,0.0039407017079353,0.2828173284607715,0.3333333333333333,User_804,outandin
1143,8,7,0.0919540229885057,0.0095406912841331,0.0022497365155796,0.2630828170932637,0.16666666666666666,User_1143,incoming
1340,8,7,0.0919540229885057,0.0168821834476538,0.0055169317162739,0.2748195688065907,0.16666666666666666,User_1340,outandin
710,9,7,0.0919540229885057,0.0211707209522053,0.0030295121799223,0.2713793623602877,0.6666666666666666,User_710,incoming
1139,9,7,0.0919540229885057,0.0117919319387288,0.0030318045530206,0.2640069956076429,0.16666666666666666,User_1139,outandin
635,15,7,0.0919540229885057,0.0287727503972202,0.0232130874702355,0.2889797157766304,0.3333333333333333,User_635,incoming
236,1,8,0.0281736281736281,0.0022567651967891,0.0,0.2133440331651467,0.16666666666666666,User_236,outgoing
457,1,8,0.0281736281736281,0.0007426855513927,0.0,0.2154644249320786,0.16666666666666666,User_457,outgoing
746,1,8,0.0281736281736281,0.0119597404593228,0.0,0.2476515534368706,0.16666666666666666,User_746,outandin
750,1,8,0.0281736281736281,0.0059798702296614,0.0,0.2476515534368706,0.16666666666666666,User_750,outandin
821,1,8,0.0281736281736281,0.0119597404593228,0.0,0.2476515534368706,0.16666666666666666,User_821,outandin
841,1,8,0.0281736281736281,0.0248592311504687,0.0,0.2660004415395552,0.5,User_841,outandin
848,1,8,0.0281736281736281,0.0248592311504687,0.0,0.2660004415395552,0.16666666666666666,User_848,outandin
855,1,8,0.0281736281736281,0.0119597404593228,0.0,0.2476515534368706,0.16666666666666666,User_855,outandin
858,1,8,0.0281736281736281,0.0005369837762448,0.0,0.198016840197547,0.16666666666666666,User_858,outandin
868,1,8,0.0281736281736281,0.0248592311504687,0.0,0.2660004415395552,0.16666666666666666,User_868,outandin
873,1,8,0.0281736281736281,0.0248592311504687,0.0,0.2660004415395552,0.3333333333333333,User_873,outandin
901,1,8,0.0281736281736281,0.003378715531058,0.0,0.2166653606082328,0.16666666666666666,User_901,outandin
909,1,8,0.0281736281736281,0.0133539451335784,0.0,0.2544143243612357,0.16666666666666666,User_909,outandin
919,1,8,0.0281736281736281,0.0133539451335784,0.0,0.2544143243612357,0.16666666666666666,User_919,outandin
956,1,8,0.0281736281736281,0.0248592311504687,0.0,0.2660004415395552,0.16666666666666666,User_956,outandin
979,1,8,0.0281736281736281,0.0021606239117999,0.0,0.2172918024758356,0.16666666666666666,User_979,outandin
992,1,8,0.0281736281736281,0.0066769725667892,0.0,0.2544143243612357,0.3333333333333333,User_992,outandin
1002,1,8,0.0281736281736281,0.0015732875570351,0.0,0.2047048976293145,0.16666666666666666,User_1002,outandin
1003,1,8,0.0281736281736281,0.0015732875570351,0.0,0.2047048976293145,0.16666666666666666,User_1003,outandin
1016,1,8,0.0281736281736281,0.0133539451335784,0.0,0.2544143243612357,0.16666666666666666,User_1016,outandin
1017,1,8,0.0281736281736281,0.0133539451335784,0.0,0.2544143243612357,0.16666666666666666,User_1017,outandin
1027,1,8,0.0281736281736281,0.0248592311504687,0.0,0.2660004415395552,0.16666666666666666,User_1027,outandin
1032,1,8,0.0281736281736281,0.0248592311504687,0.0,0.2660004415395552,0.16666666666666666,User_1032,outandin
1033,1,8,0.0281736281736281,0.0248592311504687,0.0,0.2660004415395552,0.16666666666666666,User_1033,outandin
1039,1,8,0.0281736281736281,0.0036246541398744,0.0,0.218470905279968,0.16666666666666666,User_1039,outandin
1044,1,8,0.0281736281736281,0.0248592311504687,0.0,0.2660004415395552,0.5,User_1044,outandin
1047,1,8,0.0281736281736281,0.0248592311504687,0.0,0.2660004415395552,0.16666666666666666,User_1047,outandin
1101,1,8,0.0281736281736281,0.0077106239323523,0.0,0.2347095297198907,0.16666666666666666,User_1101,outandin
1108,1,8,0.0281736281736281,0.0077106239323523,0.0,0.2347095297198907,0.16666666666666666,User_1108,outandin
1117,1,8,0.0281736281736281,0.0077106239323523,0.0,0.2347095297198907,0.16666666666666666,User_1117,outandin
1118,1,8,0.0281736281736281,0.0046229672163208,0.0,0.2285705335045894,0.16666666666666666,User_1118,outandin
1135,1,8,0.0281736281736281,0.0057990471634796,0.0,0.2289418909920055,0.16666666666666666,User_1135,outandin
1184,1,8,0.0281736281736281,9.527233200474488e-05,0.0,0.181853503991714,0.16666666666666666,User_1184,outandin
1194,1,8,0.0281736281736281,0.0027538616050431,0.0,0.2196200801177937,0.16666666666666666,User_1194,outandin
1240,1,8,0.0281736281736281,0.0019220893890396,0.0,0.2094982106011216,0.16666666666666666,User_1240,outandin
1245,1,8,0.0281736281736281,0.0021606239117999,0.0,0.2172918024758356,0.3333333333333333,User_1245,incoming
1300,1,8,0.0281736281736281,0.0077106239323523,0.0,0.2347095297198907,0.16666666666666666,User_1300,incoming
1326,1,8,0.0281736281736281,0.0020544421105282,0.0,0.2189801614694319,0.16666666666666666,User_1326,outandin
93,2,8,0.0281736281736281,0.0039215194206188,0.0002538014497109,0.2445357638274697,0.6666666666666666,User_93,
134,2,8,0.0281736281736281,0.0045321956214327,0.0009423030641761,0.2512951117353177,0.3333333333333333,User_134,outgoing
857,2,8,0.0281736281736281,0.0259331987029584,0.0001915755359121,0.2662517409647225,0.16666666666666666,User_857,outandin
865,2,8,0.0281736281736281,0.0162477953308518,0.0001082549255707,0.257965645593738,0.16666666666666666,User_865,outandin
872,2,8,0.0281736281736281,0.0271707147586291,0.0005880919207691,0.273287241513851,0.3333333333333333,User_872,outandin
879,2,8,0.0281736281736281,0.0114696047292004,6.082862726374077e-05,0.2478693648295152,0.16666666666666666,User_879,outandin
880,2,8,0.0281736281736281,0.0282277931475514,0.0,0.2682155296799037,0.16666666666666666,User_880,outandin
886,2,8,0.0281736281736281,0.0282379466815268,0.0,0.2671983577256779,0.16666666666666666,User_886,outandin
932,2,8,0.0281736281736281,0.0155545077863914,0.0,0.2551629405261736,0.16666666666666666,User_932,outandin
935,2,8,0.0281736281736281,0.0250069175366288,0.0016887158385322,0.2661260319274399,0.16666666666666666,User_935,incoming
960,2,8,0.0281736281736281,0.0270198550622686,0.0,0.2700790300059021,0.16666666666666666,User_960,outandin
961,2,8,0.0281736281736281,0.0156107103303675,2.540451186179484e-05,0.257965645593738,0.3333333333333333,User_961,incoming
1004,2,8,0.0281736281736281,0.0035375547143214,4.276935075806547e-05,0.2341245838514299,0.16666666666666666,User_1004,outandin
1006,2,8,0.0281736281736281,0.0325698550828211,0.0,0.2707926666453603,0.16666666666666666,User_1006,outandin
1024,2,8,0.0281736281736281,0.0382131762840472,0.0,0.2775258176377733,0.16666666666666666,User_1024,outandin
1060,2,8,0.0281736281736281,0.0261562498602344,0.0,0.2668189044366,0.16666666666666666,User_1060,outandin
1093,2,8,0.0281736281736281,0.0083186161263623,0.0,0.2562650309717288,0.16666666666666666,User_1093,outandin
1095,2,8,0.0281736281736281,0.0099602596859354,0.0,0.2562650309717288,0.3333333333333333,User_1095,outandin
1106,2,8,0.0281736281736281,0.0166372322527247,0.0,0.2562650309717288,0.16666666666666666,User_1106,outandin
1114,2,8,0.0281736281736281,0.0109939110514986,0.0,0.2438481227005484,0.16666666666666666,User_1114,outandin
1116,2,8,0.0281736281736281,0.0048272901106765,0.0002052015282624,0.2388874488757438,0.16666666666666666,User_1116,outandin
1181,2,8,0.0281736281736281,0.012116038940891,1.9283807501143017e-05,0.2545292100349142,0.16666666666666666,User_1181,outandin
61,3,8,0.0281736281736281,0.0044098799878675,0.0031797599077855,0.2517440534266715,0.4166666666666667,User_61,incoming
109,3,8,0.0281736281736281,0.0024796729878748,0.001700416828066,0.223053001829172,0.08333333333333333,User_109,outgoing
567,3,8,0.0281736281736281,0.0221538703572108,0.0001746514174061,0.2716409328300326,0.16666666666666666,User_567,outandin
583,3,8,0.0281736281736281,0.0267603733363641,0.000873673761046,0.2713793623602877,0.3333333333333333,User_583,outandin
794,3,8,0.0281736281736281,0.0141709643505751,3.876777470866227e-05,0.2528167461862828,0.16666666666666666,User_794,outandin
856,3,8,0.0281736281736281,0.0139736598284787,0.0017112437549586,0.2478693648295152,0.6666666666666666,User_856,outandin
867,3,8,0.0281736281736281,0.0271276133735214,0.0002467620127848,0.2709879498184219,0.16666666666666666,User_867,outandin
957,3,8,0.0281736281736281,0.0312242062371011,0.0006108118818534,0.2786232998627374,0.16666666666666666,User_957,outandin
959,3,8,0.0281736281736281,0.0337481736299947,8.442068151815511e-05,0.277252796666167,0.16666666666666666,User_959,outandin
1009,3,8,0.0281736281736281,0.0358164523853345,2.6130175417728512e-05,0.2802858953865328,0.16666666666666666,User_1009,outandin
1014,3,8,0.0281736281736281,0.0088621999241494,3.293856220717864e-05,0.2459764065556699,0.16666666666666666,User_1014,outandin
1050,3,8,0.0281736281736281,0.0278036374195214,0.0007593959894695,0.2674519267484306,0.16666666666666666,User_1050,outandin
1105,3,8,0.0281736281736281,0.0066744203311749,0.0001240253341279,0.2465142950458419,0.16666666666666666,User_1105,outandin
1129,3,8,0.0281736281736281,0.0084813631463513,4.173973666473998e-05,0.2422238657594833,0.16666666666666666,User_1129,outandin
769,4,8,0.0281736281736281,0.0356115610924058,0.0001485267277026,0.2785544529885434,0.16666666666666666,User_769,outandin
866,4,8,0.0281736281736281,0.0380370073585193,0.0039019006127553,0.2792444565877223,0.16666666666666666,User_866,outandin
911,4,8,0.0281736281736281,0.0267296983154707,0.0035480812696888,0.2816162556194442,0.16666666666666666,User_911,outandin
958,4,8,0.0281736281736281,0.0260336051677522,0.0013476844524364,0.2677059774981323,0.16666666666666666,User_958,outandin
1048,4,8,0.0281736281736281,0.012341838687354,7.534081579477801e-05,0.2447481266271461,0.16666666666666666,User_1048,outandin
1074,4,8,0.0281736281736281,0.01959420236805,0.0003970276192744,0.2645025507378308,0.16666666666666666,User_1074,outandin
1113,4,8,0.0281736281736281,0.0179731963477154,0.0,0.2625925626006604,0.3333333333333333,User_1113,outandin
1130,4,8,0.0281736281736281,0.0159417665447606,0.0007065664586813,0.2581428603720254,0.16666666666666666,User_1130,outandin
276,5,8,0.0281736281736281,0.0236581564973007,0.0007061299747581,0.2763014390305479,0.16666666666666666,User_276,outgoing
846,5,8,0.0281736281736281,0.0340578370667521,0.0017885837169759,0.2802162245201678,0.5,User_846,outandin
847,5,8,0.0281736281736281,0.0227038638327301,4.261959872331101e-05,0.2626537444651992,0.16666666666666666,User_847,outandin
1001,5,8,0.0281736281736281,0.0204710223144067,0.0033963346328884,0.2584387600285729,0.6666666666666666,User_1001,outandin
1010,5,8,0.0281736281736281,0.0438087677743091,0.0015193227830663,0.2961150174007447,0.16666666666666666,User_1010,outandin
1040,5,8,0.0281736281736281,0.0085986481223391,0.0020436597806747,0.260890967656708,0.16666666666666666,User_1040,outandin
402,6,8,0.0281736281736281,0.0293582924581301,0.0018248764658215,0.2723628584790131,0.16666666666666666,User_402,outgoing
802,6,8,0.0281736281736281,0.0439587002695285,0.0018387989859742,0.277799376846879,0.16666666666666666,User_802,incoming
538,7,8,0.0281736281736281,0.0473014799872507,0.0007582496004948,0.2933411062307143,0.3333333333333333,User_538,outandin
928,7,8,0.0281736281736281,0.05726156851169,0.0023780370595485,0.2869933480765365,0.16666666666666666,User_928,outandin
1104,7,8,0.0281736281736281,0.0252882922102072,0.0027406745458711,0.2765047513477153,0.16666666666666666,User_1104,outandin
726,8,8,0.0281736281736281,0.0438263952901011,0.0220927697945719,0.2925797745249507,0.16666666666666666,User_726,outandin
735,8,8,0.0281736281736281,0.0500538651075764,0.0005949775082737,0.2879463272655518,0.3333333333333333,User_735,outandin
853,8,8,0.0281736281736281,0.0227367137901537,0.0090884708551429,0.2778678509353304,0.3333333333333333,User_853,outandin
962,9,8,0.0281736281736281,0.0754464832576161,0.0018332692300452,0.2983090424039786,0.5,User_962,outandin
1026,9,8,0.0281736281736281,0.0684817894358127,0.0004371913299273,0.2961150174007447,0.3333333333333333,User_1026,outandin
777,10,8,0.0281736281736281,0.0193205359885909,0.0060497361591085,0.2758282043661941,0.5,User_777,incoming
967,11,8,0.0281736281736281,0.0413442260998598,0.0029008687419471,0.2883883016742479,0.16666666666666666,User_967,outandin
1013,11,8,0.0281736281736281,0.0471605841819341,0.0035605895120481,0.2807745631991619,0.16666666666666666,User_1013,outandin
1005,12,8,0.0281736281736281,0.0358304247632983,0.0076477138085308,0.2826754942940409,0.3333333333333333,User_1005,incoming
416,13,8,0.0281736281736281,0.0896050805472926,0.0012386100989116,0.3072526223070687,0.3333333333333333,User_416,outgoing
550,14,8,0.0281736281736281,0.0508381113328288,0.0077236726702614,0.2922005887103772,0.5,User_550,incoming
978,16,8,0.0281736281736281,0.02811051072596,0.0067505233807702,0.2788300448292444,0.16666666666666666,User_978,outandin
1043,16,8,0.0281736281736281,0.0601379698105341,0.0066175851837369,0.297678867505845,0.3333333333333333,User_1043,outandin
1092,22,8,0.0281736281736281,0.0427175861114357,0.0176213727036306,0.2937232598344542,0.16666666666666666,User_1092,outandin
492,26,8,0.0281736281736281,0.1003166183450228,0.0127930103889539,0.3081765640362589,0.5,User_492,outgoing
687,39,8,0.0281736281736281,0.1555972452675868,0.0558270726441377,0.3308805022731538,0.5,User_687,incoming
908,51,8,0.0281736281736281,0.1737458261699726,0.061910983509335,0.3430644769460241,0.5,User_908,outandin
832,90,8,0.0281736281736281,0.3234662968218912,0.1745627646882403,0.3644713453749225,0.3333333333333333,User_832,incoming
101,1,9,1.0,1.8550399442099837e-23,0.0,0.0008583690987124,0.25,User_101,
454,1,9,1.0,1.8550399442099837e-23,0.0,0.0008583690987124,0.16666666666666666,User_454,outgoing
139,1,10,1.0,1.8550399442099837e-23,0.0,0.0008583690987124,0.16666666666666666,User_139,outgoing
998,1,10,1.0,1.8550399442099837e-23,0.0,0.0008583690987124,0.16666666666666666,User_998,outandin
148,1,11,1.0,1.8550399442099837e-23,0.0,0.0008583690987124,0.16666666666666666,User_148,outgoing
388,1,11,1.0,1.8550399442099837e-23,0.0,0.0008583690987124,0.16666666666666666,User_388,outgoing
28,1,12,0.0356107660455486,0.0011982669845082,0.0,0.2101229955721594,0.25,User_28,
68,1,12,0.0356107660455486,0.0144736044308778,0.0,0.2579066280587131,0.25,User_68,outandin
129,1,12,0.0356107660455486,0.0072368022154389,0.0,0.2579066280587131,0.25,User_129,
153,1,12,0.0356107660455486,0.0072368022154389,0.0,0.2579066280587131,0.16666666666666666,User_153,outgoing
193,1,12,0.0356107660455486,0.0144736044308778,0.0,0.2579066280587131,0.16666666666666666,User_193,outgoing
239,1,12,0.0356107660455486,0.0009756087642462,0.0,0.2004462786708099,0.3333333333333333,User_239,outgoing
324,1,12,0.0356107660455486,0.0004286981873749,0.0,0.1929994643459399,0.16666666666666666,User_324,outgoing
330,1,12,0.0356107660455486,0.0072368022154389,0.0,0.2579066280587131,0.3333333333333333,User_330,outgoing
358,1,12,0.0356107660455486,0.0072368022154389,0.0,0.2579066280587131,0.16666666666666666,User_358,outgoing
444,1,12,0.0356107660455486,0.0006697022315095,0.0,0.2229206785138689,0.16666666666666666,User_444,outgoing
481,1,12,0.0356107660455486,0.0006697022315095,0.0,0.2229206785138689,0.4166666666666667,User_481,outgoing
498,1,12,0.0356107660455486,0.0144736044308778,0.0,0.2579066280587131,0.3333333333333333,User_498,outandin
584,1,12,0.0356107660455486,0.0144736044308778,0.0,0.2579066280587131,0.16666666666666666,User_584,outandin
603,1,12,0.0356107660455486,0.0055435104133542,0.0,0.2399552727212931,0.16666666666666666,User_603,outandin
679,1,12,0.0356107660455486,0.0002558656777482,0.0,0.1933636142786681,0.16666666666666666,User_679,outandin
717,1,12,0.0356107660455486,0.0005908178374006,0.0,0.1995591912275863,0.16666666666666666,User_717,outandin
754,1,12,0.0356107660455486,0.0005908178374006,0.0,0.1995591912275863,0.16666666666666666,User_754,outandin
789,1,12,0.0356107660455486,0.0055435104133542,0.0,0.2399552727212931,0.16666666666666666,User_789,outandin
878,1,12,0.0356107660455486,0.0144736044308778,0.0,0.2579066280587131,0.16666666666666666,User_878,outandin
881,1,12,0.0356107660455486,0.0144736044308778,0.0,0.2579066280587131,0.16666666666666666,User_881,outandin
892,1,12,0.0356107660455486,0.0144736044308778,0.0,0.2579066280587131,0.5,User_892,outandin
964,1,12,0.0356107660455486,0.0144736044308778,0.0,0.2579066280587131,0.16666666666666666,User_964,outandin
983,1,12,0.0356107660455486,5.843305101955967e-05,0.0,0.1661718560207304,0.16666666666666666,User_983,outandin
1041,1,12,0.0356107660455486,0.0072368022154389,0.0,0.2579066280587131,0.16666666666666666,User_1041,outandin
1058,1,12,0.0356107660455486,0.0055435104133542,0.0,0.2399552727212931,0.16666666666666666,User_1058,outandin
1071,1,12,0.0356107660455486,2.7529076188289368e-05,0.0,0.166269892513958,0.16666666666666666,User_1071,outandin
1120,1,12,0.0356107660455486,0.0055435104133542,0.0,0.2399552727212931,0.16666666666666666,User_1120,outandin
1121,1,12,0.0356107660455486,0.0023927638424411,0.0,0.228477882295224,0.3333333333333333,User_1121,outandin
1179,1,12,0.0356107660455486,2.7529076188289368e-05,0.0,0.166269892513958,0.3333333333333333,User_1179,outandin
1228,1,12,0.0356107660455486,0.0009756087642462,0.0,0.2004462786708099,0.16666666666666666,User_1228,outandin
1284,1,12,0.0356107660455486,3.3490810079433737e-06,0.0,0.1446381666980543,0.16666666666666666,User_1284,outandin
1335,1,12,0.0356107660455486,0.0072368022154389,0.0,0.2579066280587131,0.16666666666666666,User_1335,outandin
1341,1,12,0.0356107660455486,0.0003617216290883,0.0,0.1899426910268972,0.16666666666666666,User_1341,outandin
1354,1,12,0.0356107660455486,2.8141474370686805e-05,0.0,0.1593145663149569,0.16666666666666666,User_1354,incoming
1355,1,12,0.0356107660455486,2.8141474370686805e-05,0.0,0.1593145663149569,0.16666666666666666,User_1355,outandin
1374,1,12,0.0356107660455486,0.0018457913892797,0.0,0.2111858132717563,0.16666666666666666,User_1374,outandin
120,2,12,0.0356107660455486,0.0072800931201757,0.0050572983496305,0.2582611388876598,0.5,User_120,outgoing
322,2,12,0.0356107660455486,0.017245359637555,0.0,0.2680242204575928,0.3333333333333333,User_322,outgoing
351,2,12,0.0356107660455486,0.0153189916299417,0.0,0.2675153942203691,0.16666666666666666,User_351,outgoing
790,2,12,0.0356107660455486,0.0055764707035081,0.0016887158385322,0.2400574683229632,0.16666666666666666,User_790,outandin
940,2,12,0.0356107660455486,0.0026615239760569,2.067750795032512e-05,0.2320522583871213,0.16666666666666666,User_940,outandin
997,2,12,0.0356107660455486,0.0034822934454986,3.3300254308174314e-05,0.2345142232670345,0.3333333333333333,User_997,outandin
1067,2,12,0.0356107660455486,0.0005395800236615,8.455869700947352e-06,0.1942967720173449,0.16666666666666666,User_1067,outandin
1247,2,12,0.0356107660455486,0.0005630658650286,0.0033744819550757,0.2047420761432319,0.16666666666666666,User_1247,outandin
1251,2,12,0.0356107660455486,4.35484511809309e-05,0.0016887158385322,0.1695457769957339,0.16666666666666666,User_1251,outandin
88,3,12,0.0356107660455486,0.0083187966538988,0.0031111223527075,0.2611327012380438,0.25,User_88,
558,3,12,0.0356107660455486,0.0013838031531736,0.0031230101849211,0.2234952163450902,0.16666666666666666,User_558,outandin
656,3,12,0.0356107660455486,0.0184384965057211,1.5652840196002e-05,0.2765047513477153,0.16666666666666666,User_656,outandin
709,3,12,0.0356107660455486,0.01691169703844,1.2687586246278338e-06,0.2613142956060814,0.3333333333333333,User_709,outandin
793,3,12,0.0356107660455486,0.0161533125187078,7.382707996666979e-06,0.2567319223968652,0.16666666666666666,User_793,outandin
948,3,12,0.0356107660455486,0.0240087445605446,0.0016887158385322,0.2688552042081171,0.16666666666666666,User_948,incoming
1349,3,12,0.0356107660455486,0.0003660495892202,0.00337595681607,0.1900707926563202,0.16666666666666666,User_1349,outandin
95,4,12,0.0356107660455486,0.0034958435447933,0.0029468679606604,0.2398021423621857,0.08333333333333333,User_95,
417,4,12,0.0356107660455486,0.010547545708872,0.0014841761764652,0.262043205775136,0.5,User_417,
593,4,12,0.0356107660455486,0.0313861449043788,0.0050991330901773,0.2809845142683537,0.16666666666666666,User_593,outandin
627,4,12,0.0356107660455486,0.0033287833689233,0.0025926804040661,0.2406211037875422,0.16666666666666666,User_627,outandin
950,4,12,0.0356107660455486,0.0052983794223208,0.0020114815300869,0.2380802262396273,0.16666666666666666,User_950,outandin
988,4,12,0.0356107660455486,0.0036909410265867,0.0026061734429669,0.232578888228726,0.8333333333333334,User_988,outandin
1062,4,12,0.0356107660455486,0.0003580746243427,0.00359645937231,0.2000549904604499,0.16666666666666666,User_1062,incoming
1090,4,12,0.0356107660455486,0.0047050786893963,0.0067654379797647,0.2353465284435564,0.16666666666666666,User_1090,outandin
931,5,12,0.0356107660455486,0.0202502833728192,0.0001046935317477,0.2730224924302822,0.3333333333333333,User_931,outandin
982,5,12,0.0356107660455486,0.0007601277684459,0.0019854336620187,0.1999130823274756,0.16666666666666666,User_982,outandin
36,6,12,0.0356107660455486,0.0126905192751211,0.0038038810296675,0.2516878480117515,0.25,User_36,
472,7,12,0.0356107660455486,0.0174231577954599,0.0252168145868398,0.2881671450011848,0.16666666666666666,User_472,outgoing
678,8,12,0.0356107660455486,0.0076858685037717,0.0089229469146286,0.2502908239885957,0.16666666666666666,User_678,outandin
374,9,12,0.0356107660455486,0.0155887402827537,0.0041518157776837,0.2671350405792974,0.3333333333333333,User_374,outgoing
838,9,12,0.0356107660455486,0.0249335323496158,0.0045713606325554,0.2851061889844803,0.3333333333333333,User_838,outandin
346,15,12,0.0356107660455486,0.0311285775963357,0.0379326326435524,0.2975217395736699,0.5,User_346,
484,23,12,0.0356107660455486,0.0721111507761401,0.0407853525338647,0.3172839491259879,0.16666666666666666,User_484,outgoing
7,82,12,0.0356107660455486,0.1882736735193262,0.1496557488389699,0.3494450933802341,0.5833333333333334,User_7,
180,1,13,1.0,4.112322706033886e-20,0.0,0.0008583690987124,0.5,User_180,outgoing
206,1,13,1.0,4.112322706033886e-20,0.0,0.0008583690987124,0.3333333333333333,User_206,outgoing
260,1,14,1.0,1.8550399442099837e-23,0.0,0.0008583690987124,0.16666666666666666,User_260,outgoing
397,1,14,1.0,1.8550399442099837e-23,0.0,0.0008583690987124,0.16666666666666666,User_397,outgoing
574,1,15,0.0766488413547237,7.141936992439132e-05,0.0,0.1744251696185417,0.3333333333333333,User_574,outandin
599,1,15,0.0766488413547237,5.848400203242081e-05,0.0,0.1693165922566289,0.16666666666666666,User_599,outandin
604,1,15,0.0766488413547237,5.990909325451854e-05,0.0,0.1694438405598429,0.16666666666666666,User_604,outandin
609,1,15,0.0766488413547237,5.848400203242081e-05,0.0,0.1693165922566289,0.16666666666666666,User_609,outandin
646,1,15,0.0766488413547237,7.141936992439132e-05,0.0,0.1744251696185417,0.16666666666666666,User_646,outandin
657,1,15,0.0766488413547237,7.141936992439132e-05,0.0,0.1744251696185417,0.16666666666666666,User_657,outandin
683,1,15,0.0766488413547237,7.141936992439132e-05,0.0,0.1744251696185417,0.16666666666666666,User_683,outandin
740,1,15,0.0766488413547237,5.990909325451854e-05,0.0,0.1694438405598429,0.16666666666666666,User_740,outandin
761,1,15,0.0766488413547237,7.141936992439132e-05,0.0,0.1744251696185417,0.16666666666666666,User_761,outandin
816,1,15,0.0766488413547237,7.141936992439132e-05,0.0,0.1744251696185417,0.16666666666666666,User_816,outandin
993,1,15,0.0766488413547237,8.138917156132759e-06,0.0,0.149748920197215,0.16666666666666666,User_993,outandin
1031,1,15,0.0766488413547237,0.0001022977908382,0.0,0.1763350338252206,0.16666666666666666,User_1031,outandin
1146,1,15,0.0766488413547237,7.141936992439132e-05,0.0,0.1744251696185417,0.16666666666666666,User_1146,outandin
1158,1,15,0.0766488413547237,2.6303144939216325e-05,0.0,0.167604797984632,0.16666666666666666,User_1158,outandin
1160,1,15,0.0766488413547237,5.523697385770528e-06,0.0,0.1482132357671095,0.16666666666666666,User_1160,outandin
1169,1,15,0.0766488413547237,7.141936992439132e-05,0.0,0.1744251696185417,0.16666666666666666,User_1169,outandin
1213,1,15,0.0766488413547237,1.4445541052059253e-05,0.0,0.1550845881475629,0.3333333333333333,User_1213,outandin
1306,1,15,0.0766488413547237,5.523697385770528e-06,0.0,0.1482132357671095,0.16666666666666666,User_1306,outandin
1324,1,15,0.0766488413547237,5.95503834294227e-06,0.0,0.1464038793824201,0.3333333333333333,User_1324,outandin
614,2,15,0.0766488413547237,0.0001607817928706,1.991062342374231e-05,0.1833918775410176,0.16666666666666666,User_614,outandin
1159,2,15,0.0766488413547237,7.184408874800237e-05,0.0016887158385322,0.1744791628609557,0.5,User_1159,outandin
1236,2,15,0.0766488413547237,7.184408874800237e-05,0.0016887158385322,0.1744791628609557,0.16666666666666666,User_1236,outandin
573,3,15,0.0766488413547237,9.293286151350448e-05,1.6223470937864105e-05,0.1746684027339069,0.16666666666666666,User_573,incoming
715,3,15,0.0766488413547237,0.0001059008080262,0.0021314111340597,0.1766112911240224,0.16666666666666666,User_715,outandin
716,3,15,0.0766488413547237,9.193206738834204e-05,0.0001618996148319,0.1762247727441981,0.3333333333333333,User_716,outandin
762,3,15,0.0766488413547237,0.015831110221852,0.0076752558163217,0.2661888716044003,0.16666666666666666,User_762,outandin
563,4,15,0.0766488413547237,0.008327069730918,0.0202600782264675,0.254932128277846,0.6666666666666666,User_563,outandin
641,4,15,0.0766488413547237,7.74568640995138e-05,0.00261622708041,0.171977097062492,0.16666666666666666,User_641,incoming
564,5,15,0.0766488413547237,0.0007792613574898,0.0033980797309853,0.2046677326152206,0.16666666666666666,User_564,outandin
571,5,15,0.0766488413547237,0.0001879275495182,0.0018551878987636,0.1840806452065047,0.3333333333333333,User_571,outandin
673,5,15,0.0766488413547237,0.0003421677739019,0.0102619121283209,0.2019906596030523,0.16666666666666666,User_673,outandin
707,6,15,0.0766488413547237,0.0013309879383861,0.0066963742934377,0.2148075211975296,0.16666666666666666,User_707,outandin
598,8,15,0.0766488413547237,0.0007607325965042,0.0082060651495272,0.2044821097849873,0.3333333333333333,User_598,outandin
570,17,15,0.0766488413547237,0.0009290098913619,0.0252189477098499,0.2119800434833838,0.3333333333333333,User_570,incoming
149,1,16,0.0383411580594679,0.0008248909725696,0.0,0.2100446937292035,0.5,User_149,
165,1,16,0.0383411580594679,0.0004551087929777,0.0,0.2100446937292035,0.16666666666666666,User_165,outgoing
288,1,16,0.0383411580594679,0.0041318534182564,0.0,0.2260950403619404,0.3333333333333333,User_288,outgoing
580,1,16,0.0383411580594679,0.0041318534182564,0.0,0.2260950403619404,0.16666666666666666,User_580,outandin
600,1,16,0.0383411580594679,0.0041318534182564,0.0,0.2260950403619404,0.16666666666666666,User_600,outandin
601,1,16,0.0383411580594679,0.0041318534182564,0.0,0.2260950403619404,0.16666666666666666,User_601,outandin
602,1,16,0.0383411580594679,0.0041318534182564,0.0,0.2260950403619404,0.16666666666666666,User_602,outandin
611,1,16,0.0383411580594679,0.0041318534182564,0.0,0.2260950403619404,0.16666666666666666,User_611,outandin
622,1,16,0.0383411580594679,0.0041318534182564,0.0,0.2260950403619404,0.16666666666666666,User_622,outandin
663,1,16,0.0383411580594679,0.0041318534182564,0.0,0.2260950403619404,0.16666666666666666,User_663,incoming
665,1,16,0.0383411580594679,0.0043927387476649,0.0,0.226914225290788,0.16666666666666666,User_665,incoming
745,1,16,0.0383411580594679,0.0028210526474931,0.0,0.2177114467448117,0.16666666666666666,User_745,outandin
766,1,16,0.0383411580594679,0.000597357955649,0.0,0.1988200831119286,0.16666666666666666,User_766,outandin
806,1,16,0.0383411580594679,0.0011874336487177,0.0,0.2169572500470814,0.16666666666666666,User_806,outandin
852,1,16,0.0383411580594679,0.000964008493652,0.0,0.2100446937292035,0.16666666666666666,User_852,outandin
916,1,16,0.0383411580594679,0.0055871663505149,0.0,0.231718370245557,0.16666666666666666,User_916,outandin
933,1,16,0.0383411580594679,0.003382676060274,0.0,0.2209112034576984,0.16666666666666666,User_933,outandin
970,1,16,0.0383411580594679,0.0047562932899958,0.0,0.227923548573521,0.16666666666666666,User_970,outandin
999,1,16,0.0383411580594679,0.0069378323952285,0.0,0.2336877842546922,0.16666666666666666,User_999,outandin
1000,1,16,0.0383411580594679,0.0015019679561774,0.0,0.2007318146803125,0.16666666666666666,User_1000,outandin
1038,1,16,0.0383411580594679,0.001255428026345,0.0,0.2262765699005691,0.16666666666666666,User_1038,outandin
1122,1,16,0.0383411580594679,0.0018787824116117,0.0,0.2109092369026445,0.16666666666666666,User_1122,outandin
1177,1,16,0.0383411580594679,0.0081174206520684,0.0,0.2425887392392156,0.16666666666666666,User_1177,outandin
1233,1,16,0.0383411580594679,0.0069378323952285,0.0,0.2336877842546922,0.16666666666666666,User_1233,outandin
1397,1,16,0.0383411580594679,0.0016497819451392,0.0,0.2100446937292035,0.16666666666666666,User_1397,outandin
1399,1,16,0.0383411580594679,0.0014231633779228,0.0,0.2056759480468227,0.16666666666666666,User_1399,outandin
581,2,16,0.0383411580594679,0.0051602897343471,0.0001016224408994,0.2367800611729963,0.16666666666666666,User_581,outandin
582,2,16,0.0383411580594679,0.0109965427212627,0.0,0.2523639738626898,0.16666666666666666,User_582,outandin
640,2,16,0.0383411580594679,0.0093027289245671,0.0,0.2618605972693694,0.5,User_640,outandin
649,2,16,0.0383411580594679,0.0051749051305611,2.7653643644086546e-06,0.2292678200619555,0.16666666666666666,User_649,outandin
980,2,16,0.0383411580594679,0.0051107399925212,0.0008226843584443,0.2406724746465916,0.16666666666666666,User_980,outandin
1012,2,16,0.0383411580594679,0.0016755847013234,8.829501152849675e-05,0.2065048307830436,0.16666666666666666,User_1012,outandin
1154,2,16,0.0383411580594679,0.0057065297570507,2.771322769612528e-05,0.2325309140356095,1.0,User_1154,outandin
412,3,16,0.0383411580594679,0.0077708553160477,0.0017443861604615,0.2491292533137315,0.5,User_412,outgoing
465,3,16,0.0383411580594679,0.0135742779118781,0.0007930138585615,0.2698850541643847,0.3333333333333333,User_465,
542,3,16,0.0383411580594679,0.0149657709451291,6.858103623733463e-06,0.2430070858470867,0.16666666666666666,User_542,outandin
896,3,16,0.0383411580594679,0.0089142160650944,0.0019827169049835,0.2632056668794386,0.8333333333333334,User_896,outandin
927,3,16,0.0383411580594679,0.0362640756628444,7.898114729670854e-06,0.2730886315999601,0.16666666666666666,User_927,outandin
1063,3,16,0.0383411580594679,0.0110310773814611,3.731448042540474e-05,0.2540130399379529,0.16666666666666666,User_1063,outandin
1393,3,16,0.0383411580594679,0.0041390718182087,0.0024815490077503,0.2425887392392156,0.16666666666666666,User_1393,incoming
132,4,16,0.0383411580594679,0.0125394283591302,0.0025016975717165,0.2670084962682698,0.25,User_132,outgoing
526,4,16,0.0383411580594679,0.0195770819117524,9.238072399730776e-05,0.2621650863359617,0.16666666666666666,User_526,outandin
605,4,16,0.0383411580594679,0.0326827454707932,2.653576240658269e-05,0.2748865816251244,0.16666666666666666,User_605,outandin
1328,4,16,0.0383411580594679,0.0118626364938034,0.0004811605236365,0.253841448152361,0.16666666666666666,User_1328,incoming
80,5,16,0.0383411580594679,0.0118405285475723,0.0052414919397696,0.2670084962682698,0.25,User_80,
227,5,16,0.0383411580594679,0.0305908740705846,5.954541675306248e-05,0.2744849942158839,0.16666666666666666,User_227,outgoing
616,5,16,0.0383411580594679,0.0272423878305661,0.0015334024013819,0.2728903101536275,0.3333333333333333,User_616,outandin
72,6,16,0.0383411580594679,0.0240092886892141,0.0007208367066337,0.2691119291584233,0.4166666666666667,User_72,outgoing
1018,6,16,0.0383411580594679,0.0140973521157839,0.0009649028316394,0.2494600290428491,0.5833333333333334,User_1018,incoming
1019,6,16,0.0383411580594679,0.0220497861710084,0.0025156728271734,0.2682793601248537,0.16666666666666666,User_1019,outandin
554,7,16,0.0383411580594679,0.01953869777882,0.0023506874774147,0.2521381953130475,0.5,User_554,outandin
579,7,16,0.0383411580594679,0.053269206442163,0.0002536656690418,0.3050080820467086,0.5,User_579,outandin
633,7,16,0.0383411580594679,0.036701089697384,0.002226641487587,0.279521416128102,0.3333333333333333,User_633,outandin
419,8,16,0.0383411580594679,0.0308920378739679,0.0054332880438804,0.2782794053924056,0.16666666666666666,User_419,outandin
921,8,16,0.0383411580594679,0.0185144121812596,0.001816955497213,0.2599884389401834,0.16666666666666666,User_921,incoming
922,8,16,0.0383411580594679,0.024443792817243,0.0021683206630499,0.2684071122011036,0.16666666666666666,User_922,incoming
502,9,16,0.0383411580594679,0.0364276056072329,0.0014469027859493,0.2760308205789998,0.3333333333333333,User_502,outgoing
1267,9,16,0.0383411580594679,0.0214632972775244,0.0040105718680459,0.2670084962682698,0.6666666666666666,User_1267,incoming
547,10,16,0.0383411580594679,0.0621205553955719,0.0020152898045933,0.2909937716170974,0.5,User_547,outandin
767,10,16,0.0383411580594679,0.0440079798304798,0.0022133775284145,0.2848180574140058,0.3333333333333333,User_767,outandin
894,10,16,0.0383411580594679,0.0326644663840738,0.0190677089581079,0.2937998100715755,0.3333333333333333,User_894,incoming
1252,10,16,0.0383411580594679,0.0413352345262132,0.0019155158455722,0.2785544529885434,0.16666666666666666,User_1252,incoming
905,11,16,0.0383411580594679,0.0537524451590845,0.0024820297846735,0.2900951804541006,0.25,User_905,incoming
606,12,16,0.0383411580594679,0.0571490343970352,0.0032353888295447,0.2948757183480605,0.3333333333333333,User_606,outandin
628,13,16,0.0383411580594679,0.0471952966821796,0.0025073981474927,0.2859740921472946,0.3333333333333333,User_628,incoming
480,15,16,0.0383411580594679,0.0726823741134291,0.0051400327795574,0.3030402879689879,0.16666666666666666,User_480,outgoing
546,15,16,0.0383411580594679,0.0618779370059613,0.0097919427280342,0.296582444421109,0.5,User_546,incoming
592,19,16,0.0383411580594679,0.0917818039454243,0.0029455343366252,0.3167490506447415,0.16666666666666666,User_592,incoming
159,20,16,0.0383411580594679,0.0537522651365345,0.0174803153640229,0.2934938482803008,0.8333333333333334,User_159,outgoing
925,21,16,0.0383411580594679,0.1224002748790561,0.0055236626360459,0.3195322764298853,0.3333333333333333,User_925,outandin
632,22,16,0.0383411580594679,0.0902590842438624,0.0079008829385862,0.3064174697593463,0.3333333333333333,User_632,outandin
273,25,16,0.0383411580594679,0.1056022522418543,0.0270821886960438,0.3219045891618033,0.3333333333333333,User_273,outgoing
318,1,17,0.0370843989769821,0.0004497711350407,0.0,0.1976003280008124,0.3333333333333333,User_318,outgoing
375,1,17,0.0370843989769821,0.0008214780294464,0.0,0.2174175257945294,0.16666666666666666,User_375,outgoing
395,1,17,0.0370843989769821,0.0007631685780881,0.0,0.214643920648255,0.5,User_395,outgoing
432,1,17,0.0370843989769821,0.0005350551822625,0.0,0.1953743277720338,0.16666666666666666,User_432,outgoing
466,1,17,0.0370843989769821,0.0005564128907134,0.0,0.2022806156907653,0.16666666666666666,User_466,outgoing
575,1,17,0.0370843989769821,0.0001238705811737,0.0,0.1730329810045487,0.16666666666666666,User_575,outandin
660,1,17,0.0370843989769821,0.0004497711350407,0.0,0.1976003280008124,0.16666666666666666,User_660,incoming
698,1,17,0.0370843989769821,0.0011607153262537,0.0,0.2131020550556966,0.16666666666666666,User_698,outandin
739,1,17,0.0370843989769821,0.0005185049742609,0.0,0.1899747002434504,0.16666666666666666,User_739,outandin
756,1,17,0.0370843989769821,1.0708333757832423e-05,0.0,0.1678543584342816,0.3333333333333333,User_756,outandin
810,1,17,0.0370843989769821,0.0054759836791013,0.0,0.2311008346134963,0.16666666666666666,User_810,outandin
819,1,17,0.0370843989769821,6.193529058685174e-05,0.0,0.1730329810045487,0.3333333333333333,User_819,outandin
936,1,17,0.0370843989769821,6.193529058685174e-05,0.0,0.1730329810045487,0.16666666666666666,User_936,outandin
944,1,17,0.0370843989769821,0.0002841813353965,0.0,0.1842912982253776,0.16666666666666666,User_944,outandin
966,1,17,0.0370843989769821,0.0002841813353965,0.0,0.1842912982253776,0.16666666666666666,User_966,outandin
989,1,17,0.0370843989769821,0.0003364820267824,0.0,0.1870122546855732,0.16666666666666666,User_989,outandin
996,1,17,0.0370843989769821,0.0003364820267824,0.0,0.1870122546855732,0.16666666666666666,User_996,outandin
1007,1,17,0.0370843989769821,0.0054759836791013,0.0,0.2311008346134963,0.16666666666666666,User_1007,outandin
1075,1,17,0.0370843989769821,0.0002169494284339,0.0,0.1932641644513347,0.16666666666666666,User_1075,outandin
1148,1,17,0.0370843989769821,6.193529058685174e-05,0.0,0.1730329810045487,0.16666666666666666,User_1148,outandin
1234,1,17,0.0370843989769821,0.0022421342055674,0.0,0.2169572500470814,0.16666666666666666,User_1234,outandin
1274,1,17,0.0370843989769821,0.0001775623492211,0.0,0.1800526866706013,0.16666666666666666,User_1274,outandin
1276,1,17,0.0370843989769821,0.0001775623492211,0.0,0.1800526866706013,0.16666666666666666,User_1276,outandin
1303,1,17,0.0370843989769821,0.0016429560588928,0.0,0.2174175257945294,0.16666666666666666,User_1303,outandin
1403,1,17,0.0370843989769821,0.0008214780294464,0.0,0.2174175257945294,0.5,User_1403,outandin
184,2,17,0.0370843989769821,0.0010798183619284,1.6935947978822187e-05,0.2089545637154096,0.3333333333333333,User_184,
459,2,17,0.0370843989769821,0.0002786180384876,0.0016887158385322,0.2023532348312036,0.16666666666666666,User_459,outgoing
560,2,17,0.0370843989769821,0.0021686177427576,0.0007592361941846,0.2182171643911411,0.16666666666666666,User_560,outandin
720,2,17,0.0370843989769821,0.0081962760732845,0.0004087461707699,0.2407752821966328,0.16666666666666666,User_720,outandin
839,2,17,0.0370843989769821,0.0005031906011276,1.8362019379673466e-05,0.1934299710440348,0.16666666666666666,User_839,outandin
874,2,17,0.0370843989769821,0.0017373610566915,1.962969752005635e-05,0.2146847974185174,0.16666666666666666,User_874,outandin
889,2,17,0.0370843989769821,0.0002323452953906,0.0024998084984921,0.1958155065563028,0.16666666666666666,User_889,outandin
946,2,17,0.0370843989769821,0.0025316565239124,2.9281843360866413e-05,0.2194917973607155,0.16666666666666666,User_946,outandin
973,2,17,0.0370843989769821,0.0055130415777322,0.001437434268393,0.2318613474382219,0.16666666666666666,User_973,outandin
977,2,17,0.0370843989769821,0.0116101829146525,7.51338177604831e-06,0.2515193822500302,0.16666666666666666,User_977,outandin
981,2,17,0.0370843989769821,0.0004821264633337,4.101167036435387e-05,0.1919478752332088,0.16666666666666666,User_981,outandin
1022,2,17,0.0370843989769821,0.0006265354747363,0.000236408825123,0.2079140301078265,0.16666666666666666,User_1022,outandin
1025,2,17,0.0370843989769821,0.0033213392380536,3.0304296597823436e-05,0.2330597211587007,0.16666666666666666,User_1025,outandin
1045,2,17,0.0370843989769821,0.0029622390826528,0.0001057809464517,0.2227004881953052,0.16666666666666666,User_1045,outandin
1076,2,17,0.0370843989769821,0.0006888323773438,0.0,0.2167070110043512,0.16666666666666666,User_1076,outandin
1132,2,17,0.0370843989769821,0.0121975492346586,9.123540206235662e-05,0.2554520442430626,0.16666666666666666,User_1132,outandin
516,3,17,0.0370843989769821,0.0104113557720454,3.294308059583932e-05,0.2496257465112124,0.16666666666666666,User_516,incoming
734,3,17,0.0370843989769821,0.0067466529463526,0.0018926699600121,0.2353956715900261,0.16666666666666666,User_734,outandin
834,3,17,0.0370843989769821,0.0010720434113616,0.0046902525662941,0.2208246564631998,0.16666666666666666,User_834,outandin
557,4,17,0.0370843989769821,0.0091707040786184,0.0005556878920867,0.2610117784775724,0.16666666666666666,User_557,outandin
835,4,17,0.0370843989769821,0.0052295126493835,9.829526156237364e-05,0.2384831544837392,0.16666666666666666,User_835,outandin
902,4,17,0.0370843989769821,0.0115521817638806,0.002065719618348,0.2582611388876598,0.16666666666666666,User_902,outandin
903,4,17,0.0370843989769821,0.0023809165385116,0.0002203814908451,0.2247427972975748,0.5,User_903,outandin
1064,4,17,0.0370843989769821,0.0023099713531732,0.0033933765631478,0.2203498575536816,0.16666666666666666,User_1064,outandin
1084,4,17,0.0370843989769821,0.0027108052304063,0.0004254737774077,0.2245637193714413,0.16666666666666666,User_1084,outandin
214,5,17,0.0370843989769821,0.0069603990231902,0.0019851413194074,0.2437426748637049,0.3333333333333333,User_214,outgoing
1020,5,17,0.0370843989769821,0.0067951797056651,0.0032199297034827,0.2583795258410807,0.16666666666666666,User_1020,outandin
342,6,17,0.0370843989769821,0.0198553696422129,0.0041814956125667,0.2744849942158839,0.5,User_342,outgoing
436,6,17,0.0370843989769821,0.0058512364978685,0.0046930850000404,0.2472170770273322,0.5,User_436,outgoing
610,6,17,0.0370843989769821,0.0227421301601968,0.0007229692014748,0.2675153942203691,0.16666666666666666,User_610,outandin
885,6,17,0.0370843989769821,0.0037665352250799,0.0012156756387711,0.2284315848520031,0.16666666666666666,User_885,outandin
755,7,17,0.0370843989769821,0.004378416102853,0.0044256335346211,0.2308641964457577,0.16666666666666666,User_755,outandin
943,7,17,0.0370843989769821,0.0036966902633605,0.0035346521905744,0.2267316716099427,0.3333333333333333,User_943,outandin
443,8,17,0.0370843989769821,0.0016113827295969,0.0068309047288959,0.2099273503248855,0.3333333333333333,User_443,outgoing
626,8,17,0.0370843989769821,0.0150995412346799,0.0129002350231436,0.2719686058491279,0.3333333333333333,User_626,outandin
972,8,17,0.0370843989769821,0.0119612020307486,0.0086609553646606,0.2650622786843722,0.16666666666666666,User_972,outandin
475,9,17,0.0370843989769821,0.0072383950762347,0.0092387758822903,0.2545866917896647,0.16666666666666666,User_475,outgoing
578,9,17,0.0370843989769821,0.015362528009084,0.0034291426495515,0.2564399161157041,0.16666666666666666,User_578,outandin
394,10,17,0.0370843989769821,0.0277078116581307,0.0036738537343831,0.279521416128102,0.16666666666666666,User_394,outgoing
540,10,17,0.0370843989769821,0.0213749045422059,0.0126928792395136,0.2790370968427315,0.5,User_540,incoming
760,10,17,0.0370843989769821,0.0028224408671642,0.0110052935725284,0.2404671227057669,0.3333333333333333,User_760,outandin
495,11,17,0.0370843989769821,0.0401384182435412,0.0057387882549687,0.2944905619761325,0.16666666666666666,User_495,
1100,12,17,0.0370843989769821,0.0291683157917178,0.0063480306097544,0.2782794053924056,0.3333333333333333,User_1100,outandin
742,16,17,0.0370843989769821,0.0712430365992496,0.0095645246226498,0.301984964169471,0.3333333333333333,User_742,outandin
225,1,18,1.0,4.112322706033886e-20,0.0,0.0008583690987124,0.16666666666666666,User_225,
1069,1,18,1.0,4.112322706033886e-20,0.0,0.0008583690987124,0.3333333333333333,User_1069,outandin
461,1,19,0.0272248913292152,0.0009533502346916,0.0,0.2032653933005112,0.16666666666666666,User_461,outandin
474,1,19,0.0272248913292152,0.0009533502346916,0.0,0.2032653933005112,0.16666666666666666,User_474,outandin
675,1,19,0.0272248913292152,0.0009533502346916,0.0,0.2032653933005112,0.16666666666666666,User_675,outandin
884,1,19,0.0272248913292152,0.0090563281043259,0.0,0.2496810346056778,0.16666666666666666,User_884,outandin
951,1,19,0.0272248913292152,0.0006711390706113,0.0,0.2052266286627772,0.16666666666666666,User_951,outandin
1029,1,19,0.0272248913292152,0.0080203676796794,0.0,0.2446950013554667,0.16666666666666666,User_1029,outandin
1124,1,19,0.0272248913292152,0.0080203676796794,0.0,0.2446950013554667,0.16666666666666666,User_1124,outandin
1125,1,19,0.0272248913292152,0.0090563281043259,0.0,0.2496810346056778,0.16666666666666666,User_1125,outandin
1156,1,19,0.0272248913292152,0.0080203676796794,0.0,0.2446950013554667,0.16666666666666666,User_1156,outandin
1163,1,19,0.0272248913292152,0.0008827834629941,0.0,0.2057134801541305,0.16666666666666666,User_1163,outandin
1193,1,19,0.0272248913292152,0.0016900038945013,0.0,0.2176273882711651,0.16666666666666666,User_1193,incoming
1195,1,19,0.0272248913292152,0.0094248890683142,0.0,0.2440064656373669,0.16666666666666666,User_1195,outandin
1208,1,19,0.0272248913292152,0.0094248890683142,0.0,0.2440064656373669,0.16666666666666666,User_1208,outandin
1215,1,19,0.0272248913292152,0.0094248890683142,0.0,0.2440064656373669,0.16666666666666666,User_1215,outandin
1216,1,19,0.0272248913292152,0.0007289591999815,0.0,0.1956116382517153,0.16666666666666666,User_1216,outandin
1221,1,19,0.0272248913292152,0.0094248890683142,0.0,0.2440064656373669,0.16666666666666666,User_1221,outandin
1224,1,19,0.0272248913292152,0.0094248890683142,0.0,0.2440064656373669,0.16666666666666666,User_1224,outandin
1235,1,19,0.0272248913292152,0.0080203676796794,0.0,0.2446950013554667,0.16666666666666666,User_1235,outandin
1248,1,19,0.0272248913292152,0.0094248890683142,0.0,0.2440064656373669,0.16666666666666666,User_1248,outandin
1255,1,19,0.0272248913292152,0.0007289591999815,0.0,0.1956116382517153,0.16666666666666666,User_1255,outandin
1256,1,19,0.0272248913292152,0.0090563281043259,0.0,0.2496810346056778,0.16666666666666666,User_1256,outandin
1259,1,19,0.0272248913292152,0.0015654054641224,0.0,0.2097710962494669,0.16666666666666666,User_1259,outandin
1261,1,19,0.0272248913292152,0.0002195177544303,0.0,0.1829454513542089,0.16666666666666666,User_1261,outandin
1265,1,19,0.0272248913292152,0.0094248890683142,0.0,0.2440064656373669,0.16666666666666666,User_1265,outandin
1271,1,19,0.0272248913292152,0.0094248890683142,0.0,0.2440064656373669,0.3333333333333333,User_1271,outandin
1278,1,19,0.0272248913292152,0.0058385203877435,0.0,0.2391915703892712,0.16666666666666666,User_1278,outandin
1288,1,19,0.0272248913292152,0.0080203676796794,0.0,0.2446950013554667,0.16666666666666666,User_1288,incoming
1289,1,19,0.0272248913292152,0.0058385203877435,0.0,0.2391915703892712,0.5,User_1289,outandin
1304,1,19,0.0272248913292152,0.0036128519340845,0.0,0.2254168908707529,0.16666666666666666,User_1304,outandin
1309,1,19,0.0272248913292152,0.0031089448468387,0.0,0.2206085853707701,0.16666666666666666,User_1309,outandin
1311,1,19,0.0272248913292152,0.0031089448468387,0.0,0.2206085853707701,0.16666666666666666,User_1311,outandin
1313,1,19,0.0272248913292152,0.0012025303794798,0.0,0.2069597707443795,0.16666666666666666,User_1313,outandin
1323,1,19,0.0272248913292152,0.0094248890683142,0.0,0.2440064656373669,0.16666666666666666,User_1323,outandin
1330,1,19,0.0272248913292152,0.0094248890683142,0.0,0.2440064656373669,0.16666666666666666,User_1330,outandin
1331,1,19,0.0272248913292152,0.0090563281043259,0.0,0.2496810346056778,0.5,User_1331,outandin
1333,1,19,0.0272248913292152,0.0094248890683142,0.0,0.2440064656373669,0.16666666666666666,User_1333,outandin
1336,1,19,0.0272248913292152,0.0015654054641224,0.0,0.2097710962494669,0.16666666666666666,User_1336,outandin
1373,1,19,0.0272248913292152,0.0094248890683142,0.0,0.2440064656373669,0.16666666666666666,User_1373,outandin
1392,1,19,0.0272248913292152,0.0090563281043259,0.0,0.2496810346056778,0.16666666666666666,User_1392,incoming
1404,1,19,0.0272248913292152,0.0094248890683142,0.0,0.2440064656373669,0.3333333333333333,User_1404,incoming
1407,1,19,0.0272248913292152,0.0080203676796794,0.0,0.2446950013554667,0.16666666666666666,User_1407,outandin
669,2,19,0.0272248913292152,0.0006188077401409,0.0129755167366422,0.2142360074581215,0.16666666666666666,User_669,outandin
844,2,19,0.0272248913292152,0.0081899739991438,0.0002322684836472,0.2458691104132246,0.16666666666666666,User_844,outandin
899,2,19,0.0272248913292152,0.007708830914863,2.1532576169669273e-05,0.2385336164292499,0.3333333333333333,User_899,outandin
1030,2,19,0.0272248913292152,0.0097457984543756,0.000800082330256,0.2564399161157041,0.16666666666666666,User_1030,outandin
1202,2,19,0.0272248913292152,0.0094809321114079,0.0016887158385322,0.244112141889267,0.3333333333333333,User_1202,outandin
1205,2,19,0.0272248913292152,0.0094462457600765,0.0016515690854703,0.2444827306971666,0.16666666666666666,User_1205,outandin
1225,2,19,0.0272248913292152,0.0109902945324367,0.0,0.2454408602753397,0.16666666666666666,User_1225,outandin
1229,2,19,0.0272248913292152,0.010135257164656,3.1489027108689984e-05,0.2465682133081004,0.16666666666666666,User_1229,outandin
1241,2,19,0.0272248913292152,0.0013310471353234,3.5027948615842957e-06,0.2055634338520487,0.16666666666666666,User_1241,outandin
1249,2,19,0.0272248913292152,0.0094809321114079,0.0016887158385322,0.244112141889267,0.16666666666666666,User_1249,outandin
1264,2,19,0.0272248913292152,0.0109902945324367,0.0,0.2454408602753397,0.16666666666666666,User_1264,outandin
1266,2,19,0.0272248913292152,0.0107634007799317,0.0,0.2464065292338,0.16666666666666666,User_1266,outandin
1282,2,19,0.0272248913292152,0.0148948484920695,0.0,0.2639451817477488,0.16666666666666666,User_1282,outandin
1307,2,19,0.0272248913292152,0.0106274194477941,0.0001851267118176,0.2504020149366138,0.16666666666666666,User_1307,outandin
1344,2,19,0.0272248913292152,0.0095857731438019,0.0,0.2455477828892693,0.16666666666666666,User_1344,outandin
1363,2,19,0.0272248913292152,0.0007129235844487,0.000472898418638,0.2140732759674583,0.3333333333333333,User_1363,incoming
1385,2,19,0.0272248913292152,0.009395563450516,0.0,0.2501797317453695,0.16666666666666666,User_1385,outandin
652,3,19,0.0272248913292152,0.0029162623034622,3.505575326967926e-05,0.2226125338160812,0.16666666666666666,User_652,outandin
655,3,19,0.0272248913292152,0.0151685317465593,0.0144991907881911,0.2661260319274399,0.16666666666666666,User_655,outandin
708,3,19,0.0272248913292152,0.0033535996315055,2.810312508998408e-05,0.2252817488498471,0.16666666666666666,User_708,outandin
1192,3,19,0.0272248913292152,0.0219843908797223,0.0016887158385322,0.2793828677186209,0.16666666666666666,User_1192,incoming
1230,3,19,0.0272248913292152,0.0014819492039585,0.0009290666124545,0.2202207210870551,0.16666666666666666,User_1230,outandin
1237,3,19,0.0272248913292152,0.0079117037329374,0.0004149656816021,0.2435320525479877,0.16666666666666666,User_1237,outandin
1242,3,19,0.0272248913292152,0.0158310549641691,0.0007865671950115,0.2561485733343865,0.16666666666666666,User_1242,outandin
1260,3,19,0.0272248913292152,0.0028554264909224,0.0017058733880998,0.2246980010453728,0.16666666666666666,User_1260,outandin
1262,3,19,0.0272248913292152,0.0167229511831429,4.3695785587737305e-05,0.2569074455890235,0.16666666666666666,User_1262,outandin
1263,3,19,0.0272248913292152,0.0173593408809571,0.0,0.2664405273563306,0.16666666666666666,User_1263,outandin
1270,3,19,0.0272248913292152,0.0106012664858817,4.856506559971008e-06,0.2527034008618325,0.16666666666666666,User_1270,outandin
1342,3,19,0.0272248913292152,0.0130261747710402,0.0002848393002557,0.258675968619696,0.16666666666666666,User_1342,outandin
507,4,19,0.0272248913292152,0.0017750181059089,0.0011422923087797,0.2258232915153516,0.3333333333333333,User_507,outandin
963,4,19,0.0272248913292152,0.0156409829483576,0.0025013161928863,0.262043205775136,0.3333333333333333,User_963,incoming
1068,4,19,0.0272248913292152,0.0114820452326585,0.0035938329634437,0.2600484132052215,0.16666666666666666,User_1068,outandin
1166,4,19,0.0272248913292152,0.0252480311989546,0.0014948904080213,0.2791061825314769,0.16666666666666666,User_1166,outandin
1269,4,19,0.0272248913292152,0.0153417915208409,0.0012977892630423,0.2666295816567254,0.16666666666666666,User_1269,outandin
1315,4,19,0.0272248913292152,0.0252715692486106,7.946007723477239e-05,0.2708577297560392,0.3333333333333333,User_1315,outandin
1384,4,19,0.0272248913292152,0.0044127854167381,0.0003369794318476,0.231766009713124,0.16666666666666666,User_1384,incoming
1037,5,19,0.0272248913292152,0.011678107527526,0.0038886861356608,0.2549897921838125,0.16666666666666666,User_1037,incoming
1243,5,19,0.0272248913292152,0.0225407531794201,0.0001678452862783,0.2665665337537562,0.16666666666666666,User_1243,outandin
216,6,19,0.0272248913292152,0.0225868829288719,0.0024208692074218,0.262226069142739,0.8333333333333334,User_216,outgoing
261,6,19,0.0272248913292152,0.0087303287920055,0.0057577134927474,0.2592708995502841,0.16666666666666666,User_261,outgoing
576,6,19,0.0272248913292152,0.0029511764536099,0.0013652462515376,0.23124305051172,0.16666666666666666,User_576,outandin
1201,6,19,0.0272248913292152,0.0151086436296703,0.0003372561286563,0.2575530891580158,0.3333333333333333,User_1201,incoming
577,7,19,0.0272248913292152,0.0272694853743056,0.0011121298324922,0.2751549600304211,0.3333333333333333,User_577,outandin
621,7,19,0.0272248913292152,0.0469982399150662,0.0026218741711075,0.2923521450323224,0.16666666666666666,User_621,incoming
1198,7,19,0.0272248913292152,0.0092402555752046,0.0059620755341992,0.2596889820881444,0.3333333333333333,User_1198,incoming
929,9,19,0.0272248913292152,0.0404455473424469,0.0037810622288381,0.284315226039,0.5,User_929,outandin
1239,9,19,0.0272248913292152,0.0174124357416079,0.0052847149637276,0.265812278058155,0.16666666666666666,User_1239,outandin
462,11,19,0.0272248913292152,0.012401212996327,0.0062040346073497,0.2561485733343865,0.3333333333333333,User_462,outgoing
1217,12,19,0.0272248913292152,0.0203618081952257,0.0053585865562251,0.2665665337537562,0.3333333333333333,User_1217,incoming
1257,17,19,0.0272248913292152,0.0759557319649083,0.0199830901942469,0.3159500760214785,0.3333333333333333,User_1257,outandin
775,27,19,0.0272248913292152,0.1043377286441498,0.022465063062267,0.3256238796200564,0.5,User_775,incoming
882,32,19,0.0272248913292152,0.1178148743205816,0.0452766360416123,0.3345133149093873,0.5,User_882,incoming
1162,59,19,0.0272248913292152,0.1226044689723121,0.0786215239005296,0.3244057183437799,0.3333333333333333,User_1162,incoming
231,1,20,1.0,1.8550399442099837e-23,0.0,0.0008583690987124,0.16666666666666666,User_231,outgoing
1123,1,20,1.0,1.8550399442099837e-23,0.0,0.0008583690987124,0.16666666666666666,User_1123,outandin
352,1,21,0.0615615615615615,0.0027927421539219,0.0,0.2433743245346794,0.16666666666666666,User_352,outgoing
615,1,21,0.0615615615615615,0.0030814182244384,0.0,0.2275554847082428,0.16666666666666666,User_615,outandin
671,1,21,0.0615615615615615,0.000771841125598,0.0,0.2045563184983914,0.16666666666666666,User_671,outandin
690,1,21,0.0615615615615615,0.000771841125598,0.0,0.2045563184983914,0.3333333333333333,User_690,outandin
693,1,21,0.0615615615615615,0.0018342131457566,0.0,0.2128606252350142,0.16666666666666666,User_693,outandin
713,1,21,0.0615615615615615,0.0027927421539219,0.0,0.2433743245346794,0.16666666666666666,User_713,outandin
814,1,21,0.0615615615615615,0.0027363800302758,0.0,0.2188526249746913,0.16666666666666666,User_814,outandin
1211,1,21,0.0615615615615615,6.496897244910856e-06,0.0,0.1587313251541305,0.16666666666666666,User_1211,outandin
1246,1,21,0.0615615615615615,0.0027927421539219,0.0,0.2433743245346794,0.16666666666666666,User_1246,outandin
1380,1,21,0.0615615615615615,0.0002436911178673,0.0,0.1806296861471935,0.16666666666666666,User_1380,outandin
45,2,21,0.0615615615615615,0.0067384548307674,0.0001427015801379,0.2483061390406685,0.08333333333333333,User_45,outgoing
423,2,21,0.0615615615615615,0.0028011442900019,0.0036637984755238,0.2437953873798951,0.16666666666666666,User_423,outgoing
510,2,21,0.0615615615615615,0.0001107381957399,0.0,0.1803695793991416,0.16666666666666666,User_510,outandin
513,2,21,0.0615615615615615,0.0001107381957399,0.0,0.1803695793991416,0.16666666666666666,User_513,outandin
670,2,21,0.0615615615615615,0.0085656786357209,3.560735829219526e-05,0.2485799054563694,0.16666666666666666,User_670,outandin
1238,2,21,0.0615615615615615,0.0011047141437082,0.0001668446936355,0.2096540582563948,0.16666666666666666,User_1238,outandin
1327,2,21,0.0615615615615615,0.0001380395724425,8.753076537687842e-05,0.1832428269253308,0.3333333333333333,User_1327,outandin
1329,2,21,0.0615615615615615,0.0003776846631959,0.0006428204156375,0.1962928558670791,0.16666666666666666,User_1329,outandin
730,3,21,0.0615615615615615,0.0074922812878995,0.0035438874371994,0.2607099609723948,0.16666666666666666,User_730,outandin
1110,3,21,0.0615615615615615,0.0001690465656844,0.0028497866266887,0.1892412071923175,0.16666666666666666,User_1110,outandin
1320,3,21,0.0615615615615615,0.0096864498803118,0.0024691207796132,0.2450673633140511,0.16666666666666666,User_1320,outandin
1345,3,21,0.0615615615615615,0.0031701976890619,0.001692402991018,0.2212146529129975,0.3333333333333333,User_1345,incoming
26,4,21,0.0615615615615615,0.0111238845407389,0.000171567580635,0.2557418038213782,0.5833333333333334,User_26,outandin
496,4,21,0.0615615615615615,0.0020280861547506,0.0070367676434894,0.2334458213387109,0.16666666666666666,User_496,outgoing
499,4,21,0.0615615615615615,0.0160559207045778,0.0071464691137625,0.2731548028215738,0.3333333333333333,User_499,outgoing
509,4,21,0.0615615615615615,0.0002186084424636,0.0020289396975077,0.1987499772998299,0.16666666666666666,User_509,outandin
512,4,21,0.0615615615615615,0.0012219774073124,0.0014651321757027,0.2178376562791565,0.16666666666666666,User_512,outandin
1176,4,21,0.0615615615615615,0.0032137425519896,0.0011741568426918,0.2250568718795438,0.16666666666666666,User_1176,outandin
62,5,21,0.0615615615615615,0.0079178490765702,0.0163689378975106,0.2706626341523734,0.75,User_62,
1325,5,21,0.0615615615615615,0.020165093829445,0.003051471693824,0.2726263292006373,0.16666666666666666,User_1325,outandin
701,6,21,0.0615615615615615,0.0266115440351567,0.0005469291067226,0.273486140525142,0.16666666666666666,User_701,outandin
1302,7,21,0.0615615615615615,0.0208316259685601,0.0023913272338615,0.2583203188003289,0.16666666666666666,User_1302,incoming
319,8,21,0.0615615615615615,0.0100415682843555,0.006289918122517,0.2582019860844332,0.16666666666666666,User_319,outgoing
680,8,21,0.0615615615615615,0.023861805065929,0.0022542136167036,0.2715754929522128,0.16666666666666666,User_680,outandin
780,11,21,0.0615615615615615,0.0356011658647713,0.0054779092554197,0.2814053597715015,0.3333333333333333,User_780,incoming
304,12,21,0.0615615615615615,0.0400896139656833,0.0119186888908161,0.295959535637867,0.3333333333333333,User_304,
4,19,21,0.0615615615615615,0.0726651696260744,0.0563386159100054,0.3232893235573947,0.25,User_4,
380,1,22,0.0352781546811397,0.0017254307746961,0.0,0.2295479273558613,0.16666666666666666,User_380,outgoing
528,1,22,0.0352781546811397,0.0017254307746961,0.0,0.2295479273558613,0.16666666666666666,User_528,incoming
836,1,22,0.0352781546811397,0.0034508615493923,0.0,0.2295479273558613,0.16666666666666666,User_836,outandin
914,1,22,0.0352781546811397,0.0020339294674783,0.0,0.2096930564071122,0.16666666666666666,User_914,outandin
976,1,22,0.0352781546811397,0.0034508615493923,0.0,0.2295479273558613,0.16666666666666666,User_976,outandin
1136,1,22,0.0352781546811397,0.0017254307746961,0.0,0.2295479273558613,0.16666666666666666,User_1136,outandin
1137,1,22,0.0352781546811397,0.0017254307746961,0.0,0.2295479273558613,0.16666666666666666,User_1137,outandin
1173,1,22,0.0352781546811397,0.0031519203220234,0.0,0.2357895568384512,0.16666666666666666,User_1173,outandin
1178,1,22,0.0352781546811397,0.0002564231814375,0.0,0.1919805639040591,0.16666666666666666,User_1178,outandin
1254,1,22,0.0352781546811397,0.0020339294674783,0.0,0.2096930564071122,0.16666666666666666,User_1254,outandin
1294,1,22,0.0352781546811397,0.0017254307746961,0.0,0.2295479273558613,0.16666666666666666,User_1294,outandin
1298,1,22,0.0352781546811397,0.0063038406440469,0.0,0.2357895568384512,0.16666666666666666,User_1298,outandin
1305,1,22,0.0352781546811397,0.0034508615493923,0.0,0.2295479273558613,0.16666666666666666,User_1305,outandin
1314,1,22,0.0352781546811397,0.0017254307746961,0.0,0.2295479273558613,0.16666666666666666,User_1314,outandin
1322,1,22,0.0352781546811397,0.0004760584523889,0.0,0.1951375923913164,0.3333333333333333,User_1322,incoming
1350,1,22,0.0352781546811397,0.0004760584523889,0.0,0.1951375923913164,0.16666666666666666,User_1350,outandin
1356,1,22,0.0352781546811397,0.0004760584523889,0.0,0.1951375923913164,0.16666666666666666,User_1356,incoming
1357,1,22,0.0352781546811397,0.0004760584523889,0.0,0.1951375923913164,0.3333333333333333,User_1357,outandin
1360,1,22,0.0352781546811397,9.463538690267512e-05,0.0,0.1685823046574899,0.16666666666666666,User_1360,outandin
1361,1,22,0.0352781546811397,0.0017254307746961,0.0,0.2295479273558613,0.16666666666666666,User_1361,outandin
1365,1,22,0.0352781546811397,0.0004760584523889,0.0,0.1951375923913164,0.16666666666666666,User_1365,outandin
1375,1,22,0.0352781546811397,0.0012237515758876,0.0,0.2033387213644724,0.3333333333333333,User_1375,incoming
1382,1,22,0.0352781546811397,0.0034508615493923,0.0,0.2295479273558613,0.16666666666666666,User_1382,outandin
1405,1,22,0.0352781546811397,0.0034508615493923,0.0,0.2295479273558613,0.16666666666666666,User_1405,outandin
1406,1,22,0.0352781546811397,0.0034508615493923,0.0,0.2295479273558613,0.16666666666666666,User_1406,incoming
280,2,22,0.0352781546811397,0.01631251657871,0.0,0.256673467951875,0.6666666666666666,User_280,
637,2,22,0.0352781546811397,0.0003557400827629,0.0,0.1983652773613646,0.16666666666666666,User_637,outandin
854,2,22,0.0352781546811397,0.0026999326447333,0.0004787530168337,0.2292212019610889,0.16666666666666666,User_854,outandin
863,2,22,0.0352781546811397,0.0024246495048599,8.80120719950816e-06,0.218470905279968,0.16666666666666666,User_863,outandin
942,2,22,0.0352781546811397,0.0015835723446421,8.917359665114186e-05,0.2256876619108379,0.16666666666666666,User_942,outandin
945,2,22,0.0352781546811397,0.0179244659802702,0.0,0.2670084962682698,0.16666666666666666,User_945,outandin
986,2,22,0.0352781546811397,0.0113621940439801,3.62745573134494e-06,0.2458691104132246,0.16666666666666666,User_986,outandin
1034,2,22,0.0352781546811397,0.0142900215024948,0.0010007605518754,0.2724286784061467,0.6666666666666666,User_1034,incoming
1099,2,22,0.0352781546811397,0.01226773089213,9.075536050732222e-06,0.2572005181940761,0.16666666666666666,User_1099,outandin
1206,2,22,0.0352781546811397,0.0005556376242697,5.6074996502541344e-05,0.2023895639577442,0.16666666666666666,User_1206,outandin
1286,2,22,0.0352781546811397,0.0052175607527379,1.0342223297402269e-05,0.2329633955868227,0.5,User_1286,incoming
1308,2,22,0.0352781546811397,0.0090531031426336,0.0004867990446151,0.2666926593907346,0.16666666666666666,User_1308,incoming
1337,2,22,0.0352781546811397,0.0081859766984619,0.0,0.2460837963860806,0.16666666666666666,User_1337,outandin
1353,2,22,0.0352781546811397,0.0012310292662645,0.0016887158385322,0.2034121023537775,0.3333333333333333,User_1353,incoming
1371,2,22,0.0352781546811397,0.0016634921011066,0.0003493176341722,0.2247427972975748,0.16666666666666666,User_1371,outandin
207,3,22,0.0352781546811397,0.0172474222109356,9.03712553843311e-05,0.2628987572865287,0.16666666666666666,User_207,
588,3,22,0.0352781546811397,0.001420674243549,0.0016802440701198,0.2246084620929737,0.16666666666666666,User_588,outandin
900,3,22,0.0352781546811397,0.0121409584376622,2.671956501433072e-05,0.2488542762129437,0.5,User_900,outandin
1036,3,22,0.0352781546811397,0.0054426053103351,6.752968823231194e-05,0.2371287066143532,0.16666666666666666,User_1036,outandin
1112,3,22,0.0352781546811397,0.0066721203908053,0.0016887158385322,0.2384831544837392,0.16666666666666666,User_1112,outandin
1168,3,22,0.0352781546811397,0.0025049903610039,9.635582917738576e-05,0.2209112034576984,0.16666666666666666,User_1168,outandin
1231,3,22,0.0352781546811397,0.0039190574626802,0.0001318279918784,0.2249221610623773,0.16666666666666666,User_1231,outandin
1275,3,22,0.0352781546811397,0.0081318471771367,3.676910395639656e-05,0.2445888199706303,0.16666666666666666,User_1275,incoming
1299,3,22,0.0352781546811397,0.0174653261257916,7.960803893505986e-05,0.2589730924063026,0.16666666666666666,User_1299,outandin
1362,3,22,0.0352781546811397,0.0048571229654115,0.0006746977226123,0.2393439217079905,0.16666666666666666,User_1362,outandin
587,4,22,0.0352781546811397,0.0039174569963551,0.0001810412301464,0.2375284178770828,0.16666666666666666,User_587,incoming
1348,4,22,0.0352781546811397,0.0159174409226518,0.0050602480716192,0.2562650309717288,0.3333333333333333,User_1348,incoming
204,5,22,0.0352781546811397,0.0060015075212559,0.0023053098404136,0.2485799054563694,0.3333333333333333,User_204,
786,5,22,0.0352781546811397,0.010443378474398,0.0013311218362432,0.2533850014036042,0.5,User_786,incoming
975,5,22,0.0352781546811397,0.023116858416812,0.0020298236293239,0.2698850541643847,0.16666666666666666,User_975,outandin
1292,5,22,0.0352781546811397,0.0237446962781048,0.0012204098130726,0.2651246169437053,0.16666666666666666,User_1292,outandin
1334,5,22,0.0352781546811397,0.0221947333717529,0.0043725822991308,0.2818274678111588,0.3333333333333333,User_1334,incoming
390,7,22,0.0352781546811397,0.0210984105512409,0.002089513406845,0.2646888638752372,0.3333333333333333,User_390,outgoing
907,7,22,0.0352781546811397,0.0200709107975366,0.0009760007281355,0.2654367485859748,0.16666666666666666,User_907,outandin
1332,7,22,0.0352781546811397,0.0242000990523396,0.0028805579267596,0.2700790300059021,0.3333333333333333,User_1332,incoming
561,8,22,0.0352781546811397,0.0264590964969882,0.0042625532174881,0.2664405273563306,0.3333333333333333,User_561,outandin
953,8,22,0.0352781546811397,0.0417798104368647,0.0016294936691288,0.2855394810650039,0.16666666666666666,User_953,outandin
1312,11,22,0.0352781546811397,0.0061927015718455,0.0089461920470451,0.2433743245346794,0.16666666666666666,User_1312,incoming
1268,15,22,0.0352781546811397,0.0615950611091416,0.0084517562557345,0.3075040565315426,0.16666666666666666,User_1268,outandin
729,19,22,0.0352781546811397,0.1060341049040112,0.0042752604384284,0.3198949691386593,0.3333333333333333,User_729,incoming
1094,25,22,0.0352781546811397,0.082010939574528,0.011201425351811,0.3100412187141461,0.3333333333333333,User_1094,incoming
35,37,22,0.0352781546811397,0.0448901479193668,0.053140235160496,0.2993387868413795,0.25,User_35,
552,1,23,0.6666666666666666,1.8161583069085786e-19,0.0,0.0011444921316165,0.16666666666666666,User_552,outandin
694,1,23,0.6666666666666666,9.080791536311998e-20,0.0,0.0011444921316165,0.16666666666666666,User_694,outandin
464,2,23,0.6666666666666666,2.0305267229322488e-19,1.4748609943512824e-06,0.0017167381974248,0.16666666666666666,User_464,outgoing
389,1,24,0.0619047619047619,0.0085460278048187,0.0,0.2409811610185197,0.16666666666666666,User_389,outgoing
524,1,24,0.0619047619047619,0.002630859890819,0.0,0.2157530854056718,0.16666666666666666,User_524,outandin
631,1,24,0.0619047619047619,0.0085460278048187,0.0,0.2409811610185197,0.16666666666666666,User_631,outandin
684,1,24,0.0619047619047619,0.0019602817127259,0.0,0.2116616356073291,0.16666666666666666,User_684,outandin
831,1,24,0.0619047619047619,0.0010734493084356,0.0,0.2109881847734672,0.16666666666666666,User_831,outandin
947,1,24,0.0619047619047619,0.0006613574732183,0.0,0.2033754052398764,0.16666666666666666,User_947,outandin
955,1,24,0.0619047619047619,0.0022936229811874,0.0,0.2129008255419519,0.16666666666666666,User_955,outandin
969,1,24,0.0619047619047619,0.0006613574732183,0.0,0.2033754052398764,0.16666666666666666,User_969,outandin
1077,1,24,0.0619047619047619,0.0006613574732183,0.0,0.2033754052398764,0.16666666666666666,User_1077,outandin
1364,1,24,0.0619047619047619,0.0016918383328102,0.0,0.2119401901193147,0.16666666666666666,User_1364,outandin
372,2,24,0.0619047619047619,0.0035320444186044,0.0003689799467641,0.2295479273558613,0.16666666666666666,User_372,outgoing
525,2,24,0.0619047619047619,0.0008279185059253,2.722347585406742e-05,0.2058261587081678,0.16666666666666666,User_525,outandin
629,2,24,0.0619047619047619,0.0081214042733622,1.5872313558256656e-06,0.2460300897522119,0.16666666666666666,User_629,outandin
676,2,24,0.0619047619047619,0.0099194907188402,3.2777679114254565e-05,0.2444827306971666,0.16666666666666666,User_676,outandin
702,2,24,0.0619047619047619,0.0164297645272159,0.0,0.2601084151464317,0.16666666666666666,User_702,outandin
833,2,24,0.0619047619047619,0.0047852107231847,0.0,0.2336393515532922,0.16666666666666666,User_833,outandin
837,2,24,0.0619047619047619,0.0029878638379868,7.955623937968046e-06,0.2197913572323328,0.16666666666666666,User_837,outandin
845,2,24,0.0619047619047619,0.0078371333945417,0.0,0.2419119895374754,0.16666666666666666,User_845,outandin
897,2,24,0.0619047619047619,0.0043259194112173,0.0002098129163303,0.2402109250468006,0.16666666666666666,User_897,outandin
1131,2,24,0.0619047619047619,0.0008454070309238,1.1018440678632708e-05,0.2041118723962765,0.16666666666666666,User_1131,outandin
1296,2,24,0.0619047619047619,0.0073237158513629,0.0002154101568332,0.2527600608171828,0.16666666666666666,User_1296,outandin
501,3,24,0.0619047619047619,0.0176785817810983,4.498911295070756e-06,0.2627149548461047,0.16666666666666666,User_501,outgoing
776,3,24,0.0619047619047619,0.0090323228243059,0.0003630679327199,0.2473798269134595,0.16666666666666666,User_776,outandin
1185,3,24,0.0619047619047619,0.0023948980455779,0.0002272998766311,0.223053001829172,0.5,User_1185,incoming
359,4,24,0.0619047619047619,0.0342277822285102,0.0025766678680978,0.2763014390305479,0.6666666666666666,User_359,outgoing
536,4,24,0.0619047619047619,0.0121310484118895,0.0002922811588328,0.2535559764382895,0.16666666666666666,User_536,outandin
378,5,24,0.0619047619047619,0.0178679981953943,0.0001542360789186,0.2598086820107479,0.3333333333333333,User_378,outgoing
363,6,24,0.0619047619047619,0.0220104299425597,0.0024345038498043,0.2700790300059021,0.3333333333333333,User_363,outgoing
585,6,24,0.0619047619047619,0.0255019003615305,0.002164705526051,0.2696268527253372,0.3333333333333333,User_585,outandin
689,6,24,0.0619047619047619,0.0298394266596954,0.0031360799405404,0.2716409328300326,0.16666666666666666,User_689,outandin
284,7,24,0.0619047619047619,0.0173307918320992,0.0110877573727455,0.2806347700384952,0.3333333333333333,User_284,outgoing
691,7,24,0.0619047619047619,0.0279303529201047,0.0020562819703671,0.2685349860039627,0.16666666666666666,User_691,outandin
801,8,24,0.0619047619047619,0.0086045235115154,0.0066487265637202,0.2563232995099216,0.3333333333333333,User_801,incoming
534,11,24,0.0619047619047619,0.0356418740285605,0.0158370468983137,0.2987834273110615,0.16666666666666666,User_534,outandin
222,12,24,0.0619047619047619,0.0451218130736136,0.008265398304567,0.2974432377954182,0.3333333333333333,User_222,outgoing
523,36,24,0.0619047619047619,0.111186528889518,0.0415186445889749,0.3190800654527696,0.16666666666666666,User_523,incoming
269,1,25,0.0352781546811397,0.000296588948661,0.0,0.1832130458710605,0.16666666666666666,User_269,outgoing
340,1,25,0.0352781546811397,0.0011054168861566,0.0,0.2192783254706546,0.3333333333333333,User_340,outgoing
506,1,25,0.0352781546811397,0.0005680769600326,0.0,0.2118605283301325,0.3333333333333333,User_506,outandin
607,1,25,0.0352781546811397,0.0005581347870549,0.0,0.2013053341508277,0.16666666666666666,User_607,outandin
618,1,25,0.0352781546811397,0.0005680769600326,0.0,0.2118605283301325,0.16666666666666666,User_618,outandin
719,1,25,0.0352781546811397,2.820322869400162e-06,0.0,0.1394150224146222,0.16666666666666666,User_719,outandin
783,1,25,0.0352781546811397,0.0075040341223834,0.0,0.2442179097150423,0.16666666666666666,User_783,outandin
803,1,25,0.0352781546811397,0.008408702349665,0.0,0.2412906402492798,0.16666666666666666,User_803,outandin
813,1,25,0.0352781546811397,0.0075040341223834,0.0,0.2442179097150423,0.16666666666666666,User_813,outandin
888,1,25,0.0352781546811397,0.0032123939372286,0.0,0.2210411512244383,0.16666666666666666,User_888,outandin
952,1,25,0.0352781546811397,0.0022108337723133,0.0,0.2192783254706546,0.16666666666666666,User_952,outandin
1115,1,25,0.0352781546811397,0.0075040341223834,0.0,0.2442179097150423,0.16666666666666666,User_1115,incoming
1170,1,25,0.0352781546811397,0.0016771522574549,0.0,0.2124995044758973,0.3333333333333333,User_1170,outandin
1175,1,25,0.0352781546811397,0.0022108337723133,0.0,0.2192783254706546,0.16666666666666666,User_1175,outandin
1378,1,25,0.0352781546811397,0.001369416960819,0.0,0.2072641793058715,0.16666666666666666,User_1378,outandin
1381,1,25,0.0352781546811397,0.0004063490227576,0.0,0.1983303784737219,0.16666666666666666,User_1381,outandin
1387,1,25,0.0352781546811397,0.0006847084804095,0.0,0.2072641793058715,0.16666666666666666,User_1387,outandin
1388,1,25,0.0352781546811397,0.001369416960819,0.0,0.2072641793058715,0.16666666666666666,User_1388,outandin
1390,1,25,0.0352781546811397,0.001369416960819,0.0,0.2072641793058715,0.16666666666666666,User_1390,outandin
17,2,25,0.0352781546811397,0.0110062314473515,0.0001113479082374,0.2552785034521366,0.5833333333333334,User_17,
357,2,25,0.0352781546811397,0.0050044169475707,0.0001238139952134,0.2409296583125957,0.3333333333333333,User_357,outgoing
406,2,25,0.0352781546811397,0.0009329987756305,0.0014846913771187,0.2296414486136963,0.16666666666666666,User_406,outgoing
497,2,25,0.0352781546811397,0.0004742935063072,0.0033744819550757,0.1944308160132175,0.3333333333333333,User_497,outgoing
597,2,25,0.0352781546811397,3.668223645843679e-05,0.0016887158385322,0.1624131783957117,0.3333333333333333,User_597,outandin
625,2,25,0.0352781546811397,0.0039551915725705,0.0,0.2460300897522119,0.3333333333333333,User_625,outandin
692,2,25,0.0352781546811397,0.0013918487070303,0.0002130935509436,0.2257780635378801,0.16666666666666666,User_692,outandin
782,2,25,0.0352781546811397,0.0077709321989565,1.7321918233382324e-05,0.2453874338799815,0.3333333333333333,User_782,outandin
870,2,25,0.0352781546811397,0.0027227272163933,0.0001309413194949,0.2301571807359402,0.6666666666666666,User_870,outandin
930,2,25,0.0352781546811397,0.0035593775382551,0.0001317587274936,0.224518994472144,0.16666666666666666,User_930,outandin
934,2,25,0.0352781546811397,0.0254173659375237,8.337901543605081e-05,0.2680879598679275,0.16666666666666666,User_934,outandin
939,2,25,0.0352781546811397,0.0147233620943974,0.0003359233498386,0.2590325990911385,0.16666666666666666,User_939,outandin
987,2,25,0.0352781546811397,0.0028927955770262,4.917686729332231e-05,0.2197056852942185,0.16666666666666666,User_987,outandin
1190,2,25,0.0352781546811397,0.0011398152090685,1.4748609943512824e-06,0.2117411478671366,0.3333333333333333,User_1190,outandin
1209,2,25,0.0352781546811397,0.0003364602711971,9.138033428994009e-05,0.188955727664203,0.16666666666666666,User_1209,outandin
1281,2,25,0.0352781546811397,0.0155460848547675,0.0,0.2589136130557269,0.3333333333333333,User_1281,outandin
1316,2,25,0.0352781546811397,0.0152978716325062,0.0,0.2621041318866857,0.8333333333333334,User_1316,outandin
763,3,25,0.0352781546811397,0.013887275238492,0.0007871260510118,0.2648754396721418,0.16666666666666666,User_763,outandin
787,3,25,0.0352781546811397,0.003331790893498,2.2017567701387e-05,0.227693369267751,0.16666666666666666,User_787,outandin
811,3,25,0.0352781546811397,0.0108759277304939,0.0001375595723032,0.2494600290428491,0.16666666666666666,User_811,outandin
1021,3,25,0.0352781546811397,0.0045173671662809,0.0012384737904057,0.2321000352572854,0.16666666666666666,User_1021,outandin
1174,3,25,0.0352781546811397,0.016319085494806,0.0,0.2629600819325018,0.16666666666666666,User_1174,outandin
1227,3,25,0.0352781546811397,0.0103429635276269,0.0009734625792543,0.2420678271944675,0.3333333333333333,User_1227,outandin
1244,3,25,0.0352781546811397,0.0098906041222259,0.0009928814914636,0.2460837963860806,0.3333333333333333,User_1244,incoming
1301,3,25,0.0352781546811397,0.0138954863429969,0.0002716819537424,0.2597488182591325,0.5,User_1301,outandin
37,4,25,0.0352781546811397,0.0033353563225134,0.0001148876892206,0.2282003787944605,0.4166666666666667,User_37,outgoing
77,4,25,0.0352781546811397,0.0025193428841053,0.0013586371862603,0.2429023639828992,0.25,User_77,outgoing
141,4,25,0.0352781546811397,0.0061329563105995,0.0057396454684017,0.2420678271944675,0.5,User_141,
186,4,25,0.0352781546811397,0.0038585145346638,0.0017940972227286,0.2251018113507658,0.3333333333333333,User_186,
235,4,25,0.0352781546811397,0.0072612408647642,0.0020636746820334,0.2530437421424545,0.3333333333333333,User_235,
784,4,25,0.0352781546811397,0.0034720923326846,0.0001810619882202,0.2349541207262682,0.16666666666666666,User_784,outandin
788,4,25,0.0352781546811397,0.0097012041322999,0.0007291919788268,0.2535559764382895,0.3333333333333333,User_788,outandin
805,4,25,0.0352781546811397,0.0175478287120984,0.0006304062310731,0.2616175147933709,0.16666666666666666,User_805,outandin
1128,4,25,0.0352781546811397,0.0171331403548925,0.0009056117702858,0.2724286784061467,0.5833333333333334,User_1128,outandin
1065,5,25,0.0352781546811397,0.004293430423572,0.0007443528681852,0.2322434839811774,0.3333333333333333,User_1065,outandin
25,6,25,0.0352781546811397,0.0200208906141807,0.0233382848113096,0.2869933480765365,0.4166666666666667,User_25,outgoing
489,6,25,0.0352781546811397,0.0256762377133832,0.0006767054143927,0.261678243092998,0.16666666666666666,User_489,outgoing
1107,6,25,0.0352781546811397,0.0241643059187233,0.0007221898381663,0.2722313139929088,0.3333333333333333,User_1107,outandin
1119,6,25,0.0352781546811397,0.0218184573072274,0.0030348052991654,0.2709879498184219,0.16666666666666666,User_1119,outandin
1368,6,25,0.0352781546811397,0.0052867683672045,0.0146609589017095,0.2483608440724025,0.3333333333333333,User_1368,incoming
243,7,25,0.0352781546811397,0.0139503480995561,0.0037440237821027,0.2682793601248537,0.3333333333333333,User_243,
21,8,25,0.0352781546811397,0.0073898360868826,0.0108093514184613,0.2699496818114548,0.4166666666666667,User_21,outgoing
644,10,25,0.0352781546811397,0.0222615763133382,0.0041441933268882,0.2721655893878887,0.3333333333333333,User_644,outandin
917,10,25,0.0352781546811397,0.0287631072454819,0.008022397965566,0.2821095773885473,0.3333333333333333,User_917,outandin
1377,10,25,0.0352781546811397,0.0178125327937661,0.0071341402775483,0.2625314092325653,0.3333333333333333,User_1377,incoming
418,11,25,0.0352781546811397,0.0417921722387993,0.0035518218842445,0.2850341014524994,0.3333333333333333,User_418,outgoing
270,28,25,0.0352781546811397,0.0976264996811104,0.0372868188716069,0.3247795653254495,0.6666666666666666,User_270,
634,33,25,0.0352781546811397,0.109395547788234,0.0285688991974215,0.3196228724821761,0.3333333333333333,User_634,incoming
56,1,26,0.0995670995670995,0.0113216514526951,0.0,0.2492394143808612,0.08333333333333333,User_56,
96,1,26,0.0995670995670995,0.0113216514526951,0.0,0.2492394143808612,0.9166666666666666,User_96,outgoing
156,1,26,0.0995670995670995,0.0113216514526951,0.0,0.2492394143808612,0.3333333333333333,User_156,outgoing
199,1,26,0.0995670995670995,0.0113216514526951,0.0,0.2492394143808612,0.3333333333333333,User_199,outgoing
612,1,26,0.0995670995670995,0.0113216514526951,0.0,0.2492394143808612,0.16666666666666666,User_612,outandin
738,1,26,0.0995670995670995,0.0069703102748346,0.0,0.2371785969376468,0.16666666666666666,User_738,outandin
765,1,26,0.0995670995670995,0.0113216514526951,0.0,0.2492394143808612,0.16666666666666666,User_765,outandin
887,1,26,0.0995670995670995,0.0113216514526951,0.0,0.2492394143808612,0.16666666666666666,User_887,outandin
1273,1,26,0.0995670995670995,0.0001414232674743,0.0,0.1760046637384286,0.16666666666666666,User_1273,outandin
619,2,26,0.0995670995670995,0.0133837137742444,0.0,0.2533850014036042,0.16666666666666666,User_619,outandin
699,2,26,0.0995670995670995,0.0124910931276051,5.868805411772013e-05,0.2512951117353177,0.16666666666666666,User_699,outandin
850,2,26,0.0995670995670995,0.0025317172230878,0.0005964381980929,0.2271886076671977,0.16666666666666666,User_850,outandin
1223,2,26,0.0995670995670995,0.025795255883573,0.0,0.2742846402055073,0.16666666666666666,User_1223,outandin
1272,2,26,0.0995670995670995,0.0018397668323365,0.0016887158385322,0.2143174660160903,0.6666666666666666,User_1272,outandin
559,3,26,0.0995670995670995,0.0152141634141798,0.0001021744195653,0.256790403472582,0.16666666666666666,User_559,outandin
620,3,26,0.0995670995670995,0.0268239881604242,0.0001833655146561,0.2743513923691008,0.16666666666666666,User_620,outandin
681,3,26,0.0995670995670995,0.0228830467468831,4.309108685021255e-05,0.2649999697331066,0.16666666666666666,User_681,outandin
594,4,26,0.0995670995670995,0.0204253618900825,0.001666649776599,0.2752893458472857,0.16666666666666666,User_594,outandin
228,8,26,0.0995670995670995,0.0303770211172068,0.0093461378722237,0.291520525276606,0.3333333333333333,User_228,
325,9,26,0.0995670995670995,0.0237926990254792,0.0040623471515397,0.2738182830324593,0.16666666666666666,User_325,outgoing
654,14,26,0.0995670995670995,0.09068329038281,0.0037821197734159,0.312447303560043,0.3333333333333333,User_654,outandin
13,38,26,0.0995670995670995,0.1472908270329485,0.0334315342648391,0.333721098651461,0.5,User_13,
