source,target,type
1,3,incoming
1,30,outgoing
1,36,incoming
1,42,outandin
1,44,outandin
1,123,outgoing
1,135,outgoing
1,146,outgoing
1,161,incoming
1,312,incoming
1,313,outandin
1,477,outgoing
1,856,outandin
1,1271,outandin
1,1440,outandin
1,1626,outandin
3,32,
3,36,
3,41,outandin
3,42,outandin
3,44,incoming
3,60,outandin
3,72,outandin
3,135,outandin
3,176,outandin
3,194,outandin
3,252,outandin
3,257,outandin
3,317,outandin
3,323,outandin
3,371,outandin
3,377,outandin
3,415,outandin
3,477,outandin
3,482,outandin
3,487,outandin
3,488,outandin
3,495,outandin
3,498,outandin
3,555,outandin
3,590,outandin
3,687,outandin
3,781,outandin
3,1110,outandin
3,1113,outandin
3,1192,outandin
3,1249,outandin
3,1440,outandin
3,1510,outandin
3,1565,outandin
3,1577,outandin
3,1578,outandin
3,1609,outandin
30,103,outgoing
30,132,outgoing
30,161,outgoing
30,679,outgoing
30,1014,outandin
30,1176,outandin
36,103,outandin
36,105,outgoing
36,189,outgoing
36,211,outgoing
36,525,outandin
36,770,outgoing
36,779,outandin
36,985,outandin
36,1033,outandin
36,1059,outandin
36,1127,outandin
36,1269,outandin
36,1281,outandin
36,1425,outandin
36,1539,outandin
42,32,outandin
42,43,outandin
42,63,outandin
42,69,outandin
42,72,
42,105,outandin
42,132,outgoing
42,135,outandin
42,142,outandin
42,144,outandin
42,189,outandin
42,194,outgoing
42,204,outgoing
42,233,outandin
42,242,outandin
42,257,incoming
42,288,outandin
42,294,outandin
42,296,outandin
42,306,outandin
42,323,outandin
42,325,outgoing
42,333,outandin
42,353,outgoing
42,358,outandin
42,374,outandin
42,392,outandin
42,394,outandin
42,415,outandin
42,474,incoming
42,475,outandin
42,479,outandin
42,483,outandin
42,488,outandin
42,495,outandin
42,502,outandin
42,538,outandin
42,548,outandin
42,573,outgoing
42,600,outgoing
42,620,outandin
42,626,outandin
42,638,outandin
42,640,outandin
42,644,outandin
42,654,outandin
42,669,outandin
42,679,outandin
42,704,outandin
42,716,outandin
42,752,outandin
42,754,outandin
42,781,outandin
42,784,outandin
42,790,outandin
42,799,outandin
42,809,outandin
42,815,outandin
42,831,outandin
42,840,outandin
42,843,outandin
42,852,outgoing
42,919,outandin
42,928,outgoing
42,942,outgoing
42,950,incoming
42,964,outgoing
42,995,incoming
42,1005,outandin
42,1018,outandin
42,1031,incoming
42,1043,outandin
42,1049,outandin
42,1050,outandin
42,1062,outandin
42,1091,outandin
42,1097,outandin
42,1113,outandin
42,1117,outandin
42,1129,outandin
42,1139,outandin
42,1142,outandin
42,1178,outandin
42,1183,outandin
42,1190,outandin
42,1191,outandin
42,1215,outandin
42,1224,outandin
42,1226,outandin
42,1229,outandin
42,1255,incoming
42,1262,outandin
42,1266,outandin
42,1270,outandin
42,1280,outandin
42,1284,outandin
42,1288,outandin
42,1294,outandin
42,1302,outandin
42,1307,outandin
42,1308,outandin
42,1309,outandin
42,1313,outandin
42,1325,outandin
42,1334,outandin
42,1337,outandin
42,1340,outandin
42,1346,outandin
42,1354,outandin
42,1355,incoming
42,1356,outandin
42,1357,outandin
42,1358,outandin
42,1365,outandin
42,1381,outandin
42,1402,outandin
42,1414,outandin
42,1415,outandin
42,1418,outandin
42,1428,outandin
42,1440,outandin
42,1477,outandin
42,1482,outandin
42,1489,outandin
42,1505,outandin
42,1506,outandin
42,1507,outandin
42,1509,incoming
42,1512,outandin
42,1521,outandin
42,1526,outandin
42,1534,outandin
42,1542,outandin
42,1558,outandin
42,1559,outandin
42,1561,incoming
42,1582,outandin
42,1597,outandin
42,1621,outandin
44,19,outgoing
44,103,outandin
44,129,outgoing
44,189,outgoing
44,228,outandin
44,232,outandin
44,249,
44,290,outgoing
44,514,outandin
44,597,outandin
44,770,outgoing
44,1189,outandin
44,1271,outandin
44,1598,outandin
123,1127,outandin
123,1269,outandin
135,68,outandin
135,250,outandin
135,770,outandin
135,1113,outandin
135,1356,incoming
135,1486,outandin
146,26,outandin
146,128,outandin
146,308,outandin
146,309,outandin
146,312,outandin
146,679,outandin
146,739,outandin
161,679,outandin
161,1487,incoming
312,1014,outgoing
312,1142,outandin
312,1487,outandin
313,34,outgoing
313,377,outandin
313,398,outgoing
313,801,outgoing
313,834,outandin
477,9,outandin
477,317,outandin
477,482,outandin
477,526,outgoing
477,1271,outandin
477,1329,outandin
856,7,outandin
856,122,outandin
856,377,outandin
856,555,outandin
856,1117,outandin
856,1176,incoming
1271,63,outandin
1271,281,outandin
1271,753,outandin
1271,1329,incoming
1440,12,outandin
1440,43,outandin
1440,288,outandin
1440,438,outandin
1440,852,outandin
1440,1018,outandin
1440,1075,outandin
1440,1105,outandin
1440,1183,outandin
1440,1419,outandin
1440,1495,outandin
1440,1509,outandin
1440,1517,outandin
1440,1540,outandin
2,1127,outandin
1127,32,outandin
1127,69,outandin
1127,144,outandin
1127,152,outandin
1127,194,outandin
1127,219,outandin
1127,265,outandin
1127,296,outandin
1127,298,outandin
1127,318,outandin
1127,322,outandin
1127,372,outandin
1127,405,outandin
1127,415,outandin
1127,449,outandin
1127,454,outandin
1127,474,outandin
1127,536,outandin
1127,547,outandin
1127,639,outandin
1127,641,outandin
1127,654,outandin
1127,697,outandin
1127,713,incoming
1127,725,outandin
1127,802,outandin
1127,840,outandin
1127,971,outandin
1127,1015,outandin
1127,1083,outandin
1127,1137,outandin
1127,1169,outandin
1127,1189,outandin
1127,1203,outandin
1127,1269,outandin
1127,1274,outandin
1127,1284,outandin
1127,1291,outandin
1127,1383,outandin
32,8,
32,9,outgoing
32,12,outgoing
32,52,outgoing
32,67,
32,105,outandin
32,109,outgoing
32,118,outandin
32,128,outandin
32,143,outgoing
32,194,outandin
32,219,outandin
32,220,outgoing
32,281,outandin
32,317,outandin
32,349,outandin
32,353,outandin
32,358,outandin
32,377,outandin
32,378,outgoing
32,379,outgoing
32,430,outgoing
32,460,outandin
32,462,outandin
32,482,outandin
32,494,outandin
32,518,outandin
32,523,outandin
32,527,outgoing
32,546,outandin
32,547,outandin
32,598,outgoing
32,605,outgoing
32,626,outgoing
32,638,outandin
32,644,outandin
32,681,outgoing
32,683,outandin
32,698,outandin
32,704,outgoing
32,711,outgoing
32,773,outandin
32,792,outandin
32,799,outandin
32,840,outandin
32,983,outandin
32,1015,outandin
32,1034,outgoing
32,1036,outandin
32,1042,incoming
32,1050,outandin
32,1068,outandin
32,1081,outandin
32,1093,outandin
32,1099,outandin
32,1103,outandin
32,1132,outandin
32,1183,outandin
32,1184,outandin
32,1190,outandin
32,1196,outandin
32,1211,outandin
32,1217,outandin
32,1227,outandin
32,1231,incoming
32,1232,outandin
32,1234,outandin
32,1255,outandin
32,1260,outandin
32,1281,outandin
32,1336,outandin
32,1338,outandin
32,1372,outandin
32,1373,outandin
32,1385,outandin
32,1386,outandin
32,1395,outandin
32,1402,outandin
32,1463,outandin
32,1497,outandin
32,1505,outandin
32,1518,outandin
32,1519,outandin
32,1543,outandin
32,1546,outandin
32,1573,outandin
32,1577,outandin
32,1580,incoming
32,1598,outandin
32,1642,incoming
32,1645,outandin
32,1657,outandin
41,63,outgoing
41,101,outgoing
41,105,outandin
41,176,outgoing
41,277,outgoing
41,379,outandin
41,439,outandin
41,473,outgoing
41,482,outandin
41,495,outgoing
41,502,outgoing
41,503,outgoing
41,523,outgoing
41,541,outandin
41,599,outgoing
41,610,outgoing
41,616,outandin
41,638,outgoing
41,642,outandin
41,710,outandin
41,713,
41,823,outandin
41,913,outgoing
41,919,incoming
41,928,outgoing
41,943,outgoing
41,1018,outandin
41,1029,incoming
41,1040,outgoing
41,1041,outgoing
41,1043,outandin
41,1056,outandin
41,1111,outandin
41,1136,incoming
41,1142,outandin
41,1163,outandin
41,1182,outandin
41,1185,outandin
41,1198,outandin
41,1215,outandin
41,1217,outandin
41,1236,outandin
41,1248,outandin
41,1253,outandin
41,1255,outandin
41,1339,outandin
41,1463,outandin
41,1485,outandin
41,1497,outandin
41,1542,outandin
41,1554,incoming
41,1580,outandin
41,1585,outandin
41,1589,outandin
41,1665,outandin
60,63,outandin
60,194,outgoing
60,245,outandin
60,308,outgoing
60,679,outgoing
60,919,outandin
60,1004,outandin
60,1173,outandin
60,1184,outandin
60,1248,outandin
60,1281,outandin
60,1463,outandin
72,9,outgoing
72,103,outgoing
72,105,outandin
72,189,outandin
72,194,outandin
72,224,outandin
72,249,outandin
72,283,outandin
72,303,outandin
72,318,outgoing
72,357,outandin
72,392,incoming
72,398,outgoing
72,595,outandin
72,679,
72,683,outgoing
72,704,outgoing
72,834,outandin
72,883,outandin
72,967,outgoing
72,1039,outgoing
72,1045,outandin
72,1068,outandin
72,1101,outandin
72,1124,outandin
72,1139,outandin
72,1223,outandin
72,1227,outandin
72,1253,outandin
72,1283,outandin
72,1316,incoming
72,1317,outandin
176,12,outandin
176,53,outandin
176,81,outandin
176,94,outandin
176,101,
176,154,outandin
176,204,outgoing
176,263,outgoing
176,277,outgoing
176,439,outandin
176,483,outandin
176,502,outgoing
176,523,incoming
176,561,outandin
176,638,outandin
176,697,outandin
176,817,outandin
176,840,outgoing
176,864,outandin
176,871,outandin
176,928,outgoing
176,1021,outgoing
176,1026,outgoing
176,1056,outandin
176,1142,outandin
176,1161,outandin
176,1236,outandin
176,1302,outandin
176,1384,outandin
176,1423,outandin
176,1474,outandin
176,1565,incoming
176,1603,outandin
176,1665,outandin
194,26,outandin
194,62,outgoing
194,80,outandin
194,83,outandin
194,97,outgoing
194,98,outandin
194,118,outandin
194,121,outandin
194,125,outandin
194,128,outandin
194,131,outandin
194,132,outgoing
194,181,outgoing
194,206,outgoing
194,209,outgoing
194,222,outandin
194,228,outandin
194,237,outandin
194,241,outandin
194,242,outgoing
194,245,outandin
194,254,outandin
194,271,outandin
194,277,outgoing
194,289,outandin
194,295,outandin
194,296,outgoing
194,322,outandin
194,342,outgoing
194,353,incoming
194,356,outandin
194,357,outandin
194,376,outandin
194,404,outandin
194,445,outandin
194,449,outgoing
194,453,outandin
194,456,outgoing
194,463,outgoing
194,465,outandin
194,479,outandin
194,482,outgoing
194,498,outgoing
194,503,outandin
194,509,outandin
194,516,outgoing
194,527,outandin
194,560,outandin
194,567,outandin
194,569,outandin
194,573,outandin
194,575,outandin
194,586,outgoing
194,590,outandin
194,596,outandin
194,598,outgoing
194,599,outandin
194,619,outgoing
194,642,outandin
194,644,outandin
194,673,outandin
194,679,outgoing
194,706,outandin
194,711,outandin
194,753,outandin
194,768,outandin
194,774,outandin
194,794,outandin
194,798,outandin
194,815,outandin
194,817,outandin
194,842,outandin
194,913,outgoing
194,915,outandin
194,944,outandin
194,949,outandin
194,980,outandin
194,986,outandin
194,991,outgoing
194,998,outandin
194,1004,outgoing
194,1033,outandin
194,1039,outandin
194,1051,outandin
194,1056,outandin
194,1063,outandin
194,1083,outandin
194,1084,outandin
194,1085,outandin
194,1086,outandin
194,1097,outandin
194,1101,outandin
194,1142,outandin
194,1178,outandin
194,1185,outandin
194,1248,outandin
194,1270,outandin
194,1279,outandin
194,1284,outandin
194,1362,outandin
194,1379,outandin
194,1406,outandin
252,9,outandin
252,69,outandin
252,97,outgoing
252,105,outandin
252,242,outandin
252,277,outgoing
252,350,outandin
252,389,outgoing
252,433,outandin
252,463,outgoing
252,481,outgoing
252,595,outandin
252,598,outgoing
252,687,outgoing
252,765,outgoing
252,766,incoming
252,783,outgoing
252,815,outandin
252,1000,outandin
252,1018,outandin
252,1026,outandin
252,1056,outandin
252,1069,outandin
252,1103,outandin
252,1236,outandin
252,1283,outandin
252,1291,outandin
252,1314,outandin
252,1338,outandin
252,1362,outandin
252,1402,outandin
257,90,outandin
257,142,outandin
257,298,outandin
257,615,outandin
257,687,outandin
257,711,outandin
257,719,outandin
257,809,outandin
257,838,outandin
257,1178,outandin
257,1183,outandin
257,1214,outandin
257,1294,outandin
257,1349,outandin
257,1597,outandin
257,1610,outandin
317,9,outandin
317,105,outandin
317,263,outgoing
317,281,outgoing
317,307,
317,308,outgoing
317,315,outgoing
317,319,outgoing
317,333,outandin
317,367,outandin
317,398,outandin
317,408,outgoing
317,479,outgoing
317,482,outandin
317,538,outandin
317,605,outgoing
317,617,outgoing
317,626,outandin
317,679,outgoing
317,701,outandin
317,711,outandin
317,739,outgoing
317,749,outandin
317,840,outgoing
317,992,outandin
317,1069,outandin
317,1111,outandin
317,1120,outandin
317,1168,outandin
317,1171,outandin
317,1181,outandin
317,1184,outandin
317,1260,outandin
317,1281,outandin
317,1283,outandin
317,1534,outandin
323,48,outandin
323,68,outgoing
323,73,outandin
323,88,outgoing
323,97,outandin
323,98,outgoing
323,105,outandin
323,142,outandin
323,234,outandin
323,250,outgoing
323,281,outgoing
323,285,outandin
323,298,incoming
323,308,outandin
323,325,outandin
323,339,outandin
323,341,outgoing
323,342,outandin
323,346,outandin
323,350,outandin
323,367,outgoing
323,418,outandin
323,421,outgoing
323,431,outgoing
323,482,outandin
323,514,outandin
323,557,outgoing
323,560,outandin
323,632,outandin
323,640,outgoing
323,642,outgoing
323,643,outgoing
323,645,outgoing
323,687,outandin
323,704,outandin
323,719,outgoing
323,725,outandin
323,732,outandin
323,741,outandin
323,753,outgoing
323,758,outandin
323,779,outandin
323,810,outgoing
323,834,outgoing
323,865,outandin
323,950,outandin
323,966,outgoing
323,991,outgoing
323,1006,outgoing
323,1014,outandin
323,1036,outandin
323,1044,outgoing
323,1047,outandin
323,1073,outandin
323,1083,outandin
323,1113,outandin
323,1124,outandin
323,1164,outandin
323,1235,outandin
323,1237,outandin
323,1267,outandin
323,1283,outandin
323,1297,outandin
323,1339,outandin
323,1347,outandin
323,1449,outandin
371,377,outgoing
371,551,outgoing
371,555,outandin
371,590,outandin
371,1269,outandin
377,48,outandin
377,50,outandin
377,53,outandin
377,103,outandin
377,144,outandin
377,263,outandin
377,272,outandin
377,281,outandin
377,288,outandin
377,306,outandin
377,332,outandin
377,343,outandin
377,415,outandin
377,592,outandin
377,615,outandin
377,627,outandin
377,704,outandin
377,755,outgoing
377,777,outandin
377,790,outgoing
377,814,outandin
377,942,outandin
377,992,outandin
377,1019,outandin
377,1060,outandin
377,1117,outandin
377,1122,outandin
377,1185,outandin
377,1283,outandin
377,1507,outandin
415,12,outandin
415,142,outandin
415,143,outgoing
415,195,outandin
415,244,outgoing
415,263,outandin
415,329,outgoing
415,475,outandin
415,538,outandin
415,808,outandin
415,840,outandin
415,997,incoming
415,1121,outandin
415,1208,outandin
415,1231,outandin
415,1244,outandin
415,1246,outandin
415,1260,outandin
415,1283,outandin
415,1350,outandin
415,1433,outandin
415,1624,outandin
482,8,outandin
482,97,outandin
482,101,outandin
482,105,outandin
482,142,outandin
482,184,outandin
482,204,outgoing
482,212,outandin
482,220,outandin
482,248,outandin
482,254,outandin
482,260,outandin
482,263,outandin
482,269,outandin
482,272,outandin
482,281,outandin
482,283,outandin
482,297,outgoing
482,325,outgoing
482,332,outandin
482,353,outandin
482,372,
482,389,outgoing
482,463,incoming
482,546,outandin
482,761,outgoing
482,799,outandin
482,809,outgoing
482,823,outgoing
482,864,outandin
482,878,outgoing
482,1005,outgoing
482,1072,outandin
482,1103,outandin
482,1189,outandin
482,1217,outandin
482,1281,outandin
482,1283,outandin
482,1294,outandin
482,1402,outandin
482,1489,outandin
482,1587,outandin
482,1665,outandin
487,105,outandin
487,598,outandin
487,697,outandin
487,1026,outgoing
487,1236,outandin
487,1281,outandin
488,242,outandin
488,598,outandin
495,67,outandin
495,68,outandin
495,103,outgoing
495,121,outandin
495,172,incoming
495,181,outgoing
495,191,outandin
495,339,outandin
495,342,outandin
495,400,outgoing
495,498,outgoing
495,539,outandin
495,540,outgoing
495,542,outandin
495,546,outandin
495,560,outgoing
495,585,outgoing
495,586,outandin
495,646,outandin
495,649,outandin
495,652,outandin
495,714,outandin
495,741,incoming
495,770,outandin
495,794,outandin
495,815,outandin
495,823,outandin
495,831,outgoing
495,864,outgoing
495,871,outgoing
495,884,outandin
495,933,outandin
495,950,outandin
495,1000,outgoing
495,1043,outandin
495,1049,outandin
495,1050,outgoing
495,1066,outandin
495,1113,outandin
495,1185,outandin
495,1213,incoming
495,1281,outandin
495,1328,outandin
495,1332,incoming
495,1367,outandin
495,1381,outandin
495,1433,outandin
495,1517,outandin
495,1630,outandin
498,9,outandin
498,105,outandin
498,204,outgoing
498,228,outandin
498,256,outgoing
498,378,outandin
498,389,outgoing
498,449,outgoing
498,626,outandin
498,638,outandin
498,639,outandin
498,649,outgoing
498,654,outandin
498,708,outandin
498,753,outandin
498,823,outgoing
498,831,outgoing
498,864,outandin
498,881,outgoing
498,1050,outandin
498,1068,outandin
498,1072,outandin
498,1100,outandin
498,1101,outandin
498,1135,outandin
498,1158,outandin
498,1215,outandin
498,1236,outandin
498,1283,outandin
498,1293,outandin
498,1402,outandin
498,1434,outandin
498,1444,outandin
498,1470,outandin
555,212,outgoing
555,305,outandin
555,306,outgoing
555,352,outandin
555,391,outgoing
555,440,outgoing
555,562,outgoing
555,590,outgoing
555,594,outandin
555,598,outandin
555,626,outgoing
555,639,outgoing
555,641,outgoing
555,654,outgoing
555,676,outgoing
555,765,outandin
555,795,outandin
555,802,outandin
555,843,outandin
555,969,outandin
555,1019,outgoing
555,1047,outandin
555,1060,outandin
555,1117,outandin
555,1167,outandin
555,1173,outandin
555,1185,outandin
555,1187,outandin
555,1236,outandin
555,1281,outandin
555,1292,outandin
555,1449,outandin
555,1634,outandin
590,212,outgoing
590,346,outgoing
590,408,outandin
590,439,outgoing
590,440,outgoing
590,513,outgoing
590,514,outgoing
590,595,outandin
590,596,outandin
590,626,outgoing
590,627,outandin
590,638,outandin
590,654,outandin
590,681,outgoing
590,753,outandin
590,760,outandin
590,835,outgoing
590,859,outandin
590,893,outandin
590,964,outgoing
590,1019,outandin
590,1060,outandin
590,1144,outandin
590,1185,outandin
590,1283,outandin
687,6,outandin
687,193,outandin
687,260,outandin
687,277,incoming
687,298,outandin
687,302,outandin
687,367,outandin
687,409,outandin
687,438,outandin
687,463,outgoing
687,479,outgoing
687,481,outgoing
687,573,outandin
687,598,outgoing
687,605,outandin
687,639,outgoing
687,640,outandin
687,642,outandin
687,673,outandin
687,713,outandin
687,753,outandin
687,757,outgoing
687,876,outandin
687,1004,outgoing
687,1032,outandin
687,1051,outandin
687,1054,outgoing
687,1056,outandin
687,1069,outandin
687,1097,outandin
687,1101,outandin
687,1178,outandin
687,1185,outandin
687,1237,outandin
687,1281,outandin
687,1283,outandin
687,1378,outandin
687,1402,outandin
687,1616,outandin
781,50,outandin
781,96,outandin
781,281,outandin
781,307,outandin
781,386,outandin
781,408,outandin
781,538,outandin
781,701,outandin
781,713,outandin
781,739,outandin
781,755,outandin
781,986,outandin
781,988,outandin
781,1018,outandin
781,1038,outandin
781,1042,outandin
781,1244,outandin
781,1253,outandin
781,1279,outandin
781,1280,outandin
781,1281,outandin
781,1287,outandin
781,1314,outandin
781,1317,outandin
781,1365,outandin
781,1403,outandin
781,1426,outandin
781,1461,outandin
781,1515,outandin
781,1528,outandin
781,1550,outandin
781,1619,outandin
1110,63,outandin
1110,281,outandin
1110,308,outandin
1110,343,outandin
1110,474,outandin
1110,658,outandin
1110,752,outandin
1110,1146,outandin
1110,1434,outandin
1113,70,outandin
1113,101,outandin
1113,128,outandin
1113,142,outandin
1113,233,outandin
1113,277,outandin
1113,294,outandin
1113,297,outandin
1113,309,outandin
1113,339,outandin
1113,353,outandin
1113,389,outandin
1113,396,outandin
1113,437,outandin
1113,508,outandin
1113,536,outandin
1113,544,outandin
1113,576,outandin
1113,598,outandin
1113,607,outandin
1113,609,outandin
1113,638,outandin
1113,673,outandin
1113,739,outandin
1113,774,outandin
1113,783,outandin
1113,794,outandin
1113,815,incoming
1113,823,outandin
1113,840,outandin
1113,886,outandin
1113,928,outandin
1113,933,outandin
1113,987,outandin
1113,990,incoming
1113,1131,outandin
1113,1160,outandin
1113,1161,outandin
1113,1182,outandin
1113,1207,outandin
1113,1214,outandin
1113,1216,outandin
1113,1255,outandin
1113,1283,outandin
1113,1294,outandin
1113,1306,outandin
1113,1348,outandin
1113,1463,outandin
1113,1493,incoming
1113,1509,outandin
1113,1517,outandin
1113,1541,outandin
1113,1553,outandin
1113,1565,outandin
1113,1568,incoming
1113,1603,outandin
1113,1665,outandin
1192,1530,outandin
1249,881,outandin
1249,1218,outandin
1510,9,outandin
1510,95,outandin
1510,103,outandin
1510,128,outandin
1510,569,outandin
1510,606,outandin
1510,1539,outandin
1565,67,outandin
1565,174,outandin
1565,228,outandin
1565,278,outandin
1565,357,outandin
1565,442,outandin
1565,620,outandin
1565,704,outandin
1565,933,outandin
1565,1158,outandin
1565,1252,outandin
1565,1285,incoming
1565,1379,outandin
1565,1472,outandin
1565,1522,outandin
1565,1564,outandin
1577,12,outandin
1577,1556,outandin
1578,337,outandin
1578,342,outandin
1578,704,outandin
1578,751,outandin
1578,847,outandin
1578,1448,outandin
6,90,outandin
6,201,outandin
6,212,outgoing
6,341,outandin
6,422,outandin
6,439,outandin
6,578,outgoing
6,704,outandin
6,753,outandin
6,794,outandin
6,1020,outandin
6,1174,outandin
6,1180,outandin
6,1410,outandin
90,48,outandin
90,105,outandin
90,269,outandin
90,598,outandin
90,605,outandin
90,697,outandin
90,793,outandin
90,809,outandin
90,841,outandin
90,967,outandin
90,1006,outandin
90,1072,outandin
90,1283,outandin
90,1339,outandin
90,1648,outandin
201,140,outgoing
201,143,
201,607,outandin
201,938,outandin
201,1616,outandin
212,9,outgoing
212,105,outandin
212,199,outgoing
212,204,outandin
212,211,outgoing
212,263,outgoing
212,289,outgoing
212,303,
212,306,outandin
212,309,outgoing
212,321,outgoing
212,372,outgoing
212,376,outgoing
212,394,outgoing
212,439,outgoing
212,532,outandin
212,539,outandin
212,576,outgoing
212,627,outandin
212,639,outgoing
212,678,outgoing
212,681,outandin
212,741,outgoing
212,760,outgoing
212,1054,outandin
212,1056,outandin
212,1168,outandin
212,1289,outandin
212,1507,outandin
212,1551,outandin
341,145,outandin
341,307,outandin
341,353,outandin
341,504,outandin
341,634,outandin
341,686,outgoing
341,701,outandin
341,793,outandin
341,831,outandin
341,950,outgoing
341,1072,outandin
341,1087,outandin
341,1093,outandin
341,1118,outandin
341,1132,outandin
341,1136,outandin
341,1138,outandin
341,1181,outandin
341,1255,outandin
341,1280,outandin
341,1338,outandin
341,1373,outandin
341,1423,outandin
341,1437,outandin
341,1598,outandin
341,1641,outandin
422,308,outandin
422,386,outgoing
422,394,outgoing
422,615,outandin
422,800,outandin
422,815,outandin
422,1041,outandin
422,1060,outandin
422,1281,outandin
422,1283,outandin
422,1299,outandin
422,1402,outandin
439,105,outandin
439,306,outandin
439,350,outandin
439,388,outgoing
439,514,outandin
439,562,outandin
439,638,outandin
439,778,outandin
439,952,outandin
439,1019,outgoing
439,1449,outandin
578,1284,outandin
578,1576,outandin
704,63,outgoing
704,69,outandin
704,105,outandin
704,204,outandin
704,277,outandin
704,288,outandin
704,297,outgoing
704,302,outandin
704,447,outandin
704,475,outandin
704,502,outandin
704,596,outandin
704,598,outandin
704,605,outgoing
704,617,outgoing
704,700,outandin
704,712,outgoing
704,734,outandin
704,768,outgoing
704,776,outgoing
704,799,outandin
704,822,outgoing
704,919,outgoing
704,943,outgoing
704,958,outgoing
704,986,outandin
704,1050,outandin
704,1053,outandin
704,1060,outandin
704,1067,outandin
704,1072,outandin
704,1091,outandin
704,1092,outandin
704,1100,outandin
704,1131,outandin
704,1138,outandin
704,1141,outandin
704,1181,outandin
704,1183,outandin
704,1195,outandin
704,1196,outandin
704,1209,outandin
704,1214,outandin
704,1217,outandin
704,1231,outandin
704,1234,outandin
704,1236,outandin
704,1244,outandin
704,1246,outandin
704,1247,outandin
704,1248,outandin
704,1255,outandin
704,1257,outandin
704,1280,outandin
704,1283,outandin
704,1286,outandin
704,1295,outandin
704,1296,outandin
704,1297,outandin
704,1298,outandin
704,1302,outandin
704,1306,outandin
704,1322,outandin
704,1324,outandin
704,1329,outandin
704,1393,outandin
704,1395,outandin
704,1400,outandin
704,1402,outandin
704,1403,outandin
704,1423,outandin
704,1467,outandin
704,1468,outandin
704,1478,outandin
704,1487,outandin
704,1489,outandin
704,1509,outandin
704,1580,outandin
704,1585,outandin
704,1603,outandin
753,9,outgoing
753,250,outandin
753,308,outandin
753,342,outandin
753,350,outandin
753,372,outgoing
753,425,outandin
753,638,outgoing
753,642,outandin
753,652,outandin
753,712,outgoing
753,719,outgoing
753,758,outgoing
753,834,outandin
753,984,outandin
753,986,outandin
753,1033,outandin
753,1044,outandin
753,1100,outandin
753,1283,outandin
753,1302,outandin
753,1317,outandin
753,1373,outandin
753,1410,outandin
753,1433,outandin
753,1539,outandin
794,27,outgoing
794,105,outandin
794,204,outgoing
794,277,outgoing
794,598,outgoing
794,928,outgoing
794,1161,outandin
794,1294,outandin
794,1381,outandin
794,1401,outandin
1174,63,outandin
1174,302,outandin
1174,502,outandin
1174,547,outandin
1174,679,outandin
1174,700,outandin
1174,1132,outandin
1174,1434,outandin
1174,1598,outandin
1180,475,outandin
1180,600,outandin
1180,852,outandin
1180,1031,outandin
1180,1183,outandin
1180,1267,outandin
1180,1393,outandin
1410,1507,outandin
1410,1638,outandin
8,12,outgoing
8,105,outgoing
8,224,outandin
8,357,outgoing
8,615,outandin
8,634,outandin
8,834,outandin
8,986,outandin
8,1189,outandin
8,1269,outandin
8,1522,outandin
8,1539,outandin
12,9,outandin
12,73,outgoing
12,80,outandin
12,101,outgoing
12,103,outandin
12,109,outandin
12,118,outandin
12,128,outandin
12,140,outgoing
12,142,outgoing
12,173,outandin
12,175,outgoing
12,282,outgoing
12,297,outandin
12,308,outgoing
12,319,outandin
12,343,outgoing
12,358,outandin
12,366,outandin
12,389,outgoing
12,392,outandin
12,402,outgoing
12,409,outandin
12,475,outandin
12,527,outgoing
12,536,outgoing
12,543,outandin
12,569,outgoing
12,586,outandin
12,598,outandin
12,599,outgoing
12,603,outandin
12,605,outgoing
12,609,outandin
12,617,outgoing
12,634,outandin
12,638,outandin
12,679,outandin
12,697,outandin
12,711,outgoing
12,719,outandin
12,758,outandin
12,814,outandin
12,817,outgoing
12,834,outandin
12,840,outandin
12,857,outandin
12,926,outandin
12,938,outandin
12,969,outgoing
12,986,outandin
12,991,outandin
12,997,outgoing
12,998,outandin
12,1039,outandin
12,1042,outandin
12,1068,outandin
12,1080,outandin
12,1102,outandin
12,1106,outandin
12,1118,outandin
12,1138,outandin
12,1153,outandin
12,1188,outandin
12,1214,outandin
12,1252,outandin
12,1255,outandin
12,1281,outandin
12,1284,outandin
12,1286,outandin
12,1297,outandin
12,1313,outandin
12,1338,outandin
12,1344,outandin
12,1379,outandin
12,1387,incoming
12,1402,outandin
12,1406,outandin
12,1420,outandin
12,1433,outandin
12,1485,outandin
12,1493,outandin
12,1520,outandin
12,1545,outandin
12,1639,outandin
105,52,outandin
105,63,outgoing
105,96,outandin
105,101,outandin
105,128,outandin
105,132,outandin
105,144,outgoing
105,155,outandin
105,175,outandin
105,209,outandin
105,250,outandin
105,263,outandin
105,288,outandin
105,307,outandin
105,308,outandin
105,314,outandin
105,332,outandin
105,337,outandin
105,339,outandin
105,343,outandin
105,367,outandin
105,388,outandin
105,393,outandin
105,398,outandin
105,404,outandin
105,454,outandin
105,463,outandin
105,474,outandin
105,475,outandin
105,523,outandin
105,540,outandin
105,563,outandin
105,569,outandin
105,576,outandin
105,577,outandin
105,585,outandin
105,596,outandin
105,598,outandin
105,600,outandin
105,603,outandin
105,605,outandin
105,606,outandin
105,621,outandin
105,624,outandin
105,626,outandin
105,632,outandin
105,638,outgoing
105,640,outandin
105,644,outandin
105,654,outandin
105,674,outandin
105,675,outandin
105,679,outandin
105,683,outandin
105,697,outandin
105,701,outandin
105,708,outandin
105,711,outandin
105,712,outandin
105,713,outgoing
105,716,outandin
105,724,outandin
105,739,outandin
105,758,outandin
105,783,outandin
105,814,outandin
105,831,outandin
105,859,outandin
105,871,outandin
105,884,outandin
105,899,outandin
105,915,outandin
105,938,outandin
105,964,outandin
105,990,outandin
105,992,outandin
105,993,outandin
105,995,outandin
105,1021,outgoing
105,1027,outgoing
105,1033,outandin
105,1034,outandin
105,1036,outandin
105,1039,outandin
105,1050,outandin
105,1051,outandin
105,1068,outandin
105,1069,outandin
105,1083,outandin
105,1099,outandin
105,1100,outandin
105,1102,outandin
105,1103,outandin
105,1104,outandin
105,1105,outandin
105,1107,outandin
105,1108,outandin
105,1111,outandin
105,1116,outandin
105,1117,outandin
105,1118,outandin
105,1122,outandin
105,1123,outandin
105,1124,outandin
105,1125,outandin
105,1129,outandin
105,1130,outandin
105,1131,outandin
105,1132,outandin
105,1134,outandin
105,1138,outandin
105,1139,outandin
105,1141,outandin
105,1142,outandin
105,1143,outandin
105,1144,outandin
105,1145,outandin
105,1146,outandin
105,1147,outandin
105,1148,outandin
105,1149,outandin
105,1150,outandin
105,1151,outandin
105,1152,outandin
105,1153,outandin
105,1156,outandin
105,1157,outandin
105,1181,outandin
105,1189,outandin
105,1215,outandin
105,1246,outandin
105,1276,outandin
105,1312,outandin
105,1338,outandin
105,1353,outandin
105,1372,outandin
105,1373,outandin
105,1387,outandin
105,1402,outandin
105,1406,outandin
105,1421,outandin
105,1423,outandin
105,1444,outandin
105,1463,outandin
105,1573,outandin
224,144,outandin
224,175,incoming
224,220,outgoing
224,447,outandin
224,605,outgoing
224,626,outandin
224,635,outandin
224,654,outandin
224,701,outgoing
224,839,outandin
224,862,outandin
224,1246,outandin
224,1319,outandin
224,1402,outandin
224,1509,outandin
224,1624,outandin
357,52,outandin
357,69,outandin
357,114,outandin
357,118,outandin
357,143,outandin
357,152,outandin
357,154,outandin
357,249,outandin
357,306,outandin
357,314,outandin
357,343,outgoing
357,358,outgoing
357,379,outgoing
357,449,outandin
357,474,outandin
357,483,outandin
357,523,outandin
357,525,outandin
357,527,outandin
357,528,outandin
357,592,outandin
357,598,outgoing
357,605,outandin
357,617,outandin
357,626,outandin
357,638,outandin
357,654,outandin
357,659,outgoing
357,701,outandin
357,708,
357,713,outandin
357,758,outgoing
357,774,outandin
357,783,outgoing
357,792,outandin
357,802,outandin
357,817,outandin
357,818,outgoing
357,835,outandin
357,840,outandin
357,843,outandin
357,859,outgoing
357,903,outandin
357,938,outandin
357,964,outandin
357,967,outandin
357,974,outandin
357,986,outandin
357,988,outandin
357,992,outandin
357,1039,outandin
357,1041,outandin
357,1062,outandin
357,1068,outandin
357,1103,outandin
357,1111,outandin
357,1118,outandin
357,1136,outandin
357,1142,outandin
357,1161,outandin
357,1169,outandin
357,1178,outandin
357,1181,outandin
357,1182,outandin
357,1184,outandin
357,1190,outandin
357,1196,outandin
357,1208,outandin
357,1253,outandin
357,1260,outandin
357,1284,outandin
357,1291,outandin
357,1304,outandin
357,1359,outandin
357,1362,outandin
357,1375,outandin
357,1387,outandin
357,1402,outandin
357,1403,outandin
357,1417,outandin
357,1426,incoming
357,1431,outandin
357,1521,outandin
357,1568,outandin
357,1582,outandin
357,1585,outandin
357,1603,outandin
357,1624,incoming
357,1644,incoming
615,53,outandin
615,80,outandin
615,204,outandin
615,249,outandin
615,277,outandin
615,283,outandin
615,297,outandin
615,308,outgoing
615,329,outandin
615,474,outandin
615,509,outandin
615,523,outandin
615,536,outandin
615,569,outandin
615,605,outandin
615,706,outandin
615,713,outgoing
615,740,outgoing
615,823,outandin
615,840,outandin
615,1026,outandin
615,1042,outandin
615,1063,outandin
615,1072,outandin
615,1103,outandin
615,1108,outandin
615,1116,outandin
615,1117,outandin
615,1130,outandin
615,1178,outandin
615,1181,outandin
615,1185,outandin
615,1190,outandin
615,1213,outandin
615,1234,outandin
615,1236,outandin
615,1241,outandin
615,1244,outandin
615,1256,outandin
615,1331,outandin
615,1373,outandin
615,1387,outandin
615,1425,outandin
615,1526,outandin
615,1579,outandin
834,9,outandin
834,53,outandin
834,142,outandin
834,143,outandin
834,144,outgoing
834,168,outgoing
834,175,outgoing
834,220,outandin
834,314,outandin
834,398,outandin
834,474,outandin
834,598,outandin
834,617,outandin
834,621,outgoing
834,626,outandin
834,986,outandin
834,1024,outandin
834,1068,outandin
834,1074,outandin
834,1118,outandin
834,1130,outandin
834,1196,outandin
834,1234,outandin
834,1246,outandin
834,1280,outandin
834,1365,outandin
986,19,outandin
986,48,outgoing
986,124,outandin
986,163,incoming
986,175,outandin
986,254,outandin
986,296,outandin
986,346,outandin
986,620,outandin
986,644,outandin
986,649,outandin
986,652,outgoing
986,679,outandin
986,719,outandin
986,725,outandin
986,752,outandin
986,793,outandin
986,835,outgoing
986,915,outandin
986,991,outgoing
986,1036,outandin
986,1265,outandin
986,1283,outandin
986,1310,outandin
986,1425,outandin
986,1598,outandin
986,1658,outandin
1189,80,outandin
1189,97,outandin
1189,114,outandin
1189,118,outandin
1189,204,outandin
1189,220,outandin
1189,238,outandin
1189,277,outandin
1189,297,outandin
1189,305,outandin
1189,319,outandin
1189,322,outandin
1189,346,outandin
1189,372,outandin
1189,375,outandin
1189,389,outandin
1189,393,outandin
1189,437,outandin
1189,454,outandin
1189,473,outandin
1189,475,outandin
1189,483,outandin
1189,494,outandin
1189,502,outandin
1189,523,incoming
1189,536,outandin
1189,543,incoming
1189,546,outandin
1189,569,outandin
1189,576,outandin
1189,595,outandin
1189,598,outandin
1189,600,outandin
1189,626,outandin
1189,638,outandin
1189,683,outandin
1189,689,outandin
1189,713,outandin
1189,714,outandin
1189,768,outandin
1189,815,outandin
1189,822,outandin
1189,823,outandin
1189,835,outandin
1189,840,outandin
1189,843,outandin
1189,864,outandin
1189,878,incoming
1189,882,outandin
1189,899,outandin
1189,938,outandin
1189,969,outandin
1189,975,outandin
1189,1015,incoming
1189,1021,outandin
1189,1034,outandin
1189,1072,outandin
1189,1097,outandin
1189,1103,outandin
1189,1178,outandin
1189,1181,outandin
1189,1184,outandin
1189,1187,outandin
1189,1191,outandin
1189,1196,outandin
1189,1217,outandin
1189,1236,outandin
1189,1238,outandin
1189,1244,outandin
1189,1255,outandin
1189,1260,outandin
1189,1261,outandin
1189,1280,outandin
1189,1282,incoming
1189,1291,outandin
1189,1338,outandin
1189,1370,outandin
1189,1402,outandin
1189,1407,outandin
1189,1417,outandin
1189,1444,outandin
1189,1481,outandin
1189,1489,incoming
1189,1520,outandin
1189,1560,outandin
1189,1647,outandin
1189,1665,incoming
1269,52,outandin
1269,69,outandin
1269,86,outandin
1269,96,outandin
1269,101,outandin
1269,166,outandin
1269,204,outandin
1269,316,outandin
1269,380,outandin
1269,389,outandin
1269,437,outandin
1269,454,outandin
1269,457,outandin
1269,530,outandin
1269,544,outandin
1269,626,outandin
1269,635,outandin
1269,764,outandin
1269,797,outandin
1269,818,outandin
1269,887,outandin
1269,932,outandin
1269,987,outandin
1269,1039,outandin
1269,1053,outandin
1269,1091,outandin
1269,1092,outandin
1269,1142,outandin
1269,1223,outandin
1269,1232,outandin
1269,1268,outandin
1269,1301,outandin
1269,1316,outandin
1269,1372,outandin
1269,1375,outandin
1269,1402,outandin
1269,1452,outandin
1269,1456,outandin
1269,1457,outandin
1269,1458,outandin
1269,1459,outandin
1269,1460,outandin
1269,1502,outandin
1522,97,outandin
1522,175,outandin
1522,220,outandin
1522,569,outandin
1522,809,outandin
1522,859,outandin
1522,1184,outandin
1522,1255,outandin
1522,1524,outandin
1522,1587,outandin
1522,1598,incoming
1522,1616,incoming
1522,1618,incoming
1539,69,outandin
1539,152,outandin
1539,154,outandin
1539,177,outandin
1539,204,outandin
1539,299,outandin
1539,378,outandin
1539,402,outandin
1539,437,outandin
1539,523,outandin
1539,527,outandin
1539,576,outandin
1539,599,outandin
1539,601,outandin
1539,617,outandin
1539,659,outandin
1539,708,outandin
1539,710,outandin
1539,734,outandin
1539,818,outandin
1539,899,outandin
1539,938,outandin
1539,958,outandin
1539,997,outandin
1539,1021,outandin
1539,1024,outandin
1539,1039,outandin
1539,1056,outandin
1539,1068,outandin
1539,1069,outandin
1539,1103,outandin
1539,1131,outandin
1539,1169,outandin
1539,1184,outandin
1539,1188,outandin
1539,1196,outandin
1539,1206,outandin
1539,1211,outandin
1539,1255,outandin
1539,1299,outandin
1539,1338,outandin
1539,1342,outandin
1539,1346,outandin
1539,1402,incoming
1539,1443,outandin
1539,1452,outandin
1539,1563,outandin
1539,1568,outandin
1539,1573,outandin
1539,1582,outandin
1539,1585,outandin
1539,1616,outandin
1539,1618,outandin
1539,1620,outandin
1539,1622,outandin
1539,1628,outandin
1539,1632,outandin
1539,1637,outandin
1539,1639,outandin
1539,1640,outandin
1539,1641,outandin
1539,1644,outandin
1539,1646,outandin
1539,1647,outandin
1539,1649,outandin
9,34,outgoing
9,53,outandin
9,109,outgoing
9,142,outgoing
9,177,outgoing
9,282,
9,295,outandin
9,308,outgoing
9,314,outandin
9,318,outgoing
9,366,outgoing
9,391,outgoing
9,566,outgoing
9,569,outgoing
9,596,outandin
9,598,outgoing
9,601,outgoing
9,607,outgoing
9,617,
9,652,outgoing
9,654,outandin
9,679,outandin
9,683,outgoing
9,686,outandin
9,740,outandin
9,766,outandin
9,771,outandin
9,788,
9,901,outandin
9,928,outandin
9,938,outandin
9,994,outandin
9,997,outandin
9,1039,outandin
9,1050,outandin
9,1062,outandin
9,1121,outandin
9,1132,outandin
9,1169,outandin
9,1181,outandin
9,1183,outandin
9,1184,outandin
9,1185,outandin
9,1188,outandin
9,1190,outandin
9,1191,outandin
9,1196,incoming
9,1197,outandin
9,1198,outandin
9,1206,outandin
9,1261,outandin
9,1265,outandin
9,1279,outandin
9,1280,outandin
9,1281,outandin
9,1285,outandin
9,1312,outandin
9,1313,incoming
9,1317,outandin
9,1323,outandin
9,1332,outandin
9,1338,incoming
9,1342,outandin
9,1387,outandin
9,1401,outandin
9,1402,outandin
9,1420,outandin
9,1423,outandin
9,1434,outandin
9,1444,outandin
9,1445,outandin
9,1450,outandin
9,1451,outandin
9,1452,outandin
9,1453,outandin
9,1501,outandin
9,1521,outandin
9,1545,incoming
9,1558,outandin
9,1573,outandin
9,1618,outandin
9,1621,outandin
9,1622,incoming
9,1637,outandin
9,1640,outandin
9,1641,outandin
9,1642,outandin
9,1643,outandin
9,1644,outandin
9,1646,outandin
9,1647,incoming
9,1648,outandin
9,1649,outandin
9,1650,outandin
9,1651,outandin
9,1652,outandin
34,155,outandin
34,189,outandin
34,282,outgoing
34,288,outandin
34,335,outgoing
34,483,outandin
34,713,outandin
34,1042,outandin
34,1072,outandin
34,1130,incoming
53,26,outandin
53,54,outgoing
53,62,outandin
53,87,outandin
53,181,outandin
53,250,outgoing
53,308,outgoing
53,343,outandin
53,408,outandin
53,413,outandin
53,416,outandin
53,594,outandin
53,620,outandin
53,646,outandin
53,711,outandin
53,739,outandin
53,975,outandin
53,1018,outgoing
53,1042,outandin
53,1101,outandin
53,1118,outandin
53,1138,outandin
53,1139,outandin
53,1202,outandin
53,1244,outandin
53,1272,outandin
53,1281,outandin
53,1283,outandin
53,1314,outandin
53,1332,outandin
53,1349,outandin
53,1388,outandin
53,1432,outandin
53,1438,outandin
53,1508,outandin
53,1551,outandin
53,1585,incoming
53,1615,outandin
53,1623,outandin
53,1636,outandin
53,1667,incoming
109,103,outgoing
109,282,outgoing
109,681,incoming
109,991,outandin
109,1000,outgoing
142,144,
142,244,outgoing
142,329,outandin
142,337,outandin
142,342,outandin
142,514,outandin
142,617,outandin
142,654,outandin
142,713,outandin
142,792,outandin
142,840,outandin
142,997,
142,1121,incoming
142,1260,outandin
142,1277,outandin
142,1281,outandin
142,1283,outandin
142,1415,outandin
177,1009,outandin
282,66,incoming
282,67,outgoing
282,101,outgoing
282,103,outgoing
282,193,outandin
282,249,incoming
282,462,outgoing
282,674,outandin
282,1071,outandin
282,1236,outandin
282,1327,outandin
282,1364,outandin
282,1543,outandin
282,1627,outandin
295,199,outandin
295,296,outgoing
308,155,outgoing
308,163,outandin
308,263,
308,272,outgoing
308,273,outgoing
308,278,outandin
308,281,outgoing
308,306,outandin
308,333,outgoing
308,373,outgoing
308,431,outgoing
308,523,outandin
308,545,outandin
308,595,outandin
308,701,outandin
308,726,outandin
308,739,outgoing
308,792,outandin
308,823,outgoing
308,835,outandin
308,1014,outandin
308,1042,outandin
308,1056,outandin
308,1068,outandin
308,1069,outandin
308,1118,outandin
308,1185,outandin
308,1236,outandin
308,1281,outandin
308,1312,outandin
308,1463,incoming
308,1489,outandin
308,1517,outandin
308,1601,incoming
308,1641,outandin
314,103,outgoing
314,131,outgoing
314,333,outgoing
314,342,outandin
314,372,outgoing
314,448,outandin
314,542,outandin
314,731,outgoing
314,912,outandin
314,1185,outandin
314,1296,outandin
314,1406,outandin
314,1449,outandin
318,67,incoming
318,249,incoming
318,513,outandin
318,802,outandin
318,859,outandin
318,966,outgoing
318,984,outandin
318,1042,outandin
366,67,outandin
366,346,outandin
366,1349,outandin
366,1601,outandin
391,68,outgoing
391,234,outgoing
391,325,outgoing
391,1154,outandin
391,1328,outandin
566,103,outandin
566,431,outandin
569,29,outandin
569,128,outandin
569,199,outgoing
569,249,incoming
569,250,outandin
569,296,outandin
569,372,outgoing
569,403,outandin
569,606,outgoing
569,640,outandin
569,800,outandin
569,944,outandin
569,967,outandin
569,1181,outandin
569,1313,outandin
569,1335,outandin
569,1337,outandin
569,1352,outandin
596,50,outandin
596,57,outgoing
596,193,outandin
596,234,outandin
596,249,outandin
596,605,outgoing
596,654,outandin
596,724,outandin
596,733,outandin
596,782,outandin
596,994,outandin
596,1153,outandin
596,1179,outandin
596,1187,outandin
596,1284,outandin
596,1290,outandin
598,19,outgoing
598,27,outandin
598,62,outandin
598,67,outgoing
598,84,outandin
598,88,outandin
598,124,outgoing
598,128,outandin
598,199,outgoing
598,209,outandin
598,249,incoming
598,250,outandin
598,254,outgoing
598,297,outandin
598,298,outandin
598,325,outandin
598,339,outgoing
598,342,outgoing
598,346,outandin
598,353,outandin
598,367,outandin
598,400,outgoing
598,430,outandin
598,475,outandin
598,502,outandin
598,523,outandin
598,542,outgoing
598,546,outgoing
598,560,outandin
598,573,outandin
598,582,outandin
598,603,outandin
598,644,outgoing
598,645,outandin
598,649,outandin
598,652,
598,752,outandin
598,770,outandin
598,870,outandin
598,878,outandin
598,915,outandin
598,944,outandin
598,980,outandin
598,1006,outandin
598,1032,outandin
598,1033,outandin
598,1070,incoming
598,1071,outandin
598,1080,outandin
598,1093,outandin
598,1118,outandin
598,1185,outandin
598,1216,outandin
598,1262,outandin
598,1283,outandin
598,1285,outandin
598,1290,outandin
598,1292,outandin
598,1303,outandin
598,1377,outandin
598,1379,outandin
598,1403,outandin
598,1474,incoming
598,1517,outandin
598,1520,outandin
598,1538,outandin
598,1556,outandin
598,1562,outandin
598,1564,outandin
598,1576,outandin
598,1598,outandin
601,400,
601,1517,outandin
607,67,outgoing
607,249,outandin
607,400,outgoing
617,73,outgoing
617,74,outgoing
617,103,outgoing
617,250,outgoing
617,254,outgoing
617,272,outgoing
617,350,outgoing
617,431,
617,503,outandin
617,640,outgoing
617,644,
617,681,outgoing
617,701,outandin
617,728,outgoing
617,734,outgoing
617,736,outandin
617,777,outandin
617,966,outgoing
617,970,incoming
617,1171,outandin
617,1290,outandin
617,1332,incoming
617,1601,outandin
652,73,outandin
652,103,outandin
652,190,outgoing
652,199,outandin
652,214,outandin
652,283,outandin
652,322,outgoing
652,394,outandin
652,822,outandin
652,928,outgoing
652,954,outgoing
652,1071,outandin
652,1246,outandin
652,1317,incoming
654,50,outandin
654,87,outandin
654,131,outandin
654,199,outandin
654,249,
654,254,outgoing
654,272,outandin
654,302,outandin
654,353,outandin
654,442,outandin
654,514,outgoing
654,563,outandin
654,619,outgoing
654,644,outgoing
654,701,outandin
654,733,outgoing
654,782,outandin
654,810,outandin
654,963,outandin
654,991,outandin
654,1045,outandin
654,1136,outandin
654,1173,outandin
654,1181,outandin
654,1248,outandin
654,1251,outandin
654,1253,outandin
654,1283,outandin
654,1598,outandin
679,26,outgoing
679,50,outandin
679,67,outgoing
679,88,outandin
679,149,outandin
679,346,outandin
679,372,outgoing
679,393,outgoing
679,398,outandin
679,418,outandin
679,453,outandin
679,465,outgoing
679,474,outgoing
679,481,outandin
679,483,outandin
679,516,outandin
679,649,outandin
679,673,outandin
679,683,outandin
679,720,outandin
679,787,outgoing
679,792,outgoing
679,822,outandin
679,903,outgoing
679,919,outandin
679,954,outandin
679,963,outandin
679,1083,outandin
679,1095,outandin
679,1176,outandin
679,1178,outandin
679,1248,outandin
679,1281,incoming
679,1310,outandin
679,1363,outandin
679,1574,outandin
679,1642,outandin
683,48,outgoing
683,67,outgoing
683,379,outgoing
683,479,outandin
683,563,outandin
683,577,outandin
683,758,outandin
683,770,outandin
683,824,outandin
683,1168,outandin
683,1281,outandin
686,27,outgoing
686,234,outandin
686,621,
686,768,incoming
686,950,outandin
686,1168,outandin
686,1270,incoming
686,1625,outandin
740,639,outandin
740,706,outandin
740,713,outgoing
740,800,outgoing
740,1256,outandin
740,1375,outandin
740,1404,outandin
766,181,outgoing
766,372,outgoing
771,398,outandin
771,1406,outandin
788,681,outgoing
788,1034,outandin
788,1573,outandin
901,19,outandin
901,67,outgoing
901,884,outandin
901,915,outgoing
928,67,outgoing
928,80,outandin
928,103,outandin
928,362,outandin
928,372,outandin
928,542,outandin
928,714,outgoing
928,733,outandin
928,741,outandin
928,915,outgoing
928,943,outandin
928,964,outandin
928,999,outandin
928,1009,outandin
928,1265,outandin
928,1401,outandin
928,1406,outandin
928,1520,outandin
928,1562,outandin
938,67,outgoing
938,87,outandin
938,103,outgoing
938,327,outandin
938,372,outandin
938,423,outandin
938,733,outandin
938,770,outgoing
938,1165,outandin
938,1265,outandin
938,1283,outandin
938,1323,outandin
938,1396,outandin
994,97,outandin
994,145,outandin
994,315,outandin
994,378,outandin
994,454,outandin
994,502,outandin
994,513,outandin
994,536,outandin
994,632,outandin
994,639,outandin
994,713,outandin
994,799,outandin
994,831,outandin
994,893,outandin
994,993,outgoing
994,1054,outandin
994,1056,outandin
994,1103,outandin
994,1118,outandin
994,1126,outandin
994,1284,outandin
994,1298,outandin
994,1375,outandin
994,1395,outandin
994,1402,outandin
994,1540,outandin
997,19,outandin
997,701,outandin
997,1042,outandin
997,1413,outandin
997,1425,outandin
1039,67,outandin
1039,131,outandin
1039,132,outandin
1039,234,outandin
1039,254,outandin
1039,278,outandin
1039,342,incoming
1039,423,outandin
1039,509,outandin
1039,801,outandin
1039,943,outandin
1039,1034,outandin
1039,1036,outandin
1039,1042,outgoing
1039,1283,outandin
1039,1287,outandin
1039,1316,incoming
1039,1598,incoming
1039,1632,incoming
1050,199,outandin
1050,342,outandin
1050,372,outandin
1050,509,outandin
1050,831,outandin
1050,871,outandin
1050,878,outandin
1050,884,outandin
1050,939,outandin
1050,1026,outandin
1050,1146,outandin
1050,1236,outandin
1062,346,outandin
1062,353,outandin
1062,640,outandin
1062,1061,outandin
1062,1190,outandin
1062,1349,outandin
1062,1419,outandin
1062,1444,outandin
1062,1451,outandin
1062,1453,outandin
1062,1455,outandin
1062,1470,outandin
1121,797,incoming
1132,19,outandin
1132,67,outandin
1132,325,outandin
1132,725,outandin
1132,950,outandin
1132,1087,outandin
1132,1093,outandin
1132,1136,outandin
1132,1156,outandin
1132,1425,outandin
1169,103,outandin
1169,325,outandin
1169,547,outandin
1169,728,outandin
1169,733,outandin
1169,1283,outandin
1181,103,outandin
1181,131,outandin
1181,214,outandin
1181,219,outandin
1181,249,incoming
1181,254,outandin
1181,296,outandin
1181,325,outandin
1181,779,outandin
1181,1083,outandin
1181,1184,outandin
1181,1194,outandin
1181,1272,outandin
1181,1545,outandin
1183,199,outandin
1183,234,outandin
1183,236,outandin
1183,288,outandin
1183,297,outandin
1183,307,outandin
1183,353,outandin
1183,376,outandin
1183,824,outandin
1183,991,outandin
1183,1087,outandin
1183,1187,outandin
1183,1190,outandin
1183,1225,outandin
1183,1230,outandin
1183,1283,outandin
1183,1354,outandin
1183,1355,incoming
1183,1356,outandin
1183,1360,outandin
1183,1361,outandin
1183,1482,outandin
1184,48,outandin
1184,67,outandin
1184,250,outandin
1184,254,outandin
1184,296,outandin
1184,367,outandin
1184,372,outandin
1184,442,outandin
1184,479,outandin
1184,605,outandin
1184,644,outandin
1184,711,outandin
1184,719,outandin
1184,810,outandin
1184,1036,outandin
1184,1044,outandin
1184,1052,outandin
1184,1406,outandin
1184,1472,outandin
1184,1508,outandin
1184,1550,outandin
1185,144,outandin
1185,152,outandin
1185,199,outandin
1185,277,outandin
1185,302,outandin
1185,375,outandin
1185,388,outandin
1185,408,outandin
1185,454,outandin
1185,463,outandin
1185,536,outandin
1185,545,outandin
1185,583,outandin
1185,587,outandin
1185,588,outandin
1185,605,outandin
1185,627,outandin
1185,638,outandin
1185,676,outandin
1185,681,outandin
1185,701,outandin
1185,713,outandin
1185,721,outandin
1185,743,outandin
1185,792,outandin
1185,823,outandin
1185,840,outandin
1185,898,outandin
1185,899,outandin
1185,1002,outandin
1185,1012,outandin
1185,1019,outandin
1185,1077,outandin
1185,1130,outandin
1185,1142,outandin
1185,1173,outandin
1185,1220,outandin
1185,1226,outandin
1185,1227,outandin
1185,1236,outandin
1185,1312,outandin
1185,1329,outandin
1185,1350,outandin
1185,1372,outandin
1185,1383,outandin
1185,1402,incoming
1185,1403,outandin
1185,1406,outandin
1185,1417,outandin
1185,1444,outandin
1185,1587,outandin
1188,1033,outandin
1188,1114,outandin
1190,50,outandin
1190,62,incoming
1190,144,outandin
1190,254,outandin
1190,281,outandin
1190,288,outandin
1190,306,outandin
1190,378,outandin
1190,393,incoming
1190,394,incoming
1190,551,outandin
1190,708,outandin
1190,738,outandin
1190,1034,outandin
1190,1281,outandin
1190,1285,incoming
1190,1287,outandin
1190,1349,outandin
1190,1352,outandin
1190,1568,outandin
1190,1580,outandin
1190,1582,outandin
1190,1585,outandin
1190,1598,outandin
1191,1373,outandin
1196,155,outandin
1196,669,outandin
1196,770,outandin
1198,898,outandin
1198,1230,outandin
1206,67,outandin
1206,676,outandin
1206,1093,outandin
1261,189,outandin
1261,582,outandin
1261,725,outandin
1265,1598,outandin
1279,254,outandin
1279,644,outandin
1279,1248,outandin
1279,1281,outandin
1280,48,outandin
1280,103,outandin
1280,272,outandin
1280,281,outandin
1280,372,outandin
1280,497,outandin
1280,511,outandin
1280,547,incoming
1280,560,outandin
1280,621,outandin
1280,642,outandin
1280,725,outandin
1280,741,outandin
1280,770,outandin
1280,1033,outandin
1280,1037,outandin
1280,1038,outandin
1280,1210,outandin
1280,1244,outandin
1280,1272,outandin
1280,1281,outandin
1280,1283,outandin
1280,1287,incoming
1280,1317,outandin
1280,1326,outandin
1280,1339,outandin
1280,1403,outandin
1281,19,outandin
1281,26,outandin
1281,50,outandin
1281,62,outandin
1281,68,outandin
1281,73,outandin
1281,74,outandin
1281,88,outandin
1281,101,outandin
1281,128,outandin
1281,131,outandin
1281,155,outandin
1281,163,outandin
1281,211,outandin
1281,225,outandin
1281,291,outandin
1281,325,outandin
1281,354,outandin
1281,356,outandin
1281,389,outandin
1281,413,outandin
1281,462,outandin
1281,475,outandin
1281,532,outandin
1281,536,outandin
1281,539,outandin
1281,540,outandin
1281,542,outandin
1281,547,outandin
1281,576,outandin
1281,605,outandin
1281,626,outandin
1281,644,outandin
1281,699,outandin
1281,701,outandin
1281,725,outandin
1281,732,outandin
1281,770,outandin
1281,797,outandin
1281,799,outandin
1281,800,outandin
1281,810,outandin
1281,814,outandin
1281,831,outandin
1281,835,outandin
1281,927,outandin
1281,944,outandin
1281,950,outandin
1281,1004,outandin
1281,1005,outandin
1281,1006,outandin
1281,1018,outandin
1281,1023,outandin
1281,1033,incoming
1281,1038,outandin
1281,1042,outandin
1281,1065,outandin
1281,1118,outandin
1281,1173,outandin
1281,1213,outandin
1281,1215,outandin
1281,1227,outandin
1281,1231,outandin
1281,1246,outandin
1281,1248,outandin
1281,1253,outandin
1281,1272,outandin
1281,1274,outandin
1281,1283,incoming
1281,1287,outandin
1281,1291,outandin
1281,1310,outandin
1281,1325,outandin
1281,1344,outandin
1281,1345,outandin
1281,1349,outandin
1281,1356,outandin
1281,1373,outandin
1281,1374,outandin
1281,1377,outandin
1281,1382,outandin
1281,1397,outandin
1281,1414,outandin
1281,1429,outandin
1281,1463,outandin
1281,1499,outandin
1281,1556,outandin
1281,1598,outandin
1285,97,outandin
1285,475,outandin
1285,502,outandin
1285,638,outandin
1285,912,outandin
1285,975,outandin
1285,1021,incoming
1285,1026,outandin
1285,1273,outandin
1285,1600,outandin
1285,1641,outandin
1312,103,outandin
1312,249,incoming
1312,281,outandin
1312,456,outandin
1312,870,outandin
1312,1013,incoming
1312,1091,outandin
1312,1313,outandin
1312,1344,incoming
1312,1387,outandin
1312,1434,incoming
1312,1545,outandin
1312,1656,outandin
1312,1667,outandin
1313,67,outandin
1313,103,outandin
1313,242,outandin
1313,483,outandin
1313,507,incoming
1313,733,outandin
1313,871,outandin
1313,1014,outandin
1313,1268,outandin
1313,1373,outandin
1313,1387,incoming
1313,1403,incoming
1313,1406,outandin
1313,1434,outandin
1313,1579,outandin
1317,50,outandin
1317,483,outandin
1317,507,outandin
1317,536,outandin
1317,638,outandin
1317,758,outandin
1317,817,outandin
1317,919,outandin
1317,1215,outandin
1317,1244,outandin
1317,1284,outandin
1317,1318,outandin
1317,1417,outandin
1323,221,outandin
1323,1129,outandin
1323,1173,outandin
1323,1248,outandin
1332,291,outandin
1332,298,outandin
1332,390,outandin
1332,600,outandin
1332,639,outandin
1332,754,outandin
1332,806,outandin
1332,964,outandin
1332,1255,outandin
1332,1437,outandin
1332,1545,incoming
1338,67,incoming
1338,99,outandin
1338,193,outandin
1338,209,outandin
1338,254,outandin
1338,283,outandin
1338,353,outandin
1338,373,outandin
1338,471,outandin
1338,479,outandin
1338,642,outandin
1338,681,outandin
1338,733,outandin
1338,838,outandin
1338,878,outandin
1338,1034,outandin
1338,1036,outandin
1338,1173,outandin
1338,1447,outandin
1338,1508,outandin
1342,103,outandin
1342,1255,incoming
1342,1283,outandin
1342,1286,outandin
1342,1335,outandin
1342,1343,incoming
1342,1359,outandin
1387,67,outandin
1387,768,outandin
1387,847,outandin
1387,1344,incoming
1387,1434,outandin
1401,1509,outandin
1402,29,outandin
1402,67,outandin
1402,68,outandin
1402,95,outandin
1402,124,outandin
1402,249,incoming
1402,254,outandin
1402,322,outandin
1402,325,outandin
1402,339,outandin
1402,372,outandin
1402,418,outandin
1402,423,outandin
1402,425,outandin
1402,431,outandin
1402,481,outandin
1402,497,outandin
1402,507,outandin
1402,560,outandin
1402,586,outandin
1402,640,outandin
1402,642,outandin
1402,644,outandin
1402,667,outandin
1402,681,outandin
1402,733,outandin
1402,770,outandin
1402,810,outandin
1402,865,outandin
1402,950,outandin
1402,993,outandin
1402,1018,outandin
1402,1023,outandin
1402,1033,outandin
1402,1044,outandin
1402,1083,outandin
1402,1213,outandin
1402,1235,outandin
1402,1252,outandin
1402,1272,outandin
1402,1283,outandin
1402,1290,outandin
1402,1319,outandin
1402,1339,outandin
1402,1379,outandin
1402,1447,outandin
1402,1479,outandin
1402,1556,outandin
1402,1619,incoming
1420,191,outandin
1420,250,outandin
1420,356,outandin
1420,468,outandin
1420,644,outandin
1420,719,outandin
1420,810,outandin
1420,1523,outandin
1420,1573,outandin
1423,325,outandin
1423,733,outandin
1423,1033,outandin
1423,1158,incoming
1423,1292,outandin
1423,1377,outandin
1434,27,outandin
1434,131,outandin
1434,155,outandin
1434,174,incoming
1434,298,outandin
1434,547,outandin
1434,725,outandin
1434,732,outandin
1434,865,outandin
1434,881,outandin
1434,1344,outandin
1434,1379,outandin
1434,1535,outandin
1444,642,outandin
1444,1168,outandin
1444,1413,outandin
1444,1433,outandin
1444,1445,outandin
1445,67,outandin
1453,250,outandin
1453,346,outandin
1501,67,outandin
1501,356,outandin
1501,1521,outandin
1521,254,outandin
1521,645,outandin
1521,828,outandin
1521,847,outandin
1521,852,outandin
1521,1118,outandin
1521,1508,outandin
1545,259,outandin
1545,1556,outandin
1545,1557,outandin
1545,1576,outandin
1545,1580,incoming
1545,1586,outandin
1545,1591,outandin
1558,1598,outandin
1573,19,outandin
1573,67,outandin
1573,95,outandin
1573,214,outandin
1573,249,outandin
1573,254,outandin
1573,728,incoming
1573,729,outandin
1573,1173,outandin
1573,1546,outandin
1618,1396,outandin
1621,1663,outandin
1637,67,outandin
1637,878,outandin
1641,95,outandin
1641,337,outandin
1641,361,outandin
1641,970,incoming
1641,1042,outandin
1641,1619,outandin
1641,1655,outandin
1641,1657,incoming
1642,819,outandin
1642,822,incoming
1642,1171,outandin
1642,1297,outandin
1642,1406,outandin
1643,103,outandin
1644,67,incoming
1644,520,outandin
1644,812,incoming
1644,1601,outandin
1646,73,outandin
1646,103,outandin
1646,193,outandin
1646,1299,outandin
1646,1601,outandin
1646,1638,outandin
1647,193,incoming
1647,198,outandin
1647,242,outandin
1647,468,outandin
1647,821,incoming
1647,878,incoming
1647,1005,incoming
1647,1297,incoming
1647,1608,incoming
1647,1654,outandin
1648,174,outandin
1648,281,outandin
1648,337,outandin
1648,644,outandin
1648,719,incoming
1648,802,outandin
1648,865,outandin
1648,963,outandin
1648,1042,outandin
1648,1052,incoming
1648,1177,outandin
1648,1283,outandin
1648,1551,outandin
1648,1619,outandin
1648,1627,outandin
10,1258,outandin
73,63,outgoing
73,525,outandin
73,605,outgoing
73,697,outgoing
80,277,outandin
80,309,outandin
80,463,outandin
80,600,outandin
80,609,outandin
80,823,outandin
80,1041,outandin
80,1248,outandin
101,100,outgoing
101,118,outandin
101,190,outgoing
101,198,outandin
101,243,outandin
101,250,outandin
101,370,outandin
101,770,outgoing
101,847,outgoing
101,991,outandin
101,1002,outgoing
101,1283,outandin
101,1381,outandin
103,58,outgoing
103,114,outandin
103,143,outgoing
103,154,outandin
103,173,outgoing
103,211,outandin
103,220,outgoing
103,260,outgoing
103,277,outgoing
103,358,outgoing
103,378,outgoing
103,409,outgoing
103,429,outandin
103,437,outgoing
103,460,outgoing
103,462,outgoing
103,475,outandin
103,503,outgoing
103,525,outgoing
103,556,outgoing
103,599,outgoing
103,605,outgoing
103,638,outgoing
103,639,outgoing
103,658,outgoing
103,697,outandin
103,700,outandin
103,758,outgoing
103,765,outgoing
103,783,outgoing
103,799,outgoing
103,823,outandin
103,840,outgoing
103,841,outgoing
103,853,outgoing
103,864,outandin
103,874,outgoing
103,893,outandin
103,899,outandin
103,908,outandin
103,919,outandin
103,954,outandin
103,973,outgoing
103,974,outandin
103,983,outgoing
103,988,outgoing
103,1002,outandin
103,1015,outandin
103,1021,outandin
103,1060,outandin
103,1072,outandin
103,1078,outandin
103,1097,outandin
103,1100,outandin
103,1118,outandin
103,1126,outandin
103,1130,outandin
103,1195,outandin
103,1215,outandin
103,1216,outandin
103,1217,outandin
103,1231,outandin
103,1236,outandin
103,1238,outandin
103,1244,outandin
103,1255,outandin
103,1256,outandin
103,1302,outandin
103,1308,outandin
103,1329,outandin
103,1334,outandin
103,1343,outandin
103,1346,outandin
103,1362,outandin
103,1395,outandin
103,1417,outandin
103,1419,outandin
103,1431,outandin
103,1468,outandin
103,1487,outandin
103,1497,outandin
103,1518,outandin
103,1540,outandin
103,1554,outandin
103,1568,outandin
103,1585,outandin
103,1598,outandin
103,1603,outandin
118,120,outgoing
118,193,
118,222,outandin
118,296,outandin
118,302,outandin
118,586,outandin
118,616,outandin
118,779,outandin
118,817,outandin
118,847,outandin
118,943,outandin
118,1070,outandin
118,1379,outandin
128,172,outgoing
128,204,outandin
128,211,outgoing
128,235,outandin
128,236,outgoing
128,242,outandin
128,250,outandin
128,302,outandin
128,338,outandin
128,353,outandin
128,502,outandin
128,503,outandin
128,509,outandin
128,542,outgoing
128,548,outandin
128,557,outandin
128,573,outandin
128,606,incoming
128,612,outandin
128,639,outandin
128,677,outandin
128,685,outgoing
128,706,outandin
128,733,outgoing
128,738,outandin
128,749,outandin
128,778,outandin
128,797,outandin
128,846,outandin
128,847,outandin
128,878,outandin
128,927,outandin
128,934,outgoing
128,970,outandin
128,980,outandin
128,1004,outandin
128,1006,outandin
128,1080,outandin
128,1101,outandin
128,1124,outandin
128,1153,incoming
128,1262,outandin
128,1267,outandin
128,1283,outandin
128,1354,outandin
128,1378,outandin
128,1381,outandin
128,1409,outandin
128,1413,outandin
128,1415,outandin
128,1513,outandin
140,19,outandin
140,1000,outgoing
173,67,outandin
173,342,outandin
173,749,outgoing
173,1283,outandin
173,1339,outandin
173,1406,outandin
175,733,outandin
175,1052,outandin
175,1083,outandin
175,1421,outandin
175,1619,outandin
297,214,outandin
297,242,outgoing
297,249,outandin
297,254,outandin
297,263,outgoing
297,283,outgoing
297,334,outandin
297,337,
297,497,outandin
297,542,outandin
297,547,outandin
297,557,outandin
297,560,outandin
297,573,outgoing
297,605,outandin
297,609,outandin
297,640,outandin
297,733,outgoing
297,738,outandin
297,778,outandin
297,795,outandin
297,797,outandin
297,871,outandin
297,884,outgoing
297,915,outandin
297,999,outgoing
297,1001,outandin
297,1101,outandin
297,1158,outandin
297,1283,outandin
297,1339,outandin
297,1381,outandin
297,1583,outandin
297,1619,outandin
319,342,outandin
319,713,outandin
319,926,outandin
319,1075,outandin
319,1283,outandin
319,1406,outandin
343,67,outandin
343,338,outandin
343,350,outandin
343,1242,outandin
358,249,outandin
358,250,outgoing
358,254,outandin
358,281,outandin
358,350,outandin
358,400,outgoing
358,719,outgoing
358,847,outandin
358,991,outandin
358,1484,outandin
358,1508,outandin
389,19,outandin
389,242,outgoing
389,342,outandin
389,372,outgoing
389,494,
389,509,outgoing
389,573,outandin
389,609,outandin
389,640,outgoing
389,667,outgoing
389,830,outgoing
389,950,outandin
389,1042,outandin
389,1059,outandin
389,1213,outandin
389,1283,outandin
389,1438,outandin
389,1472,outandin
389,1576,outandin
389,1630,outandin
392,261,outandin
392,306,outandin
392,321,
392,353,outandin
392,400,outgoing
392,871,outandin
392,950,outandin
392,998,outgoing
392,1051,outandin
392,1054,outandin
392,1236,outandin
392,1283,outandin
392,1295,outandin
392,1315,outandin
392,1383,outandin
392,1660,outandin
402,249,outandin
402,372,outandin
402,681,outandin
402,762,outandin
402,881,outandin
402,1173,outandin
402,1201,outandin
402,1250,outandin
402,1463,outandin
409,19,outgoing
409,563,outgoing
409,871,outandin
409,1004,outandin
409,1032,outandin
409,1283,outandin
475,203,outandin
475,250,outgoing
475,305,outandin
475,339,outandin
475,372,outandin
475,400,outandin
475,431,outandin
475,468,outgoing
475,638,outandin
475,640,outandin
475,641,outandin
475,733,outgoing
475,749,outandin
475,779,outandin
475,821,outgoing
475,841,outandin
475,870,outandin
475,998,outandin
475,1036,outandin
475,1064,outandin
475,1066,outandin
475,1101,outandin
475,1103,outandin
475,1105,outandin
475,1153,outandin
475,1163,outandin
475,1167,outandin
475,1214,outandin
475,1273,outandin
475,1283,outandin
475,1416,outandin
475,1480,outandin
475,1543,incoming
475,1556,outandin
475,1598,outandin
527,19,outgoing
527,372,outgoing
527,503,outandin
527,547,outandin
527,638,outandin
527,923,outandin
527,934,outandin
527,1283,outandin
536,372,outgoing
536,423,outandin
536,532,
536,733,
536,749,outandin
536,778,outandin
536,795,outandin
536,884,outandin
536,915,outgoing
536,927,outgoing
536,933,outandin
536,993,outandin
536,1224,outandin
536,1236,outandin
536,1240,outandin
536,1551,outandin
543,356,outandin
543,418,outandin
543,542,outgoing
543,1283,outandin
543,1339,outandin
586,50,outandin
586,145,outandin
586,378,outandin
586,394,outandin
586,396,outandin
586,460,outgoing
586,481,outgoing
586,513,outgoing
586,570,outandin
586,616,outgoing
586,626,outgoing
586,639,outandin
586,899,outandin
586,1029,outgoing
586,1065,outandin
586,1069,outandin
586,1072,outandin
586,1097,outandin
586,1107,outandin
586,1136,outandin
586,1178,outandin
586,1253,outandin
586,1283,outandin
586,1316,outandin
586,1391,outandin
599,1381,outandin
603,814,outgoing
603,919,outandin
603,1283,outandin
605,62,outandin
605,181,outandin
605,249,outandin
605,254,outgoing
605,272,outgoing
605,277,outgoing
605,337,outgoing
605,350,outgoing
605,431,outandin
605,440,outandin
605,462,outgoing
605,479,outandin
605,503,incoming
605,557,outgoing
605,700,outandin
605,734,
605,749,outandin
605,777,outandin
605,942,outandin
605,1023,outandin
605,1246,outandin
605,1253,outandin
605,1290,outandin
605,1339,outandin
605,1406,outandin
605,1601,outandin
609,39,outandin
609,63,outandin
609,145,outandin
609,151,outandin
609,463,outandin
609,523,outandin
609,638,outandin
609,713,outandin
609,765,outandin
609,783,outandin
609,784,outandin
609,815,outandin
609,836,outandin
609,840,outandin
609,964,outandin
609,971,outandin
609,975,outandin
609,1026,outandin
609,1036,outandin
609,1056,outandin
609,1097,outandin
609,1182,outandin
609,1325,outandin
609,1340,outandin
609,1373,outandin
609,1381,outandin
609,1478,outandin
609,1497,outandin
609,1629,outandin
609,1665,outandin
638,68,outgoing
638,84,outgoing
638,172,outgoing
638,225,outandin
638,234,outandin
638,236,outandin
638,254,outgoing
638,269,outgoing
638,285,outandin
638,309,outandin
638,342,outgoing
638,346,outandin
638,361,incoming
638,372,outandin
638,373,outandin
638,388,outandin
638,394,outandin
638,462,outgoing
638,479,outgoing
638,503,outandin
638,511,outandin
638,540,outandin
638,542,outgoing
638,546,outandin
638,560,outgoing
638,640,outgoing
638,643,outgoing
638,681,outandin
638,706,outandin
638,725,outandin
638,726,outgoing
638,733,outandin
638,736,outandin
638,758,outgoing
638,778,outandin
638,779,outandin
638,797,outandin
638,830,outgoing
638,847,outandin
638,870,outgoing
638,881,outandin
638,943,outandin
638,950,outandin
638,964,outgoing
638,980,outandin
638,984,outandin
638,996,outgoing
638,1014,outandin
638,1034,outandin
638,1038,outandin
638,1042,outandin
638,1045,outandin
638,1049,outandin
638,1059,outandin
638,1066,outandin
638,1071,outandin
638,1080,outandin
638,1081,outandin
638,1093,outandin
638,1101,outandin
638,1124,outandin
638,1158,outandin
638,1175,outandin
638,1186,outandin
638,1235,outandin
638,1236,outandin
638,1300,outandin
638,1325,outandin
638,1326,outandin
638,1340,outandin
638,1370,outandin
638,1371,outandin
638,1379,outandin
638,1406,outandin
638,1480,outandin
638,1492,outandin
638,1507,outandin
697,50,outandin
697,67,incoming
697,127,outandin
697,250,outandin
697,361,outandin
697,425,outandin
697,469,outandin
697,542,outandin
697,549,outandin
697,719,outandin
697,741,outgoing
697,779,outandin
697,782,outandin
697,870,outandin
697,912,outandin
697,915,outandin
697,923,outandin
697,927,outandin
697,944,outandin
697,1006,outandin
697,1013,outandin
697,1018,outandin
697,1023,outandin
697,1034,outandin
697,1042,outandin
697,1070,outandin
697,1076,outandin
697,1272,outandin
697,1349,outandin
697,1373,outandin
697,1631,outandin
711,19,outgoing
711,509,outandin
711,547,
711,591,outandin
711,642,
711,644,
711,1018,outandin
711,1034,outandin
711,1339,outandin
711,1356,outandin
711,1373,outandin
711,1556,outandin
711,1623,incoming
719,219,outandin
719,220,outandin
719,249,outandin
719,447,outandin
719,621,outgoing
719,635,outgoing
719,644,incoming
719,725,outgoing
719,931,outandin
719,1036,outandin
719,1136,outandin
719,1236,outandin
719,1246,outandin
719,1251,outandin
719,1260,outandin
719,1336,outandin
719,1624,outandin
758,50,outandin
758,254,outandin
758,298,outandin
758,398,outandin
758,440,outandin
758,509,outgoing
758,646,outgoing
758,681,outgoing
758,712,outgoing
758,741,outgoing
758,762,outgoing
758,1023,outandin
758,1042,outandin
758,1044,outgoing
758,1283,outandin
758,1449,outandin
758,1619,outandin
814,63,outandin
814,823,outandin
814,871,outandin
814,1552,outandin
817,104,outandin
817,249,outandin
817,346,outandin
817,509,outandin
817,539,outandin
817,915,outandin
817,943,outandin
817,981,outgoing
817,1100,outandin
817,1199,outandin
817,1215,outandin
817,1248,outandin
817,1449,outandin
817,1472,outandin
840,48,outandin
840,74,outgoing
840,172,incoming
840,199,outgoing
840,254,outandin
840,309,outandin
840,315,outandin
840,325,outandin
840,332,outandin
840,352,outgoing
840,356,outandin
840,431,outandin
840,509,outandin
840,514,outandin
840,560,outandin
840,573,outgoing
840,594,outandin
840,701,outandin
840,706,outandin
840,725,outgoing
840,733,outandin
840,770,outgoing
840,779,outandin
840,830,outgoing
840,870,outandin
840,871,outgoing
840,884,outandin
840,944,outandin
840,950,outgoing
840,1031,outandin
840,1032,outandin
840,1043,outandin
840,1066,outandin
840,1105,outandin
840,1158,outandin
840,1167,outandin
840,1186,outandin
840,1241,outandin
840,1274,outandin
840,1328,outandin
840,1340,outandin
840,1358,outandin
840,1397,outandin
840,1441,outandin
857,430,outandin
926,557,outgoing
926,871,outandin
926,1077,outandin
969,51,outandin
969,342,outgoing
969,549,outgoing
969,749,outandin
969,779,outandin
969,871,outgoing
969,990,outandin
969,1236,outandin
991,19,outandin
991,209,outandin
991,1094,outandin
998,502,outandin
998,713,outgoing
998,823,outandin
998,1283,outandin
1042,52,outandin
1042,67,incoming
1042,145,outandin
1042,220,outandin
1042,337,outandin
1042,449,outandin
1042,574,outandin
1042,681,outandin
1042,712,outandin
1042,713,outandin
1042,784,outandin
1042,802,outandin
1042,1034,outandin
1042,1056,outandin
1042,1244,outandin
1042,1255,outandin
1042,1260,outandin
1042,1330,outandin
1042,1568,outandin
1068,19,outandin
1068,189,outandin
1068,214,outandin
1068,250,outandin
1068,339,outandin
1068,342,outandin
1068,674,incoming
1068,949,outandin
1068,1235,outandin
1068,1334,outandin
1068,1562,outandin
1080,792,outandin
1080,1072,outandin
1080,1207,outandin
1102,350,outandin
1102,514,outandin
1118,95,incoming
1118,250,outandin
1118,303,outandin
1118,560,outandin
1118,620,outandin
1118,632,outandin
1118,640,outandin
1118,644,outandin
1118,681,outandin
1118,733,outandin
1118,749,outandin
1118,770,outandin
1118,942,outandin
1118,1034,outandin
1118,1052,outandin
1118,1103,outandin
1118,1231,outandin
1118,1236,outandin
1118,1283,outandin
1138,124,outandin
1138,249,outandin
1138,254,outandin
1138,296,outandin
1138,810,outandin
1138,871,outandin
1138,939,outandin
1138,966,outandin
1138,995,outandin
1138,1101,outandin
1138,1283,outandin
1138,1367,outandin
1138,1379,outandin
1138,1381,outandin
1138,1383,outandin
1138,1389,outandin
1138,1416,outandin
1153,152,outandin
1153,1103,outandin
1153,1236,outandin
1214,68,outandin
1214,180,outandin
1214,249,outandin
1214,372,outandin
1214,502,outandin
1214,714,outandin
1214,933,outandin
1214,1236,outandin
1214,1239,outandin
1252,787,outandin
1252,1231,outandin
1252,1598,outandin
1252,1616,incoming
1255,67,outandin
1255,131,outandin
1255,209,outandin
1255,234,incoming
1255,249,incoming
1255,285,outandin
1255,327,outandin
1255,342,outandin
1255,356,outandin
1255,423,outandin
1255,462,outandin
1255,546,outandin
1255,714,outandin
1255,733,outandin
1255,741,outandin
1255,770,outandin
1255,878,incoming
1255,980,outandin
1255,984,outandin
1255,1158,incoming
1255,1231,incoming
1255,1334,outandin
1255,1335,outandin
1255,1339,incoming
1255,1349,outandin
1255,1403,outandin
1255,1653,outandin
1284,50,outandin
1284,131,outandin
1284,283,outandin
1284,285,outandin
1284,346,outandin
1284,353,outandin
1284,481,outandin
1284,585,outandin
1284,714,outandin
1284,793,outandin
1284,824,outandin
1284,950,outandin
1284,1087,outandin
1284,1105,outandin
1284,1187,outandin
1284,1213,outandin
1284,1253,outandin
1284,1326,outandin
1284,1588,outandin
1286,48,outandin
1286,1231,outandin
1286,1335,outandin
1286,1339,outandin
1286,1343,outandin
1286,1359,outandin
1297,792,outandin
1297,800,outandin
1297,903,outandin
1297,1072,outandin
1297,1283,outandin
1297,1301,outandin
1344,1283,outandin
1344,1339,outandin
1344,1598,incoming
1379,131,outandin
1379,713,outandin
1379,912,outandin
1379,1236,outandin
1406,316,outandin
1406,342,outandin
1406,468,outandin
1406,504,outandin
1406,616,outandin
1406,809,incoming
1406,821,outandin
1406,843,outandin
1406,1213,outandin
1406,1224,outandin
1406,1268,outandin
1406,1421,outandin
1406,1487,outandin
1406,1603,outandin
1433,379,outandin
1433,635,outandin
1433,639,outandin
1433,975,outandin
1433,983,outandin
1433,1072,outandin
1485,163,outandin
1485,249,incoming
1485,1018,outandin
1485,1367,incoming
1485,1403,outandin
1485,1598,outandin
1493,714,outandin
1493,1101,outandin
1493,1449,outandin
1493,1474,outandin
1493,1584,outandin
1520,449,incoming
1520,451,outandin
1520,460,outandin
1520,504,outandin
1520,513,outandin
1520,716,incoming
1520,912,incoming
1520,1036,outandin
1520,1513,incoming
1520,1659,outandin
1639,777,incoming
19,114,outgoing
19,211,outandin
19,220,outandin
19,256,outandin
19,434,outandin
19,443,outgoing
19,525,outgoing
19,583,outandin
19,639,outandin
19,859,outgoing
19,874,outandin
19,886,outandin
19,1015,outandin
19,1016,outandin
19,1069,outandin
19,1072,outandin
19,1078,outandin
19,1098,outandin
19,1099,outandin
19,1130,incoming
19,1131,outandin
19,1133,outandin
19,1136,outandin
19,1207,outandin
19,1221,outandin
19,1260,outandin
19,1299,outandin
19,1390,outandin
19,1430,outandin
19,1435,outandin
19,1483,outandin
19,1505,outandin
19,1664,outandin
114,124,outgoing
114,250,outandin
114,770,outandin
211,525,
220,88,outgoing
220,234,outandin
220,346,outandin
220,1018,outandin
220,1310,outandin
220,1601,outandin
220,1619,outandin
256,830,outandin
443,29,outgoing
443,400,outgoing
525,95,outandin
525,155,incoming
525,1246,outandin
525,1601,outandin
525,1623,outandin
583,283,outandin
583,483,outgoing
583,509,outandin
583,557,outgoing
639,160,outandin
639,309,outandin
639,372,outgoing
639,388,outgoing
639,509,outgoing
639,714,outandin
639,749,outandin
639,878,outandin
639,915,outandin
639,980,outandin
639,993,outandin
639,1033,outandin
639,1054,outgoing
639,1289,outandin
639,1381,outandin
639,1438,incoming
859,50,outandin
859,95,outandin
859,325,outgoing
859,372,outandin
859,388,outandin
859,400,outgoing
859,413,outandin
859,431,outandin
859,547,incoming
859,641,outandin
859,676,outandin
859,725,outandin
859,1060,outandin
859,1168,outandin
859,1287,outandin
859,1373,outandin
859,1403,outandin
874,372,outandin
874,919,outandin
886,249,outandin
886,768,incoming
886,1239,outandin
1015,48,outandin
1015,342,outandin
1069,74,outandin
1069,98,outandin
1069,102,outandin
1069,325,outandin
1069,361,outandin
1069,421,outandin
1069,542,outandin
1069,545,outandin
1069,559,outandin
1069,560,outandin
1069,878,outandin
1069,884,outandin
1069,1023,outandin
1069,1339,outandin
1069,1476,outandin
1072,29,outandin
1072,67,incoming
1072,209,outandin
1072,214,outandin
1072,325,outandin
1072,370,outandin
1072,539,outandin
1072,542,outandin
1072,560,outandin
1072,567,outandin
1072,640,outandin
1072,681,outandin
1072,770,outandin
1072,777,outandin
1072,800,outandin
1072,809,outandin
1072,830,outandin
1072,865,outandin
1072,878,incoming
1072,1004,outandin
1072,1023,outandin
1072,1033,outandin
1072,1037,outandin
1072,1043,outandin
1072,1066,outandin
1072,1105,outandin
1072,1158,incoming
1072,1292,outandin
1078,1079,incoming
1099,644,outandin
1130,193,outandin
1130,1071,outandin
1130,1272,outandin
1130,1526,incoming
1131,50,outandin
1131,191,outandin
1131,309,outandin
1131,440,outandin
1131,793,outandin
1131,950,outandin
1131,1087,outandin
1131,1093,outandin
1131,1187,outandin
1136,29,outandin
1136,48,outandin
1136,50,outandin
1136,181,outandin
1136,249,incoming
1136,254,outandin
1136,306,outandin
1136,309,outandin
1136,342,outandin
1136,376,outandin
1136,398,outandin
1136,626,outandin
1136,739,outandin
1136,762,outandin
1136,950,outandin
1136,1019,outandin
1136,1052,incoming
1136,1087,outandin
1136,1158,outandin
1136,1215,outandin
1136,1270,outandin
1136,1283,outandin
1136,1598,outandin
1207,797,outandin
1260,67,outandin
1260,87,outandin
1260,174,outandin
1260,249,outandin
1260,254,outandin
1260,276,outandin
1260,321,outandin
1260,325,outandin
1260,398,outandin
1260,470,outandin
1260,505,outandin
1260,547,outandin
1260,557,outandin
1260,645,outandin
1260,725,outandin
1260,733,outandin
1260,770,outandin
1260,810,outandin
1260,871,outandin
1260,1006,outandin
1260,1052,outandin
1260,1272,outandin
1260,1283,outandin
1299,47,outandin
1299,193,outandin
1299,462,outandin
1299,1233,outandin
1299,1339,outandin
1299,1562,outandin
1390,1283,outandin
1430,67,outandin
1430,249,outandin
1435,667,outandin
1435,1033,outandin
1505,191,outandin
1505,762,outandin
25,797,outandin
797,63,outandin
797,204,outandin
797,233,outandin
797,260,outandin
797,277,outandin
797,304,outandin
797,342,outgoing
797,544,incoming
797,556,outandin
797,621,outandin
797,698,outandin
797,768,outandin
797,804,outandin
797,832,outandin
797,849,outandin
797,958,outandin
797,974,outandin
797,1142,outandin
797,1268,outandin
797,1283,outandin
797,1336,outandin
797,1343,outandin
797,1363,outandin
797,1392,outandin
797,1464,outandin
797,1465,outandin
797,1466,outandin
797,1471,outandin
797,1473,outandin
26,63,outandin
26,372,outandin
26,386,outandin
26,404,outandin
26,645,outandin
26,1033,outandin
26,1176,outandin
26,1383,outandin
63,95,outgoing
63,193,
63,228,outandin
63,278,outandin
63,290,outgoing
63,339,outandin
63,342,outgoing
63,430,outgoing
63,547,outgoing
63,557,outandin
63,560,outandin
63,706,outandin
63,847,outandin
63,865,outandin
63,912,outandin
63,923,outandin
63,942,outandin
63,963,outgoing
63,990,outgoing
63,1114,outandin
63,1302,outandin
63,1310,outandin
63,1517,outandin
63,1543,outandin
63,1604,outandin
372,152,outandin
372,233,outgoing
372,353,incoming
372,378,outandin
372,393,outandin
372,396,outgoing
372,437,outgoing
372,454,outgoing
372,473,outandin
372,483,outandin
372,494,outandin
372,504,outandin
372,546,outandin
372,592,outandin
372,701,outgoing
372,713,
372,765,outgoing
372,792,outandin
372,818,outgoing
372,843,outandin
372,864,outandin
372,878,outandin
372,919,outandin
372,932,outandin
372,952,outandin
372,975,outandin
372,1014,outandin
372,1018,outandin
372,1111,outandin
372,1117,outandin
372,1163,outandin
372,1209,outandin
372,1236,outandin
372,1244,outandin
372,1246,outandin
372,1268,outandin
372,1283,outandin
372,1352,outandin
372,1354,outandin
372,1358,outandin
372,1359,outandin
372,1362,outandin
372,1377,outandin
372,1381,outandin
372,1412,outandin
372,1489,outandin
372,1529,outandin
372,1540,incoming
372,1542,outandin
372,1624,incoming
645,102,outandin
645,144,outandin
645,204,outandin
645,353,outandin
645,1236,outandin
645,1246,outandin
645,1283,outandin
645,1302,outandin
645,1598,outandin
1033,145,outgoing
1033,149,outandin
1033,302,outandin
1033,325,outgoing
1033,437,outgoing
1033,463,outandin
1033,479,outandin
1033,542,outgoing
1033,576,outandin
1033,701,outandin
1033,765,outandin
1033,768,outgoing
1033,823,outgoing
1033,847,outandin
1033,1056,outgoing
1033,1137,outandin
1033,1158,outandin
1033,1209,outandin
1033,1211,outandin
1033,1292,outandin
1033,1355,incoming
1033,1377,outandin
1033,1381,outandin
1033,1443,outandin
1033,1496,outandin
1033,1585,outandin
1033,1594,outandin
1033,1605,outandin
1176,1598,outandin
1383,54,outandin
1383,749,outandin
1383,793,outandin
1383,1283,outandin
1383,1381,outandin
1383,1463,outandin
1383,1542,incoming
1383,1636,incoming
27,87,outandin
27,234,outandin
27,481,outgoing
27,620,
27,1031,outandin
27,1158,incoming
27,1162,outandin
27,1283,outandin
27,1425,outandin
27,1598,incoming
87,502,outandin
87,713,outandin
234,50,outandin
234,144,outandin
234,183,outgoing
234,815,outandin
234,1018,outandin
234,1244,outandin
234,1248,outandin
234,1624,outandin
481,50,outandin
481,97,outandin
481,332,outandin
481,376,outgoing
481,644,outandin
481,838,outandin
481,1236,outandin
620,233,outandin
620,967,outandin
620,1211,outandin
620,1244,outandin
620,1294,outandin
1031,575,outandin
1031,646,outandin
1031,650,outandin
1031,651,outandin
1031,831,outgoing
1031,1109,outandin
1158,152,outandin
1158,325,outandin
1158,375,outandin
1158,379,outandin
1158,437,outandin
1158,542,incoming
1158,713,incoming
1158,924,outandin
1158,967,outandin
1158,1178,outandin
1158,1217,outandin
1158,1283,outandin
1158,1377,outandin
1158,1498,outandin
1158,1585,outandin
1158,1594,outandin
1158,1665,outandin
1162,288,outandin
1162,913,outandin
1283,52,outandin
1283,57,outandin
1283,85,outandin
1283,121,outandin
1283,144,outandin
1283,163,outandin
1283,242,outandin
1283,245,incoming
1283,249,outandin
1283,254,outandin
1283,278,outandin
1283,298,outandin
1283,306,outandin
1283,325,outandin
1283,334,outandin
1283,337,outandin
1283,346,outandin
1283,353,outandin
1283,368,outandin
1283,447,outandin
1283,468,outandin
1283,470,outandin
1283,502,outandin
1283,513,outandin
1283,523,outandin
1283,538,outandin
1283,547,outandin
1283,560,outandin
1283,561,outandin
1283,576,outandin
1283,643,outandin
1283,644,outandin
1283,660,outandin
1283,699,outandin
1283,700,outandin
1283,710,incoming
1283,713,outandin
1283,728,outandin
1283,731,outandin
1283,738,outandin
1283,741,outandin
1283,770,outandin
1283,782,outandin
1283,792,outandin
1283,801,outandin
1283,802,outandin
1283,835,outandin
1283,843,outandin
1283,864,outandin
1283,919,outandin
1283,950,outandin
1283,975,outandin
1283,987,outandin
1283,1018,outandin
1283,1032,outandin
1283,1034,outandin
1283,1051,outandin
1283,1063,outandin
1283,1087,outandin
1283,1097,outandin
1283,1105,outandin
1283,1167,outandin
1283,1168,outandin
1283,1187,outandin
1283,1195,outandin
1283,1208,outandin
1283,1215,outandin
1283,1227,outandin
1283,1231,outandin
1283,1244,outandin
1283,1246,outandin
1283,1264,outandin
1283,1270,outandin
1283,1295,outandin
1283,1302,outandin
1283,1310,outandin
1283,1315,outandin
1283,1325,outandin
1283,1326,outandin
1283,1339,outandin
1283,1340,outandin
1283,1341,outandin
1283,1343,outandin
1283,1350,outandin
1283,1358,outandin
1283,1359,outandin
1283,1373,outandin
1283,1378,outandin
1283,1382,outandin
1283,1386,outandin
1283,1391,outandin
1283,1617,outandin
1425,1415,outandin
1598,50,outandin
1598,85,outandin
1598,88,outandin
1598,155,outandin
1598,214,incoming
1598,254,outandin
1598,277,outandin
1598,299,outandin
1598,322,outandin
1598,327,outandin
1598,332,outandin
1598,337,incoming
1598,345,outandin
1598,356,outandin
1598,393,outandin
1598,398,outandin
1598,539,outandin
1598,549,outandin
1598,560,outandin
1598,568,outandin
1598,625,outandin
1598,632,incoming
1598,658,outandin
1598,667,outandin
1598,708,outandin
1598,710,outandin
1598,726,outandin
1598,735,outandin
1598,768,incoming
1598,777,outandin
1598,801,outandin
1598,841,outandin
1598,881,outandin
1598,893,outandin
1598,919,incoming
1598,967,outandin
1598,984,outandin
1598,1006,outandin
1598,1107,outandin
1598,1165,outandin
1598,1168,outandin
1598,1187,outandin
1598,1195,outandin
1598,1215,outandin
1598,1227,outandin
1598,1246,outandin
1598,1262,outandin
1598,1282,outandin
1598,1304,outandin
1598,1329,outandin
1598,1359,outandin
1598,1472,outandin
1598,1479,outandin
1598,1487,incoming
1598,1496,outandin
1598,1514,outandin
1598,1542,outandin
1598,1548,incoming
1598,1561,outandin
1598,1585,outandin
1598,1591,outandin
1598,1597,outandin
1598,1599,outandin
1598,1655,incoming
29,85,outandin
29,1248,outandin
29,1302,outandin
29,1394,outandin
29,1540,outandin
29,1587,outandin
85,193,outandin
85,322,outandin
85,400,outgoing
85,733,outandin
85,953,outgoing
85,1013,outandin
85,1083,outandin
85,1236,outandin
85,1253,outandin
85,1326,outandin
85,1416,outandin
85,1556,outandin
85,1579,outandin
1248,50,outandin
1248,131,incoming
1248,278,outandin
1248,325,outandin
1248,346,outandin
1248,367,outandin
1248,560,outandin
1248,770,outandin
1248,919,outandin
1248,966,outandin
1248,1100,outandin
1248,1576,outandin
1302,67,outandin
1302,198,outandin
1302,249,incoming
1302,338,incoming
1302,342,outandin
1302,468,outandin
1302,678,outandin
1302,733,outandin
1302,770,outandin
1302,871,outandin
1302,1126,outandin
1302,1236,outandin
1302,1315,outandin
1540,714,incoming
1540,810,incoming
1540,878,outandin
1540,1179,outandin
1540,1548,outandin
1540,1601,outandin
1587,361,outandin
1587,432,outandin
1587,509,outandin
1587,546,outandin
1587,714,outandin
1587,878,outandin
132,333,outandin
132,398,outandin
132,846,outandin
132,1339,outandin
132,1487,outandin
132,1491,outandin
1014,277,outandin
1014,474,outandin
1014,851,outgoing
1014,1046,outgoing
1014,1194,outandin
1014,1487,outandin
52,67,outandin
52,497,outandin
52,509,outandin
52,681,outgoing
52,725,outandin
52,749,outandin
52,762,outandin
52,966,incoming
52,1235,outandin
52,1508,outandin
67,69,outgoing
67,97,outandin
67,277,outandin
67,430,outgoing
67,449,outandin
67,451,outgoing
67,462,outandin
67,523,outandin
67,595,outandin
67,798,outgoing
67,809,outandin
67,822,outandin
67,908,outandin
67,1034,outandin
67,1092,outandin
67,1103,outandin
67,1137,outandin
67,1216,outandin
67,1217,outandin
67,1231,outandin
67,1236,outandin
67,1296,outandin
67,1417,outandin
67,1426,outandin
67,1427,outandin
67,1489,outandin
67,1496,outandin
67,1497,outandin
67,1507,outandin
67,1538,outandin
67,1546,outandin
67,1603,outandin
67,1657,outandin
143,163,outgoing
143,250,outandin
143,442,outgoing
143,479,outandin
143,582,outandin
143,762,outandin
143,915,outandin
143,1037,outgoing
143,1094,outandin
143,1339,outandin
143,1556,outandin
219,1594,outandin
281,254,outgoing
281,263,outgoing
281,332,outgoing
281,337,outgoing
281,546,outandin
281,561,outgoing
281,1018,outandin
281,1140,outandin
281,1343,incoming
281,1624,outandin
353,261,outandin
353,296,outandin
353,298,incoming
353,504,outandin
353,665,outandin
353,713,outandin
353,725,outandin
353,793,outgoing
353,950,incoming
353,1087,outandin
353,1187,outandin
353,1326,outandin
353,1365,outandin
378,193,outandin
378,254,outgoing
378,396,outgoing
378,407,outgoing
379,283,outandin
379,342,outandin
379,542,outandin
379,1034,outandin
460,342,outandin
460,542,outgoing
460,546,outgoing
460,714,outandin
460,934,outgoing
460,939,outandin
460,1023,outgoing
462,339,outandin
462,393,outandin
462,675,outgoing
462,713,
462,913,outgoing
462,1034,outandin
494,454,outandin
518,298,incoming
518,735,outandin
518,1488,incoming
518,1536,outandin
523,193,outandin
523,228,outandin
523,249,incoming
523,440,outandin
523,490,outgoing
523,549,outgoing
523,706,outandin
523,724,outgoing
523,770,outandin
523,791,outgoing
523,800,outandin
523,870,outandin
523,990,outandin
523,1032,outandin
523,1049,outandin
523,1093,outandin
523,1397,outandin
523,1479,outandin
523,1657,outandin
523,1662,outandin
523,1667,outandin
546,199,outgoing
546,398,outandin
546,429,outandin
546,437,outandin
546,454,outgoing
546,532,outgoing
546,538,outandin
546,542,outgoing
546,544,incoming
546,713,outandin
546,725,outandin
546,774,outandin
546,809,outgoing
546,878,outandin
546,1005,outandin
546,1041,outgoing
546,1137,outandin
546,1362,outandin
546,1380,outandin
546,1489,outandin
547,249,incoming
547,642,outandin
547,712,outandin
547,713,outandin
547,725,outgoing
547,838,outandin
547,1018,outandin
547,1021,outandin
547,1037,outandin
547,1246,outandin
547,1566,outandin
626,38,outgoing
626,50,outandin
626,189,outandin
626,193,outandin
626,249,outandin
626,254,outgoing
626,306,outandin
626,337,outandin
626,342,outandin
626,350,outgoing
626,514,outgoing
626,582,outandin
626,681,outgoing
626,733,outgoing
626,738,outgoing
626,762,outgoing
626,810,outandin
626,838,outandin
626,1036,outandin
626,1052,outandin
626,1173,outandin
626,1193,outandin
626,1236,outandin
626,1272,outandin
626,1523,outandin
644,97,outgoing
644,144,outandin
644,145,outandin
644,277,outandin
644,773,outandin
644,838,outgoing
644,899,outandin
644,919,outandin
644,995,outandin
644,1216,outandin
644,1234,outandin
644,1244,outandin
644,1251,outandin
644,1253,incoming
644,1262,outandin
644,1268,outandin
644,1295,outandin
681,388,outgoing
681,440,outandin
681,513,outgoing
681,562,outgoing
681,713,outgoing
681,1449,outandin
681,1489,outandin
698,950,outandin
698,990,outandin
773,1564,outandin
773,1619,outandin
792,131,outandin
792,228,outandin
792,276,outandin
792,356,outandin
792,438,outandin
792,557,outandin
792,576,outandin
792,824,outandin
792,841,outgoing
792,846,outandin
792,903,outgoing
792,912,outandin
792,1006,outandin
792,1036,incoming
792,1274,outandin
792,1413,outandin
792,1446,outandin
792,1472,outandin
799,199,outandin
799,302,incoming
799,400,outgoing
799,509,outandin
799,1475,incoming
799,1608,incoming
983,985,
983,1272,outandin
983,1325,outandin
983,1326,outandin
983,1329,outandin
983,1441,outandin
1034,69,outandin
1034,311,outandin
1034,701,outandin
1034,853,outandin
1034,1036,outgoing
1034,1128,outandin
1034,1166,outandin
1034,1253,outandin
1034,1576,outandin
1036,58,outandin
1036,299,outandin
1036,454,outandin
1036,507,outandin
1036,557,outandin
1036,701,outandin
1036,713,outandin
1036,1123,outandin
1036,1325,outandin
1093,277,outandin
1093,701,outandin
1093,793,outandin
1093,950,outandin
1093,1624,incoming
1103,84,outandin
1103,249,outandin
1103,254,outandin
1103,309,outandin
1103,327,outandin
1103,425,outandin
1103,440,outandin
1103,509,outandin
1103,539,outandin
1103,542,outandin
1103,640,outandin
1103,770,outandin
1103,871,outandin
1103,939,outandin
1103,1004,outandin
1103,1441,outandin
1211,254,outandin
1211,325,outandin
1211,823,outandin
1211,871,outandin
1211,1163,outandin
1211,1377,outandin
1211,1437,outandin
1217,209,outandin
1217,242,outandin
1217,249,outandin
1217,322,outandin
1217,473,outandin
1217,503,outandin
1217,725,outandin
1217,768,outandin
1217,770,outandin
1217,871,outandin
1217,1018,outandin
1217,1236,outandin
1227,50,outandin
1227,204,outandin
1227,326,outandin
1227,333,outandin
1227,1018,outandin
1227,1117,outandin
1227,1142,outandin
1227,1236,outandin
1227,1237,outandin
1227,1238,outandin
1227,1253,outandin
1231,174,outandin
1231,249,incoming
1231,367,outandin
1231,552,outandin
1231,557,outandin
1231,733,outandin
1231,963,outandin
1231,1339,outandin
1231,1359,outandin
1231,1556,outandin
1231,1601,incoming
1231,1667,incoming
1234,124,outandin
1234,199,outandin
1234,227,outandin
1234,254,outandin
1234,1254,incoming
1234,1339,outandin
1336,725,outandin
1336,770,outandin
1372,468,outandin
1372,1236,outandin
1373,62,outandin
1373,354,outandin
1373,408,outandin
1373,592,outandin
1373,707,outandin
1373,710,incoming
1373,713,incoming
1373,1295,outandin
1373,1306,outandin
1373,1350,outandin
1373,1405,outandin
1385,95,incoming
1386,1246,outandin
1386,1580,outandin
1395,421,outandin
1395,509,outandin
1463,50,outandin
1463,373,outandin
1463,509,outandin
1463,1469,outandin
1497,172,outandin
1497,285,outandin
1497,309,outandin
1497,342,outandin
1497,423,outandin
1497,762,outandin
1497,1066,outandin
1497,1359,outandin
1497,1594,outandin
1518,944,outandin
1518,1514,outandin
1518,1523,outandin
1518,1624,outandin
1543,592,outandin
1546,1339,incoming
1546,1436,outandin
1546,1547,outandin
1546,1554,incoming
1546,1592,outandin
1546,1619,outandin
1580,95,outandin
1580,155,incoming
1580,1329,outandin
1580,1352,outandin
1645,249,outandin
1657,300,incoming
1657,393,outandin
1657,713,outandin
1657,1021,outandin
155,233,outandin
155,302,outandin
155,1489,outandin
189,144,outgoing
189,307,outandin
189,635,outandin
189,708,
189,712,outgoing
189,802,outgoing
189,1291,outandin
189,1339,outandin
288,249,outandin
288,470,outandin
288,1018,outandin
288,1193,outandin
335,174,outgoing
335,350,outgoing
483,193,outgoing
483,199,outandin
483,398,outandin
483,782,outgoing
483,821,outandin
483,1167,outandin
483,1224,outandin
713,38,outandin
713,95,
713,124,outgoing
713,199,outgoing
713,209,outgoing
713,214,outandin
713,242,outgoing
713,249,outgoing
713,250,incoming
713,271,outandin
713,276,outandin
713,325,outgoing
713,339,outgoing
713,342,outandin
713,346,outandin
713,350,outgoing
713,362,outandin
713,363,outgoing
713,370,outandin
713,400,outgoing
713,474,outandin
713,479,outgoing
713,509,outandin
713,535,outandin
713,539,outandin
713,542,outgoing
713,545,outandin
713,548,outandin
713,567,outgoing
713,629,outgoing
713,641,outandin
713,666,outandin
713,706,outgoing
713,714,outgoing
713,716,outgoing
713,725,outandin
713,733,outandin
713,738,outgoing
713,749,outgoing
713,762,outgoing
713,779,outandin
713,842,outgoing
713,878,outandin
713,884,incoming
713,912,outandin
713,919,outandin
713,927,outandin
713,940,outgoing
713,950,outandin
713,999,outandin
713,1018,outandin
713,1028,outandin
713,1032,outandin
713,1043,outandin
713,1049,outandin
713,1052,outandin
713,1059,incoming
713,1066,outandin
713,1101,outandin
713,1154,outandin
713,1165,outandin
713,1186,outandin
713,1215,outandin
713,1241,outandin
713,1263,outandin
713,1311,outandin
713,1326,incoming
713,1339,outandin
713,1367,outandin
713,1381,outandin
713,1416,outandin
713,1441,outandin
713,1449,outandin
713,1476,outandin
713,1517,outandin
713,1526,outandin
713,1528,outandin
713,1588,outandin
713,1661,outandin
770,97,outgoing
770,149,outandin
770,204,outandin
770,277,outgoing
770,315,outandin
770,396,outgoing
770,437,outgoing
770,454,outgoing
770,463,outandin
770,544,outandin
770,658,outandin
770,802,outandin
770,841,outandin
770,844,outandin
770,903,outandin
770,963,outandin
770,1021,outandin
770,1216,outandin
770,1291,outandin
770,1384,outandin
770,1491,outandin
779,56,outandin
779,249,outgoing
779,277,outandin
779,381,outandin
779,581,outgoing
779,582,outandin
779,600,outandin
779,627,outandin
779,809,outandin
779,1605,outandin
1059,325,outandin
1059,542,outandin
1059,548,outandin
1059,1243,outandin
1059,1603,outandin
38,94,outandin
38,561,outandin
38,783,outgoing
38,852,outandin
94,516,outandin
561,74,outgoing
561,95,incoming
561,557,outgoing
561,1175,outandin
561,1177,outandin
561,1310,outandin
783,68,outgoing
783,160,outandin
783,249,incoming
783,306,outgoing
783,342,outandin
783,509,outandin
783,542,outgoing
783,733,outgoing
783,749,outandin
783,784,outandin
783,793,outandin
783,871,outgoing
783,933,outgoing
783,939,outandin
783,1004,outgoing
783,1032,outandin
783,1064,outandin
783,1076,outandin
783,1186,outandin
783,1213,outandin
783,1339,outandin
783,1381,outandin
783,1526,outandin
852,276,outandin
852,442,outandin
852,966,outandin
852,1090,outandin
852,1356,outandin
852,1361,outandin
852,1532,outandin
852,1611,outandin
277,172,outgoing
277,254,outgoing
277,283,outgoing
277,321,outgoing
277,423,outgoing
277,468,outgoing
277,497,outandin
277,509,outandin
277,594,outandin
277,706,outandin
277,714,outandin
277,778,incoming
277,815,outandin
277,830,outgoing
277,950,outandin
277,980,outandin
277,990,outgoing
277,993,outandin
277,1004,outgoing
277,1023,outandin
277,1032,outandin
277,1054,outandin
277,1066,outandin
277,1186,outandin
277,1213,outandin
277,1224,outandin
277,1236,outandin
277,1241,outandin
277,1320,outandin
277,1328,outandin
277,1381,outandin
277,1416,outandin
277,1438,outandin
277,1508,outandin
277,1658,outandin
473,1397,outandin
502,285,outandin
502,342,outgoing
502,398,outgoing
502,400,
502,468,outgoing
502,540,outandin
502,706,outandin
502,733,outgoing
502,767,outandin
502,777,outandin
502,778,outandin
502,871,outgoing
502,878,outandin
502,933,outandin
502,942,outandin
502,970,incoming
502,1018,outandin
502,1038,outandin
502,1049,outandin
502,1213,outandin
502,1233,outandin
502,1416,outandin
502,1438,outandin
502,1588,outandin
503,74,outgoing
503,102,outandin
503,254,outandin
503,272,outandin
503,306,outandin
503,352,outandin
503,398,outandin
503,739,outandin
503,1316,outandin
541,400,outgoing
610,710,outandin
610,1291,outandin
616,250,outandin
616,306,outandin
616,509,outgoing
616,517,outandin
616,666,outandin
616,1319,outandin
642,325,outgoing
642,949,outandin
642,963,outandin
710,245,outandin
710,539,outandin
710,646,outandin
710,980,outandin
710,1374,outandin
710,1382,incoming
710,1489,outandin
823,50,outandin
823,149,outandin
823,209,outandin
823,239,outandin
823,242,
823,285,outandin
823,431,outandin
823,448,outgoing
823,542,outandin
823,549,outandin
823,567,outgoing
823,600,outandin
823,824,outgoing
823,915,outgoing
823,959,outandin
823,1032,outandin
823,1139,outandin
823,1163,outandin
823,1222,outandin
823,1268,outandin
823,1369,outandin
823,1397,outandin
823,1525,outandin
823,1562,outandin
823,1576,outandin
913,484,outgoing
913,548,outgoing
913,847,outandin
913,950,outgoing
919,50,outandin
919,51,outgoing
919,95,outandin
919,303,outandin
919,332,outandin
919,733,outandin
919,870,outandin
919,942,outandin
919,1006,outandin
919,1393,outandin
919,1449,outandin
943,102,outandin
943,163,outandin
943,193,outandin
943,250,outgoing
943,752,outandin
943,760,outandin
1018,413,outandin
1018,479,outandin
1018,708,outandin
1018,725,outandin
1018,755,outandin
1018,772,outandin
1018,1173,outandin
1018,1236,outandin
1018,1335,outandin
1018,1359,outandin
1018,1399,outandin
1018,1491,outandin
1018,1567,outandin
1018,1585,outandin
1029,871,outandin
1029,939,outandin
1029,962,outandin
1029,1021,outandin
1029,1326,outandin
1029,1340,outandin
1029,1472,outandin
1029,1665,outandin
1040,342,outandin
1040,939,outandin
1040,1045,outgoing
1041,75,outandin
1041,1000,outgoing
1043,97,outandin
1043,454,outandin
1043,1142,outandin
1043,1236,outandin
1043,1585,outandin
1056,250,outandin
1056,322,outandin
1056,361,incoming
1056,733,outandin
1056,1004,outandin
1056,1032,outandin
1056,1186,outandin
1056,1375,outandin
1111,144,outandin
1111,393,incoming
1111,394,outandin
1111,509,outandin
1111,777,outandin
1111,1582,outandin
1142,47,outandin
1142,400,outandin
1142,733,outandin
1142,752,outandin
1142,871,outandin
1142,963,outandin
1142,990,outandin
1142,1058,outandin
1142,1236,outandin
1142,1268,outandin
1142,1287,outandin
1142,1320,outandin
1142,1326,outandin
1142,1368,outandin
1142,1517,outandin
1182,309,outandin
1215,102,outandin
1215,193,outandin
1215,254,outandin
1215,278,outandin
1215,303,outandin
1215,398,outandin
1215,431,outandin
1215,440,outandin
1215,793,outandin
1215,949,outandin
1215,1083,outandin
1215,1100,outandin
1215,1287,outandin
1215,1350,outandin
1215,1472,outandin
1236,152,outandin
1236,209,outandin
1236,249,outandin
1236,296,outandin
1236,327,outandin
1236,337,outandin
1236,339,outandin
1236,368,outandin
1236,394,outandin
1236,437,outandin
1236,440,outandin
1236,454,outandin
1236,479,outandin
1236,532,outandin
1236,544,outandin
1236,549,outandin
1236,640,outandin
1236,706,outandin
1236,714,outandin
1236,726,outandin
1236,738,outandin
1236,769,outandin
1236,793,outandin
1236,822,outandin
1236,824,outandin
1236,912,outandin
1236,914,outandin
1236,944,outandin
1236,984,outandin
1236,990,outandin
1236,1005,outandin
1236,1006,outandin
1236,1026,outandin
1236,1224,outandin
1236,1237,outandin
1236,1259,outandin
1236,1274,outandin
1236,1287,outandin
1236,1326,outandin
1236,1329,outandin
1236,1340,outandin
1236,1374,outandin
1236,1413,outandin
1253,50,incoming
1253,468,outandin
1253,539,outandin
1253,640,outandin
1253,700,outandin
1253,768,outandin
1253,1013,incoming
1253,1173,outandin
1253,1287,outandin
1253,1343,incoming
1253,1365,outandin
1253,1461,outandin
1253,1624,outandin
1339,199,outandin
1339,221,outandin
1339,276,outandin
1339,296,outandin
1339,316,outandin
1339,474,incoming
1339,504,incoming
1339,576,outandin
1339,589,outandin
1339,660,outandin
1339,787,outandin
1339,822,outandin
1339,1308,outandin
1339,1417,outandin
1339,1468,outandin
1339,1491,incoming
1542,233,outandin
1542,468,outandin
1542,540,outandin
1542,1282,outandin
1585,303,outandin
1585,714,outandin
1585,762,outandin
1585,878,outandin
1585,1582,incoming
1665,249,incoming
1665,423,outandin
1665,509,incoming
1665,573,outandin
1665,878,outandin
1665,950,incoming
1665,1049,outandin
1665,1576,outandin
69,733,outandin
69,915,outandin
69,1296,outandin
69,1508,outandin
144,290,outgoing
144,398,outgoing
144,733,outandin
144,873,outgoing
144,921,outandin
144,975,outgoing
144,1200,outandin
144,1278,outandin
144,1408,outandin
144,1500,incoming
144,1527,outandin
144,1556,outandin
204,250,outgoing
204,298,outgoing
204,346,outandin
204,456,
204,509,outandin
204,542,outandin
204,611,outandin
204,667,outgoing
204,714,outandin
204,725,outgoing
204,777,outgoing
204,1070,outandin
204,1224,outandin
204,1239,outandin
204,1356,outandin
204,1381,outandin
204,1415,outandin
204,1500,outandin
204,1576,outandin
233,193,
233,701,outandin
233,810,outandin
233,1037,outandin
242,180,outandin
242,209,outgoing
242,454,outgoing
242,594,outandin
242,1178,incoming
242,1292,outandin
294,580,outandin
294,830,outgoing
294,831,outgoing
294,1397,outandin
294,1438,outandin
294,1549,outandin
296,50,outandin
296,172,outandin
296,199,outandin
296,445,outgoing
296,516,outgoing
296,544,outandin
296,550,outandin
296,1083,outandin
296,1244,outandin
306,272,outandin
306,305,outgoing
306,309,outandin
306,352,outandin
306,388,outgoing
306,394,outandin
306,408,outandin
306,438,outgoing
306,509,outgoing
306,513,outandin
306,570,outandin
306,627,outandin
306,676,outandin
306,777,outandin
306,778,outandin
306,843,outandin
306,871,outandin
306,952,outandin
306,964,outandin
306,1019,outandin
306,1115,outandin
306,1117,outandin
306,1120,outandin
306,1122,outandin
306,1213,outandin
306,1228,outandin
306,1274,outandin
306,1328,outandin
306,1416,outandin
306,1449,outandin
325,326,outandin
325,479,outandin
325,532,outgoing
325,760,outgoing
325,831,outandin
325,1049,outgoing
325,1243,outandin
325,1292,outandin
374,248,outgoing
394,131,outandin
394,263,outandin
394,393,outgoing
394,504,outandin
394,576,outandin
394,676,outgoing
394,738,outandin
394,1004,outandin
394,1298,outandin
394,1526,outandin
394,1568,outandin
394,1582,outandin
474,163,outandin
474,309,outgoing
474,337,outandin
474,356,outandin
474,400,
474,640,outandin
474,646,outgoing
474,749,outandin
474,847,outgoing
474,1187,outandin
474,1208,outandin
474,1310,outandin
474,1349,outandin
474,1377,outandin
479,367,outandin
479,398,outandin
479,413,outandin
479,472,outandin
479,1213,outandin
538,48,outgoing
538,1065,outandin
538,1581,outandin
573,61,outandin
573,245,outandin
573,298,outandin
573,393,outandin
573,1292,outandin
573,1436,outandin
600,289,outgoing
600,309,outandin
600,342,outandin
600,470,outandin
600,560,outandin
600,632,outandin
600,667,outandin
600,714,outandin
600,847,outandin
600,927,outandin
600,980,outandin
600,1454,outandin
640,576,outandin
640,712,outgoing
640,784,outgoing
640,1468,outandin
640,1526,outandin
669,1396,outandin
716,1513,outandin
752,513,outandin
752,594,outandin
752,821,outandin
752,1009,outandin
752,1032,outandin
752,1362,outandin
752,1368,outandin
752,1417,outandin
754,309,outandin
754,540,outandin
754,903,outandin
784,342,outandin
784,993,outandin
790,735,outandin
809,209,outandin
809,342,outandin
809,361,incoming
809,542,outandin
809,560,outandin
809,795,incoming
809,1101,outandin
809,1213,outandin
809,1262,outandin
809,1354,outandin
809,1449,outandin
809,1494,outandin
809,1668,incoming
815,283,outgoing
815,342,outgoing
815,364,outgoing
815,423,outandin
815,509,outandin
815,915,outandin
815,939,outandin
815,944,outandin
815,950,outgoing
815,1066,outandin
815,1305,outandin
815,1472,outandin
831,448,outgoing
831,871,outgoing
831,934,outandin
831,939,outandin
831,981,outgoing
831,1049,outandin
831,1057,outandin
831,1187,incoming
831,1199,outandin
831,1270,incoming
831,1449,outandin
843,62,outandin
843,283,outandin
843,285,outandin
843,342,outandin
843,356,outandin
843,557,incoming
843,575,outgoing
843,714,outandin
843,871,outandin
843,885,outgoing
843,1051,outandin
843,1114,outandin
843,1167,outandin
843,1195,outandin
843,1235,outandin
843,1237,incoming
843,1268,outandin
843,1381,outandin
843,1424,outandin
843,1553,outandin
942,393,outandin
942,1314,outandin
942,1417,outandin
942,1422,outandin
950,309,outandin
950,405,outandin
950,429,outgoing
950,793,outandin
950,893,outandin
950,1026,outandin
950,1346,outandin
964,160,outandin
964,249,outandin
964,733,outandin
964,800,outandin
964,1202,outandin
995,346,outgoing
1049,191,outandin
1049,245,outandin
1049,1199,outandin
1091,431,outandin
1091,876,outandin
1097,127,outandin
1097,191,outandin
1097,250,outandin
1097,285,outandin
1097,342,outandin
1097,437,outandin
1097,440,outandin
1097,871,outandin
1097,884,outandin
1097,1104,outandin
1097,1170,outandin
1097,1270,outandin
1117,214,outandin
1117,249,outandin
1117,376,outandin
1117,431,outandin
1117,509,outandin
1117,551,outandin
1117,1023,outandin
1117,1060,outandin
1117,1295,outandin
1117,1335,outandin
1117,1507,outandin
1139,199,outandin
1139,309,outandin
1178,878,outandin
1178,1051,outandin
1178,1126,outandin
1178,1328,outandin
1178,1397,outandin
1224,62,outandin
1224,260,outandin
1224,793,outandin
1224,1321,outandin
1226,540,outandin
1262,635,outandin
1262,1417,outandin
1270,832,outandin
1270,1087,outandin
1294,903,outandin
1325,1123,outandin
1325,1326,outandin
1325,1340,outandin
1340,58,outandin
1340,454,outandin
1340,830,outandin
1340,1137,outandin
1340,1326,outandin
1340,1374,outandin
1340,1407,outandin
1340,1478,outandin
1346,1272,outandin
1346,1314,incoming
1346,1329,outandin
1346,1562,outandin
1354,908,outandin
1354,1439,outandin
1355,878,outandin
1356,1421,outandin
1356,1509,incoming
1358,309,outandin
1358,352,outandin
1358,509,outandin
1358,777,outandin
1358,871,outandin
1358,927,outandin
1358,993,outandin
1358,1186,outandin
1358,1274,outandin
1358,1381,outandin
1365,95,outandin
1365,116,outandin
1365,643,outandin
1365,810,incoming
1365,871,outandin
1365,1013,incoming
1365,1052,outandin
1365,1089,outandin
1365,1366,outandin
1365,1367,outandin
1365,1393,outandin
1365,1412,outandin
1381,798,outandin
1381,1413,outandin
1415,337,outandin
1415,974,outandin
1489,209,outandin
1489,249,incoming
1489,762,outandin
1489,878,outandin
1489,927,outandin
1489,967,outandin
1489,1013,outandin
1489,1021,outandin
1489,1038,outandin
1489,1289,outandin
1489,1449,outandin
1489,1533,outandin
1489,1588,incoming
1489,1590,outandin
1507,405,outandin
1507,1019,outandin
1507,1534,outandin
1509,249,outandin
1509,309,outandin
1509,352,outandin
1509,470,outandin
1509,890,outandin
1509,957,outandin
1509,1179,outandin
1509,1511,outandin
1509,1514,outandin
1509,1515,outandin
1526,398,outandin
1526,447,outandin
1526,595,outandin
1526,1582,outandin
1561,221,outandin
1561,249,incoming
1582,199,incoming
1582,1556,outandin
228,1100,outandin
228,1246,outandin
249,299,outandin
249,302,outgoing
249,454,outgoing
249,708,incoming
249,725,incoming
249,734,incoming
249,801,outandin
249,868,incoming
249,967,outandin
249,1006,outandin
249,1021,incoming
249,1209,outandin
249,1244,incoming
249,1246,outandin
249,1295,outandin
249,1304,incoming
249,1324,outandin
249,1351,outandin
249,1359,incoming
249,1362,outandin
249,1376,outandin
249,1421,outandin
249,1470,outandin
249,1487,outandin
249,1504,incoming
249,1525,outandin
249,1541,outandin
249,1608,outandin
249,1629,incoming
249,1655,outandin
290,408,outandin
514,388,outgoing
514,513,outgoing
514,762,outandin
514,777,outandin
514,853,outandin
514,1350,outandin
514,1398,outandin
48,152,outandin
48,621,outgoing
152,993,outandin
621,470,outgoing
621,768,
621,772,outgoing
621,924,outandin
621,958,outandin
621,1063,outandin
621,1165,outandin
621,1544,outandin
50,102,outandin
50,701,outandin
50,755,outandin
50,1100,outandin
50,1487,outandin
50,1496,outandin
50,1616,outandin
102,245,outandin
102,316,outgoing
102,1449,outandin
701,174,outandin
701,193,outgoing
701,326,outandin
701,398,outandin
701,732,outandin
701,782,outandin
701,915,outandin
701,1021,outandin
701,1051,outandin
701,1413,outandin
701,1579,outandin
755,1468,outandin
1100,250,outandin
1100,674,outandin
1100,1619,outandin
1487,749,outandin
1487,844,outandin
1496,762,outandin
1496,824,outandin
1616,254,outandin
1616,346,outandin
1616,582,outandin
1616,812,incoming
1616,940,outandin
1616,1173,incoming
1616,1601,incoming
497,1296,outandin
497,1352,outandin
497,1491,outandin
509,199,outandin
509,260,outgoing
509,272,outgoing
509,307,outandin
509,316,outgoing
509,337,outandin
509,364,outgoing
509,454,outgoing
509,595,outandin
509,872,outandin
509,893,outandin
509,975,outandin
509,1026,incoming
509,1413,outandin
725,398,outandin
725,454,outandin
725,635,outandin
725,673,outandin
725,835,outandin
725,1624,incoming
749,302,outandin
749,700,outandin
762,513,outgoing
762,992,outandin
762,1137,outandin
762,1593,outandin
966,576,outandin
966,1171,outandin
1235,576,outandin
1235,1393,outandin
1235,1468,incoming
1508,309,outandin
1508,708,outandin
1508,1021,outandin
1508,1319,outandin
1508,1470,outandin
62,949,outandin
250,154,outandin
250,260,outgoing
250,263,outandin
250,316,outandin
250,405,outandin
250,544,outandin
250,712,outgoing
250,871,outandin
250,909,outandin
250,954,outandin
250,958,outandin
250,1026,outandin
250,1053,outandin
250,1112,outandin
408,1120,outandin
408,1122,outandin
413,659,outgoing
594,209,outandin
594,260,outandin
594,283,outandin
594,535,outandin
594,1038,outandin
594,1171,outandin
594,1289,outandin
594,1472,outandin
646,1021,outandin
739,254,outandin
739,438,outandin
975,552,outandin
975,760,outandin
975,1089,outandin
1101,375,outandin
1101,513,outandin
1101,595,outandin
1101,1417,outandin
1244,83,outandin
1244,131,outandin
1244,199,outandin
1244,254,outandin
1244,338,outandin
1244,342,outandin
1244,440,outandin
1244,733,outandin
1244,1272,outandin
1244,1275,outandin
1244,1287,outandin
1272,265,outandin
1272,302,outandin
1272,441,outandin
1272,768,outandin
1272,862,outandin
1272,887,outandin
1272,1246,outandin
1272,1403,outandin
1349,540,outandin
1349,1624,outandin
1438,97,outandin
1551,350,outandin
1636,984,outandin
1636,1601,incoming
58,811,outgoing
58,1326,outandin
1326,97,outandin
1326,454,outandin
1326,952,outandin
1326,1123,outandin
1326,1268,outandin
1326,1426,outandin
59,431,outandin
59,939,outandin
431,307,outandin
431,544,outandin
431,595,outandin
431,627,outandin
431,727,outgoing
431,738,outandin
431,853,outandin
939,380,outandin
939,466,outandin
939,537,outandin
939,707,outandin
939,765,outandin
939,813,outandin
939,855,outandin
939,977,outgoing
939,1021,outandin
939,1092,outandin
245,163,outandin
245,191,outgoing
245,309,outandin
245,334,outandin
245,339,outandin
245,388,outandin
245,542,outandin
245,699,outgoing
245,881,outandin
245,883,outandin
245,1146,outandin
245,1264,outandin
1004,302,outandin
1004,463,outgoing
1004,908,outandin
1004,1008,outgoing
1004,1032,outgoing
1173,731,outandin
1173,1172,outandin
949,260,outgoing
949,708,outandin
95,154,outandin
95,299,outandin
95,311,outgoing
95,592,outgoing
95,712,outgoing
95,1246,outandin
95,1251,outandin
95,1393,outandin
193,149,outgoing
193,302,outgoing
193,658,outandin
193,847,outandin
193,967,outandin
193,1633,outandin
278,883,incoming
339,463,outgoing
339,830,outgoing
339,1000,outandin
339,1066,outandin
339,1426,outandin
342,239,outandin
342,544,
342,588,outandin
342,798,outandin
342,1216,outandin
342,1268,outandin
342,1362,incoming
342,1384,outandin
342,1417,outandin
342,1431,outandin
342,1462,outandin
342,1579,outandin
557,302,outgoing
560,908,outandin
560,1216,outandin
560,1629,outandin
706,484,outgoing
706,800,incoming
706,990,outandin
706,1219,outandin
706,1241,outandin
706,1256,outandin
706,1397,outandin
706,1531,outandin
847,1514,outandin
847,1566,outandin
865,708,outandin
912,375,outandin
912,893,outandin
912,899,outandin
912,1513,outandin
923,544,outandin
963,393,outandin
963,841,outandin
963,967,outandin
963,1105,outandin
963,1246,outandin
990,131,outandin
990,419,outandin
990,513,outandin
990,540,outandin
990,864,outandin
990,1239,outandin
990,1306,outandin
1114,575,outandin
1114,1424,outandin
1310,802,outandin
1310,1246,outandin
1310,1575,outandin
1517,449,outandin
1517,504,outandin
1517,1026,outandin
1517,1037,outandin
1517,1562,outandin
1517,1603,outandin
97,124,outgoing
97,407,outandin
97,421,outandin
97,632,outandin
97,714,outandin
97,726,
97,1480,outandin
449,124,outandin
449,263,outandin
449,993,outandin
595,172,outgoing
595,199,outandin
595,338,outandin
595,567,outgoing
595,624,outgoing
595,659,outandin
595,871,outandin
595,1037,outandin
595,1087,outandin
798,878,outandin
822,400,outandin
822,700,incoming
822,751,outandin
822,819,outgoing
908,263,outandin
908,332,outandin
908,352,outandin
908,400,outgoing
908,777,outandin
1216,214,outandin
1216,254,outandin
1216,542,outandin
1216,1064,outandin
1296,272,outandin
1417,370,outandin
1417,871,outandin
1417,878,outandin
1426,423,outandin
1426,733,outandin
1426,830,outandin
1426,878,incoming
1426,1066,incoming
1427,575,outandin
1427,1393,incoming
1427,1424,outandin
1603,172,incoming
1603,334,outandin
1603,423,outandin
1603,871,outandin
1603,1614,outandin
1603,1653,outandin
68,871,outandin
68,893,outandin
871,183,outandin
871,260,outandin
871,267,outandin
871,364,outandin
871,375,outandin
871,437,outgoing
871,445,outandin
871,452,outandin
871,463,outandin
871,513,outandin
871,734,outandin
871,738,outandin
871,830,outandin
871,952,outandin
871,971,outandin
871,978,outandin
871,981,outandin
871,988,outgoing
871,1021,outandin
871,1026,outgoing
871,1060,outandin
871,1223,outandin
871,1237,outandin
871,1350,outandin
871,1351,outandin
871,1376,outandin
871,1384,outandin
871,1412,outandin
871,1448,outandin
871,1491,outandin
871,1568,outandin
871,1608,outandin
893,733,outandin
893,993,outandin
893,1556,outandin
733,302,outgoing
733,447,outandin
733,454,outgoing
733,544,outandin
733,576,outandin
733,903,outandin
733,967,outandin
733,987,outandin
733,1208,outandin
733,1291,outandin
733,1306,outandin
733,1376,outandin
733,1608,outandin
733,1624,outandin
915,841,outgoing
70,163,outandin
70,944,outandin
163,768,outandin
163,1208,outandin
944,375,outandin
944,659,outandin
283,1343,outandin
283,1393,outandin
283,1502,outandin
283,1556,outandin
303,298,outgoing
303,513,outandin
303,967,outandin
303,1548,outandin
398,260,outandin
398,291,outandin
398,354,outandin
398,405,outgoing
398,465,outgoing
398,1013,
398,1291,outandin
398,1359,outandin
398,1377,outandin
883,326,outandin
883,1442,outandin
967,549,outandin
1045,269,outandin
1045,1026,outandin
76,399,outgoing
309,307,outandin
309,352,outgoing
309,520,outandin
309,540,outandin
309,712,outandin
309,848,outgoing
309,1125,outandin
309,1186,outandin
309,1391,outandin
309,1421,outandin
463,327,outandin
463,361,incoming
463,400,outgoing
463,469,
463,1009,outgoing
463,1010,outgoing
81,400,outgoing
400,396,outgoing
400,570,outgoing
400,592,outgoing
400,776,outgoing
400,853,outgoing
400,973,outgoing
400,1416,outandin
400,1419,outandin
400,1555,incoming
83,1060,outandin
1060,191,incoming
1060,199,incoming
1060,545,outandin
1060,567,outandin
1060,1187,incoming
84,765,outgoing
765,191,
765,362,outgoing
765,425,outgoing
765,532,outgoing
765,830,outgoing
765,1089,outandin
765,1328,outandin
322,1021,incoming
953,954,outgoing
1013,299,outandin
1013,465,outandin
1013,673,outandin
1083,299,outandin
1083,1287,outandin
1416,260,outandin
1416,1291,outandin
1416,1413,outandin
1556,1246,outandin
1556,1400,outandin
1556,1557,outandin
1556,1571,outandin
1556,1586,outandin
1579,356,outandin
88,367,outandin
367,1624,outandin
793,393,outandin
793,863,outgoing
793,1187,outandin
793,1230,outandin
841,848,outgoing
841,903,outandin
841,1006,outandin
841,1165,outandin
841,1446,outandin
1006,1199,outandin
1006,1335,outandin
1006,1448,outandin
91,1237,outandin
1237,199,outandin
1237,1167,outandin
516,453,
516,564,outandin
516,1405,outandin
299,1175,outandin
311,350,outandin
311,361,incoming
311,373,outgoing
311,567,outgoing
311,1037,outgoing
592,545,outandin
592,624,outandin
712,1398,outandin
712,1619,outandin
1246,99,outandin
1246,456,outandin
1246,801,outandin
1246,1400,outandin
1393,332,outandin
1393,576,outandin
1393,1364,outandin
1393,1424,outandin
1393,1492,outandin
1393,1613,outandin
124,447,outandin
421,300,outandin
421,545,outandin
421,1436,incoming
632,272,outgoing
632,838,outandin
632,1331,outandin
714,284,outandin
714,316,outandin
714,438,outandin
714,517,outandin
714,1376,outandin
714,1400,outandin
726,316,outgoing
726,992,outandin
99,810,outandin
810,576,outandin
810,708,outandin
810,735,outandin
810,1021,outandin
810,1351,outandin
810,1412,incoming
810,1624,outandin
100,243,outandin
190,276,outandin
198,1321,outandin
370,1617,outandin
1002,273,outandin
316,355,outgoing
316,777,outgoing
316,955,outandin
1449,272,outandin
1449,429,outandin
1449,545,outandin
1449,1021,incoming
1449,1421,outandin
260,830,outandin
260,1028,outgoing
260,1104,outandin
260,1107,outandin
429,334,outandin
437,878,outandin
658,667,outgoing
658,884,outgoing
658,1479,outandin
700,337,outandin
700,1289,outandin
853,881,outandin
864,361,outandin
864,993,outandin
899,271,outandin
899,629,outandin
973,254,outandin
974,778,outandin
988,777,outandin
1021,191,outandin
1021,368,outandin
1021,539,outandin
1021,878,outandin
1021,970,outandin
1021,981,outgoing
1021,1104,outandin
1021,1199,outandin
1021,1422,outandin
1126,285,outandin
1126,289,outandin
1195,1167,outandin
1238,302,outandin
1256,800,incoming
1256,1219,outandin
1329,526,outandin
1343,1359,outandin
1362,302,outandin
1362,539,outandin
1362,878,outandin
1362,1608,outandin
1419,346,outandin
1419,356,outandin
1431,768,outandin
1468,575,outandin
1568,1569,outandin
263,315,outgoing
263,337,outgoing
263,1298,outandin
307,1087,outandin
332,352,outgoing
337,272,outandin
337,352,outandin
337,576,outandin
337,777,outgoing
337,1168,outandin
337,1233,outandin
388,405,outandin
388,513,outgoing
388,551,outandin
388,627,outgoing
388,795,outandin
393,191,outgoing
393,738,outandin
393,870,outandin
393,1516,incoming
393,1601,outandin
454,448,outgoing
454,777,outandin
454,778,outandin
454,1369,outandin
540,191,outandin
540,334,outandin
540,667,outandin
540,778,outandin
540,1104,outandin
563,1159,outandin
576,254,outandin
576,350,outgoing
576,575,outgoing
576,649,outandin
576,760,outandin
576,885,outgoing
576,1038,outandin
576,1167,outandin
576,1488,outandin
606,821,outandin
606,1502,outandin
606,1503,outandin
674,1624,outandin
708,812,incoming
708,1052,outandin
708,1058,outandin
708,1075,outandin
724,673,outandin
884,375,outandin
992,425,outandin
992,470,outandin
992,545,outgoing
992,1108,outandin
993,315,outandin
993,364,outandin
993,513,outandin
993,627,outandin
993,707,outandin
1051,199,outandin
1104,338,outandin
1105,199,outandin
1105,492,outandin
1105,1154,outandin
1105,1409,outandin
1107,338,outandin
1107,1012,outandin
1123,507,outandin
1145,1333,outandin
1146,861,outandin
1276,666,outandin
1353,298,outandin
1353,346,outandin
1353,350,outandin
1421,236,outandin
1421,362,outandin
1421,485,incoming
1421,1328,outandin
1000,286,outgoing
302,403,incoming
302,769,outandin
302,1187,outandin
302,1392,outandin
1070,542,outandin
447,350,outandin
447,395,incoming
125,131,outgoing
172,544,outandin
172,1026,outandin
236,549,outandin
338,1155,outandin
542,352,outgoing
542,504,outgoing
542,549,outandin
542,741,outgoing
542,760,outandin
542,1292,outandin
542,1594,outandin
738,191,outgoing
738,1504,outandin
778,315,outandin
778,438,outandin
778,517,outandin
778,570,outandin
778,1375,outandin
778,1384,outandin
846,588,outgoing
878,438,outandin
878,848,outandin
934,1026,outandin
934,1096,outandin
980,544,outandin
1378,1635,outandin
1413,549,incoming
1413,800,incoming
1413,1219,outandin
141,345,outandin
141,1624,outandin
345,259,outandin
345,346,outgoing
345,1058,outandin
1624,1500,outandin
329,468,outandin
329,1537,outandin
442,1247,outandin
582,328,outandin
582,861,incoming
582,1210,outandin
582,1212,outandin
1500,1447,incoming
145,830,outandin
145,933,outandin
145,1038,outandin
830,549,outgoing
1038,1026,outandin
151,602,outgoing
162,851,outgoing
768,501,outgoing
768,772,outandin
768,801,
768,924,
768,1304,incoming
1208,741,outandin
544,511,outandin
544,567,outandin
544,1273,outandin
1026,184,outandin
1026,1119,outandin
1026,1213,outandin
1026,1661,outandin
1619,593,incoming
1619,839,outandin
1619,1511,outandin
1619,1629,incoming
1384,795,outandin
1384,800,outandin
1474,1375,outandin
180,182,outgoing
1291,1295,outandin
1291,1335,outandin
276,735,outandin
191,396,outgoing
191,1187,outandin
1187,1087,outandin
1187,1230,outandin
1633,1638,outandin
254,272,outandin
254,659,outandin
254,1247,outandin
376,824,outandin
445,199,outgoing
445,614,outandin
575,1424,outandin
774,824,outgoing
774,1601,outandin
1063,835,outandin
1063,1548,outandin
199,848,outandin
199,971,outgoing
199,978,outgoing
199,1363,outandin
199,1364,outandin
199,1375,outandin
1375,1472,outandin
1375,1529,outandin
202,286,outgoing
203,866,outgoing
866,423,outandin
346,838,outandin
777,315,outandin
777,405,outgoing
777,882,outandin
532,364,outgoing
532,882,outgoing
539,952,outandin
627,1019,outandin
627,1328,outandin
741,1655,outandin
760,352,outandin
1168,291,outandin
1168,350,outandin
1168,520,outandin
1168,735,outandin
1168,1298,outandin
1168,1331,outandin
1594,1377,outandin
1601,1282,outandin
1601,1666,incoming
221,1282,outandin
839,735,outandin
1319,438,outandin
549,368,outandin
238,1502,outandin
1502,1503,outandin
239,1328,incoming
1328,285,outandin
1328,545,outandin
1328,952,outandin
1328,1476,outandin
334,1442,outandin
699,1264,outandin
699,1374,outandin
881,999,outgoing
881,1090,outandin
881,1154,outandin
881,1218,outandin
734,1023,outandin
1359,1335,outandin
1359,1399,outandin
1608,1475,outandin
958,732,outandin
958,959,
1053,1076,outandin
272,468,outandin
261,835,outandin
835,1245,outandin
315,423,outandin
735,1032,outandin
735,1575,outandin
1032,1186,outandin
1032,1213,outandin
1186,1213,outandin
1213,362,outandin
1241,800,outandin
1241,1219,outandin
1320,952,outandin
513,440,outgoing
305,521,outgoing
570,1065,outandin
676,545,outandin
1019,545,outandin
1019,551,outandin
1019,588,outgoing
1120,545,outandin
1274,1273,outandin
1087,1088,outandin
545,368,outandin
545,1047,outandin
520,1017,outandin
1391,709,outandin
361,1436,outandin
731,824,outandin
643,1371,outandin
324,1537,outandin
326,552,outandin
326,688,outandin
328,581,outgoing
581,1602,outandin
1233,588,outandin
504,1167,outandin
1437,1454,outandin
1403,1335,outandin
1436,1562,outandin
932,1562,outandin
1412,1089,outandin
1412,1367,outandin
1154,800,outandin
808,1596,outandin
469,806,outgoing
1167,1424,outandin
782,721,outgoing
1367,1089,outandin
1588,517,outandin
517,709,outandin
517,1065,outandin
882,1089,outandin
534,625,outgoing
625,631,outgoing
625,662,outgoing
1240,836,outandin
1380,748,outandin
1335,1399,outandin
885,1606,outandin
589,666,outandin
631,775,outandin
720,787,outgoing
787,1490,outandin
1076,1082,outandin
1400,1411,outandin
1219,1404,outandin
1476,1012,outandin
721,867,outgoing
1550,1547,outandin
1596,1607,outandin
1552,1553,outandin
1199,1003,outandin
1199,1204,outandin
1611,1612,outandin
869,1205,outandin
962,1204,outandin
1429,1572,outandin
1447,1570,outandin
1586,1595,outandin
