node,centrality,community,density,eign,betwness,closeness,volatility,name,type
4326,1,0,0.1489361702127659,0.0002257311808008,0.0,0.1991336666704805,0.3333333333333333,User_4326,outandin
4362,1,0,0.1489361702127659,0.0006310687338304,0.0,0.2245891026716391,0.3333333333333333,User_4362,outandin
2518,1,0,0.1489361702127659,0.0032576457468027,0.0,0.2371193129694723,0.3333333333333333,User_2518,outandin
4619,1,0,0.1489361702127659,6.330698107934997e-05,0.0,0.1856702920776147,0.16666666666666666,User_4619,outandin
4634,1,0,0.1489361702127659,0.0016288228734013,0.0,0.2371193129694723,0.16666666666666666,User_4634,outandin
4649,1,0,0.1489361702127659,0.000515759610587,0.0,0.2034458842072245,0.16666666666666666,User_4649,incoming
2712,1,0,0.1489361702127659,3.1653490539674984e-05,0.0,0.1856702920776147,0.3333333333333333,User_2712,outandin
4509,1,0,0.1489361702127659,0.0002911502263716,0.0,0.2037245135852759,0.16666666666666666,User_4509,outandin
2901,1,0,0.1489361702127659,0.0006310687338304,0.0,0.2245891026716391,0.3333333333333333,User_2901,outgoing
3029,1,0,0.1489361702127659,0.0012621374676609,0.0,0.2245891026716391,0.16666666666666666,User_3029,outgoing
3810,1,0,0.1489361702127659,0.0032576457468027,0.0,0.2371193129694723,0.5,User_3810,outgoing
1765,1,0,0.1489361702127659,0.0016288228734013,0.0,0.2371193129694723,0.5,User_1765,outandin
2050,2,0,0.1489361702127659,0.0041166267407947,1.0282102528091834e-05,0.2441907233972897,0.16666666666666666,User_2050,outgoing
192,2,0,0.1489361702127659,0.0034596594730291,0.000440792924975,0.2532681878595613,0.5,User_192,
4655,2,0,0.1489361702127659,0.0019243412948261,0.0,0.2331549357411426,0.16666666666666666,User_4655,outandin
2819,2,0,0.1489361702127659,0.0188402294626343,0.0,0.2670607702026014,0.16666666666666666,User_2819,outgoing
1675,2,0,0.1489361702127659,0.0031129550764615,0.0008342493220976,0.2494458060416696,0.16666666666666666,User_1675,
4656,3,0,0.1489361702127659,0.003640953509977,0.0014731588132451,0.2484044236062048,0.16666666666666666,User_4656,outandin
4669,3,0,0.1489361702127659,0.0006602997531848,0.0,0.2118986453032037,0.16666666666666666,User_4669,incoming
1849,3,0,0.1489361702127659,0.0008226851013575,0.0041706659353718,0.2292031571692588,0.5,User_1849,incoming
1,4,0,0.1489361702127659,0.0024636472700568,0.005821691499603,0.2509184970528799,0.08333333333333333,User_1,
4637,4,0,0.1489361702127659,0.0080246656039699,0.0008528453222864,0.2591513048830122,0.16666666666666666,User_4637,incoming
4677,5,0,0.1489361702127659,0.0025802728529578,0.0003387748214702,0.2439237753531276,0.16666666666666666,User_4677,incoming
4622,6,0,0.1489361702127659,0.0396136130134501,0.0007475519628929,0.291386579829283,0.16666666666666666,User_4622,outandin
4672,6,0,0.1489361702127659,0.0026171503445247,7.038213254039209e-06,0.2377509573833495,0.16666666666666666,User_4672,incoming
4676,6,0,0.1489361702127659,0.0018607886274358,0.0001276685569437,0.2305649945794611,0.16666666666666666,User_4676,incoming
4684,7,0,0.1489361702127659,0.0012099691802927,2.8248802758606684e-06,0.2166829555758907,0.16666666666666666,User_4684,incoming
4688,8,0,0.1489361702127659,0.0013980018296234,2.6685558930207753e-05,0.2222403122552524,0.16666666666666666,User_4688,incoming
4686,10,0,0.1489361702127659,0.0019038760094685,9.730470293091674e-05,0.2223510448473079,0.3333333333333333,User_4686,incoming
4678,10,0,0.1489361702127659,0.0037191023501101,0.0008590318258977,0.2502150529904945,0.16666666666666666,User_4678,incoming
4675,11,0,0.1489361702127659,0.0064507849088403,0.0004213692417656,0.2634347975257066,0.3333333333333333,User_4675,incoming
4680,11,0,0.1489361702127659,0.0021656073683008,0.0001055099734987,0.2225173507896021,0.16666666666666666,User_4680,incoming
4682,11,0,0.1489361702127659,0.0022984934100562,8.323222420539362e-05,0.2225173507896021,0.16666666666666666,User_4682,incoming
4679,12,0,0.1489361702127659,0.0038109403554539,0.0013205227897653,0.2453992559849035,0.16666666666666666,User_4679,incoming
4681,12,0,0.1489361702127659,0.0038109403554539,0.0013205227897653,0.2453992559849035,0.3333333333333333,User_4681,incoming
4661,13,0,0.1489361702127659,0.0118137726948423,0.0076250752745057,0.2875377235879813,0.16666666666666666,User_4661,incoming
4666,13,0,0.1489361702127659,0.0122838939079961,0.0054793708831868,0.2881876312615737,0.16666666666666666,User_4666,incoming
4668,13,0,0.1489361702127659,0.0051338701122611,0.0035873981453755,0.2582514739632795,0.3333333333333333,User_4668,incoming
4673,13,0,0.1489361702127659,0.0075492373922259,0.0029971413192466,0.2695611881658393,0.16666666666666666,User_4673,incoming
395,14,0,0.1489361702127659,0.0067025080844331,0.0069436772834979,0.2569133834246097,0.5,User_395,outandin
4667,15,0,0.1489361702127659,0.0061604543571951,0.0021552274699145,0.2601332247208085,0.16666666666666666,User_4667,incoming
3330,19,0,0.1489361702127659,0.0058664193252942,0.0038421700149538,0.2500748372140919,0.16666666666666666,User_3330,outandin
2045,19,0,0.1489361702127659,0.0164017424112806,0.0407944183703394,0.2915769663564501,0.08333333333333333,User_2045,
4531,21,0,0.1489361702127659,0.0500343899064681,0.0334941389834659,0.3266900051307079,0.3333333333333333,User_4531,incoming
4654,21,0,0.1489361702127659,0.0212244520787455,0.0163953501424832,0.2990007015132643,0.16666666666666666,User_4654,incoming
4458,22,0,0.1489361702127659,0.0075669252777881,0.0093467128649788,0.2573578702471436,0.16666666666666666,User_4458,incoming
4683,22,0,0.1489361702127659,0.0080729004931212,0.0054006163909174,0.2644495093383982,0.16666666666666666,User_4683,incoming
1810,39,0,0.1489361702127659,0.0423339688681655,0.0567978410236448,0.3130540491115727,0.08333333333333333,User_1810,
93,1,1,1.0,5.398956261332743e-21,0.0,0.001068376068376,0.6666666666666666,User_93,outandin
1885,1,1,1.0,5.398956261332743e-21,0.0,0.001068376068376,0.6666666666666666,User_1885,
4167,1,2,0.0448979591836734,0.0015023485398086,0.0,0.2108972339359863,0.16666666666666666,User_4167,outgoing
4262,1,2,0.0448979591836734,0.0155825837158315,0.0,0.2525515263206265,0.16666666666666666,User_4262,outandin
4271,1,2,0.0448979591836734,0.0155825837158315,0.0,0.2525515263206265,0.16666666666666666,User_4271,outandin
4333,1,2,0.0448979591836734,0.0155825837158315,0.0,0.2525515263206265,0.16666666666666666,User_4333,outandin
2325,1,2,0.0448979591836734,0.0155825837158315,0.0,0.2525515263206265,0.16666666666666666,User_2325,outgoing
2344,1,2,0.0448979591836734,0.0001008464795489,0.0,0.1875429909680802,0.16666666666666666,User_2344,
4408,1,2,0.0448979591836734,0.0003663110012452,0.0,0.2043776262919839,0.16666666666666666,User_4408,outandin
4533,1,2,0.0448979591836734,0.0155825837158315,0.0,0.2525515263206265,0.16666666666666666,User_4533,outandin
4558,1,2,0.0448979591836734,0.0155825837158315,0.0,0.2525515263206265,0.16666666666666666,User_4558,incoming
4629,1,2,0.0448979591836734,0.0155825837158315,0.0,0.2525515263206265,0.16666666666666666,User_4629,outandin
786,1,2,0.0448979591836734,0.0004809777772115,0.0,0.2144442801578794,0.5,User_786,outandin
2948,1,2,0.0448979591836734,0.0001008464795489,0.0,0.1875429909680802,0.3333333333333333,User_2948,outgoing
3143,1,2,0.0448979591836734,0.0077912918579157,0.0,0.2525515263206265,0.16666666666666666,User_3143,outgoing
4307,1,2,0.0448979591836734,0.0155825837158315,0.0,0.2525515263206265,0.16666666666666666,User_4307,outandin
4312,1,2,0.0448979591836734,0.0155825837158315,0.0,0.2525515263206265,0.16666666666666666,User_4312,outandin
3268,1,2,0.0448979591836734,0.0155825837158315,0.0,0.2525515263206265,0.16666666666666666,User_3268,outgoing
3441,1,2,0.0448979591836734,0.0155825837158315,0.0,0.2525515263206265,0.16666666666666666,User_3441,outgoing
1412,1,2,0.0448979591836734,0.0155825837158315,0.0,0.2525515263206265,0.6666666666666666,User_1412,outgoing
3552,1,2,0.0448979591836734,0.0007511742699043,0.0,0.2108972339359863,0.16666666666666666,User_3552,outgoing
3696,1,2,0.0448979591836734,0.0155825837158315,0.0,0.2525515263206265,0.16666666666666666,User_3696,outgoing
4433,1,2,0.0448979591836734,0.0007551478136928,0.0,0.2108972339359863,0.16666666666666666,User_4433,outandin
4438,1,2,0.0448979591836734,0.0077912918579157,0.0,0.2525515263206265,0.16666666666666666,User_4438,outandin
4453,1,2,0.0448979591836734,0.0015023485398086,0.0,0.2108972339359863,0.16666666666666666,User_4453,outandin
4008,1,2,0.0448979591836734,0.0006354861697406,0.0,0.2044712701070089,0.16666666666666666,User_4008,outgoing
2040,1,2,0.0448979591836734,0.0001008464795489,0.0,0.1875429909680802,0.3333333333333333,User_2040,outandin
4418,2,2,0.0448979591836734,0.0190635279214161,0.0001644431850521,0.2628916329947257,0.3333333333333333,User_4418,outandin
2496,2,2,0.0448979591836734,0.0094397508631158,8.48329725335073e-06,0.2284405154894021,0.3333333333333333,User_2496,incoming
4559,2,2,0.0448979591836734,0.0134670600078219,9.12077547207124e-05,0.2542783743638444,0.3333333333333333,User_4559,incoming
2710,2,2,0.0448979591836734,0.0166188759042105,0.0001243843150465,0.2548592501476567,0.16666666666666666,User_2710,
4647,2,2,0.0448979591836734,0.0159062670576133,0.0001387537662047,0.2551506843959674,0.16666666666666666,User_4647,outandin
3490,2,2,0.0448979591836734,0.0028146729346976,0.0,0.2205924602118373,0.16666666666666666,User_3490,
4211,3,2,0.0448979591836734,0.0045527199180962,0.0031511979833654,0.2468926954404132,0.3333333333333333,User_4211,
4393,3,2,0.0448979591836734,0.0164024927239506,0.0020295178746359,0.2618119958982382,0.16666666666666666,User_4393,outandin
4454,3,2,0.0448979591836734,0.0125028125121572,0.0030880369882918,0.2747051689803305,0.16666666666666666,User_4454,outandin
4596,3,2,0.0448979591836734,0.0376926990151022,0.0,0.2759793116935974,0.16666666666666666,User_4596,outandin
4603,3,2,0.0448979591836734,0.0166751528707762,0.000549911695836,0.2558821943856347,0.16666666666666666,User_4603,incoming
4614,3,2,0.0448979591836734,0.0363470793023512,0.0,0.2769212206072274,0.16666666666666666,User_4614,incoming
545,3,2,0.0448979591836734,0.0095215956531782,0.0024101293610835,0.2584010115857249,0.3333333333333333,User_545,
3980,3,2,0.0448979591836734,0.016518926303917,0.0021224400145968,0.2585507224846738,0.16666666666666666,User_3980,outgoing
4302,4,2,0.0448979591836734,0.0153947100879756,0.0034552174586776,0.2603608792348582,0.16666666666666666,User_4302,outandin
4354,4,2,0.0448979591836734,0.0283807010919387,0.0006799643174618,0.2752134116611452,0.16666666666666666,User_4354,outandin
4432,4,2,0.0448979591836734,0.009814515232243,0.0061704056934786,0.2689114474290732,0.16666666666666666,User_4432,outandin
4587,4,2,0.0448979591836734,0.0437144966351075,0.0028993784517964,0.2952421746665875,0.16666666666666666,User_4587,incoming
4609,4,2,0.0448979591836734,0.0095180666927544,0.0031110918309578,0.2542059510159766,0.16666666666666666,User_4609,incoming
1352,5,2,0.0448979591836734,0.0026209280024691,0.0062525709584533,0.2320637269935241,0.3333333333333333,User_1352,
3923,6,2,0.0448979591836734,0.0195258315847961,0.0080953048480559,0.2689114474290732,0.16666666666666666,User_3923,outgoing
4235,8,2,0.0448979591836734,0.0632718318812546,0.0056209899616364,0.3035772428629571,0.3333333333333333,User_4235,outgoing
1629,8,2,0.0448979591836734,0.0431436493404572,0.0076905874423123,0.3039908358368849,0.16666666666666666,User_1629,
4231,9,2,0.0448979591836734,0.0524449992516573,0.0106042194031772,0.3058660363321089,0.16666666666666666,User_4231,outgoing
4197,67,2,0.0448979591836734,0.2024964783379893,0.0719569423019739,0.3405254078661175,0.16666666666666666,User_4197,
4213,1,3,0.0405323653962492,0.0019054651088982,0.0,0.2138277656964767,0.5,User_4213,outgoing
4255,1,3,0.0405323653962492,0.0061427229443171,0.0,0.2340721463459465,0.16666666666666666,User_4255,outandin
4293,1,3,0.0405323653962492,0.0115514809034496,0.0,0.248612003904483,0.16666666666666666,User_4293,outandin
4355,1,3,0.0405323653962492,0.0115514809034496,0.0,0.248612003904483,0.16666666666666666,User_4355,incoming
4387,1,3,0.0405323653962492,0.0029682644061204,0.0,0.2335820711900272,0.16666666666666666,User_4387,outandin
4456,1,3,0.0405323653962492,0.0029682644061204,0.0,0.2335820711900272,0.16666666666666666,User_4456,outandin
4491,1,3,0.0405323653962492,0.0087397060736255,0.0,0.2338881273629701,0.16666666666666666,User_4491,outandin
4513,1,3,0.0405323653962492,0.0053185758396466,0.0,0.2311023029562646,0.16666666666666666,User_4513,outandin
4536,1,3,0.0405323653962492,0.0087397060736255,0.0,0.2338881273629701,0.3333333333333333,User_4536,outandin
4569,1,3,0.0405323653962492,0.0061427229443171,0.0,0.2340721463459465,0.16666666666666666,User_4569,incoming
4567,1,3,0.0405323653962492,0.0006219191352356,0.0,0.20512918731719,0.16666666666666666,User_4567,outandin
4620,1,3,0.0405323653962492,0.0008941476267389,0.0,0.1982930668778258,0.16666666666666666,User_4620,outandin
571,1,3,0.0405323653962492,0.0014841322030602,0.0,0.2335820711900272,0.3333333333333333,User_571,outandin
2626,1,3,0.0405323653962492,0.0061427229443171,0.0,0.2340721463459465,0.3333333333333333,User_2626,outandin
822,1,3,0.0405323653962492,0.0001809712412641,0.0,0.1953418896951398,0.5,User_822,outandin
2897,1,3,0.0405323653962492,0.0014841322030602,0.0,0.2335820711900272,0.16666666666666666,User_2897,outgoing
4512,1,3,0.0405323653962492,0.0021137629380668,0.0,0.2127573525666493,0.16666666666666666,User_4512,outandin
1044,1,3,0.0405323653962492,0.0014841322030602,0.0,0.2335820711900272,0.5,User_1044,outandin
3168,1,3,0.0405323653962492,0.0061427229443171,0.0,0.2340721463459465,0.16666666666666666,User_3168,
3311,1,3,0.0405323653962492,0.0029682644061204,0.0,0.2335820711900272,0.16666666666666666,User_3311,outgoing
3449,1,3,0.0405323653962492,0.0014841322030602,0.0,0.2335820711900272,0.16666666666666666,User_3449,outgoing
3470,1,3,0.0405323653962492,0.0003730722263462,0.0,0.2087271033716309,0.5,User_3470,
1562,1,3,0.0405323653962492,0.0014841322030602,0.0,0.2335820711900272,0.3333333333333333,User_1562,outandin
3850,1,3,0.0405323653962492,0.0021137629380668,0.0,0.2127573525666493,0.16666666666666666,User_3850,outgoing
2131,2,3,0.0405323653962492,0.0099835443440969,4.4850702290148655e-05,0.2371193129694723,0.5,User_2131,outandin
2165,2,3,0.0405323653962492,9.753666953597474e-05,0.0014007055416722,0.2016076562044486,0.3333333333333333,User_2165,
4276,2,3,0.0405323653962492,0.0235134107562007,0.0,0.2681036629669853,0.16666666666666666,User_4276,outandin
4351,2,3,0.0405323653962492,0.0143859047287685,0.0014764543078789,0.2663435076147699,0.16666666666666666,User_4351,outandin
4383,2,3,0.0405323653962492,0.003174686006178,0.0,0.2454667475294538,0.16666666666666666,User_4383,outandin
4537,2,3,0.0405323653962492,0.0116202826838821,0.0020864756158873,0.2487505836168043,0.16666666666666666,User_4537,outandin
640,2,3,0.0405323653962492,0.0230003677900319,0.0,0.2716947013750666,0.5,User_640,
2801,2,3,0.0405323653962492,0.0018167781829873,0.0008376202829399,0.2365536957373692,0.3333333333333333,User_2801,outgoing
1257,2,3,0.0405323653962492,0.013590863145127,0.0018475781618016,0.2801371920957608,0.3333333333333333,User_1257,outandin
1744,2,3,0.0405323653962492,0.003645162432566,0.0009245704478114,0.2407653342371443,0.3333333333333333,User_1744,outandin
4139,3,3,0.0405323653962492,0.0309447684442331,0.0001533954904268,0.2782160517509645,0.16666666666666666,User_4139,outgoing
4258,3,3,0.0405323653962492,0.0221966520859734,4.989563813093225e-06,0.2607411901890429,0.16666666666666666,User_4258,incoming
4278,3,3,0.0405323653962492,0.0102881545820024,0.0,0.2605128704077916,0.16666666666666666,User_4278,outandin
215,3,3,0.0405323653962492,0.0142758420846844,0.0017374950554215,0.2729410073446771,1.0,User_215,
4421,3,3,0.0405323653962492,0.0291430907343491,0.0,0.2777830980445359,0.16666666666666666,User_4421,incoming
4439,3,3,0.0405323653962492,0.0317333736251925,0.0002645175511777,0.2868907406033731,0.3333333333333333,User_4439,outandin
550,3,3,0.0405323653962492,0.0096971502804105,0.0021028012911043,0.2653931293538786,0.5,User_550,
687,3,3,0.0405323653962492,0.0047040263566671,0.0030810337058176,0.2441239316239316,0.5,User_687,outgoing
3526,3,3,0.0405323653962492,0.0248248741661059,0.0016497927265699,0.2721088701271628,0.16666666666666666,User_3526,outgoing
1792,3,3,0.0405323653962492,0.0021189537223495,0.0046520101653977,0.2483353071833873,0.3333333333333333,User_1792,outandin
4,4,3,0.0405323653962492,0.015350539253105,0.0075484535346521,0.2725243035166699,0.25,User_4,outgoing
2063,4,3,0.0405323653962492,0.040529991201768,0.0017350285479387,0.2879087400055142,0.3333333333333333,User_2063,
4290,4,3,0.0405323653962492,0.0223262855767197,0.0022232969674464,0.2787373810172061,0.16666666666666666,User_4290,outandin
4375,5,3,0.0405323653962492,0.0439427184691358,0.0006144475359815,0.2929166701729879,0.16666666666666666,User_4375,outandin
4565,5,3,0.0405323653962492,0.0161647200840355,0.0025529325675589,0.2596035759212025,0.16666666666666666,User_4565,incoming
4450,6,3,0.0405323653962492,0.0274693936935815,0.004470026924918,0.2719430511935082,0.16666666666666666,User_4450,outandin
3828,6,3,0.0405323653962492,0.0247630734405957,0.0024729133113728,0.2736942943934664,0.3333333333333333,User_3828,
4279,7,3,0.0405323653962492,0.0152976830259503,0.0079672358957952,0.2846944478523425,0.3333333333333333,User_4279,incoming
4419,7,3,0.0405323653962492,0.0691248365537038,0.0024223894315503,0.302650760941707,0.3333333333333333,User_4419,incoming
57,8,3,0.0405323653962492,0.0270523819175284,0.0011040330640732,0.2875377235879813,0.4166666666666667,User_57,
3976,23,3,0.0405323653962492,0.0798285065135349,0.0185199167252255,0.3077645151783083,0.3333333333333333,User_3976,outgoing
3699,29,3,0.0405323653962492,0.1501225155215749,0.0190017656442595,0.3334019775932365,0.3333333333333333,User_3699,
3837,31,3,0.0405323653962492,0.1135759161470601,0.0173082796665722,0.3074464671088853,0.25,User_3837,incoming
2296,33,3,0.0405323653962492,0.0385746803425791,0.0512797849159583,0.3069178452603487,0.16666666666666666,User_2296,
36,1,4,0.0524390243902439,0.0030995675059572,0.0,0.2387686179821011,0.25,User_36,outgoing
4210,1,4,0.0524390243902439,0.0030995675059572,0.0,0.2387686179821011,0.16666666666666666,User_4210,outgoing
4294,1,4,0.0524390243902439,0.0061991350119145,0.0,0.2387686179821011,0.16666666666666666,User_4294,outandin
4343,1,4,0.0524390243902439,0.0061991350119145,0.0,0.2387686179821011,0.16666666666666666,User_4343,outandin
4349,1,4,0.0524390243902439,0.0030995675059572,0.0,0.2387686179821011,0.16666666666666666,User_4349,outandin
4369,1,4,0.0524390243902439,4.5003996725551435e-05,0.0,0.1740817425428309,0.16666666666666666,User_4369,outandin
4373,1,4,0.0524390243902439,0.0030995675059572,0.0,0.2387686179821011,0.16666666666666666,User_4373,outandin
4436,1,4,0.0524390243902439,0.0061991350119145,0.0,0.2387686179821011,0.16666666666666666,User_4436,outandin
4446,1,4,0.0524390243902439,0.0030995675059572,0.0,0.2387686179821011,0.16666666666666666,User_4446,outandin
4498,1,4,0.0524390243902439,0.0030995675059572,0.0,0.2387686179821011,0.16666666666666666,User_4498,outandin
4542,1,4,0.0524390243902439,0.0030995675059572,0.0,0.2387686179821011,0.16666666666666666,User_4542,outandin
4602,1,4,0.0524390243902439,0.0029781951778519,0.0,0.2210294933177548,0.16666666666666666,User_4602,outandin
4612,1,4,0.0524390243902439,0.0030995675059572,0.0,0.2387686179821011,0.3333333333333333,User_4612,outandin
4640,1,4,0.0524390243902439,0.0061991350119145,0.0,0.2387686179821011,0.16666666666666666,User_4640,outandin
4665,1,4,0.0524390243902439,0.0022812293863804,0.0,0.2215782259228138,0.16666666666666666,User_4665,incoming
4671,1,4,0.0524390243902439,0.0030995675059572,0.0,0.2387686179821011,0.16666666666666666,User_4671,outandin
4699,1,4,0.0524390243902439,0.0022812293863804,0.0,0.2215782259228138,0.16666666666666666,User_4699,incoming
4692,1,4,0.0524390243902439,0.0005427416577895,0.0,0.2010173635173635,0.16666666666666666,User_4692,outandin
872,1,4,0.0524390243902439,0.0061991350119145,0.0,0.2387686179821011,0.3333333333333333,User_872,incoming
4670,1,4,0.0524390243902439,0.0022812293863804,0.0,0.2215782259228138,0.16666666666666666,User_4670,outandin
3300,1,4,0.0524390243902439,0.0030995675059572,0.0,0.2387686179821011,0.16666666666666666,User_3300,outgoing
3489,1,4,0.0524390243902439,0.0030995675059572,0.0,0.2387686179821011,0.16666666666666666,User_3489,outgoing
3743,1,4,0.0524390243902439,0.0030995675059572,0.0,0.2387686179821011,0.16666666666666666,User_3743,
3806,1,4,0.0524390243902439,0.0030995675059572,0.0,0.2387686179821011,0.16666666666666666,User_3806,outgoing
1829,1,4,0.0524390243902439,0.0014890975889259,0.0,0.2210294933177548,0.5,User_1829,
4017,1,4,0.0524390243902439,0.0061991350119145,0.0,0.2387686179821011,0.16666666666666666,User_4017,outgoing
4219,2,4,0.0524390243902439,0.026231238395826,0.0,0.2710346474391418,0.16666666666666666,User_4219,outgoing
4457,2,4,0.0524390243902439,0.0069695248838206,0.0,0.2404410274830533,0.16666666666666666,User_4457,incoming
2470,2,4,0.0524390243902439,0.0067897203402708,0.0,0.2433916264022617,0.3333333333333333,User_2470,
4555,2,4,0.0524390243902439,0.0053807968923376,0.0001953795640429,0.2480592256856848,0.16666666666666666,User_4555,outandin
4641,2,4,0.0524390243902439,0.0209728396944897,0.0,0.2717774342317582,0.16666666666666666,User_4641,incoming
115,3,4,0.0524390243902439,0.0050868897335629,0.0059803565114498,0.2540612280151135,0.5833333333333334,User_115,outgoing
4461,3,4,0.0524390243902439,0.0175691966939847,0.0006046210782534,0.2722748914024082,0.16666666666666666,User_4461,incoming
4674,3,4,0.0524390243902439,0.0160704837646485,7.341968126281851e-05,0.2608936258453943,0.16666666666666666,User_4674,outandin
1947,3,4,0.0524390243902439,0.0005848643806614,0.002662804271861,0.2117980764160166,0.3333333333333333,User_1947,
3750,4,4,0.0524390243902439,0.010011956638718,0.0018840558017819,0.2644495093383982,0.3333333333333333,User_3750,
4601,5,4,0.0524390243902439,0.0387061055935644,0.0041706659353718,0.2856054700854701,0.16666666666666666,User_4601,incoming
4687,5,4,0.0524390243902439,0.0070533966346783,0.0036830866711188,0.2530527626926833,0.16666666666666666,User_4687,incoming
4499,6,4,0.0524390243902439,0.0305556436391121,0.0025614640424703,0.2907221804615941,0.25,User_4499,incoming
4635,13,4,0.0524390243902439,0.0296461652268905,0.0099533548682287,0.2865223415785213,0.3333333333333333,User_4635,incoming
35,58,4,0.0524390243902439,0.0805610698070862,0.0788999949536938,0.3159352545193253,0.25,User_35,
178,1,5,0.1428571428571428,0.0003062502219829,0.0,0.213062089762973,0.5,User_178,outgoing
4298,1,5,0.1428571428571428,0.0016596793792503,0.0,0.2312220450821487,0.16666666666666666,User_4298,outandin
4346,1,5,0.1428571428571428,0.0033193587585007,0.0,0.2312220450821487,0.16666666666666666,User_4346,outandin
4636,1,5,0.1428571428571428,0.0016596793792503,0.0,0.2312220450821487,0.16666666666666666,User_4636,incoming
2733,1,5,0.1428571428571428,0.0007595409519919,0.0,0.2331549357411426,0.16666666666666666,User_2733,outgoing
2877,1,5,0.1428571428571428,5.879249114860725e-05,0.0,0.1883344785855863,0.5,User_2877,outandin
3025,1,5,0.1428571428571428,0.0016596793792503,0.0,0.2312220450821487,0.3333333333333333,User_3025,outandin
3341,1,5,0.1428571428571428,0.0016596793792503,0.0,0.2312220450821487,0.16666666666666666,User_3341,outgoing
3342,1,5,0.1428571428571428,0.0002062166326052,0.0,0.1958562857180368,0.16666666666666666,User_3342,
2046,1,5,0.1428571428571428,0.0003062502219829,0.0,0.213062089762973,0.3333333333333333,User_2046,incoming
4404,2,5,0.1428571428571428,0.0090465317205379,0.0015100893703303,0.2657882948234348,0.16666666666666666,User_4404,outandin
630,2,5,0.1428571428571428,0.0007640651717048,0.0020864756158873,0.2332768149548076,0.3333333333333333,User_630,incoming
2763,2,5,0.1428571428571428,0.0037773080916083,0.0001419189910176,0.25113030219952,0.16666666666666666,User_2763,outgoing
3214,2,5,0.1428571428571428,0.0004161860506692,7.415509060922474e-05,0.1999366250038293,0.3333333333333333,User_3214,outgoing
4131,3,5,0.1428571428571428,0.0160406609598844,0.0030826574929115,0.2816399791786348,0.3333333333333333,User_4131,outgoing
3793,4,5,0.1428571428571428,0.0014188333652654,1.042195612331359e-06,0.2192378025097258,0.16666666666666666,User_3793,
3794,4,5,0.1428571428571428,0.0014188333652654,1.042195612331359e-06,0.2192378025097258,0.16666666666666666,User_3794,
3795,4,5,0.1428571428571428,0.0014188333652654,1.042195612331359e-06,0.2192378025097258,0.16666666666666666,User_3795,
3219,5,5,0.1428571428571428,0.0053601373790653,0.0028661178102327,0.2449278523647349,0.3333333333333333,User_3219,outgoing
3786,5,5,0.1428571428571428,0.0021783743172574,0.000164017180321,0.2414165793933173,0.16666666666666666,User_3786,
3787,5,5,0.1428571428571428,0.0021783743172574,0.000164017180321,0.2414165793933173,0.16666666666666666,User_3787,
3788,5,5,0.1428571428571428,0.0021783743172574,0.000164017180321,0.2414165793933173,0.16666666666666666,User_3788,
3789,5,5,0.1428571428571428,0.0021783743172574,0.000164017180321,0.2414165793933173,0.16666666666666666,User_3789,
3790,5,5,0.1428571428571428,0.0021783743172574,0.000164017180321,0.2414165793933173,0.16666666666666666,User_3790,
3791,5,5,0.1428571428571428,0.0021783743172574,0.000164017180321,0.2414165793933173,0.16666666666666666,User_3791,
3792,5,5,0.1428571428571428,0.0021783743172574,0.000164017180321,0.2414165793933173,0.16666666666666666,User_3792,
1318,12,5,0.1428571428571428,0.0085045713993199,0.0127952054861464,0.2717774342317582,0.6666666666666666,User_1318,outgoing
1363,12,5,0.1428571428571428,0.0079597611181705,0.0091441777510325,0.2724411153898333,0.3333333333333333,User_1363,
3757,15,5,0.1428571428571428,0.006062595341343,0.0050557090519317,0.2670607702026014,0.16666666666666666,User_3757,outgoing
3759,15,5,0.1428571428571428,0.0080285249425764,0.0024871879624587,0.2670607702026014,0.16666666666666666,User_3759,outgoing
3756,16,5,0.1428571428571428,0.0113933997689743,0.0059338328976564,0.282085048677969,0.16666666666666666,User_3756,outgoing
3760,16,5,0.1428571428571428,0.0113933997689743,0.0059338328976564,0.282085048677969,0.16666666666666666,User_3760,outgoing
3744,21,5,0.1428571428571428,0.0197413824712159,0.0482833535140907,0.3061808212751609,0.5,User_3744,
2028,22,5,0.1428571428571428,0.0361322396172585,0.0603657249514535,0.3260932020522813,0.3333333333333333,User_2028,
2388,25,5,0.1428571428571428,0.0431367172029946,0.0236942373356569,0.3028561567753967,0.3333333333333333,User_2388,
2056,1,6,1.0,5.398956261332743e-21,0.0,0.001068376068376,0.5,User_2056,
330,1,6,1.0,5.398956261332743e-21,0.0,0.001068376068376,0.3333333333333333,User_330,outgoing
2351,1,7,1.0,1.6236208809066661e-24,0.0,0.001068376068376,0.16666666666666666,User_2351,outgoing
1377,1,7,1.0,1.6236208809066661e-24,0.0,0.001068376068376,0.3333333333333333,User_1377,outandin
4324,1,8,1.0,1.6236208809066661e-24,0.0,0.001068376068376,0.16666666666666666,User_4324,outandin
1639,1,8,1.0,1.6236208809066661e-24,0.0,0.001068376068376,0.75,User_1639,
2252,1,9,1.0,1.6236208809066661e-24,0.0,0.001068376068376,0.6666666666666666,User_2252,
1958,1,9,1.0,1.6236208809066661e-24,0.0,0.001068376068376,0.6666666666666666,User_1958,outandin
4232,1,10,1.0,1.6236208809066661e-24,0.0,0.001068376068376,0.16666666666666666,User_4232,outgoing
2042,1,10,1.0,1.6236208809066661e-24,0.0,0.001068376068376,0.5,User_2042,outgoing
4329,1,11,0.1428571428571428,0.0001412943390249,0.0,0.1879774839968605,0.16666666666666666,User_4329,outandin
4335,1,11,0.1428571428571428,0.0001412943390249,0.0,0.1879774839968605,0.5,User_4335,outandin
4368,1,11,0.1428571428571428,0.0001412943390249,0.0,0.1879774839968605,0.16666666666666666,User_4368,outandin
4390,1,11,0.1428571428571428,0.0001412943390249,0.0,0.1879774839968605,0.16666666666666666,User_4390,outandin
929,1,11,0.1428571428571428,0.0003458770096693,0.0,0.2035851035622933,0.5,User_929,outgoing
3641,1,11,0.1428571428571428,0.0007960754793587,0.0,0.2208654031222702,0.3333333333333333,User_3641,outgoing
4547,1,11,0.1428571428571428,0.0029515918090861,0.0,0.2182727058002186,0.16666666666666666,User_4547,outandin
4550,1,11,0.1428571428571428,0.001475795904543,0.0,0.2182727058002186,0.16666666666666666,User_4550,outandin
625,2,11,0.1428571428571428,0.0078094591643591,7.3574672505153804e-06,0.2405058189213403,0.3333333333333333,User_625,
6,3,11,0.1428571428571428,0.0027517250344165,0.0049832862192222,0.2536280460406632,0.4166666666666667,User_6,outgoing
2244,7,11,0.1428571428571428,0.0018362962856201,0.0084329862024189,0.2327293595872474,0.16666666666666666,User_2244,outgoing
4546,7,11,0.1428571428571428,0.0089898128649335,0.0034508697520072,0.257135434749955,0.16666666666666666,User_4546,incoming
4304,9,11,0.1428571428571428,0.0206909838109807,0.0033904981317735,0.2853315517957461,0.3333333333333333,User_4304,incoming
4543,9,11,0.1428571428571428,0.0383612665140565,0.004620036978329,0.2810192361514779,0.16666666666666666,User_4543,outandin
2113,1,12,1.0,5.398956261332743e-21,0.0,0.001068376068376,0.16666666666666666,User_2113,
4317,1,12,1.0,5.398956261332743e-21,0.0,0.001068376068376,0.16666666666666666,User_4317,incoming
4243,1,13,0.0705645161290322,8.618961370485272e-05,0.0,0.188732732928123,0.16666666666666666,User_4243,outgoing
4250,1,13,0.0705645161290322,0.0063912908996334,0.0,0.2383859759661041,0.16666666666666666,User_4250,outandin
216,1,13,0.0705645161290322,0.0002278764083226,0.0,0.200295577651951,0.8333333333333334,User_216,outandin
4314,1,13,0.0705645161290322,0.0004557528166453,0.0,0.200295577651951,0.16666666666666666,User_4314,outandin
4323,1,13,0.0705645161290322,0.0004557528166453,0.0,0.200295577651951,0.16666666666666666,User_4323,outandin
4427,1,13,0.0705645161290322,0.0005984775414359,0.0,0.2007912472479401,0.16666666666666666,User_4427,incoming
2618,1,13,0.0705645161290322,0.001775101256092,0.0,0.2462116121426465,0.5,User_2618,outandin
4564,1,13,0.0705645161290322,0.0007345109215703,0.0,0.2032605543195386,0.16666666666666666,User_4564,outandin
2731,1,13,0.0705645161290322,0.0004557528166453,0.0,0.200295577651951,0.5833333333333334,User_2731,outandin
4321,1,13,0.0705645161290322,0.0001682375990487,0.0,0.1820720306032423,0.16666666666666666,User_4321,outandin
2164,2,13,0.0705645161290322,0.0011568338360016,5.8258185114988486e-05,0.223744571074729,0.3333333333333333,User_2164,outandin
4227,2,13,0.0705645161290322,0.0021865988457673,0.0020864756158873,0.223744571074729,0.16666666666666666,User_4227,outgoing
4264,2,13,0.0705645161290322,0.0114946347249085,6.901606551956201e-06,0.2653142372226795,0.3333333333333333,User_4264,outandin
2512,2,13,0.0705645161290322,0.0018196050993396,0.0011013524509544,0.2463475280201749,0.3333333333333333,User_2512,outgoing
493,2,13,0.0705645161290322,0.0004688289841578,0.0,0.2039106908880726,0.5,User_493,outgoing
3405,2,13,0.0705645161290322,0.0096929254565012,0.0,0.2590760795405207,0.16666666666666666,User_3405,
1656,2,13,0.0705645161290322,0.0058877047254416,0.0004099881182688,0.267621317546355,0.16666666666666666,User_1656,
2839,3,13,0.0705645161290322,0.0077781208097842,0.0020864756158873,0.2526945339799247,0.16666666666666666,User_2839,outgoing
4277,3,13,0.0705645161290322,0.0092460908238849,0.0001385064814205,0.2541335689114732,0.16666666666666666,User_4277,outandin
3185,3,13,0.0705645161290322,0.0215815529415621,0.0,0.2851492313153655,0.3333333333333333,User_3185,outandin
3854,3,13,0.0705645161290322,0.03032782929097,5.843557314145549e-05,0.2831589765282659,0.16666666666666666,User_3854,
3903,3,13,0.0705645161290322,0.0160739820610905,0.0004690987079638,0.2669010448615712,0.5,User_3903,
4563,4,13,0.0705645161290322,0.0095464728207234,0.0031237869118296,0.25661791087323,0.16666666666666666,User_4563,outandin
3397,4,13,0.0705645161290322,0.004972752840272,0.000816702413539,0.2532681878595613,0.16666666666666666,User_3397,outgoing
1670,4,13,0.0705645161290322,0.0157780027432386,0.0031909231324917,0.2712817914945574,0.3333333333333333,User_1670,outgoing
4252,5,13,0.0705645161290322,0.0335768588473669,0.0007252028989745,0.2876303880171105,0.16666666666666666,User_4252,outandin
1098,5,13,0.0705645161290322,0.0022401833960501,0.0036496952053519,0.2338881273629701,0.6666666666666666,User_1098,outgoing
3451,5,13,0.0705645161290322,0.0108082636475377,0.0005242249410231,0.2644495093383982,0.3333333333333333,User_3451,
1953,7,13,0.0705645161290322,0.0059225427009021,0.0086536380988144,0.2519099898439441,0.25,User_1953,
4236,11,13,0.0705645161290322,0.028246910729976,0.007834614617985,0.2899665672570156,0.16666666666666666,User_4236,
4217,14,13,0.0705645161290322,0.0830632952276139,0.0092660282032841,0.3152656637291042,0.16666666666666666,User_4217,
13,21,13,0.0705645161290322,0.0461382210703865,0.0413225133312613,0.3290992234576305,0.5,User_13,
4157,1,14,0.0460030165912518,6.552947481867186e-07,0.0,0.1530904106375804,0.16666666666666666,User_4157,outgoing
4257,1,14,0.0460030165912518,0.005200494520388,0.0,0.2368675939535812,0.16666666666666666,User_4257,outandin
4310,1,14,0.0460030165912518,0.0004382751731039,0.0,0.2217984826086217,0.16666666666666666,User_4310,outandin
4352,1,14,0.0460030165912518,3.1089578721098685e-05,0.0,0.188135981032271,0.16666666666666666,User_4352,outandin
4378,1,14,0.0460030165912518,0.005200494520388,0.0,0.2368675939535812,0.16666666666666666,User_4378,outandin
4425,1,14,0.0460030165912518,0.005200494520388,0.0,0.2368675939535812,0.16666666666666666,User_4425,outandin
4426,1,14,0.0460030165912518,2.3767574797645018e-07,0.0,0.1362621517583349,0.16666666666666666,User_4426,outandin
4429,1,14,0.0460030165912518,1.1883787398822509e-07,0.0,0.1362621517583349,0.16666666666666666,User_4429,outandin
455,1,14,0.0460030165912518,0.0004382751731039,0.0,0.2217984826086217,0.3333333333333333,User_455,outgoing
492,1,14,0.0460030165912518,5.9408833515331806e-05,0.0,0.1762822622984582,0.5,User_492,outandin
4618,1,14,0.0460030165912518,0.0004382751731039,0.0,0.2217984826086217,0.3333333333333333,User_4618,incoming
2726,1,14,0.0460030165912518,0.0007293977057377,0.0,0.2154277320823302,0.3333333333333333,User_2726,outandin
1154,1,14,0.0460030165912518,0.0004382751731039,0.0,0.2217984826086217,1.0,User_1154,outgoing
4311,1,14,0.0460030165912518,0.0004382751731039,0.0,0.2217984826086217,0.16666666666666666,User_4311,outandin
4327,1,14,0.0460030165912518,0.003777790219989,0.0,0.2382587010189786,0.16666666666666666,User_4327,outandin
3543,1,14,0.0460030165912518,0.0004382751731039,0.0,0.2217984826086217,0.16666666666666666,User_3543,outgoing
4403,1,14,0.0460030165912518,0.0003074860801638,0.0,0.1921871434145336,0.16666666666666666,User_4403,outandin
3724,1,14,0.0460030165912518,0.0001188176670306,0.0,0.1762822622984582,0.16666666666666666,User_3724,outgoing
1747,1,14,0.0460030165912518,0.0018888951099945,0.0,0.2382587010189786,0.3333333333333333,User_1747,outandin
1809,1,14,0.0460030165912518,0.0007293977057377,0.0,0.2154277320823302,0.3333333333333333,User_1809,outandin
4460,1,14,0.0460030165912518,1.68862537032786e-05,0.0,0.1808545276630383,0.16666666666666666,User_4460,incoming
2127,2,14,0.0460030165912518,0.0004578331063741,0.0,0.221908775240451,0.16666666666666666,User_2127,
4245,2,14,0.0460030165912518,0.0033369050350169,7.08478001291569e-05,0.2397306188603529,0.16666666666666666,User_4245,outandin
4308,2,14,0.0460030165912518,0.000438924916175,0.0020864756158873,0.221908775240451,0.16666666666666666,User_4308,incoming
2313,2,14,0.0460030165912518,0.0031299953407992,0.0013029974358365,0.2408303005982444,0.3333333333333333,User_2313,incoming
4407,2,14,0.0460030165912518,0.0011840364263717,0.0,0.2221849873082136,0.16666666666666666,User_4407,outandin
4479,2,14,0.0460030165912518,0.0008863293128429,0.0,0.221908775240451,0.16666666666666666,User_4479,outandin
1289,2,14,0.0460030165912518,0.000321683029983,3.3794007265748902e-06,0.2051763434522055,0.5,User_1289,outgoing
1317,2,14,0.0460030165912518,0.0033896269457046,0.001612840755805,0.2490282070360195,0.16666666666666666,User_1317,outgoing
3366,2,14,0.0460030165912518,0.0004389304678521,0.0096293079109211,0.2223510448473079,0.3333333333333333,User_3366,
3389,2,14,0.0460030165912518,0.0148925223496058,0.0018494614111595,0.2581021093166842,0.16666666666666666,User_3389,
4348,2,14,0.0460030165912518,0.0038586945274994,0.0,0.2384496644448554,0.16666666666666666,User_4348,outandin
1948,2,14,0.0460030165912518,3.132725446907514e-05,0.0007459377584422,0.1885333954408732,0.3333333333333333,User_1948,
4356,3,14,0.0460030165912518,0.0021027081108315,0.0013710547095496,0.2392807222565935,0.16666666666666666,User_4356,outandin
4416,3,14,0.0460030165912518,0.0088985756178989,9.386846897762194e-05,0.253340077779476,0.16666666666666666,User_4416,incoming
1201,3,14,0.0460030165912518,0.0016984558839154,0.000571532772041,0.2249854030796808,0.3333333333333333,User_1201,
3572,3,14,0.0460030165912518,0.0025618515672762,0.0022803613244316,0.2494458060416696,0.16666666666666666,User_3572,
3813,3,14,0.0460030165912518,0.0010300010627401,0.001556439052163,0.218754189710072,0.3333333333333333,User_3813,outgoing
4086,3,14,0.0460030165912518,1.703051450788361e-05,0.0075725411482719,0.1815165942682721,0.16666666666666666,User_4086,outgoing
4222,4,14,0.0460030165912518,0.0002541587522702,0.0007548305206996,0.1981170020015747,0.3333333333333333,User_4222,outandin
2194,4,14,0.0460030165912518,0.0041262106835731,0.0034406408954575,0.2580274917655663,0.3333333333333333,User_2194,
3593,4,14,0.0460030165912518,3.0889370691286036e-06,0.0041752365281777,0.1583319308172953,0.16666666666666666,User_3593,outgoing
1615,4,14,0.0460030165912518,0.000790830270766,0.0021460651439582,0.2249854030796808,0.16666666666666666,User_1615,
4392,5,14,0.0460030165912518,0.0015441273783327,0.0042048341583754,0.215064360004119,0.16666666666666666,User_4392,outandin
2552,6,14,0.0460030165912518,0.0503064390891437,6.209933400390005e-05,0.2883738591331483,0.3333333333333333,User_2552,
1185,6,14,0.0460030165912518,0.0008080936779026,0.0089085185575905,0.2329723555252137,0.5,User_1185,
4315,6,14,0.0460030165912518,0.0039960919668406,0.0052752468677593,0.2392165891227805,0.16666666666666666,User_4315,incoming
4269,7,14,0.0460030165912518,0.0373784651883665,0.0062225274431709,0.287445118846085,0.16666666666666666,User_4269,outandin
4297,8,14,0.0460030165912518,0.0189580204001229,0.0052755275816865,0.2763210817390384,0.16666666666666666,User_4297,outandin
4238,10,14,0.0460030165912518,0.0490986277239506,0.008986517266117,0.3150430970762775,0.3333333333333333,User_4238,outgoing
2167,14,14,0.0460030165912518,0.0675870308971462,0.0081234434030021,0.3126154444893499,0.5,User_2167,incoming
3445,22,14,0.0460030165912518,0.0113910840222938,0.0500710719418112,0.2868907406033731,0.16666666666666666,User_3445,
4097,1,15,0.0273267326732673,0.0019703578627476,0.0,0.2324868700226866,0.16666666666666666,User_4097,outgoing
37,1,15,0.0273267326732673,0.0008383967281026,0.0,0.2155317783185448,0.4166666666666667,User_37,outandin
39,1,15,0.0273267326732673,2.949133058649713e-06,0.0,0.1539618930510771,0.75,User_39,outandin
4195,1,15,0.0273267326732673,0.0003705789873065,0.0,0.1888925066702844,0.16666666666666666,User_4195,
4207,1,15,0.0273267326732673,8.308455040359014e-05,0.0,0.1950857036102938,0.16666666666666666,User_4207,outandin
4261,1,15,0.0273267326732673,0.0002728077014481,0.0,0.1912809888592143,0.16666666666666666,User_4261,outandin
2235,1,15,0.0273267326732673,3.854092519005605e-05,0.0,0.1811849561545054,0.16666666666666666,User_2235,outgoing
4299,1,15,0.0273267326732673,0.0008383967281026,0.0,0.2155317783185448,0.16666666666666666,User_4299,outandin
4319,1,15,0.0273267326732673,0.0008383967281026,0.0,0.2155317783185448,0.16666666666666666,User_4319,outandin
4526,1,15,0.0273267326732673,1.9270462595028025e-05,0.0,0.1811849561545054,0.16666666666666666,User_4526,outandin
4463,1,15,0.0273267326732673,0.0001534415532399,0.0,0.1879774839968605,0.3333333333333333,User_4463,outandin
4464,1,15,0.0273267326732673,1.378082447571423e-05,0.0,0.1720017525567727,0.16666666666666666,User_4464,outandin
4465,1,15,0.0273267326732673,1.378082447571423e-05,0.0,0.1720017525567727,0.16666666666666666,User_4465,outandin
2419,1,15,0.0273267326732673,6.698752543638052e-05,0.0,0.1896551411001049,0.3333333333333333,User_2419,outandin
4466,1,15,0.0273267326732673,1.378082447571423e-05,0.0,0.1720017525567727,0.16666666666666666,User_4466,incoming
4468,1,15,0.0273267326732673,1.378082447571423e-05,0.0,0.1720017525567727,0.16666666666666666,User_4468,outandin
4469,1,15,0.0273267326732673,1.378082447571423e-05,0.0,0.1720017525567727,0.16666666666666666,User_4469,outandin
4470,1,15,0.0273267326732673,1.378082447571423e-05,0.0,0.1720017525567727,0.16666666666666666,User_4470,outandin
4471,1,15,0.0273267326732673,1.378082447571423e-05,0.0,0.1720017525567727,0.16666666666666666,User_4471,outandin
4472,1,15,0.0273267326732673,1.378082447571423e-05,0.0,0.1720017525567727,0.16666666666666666,User_4472,outandin
4473,1,15,0.0273267326732673,1.378082447571423e-05,0.0,0.1720017525567727,0.16666666666666666,User_4473,outandin
4474,1,15,0.0273267326732673,1.378082447571423e-05,0.0,0.1720017525567727,0.16666666666666666,User_4474,incoming
4475,1,15,0.0273267326732673,1.378082447571423e-05,0.0,0.1720017525567727,0.16666666666666666,User_4475,outandin
4476,1,15,0.0273267326732673,1.378082447571423e-05,0.0,0.1720017525567727,0.16666666666666666,User_4476,outandin
4506,1,15,0.0273267326732673,1.378082447571423e-05,0.0,0.1720017525567727,0.16666666666666666,User_4506,incoming
4507,1,15,0.0273267326732673,1.378082447571423e-05,0.0,0.1720017525567727,0.16666666666666666,User_4507,incoming
415,1,15,0.0273267326732673,2.949133058649713e-06,0.0,0.1539618930510771,0.6666666666666666,User_415,
436,1,15,0.0273267326732673,0.0039407157254952,0.0,0.2324868700226866,0.5,User_436,outgoing
4557,1,15,0.0273267326732673,0.0027096871715137,0.0,0.2292031571692588,0.16666666666666666,User_4557,incoming
4572,1,15,0.0273267326732673,0.0039407157254952,0.0,0.2324868700226866,0.16666666666666666,User_4572,outandin
4650,1,15,0.0273267326732673,0.0002728077014481,0.0,0.1912809888592143,0.16666666666666666,User_4650,incoming
4690,1,15,0.0273267326732673,0.0039407157254952,0.0,0.2324868700226866,0.16666666666666666,User_4690,outandin
2693,1,15,0.0273267326732673,1.548379215190847e-06,0.0,0.1517628114295347,0.16666666666666666,User_2693,outgoing
2851,1,15,0.0273267326732673,2.39959079337695e-05,0.0,0.1729349145547556,0.5,User_2851,
2878,1,15,0.0273267326732673,0.0039407157254952,0.0,0.2324868700226866,0.16666666666666666,User_2878,
2913,1,15,0.0273267326732673,0.0004191983640513,0.0,0.2155317783185448,0.16666666666666666,User_2913,outgoing
4653,1,15,0.0273267326732673,0.0013548435857568,0.0,0.2292031571692588,0.16666666666666666,User_4653,outandin
2952,1,15,0.0273267326732673,1.378082447571423e-05,0.0,0.1720017525567727,0.16666666666666666,User_2952,outgoing
2966,1,15,0.0273267326732673,0.0027096871715137,0.0,0.2292031571692588,0.3333333333333333,User_2966,outandin
3043,1,15,0.0273267326732673,0.0001534415532399,0.0,0.1879774839968605,0.16666666666666666,User_3043,outgoing
4289,1,15,0.0273267326732673,0.0015603869787168,0.0,0.2314018911115099,0.16666666666666666,User_4289,incoming
3207,1,15,0.0273267326732673,0.0004191983640513,0.0,0.2155317783185448,0.3333333333333333,User_3207,outandin
4306,1,15,0.0273267326732673,0.0039407157254952,0.0,0.2324868700226866,0.16666666666666666,User_4306,outandin
4316,1,15,0.0273267326732673,0.0039407157254952,0.0,0.2324868700226866,0.6666666666666666,User_4316,outandin
3357,1,15,0.0273267326732673,1.378082447571423e-05,0.0,0.1720017525567727,0.3333333333333333,User_3357,incoming
3363,1,15,0.0273267326732673,0.0003561176441535,0.0,0.2138277656964767,0.3333333333333333,User_3363,outandin
4359,1,15,0.0273267326732673,2.39959079337695e-05,0.0,0.1729349145547556,0.16666666666666666,User_4359,incoming
3522,1,15,0.0273267326732673,1.378082447571423e-05,0.0,0.1720017525567727,0.16666666666666666,User_3522,outgoing
4372,1,15,0.0273267326732673,0.0015603869787168,0.0,0.2314018911115099,0.16666666666666666,User_4372,outandin
4541,1,15,0.0273267326732673,0.0003561176441535,0.0,0.2138277656964767,0.3333333333333333,User_4541,outandin
3847,1,15,0.0273267326732673,0.0001367176389376,0.0,0.1916918157253208,0.3333333333333333,User_3847,outgoing
3872,1,15,0.0273267326732673,0.0019703578627476,0.0,0.2324868700226866,0.16666666666666666,User_3872,
3880,1,15,0.0273267326732673,1.378082447571423e-05,0.0,0.1720017525567727,0.16666666666666666,User_3880,
4441,1,15,0.0273267326732673,0.0039407157254952,0.0,0.2324868700226866,0.16666666666666666,User_4441,outandin
3995,1,15,0.0273267326732673,3.787019789133399e-05,0.0,0.1825935135059521,0.16666666666666666,User_3995,outgoing
4477,1,15,0.0273267326732673,1.378082447571423e-05,0.0,0.1720017525567727,0.3333333333333333,User_4477,outandin
4188,2,15,0.0273267326732673,0.0004222221075645,6.069391096129065e-05,0.1924772684962462,0.16666666666666666,User_4188,
4322,2,15,0.0273267326732673,0.0039785859233865,0.0003424694870531,0.2359907704963231,0.16666666666666666,User_4322,incoming
4364,2,15,0.0273267326732673,0.0046599544846741,0.0081645098894036,0.2597546839397829,0.16666666666666666,User_4364,outandin
4529,2,15,0.0273267326732673,0.0003698984686292,0.0052458238684811,0.2175279293241759,0.16666666666666666,User_4529,incoming
4540,2,15,0.0273267326732673,0.0023264755069011,0.0,0.2405058189213403,0.3333333333333333,User_4540,incoming
4296,2,15,0.0273267326732673,0.0040077032509316,0.0003047053382737,0.233949434866866,0.25,User_4296,outandin
4523,2,15,0.0273267326732673,0.0030802661588203,1.2035894388835565e-05,0.2294388416496385,0.3333333333333333,User_4523,outandin
3513,2,15,0.0273267326732673,0.0011791184751382,0.0003231651123135,0.2293798751007694,0.3333333333333333,User_3513,outgoing
4399,2,15,0.0273267326732673,0.0011513570244121,0.0026000586572872,0.2273928901954379,0.16666666666666666,User_4399,outandin
3776,2,15,0.0273267326732673,0.0034064171015997,0.003900892101537,0.2554427859236102,0.16666666666666666,User_3776,
1922,2,15,0.0273267326732673,0.0004207467432665,0.0023757889619205,0.2159489702436714,0.5,User_1922,outandin
3986,2,15,0.0273267326732673,0.0015796574413119,0.0017177536382939,0.2327900610373224,0.5,User_3986,
4179,3,15,0.0273267326732673,4.024190937506522e-05,0.0021918027784129,0.1796531992788031,0.3333333333333333,User_4179,
4265,3,15,0.0273267326732673,0.0284269853110769,0.0001258027062394,0.2828897286900456,0.16666666666666666,User_4265,outandin
4504,3,15,0.0273267326732673,0.0004279319937915,0.0009217926460308,0.2163153402852869,0.16666666666666666,User_4504,incoming
4514,3,15,0.0273267326732673,0.0051748842379502,0.0001889479893654,0.2341335503717455,0.16666666666666666,User_4514,outandin
4556,3,15,0.0273267326732673,0.0207566163126217,0.0070941651401944,0.2851492313153655,0.3333333333333333,User_4556,outandin
4288,3,15,0.0273267326732673,0.0029392264724075,0.0047845067331842,0.2493064508427636,0.16666666666666666,User_4288,incoming
1217,3,15,0.0273267326732673,3.832401029809207e-05,0.0041706659353718,0.1827430577430577,0.3333333333333333,User_1217,
1272,3,15,0.0273267326732673,0.0266477898859897,0.0001251101524164,0.2826209924056662,0.6666666666666666,User_1272,
3353,3,15,0.0273267326732673,0.0019939690720987,0.0041706659353718,0.2327293595872474,0.16666666666666666,User_3353,
3830,3,15,0.0273267326732673,0.0102763493003456,0.0008630080093256,0.2537722758081017,0.16666666666666666,User_3830,
3884,3,15,0.0273267326732673,0.0035533435049727,0.0020864756158873,0.2384496644448554,0.16666666666666666,User_3884,outgoing
4174,4,15,0.0273267326732673,0.0021517476111792,0.0116780031333251,0.2399239500045951,0.16666666666666666,User_4174,
4330,4,15,0.0273267326732673,0.0037424744735771,0.0001422664389596,0.2430602107889689,0.16666666666666666,User_4330,incoming
4411,4,15,0.0273267326732673,0.0048158094059832,0.00215693413239,0.2341335503717455,0.16666666666666666,User_4411,incoming
4467,4,15,0.0273267326732673,0.001365804806992,2.2058551470316177e-05,0.2177402034684298,0.16666666666666666,User_4467,outandin
2635,4,15,0.0273267326732673,0.0046807136068622,0.0001357177105447,0.2416126405027325,0.3333333333333333,User_2635,
2647,4,15,0.0273267326732673,0.0156183148808641,0.0019660300149054,0.2808423832652907,0.3333333333333333,User_2647,
2767,4,15,0.0273267326732673,0.029566251294947,0.0025910590688336,0.2918630130860347,0.3333333333333333,User_2767,
3971,4,15,0.0273267326732673,0.001741162040509,0.0051486392252547,0.2353063785966501,0.16666666666666666,User_3971,
3260,5,15,0.0273267326732673,0.0016589764489231,0.0244364491031296,0.2394090917427827,0.5,User_3260,
4204,6,15,0.0273267326732673,0.0010797963698083,0.0140942354565435,0.2437239470281523,0.16666666666666666,User_4204,
4525,6,15,0.0273267326732673,0.0005008893555992,0.0055674993554022,0.2224064525335395,0.3333333333333333,User_4525,outandin
4285,6,15,0.0273267326732673,0.0079210876414448,0.0005992829055268,0.250425671721968,0.16666666666666666,User_4285,incoming
3129,6,15,0.0273267326732673,0.0009843590332746,0.0160211215497683,0.2245326022684513,0.5,User_3129,
4398,7,15,0.0273267326732673,0.0295694115850735,0.0050585635391576,0.2904383644702551,0.3333333333333333,User_4398,outandin
4325,8,15,0.0273267326732673,0.0006237237473457,0.0082146233026547,0.2101028940718206,0.16666666666666666,User_4325,outandin
3527,8,15,0.0273267326732673,0.0035451775555608,0.0043200440626911,0.2378143069589912,0.5,User_3527,
4301,12,15,0.0273267326732673,0.0092557454981745,0.018426079881111,0.2736942943934664,0.16666666666666666,User_4301,incoming
4522,12,15,0.0273267326732673,0.0352171288451732,0.0125378060309993,0.2994019101030171,0.16666666666666666,User_4522,incoming
3018,16,15,0.0273267326732673,0.0108952198605999,0.0429602008477744,0.2764922843919126,0.16666666666666666,User_3018,
4266,20,15,0.0273267326732673,0.0405567940156753,0.0671682100332436,0.3031647737829803,0.3333333333333333,User_4266,incoming
3935,25,15,0.0273267326732673,0.0003581702792609,0.0411324424056511,0.2087271033716309,0.3333333333333333,User_3935,
4107,31,15,0.0273267326732673,0.0512158038224288,0.0520315469120827,0.3050297655560813,0.16666666666666666,User_4107,
4485,1,16,0.0306830907054871,0.0143410027204619,0.0,0.2516259075323073,0.16666666666666666,User_4485,outandin
4185,1,16,0.0306830907054871,0.0082195342048207,0.0,0.245062354205682,0.16666666666666666,User_4185,outgoing
143,1,16,0.0306830907054871,0.0005970679288294,0.0,0.2038175597207339,0.5,User_143,outandin
4286,1,16,0.0306830907054871,0.0041126034693495,0.0,0.2503554260917515,0.16666666666666666,User_4286,outandin
4342,1,16,0.0306830907054871,0.0079444322127243,0.0,0.2394733281505484,0.16666666666666666,User_4342,outandin
2316,1,16,0.0306830907054871,0.0075201658254229,0.0,0.2350584919718446,0.3333333333333333,User_2316,incoming
2328,1,16,0.0306830907054871,0.012188399801647,0.0,0.2507774919969356,0.3333333333333333,User_2328,outgoing
4415,1,16,0.0306830907054871,0.008225206938699,0.0,0.2503554260917515,0.16666666666666666,User_4415,incoming
4481,1,16,0.0306830907054871,0.012188399801647,0.0,0.2507774919969356,0.16666666666666666,User_4481,outandin
4494,1,16,0.0306830907054871,0.0143410027204619,0.0,0.2516259075323073,0.16666666666666666,User_4494,outandin
4497,1,16,0.0306830907054871,0.0143410027204619,0.0,0.2516259075323073,0.16666666666666666,User_4497,outandin
408,1,16,0.0306830907054871,0.0004389095449053,0.0,0.187819253791476,0.3333333333333333,User_408,incoming
4508,1,16,0.0306830907054871,0.0002316948685536,0.0,0.184024143096308,0.16666666666666666,User_4508,outandin
4528,1,16,0.0306830907054871,0.0055648215038713,0.0,0.2349347444109223,0.3333333333333333,User_4528,outandin
4538,1,16,0.0306830907054871,0.012188399801647,0.0,0.2507774919969356,0.3333333333333333,User_4538,incoming
4562,1,16,0.0306830907054871,0.0057367968918922,0.0,0.2364910159027806,0.16666666666666666,User_4562,incoming
476,1,16,0.0306830907054871,0.0001955351304978,0.0,0.1818124045665296,0.3333333333333333,User_476,outandin
4580,1,16,0.0306830907054871,0.0060941999008235,0.0,0.2507774919969356,0.16666666666666666,User_4580,outandin
4608,1,16,0.0306830907054871,0.008225206938699,0.0,0.2503554260917515,0.4166666666666667,User_4608,incoming
4617,1,16,0.0306830907054871,0.0143410027204619,0.0,0.2516259075323073,0.16666666666666666,User_4617,outandin
4630,1,16,0.0306830907054871,0.007260539178367,0.0,0.2378143069589912,0.16666666666666666,User_4630,incoming
4657,1,16,0.0306830907054871,0.007260539178367,0.0,0.2378143069589912,0.16666666666666666,User_4657,outandin
4589,1,16,0.0306830907054871,0.0143410027204619,0.0,0.2516259075323073,0.16666666666666666,User_4589,outandin
4685,1,16,0.0306830907054871,0.0075201658254229,0.0,0.2350584919718446,0.16666666666666666,User_4685,outandin
4695,1,16,0.0306830907054871,0.012188399801647,0.0,0.2507774919969356,0.16666666666666666,User_4695,outandin
4693,1,16,0.0306830907054871,0.0075201658254229,0.0,0.2350584919718446,0.3333333333333333,User_4693,incoming
4586,1,16,0.0306830907054871,0.0050750543555827,0.0,0.2232408939512491,0.16666666666666666,User_4586,outandin
3008,1,16,0.0306830907054871,0.012188399801647,0.0,0.2507774919969356,0.3333333333333333,User_3008,outandin
3103,1,16,0.0306830907054871,0.000158455549638,0.0,0.1994006018804946,0.16666666666666666,User_3103,outgoing
3104,1,16,0.0306830907054871,0.012188399801647,0.0,0.2507774919969356,0.16666666666666666,User_3104,outgoing
4520,1,16,0.0306830907054871,0.007260539178367,0.0,0.2378143069589912,0.16666666666666666,User_4520,outandin
4367,1,16,0.0306830907054871,0.0019579985726903,0.0,0.2176340146347461,0.16666666666666666,User_4367,outandin
1502,1,16,0.0306830907054871,0.0057367968918922,0.0,0.2364910159027806,0.6666666666666666,User_1502,outgoing
4377,1,16,0.0306830907054871,0.0079444322127243,0.0,0.2394733281505484,0.16666666666666666,User_4377,outandin
3610,1,16,0.0306830907054871,0.0039722161063621,0.0,0.2394733281505484,0.16666666666666666,User_3610,
3615,1,16,0.0306830907054871,0.0060941999008235,0.0,0.2507774919969356,0.16666666666666666,User_3615,outgoing
1584,1,16,0.0306830907054871,0.012188399801647,0.0,0.2507774919969356,0.16666666666666666,User_1584,outgoing
1769,1,16,0.0306830907054871,0.0014676895477153,0.0,0.2201571519529092,0.5,User_1769,outandin
4552,1,16,0.0306830907054871,0.007260539178367,0.0,0.2378143069589912,0.16666666666666666,User_4552,outandin
1938,1,16,0.0306830907054871,0.0075201658254229,0.0,0.2350584919718446,0.5,User_1938,
4004,1,16,0.0306830907054871,0.0079444322127243,0.0,0.2394733281505484,0.3333333333333333,User_4004,
4124,2,16,0.0306830907054871,0.0161606159080092,0.0,0.2555159158365571,0.16666666666666666,User_4124,
171,2,16,0.0306830907054871,0.0028489136300821,0.0001128412695306,0.2280319606584297,0.5,User_171,outgoing
2303,2,16,0.0306830907054871,0.0082713400953273,0.0001247301150034,0.2429278971195139,0.5,User_2303,
4483,2,16,0.0306830907054871,0.0272926425622785,0.0,0.2673007169862516,0.16666666666666666,User_4483,outandin
4582,2,16,0.0306830907054871,0.006001978953413,6.669745191844006e-05,0.2381315619042406,0.16666666666666666,User_4582,incoming
4591,2,16,0.0306830907054871,0.0093373149022983,0.0,0.259377243248211,0.16666666666666666,User_4591,outandin
4606,2,16,0.0306830907054871,0.0152879673076043,0.0004092415142105,0.2663435076147699,0.16666666666666666,User_4606,incoming
4621,2,16,0.0306830907054871,0.0097980663561584,0.0,0.2453992559849035,0.16666666666666666,User_4621,outandin
4624,2,16,0.0306830907054871,0.0210762962902996,0.0,0.2579529173459809,0.16666666666666666,User_4624,outandin
4644,2,16,0.0306830907054871,0.0081746218615399,0.0,0.2512009833991258,0.16666666666666666,User_4644,outandin
4643,2,16,0.0306830907054871,0.026529402522109,0.0,0.2647633028825553,0.16666666666666666,User_4643,outandin
4694,2,16,0.0306830907054871,0.0130849873292943,0.0,0.2473717001156025,0.3333333333333333,User_4694,incoming
3252,2,16,0.0306830907054871,0.0137487867803639,0.0008970266048767,0.2674609211918172,0.3333333333333333,User_3252,outandin
3414,2,16,0.0306830907054871,0.0095038654561693,5.848168367022062e-05,0.2490282070360195,0.3333333333333333,User_3414,outgoing
3488,2,16,0.0306830907054871,0.002739191062798,0.0004012595262736,0.2397950279465593,0.16666666666666666,User_3488,outgoing
1529,2,16,0.0306830907054871,0.0116327692947724,0.0001982179763956,0.2640583118393769,0.5,User_1529,
1555,2,16,0.0306830907054871,0.0057038208775555,0.0020864756158873,0.2324868700226866,0.16666666666666666,User_1555,
3629,2,16,0.0306830907054871,0.0030110894389468,0.0020864756158873,0.2266997952799324,0.16666666666666666,User_3629,outgoing
3823,2,16,0.0306830907054871,0.0050825776474111,0.0020864756158873,0.2233526261304039,0.16666666666666666,User_3823,outgoing
1998,2,16,0.0306830907054871,0.0087696176276838,0.0003476507152977,0.2529093493956061,0.3333333333333333,User_1998,
4075,2,16,0.0306830907054871,0.0041187002058924,0.0020864756158873,0.2504959567827937,0.3333333333333333,User_4075,
4336,3,16,0.0306830907054871,0.0313720148450746,2.0127141167865157e-05,0.2882807151218003,0.16666666666666666,User_4336,outandin
4389,3,16,0.0306830907054871,0.031801211136635,0.0004307311559473,0.2853315517957461,0.16666666666666666,User_4389,incoming
4642,3,16,0.0306830907054871,0.0308077214301107,0.0,0.2675410953288651,0.3333333333333333,User_4642,incoming
4651,3,16,0.0306830907054871,0.0084128404500027,0.0026550768051829,0.2626595332598864,0.16666666666666666,User_4651,outandin
4659,3,16,0.0306830907054871,0.0131490440240202,3.196100789683678e-05,0.2458724776906595,0.16666666666666666,User_4659,incoming
3452,3,16,0.0306830907054871,0.0086455712611585,0.000163387010855,0.2462116121426465,0.16666666666666666,User_3452,
1689,3,16,0.0306830907054871,0.0179681358352311,6.986084399302115e-05,0.2556623013512157,0.3333333333333333,User_1689,
4592,4,16,0.0306830907054871,0.0376643058793277,0.0003651937275499,0.2755532862047218,0.3333333333333333,User_4592,outandin
4597,4,16,0.0306830907054871,0.0155194299605251,0.002141907622041,0.2575063745000271,0.16666666666666666,User_4597,outandin
4595,4,16,0.0306830907054871,0.0225683843386955,0.0011763349338126,0.2696426265912671,0.3333333333333333,User_4595,outandin
3013,4,16,0.0306830907054871,0.0237012720547136,0.0035024377471108,0.2798736575782671,0.3333333333333333,User_3013,
4233,5,16,0.0306830907054871,0.0429486503152374,0.0011562251547047,0.2863384966368604,0.16666666666666666,User_4233,outgoing
4382,5,16,0.0306830907054871,0.0522906061746757,8.293187427629332e-05,0.2885603278425781,0.5,User_4382,outandin
4487,5,16,0.0306830907054871,0.0473355168681195,6.577908827043776e-05,0.2887470378573581,0.16666666666666666,User_4487,incoming
4339,6,16,0.0306830907054871,0.0381503649698254,0.0022583063056704,0.284150618916617,0.16666666666666666,User_4339,outandin
4489,6,16,0.0306830907054871,0.0390265358801822,0.0001034229417675,0.2786503571704946,0.3333333333333333,User_4489,outandin
4360,7,16,0.0306830907054871,0.0395477169638913,0.0016421604398098,0.2936877571625844,0.16666666666666666,User_4360,incoming
4361,7,16,0.0306830907054871,0.0734542403399839,0.0001141768986405,0.3030618315847517,0.3333333333333333,User_4361,incoming
2777,7,16,0.0306830907054871,0.0254456645766761,0.0042346179415315,0.2799614473077459,0.16666666666666666,User_2777,
4409,8,16,0.0306830907054871,0.073689647278735,0.0042299520398251,0.304821411891084,0.16666666666666666,User_4409,outandin
4424,8,16,0.0306830907054871,0.0389002780905071,0.0050984297219697,0.2949494692720072,0.3333333333333333,User_4424,incoming
4605,10,16,0.0306830907054871,0.0875336835669877,0.000432465508218,0.3021384881574455,0.16666666666666666,User_4605,outandin
353,13,16,0.0306830907054871,0.0745550548041422,0.009761064937677,0.3119598371258629,0.3333333333333333,User_353,
4554,15,16,0.0306830907054871,0.0659535436449374,0.0115745387352711,0.2893086204269348,0.16666666666666666,User_4554,incoming
1612,17,16,0.0306830907054871,0.1066100880313546,0.0071165940715931,0.3250244333638361,0.3333333333333333,User_1612,
4084,17,16,0.0306830907054871,0.1068208103714575,0.0202921768716794,0.3270491366863664,0.16666666666666666,User_4084,
4038,18,16,0.0306830907054871,0.072320337433541,0.012409409058593,0.3092574823344053,0.16666666666666666,User_4038,
4254,23,16,0.0306830907054871,0.0977337287542576,0.012599233958222,0.309471946607869,0.16666666666666666,User_4254,incoming
4400,24,16,0.0306830907054871,0.0943556765363915,0.0114675783125848,0.3142665824003852,0.16666666666666666,User_4400,incoming
3820,25,16,0.0306830907054871,0.1032506561177767,0.0159009634589862,0.3171702537374179,0.5,User_3820,
905,38,16,0.0306830907054871,0.1068913020169377,0.0754874092812418,0.3365449072462647,0.25,User_905,
3578,42,16,0.0306830907054871,0.158404052112411,0.0469047700051876,0.3373080476255079,0.16666666666666666,User_3578,
4402,43,16,0.0306830907054871,0.1863803514482445,0.0334580226418738,0.338844758548631,0.16666666666666666,User_4402,incoming
4658,1,17,1.0,5.398956261332743e-21,0.0,0.001068376068376,0.16666666666666666,User_4658,outandin
3275,1,17,1.0,5.398956261332743e-21,0.0,0.001068376068376,0.3333333333333333,User_3275,outandin
41,1,18,0.0317367029091977,0.0036342386558639,0.0,0.2211938275135301,0.3333333333333333,User_41,
2158,1,18,0.0317367029091977,0.0001111216658229,0.0,0.1945753420573564,0.16666666666666666,User_2158,outgoing
4259,1,18,0.0317367029091977,0.0028753429041734,0.0,0.2227394794152967,0.16666666666666666,User_4259,outandin
204,1,18,0.0317367029091977,0.0145900835695961,0.0,0.2593018866987489,0.3333333333333333,User_204,
4309,1,18,0.0317367029091977,0.0076011878468255,0.0,0.2613520041045663,0.16666666666666666,User_4309,outandin
4345,1,18,0.0317367029091977,0.0131153612395487,0.0,0.253340077779476,0.16666666666666666,User_4345,outandin
274,1,18,0.0317367029091977,0.0016942855150956,0.0,0.2102018591655897,0.6666666666666666,User_274,incoming
2319,1,18,0.0317367029091977,0.007295041784798,0.0,0.2593018866987489,0.3333333333333333,User_2319,outandin
4386,1,18,0.0317367029091977,0.0002222433316459,0.0,0.1945753420573564,0.16666666666666666,User_4386,outandin
4410,1,18,0.0317367029091977,0.007295041784798,0.0,0.2593018866987489,0.16666666666666666,User_4410,outandin
4442,1,18,0.0317367029091977,0.0152023756936511,0.0,0.2613520041045663,0.16666666666666666,User_4442,outandin
4445,1,18,0.0317367029091977,0.0005210631283297,0.0,0.2022472454151584,0.16666666666666666,User_4445,outandin
4503,1,18,0.0317367029091977,0.0002444843632979,0.0,0.1797255525608324,0.16666666666666666,User_4503,outandin
412,1,18,0.0317367029091977,0.00372433022358,0.0,0.2431926686695079,0.5,User_412,outandin
4517,1,18,0.0317367029091977,0.00372433022358,0.0,0.2431926686695079,0.16666666666666666,User_4517,outandin
4534,1,18,0.0317367029091977,0.0145900835695961,0.0,0.2593018866987489,0.16666666666666666,User_4534,incoming
4568,1,18,0.0317367029091977,0.0076011878468255,0.0,0.2613520041045663,0.16666666666666666,User_4568,incoming
4576,1,18,0.0317367029091977,0.0152023756936511,0.0,0.2613520041045663,0.16666666666666666,User_4576,outandin
4696,1,18,0.0317367029091977,0.002545549818362,0.0,0.2231292735042735,0.16666666666666666,User_4696,outandin
2784,1,18,0.0317367029091977,0.0005765863660836,0.0,0.1948301886088395,0.3333333333333333,User_2784,outgoing
2903,1,18,0.0317367029091977,0.0002444843632979,0.0,0.1797255525608324,0.16666666666666666,User_2903,
4593,1,18,0.0317367029091977,0.0007028058555888,0.0,0.2096587019067639,0.3333333333333333,User_4593,outandin
1001,1,18,0.0317367029091977,0.0001222421816489,0.0,0.1797255525608324,0.6666666666666666,User_1001,outgoing
3113,1,18,0.0317367029091977,0.0152023756936511,0.0,0.2613520041045663,0.16666666666666666,User_3113,outgoing
1159,1,18,0.0317367029091977,0.0006092358944043,0.0,0.2158967329504339,0.5,User_1159,outgoing
3258,1,18,0.0317367029091977,2.270511261942432e-05,0.0,0.170620740588242,0.16666666666666666,User_3258,outgoing
3688,1,18,0.0317367029091977,0.0076011878468255,0.0,0.2613520041045663,0.16666666666666666,User_3688,outgoing
4397,1,18,0.0317367029091977,0.0027843108085794,0.0,0.2205924602118373,0.16666666666666666,User_4397,incoming
3711,1,18,0.0317367029091977,2.270511261942432e-05,0.0,0.170620740588242,0.16666666666666666,User_3711,outgoing
3816,1,18,0.0317367029091977,0.0131153612395487,0.0,0.253340077779476,0.16666666666666666,User_3816,outgoing
4447,1,18,0.0317367029091977,0.0152023756936511,0.0,0.2613520041045663,0.16666666666666666,User_4447,outandin
1933,1,18,0.0317367029091977,0.0001222421816489,0.0,0.1797255525608324,0.3333333333333333,User_1933,
21,2,18,0.0317367029091977,0.0029218036551469,0.0002851328093715,0.2443244166485338,0.4166666666666667,User_21,outandin
4118,2,18,0.0317367029091977,0.0277054448091448,0.0,0.2727741729881094,0.5,User_4118,outgoing
4381,2,18,0.0317367029091977,0.0096204824523812,7.229098480983852e-06,0.2497948765790915,0.16666666666666666,User_4381,incoming
4391,2,18,0.0317367029091977,0.0172986112152252,0.0001224310666805,0.2649204790789831,0.16666666666666666,User_4391,outandin
4394,2,18,0.0317367029091977,0.026997772692713,0.0,0.2719430511935082,0.16666666666666666,User_4394,outandin
4401,2,18,0.0317367029091977,0.0352344790775627,0.0,0.2815511337593356,0.16666666666666666,User_4401,outandin
4412,2,18,0.0317367029091977,0.0148123269012421,0.0,0.2611226138142463,0.16666666666666666,User_4412,outandin
4501,2,18,0.0317367029091977,0.0162189064429975,0.0,0.2691547328157702,0.16666666666666666,User_4501,outandin
4502,2,18,0.0317367029091977,0.0217605849298271,6.597708615054016e-05,0.2716947013750666,0.16666666666666666,User_4502,outandin
4518,2,18,0.0317367029091977,0.0214015107055657,0.0,0.2741145866145866,0.3333333333333333,User_4518,incoming
2755,2,18,0.0317367029091977,0.0166923906281883,7.75368422427246e-06,0.2647633028825553,0.3333333333333333,User_2755,
3408,2,18,0.0317367029091977,0.0040114930754277,0.0001205338478334,0.2465516834301364,0.16666666666666666,User_3408,outgoing
4545,2,18,0.0317367029091977,0.0173110934767538,0.0021068027861689,0.2843316642297209,0.16666666666666666,User_4545,outandin
3821,2,18,0.0317367029091977,0.0076465980720644,0.0062457150692444,0.2618119958982382,0.16666666666666666,User_3821,outgoing
1819,2,18,0.0317367029091977,0.0074930256806708,0.0020864756158873,0.2433252709970267,0.3333333333333333,User_1819,
2266,3,18,0.0317367029091977,0.0005901062530031,0.0041706659353718,0.2066968721669972,0.16666666666666666,User_2266,
2306,3,18,0.0317367029091977,0.0310545967309083,8.9310730805459e-06,0.2834287373823734,0.5,User_2306,outgoing
4443,3,18,0.0317367029091977,0.0424871990499433,0.0003877196706941,0.2878158961680406,0.16666666666666666,User_4443,outandin
2464,3,18,0.0317367029091977,0.026456841204057,6.480323559786936e-05,0.2741988000052516,0.16666666666666666,User_2464,
4511,3,18,0.0317367029091977,0.0091330804579028,0.002127263875696,0.2669010448615712,0.16666666666666666,User_4511,incoming
4535,3,18,0.0317367029091977,0.0164068617525834,0.0010527401165108,0.2679426880867889,0.16666666666666666,User_4535,outandin
2625,3,18,0.0317367029091977,0.0135426067917054,0.0021583084040458,0.2550048840048839,0.16666666666666666,User_2625,
4189,4,18,0.0317367029091977,0.0373352832271721,0.0003646571998509,0.2873525737337714,0.3333333333333333,User_4189,incoming
4273,4,18,0.0317367029091977,0.0523574558037383,0.000467157549203,0.2974065624848697,0.16666666666666666,User_4273,incoming
4337,4,18,0.0317367029091977,0.0403145295613818,8.322968492401286e-05,0.2786503571704946,0.16666666666666666,User_4337,incoming
4423,4,18,0.0317367029091977,0.0261192062061,9.212300003488256e-06,0.27623555989387,0.16666666666666666,User_4423,outandin
2958,4,18,0.0317367029091977,0.0372725834195293,9.23888576811948e-06,0.2810192361514779,0.16666666666666666,User_2958,
3161,4,18,0.0317367029091977,0.0075453411201561,3.4839012827590217e-05,0.2558088546910559,0.16666666666666666,User_3161,
3656,4,18,0.0317367029091977,0.0220180708246269,0.0020916358349513,0.2677819063957677,0.3333333333333333,User_3656,
3723,4,18,0.0317367029091977,0.010116977944763,0.0007221833239284,0.2622736097611208,0.16666666666666666,User_3723,outgoing
1916,4,18,0.0317367029091977,0.0427975645840487,0.0,0.2861548874694113,0.3333333333333333,User_1916,
4098,5,18,0.0317367029091977,0.0406791512846958,0.0105449065696049,0.2835187719241086,0.16666666666666666,User_4098,
4353,5,18,0.0317367029091977,0.0326808478710296,0.0001184147792512,0.2814623443762516,0.16666666666666666,User_4353,incoming
710,5,18,0.0317367029091977,0.0028882909344642,0.004947794963153,0.2429278971195139,0.6666666666666666,User_710,incoming
3898,5,18,0.0317367029091977,0.0031769045146365,0.0083321906851318,0.2202114715068083,0.16666666666666666,User_3898,outgoing
1971,6,18,0.0317367029091977,0.0340379097384872,0.0003310147364665,0.2806657528355641,0.6666666666666666,User_1971,outandin
4379,7,18,0.0317367029091977,0.0330829309088778,0.0042157352147344,0.2891211836790068,0.16666666666666666,User_4379,incoming
4599,7,18,0.0317367029091977,0.0472305629420528,0.0030137097293758,0.2858799148036816,0.3333333333333333,User_4599,incoming
2835,7,18,0.0317367029091977,0.0158351220738277,0.0043551321420374,0.2770931679655679,0.16666666666666666,User_2835,
1403,7,18,0.0317367029091977,0.0347532334669595,0.0051364930765958,0.290343882243687,0.5,User_1403,
4244,8,18,0.0317367029091977,0.0373667609730022,0.0033744673618358,0.2884670633539412,0.3333333333333333,User_4244,outgoing
4284,8,18,0.0317367029091977,0.0444630387128917,0.0011860379623289,0.291101465759,0.16666666666666666,User_4284,incoming
3630,8,18,0.0317367029091977,0.0422647820551053,0.0013403979571187,0.2942687418453986,0.5,User_3630,outgoing
3600,11,18,0.0317367029091977,0.0525771647772774,0.0073352633948204,0.3095792903285099,0.3333333333333333,User_3600,outgoing
4434,13,18,0.0317367029091977,0.0929774232253572,0.0035901098041731,0.3254985754985754,0.3333333333333333,User_4434,outandin
3892,13,18,0.0317367029091977,0.03618415196983,0.0045667401659497,0.2848761870466307,0.16666666666666666,User_3892,
3815,16,18,0.0317367029091977,0.075799892439249,0.0117654748852796,0.3183013887364814,0.3333333333333333,User_3815,outgoing
3465,21,18,0.0317367029091977,0.096803811945957,0.0283269638745967,0.32372763656768,0.3333333333333333,User_3465,
2404,27,18,0.0317367029091977,0.1704530207950278,0.0188902864094273,0.3419605724203425,0.16666666666666666,User_2404,
3719,49,18,0.0317367029091977,0.1896136445229591,0.0539335939753789,0.3529130462701044,0.3333333333333333,User_3719,
2642,60,18,0.0317367029091977,0.1975627286522845,0.1224993202118525,0.3567214604384868,0.16666666666666666,User_2642,
4691,1,19,1.0,5.398956261332743e-21,0.0,0.001068376068376,0.16666666666666666,User_4691,outandin
3335,1,19,1.0,5.398956261332743e-21,0.0,0.001068376068376,0.16666666666666666,User_3335,outgoing
2,1,20,0.06006006006006,0.0003739072794614,0.0,0.2176870961017302,0.5833333333333334,User_2,outgoing
7,1,20,0.06006006006006,0.0001464069539909,0.0,0.2020640919214612,0.5833333333333334,User_7,incoming
2142,1,20,0.06006006006006,0.0005459240038667,0.0,0.2224618878407512,0.5,User_2142,outandin
4230,1,20,0.06006006006006,1.461206899503995e-06,0.0,0.1587543746028271,0.16666666666666666,User_4230,outgoing
2499,1,20,0.06006006006006,0.0003739072794614,0.0,0.2176870961017302,0.3333333333333333,User_2499,outandin
547,1,20,0.06006006006006,0.0006317580582866,0.0,0.2196154266774345,0.5,User_547,outgoing
4698,1,20,0.06006006006006,0.0003515754616873,0.0,0.1953846528058437,0.16666666666666666,User_4698,incoming
4249,1,20,0.06006006006006,0.0005603415290549,0.0,0.2261827405010375,0.16666666666666666,User_4249,incoming
3659,1,20,0.06006006006006,0.0006317580582866,0.0,0.2196154266774345,0.16666666666666666,User_3659,outgoing
1771,1,20,0.06006006006006,0.0003739072794614,0.0,0.2176870961017302,0.5,User_1771,outandin
2080,2,20,0.06006006006006,0.002030056206927,0.0006347739120271,0.2395375990384042,0.3333333333333333,User_2080,incoming
4088,2,20,0.06006006006006,0.0050015954702623,0.0,0.2363031755406656,0.3333333333333333,User_4088,outgoing
4229,2,20,0.06006006006006,3.797823068430839e-05,0.0020864756158873,0.1895343159942862,0.16666666666666666,User_4229,outgoing
4420,2,20,0.06006006006006,0.0161801732223976,0.0,0.261735218186831,0.16666666666666666,User_4420,incoming
4600,2,20,0.06006006006006,0.002152397114551,2.1005365685195663e-05,0.2265271812226127,0.16666666666666666,User_4600,outandin
2822,2,20,0.06006006006006,0.0039107988302647,0.0007904480835227,0.2555159158365571,0.16666666666666666,User_2822,
4275,3,20,0.06006006006006,0.0026963590338552,0.0025440088439539,0.2538444522232918,0.16666666666666666,User_4275,outandin
4366,3,20,0.06006006006006,0.0091555723349232,5.713241007358655e-06,0.2473031571119684,0.16666666666666666,User_4366,outandin
304,3,20,0.06006006006006,0.0062463567058628,0.0044301226638742,0.2641364587206552,0.3333333333333333,User_304,
4413,3,20,0.06006006006006,0.0043197178469931,0.0002706646012409,0.2484735785125539,0.16666666666666666,User_4413,outandin
342,3,20,0.06006006006006,0.0025548329417336,0.0006633840510335,0.2439237753531276,0.5,User_342,
2498,3,20,0.06006006006006,0.0185748381223517,0.0038313414189301,0.2845129403943557,0.3333333333333333,User_2498,outgoing
4697,3,20,0.06006006006006,0.0045691279578221,0.0020864756158873,0.2441907233972897,0.16666666666666666,User_4697,outandin
1386,3,20,0.06006006006006,0.0038050868070748,0.0025953113825045,0.254713782539125,0.16666666666666666,User_1386,
3547,3,20,0.06006006006006,0.0009856603838702,0.0050075349194379,0.2349966019002353,0.3333333333333333,User_3547,outgoing
3611,3,20,0.06006006006006,0.0240957370506762,0.0001114771955555,0.2782160517509645,0.16666666666666666,User_3611,
4519,4,20,0.06006006006006,0.007392112577648,2.0788818694344538e-05,0.2447263762043032,0.5,User_4519,incoming
1991,5,20,0.06006006006006,0.0244433242668112,0.0006803775932242,0.2782160517509645,0.3333333333333333,User_1991,outgoing
4251,7,20,0.06006006006006,0.0145642772300404,0.0307855997377913,0.2942687418453986,0.3333333333333333,User_4251,outandin
4590,7,20,0.06006006006006,0.0097183103056549,0.0097389119565258,0.2800492921296184,0.16666666666666666,User_4590,outandin
3020,7,20,0.06006006006006,0.0447810895831648,0.007336279986333,0.3090433151028718,0.16666666666666666,User_3020,
4406,8,20,0.06006006006006,0.0182784904980181,0.0008477011926015,0.2825315270709382,0.16666666666666666,User_4406,outandin
3429,8,20,0.06006006006006,0.0261529424692173,0.0031135395952764,0.2845129403943557,0.16666666666666666,User_3429,
25,9,20,0.06006006006006,0.0164200668888938,0.0133515762698407,0.2832488397388429,0.4166666666666667,User_25,
4490,9,20,0.06006006006006,0.016691963129534,0.0021094283956759,0.2605128704077916,0.16666666666666666,User_4490,incoming
4163,14,20,0.06006006006006,0.0141898040808601,0.0265670813264928,0.2880016437615663,0.3333333333333333,User_4163,
135,17,20,0.06006006006006,0.0235475447657283,0.0284033343377078,0.3049255531319078,0.25,User_135,
114,1,21,0.0763546798029556,0.0002604648667373,0.0,0.197985158388885,0.25,User_114,outandin
4451,1,21,0.0763546798029556,0.0067297496527958,0.0,0.2481281884951609,0.16666666666666666,User_4451,outandin
359,1,21,0.0763546798029556,0.0022254026648206,0.0,0.2373715675577377,0.6666666666666666,User_359,outandin
4549,1,21,0.0763546798029556,0.0044508053296412,0.0,0.2373715675577377,0.16666666666666666,User_4549,incoming
732,1,21,0.0763546798029556,0.00286783332144,0.0,0.2309826847870326,0.3333333333333333,User_732,
2861,1,21,0.0763546798029556,0.0022254026648206,0.0,0.2373715675577377,0.16666666666666666,User_2861,outgoing
2977,1,21,0.0763546798029556,0.00286783332144,0.0,0.2309826847870326,0.16666666666666666,User_2977,
3293,1,21,0.0763546798029556,0.0033648748263979,0.0,0.2481281884951609,0.3333333333333333,User_3293,outandin
3317,1,21,0.0763546798029556,0.0044508053296412,0.0,0.2373715675577377,0.16666666666666666,User_3317,
3681,1,21,0.0763546798029556,0.00286783332144,0.0,0.2309826847870326,0.16666666666666666,User_3681,outgoing
4396,1,21,0.0763546798029556,0.0002604648667373,0.0,0.197985158388885,0.16666666666666666,User_4396,outandin
3875,1,21,0.0763546798029556,0.004192471043148,0.0,0.2263548298293416,0.16666666666666666,User_3875,
4448,1,21,0.0763546798029556,0.004192471043148,0.0,0.2263548298293416,0.16666666666666666,User_4448,outandin
4395,2,21,0.0763546798029556,0.0033849166706872,0.0020864756158873,0.2482662292119872,0.16666666666666666,User_4395,outandin
4437,2,21,0.0763546798029556,0.0033849166706872,0.0020864756158873,0.2482662292119872,0.16666666666666666,User_4437,outandin
4440,2,21,0.0763546798029556,0.0210707523732578,0.0,0.2726075424609328,0.3333333333333333,User_4440,outandin
4486,2,21,0.0763546798029556,0.0066750212568398,0.0,0.2515549870397672,0.16666666666666666,User_4486,outandin
4544,2,21,0.0763546798029556,0.0084071497483973,0.0002915299638369,0.2648418676608587,0.16666666666666666,User_4544,outandin
3223,2,21,0.0763546798029556,0.0160022862330909,1.612933739630573e-05,0.2625822577278888,0.16666666666666666,User_3223,outgoing
3695,2,21,0.0763546798029556,0.0100973083850315,0.0,0.253412008522741,0.16666666666666666,User_3695,outgoing
4492,3,21,0.0763546798029556,0.0087343598225318,0.0011421483391093,0.2713642730365138,0.16666666666666666,User_4492,outandin
2661,3,21,0.0763546798029556,0.0130782764772842,0.000807196691805,0.2745361716447536,0.16666666666666666,User_2661,
2012,4,21,0.0763546798029556,0.0241847813995861,0.0,0.2765779652981388,0.5,User_2012,
4267,6,21,0.0763546798029556,0.0276666957115476,0.0021774450803756,0.2809307818750689,0.5,User_4267,outandin
3904,12,21,0.0763546798029556,0.0372721085424905,0.0096499471058868,0.3024456435164669,0.3333333333333333,User_3904,outgoing
3598,13,21,0.0763546798029556,0.0544832252468096,0.0087754727488805,0.2945600970353446,0.3333333333333333,User_3598,
481,15,21,0.0763546798029556,0.0289050957466575,0.0177197376712607,0.3031647737829803,0.4166666666666667,User_481,
3642,22,21,0.0763546798029556,0.057844449521064,0.0189677548898502,0.313493886202,0.16666666666666666,User_3642,
1334,33,21,0.0763546798029556,0.087459863572167,0.0642807274527914,0.332532449335728,0.3333333333333333,User_1334,
4114,1,22,0.0788177339901477,0.0147737046825752,0.0,0.2570613750049234,0.3333333333333333,User_4114,
4256,1,22,0.0788177339901477,0.0001044330418611,0.0,0.1786821009043231,0.16666666666666666,User_4256,outandin
4268,1,22,0.0788177339901477,0.0147737046825752,0.0,0.2570613750049234,0.16666666666666666,User_4268,outandin
4422,1,22,0.0788177339901477,0.0147737046825752,0.0,0.2570613750049234,0.16666666666666666,User_4422,outandin
2473,1,22,0.0788177339901477,0.0019663448079743,0.0,0.2133167050710071,0.3333333333333333,User_2473,outandin
4583,1,22,0.0788177339901477,0.0147737046825752,0.0,0.2570613750049234,0.16666666666666666,User_4583,incoming
4581,1,22,0.0788177339901477,0.0015182394053034,0.0,0.2075621148876963,0.16666666666666666,User_4581,outandin
664,1,22,0.0788177339901477,0.0147737046825752,0.0,0.2570613750049234,0.5,User_664,
2987,1,22,0.0788177339901477,0.0147737046825752,0.0,0.2570613750049234,0.3333333333333333,User_2987,outgoing
3217,1,22,0.0788177339901477,0.0147737046825752,0.0,0.2570613750049234,0.3333333333333333,User_3217,incoming
4374,1,22,0.0788177339901477,0.0147737046825752,0.0,0.2570613750049234,0.16666666666666666,User_4374,outandin
1674,1,22,0.0788177339901477,0.0001044330418611,0.0,0.1786821009043231,0.3333333333333333,User_1674,outgoing
4048,1,22,0.0788177339901477,0.0147737046825752,0.0,0.2570613750049234,0.16666666666666666,User_4048,outgoing
4103,2,22,0.0788177339901477,0.0168699402041492,0.0001492352962941,0.2633570652160206,0.16666666666666666,User_4103,outgoing
4214,2,22,0.0788177339901477,0.0149139436746817,0.0001140364289445,0.2590008978575432,0.16666666666666666,User_4214,outgoing
4136,3,22,0.0788177339901477,0.0348580245874173,0.0062457150692444,0.2812849335068055,0.16666666666666666,User_4136,
4228,3,22,0.0788177339901477,0.0320664431015919,0.000544614954937,0.2850581584213011,0.16666666666666666,User_4228,
4365,3,22,0.0788177339901477,0.0176816831332538,6.68891001004708e-05,0.2616584854931381,0.16666666666666666,User_4365,incoming
4478,3,22,0.0788177339901477,0.0117840014884378,0.0002962995229643,0.2618119958982382,0.16666666666666666,User_4478,incoming
3735,3,22,0.0788177339901477,0.0013571236593038,0.0041706659353718,0.2186470098033057,0.16666666666666666,User_3735,
202,4,22,0.0788177339901477,0.0100248377938669,0.0004895017278999,0.2427296964963541,0.3333333333333333,User_202,
4405,4,22,0.0788177339901477,0.0196264497592903,0.002287134848611,0.2740304249361664,0.16666666666666666,User_4405,outandin
4571,4,22,0.0788177339901477,0.0197324210791024,0.0021319106506212,0.2635125757357821,0.16666666666666666,User_4571,outandin
4274,5,22,0.0788177339901477,0.0298786324042301,0.0042957849007558,0.2945600970353446,0.16666666666666666,User_4274,outandin
446,5,22,0.0788177339901477,0.0499382592653741,0.0007710770754557,0.3036805355621279,0.6666666666666666,User_446,outgoing
3621,5,22,0.0788177339901477,0.0250131019513938,0.0002862264466578,0.2702959097568425,0.16666666666666666,User_3621,
280,6,22,0.0788177339901477,0.0277296096001252,0.0001636900453718,0.2689924936760379,0.6666666666666666,User_280,outandin
1508,6,22,0.0788177339901477,0.0255536023247493,0.0032740424036648,0.2728575646643515,0.5,User_1508,
3916,55,22,0.0788177339901477,0.1919981195328044,0.0473407244149901,0.3487757303701032,0.5,User_3916,
4205,1,23,1.0,1.6236208809066661e-24,0.0,0.001068376068376,0.6666666666666666,User_4205,outgoing
3982,1,23,1.0,1.6236208809066661e-24,0.0,0.001068376068376,0.3333333333333333,User_3982,outgoing
4184,1,24,1.0,1.6236208809066661e-24,0.0,0.001068376068376,0.16666666666666666,User_4184,outgoing
3988,1,24,1.0,1.6236208809066661e-24,0.0,0.001068376068376,0.3333333333333333,User_3988,outgoing
4484,1,25,0.043859649122807,0.0072294750635915,0.0,0.2380680432160827,0.16666666666666666,User_4484,outandin
4135,1,25,0.043859649122807,0.001242793388674,0.0,0.2244761302859894,0.16666666666666666,User_4135,outgoing
4237,1,25,0.043859649122807,0.0200321033839115,0.0,0.2584010115857249,0.16666666666666666,User_4237,outgoing
4292,1,25,0.043859649122807,0.0009544473611128,0.0,0.205743912867011,0.16666666666666666,User_4292,outandin
4313,1,25,0.043859649122807,0.0030484275844516,0.0,0.2274508394538975,0.16666666666666666,User_4313,outandin
2281,1,25,0.043859649122807,5.337710004311785e-06,0.0,0.1557893339181522,0.3333333333333333,User_2281,incoming
4376,1,25,0.043859649122807,0.0200321033839115,0.0,0.2584010115857249,0.16666666666666666,User_4376,outandin
4414,1,25,0.043859649122807,0.0060025627092678,0.0,0.2424000798525513,0.16666666666666666,User_4414,outandin
4428,1,25,0.043859649122807,0.0022745285651979,0.0,0.2188614747467126,0.16666666666666666,User_4428,outandin
4496,1,25,0.043859649122807,0.0007764531071517,0.0,0.196287023095908,0.16666666666666666,User_4496,outandin
491,1,25,0.043859649122807,0.0002824526016237,0.0,0.1929349533110881,0.5,User_491,incoming
4626,1,25,0.043859649122807,0.0200321033839115,0.0,0.2584010115857249,0.16666666666666666,User_4626,outandin
4627,1,25,0.043859649122807,0.0200321033839115,0.0,0.2584010115857249,0.16666666666666666,User_4627,outandin
4631,1,25,0.043859649122807,0.0200321033839115,0.0,0.2584010115857249,0.16666666666666666,User_4631,outandin
4632,1,25,0.043859649122807,0.0100160516919557,0.0,0.2584010115857249,0.16666666666666666,User_4632,incoming
4633,1,25,0.043859649122807,0.0100160516919557,0.0,0.2584010115857249,0.16666666666666666,User_4633,outandin
3380,1,25,0.043859649122807,0.0072294750635915,0.0,0.2380680432160827,0.3333333333333333,User_3380,outgoing
3392,1,25,0.043859649122807,0.0072294750635915,0.0,0.2380680432160827,0.16666666666666666,User_3392,outgoing
3427,1,25,0.043859649122807,0.0200321033839115,0.0,0.2584010115857249,0.3333333333333333,User_3427,
3478,1,25,0.043859649122807,0.0060025627092678,0.0,0.2424000798525513,0.16666666666666666,User_3478,outgoing
3873,1,25,0.043859649122807,0.0072294750635915,0.0,0.2380680432160827,0.16666666666666666,User_3873,outgoing
4058,1,25,0.043859649122807,0.0073301655908728,0.0,0.2402468624541303,0.16666666666666666,User_4058,
4060,1,25,0.043859649122807,0.0008675480836813,0.0,0.2091183444276227,0.16666666666666666,User_4060,outgoing
2176,2,25,0.043859649122807,0.0086283097216652,1.1331261331261332e-05,0.2420713572056126,0.16666666666666666,User_2176,
2233,2,25,0.043859649122807,0.007341031366569,0.0020864756158873,0.2403762709445445,0.5,User_2233,outgoing
2427,2,25,0.043859649122807,0.0001387257765386,0.0020864756158873,0.1853233168640145,0.3333333333333333,User_2427,outgoing
4480,2,25,0.043859649122807,0.0078716811095933,3.557444733915321e-05,0.2439904576317917,0.16666666666666666,User_4480,outandin
4539,2,25,0.043859649122807,0.0030271022960685,4.9139313845196215e-05,0.2284405154894021,0.16666666666666666,User_4539,incoming
4566,2,25,0.043859649122807,0.0272026047441425,0.0,0.2743673821140774,0.16666666666666666,User_4566,incoming
3682,2,25,0.043859649122807,0.027261578447503,0.0,0.2647633028825553,0.16666666666666666,User_3682,
3841,2,25,0.043859649122807,0.0095040036287894,1.3864131511190331e-05,0.2443244166485338,0.16666666666666666,User_3841,
3878,2,25,0.043859649122807,0.0087494095170092,7.617654676478206e-07,0.2429278971195139,0.5,User_3878,outgoing
1886,2,25,0.043859649122807,0.022812058779423,0.0,0.2624278429923828,0.5,User_1886,outandin
2187,3,25,0.043859649122807,0.0446118762692903,0.0003250962742941,0.2867064227488256,0.3333333333333333,User_2187,
4295,3,25,0.043859649122807,0.0303410701467302,1.7139723022075966e-05,0.2699688729634283,0.16666666666666666,User_4295,incoming
4300,3,25,0.043859649122807,0.0144206080937448,0.0009234777695117,0.2593018866987489,0.5,User_4300,outandin
4385,3,25,0.043859649122807,0.0036005720668762,0.0041896357092435,0.2285575144730074,0.3333333333333333,User_4385,outandin
4482,3,25,0.043859649122807,0.007037795217526,0.0004064103259719,0.2410905170224457,0.16666666666666666,User_4482,incoming
4495,3,25,0.043859649122807,0.0100900154257305,0.0020883256177373,0.2456018420520346,0.16666666666666666,User_4495,outandin
4588,3,25,0.043859649122807,0.025051421989638,0.000110129001311,0.2658674691739928,0.16666666666666666,User_4588,outandin
3704,3,25,0.043859649122807,0.0225510711469635,0.0021264293223504,0.2660259594685824,0.16666666666666666,User_3704,outgoing
2472,4,25,0.043859649122807,0.0271627096472255,0.0001692950652028,0.2744517509277657,0.16666666666666666,User_2472,
3767,4,25,0.043859649122807,0.0472965469403948,0.0005766210130937,0.2880946074942201,0.16666666666666666,User_3767,
3487,5,25,0.043859649122807,0.0346342841725817,0.0004991196272903,0.2878158961680406,0.3333333333333333,User_3487,
361,6,25,0.043859649122807,0.0124043318118003,0.0034812806342535,0.2605889325597355,0.4166666666666667,User_361,
4584,6,25,0.043859649122807,0.073784598599361,0.0006823283881743,0.3082960601095316,0.16666666666666666,User_4584,incoming
3237,6,25,0.043859649122807,0.0396196735262405,0.0096224061739802,0.2964188289661554,0.16666666666666666,User_3237,outgoing
3764,6,25,0.043859649122807,0.0304666990118204,0.0010953585132301,0.2861548874694113,0.16666666666666666,User_3764,outgoing
2262,8,25,0.043859649122807,0.0790783856692566,0.0018612508604746,0.314045423651335,0.3333333333333333,User_2262,outgoing
4334,9,25,0.043859649122807,0.0853853826051439,0.0013851076934736,0.3177348145308273,0.16666666666666666,User_4334,incoming
546,10,25,0.043859649122807,0.0295594447196307,0.0046479783247916,0.2819959222802825,0.5,User_546,
3531,10,25,0.043859649122807,0.0750461574117307,0.0116176727186826,0.3300728897992211,0.3333333333333333,User_3531,
4281,15,25,0.043859649122807,0.0323011606109626,0.0150982155105184,0.291386579829283,0.16666666666666666,User_4281,incoming
4119,16,25,0.043859649122807,0.0780069366259207,0.0096746971821004,0.322324699897831,0.16666666666666666,User_4119,
2565,17,25,0.043859649122807,0.0952670280959079,0.0139251089014363,0.3185285845885418,0.3333333333333333,User_2565,
4291,26,25,0.043859649122807,0.093955012843585,0.0210099526503284,0.3147098356900895,0.25,User_4291,incoming
2942,63,25,0.043859649122807,0.2603235395948471,0.0732007343870994,0.3512463967009421,0.16666666666666666,User_2942,
96,1,26,0.0505279034690799,0.0019648202292428,0.0,0.2373084536073103,0.9166666666666666,User_96,
4253,1,26,0.0505279034690799,0.0053319288180121,0.0,0.2338268519824715,0.16666666666666666,User_4253,incoming
256,1,26,0.0505279034690799,0.0005045345029423,0.0,0.2000710813757215,0.6666666666666666,User_256,outgoing
4417,1,26,0.0505279034690799,0.0069618884111691,0.0,0.2346259447994463,0.16666666666666666,User_4417,incoming
2398,1,26,0.0505279034690799,0.0030164062273946,0.0,0.2224064525335395,0.5,User_2398,
4585,1,26,0.0505279034690799,0.0081567554903052,0.0,0.2282068765065441,0.16666666666666666,User_4585,outandin
499,1,26,0.0505279034690799,0.002665964409006,0.0,0.2338268519824715,0.3333333333333333,User_499,outandin
4652,1,26,0.0505279034690799,0.0081567554903052,0.0,0.2282068765065441,0.16666666666666666,User_4652,outandin
2690,1,26,0.0505279034690799,0.0019648202292428,0.0,0.2373084536073103,0.3333333333333333,User_2690,outgoing
2728,1,26,0.0505279034690799,0.0048004677692889,0.0,0.2310424783891002,0.16666666666666666,User_2728,outgoing
3231,1,26,0.0505279034690799,0.0081567554903052,0.0,0.2282068765065441,0.16666666666666666,User_3231,
1396,1,26,0.0505279034690799,0.0019648202292428,0.0,0.2373084536073103,0.4166666666666667,User_1396,
1566,1,26,0.0505279034690799,0.0019648202292428,0.0,0.2373084536073103,0.16666666666666666,User_1566,
1802,1,26,0.0505279034690799,0.0019648202292428,0.0,0.2373084536073103,0.5,User_1802,
4435,2,26,0.0505279034690799,0.0050643877352001,0.0016753909249676,0.2534839801241391,0.16666666666666666,User_4435,outandin
4493,2,26,0.0505279034690799,0.0224977582107672,0.0,0.261735218186831,0.16666666666666666,User_4493,incoming
4505,2,26,0.0505279034690799,0.0041504693878345,1.142648201471731e-06,0.2273349704577417,0.16666666666666666,User_4505,outandin
4524,2,26,0.0505279034690799,0.0049294117369303,9.398281457104984e-05,0.249934778498206,0.3333333333333333,User_4524,incoming
4574,2,26,0.0505279034690799,0.0027429635005211,1.1931852395310507e-05,0.2153757466257466,0.16666666666666666,User_4574,outandin
3000,2,26,0.0505279034690799,0.0135571357567111,0.0,0.2584758453568184,0.16666666666666666,User_3000,
3105,2,26,0.0505279034690799,0.0218914098275957,0.0,0.2639802111851801,0.3333333333333333,User_3105,outandin
3321,2,26,0.0505279034690799,0.0229304601728804,8.007589441570838e-05,0.2668212538167695,0.3333333333333333,User_3321,incoming
1731,2,26,0.0505279034690799,0.0036261440384034,0.0,0.2504959567827937,0.6666666666666666,User_1731,
3781,2,26,0.0505279034690799,0.0051587829771196,0.0,0.2417435249233732,0.3333333333333333,User_3781,
4452,2,26,0.0505279034690799,0.017950344870081,6.379785791550499e-06,0.2610462398412091,0.3333333333333333,User_4452,incoming
4320,3,26,0.0505279034690799,0.021105455635808,0.0001925967422039,0.2683454882793427,0.5,User_4320,incoming
4328,3,26,0.0505279034690799,0.0340959530304503,0.0,0.2739463149223738,0.16666666666666666,User_4328,outandin
2392,3,26,0.0505279034690799,0.0147787624078527,0.0,0.2501449254532214,0.3333333333333333,User_2392,
4449,3,26,0.0505279034690799,0.038941714899788,0.0,0.2840601826916276,0.16666666666666666,User_4449,outandin
4578,3,26,0.0505279034690799,0.0173553973631997,3.0942187804932907e-06,0.2680231513564847,0.16666666666666666,User_4578,outandin
4598,3,26,0.0505279034690799,0.0095986581610454,0.000529955176355,0.2409603385575308,0.3333333333333333,User_4598,outandin
4611,3,26,0.0505279034690799,0.0098104735531142,0.0001348955083314,0.2373084536073103,0.16666666666666666,User_4611,incoming
3023,3,26,0.0505279034690799,0.023158118023126,0.0008841924608051,0.2636682700198209,0.16666666666666666,User_3023,
3746,3,26,0.0505279034690799,0.0072193907608249,0.00146743556391,0.2556623013512157,0.16666666666666666,User_3746,
4462,4,26,0.0505279034690799,0.0333382127201941,6.848490262489886e-05,0.2770931679655679,0.16666666666666666,User_4462,outandin
3319,4,26,0.0505279034690799,0.0218320144368441,0.0038829721672704,0.2941717514888247,0.16666666666666666,User_3319,
4530,5,26,0.0505279034690799,0.0329331022339037,6.901323077793672e-05,0.2723579780339011,0.16666666666666666,User_4530,outandin
4579,5,26,0.0505279034690799,0.0131137852517234,0.0038769621884353,0.2515549870397672,0.16666666666666666,User_4579,incoming
4594,5,26,0.0505279034690799,0.0276100541083699,0.0004991468643327,0.2673807950919994,0.5,User_4594,outandin
2880,5,26,0.0505279034690799,0.0290592575228223,0.0002485960703845,0.2776966689536695,0.16666666666666666,User_2880,
4570,7,26,0.0505279034690799,0.0225329116129318,0.0010075553205459,0.2639021567170591,0.3333333333333333,User_4570,incoming
4331,8,26,0.0505279034690799,0.0159743400471054,0.0070590075254441,0.2753832440657494,0.16666666666666666,User_4331,incoming
1899,8,26,0.0505279034690799,0.0355739819069388,0.0004931443333444,0.2977041674506651,0.6666666666666666,User_1899,outgoing
4604,11,26,0.0505279034690799,0.0392029341416082,0.0133670512420493,0.2879087400055142,0.16666666666666666,User_4604,incoming
1832,11,26,0.0505279034690799,0.0467184696829738,0.004796834261425,0.2937844285770553,0.3333333333333333,User_1832,
3926,12,26,0.0505279034690799,0.0623872168323913,0.0047178408172438,0.3025481674634216,0.16666666666666666,User_3926,
4459,16,26,0.0505279034690799,0.1389280911816829,0.0036792480205376,0.3321611812493837,0.16666666666666666,User_4459,incoming
3545,16,26,0.0505279034690799,0.0692909838881813,0.0086829343618985,0.3073405971133243,0.16666666666666666,User_3545,
4363,21,26,0.0505279034690799,0.0925007371102054,0.0065023285839682,0.3126154444893499,0.16666666666666666,User_4363,incoming
1565,21,26,0.0505279034690799,0.0510713528758693,0.0257814977072666,0.3133838111015077,0.3333333333333333,User_1565,
3897,21,26,0.0505279034690799,0.090475803110553,0.0172204921223519,0.3087226198606344,0.16666666666666666,User_3897,
2600,23,26,0.0505279034690799,0.1060042888895246,0.0103877509400481,0.2977041674506651,0.3333333333333333,User_2600,
4146,1,27,0.048621190130624,0.0017101547031851,0.0,0.2248720317503386,0.16666666666666666,User_4146,outgoing
4248,1,27,0.048621190130624,0.0017101547031851,0.0,0.2248720317503386,0.16666666666666666,User_4248,incoming
4282,1,27,0.048621190130624,0.0034203094063703,0.0,0.2248720317503386,0.16666666666666666,User_4282,outandin
4305,1,27,0.048621190130624,0.0055584144659906,0.0,0.2461437104294247,0.16666666666666666,User_4305,outandin
2269,1,27,0.048621190130624,0.0066427662126258,0.0,0.2494458060416696,0.5,User_2269,incoming
4344,1,27,0.048621190130624,0.0055584144659906,0.0,0.2461437104294247,0.16666666666666666,User_4344,outandin
4371,1,27,0.048621190130624,0.0034203094063703,0.0,0.2248720317503386,0.16666666666666666,User_4371,outandin
4488,1,27,0.048621190130624,0.0034203094063703,0.0,0.2248720317503386,0.16666666666666666,User_4488,outandin
4532,1,27,0.048621190130624,0.0034203094063703,0.0,0.2248720317503386,0.3333333333333333,User_4532,outandin
4607,1,27,0.048621190130624,0.0066427662126258,0.0,0.2494458060416696,0.16666666666666666,User_4607,outandin
538,1,27,0.048621190130624,0.0020048374889261,0.0,0.2175279293241759,0.3333333333333333,User_538,outgoing
4639,1,27,0.048621190130624,0.0038260110190713,0.0,0.2385133869634136,0.16666666666666666,User_4639,outandin
2876,1,27,0.048621190130624,0.0066427662126258,0.0,0.2494458060416696,0.16666666666666666,User_2876,outgoing
2906,1,27,0.048621190130624,0.0041015868702506,0.0,0.2330940438801499,0.16666666666666666,User_2906,
2943,1,27,0.048621190130624,0.0066427662126258,0.0,0.2494458060416696,0.5,User_2943,outandin
4660,1,27,0.048621190130624,0.0002593160887124,0.0,0.1869537272763079,0.16666666666666666,User_4660,outandin
1383,1,27,0.048621190130624,0.0019130055095356,0.0,0.2385133869634136,0.3333333333333333,User_1383,
4444,1,27,0.048621190130624,0.0055584144659906,0.0,0.2461437104294247,0.16666666666666666,User_4444,incoming
1911,1,27,0.048621190130624,0.0017101547031851,0.0,0.2248720317503386,0.3333333333333333,User_1911,outgoing
1912,1,27,0.048621190130624,0.0055584144659906,0.0,0.2461437104294247,0.16666666666666666,User_1912,outgoing
2124,2,27,0.048621190130624,0.0017541201959866,0.0002358131816454,0.2272192194544536,0.5833333333333334,User_2124,incoming
4203,2,27,0.048621190130624,0.0043593671263837,2.361203814079232e-05,0.2433252709970267,0.16666666666666666,User_4203,
4246,2,27,0.048621190130624,0.0017541201959866,0.0002358131816454,0.2272192194544536,0.16666666666666666,User_4246,outandin
4527,2,27,0.048621190130624,0.011158029621382,8.194992715116555e-06,0.2534839801241391,0.16666666666666666,User_4527,outandin
2538,2,27,0.048621190130624,0.0057504791795467,7.220444274811478e-05,0.24519700385085,0.16666666666666666,User_2538,
4616,2,27,0.048621190130624,0.0036876782508111,0.0002788081197114,0.2407653342371443,0.16666666666666666,User_4616,incoming
3229,2,27,0.048621190130624,0.0089787238723609,0.0,0.2555159158365571,0.16666666666666666,User_3229,
3669,2,27,0.048621190130624,0.0078149730986229,5.038352796806025e-05,0.2572836823341292,0.16666666666666666,User_3669,
3887,2,27,0.048621190130624,0.0142439540594514,0.0,0.2739463149223738,0.16666666666666666,User_3887,outgoing
4176,3,27,0.048621190130624,0.0105841387473259,0.0012376750164613,0.2585507224846738,0.16666666666666666,User_4176,outandin
4247,3,27,0.048621190130624,0.0101070411117977,3.482824107370553e-05,0.2590760795405207,0.16666666666666666,User_4247,outandin
4613,3,27,0.048621190130624,0.0018960007690049,0.0005904963987332,0.2284990000043763,0.16666666666666666,User_4613,outandin
4662,3,27,0.048621190130624,0.0003064802982411,0.0,0.1870320817303214,0.16666666666666666,User_4662,incoming
4663,3,27,0.048621190130624,0.0003064802982411,0.0,0.1870320817303214,0.16666666666666666,User_4663,incoming
4664,3,27,0.048621190130624,0.0003064802982411,0.0,0.1870320817303214,0.16666666666666666,User_4664,incoming
1815,3,27,0.048621190130624,0.006085761547231,0.0025009583630784,0.2684261936893516,0.3333333333333333,User_1815,
4198,4,27,0.048621190130624,0.0313302087927183,0.0009148411674601,0.2906275135190798,0.16666666666666666,User_4198,
4638,4,27,0.048621190130624,0.016484814140046,0.0004949892592277,0.2721088701271628,0.16666666666666666,User_4638,incoming
3242,4,27,0.048621190130624,0.0317597087538907,0.000736587419352,0.2877231121911973,0.3333333333333333,User_3242,incoming
4209,5,27,0.048621190130624,0.0310817878417165,0.0001236095093871,0.2791733168649027,0.3333333333333333,User_4209,
230,5,27,0.048621190130624,0.0011426752284379,0.0025002759746981,0.2295568657451373,0.5,User_230,
3345,5,27,0.048621190130624,0.0260541744309426,0.0023348124969434,0.2797859228893711,0.5,User_3345,
3981,5,27,0.048621190130624,0.0635000084263532,0.000473205239257,0.3037838985762743,0.16666666666666666,User_3981,
4625,6,27,0.048621190130624,0.0113624985779492,0.0010309414731181,0.2616584854931381,0.16666666666666666,User_4625,outandin
4646,6,27,0.048621190130624,0.0033700451045911,0.0083369058814691,0.2311621585125858,0.16666666666666666,User_4646,incoming
4553,7,27,0.048621190130624,0.0533068717605531,0.0183518205022992,0.3060758209935164,0.16666666666666666,User_4553,incoming
4645,7,27,0.048621190130624,0.0230172399827551,0.0058467187018898,0.27623555989387,0.16666666666666666,User_4645,incoming
2067,11,27,0.048621190130624,0.0451451212222085,0.0138124500886784,0.3084025895014146,0.25,User_2067,
363,11,27,0.048621190130624,0.0497271284724636,0.0291508557882256,0.3154885450749713,0.3333333333333333,User_363,
4515,13,27,0.048621190130624,0.0525091545750856,0.0018897907059938,0.304821411891084,0.16666666666666666,User_4515,incoming
3649,24,27,0.048621190130624,0.0722350745839279,0.049329235589097,0.3289779189152576,0.16666666666666666,User_3649,
2125,30,27,0.048621190130624,0.0863294860705801,0.0731737370143916,0.3349032247718926,0.16666666666666666,User_2125,
1018,33,27,0.048621190130624,0.0444472277785146,0.0411374281119025,0.2920540229113527,0.5833333333333334,User_1018,
4162,1,28,0.0493197278911564,0.0242134618841335,0.0,0.2694797989182047,0.16666666666666666,User_4162,outgoing
2201,1,28,0.0493197278911564,0.0242134618841335,0.0,0.2694797989182047,0.3333333333333333,User_2201,outgoing
155,1,28,0.0493197278911564,9.517692477350056e-05,0.0,0.1805253021879235,0.3333333333333333,User_155,outandin
4263,1,28,0.0493197278911564,0.0242134618841335,0.0,0.2694797989182047,0.16666666666666666,User_4263,outandin
4270,1,28,0.0493197278911564,0.0121067309420667,0.0,0.2694797989182047,0.16666666666666666,User_4270,incoming
4318,1,28,0.0493197278911564,0.000292797020563,0.0,0.1836454925961098,0.16666666666666666,User_4318,outandin
238,1,28,0.0493197278911564,0.0242134618841335,0.0,0.2694797989182047,0.5,User_238,outgoing
4347,1,28,0.0493197278911564,0.0242134618841335,0.0,0.2694797989182047,0.16666666666666666,User_4347,outandin
4551,1,28,0.0493197278911564,0.0029166035242182,0.0,0.2170518224749742,0.16666666666666666,User_4551,incoming
4560,1,28,0.0493197278911564,0.001526908337713,0.0,0.2244196867028146,0.16666666666666666,User_4560,outandin
4577,1,28,0.0493197278911564,0.005040327879935,0.0,0.2308034895311854,0.16666666666666666,User_4577,outandin
4623,1,28,0.0493197278911564,0.0242134618841335,0.0,0.2694797989182047,0.16666666666666666,User_4623,outandin
4628,1,28,0.0493197278911564,0.000292797020563,0.0,0.1836454925961098,0.16666666666666666,User_4628,outandin
2928,1,28,0.0493197278911564,0.0242134618841335,0.0,0.2694797989182047,0.3333333333333333,User_2928,outandin
3003,1,28,0.0493197278911564,0.0242134618841335,0.0,0.2694797989182047,0.16666666666666666,User_3003,outgoing
4303,1,28,0.0493197278911564,0.0242134618841335,0.0,0.2694797989182047,0.16666666666666666,User_4303,outandin
3270,1,28,0.0493197278911564,0.0001123870646871,0.0,0.1776860629140143,0.3333333333333333,User_3270,
3370,1,28,0.0493197278911564,0.0242134618841335,0.0,0.2694797989182047,0.3333333333333333,User_3370,outandin
3534,1,28,0.0493197278911564,0.0121067309420667,0.0,0.2694797989182047,0.16666666666666666,User_3534,outgoing
3535,1,28,0.0493197278911564,0.0242134618841335,0.0,0.2694797989182047,0.16666666666666666,User_3535,outgoing
3595,1,28,0.0493197278911564,0.0018331360533689,0.0,0.2335209560484285,0.16666666666666666,User_3595,outgoing
4384,1,28,0.0493197278911564,0.000292797020563,0.0,0.1836454925961098,0.16666666666666666,User_4384,incoming
1750,1,28,0.0493197278911564,0.0121067309420667,0.0,0.2694797989182047,0.5,User_1750,outgoing
4280,2,28,0.0493197278911564,0.0244038157336805,0.0007165911248956,0.2698872373804336,0.3333333333333333,User_4280,outandin
4380,2,28,0.0493197278911564,0.018439976789313,0.0,0.2639021567170591,0.16666666666666666,User_4380,outandin
4388,2,28,0.0493197278911564,0.0038417667194285,6.369810291378919e-06,0.2267573917726356,0.16666666666666666,User_4388,outandin
4548,2,28,0.0493197278911564,0.0029209268921007,0.0020864756158873,0.2171574437997795,0.16666666666666666,User_4548,outandin
1528,2,28,0.0493197278911564,0.004486379209119,0.0001348188791585,0.2656300875050875,0.3333333333333333,User_1528,
1548,2,28,0.0493197278911564,0.0032791623539186,2.285296402943462e-06,0.2217433773955513,0.5,User_1548,
1764,2,28,0.0493197278911564,0.005901916122369,0.0019620530349996,0.2488199314237786,0.5,User_1764,
2188,3,28,0.0493197278911564,0.0024735789970604,0.0020887609122903,0.2214133202721642,0.5,User_2188,outgoing
4430,3,28,0.0493197278911564,0.0396681889190732,0.0001221372844847,0.2804893444428328,0.16666666666666666,User_4430,outandin
4521,3,28,0.0493197278911564,0.0373827003942736,2.0313745803941886e-06,0.2777830980445359,0.3333333333333333,User_4521,incoming
3233,3,28,0.0493197278911564,0.0152624621531812,0.0043368906842259,0.2828000931613099,0.3333333333333333,User_3233,outandin
4455,3,28,0.0493197278911564,0.0258162673570337,0.0010395327939282,0.278302804495508,0.16666666666666666,User_4455,outandin
540,4,28,0.0493197278911564,0.059229870140295,0.0,0.2904383644702551,0.5,User_540,outgoing
3404,4,28,0.0493197278911564,0.0038047189635207,0.0062525709584533,0.2261254355249795,0.16666666666666666,User_3404,
4031,4,28,0.0493197278911564,0.0137416601546766,0.0005325570246554,0.2631241432833414,0.16666666666666666,User_4031,
4287,5,28,0.0493197278911564,0.048571361271021,0.0083378857888661,0.2935911493477283,0.16666666666666666,User_4287,outandin
4431,5,28,0.0493197278911564,0.0562771058535437,2.5884609217942544e-05,0.297505698005698,0.16666666666666666,User_4431,outandin
1499,5,28,0.0493197278911564,0.0379061934604556,0.0062502856620503,0.2789987789987789,0.16666666666666666,User_1499,outgoing
3697,5,28,0.0493197278911564,0.0396900315360923,0.0026795775988337,0.291291479770592,0.16666666666666666,User_3697,
2110,6,28,0.0493197278911564,0.033018925008136,0.0006319156196199,0.2786503571704946,0.3333333333333333,User_2110,
4283,6,28,0.0493197278911564,0.0447344859626804,0.0011991133232927,0.2964188289661554,0.16666666666666666,User_4283,outandin
2397,10,28,0.0493197278911564,0.0655074598563094,0.0028312190968783,0.3021384881574455,0.16666666666666666,User_2397,
3107,10,28,0.0493197278911564,0.0476496596010279,0.0160664893347016,0.3068123389539683,0.16666666666666666,User_3107,
4370,10,28,0.0493197278911564,0.0758865145160035,0.0053347811517415,0.310332786514984,0.16666666666666666,User_4370,incoming
4350,14,28,0.0493197278911564,0.0804810313304309,0.0250740209514017,0.3290992234576305,0.16666666666666666,User_4350,outandin
4172,84,28,0.0493197278911564,0.3146536189219036,0.1491168955793464,0.3720371379812813,0.16666666666666666,User_4172,
