node,centrality,community,density,name,type,betwness,closeness,eign,volatility
10003,1019,0,1017,10003,,0.2795943791375578,0.2725609248939533,0.0022206601173439,4
10033,1195,1,823,10033,,0.3003882614535987,0.3760615102134496,0.5148076906570861,4
10007,746,2,637,10007,,0.1673505567303289,0.3176618844513377,0.0990980573352889,4
10032,576,3,311,10032,,0.0968242408091925,0.3117093122800342,0.1459508720310304,4
10034,482,4,278,10034,,0.0666082019793218,0.3030050855293574,0.1234348347377021,4
10020,590,5,257,10020,,0.0883093009859007,0.312006093497096,0.1977427574295841,4
10047,177,6,169,10047,,0.0549920586306736,0.2305311290889905,0.0015933611823034,4
10011,170,7,149,10011,,0.0360650994974655,0.2879360337404446,0.0143922617846175,4
10071,157,8,139,10071,,0.0405638462651977,0.3035664659564613,0.0055560286344294,4
10006,216,9,129,10006,,0.0478378192312818,0.3248413957176844,0.0369856980491931,4
10073,459,10,129,10073,,0.0534391614265478,0.3096768096768096,0.1805807907187473,4
10039,377,11,128,10039,,0.0464467270513462,0.3053769452986674,0.1082389678584749,4
10077,202,12,120,10077,,0.0278973889263953,0.2902568644818423,0.0371735957462387,4
10016,292,13,119,10016,,0.0388841181985262,0.3029490616621983,0.0798044521765607,4
10017,283,14,109,10017,,0.033866923286745,0.3020554889851599,0.0803053631044109,4
10055,424,15,98,10055,,0.0593058591905657,0.3372093023255814,0.1754433870551217,4
10149,116,16,80,10149,,0.0177040111528389,0.2886715997181113,0.0144973792726604,4
10008,168,17,73,10008,,0.0176034839224027,0.2991874372318086,0.0425913057315922,4
10091,148,18,70,10091,,0.0238824021475967,0.3192401363857769,0.028920776337727,4
10105,99,19,70,10105,,0.0176203750671702,0.2740883238541318,0.0095534510958671,4
10147,105,20,68,10147,,0.0228908273899133,0.3049506793225386,0.0105574563483573,4
10087,71,21,67,10087,,0.019783412955784,0.1864156095341032,1.687139796499724e-05,4
10053,179,22,64,10053,,0.0213219395107319,0.2927461139896373,0.0421733693417668,4
10025,134,23,62,10025,,0.0126787363038067,0.2864760905673573,0.0342978580296879,4
10108,81,24,62,10108,,0.0152448463974746,0.2800376004101862,0.0086370719916005,4
10196,113,25,61,10196,,0.0171085100201337,0.2888497135301895,0.0151376948131266,4
10093,353,26,60,10093,,0.0789841288559598,0.3403968006647969,0.1401452192345467,4
10026,76,27,52,10026,,0.0115950311362483,0.2753550121838501,0.0086491469913612,4
10051,179,28,51,10051,,0.0090458817540006,0.2913147835363143,0.0710237674298733,4
10088,83,29,49,10088,,0.0116996775866717,0.2775237127371274,0.0060038175930713,4
10037,62,30,46,10037,,0.0095222382529542,0.2820865972282,0.0058292026113029,4
10177,259,31,43,10177,,0.0439406614531332,0.3390233809228222,0.1027964440052055,4
10009,74,32,41,10009,,0.0072114625030621,0.2771950600575198,0.0205317590818803,4
10191,58,33,41,10191,,0.0100840688599713,0.27397374801438,0.0047219453399778,2
10070,54,34,40,10070,,0.0100804928967821,0.2545242718446602,0.0034693368378143,4
10019,54,35,39,10019,,0.0096714482722946,0.2969642048028998,0.0056937904191183,4
10036,52,36,39,10036,,0.0080003290783405,0.2644874899112187,0.0055010685508036,4
10148,87,37,38,10148,,0.0106210677713531,0.2843383947939262,0.0163933095188389,4
10086,79,38,38,10086,,0.0096060601663652,0.2852790110559763,0.009219587353388,4
10010,85,39,37,10010,,0.0057470252176362,0.2839195979899497,0.0198744884413491,4
10052,148,40,36,10052,,0.0132161570176981,0.295731432181211,0.0413522575228272,4
10054,177,41,36,10054,,0.0099244585631649,0.2913924951093722,0.0700636791203813,4
10056,96,42,35,10056,,0.0081081526548708,0.2847089487402259,0.0228371560734497,4
10153,76,43,34,10153,,0.0246236768675927,0.2821108815426997,0.017271636151036,4
10066,73,44,34,10066,outgoing,0.0340633115653771,0.3037916010012051,0.0063281944332056,3
10064,71,45,32,10064,,0.0060004026095262,0.2688930827931402,0.0149088233438602,4
10119,54,46,29,10119,,0.0066880973310038,0.279345324354275,0.0084992766584279,3
10041,92,47,29,10041,,0.0078716979290979,0.2839195979899497,0.0182861663877458,4
10065,185,48,29,10065,,0.013030307021595,0.2986693401385344,0.0693086402749773,4
10014,38,49,28,10014,,0.005910741860788,0.2063212239501353,0.0001125050622517,4
10143,67,50,28,10143,outgoing,0.008495625556889,0.284313725490196,0.0080603101720874,3
10031,60,51,28,10031,outgoing,0.0069031572432514,0.2788224283161746,0.010983196574384,3
10162,38,52,28,10162,,0.0129444067567535,0.2728332362001499,0.0011754854674523,4
10013,56,53,27,10013,,0.0052392974754524,0.2669436298468556,0.006949669889754,4
10060,47,54,26,10060,outgoing,0.0116462440386945,0.2895132078805548,0.0041101030514808,1
10339,37,55,26,10339,outgoing,0.0062635649141508,0.2692465697148961,0.0037774929165224,3
10030,56,56,25,10030,outgoing,0.0048964965573482,0.2717923198142158,0.0067271138410949,2
10298,67,57,25,10298,incoming,0.0061741041251065,0.2803490461117289,0.0141500337941056,3
10115,78,58,24,10115,incoming,0.0056861256045934,0.2805890915318092,0.0156206737262464,3
10139,28,59,24,10139,,0.0066704310853311,0.259626049754397,0.0015437399913037,4
10057,97,60,23,10057,outgoing,0.0136482181243443,0.3116500237755587,0.0278153010892139,1
10058,60,61,23,10058,incoming,0.0065140970581475,0.2765867656988521,0.006202940253891,3
10212,127,62,23,10212,outandin,0.0091375704128751,0.2957848181243794,0.0347537505639317,0
3,1,0,1017,10003__Node__3,,0.0,0.2141900062093532,5.609007953745333e-05,4
4,1,0,1017,10003__Node__4,,0.0,0.2141900062093532,5.609007953745333e-05,2
7,1,9,129,10006__Node__7,,0.0,0.2452018406973699,0.0009341955255218,4
8,2,2,637,10007__Node__8,,0.0001167955383124,0.2492109966158409,0.0056208005532169,4
9,1,0,1017,10003__Node__9,,0.0,0.2141900062093532,5.609007953745333e-05,4
10,2,1,823,10033__Node__10,,7.751875808169314e-05,0.2762719723475108,0.0140789460743469,4
11,1,32,41,10009__Node__11,,0.0,0.2170414279564195,0.0005185971463854,4
13,2,7,149,10011__Node__13,,0.0004027052542993,0.2767853372186325,0.0133666864153776,4
14,1,2,637,10007__Node__14,,0.0,0.2410888357550119,0.0025030475733457,4
16,1,0,1017,10003__Node__16,,0.0,0.2141900062093532,5.609007953745333e-05,4
17,1,53,27,10013__Node__17,,0.0,0.210705674328886,0.0001755367846843,4
18,1,49,28,10014__Node__18,,0.0,0.1710378663326287,2.841685605456861e-06,3
19,1,7,149,10011__Node__19,,0.0,0.2235715504008187,0.0003635239368321,4
21,5,58,24,10115__Node__21,incoming,0.0013583010962438,0.2984925080839823,0.0210626510915052,3
22,5,11,128,10039__Node__22,outgoing,0.0002668858926686,0.2465114529657351,0.0087343048747932,1
23,1,0,1017,10003__Node__23,,0.0,0.2141900062093532,5.609007953745333e-05,4
25,3,35,39,10019__Node__25,,0.0002735534274527,0.2782187884705183,0.0175783780247552,4
28,3,2,637,10007__Node__28,outgoing,0.0008897551157212,0.2942312008978676,0.016440405577413,1
31,1,0,1017,10003__Node__31,outgoing,0.0,0.2141900062093532,5.609007953745333e-05,3
32,1,0,1017,10003__Node__32,,0.0,0.2141900062093532,5.609007953745333e-05,4
34,1,0,1017,10003__Node__34,,0.0,0.2141900062093532,5.609007953745333e-05,4
35,1,0,1017,10003__Node__35,,0.0,0.2141900062093532,5.609007953745333e-05,4
37,1,0,1017,10003__Node__37,,0.0,0.2141900062093532,5.609007953745333e-05,4
38,3,39,37,10010__Node__38,,3.476193457614392e-05,0.2350199017463334,0.0033283970164813,2
39,1,23,62,10025__Node__39,,0.0,0.2226903605042302,0.000866305280049,4
40,1,0,1017,10003__Node__40,outgoing,0.0,0.2141900062093532,5.609007953745333e-05,1
41,1,27,52,10026__Node__41,,0.0,0.2159117114149234,0.0002184626719269,4
42,1,7,149,10011__Node__42,,0.0,0.2235715504008187,0.0003635239368321,4
45,1,2,637,10007__Node__45,,0.0,0.2410888357550119,0.0025030475733457,4
47,1,0,1017,10003__Node__47,,0.0,0.2141900062093532,5.609007953745333e-05,3
48,2,9,129,10006__Node__48,outgoing,3.791646577480716e-05,0.2463261547713008,0.0011041109247571,2
49,1,0,1017,10003__Node__49,,0.0,0.2141900062093532,5.609007953745333e-05,3
50,6,17,73,10008__Node__50,outandin,0.0007206078636297,0.2693904393933166,0.0085860044042103,1
51,2,3,311,10032__Node__51,,1.446271578084392e-05,0.241639936585186,0.0064204009544999,2
52,1,1,823,10033__Node__52,,0.0,0.2732996955923439,0.0130031624785455,4
53,2,4,278,10034__Node__53,,1.6468010534496106e-05,0.237610122176703,0.004162240335407,4
55,1,36,39,10036__Node__55,,0.0,0.2091724380046596,0.000138947590469,4
56,1,0,1017,10003__Node__56,outgoing,0.0,0.2141900062093532,5.609007953745333e-05,2
57,2,1,823,10033__Node__57,outandin,5.444984180463453e-05,0.2741456477182415,0.0135217596249309,0
58,1,0,1017,10003__Node__58,,0.0,0.2141900062093532,5.609007953745333e-05,3
59,1,32,41,10009__Node__59,,0.0,0.2170414279564195,0.0005185971463854,4
60,1,30,46,10037__Node__60,,0.0,0.2200288716554201,0.0001472356960681,4
61,17,2,637,10007__Node__61,incoming,0.005942153707783,0.3215109148883983,0.0314784517144033,2
62,2,2,637,10007__Node__62,,0.0002171395738015,0.2628223122268115,0.0032335369590912,4
63,1,11,128,10039__Node__63,,0.0,0.2339461003034089,0.0027339313516807,4
65,1,0,1017,10003__Node__65,,0.0,0.2141900062093532,5.609007953745333e-05,4
66,2,3,311,10032__Node__66,,2.2026450600214655e-05,0.2436159536111214,0.0068042225826903,4
69,1,4,278,10034__Node__69,incoming,0.0,0.2325515381613029,0.0031177529798711,3
72,1,6,169,10047__Node__72,,0.0,0.187348140525398,4.024558046919183e-05,4
74,1,2,637,10007__Node__74,,0.0,0.2410888357550119,0.0025030475733457,3
75,10,3,311,10032__Node__75,,0.0022970726536371,0.2747662767786022,0.020602091484771,4
76,1,0,1017,10003__Node__76,,0.0,0.2141900062093532,5.609007953745333e-05,4
77,1,0,1017,10003__Node__77,,0.0,0.2141900062093532,5.609007953745333e-05,4
79,1,0,1017,10003__Node__79,,0.0,0.2141900062093532,5.609007953745333e-05,4
83,1,40,36,10052__Node__83,,0.0,0.2282430785303848,0.0010444873555359,4
85,6,1,823,10033__Node__85,,0.001987685386293,0.3093698371489261,0.0243851279544004,4
87,3,15,98,10055__Node__87,,9.505136129153278e-05,0.2844247710801545,0.0219957247768577,4
89,3,2,637,10007__Node__89,outgoing,0.0002278039940547,0.2633080229801936,0.0037076101567874,3
90,3,11,128,10039__Node__90,incoming,0.0001037121366963,0.2406108887991482,0.0059906319220209,3
91,1,0,1017,10003__Node__91,,0.0,0.2141900062093532,5.609007953745333e-05,4
92,1,20,68,10147__Node__92,,0.0,0.233695845961847,0.000266663305054,4
93,1,54,26,10060__Node__93,outgoing,0.0,0.2245212565516768,0.0001038141790651,2
94,3,17,73,10008__Node__94,outgoing,0.0001151878655436,0.2786683107274969,0.0158295638817698,2
96,1,6,169,10047__Node__96,,0.0,0.187348140525398,4.024558046919183e-05,4
97,1,2,637,10007__Node__97,,0.0,0.2410888357550119,0.0025030475733457,4
98,1,33,41,10191__Node__98,outgoing,0.0,0.2150615258408531,0.0001192682696565,3
99,1,0,1017,10003__Node__99,,0.0,0.2141900062093532,5.609007953745333e-05,4
100,1,3,311,10032__Node__100,,0.0,0.2376445846477392,0.0036864696028191,4
101,1,9,129,10006__Node__101,,0.0,0.2452018406973699,0.0009341955255218,4
104,1,45,32,10064__Node__104,,0.0,0.2119183884631551,0.0003765713990338,3
105,2,14,109,10017__Node__105,,0.0001029283087548,0.2792144165637115,0.0150315387116441,4
106,1,1,823,10033__Node__106,,0.0,0.2732996955923439,0.0130031624785455,4
107,1,44,34,10066__Node__107,outgoing,0.0,0.2330145411881821,0.0001598393767306,3
108,1,35,39,10019__Node__108,,0.0,0.2289766970618034,0.000143815415508,4
109,2,2,637,10007__Node__109,,0.00016891739531,0.2511014903643538,0.0074976916909006,4
110,2,44,34,10066__Node__110,outgoing,0.0002220916243724,0.2512169880026064,0.0021755634558302,2
111,2,13,119,10016__Node__111,outgoing,2.2679884314924985e-05,0.2589797289287548,0.0046121865793203,1
112,1,0,1017,10003__Node__112,,0.0,0.2141900062093532,5.609007953745333e-05,4
113,2,5,257,10020__Node__113,outandin,4.161252533755732e-05,0.2390662046325004,0.0054087111004363,1
114,1,9,129,10006__Node__114,,0.0,0.2452018406973699,0.0009341955255218,4
115,1,11,128,10039__Node__115,,0.0,0.2339461003034089,0.0027339313516807,4
116,1,34,40,10070__Node__116,,0.0,0.2028913723183605,8.76295195538406e-05,4
117,1,8,139,10071__Node__117,,0.0,0.2328820665884944,0.0001403357882566,4
118,1,0,1017,10003__Node__118,,0.0,0.2141900062093532,5.609007953745333e-05,4
120,1,10,129,10073__Node__120,,0.0,0.2364613774939567,0.0045611621676105,4
121,1,28,51,10051__Node__121,,0.0,0.2256032494578499,0.0017939389882662,4
123,3,28,51,10051__Node__123,outandin,3.101358748200301e-05,0.2645408678102926,0.0098949298907043,2
124,2,27,52,10026__Node__124,,1.0696659804046282e-06,0.2188094681667946,0.0003751383421429,4
126,2,9,129,10006__Node__126,,5.194145938329788e-05,0.2570095290380769,0.0053655956562235,4
127,6,60,23,10057__Node__127,outgoing,0.0013263333626735,0.2879486841527173,0.0180352398925701,1
129,1,11,128,10039__Node__129,,0.0,0.2339461003034089,0.0027339313516807,4
130,1,34,40,10070__Node__130,incoming,0.0,0.2028913723183605,8.76295195538406e-05,3
131,2,1,823,10033__Node__131,outgoing,3.966877315413464e-05,0.2798582347666424,0.016542991213373,2
133,1,2,637,10007__Node__133,,0.0,0.2410888357550119,0.0025030475733457,2
134,1,41,36,10054__Node__134,,0.0,0.2256498536753313,0.0017696887983241,4
135,14,3,311,10032__Node__135,,0.0053840903400914,0.3211643063654628,0.0398475767341875,2
136,1,13,119,10016__Node__136,,0.0,0.2325185369141802,0.0020157240790995,4
137,1,1,823,10033__Node__137,,0.0,0.2732996955923439,0.0130031624785455,4
139,3,15,98,10055__Node__139,,4.756225682206218e-05,0.2786446154500234,0.0192042514075714,4
140,2,3,311,10032__Node__140,,2.2026450600214655e-05,0.2436159536111214,0.0068042225826903,4
141,1,38,38,10086__Node__141,,0.0,0.2219663358959596,0.0002328710206101,4
142,3,2,637,10007__Node__142,,0.000197238585934,0.2502386315910045,0.0060153520763837,4
143,1,0,1017,10003__Node__143,,0.0,0.2141900062093532,5.609007953745333e-05,4
144,2,18,70,10091__Node__144,,6.9418075852931e-05,0.2595540770662548,0.0057251335033003,3
145,2,9,129,10006__Node__145,,5.721827429210136e-05,0.2497237569060773,0.0019994227623541,4
146,1,14,109,10017__Node__146,,0.0,0.2319917879013132,0.0020283762330986,4
147,3,7,149,10011__Node__147,outgoing,0.0001638288186704,0.2351548204226615,0.0018044610503281,1
148,1,0,1017,10003__Node__148,,0.0,0.2141900062093532,5.609007953745333e-05,3
149,1,7,149,10011__Node__149,,0.0,0.2235715504008187,0.0003635239368321,4
150,1,21,67,10087__Node__150,,0.0,0.1571288149409029,4.2614267999579756e-07,4
151,1,13,119,10016__Node__151,,0.0,0.2325185369141802,0.0020157240790995,4
153,1,29,49,10088__Node__153,,0.0,0.2172428651927475,0.000151646172097,4
154,1,0,1017,10003__Node__154,,0.0,0.2141900062093532,5.609007953745333e-05,3
155,1,28,51,10051__Node__155,,0.0,0.2256032494578499,0.0017939389882662,4
156,3,30,46,10037__Node__156,outgoing,0.0002891750217384,0.2426239218154222,0.0028258200540982,1
158,11,3,311,10032__Node__158,,0.0028082566098416,0.3202540923527974,0.0366049835682944,4
159,2,7,149,10011__Node__159,,0.0004027052542993,0.2767853372186325,0.0133666864153776,4
161,5,60,23,10057__Node__161,outgoing,0.0008456404653024,0.2698785258389952,0.0095482235159946,2
162,1,0,1017,10003__Node__162,,0.0,0.2141900062093532,5.609007953745333e-05,4
164,5,28,51,10051__Node__164,,0.0002474901148166,0.276225397226788,0.0156588056925502,4
168,2,1,823,10033__Node__168,,5.2822485245991e-05,0.2749276395821972,0.0138694677585945,4
170,3,4,278,10034__Node__170,,5.308027260134693e-05,0.2444701406244172,0.0078800605646506,4
173,1,2,637,10007__Node__173,,0.0,0.2410888357550119,0.0025030475733457,4
175,2,1,823,10033__Node__175,,0.0002302210228481,0.285913711119836,0.0166896320813646,4
176,1,1,823,10033__Node__176,,0.0,0.2732996955923439,0.0130031624785455,4
177,3,17,73,10008__Node__177,,0.0001168710311709,0.2658284323666599,0.0073495436823097,4
179,1,7,149,10011__Node__179,,0.0,0.2235715504008187,0.0003635239368321,4
180,2,0,1017,10003__Node__180,,0.0758101370704703,0.2993377483443709,0.0130592525580829,4
182,2,3,311,10032__Node__182,,1.760267660269371e-05,0.2395380285808267,0.004730956958355,4
184,1,3,311,10032__Node__184,,0.0,0.2376445846477392,0.0036864696028191,4
185,3,1,823,10033__Node__185,incoming,0.0001796108866029,0.2811306996096598,0.0183735041094861,3
186,1,24,62,10108__Node__186,,0.0,0.2187802516940948,0.0002181576780687,4
188,2,1,823,10033__Node__188,incoming,9.987258965988197e-05,0.2743292453225064,0.0132805792541345,3
189,1,2,637,10007__Node__189,,0.0,0.2410888357550119,0.0025030475733457,4
190,3,2,637,10007__Node__190,,0.0001947516789642,0.2642422287626497,0.0038317946220343,3
191,1,24,62,10108__Node__191,,0.0,0.2187802516940948,0.0002181576780687,2
192,1,13,119,10016__Node__192,,0.0,0.2325185369141802,0.0020157240790995,4
193,6,28,51,10051__Node__193,,0.000496567414093,0.2728218790325937,0.0142153351401108,4
195,4,3,311,10032__Node__195,,0.0005109467941699,0.2625065085913405,0.006334621733367,4
196,17,3,311,10032__Node__196,,0.0065957486982156,0.3235105385260872,0.0369437912402862,4
198,3,3,311,10032__Node__198,,4.785505355854373e-05,0.2426059596520451,0.006882278267067,2
199,2,6,169,10047__Node__199,,0.0009627520948816,0.228752923109141,6.993633451550815e-05,4
201,1,5,257,10020__Node__201,,0.0,0.2378170470626655,0.0049946441175549,2
203,1,30,46,10037__Node__203,,0.0,0.2200288716554201,0.0001472356960681,4
205,2,1,823,10033__Node__205,,0.0001029283087548,0.2792144165637115,0.0150315387116441,4
206,2,2,637,10007__Node__206,,0.0005990651794139,0.2908622908622909,0.0155062100518912,4
207,1,13,119,10016__Node__207,outgoing,0.0,0.2325185369141802,0.0020157240790995,1
208,2,13,119,10016__Node__208,outgoing,1.6511490016250973e-05,0.2402933088909257,0.0065768862467101,3
211,1,0,1017,10003__Node__211,,0.0,0.2141900062093532,5.609007953745333e-05,4
212,1,0,1017,10003__Node__212,,0.0,0.2141900062093532,5.609007953745333e-05,4
213,1,6,169,10047__Node__213,,0.0,0.187348140525398,4.024558046919183e-05,4
214,1,46,29,10119__Node__214,,0.0,0.2183574879227053,0.0002146772034399,3
216,1,0,1017,10003__Node__216,outgoing,0.0,0.2141900062093532,5.609007953745333e-05,3
217,3,29,49,10088__Node__217,,0.0007781564301553,0.2850432740399252,0.0162725616305137,3
218,2,7,149,10011__Node__218,outgoing,0.0001493312563374,0.2470131534315757,0.0010940133225776,3
219,3,24,62,10108__Node__219,outgoing,0.000361635257493,0.2774414765271134,0.0149719379640371,3
220,4,1,823,10033__Node__220,,0.0007297734537798,0.2828779835124519,0.0160753167139407,3
222,1,34,40,10070__Node__222,,0.0,0.2028913723183605,8.76295195538406e-05,4
223,1,3,311,10032__Node__223,outgoing,0.0,0.2376445846477392,0.0036864696028191,3
224,1,6,169,10047__Node__224,,0.0,0.187348140525398,4.024558046919183e-05,2
225,1,21,67,10087__Node__225,,0.0,0.1571288149409029,4.2614267999579756e-07,4
227,1,29,49,10088__Node__227,outgoing,0.0,0.2172428651927475,0.000151646172097,3
230,2,1,823,10033__Node__230,,1.86533559249534e-05,0.2772302356076308,0.0174345626092472,4
231,2,1,823,10033__Node__231,,1.86533559249534e-05,0.2772302356076308,0.0174345626092472,4
232,1,4,278,10034__Node__232,,0.0,0.2325515381613029,0.0031177529798711,4
235,1,6,169,10047__Node__235,,0.0,0.187348140525398,4.024558046919183e-05,2
237,3,58,24,10115__Node__237,,6.635095151378482e-05,0.2519122112464926,0.0020639824091511,3
238,1,29,49,10088__Node__238,,0.0,0.2172428651927475,0.000151646172097,4
239,1,0,1017,10003__Node__239,,0.0,0.2141900062093532,5.609007953745333e-05,4
240,3,4,278,10034__Node__240,,4.008467469081017e-05,0.2414440965186959,0.0060239495593302,4
241,1,2,637,10007__Node__241,,0.0,0.2410888357550119,0.0025030475733457,4
242,14,2,637,10007__Node__242,,0.0096570700047298,0.3146574487493399,0.0292881152195897,4
243,2,23,62,10025__Node__243,,3.636047402035756e-05,0.2483422378841271,0.0015967946657945,4
245,1,27,52,10026__Node__245,incoming,0.0,0.2159117114149234,0.0002184626719269,2
249,2,36,39,10036__Node__249,incoming,4.487318005271489e-05,0.2346496724070029,0.0028728789421497,1
250,1,21,67,10087__Node__250,,0.0,0.1571288149409029,4.2614267999579756e-07,4
251,1,54,26,10060__Node__251,outgoing,0.0,0.2245212565516768,0.0001038141790651,1
252,1,2,637,10007__Node__252,,0.0,0.2410888357550119,0.0025030475733457,4
254,1,30,46,10037__Node__254,,0.0,0.2200288716554201,0.0001472356960681,4
255,1,7,149,10011__Node__255,,0.0,0.2235715504008187,0.0003635239368321,4
256,1,0,1017,10003__Node__256,,0.0,0.2141900062093532,5.609007953745333e-05,4
257,1,0,1017,10003__Node__257,outgoing,0.0,0.2141900062093532,5.609007953745333e-05,3
258,1,14,109,10017__Node__258,,0.0,0.2319917879013132,0.0020283762330986,4
259,2,8,139,10071__Node__259,,0.0002720069428727,0.2530208856117052,0.0021560598673561,4
260,2,0,1017,10003__Node__260,,0.0010737142824496,0.2523001116372175,0.0002159294562681,4
262,1,62,23,10212__Node__262,outgoing,0.0,0.228274877224757,0.0008778203463604,1
263,1,0,1017,10003__Node__263,,0.0,0.2141900062093532,5.609007953745333e-05,4
264,3,3,311,10032__Node__264,,0.0001717856147574,0.2710168300045486,0.0099602296893274,4
265,2,1,823,10033__Node__265,incoming,0.0001376415845089,0.2749276395821972,0.0134172294614269,3
266,1,0,1017,10003__Node__266,,0.0,0.2141900062093532,5.609007953745333e-05,4
267,2,2,637,10007__Node__267,,0.0001167955383124,0.2492109966158409,0.0056208005532169,4
268,2,8,139,10071__Node__268,,0.0002159941582577,0.2418717939255268,0.0004069990933106,4
269,3,1,823,10033__Node__269,,0.0003695847048865,0.2914832110295752,0.0202294608161922,4
270,2,3,311,10032__Node__270,,4.388424077863234e-05,0.2455509347720205,0.0082476317704297,4
271,1,2,637,10007__Node__271,,0.0,0.2410888357550119,0.0025030475733457,4
272,1,7,149,10011__Node__272,outgoing,0.0,0.2235715504008187,0.0003635239368321,1
273,1,8,139,10071__Node__273,,0.0,0.2328820665884944,0.0001403357882566,4
274,4,4,278,10034__Node__274,,0.0005989169853859,0.2968969422423556,0.0225413164129166,3
275,1,7,149,10011__Node__275,,0.0,0.2235715504008187,0.0003635239368321,4
276,1,59,24,10139__Node__276,,0.0,0.2061200742208384,3.899223398533341e-05,4
277,1,48,29,10065__Node__277,,0.0,0.2299891216619293,0.0017506178074229,4
278,2,6,169,10047__Node__278,outgoing,0.0092842382981444,0.2799299534446675,0.0130434080590146,1
279,3,40,36,10052__Node__279,,3.64397511018663e-05,0.237920644716303,0.0041380908254669,4
280,2,0,1017,10003__Node__280,,0.0056648271323817,0.2498760913492698,8.578083358376966e-05,4
281,1,0,1017,10003__Node__281,,0.0,0.2141900062093532,5.609007953745333e-05,4
286,2,6,169,10047__Node__286,,2.8492999182442007e-05,0.187551867219917,4.308726607464869e-05,4
287,1,2,637,10007__Node__287,,0.0,0.2410888357550119,0.0025030475733457,4
289,5,27,52,10026__Node__289,,0.0004728443331435,0.2672593075887942,0.0097601839481849,3
290,1,0,1017,10003__Node__290,,0.0,0.2141900062093532,5.609007953745333e-05,4
292,1,5,257,10020__Node__292,,0.0,0.2378170470626655,0.0049946441175549,4
293,2,32,41,10009__Node__293,,5.444984180463453e-05,0.2741456477182415,0.0135217596249309,2
294,3,2,637,10007__Node__294,,0.000707342725015,0.2921067878949949,0.015900761575058,3
296,3,10,129,10073__Node__296,,3.101358748200301e-05,0.2645408678102926,0.0098949298907043,4
297,1,3,311,10032__Node__297,,0.0,0.2376445846477392,0.0036864696028191,4
299,1,8,139,10071__Node__299,,0.0,0.2328820665884944,0.0001403357882566,4
300,3,0,1017,10003__Node__300,,0.0086193025643568,0.2620866157475907,0.0004825927613221,4
301,3,1,823,10033__Node__301,,7.507214724905258e-05,0.2832692224575355,0.0209743913440747,4
302,1,37,38,10148__Node__302,,0.0,0.2213964800864777,0.0004140669828814,4
303,1,16,80,10149__Node__303,,0.0,0.2240147656970981,0.0003661790249382,4
304,1,7,149,10011__Node__304,,0.0,0.2235715504008187,0.0003635239368321,4
305,1,26,60,10093__Node__305,outandin,0.0,0.2539621033053048,0.0035398287348275,2
307,1,0,1017,10003__Node__307,outgoing,0.0,0.2141900062093532,5.609007953745333e-05,3
308,1,10,129,10073__Node__308,,0.0,0.2364613774939567,0.0045611621676105,4
309,2,26,60,10093__Node__309,,3.718563129119058e-05,0.2582857142857143,0.0046156123306289,3
310,1,44,34,10066__Node__310,outandin,0.0,0.2330145411881821,0.0001598393767306,1
311,1,8,139,10071__Node__311,,0.0,0.2328820665884944,0.0001403357882566,4
312,1,1,823,10033__Node__312,outgoing,0.0,0.2732996955923439,0.0130031624785455,3
314,5,4,278,10034__Node__314,,0.0003534708238734,0.2732313336390545,0.0122229672673158,3
315,2,2,637,10007__Node__315,,0.0001167955383124,0.2492109966158409,0.0056208005532169,4
316,1,21,67,10087__Node__316,,0.0,0.1571288149409029,4.2614267999579756e-07,4
317,1,0,1017,10003__Node__317,,0.0,0.2141900062093532,5.609007953745333e-05,3
318,1,2,637,10007__Node__318,,0.0,0.2410888357550119,0.0025030475733457,4
319,2,1,823,10033__Node__319,,5.444984180463453e-05,0.2741456477182415,0.0135217596249309,4
320,1,5,257,10020__Node__320,,0.0,0.2378170470626655,0.0049946441175549,4
321,1,0,1017,10003__Node__321,,0.0,0.2141900062093532,5.609007953745333e-05,4
322,1,43,34,10153__Node__322,,0.0,0.2200436461306026,0.0004362520125827,4
323,4,7,149,10011__Node__323,,0.000899003498608,0.2867392921205757,0.0213379152809069,4
325,1,42,35,10056__Node__325,,0.0,0.2216210732762993,0.0005768275345536,4
326,1,0,1017,10003__Node__326,,0.0,0.2141900062093532,5.609007953745333e-05,3
328,5,1,823,10033__Node__328,outgoing,0.0008241554037531,0.2868899102648282,0.0194523028412996,3
329,2,0,1017,10003__Node__329,,0.0031692384936837,0.2508900202886345,0.0001999054950454,4
330,1,0,1017,10003__Node__330,,0.0,0.2141900062093532,5.609007953745333e-05,4
331,1,0,1017,10003__Node__331,,0.0,0.2141900062093532,5.609007953745333e-05,4
333,7,26,60,10093__Node__333,,0.0005797371463898,0.2829268292682926,0.0183583982694092,4
334,1,0,1017,10003__Node__334,,0.0,0.2141900062093532,5.609007953745333e-05,4
336,1,5,257,10020__Node__336,,0.0,0.2378170470626655,0.0049946441175549,4
337,1,1,823,10033__Node__337,,0.0,0.2732996955923439,0.0130031624785455,4
340,1,0,1017,10003__Node__340,,0.0,0.2141900062093532,5.609007953745333e-05,4
341,1,1,823,10033__Node__341,,0.0,0.2732996955923439,0.0130031624785455,4
342,1,46,29,10119__Node__342,,0.0,0.2183574879227053,0.0002146772034399,3
343,3,1,823,10033__Node__343,,0.0001329857746015,0.2757373048929277,0.0142460391576284,4
345,4,2,637,10007__Node__345,,0.0004868307488239,0.2559256511382717,0.0101683695698563,3
346,1,5,257,10020__Node__346,,0.0,0.2378170470626655,0.0049946441175549,2
348,4,1,823,10033__Node__348,,0.0002886671917236,0.2864385297845374,0.0219133328443137,3
349,3,1,823,10033__Node__349,,9.83162732216064e-05,0.277511961722488,0.0156200855660175,4
350,1,1,823,10033__Node__350,,0.0,0.2732996955923439,0.0130031624785455,4
351,1,1,823,10033__Node__351,,0.0,0.2732996955923439,0.0130031624785455,4
352,1,2,637,10007__Node__352,,0.0,0.2410888357550119,0.0025030475733457,4
355,1,6,169,10047__Node__355,,0.0,0.187348140525398,4.024558046919183e-05,4
356,1,2,637,10007__Node__356,,0.0,0.2410888357550119,0.0025030475733457,4
357,1,52,28,10162__Node__357,,0.0,0.214358135731807,2.969075404631632e-05,4
358,1,0,1017,10003__Node__358,,0.0,0.2141900062093532,5.609007953745333e-05,4
359,2,14,109,10017__Node__359,,9.934858000681036e-05,0.233695845961847,0.0021476445027551,4
361,1,0,1017,10003__Node__361,,0.0,0.2141900062093532,5.609007953745333e-05,4
362,1,6,169,10047__Node__362,,0.0,0.187348140525398,4.024558046919183e-05,3
363,3,1,823,10033__Node__363,,0.0001188733208893,0.2780771352199924,0.0178111340082811,4
364,1,8,139,10071__Node__364,,0.0,0.2328820665884944,0.0001403357882566,4
365,1,10,129,10073__Node__365,,0.0,0.2364613774939567,0.0045611621676105,4
366,1,21,67,10087__Node__366,,0.0,0.1571288149409029,4.2614267999579756e-07,4
367,1,40,36,10052__Node__367,,0.0,0.2282430785303848,0.0010444873555359,4
370,1,7,149,10011__Node__370,,0.0,0.2235715504008187,0.0003635239368321,4
371,1,2,637,10007__Node__371,,0.0,0.2410888357550119,0.0025030475733457,4
372,4,56,25,10030__Node__372,,0.0002874986458587,0.2641996210746966,0.0037826952827873,4
374,1,0,1017,10003__Node__374,,0.0,0.2141900062093532,5.609007953745333e-05,4
375,5,53,27,10013__Node__375,,0.0001890734990038,0.2441968776780058,0.0074818689971504,3
376,1,24,62,10108__Node__376,,0.0,0.2187802516940948,0.0002181576780687,4
378,1,0,1017,10003__Node__378,,0.0,0.2141900062093532,5.609007953745333e-05,4
379,1,0,1017,10003__Node__379,,0.0,0.2141900062093532,5.609007953745333e-05,4
380,1,0,1017,10003__Node__380,,0.0,0.2141900062093532,5.609007953745333e-05,4
382,1,2,637,10007__Node__382,,0.0,0.2410888357550119,0.0025030475733457,4
383,4,40,36,10052__Node__383,,0.0014367577992421,0.2654193496132507,0.0079300850687704,4
384,1,34,40,10070__Node__384,,0.0,0.2028913723183605,8.76295195538406e-05,4
385,1,0,1017,10003__Node__385,,0.0,0.2141900062093532,5.609007953745333e-05,4
386,1,7,149,10011__Node__386,,0.0,0.2235715504008187,0.0003635239368321,2
389,1,2,637,10007__Node__389,,0.0,0.2410888357550119,0.0025030475733457,4
390,1,12,120,10077__Node__390,outandin,0.0,0.2249682490646346,0.0009389415002389,1
391,3,1,823,10033__Node__391,,0.0002065762656002,0.2873175222480382,0.0190735901919018,4
396,1,1,823,10033__Node__396,,0.0,0.2732996955923439,0.0130031624785455,4
397,2,2,637,10007__Node__397,,0.0001201619863482,0.2617516673988578,0.0032056145435304,4
398,2,41,36,10054__Node__398,incoming,2.061345439045477e-05,0.2752971815012391,0.0147728512768696,2
399,1,0,1017,10003__Node__399,,0.0,0.2141900062093532,5.609007953745333e-05,4
401,1,2,637,10007__Node__401,outgoing,0.0,0.2410888357550119,0.0025030475733457,1
402,1,0,1017,10003__Node__402,,0.0,0.2141900062093532,5.609007953745333e-05,2
403,1,0,1017,10003__Node__403,,0.0,0.2141900062093532,5.609007953745333e-05,4
404,4,60,23,10057__Node__404,outgoing,9.110434471725776e-05,0.2604410888138287,0.0079481432547464,1
405,4,12,120,10077__Node__405,outandin,0.0003850942369659,0.2836124453676057,0.0192513244558466,0
406,2,2,637,10007__Node__406,,0.00016891739531,0.2511014903643538,0.0074976916909006,3
408,1,12,120,10077__Node__408,,0.0,0.2249682490646346,0.0009389415002389,4
410,10,11,128,10039__Node__410,,0.0020862400247313,0.2894492779225368,0.0207390243122588,4
412,4,4,278,10034__Node__412,,0.0001900379666801,0.2664769262045131,0.0098765984525494,4
413,1,1,823,10033__Node__413,,0.0,0.2732996955923439,0.0130031624785455,4
414,2,9,129,10006__Node__414,,0.0001327237145512,0.2631388766210302,0.0034372430988675,4
415,1,12,120,10077__Node__415,,0.0,0.2249682490646346,0.0009389415002389,4
416,1,2,637,10007__Node__416,,0.0,0.2410888357550119,0.0025030475733457,4
417,1,4,278,10034__Node__417,outandin,0.0,0.2325515381613029,0.0031177529798711,0
418,1,9,129,10006__Node__418,,0.0,0.2452018406973699,0.0009341955255218,4
420,1,23,62,10025__Node__420,,0.0,0.2226903605042302,0.000866305280049,4
421,3,30,46,10037__Node__421,,6.522794748183204e-05,0.2325350363668618,0.0016370862747509,3
422,1,6,169,10047__Node__422,,0.0,0.187348140525398,4.024558046919183e-05,4
425,1,13,119,10016__Node__425,outgoing,0.0,0.2325185369141802,0.0020157240790995,3
426,1,1,823,10033__Node__426,outgoing,0.0,0.2732996955923439,0.0130031624785455,1
427,3,13,119,10016__Node__427,incoming,0.0003197025126604,0.2521254087324485,0.0022793776348953,2
428,2,3,311,10032__Node__428,incoming,0.0001794346545011,0.2598628127354189,0.0044169589885646,3
429,2,2,637,10007__Node__429,,0.0005990651794139,0.2908622908622909,0.0155062100518912,3
430,1,0,1017,10003__Node__430,,0.0,0.2141900062093532,5.609007953745333e-05,3
431,1,0,1017,10003__Node__431,,0.0,0.2141900062093532,5.609007953745333e-05,4
432,1,2,637,10007__Node__432,,0.0,0.2410888357550119,0.0025030475733457,4
435,9,26,60,10093__Node__435,incoming,0.0015582652674935,0.2863384158329328,0.0218176079174387,1
436,1,1,823,10033__Node__436,outgoing,0.0,0.2732996955923439,0.0130031624785455,2
437,1,2,637,10007__Node__437,,0.0,0.2410888357550119,0.0025030475733457,4
438,1,2,637,10007__Node__438,,0.0,0.2410888357550119,0.0025030475733457,4
440,1,0,1017,10003__Node__440,,0.0,0.2141900062093532,5.609007953745333e-05,4
444,2,27,52,10026__Node__444,,1.0696659804046282e-06,0.2188094681667946,0.0003751383421429,4
445,3,4,278,10034__Node__445,,0.0003248478936343,0.2848698222280175,0.0169872207384657,3
447,1,1,823,10033__Node__447,,0.0,0.2732996955923439,0.0130031624785455,4
448,1,1,823,10033__Node__448,,0.0,0.2732996955923439,0.0130031624785455,4
449,1,0,1017,10003__Node__449,,0.0,0.2141900062093532,5.609007953745333e-05,4
451,5,18,70,10091__Node__451,,0.0004062516438716,0.283000129539272,0.0191450357407663,4
452,2,33,41,10191__Node__452,,0.0002387375550215,0.2369400961642746,0.0032370212495277,2
454,1,0,1017,10003__Node__454,,0.0,0.2141900062093532,5.609007953745333e-05,4
456,1,52,28,10162__Node__456,,0.0,0.214358135731807,2.969075404631632e-05,4
460,1,1,823,10033__Node__460,,0.0,0.2732996955923439,0.0130031624785455,4
462,1,36,39,10036__Node__462,,0.0,0.2091724380046596,0.000138947590469,4
463,1,25,61,10196__Node__463,,0.0,0.2241220121054611,0.0003823523012146,4
467,2,6,169,10047__Node__467,,0.0009627520948816,0.228752923109141,6.993633451550815e-05,4
468,2,30,46,10037__Node__468,,0.0003499754135421,0.2746281164885816,0.0131503981746136,4
469,1,12,120,10077__Node__469,,0.0,0.2249682490646346,0.0009389415002389,4
471,1,3,311,10032__Node__471,,0.0,0.2376445846477392,0.0036864696028191,4
472,8,57,25,10298__Node__472,outandin,0.0006809590463278,0.2815171169623298,0.0168302631584719,0
473,1,3,311,10032__Node__473,,0.0,0.2376445846477392,0.0036864696028191,2
474,1,7,149,10011__Node__474,,0.0,0.2235715504008187,0.0003635239368321,3
475,2,1,823,10033__Node__475,,0.0001581436137669,0.2746511335540376,0.0132067521387181,4
476,5,3,311,10032__Node__476,outgoing,0.0007551645359852,0.3043983094143328,0.0256798495251512,1
477,3,31,43,10177__Node__477,,2.476966003850004e-05,0.2625485718863918,0.0089515636560975,4
478,1,2,637,10007__Node__478,,0.0,0.2410888357550119,0.0025030475733457,4
479,1,26,60,10093__Node__479,,0.0,0.2539621033053048,0.0035398287348275,4
481,1,0,1017,10003__Node__481,,0.0,0.2141900062093532,5.609007953745333e-05,4
482,1,23,62,10025__Node__482,outandin,0.0,0.2226903605042302,0.000866305280049,0
483,7,50,28,10143__Node__483,incoming,0.0027126444143487,0.273733450277743,0.0100468676633914,3
486,1,7,149,10011__Node__486,outgoing,0.0,0.2235715504008187,0.0003635239368321,3
487,1,33,41,10191__Node__487,,0.0,0.2150615258408531,0.0001192682696565,2
489,3,42,35,10056__Node__489,,0.0002405352326696,0.2568081188041221,0.0052748909703093,4
491,8,26,60,10093__Node__491,,0.0020277160162824,0.2842274166269136,0.0147034698641463,4
492,2,2,637,10007__Node__492,,0.0002104422597901,0.2424623580333691,0.0026546937454427,4
495,4,39,37,10010__Node__495,incoming,0.0001505460327817,0.2724816031264291,0.0125245023617344,3
496,2,60,23,10057__Node__496,outgoing,4.274619498308611e-05,0.2525334258081917,0.0038203199500558,2
497,1,41,36,10054__Node__497,,0.0,0.2256498536753313,0.0017696887983241,4
498,3,32,41,10009__Node__498,,9.611460019254028e-05,0.2779356261396887,0.0179531597556326,4
499,1,4,278,10034__Node__499,outandin,0.0,0.2325515381613029,0.0031177529798711,0
500,4,58,24,10115__Node__500,outandin,0.0002365807989574,0.2631811428341967,0.0069859903065162,0
501,4,7,149,10011__Node__501,,0.0008497653003872,0.2592870989437038,0.00581287551968,4
502,1,24,62,10108__Node__502,,0.0,0.2187802516940948,0.0002181576780687,3
503,2,41,36,10054__Node__503,outgoing,8.295446506654287e-06,0.2544353429869171,0.0062010889290258,3
504,1,21,67,10087__Node__504,,0.0,0.1571288149409029,4.2614267999579756e-07,4
505,1,6,169,10047__Node__505,,0.0,0.187348140525398,4.024558046919183e-05,4
506,2,1,823,10033__Node__506,,8.449146115162255e-05,0.2785735537892634,0.015018886557645,4
507,5,5,257,10020__Node__507,incoming,0.0009505567877164,0.2504298651178785,0.0115406451120871,3
509,1,0,1017,10003__Node__509,,0.0,0.2141900062093532,5.609007953745333e-05,4
510,1,7,149,10011__Node__510,,0.0,0.2235715504008187,0.0003635239368321,4
511,2,18,70,10091__Node__511,outandin,1.638965927995934e-05,0.2450551504954197,0.0011250409089122,0
512,2,1,823,10033__Node__512,,1.86533559249534e-05,0.2772302356076308,0.0174345626092472,4
514,1,44,34,10066__Node__514,outgoing,0.0,0.2330145411881821,0.0001598393767306,3
515,4,4,278,10034__Node__515,incoming,6.87047136553654e-05,0.2429657089898053,0.007086910349663,3
516,1,0,1017,10003__Node__516,,0.0,0.2141900062093532,5.609007953745333e-05,4
517,1,0,1017,10003__Node__517,,0.0,0.2141900062093532,5.609007953745333e-05,4
518,8,26,60,10093__Node__518,,0.0008901337953648,0.2932569689919012,0.0232905028515235,4
519,1,8,139,10071__Node__519,,0.0,0.2328820665884944,0.0001403357882566,3
521,3,44,34,10066__Node__521,,0.000910911033634,0.2509668772735975,0.001502483389152,3
522,3,11,128,10039__Node__522,,4.784221187412652e-05,0.2465856503254449,0.0095381539343711,2
523,3,5,257,10020__Node__523,outgoing,5.518177983270907e-05,0.2665636311872127,0.0103284118406487,1
526,1,4,278,10034__Node__526,,0.0,0.2325515381613029,0.0031177529798711,3
528,5,30,46,10037__Node__528,,0.0006193656781575,0.2607726892929614,0.0072035584354463,4
529,1,6,169,10047__Node__529,,0.0,0.187348140525398,4.024558046919183e-05,3
530,5,3,311,10032__Node__530,,0.0001585735358426,0.2484552105841768,0.0105768587814918,4
532,1,2,637,10007__Node__532,,0.0,0.2410888357550119,0.0025030475733457,4
533,1,7,149,10011__Node__533,,0.0,0.2235715504008187,0.0003635239368321,4
534,3,32,41,10009__Node__534,outgoing,0.0001844216737789,0.279428693242379,0.0155374837040304,2
537,1,3,311,10032__Node__537,,0.0,0.2376445846477392,0.0036864696028191,4
538,4,1,823,10033__Node__538,,0.0003636012269855,0.2851176752077261,0.0173246795663327,2
541,4,5,257,10020__Node__541,outgoing,0.0003738304783552,0.2451101387486443,0.0083169616245237,3
542,1,2,637,10007__Node__542,,0.0,0.2410888357550119,0.0025030475733457,4
543,8,1,823,10033__Node__543,,0.0012700798101121,0.3083509762408845,0.0333787978049349,4
544,2,4,278,10034__Node__544,outgoing,2.2026450600214655e-05,0.2436159536111214,0.0068042225826903,2
545,9,1,823,10033__Node__545,outandin,0.0019422890477497,0.302069410517583,0.0337647726255606,2
546,1,36,39,10036__Node__546,,0.0,0.2091724380046596,0.000138947590469,4
549,5,12,120,10077__Node__549,outgoing,0.0002097913336382,0.2707033992813184,0.0133005718542552,3
551,4,39,37,10010__Node__551,outgoing,0.0002810431672852,0.2907332653151754,0.022039630944185,2
553,1,7,149,10011__Node__553,,0.0,0.2235715504008187,0.0003635239368321,4
554,3,23,62,10025__Node__554,,9.636721584830038e-05,0.278620924201845,0.0183008678892963,4
555,2,16,80,10149__Node__555,,7.087042383762605e-05,0.2394155251141552,0.0040526486277573,4
556,1,1,823,10033__Node__556,,0.0,0.2732996955923439,0.0130031624785455,3
557,1,0,1017,10003__Node__557,,0.0,0.2141900062093532,5.609007953745333e-05,4
558,1,4,278,10034__Node__558,,0.0,0.2325515381613029,0.0031177529798711,4
560,3,1,823,10033__Node__560,,0.0001315452495049,0.2800017088905028,0.0185103462050486,4
561,1,7,149,10011__Node__561,,0.0,0.2235715504008187,0.0003635239368321,4
562,1,2,637,10007__Node__562,,0.0,0.2410888357550119,0.0025030475733457,4
563,1,0,1017,10003__Node__563,,0.0,0.2141900062093532,5.609007953745333e-05,4
564,1,7,149,10011__Node__564,,0.0,0.2235715504008187,0.0003635239368321,4
565,2,4,278,10034__Node__565,outgoing,2.2026450600214655e-05,0.2436159536111214,0.0068042225826903,2
566,1,0,1017,10003__Node__566,outgoing,0.0,0.2141900062093532,5.609007953745333e-05,2
568,1,1,823,10033__Node__568,,0.0,0.2732996955923439,0.0130031624785455,3
569,1,0,1017,10003__Node__569,,0.0,0.2141900062093532,5.609007953745333e-05,4
571,1,0,1017,10003__Node__571,,0.0,0.2141900062093532,5.609007953745333e-05,3
572,1,0,1017,10003__Node__572,,0.0,0.2141900062093532,5.609007953745333e-05,4
573,2,3,311,10032__Node__573,,3.0433050775494525e-05,0.2424085512445907,0.0057148458359177,4
574,1,20,68,10147__Node__574,,0.0,0.233695845961847,0.000266663305054,4
575,1,21,67,10087__Node__575,,0.0,0.1571288149409029,4.2614267999579756e-07,4
576,1,31,43,10177__Node__576,incoming,0.0,0.2531968321421672,0.0025964625002207,1
577,8,62,23,10212__Node__577,outgoing,0.0010492409437225,0.2799299534446675,0.0152269577805965,2
578,1,0,1017,10003__Node__578,,0.0,0.2141900062093532,5.609007953745333e-05,4
579,2,7,149,10011__Node__579,,8.029432438370984e-05,0.2306365907731287,0.0012298292168812,4
581,2,3,311,10032__Node__581,,4.230854953599967e-05,0.2410711001581638,0.0047622531986205,4
582,1,2,637,10007__Node__582,,0.0,0.2410888357550119,0.0025030475733457,4
583,1,2,637,10007__Node__583,,0.0,0.2410888357550119,0.0025030475733457,4
584,1,18,70,10091__Node__584,,0.0,0.2419968245763024,0.0007304893857454,3
585,2,1,823,10033__Node__585,,5.199466674260389e-05,0.2809378884650006,0.017564324646156,4
587,8,3,311,10032__Node__587,outgoing,0.0010862564933437,0.3062473716181487,0.0321731921205658,2
588,2,4,278,10034__Node__588,,0.0001167955383124,0.2492109966158409,0.0056208005532169,4
589,3,17,73,10008__Node__589,incoming,0.0001315452495049,0.2800017088905028,0.0185103462050486,3
591,1,0,1017,10003__Node__591,,0.0,0.2141900062093532,5.609007953745333e-05,4
592,1,0,1017,10003__Node__592,,0.0,0.2141900062093532,5.609007953745333e-05,4
593,1,2,637,10007__Node__593,,0.0,0.2410888357550119,0.0025030475733457,4
594,5,3,311,10032__Node__594,,0.0007440739156629,0.2711065149948293,0.0096242765613046,4
596,7,1,823,10033__Node__596,,0.0016501209189982,0.3046530005113187,0.0274997411364246,4
598,1,0,1017,10003__Node__598,,0.0,0.2141900062093532,5.609007953745333e-05,4
599,4,32,41,10009__Node__599,outandin,0.0003205744983697,0.2891428067234305,0.0229478038731875,1
601,1,2,637,10007__Node__601,outgoing,0.0,0.2410888357550119,0.0025030475733457,2
602,5,26,60,10093__Node__602,,0.0001306886298644,0.2665419496522835,0.0104479499156711,3
603,1,60,23,10057__Node__603,outgoing,0.0,0.237610122176703,0.0007025669701846,1
605,1,0,1017,10003__Node__605,,0.0,0.2141900062093532,5.609007953745333e-05,4
606,2,5,257,10020__Node__606,,5.288900040908285e-05,0.2470503976780127,0.008681113720374,4
607,1,0,1017,10003__Node__607,,0.0,0.2141900062093532,5.609007953745333e-05,4
609,1,2,637,10007__Node__609,,0.0,0.2410888357550119,0.0025030475733457,4
611,4,1,823,10033__Node__611,,0.0005765497834673,0.2845976811845933,0.0163671490660483,4
612,2,34,40,10070__Node__612,,0.0001776344659103,0.2333796246839725,0.0021033535986533,4
614,1,8,139,10071__Node__614,,0.0,0.2328820665884944,0.0001403357882566,4
616,2,51,28,10031__Node__616,outgoing,3.5677168257652905e-05,0.2263043403197403,0.0004810064357616,3
617,5,48,29,10065__Node__617,,0.0001881806762818,0.2873175222480382,0.0253214716517184,3
618,1,3,311,10032__Node__618,,0.0,0.2376445846477392,0.0036864696028191,4
620,2,2,637,10007__Node__620,,2.940920857129768e-05,0.2415864941575435,0.0026785843580301,4
621,1,2,637,10007__Node__621,,0.0,0.2410888357550119,0.0025030475733457,4
622,3,4,278,10034__Node__622,,0.0001154813255955,0.2660010552376314,0.0088149640676107,3
623,1,21,67,10087__Node__623,,0.0,0.1571288149409029,4.2614267999579756e-07,3
624,1,8,139,10071__Node__624,,0.0,0.2328820665884944,0.0001403357882566,4
626,1,1,823,10033__Node__626,,0.0,0.2732996955923439,0.0130031624785455,4
630,2,1,823,10033__Node__630,,1.86533559249534e-05,0.2772302356076308,0.0174345626092472,4
631,1,2,637,10007__Node__631,,0.0,0.2410888357550119,0.0025030475733457,4
633,1,2,637,10007__Node__633,,0.0,0.2410888357550119,0.0025030475733457,4
634,1,11,128,10039__Node__634,incoming,0.0,0.2339461003034089,0.0027339313516807,3
636,1,0,1017,10003__Node__636,,0.0,0.2141900062093532,5.609007953745333e-05,4
637,1,50,28,10143__Node__637,outgoing,0.0,0.221381523391319,0.0002035896601726,3
638,1,0,1017,10003__Node__638,,0.0,0.2141900062093532,5.609007953745333e-05,4
639,1,3,311,10032__Node__639,,0.0,0.2376445846477392,0.0036864696028191,2
641,3,58,24,10115__Node__641,incoming,8.466096096771035e-05,0.2473300879278463,0.0013286305690848,2
642,1,21,67,10087__Node__642,,0.0,0.1571288149409029,4.2614267999579756e-07,4
643,1,12,120,10077__Node__643,,0.0,0.2249682490646346,0.0009389415002389,4
645,1,1,823,10033__Node__645,,0.0,0.2732996955923439,0.0130031624785455,4
646,5,17,73,10008__Node__646,,0.000448040571029,0.2761322940804718,0.0125728282068043,4
647,2,18,70,10091__Node__647,,0.0001493312563374,0.2470131534315757,0.0010940133225776,4
648,1,2,637,10007__Node__648,,0.0,0.2410888357550119,0.0025030475733457,4
649,1,2,637,10007__Node__649,,0.0,0.2410888357550119,0.0025030475733457,4
650,2,25,61,10196__Node__650,,3.0575002482851975e-05,0.2288647553863882,0.0005295879972827,4
651,1,12,120,10077__Node__651,,0.0,0.2249682490646346,0.0009389415002389,4
653,1,12,120,10077__Node__653,,0.0,0.2249682490646346,0.0009389415002389,4
655,1,59,24,10139__Node__655,,0.0,0.2061200742208384,3.899223398533341e-05,4
658,1,46,29,10119__Node__658,,0.0,0.2183574879227053,0.0002146772034399,3
659,5,4,278,10034__Node__659,,0.000237827885143,0.2566070240006264,0.0147050632797043,4
660,1,3,311,10032__Node__660,,0.0,0.2376445846477392,0.0036864696028191,4
661,1,2,637,10007__Node__661,,0.0,0.2410888357550119,0.0025030475733457,3
663,1,0,1017,10003__Node__663,,0.0,0.2141900062093532,5.609007953745333e-05,4
664,2,1,823,10033__Node__664,,3.966877315413464e-05,0.2798582347666424,0.016542991213373,4
665,1,0,1017,10003__Node__665,,0.0,0.2141900062093532,5.609007953745333e-05,4
669,1,0,1017,10003__Node__669,outgoing,0.0,0.2141900062093532,5.609007953745333e-05,1
670,1,6,169,10047__Node__670,,0.0,0.187348140525398,4.024558046919183e-05,4
672,1,1,823,10033__Node__672,,0.0,0.2732996955923439,0.0130031624785455,3
673,2,2,637,10007__Node__673,,0.0001024012966102,0.2456429669052884,0.0045314238064444,3
675,1,0,1017,10003__Node__675,,0.0,0.2141900062093532,5.609007953745333e-05,4
676,2,60,23,10057__Node__676,,8.645299231428348e-06,0.2554866877168362,0.0042423957050122,3
677,1,0,1017,10003__Node__677,,0.0,0.2141900062093532,5.609007953745333e-05,4
678,1,2,637,10007__Node__678,,0.0,0.2410888357550119,0.0025030475733457,4
679,1,5,257,10020__Node__679,,0.0,0.2378170470626655,0.0049946441175549,4
680,1,46,29,10119__Node__680,,0.0,0.2183574879227053,0.0002146772034399,3
682,4,7,149,10011__Node__682,outandin,0.0027727621339445,0.2959317289023344,0.0160135494042314,2
683,1,1,823,10033__Node__683,,0.0,0.2732996955923439,0.0130031624785455,4
684,1,1,823,10033__Node__684,,0.0,0.2732996955923439,0.0130031624785455,4
685,1,20,68,10147__Node__685,,0.0,0.233695845961847,0.000266663305054,4
687,4,17,73,10008__Node__687,,0.0001575477165154,0.2742603674101351,0.0141714186157944,4
688,1,1,823,10033__Node__688,,0.0,0.2732996955923439,0.0130031624785455,3
690,1,4,278,10034__Node__690,,0.0,0.2325515381613029,0.0031177529798711,4
692,1,37,38,10148__Node__692,,0.0,0.2213964800864777,0.0004140669828814,4
693,1,8,139,10071__Node__693,,0.0,0.2328820665884944,0.0001403357882566,4
694,1,62,23,10212__Node__694,outandin,0.0,0.228274877224757,0.0008778203463604,0
696,1,4,278,10034__Node__696,,0.0,0.2325515381613029,0.0031177529798711,4
698,1,36,39,10036__Node__698,,0.0,0.2091724380046596,0.000138947590469,4
700,4,2,637,10007__Node__700,,0.0010018175059437,0.2992010956402647,0.0207966565941417,4
701,4,1,823,10033__Node__701,,0.000246766049437,0.2913536341409202,0.0232882531383509,3
702,1,0,1017,10003__Node__702,,0.0,0.2141900062093532,5.609007953745333e-05,4
704,1,2,637,10007__Node__704,,0.0,0.2410888357550119,0.0025030475733457,4
705,4,14,109,10017__Node__705,incoming,0.0003774638880194,0.2872419687075426,0.0200067678621361,3
706,1,2,637,10007__Node__706,,0.0,0.2410888357550119,0.0025030475733457,4
709,1,2,637,10007__Node__709,,0.0,0.2410888357550119,0.0025030475733457,4
710,3,2,637,10007__Node__710,,0.0006040189324134,0.2639867885769525,0.0033528052287477,3
712,1,25,61,10196__Node__712,,0.0,0.2241220121054611,0.0003823523012146,4
714,4,13,119,10016__Node__714,incoming,0.0006098041420354,0.2510630147481325,0.0070356867053244,2
715,1,7,149,10011__Node__715,,0.0,0.2235715504008187,0.0003635239368321,4
717,1,2,637,10007__Node__717,,0.0,0.2410888357550119,0.0025030475733457,4
718,3,23,62,10025__Node__718,,0.0001102933021449,0.2320739350589568,0.0012508224727562,3
719,2,8,139,10071__Node__719,outgoing,0.0013014613228808,0.2598010068577318,0.0038268053910757,3
720,2,12,120,10077__Node__720,,4.701629113205048e-05,0.2595540770662548,0.0053703416309406,4
721,5,12,120,10077__Node__721,incoming,0.0003533134989802,0.2826340075035577,0.0172806650273423,2
722,1,0,1017,10003__Node__722,outgoing,0.0,0.2141900062093532,5.609007953745333e-05,3
723,1,51,28,10031__Node__723,outgoing,0.0,0.2180378588775408,0.000277416775589,3
724,5,14,109,10017__Node__724,,0.0001740980966659,0.2505447455942505,0.0113759993486358,4
725,1,10,129,10073__Node__725,outandin,0.0,0.2364613774939567,0.0045611621676105,0
726,2,30,46,10037__Node__726,,0.0002115546134567,0.2293452776708542,0.0005107596329003,3
727,1,0,1017,10003__Node__727,,0.0,0.2141900062093532,5.609007953745333e-05,4
728,1,58,24,10115__Node__728,incoming,0.0,0.2191167129149811,0.0003945515231667,1
729,1,5,257,10020__Node__729,,0.0,0.2378170470626655,0.0049946441175549,4
733,2,7,149,10011__Node__733,,0.0004027052542993,0.2767853372186325,0.0133666864153776,4
735,1,1,823,10033__Node__735,,0.0,0.2732996955923439,0.0130031624785455,4
736,2,2,637,10007__Node__736,,0.0002270424762592,0.2514483023211202,0.0061895171761649,4
737,1,5,257,10020__Node__737,outgoing,0.0,0.2378170470626655,0.0049946441175549,1
739,1,14,109,10017__Node__739,,0.0,0.2319917879013132,0.0020283762330986,4
740,1,1,823,10033__Node__740,incoming,0.0,0.2732996955923439,0.0130031624785455,1
741,1,0,1017,10003__Node__741,,0.0,0.2141900062093532,5.609007953745333e-05,3
742,2,2,637,10007__Node__742,,0.0001167955383124,0.2492109966158409,0.0056208005532169,4
746,1,2,637,10007__Node__746,,0.0,0.2410888357550119,0.0025030475733457,4
747,2,5,257,10020__Node__747,outgoing,3.1207894820875025e-05,0.2437427944512626,0.0077285754692357,2
748,5,7,149,10011__Node__748,outgoing,0.0012729166889393,0.2847708016510971,0.0186723913473328,1
749,3,1,823,10033__Node__749,,0.0004496090503277,0.2763418644853902,0.0137272257091672,4
750,1,8,139,10071__Node__750,,0.0,0.2328820665884944,0.0001403357882566,4
753,3,2,637,10007__Node__753,,0.0001252542140261,0.2439787067713956,0.0034744266310661,4
755,3,15,98,10055__Node__755,incoming,2.583071187387528e-05,0.2578386246508517,0.0079517067364488,3
756,1,7,149,10011__Node__756,,0.0,0.2235715504008187,0.0003635239368321,4
757,4,4,278,10034__Node__757,outgoing,0.000130206463343,0.2620237476512214,0.0067265165295149,1
758,1,1,823,10033__Node__758,,0.0,0.2732996955923439,0.0130031624785455,3
759,1,0,1017,10003__Node__759,,0.0,0.2141900062093532,5.609007953745333e-05,4
760,2,48,29,10065__Node__760,,1.5157256450199202e-05,0.2581026267081479,0.0052904465422505,4
762,1,1,823,10033__Node__762,,0.0,0.2732996955923439,0.0130031624785455,4
763,1,51,28,10031__Node__763,outgoing,0.0,0.2180378588775408,0.000277416775589,2
764,3,18,70,10091__Node__764,outgoing,8.583563678734182e-05,0.2613758723828514,0.0073073756324555,3
765,12,3,311,10032__Node__765,,0.0026510814026034,0.3039747692593108,0.0283257846547323,4
766,1,5,257,10020__Node__766,,0.0,0.2378170470626655,0.0049946441175549,4
767,8,14,109,10017__Node__767,,0.0006935667780475,0.2813720860344309,0.0166431673569301,4
769,1,0,1017,10003__Node__769,,0.0,0.2141900062093532,5.609007953745333e-05,4
770,1,1,823,10033__Node__770,,0.0,0.2732996955923439,0.0130031624785455,4
772,4,11,128,10039__Node__772,,0.0006113061694245,0.2856395728916975,0.0178538906625874,4
774,2,7,149,10011__Node__774,,0.0001493312563374,0.2470131534315757,0.0010940133225776,4
776,1,2,637,10007__Node__776,,0.0,0.2410888357550119,0.0025030475733457,4
778,5,3,311,10032__Node__778,,0.0003271737692394,0.2493627059315907,0.0108446850193877,4
779,4,4,278,10034__Node__779,outgoing,0.000200552274849,0.2477789119503988,0.0093267998521973,3
780,1,5,257,10020__Node__780,,0.0,0.2378170470626655,0.0049946441175549,4
781,6,4,278,10034__Node__781,,0.0005530121551219,0.2753203108590632,0.0135483181816457,4
785,3,1,823,10033__Node__785,,0.0001409405689131,0.2825121772490193,0.0194502866883467,4
786,2,42,35,10056__Node__786,,2.284561299364045e-05,0.2422830948948283,0.0008434908396076,4
787,1,3,311,10032__Node__787,,0.0,0.2376445846477392,0.0036864696028191,4
788,1,22,64,10053__Node__788,outgoing,0.0,0.2264607304516084,0.0010652272368323,1
789,1,2,637,10007__Node__789,,0.0,0.2410888357550119,0.0025030475733457,4
790,2,9,129,10006__Node__790,,0.0001327237145512,0.2631388766210302,0.0034372430988675,3
794,2,33,41,10191__Node__794,outgoing,5.1534574495268616e-05,0.2333297732208337,0.002134992348756,3
795,1,4,278,10034__Node__795,,0.0,0.2325515381613029,0.0031177529798711,2
796,2,40,36,10052__Node__796,,1.496119004702342e-05,0.2399941411256362,0.0060391314730908,4
797,1,2,637,10007__Node__797,,0.0,0.2410888357550119,0.0025030475733457,4
798,1,1,823,10033__Node__798,outandin,0.0,0.2732996955923439,0.0130031624785455,1
800,6,1,823,10033__Node__800,,0.0005357270000554,0.2980039103351066,0.0297353773481522,4
801,1,2,637,10007__Node__801,,0.0,0.2410888357550119,0.0025030475733457,4
802,4,2,637,10007__Node__802,,0.0001339759663757,0.2431640262679479,0.0032430512804322,3
803,2,7,149,10011__Node__803,,0.0001720481832476,0.2553274377653979,0.0047949240675338,4
804,1,6,169,10047__Node__804,,0.0,0.187348140525398,4.024558046919183e-05,4
805,4,60,23,10057__Node__805,outgoing,0.0003170895305207,0.2740310239578542,0.0110466182877025,1
809,1,4,278,10034__Node__809,,0.0,0.2325515381613029,0.0031177529798711,3
811,4,12,120,10077__Node__811,,0.0002974745098837,0.2825365348967539,0.0192398093895352,4
812,1,0,1017,10003__Node__812,,0.0,0.2141900062093532,5.609007953745333e-05,3
813,3,1,823,10033__Node__813,,9.062638371850946e-05,0.2832692224575355,0.019314942453579,3
814,1,58,24,10115__Node__814,incoming,0.0,0.2191167129149811,0.0003945515231667,3
816,1,13,119,10016__Node__816,outgoing,0.0,0.2325185369141802,0.0020157240790995,2
821,1,0,1017,10003__Node__821,,0.0,0.2141900062093532,5.609007953745333e-05,4
823,1,0,1017,10003__Node__823,,0.0,0.2141900062093532,5.609007953745333e-05,4
824,1,1,823,10033__Node__824,,0.0,0.2732996955923439,0.0130031624785455,4
825,2,7,149,10011__Node__825,,4.513230890715351e-05,0.2292490118577075,0.0008655195500891,4
826,1,20,68,10147__Node__826,,0.0,0.233695845961847,0.000266663305054,4
827,4,36,39,10036__Node__827,,0.0001316300499552,0.2391010908029623,0.0045963982292677,4
829,1,24,62,10108__Node__829,,0.0,0.2187802516940948,0.0002181576780687,4
831,1,1,823,10033__Node__831,,0.0,0.2732996955923439,0.0130031624785455,3
832,1,11,128,10039__Node__832,,0.0,0.2339461003034089,0.0027339313516807,4
833,2,2,637,10007__Node__833,,0.0005990651794139,0.2908622908622909,0.0155062100518912,3
834,5,1,823,10033__Node__834,,0.0008811188845201,0.2972200807219627,0.0234819893142584,4
836,1,16,80,10149__Node__836,,0.0,0.2240147656970981,0.0003661790249382,4
837,1,2,637,10007__Node__837,,0.0,0.2410888357550119,0.0025030475733457,4
838,1,21,67,10087__Node__838,,0.0,0.1571288149409029,4.2614267999579756e-07,4
840,1,12,120,10077__Node__840,,0.0,0.2249682490646346,0.0009389415002389,4
841,1,0,1017,10003__Node__841,,0.0,0.2141900062093532,5.609007953745333e-05,4
842,6,11,128,10039__Node__842,,0.0006921454649386,0.2598628127354189,0.0144622350890957,4
844,1,1,823,10033__Node__844,,0.0,0.2732996955923439,0.0130031624785455,4
845,4,18,70,10091__Node__845,incoming,0.0001685399981639,0.2666070048407436,0.0086972935169068,1
846,1,1,823,10033__Node__846,,0.0,0.2732996955923439,0.0130031624785455,4
848,1,59,24,10139__Node__848,,0.0,0.2061200742208384,3.899223398533341e-05,4
850,1,16,80,10149__Node__850,,0.0,0.2240147656970981,0.0003661790249382,4
851,9,41,36,10054__Node__851,,0.0007525545560377,0.2876201342870935,0.020614629395833,3
852,1,21,67,10087__Node__852,,0.0,0.1571288149409029,4.2614267999579756e-07,4
854,1,0,1017,10003__Node__854,,0.0,0.2141900062093532,5.609007953745333e-05,3
855,3,45,32,10064__Node__855,,0.0001877656318496,0.2818561045886552,0.0179408960451899,4
856,2,7,149,10011__Node__856,,0.0001124634634054,0.2331969400462551,0.0014393075326335,3
857,1,5,257,10020__Node__857,,0.0,0.2378170470626655,0.0049946441175549,3
859,1,40,36,10052__Node__859,,0.0,0.2282430785303848,0.0010444873555359,4
861,2,23,62,10025__Node__861,,2.634024010014645e-05,0.2300537049387483,0.0014431328146027,4
863,1,2,637,10007__Node__863,,0.0,0.2410888357550119,0.0025030475733457,4
864,1,3,311,10032__Node__864,,0.0,0.2376445846477392,0.0036864696028191,4
865,1,13,119,10016__Node__865,,0.0,0.2325185369141802,0.0020157240790995,4
866,1,0,1017,10003__Node__866,outgoing,0.0,0.2141900062093532,5.609007953745333e-05,3
868,3,17,73,10008__Node__868,outandin,0.0001675961005149,0.2468271005159492,0.0070093692135952,1
869,1,0,1017,10003__Node__869,,0.0,0.2141900062093532,5.609007953745333e-05,4
870,2,2,637,10007__Node__870,,0.0001327237145512,0.2631388766210302,0.0034372430988675,4
874,1,0,1017,10003__Node__874,outgoing,0.0,0.2141900062093532,5.609007953745333e-05,1
876,1,0,1017,10003__Node__876,,0.0,0.2141900062093532,5.609007953745333e-05,4
877,1,0,1017,10003__Node__877,,0.0,0.2141900062093532,5.609007953745333e-05,4
881,2,27,52,10026__Node__881,,1.0696659804046282e-06,0.2188094681667946,0.0003751383421429,4
884,1,5,257,10020__Node__884,,0.0,0.2378170470626655,0.0049946441175549,3
885,1,7,149,10011__Node__885,,0.0,0.2235715504008187,0.0003635239368321,4
886,1,7,149,10011__Node__886,,0.0,0.2235715504008187,0.0003635239368321,4
887,2,9,129,10006__Node__887,,3.095818608347276e-05,0.2508324084350721,0.0018120158718823,4
888,1,2,637,10007__Node__888,,0.0,0.2410888357550119,0.0025030475733457,4
889,1,0,1017,10003__Node__889,,0.0,0.2141900062093532,5.609007953745333e-05,3
890,1,1,823,10033__Node__890,,0.0,0.2732996955923439,0.0130031624785455,4
891,3,28,51,10051__Node__891,incoming,3.101358748200301e-05,0.2645408678102926,0.0098949298907043,3
892,1,9,129,10006__Node__892,,0.0,0.2452018406973699,0.0009341955255218,4
893,1,2,637,10007__Node__893,,0.0,0.2410888357550119,0.0025030475733457,4
897,1,18,70,10091__Node__897,,0.0,0.2419968245763024,0.0007304893857454,2
898,8,4,278,10034__Node__898,outgoing,0.0014583489982032,0.2650329572566622,0.0198898815967138,1
900,4,4,278,10034__Node__900,,0.0001776448853785,0.265893139681123,0.0088433594302334,4
901,1,1,823,10033__Node__901,,0.0,0.2732996955923439,0.0130031624785455,4
902,1,5,257,10020__Node__902,outgoing,0.0,0.2378170470626655,0.0049946441175549,3
903,2,9,129,10006__Node__903,,0.0001327237145512,0.2631388766210302,0.0034372430988675,4
904,1,2,637,10007__Node__904,,0.0,0.2410888357550119,0.0025030475733457,4
905,2,1,823,10033__Node__905,,2.7840029723779493e-05,0.2778884884460462,0.0155996249787662,4
906,1,11,128,10039__Node__906,,0.0,0.2339461003034089,0.0027339313516807,4
907,3,1,823,10033__Node__907,incoming,0.0003920359601406,0.2963599366945512,0.0216842761989195,1
908,1,43,34,10153__Node__908,,0.0,0.2200436461306026,0.0004362520125827,4
909,2,8,139,10071__Node__909,,0.0002720069428727,0.2530208856117052,0.0021560598673561,4
910,1,7,149,10011__Node__910,,0.0,0.2235715504008187,0.0003635239368321,4
911,1,4,278,10034__Node__911,,0.0,0.2325515381613029,0.0031177529798711,4
913,1,2,637,10007__Node__913,,0.0,0.2410888357550119,0.0025030475733457,4
914,3,3,311,10032__Node__914,,4.784221187412652e-05,0.2465856503254449,0.0095381539343711,4
916,1,4,278,10034__Node__916,,0.0,0.2325515381613029,0.0031177529798711,4
917,1,2,637,10007__Node__917,,0.0,0.2410888357550119,0.0025030475733457,4
918,1,8,139,10071__Node__918,,0.0,0.2328820665884944,0.0001403357882566,4
919,1,0,1017,10003__Node__919,,0.0,0.2141900062093532,5.609007953745333e-05,4
920,1,0,1017,10003__Node__920,,0.0,0.2141900062093532,5.609007953745333e-05,4
921,1,0,1017,10003__Node__921,,0.0,0.2141900062093532,5.609007953745333e-05,4
922,4,5,257,10020__Node__922,incoming,0.0001865110576043,0.2567075320198974,0.0159762072396654,3
924,3,10,129,10073__Node__924,incoming,2.476966003850004e-05,0.2625485718863918,0.0089515636560975,3
927,1,24,62,10108__Node__927,,0.0,0.2187802516940948,0.0002181576780687,4
930,2,1,823,10033__Node__930,,0.0001139412395459,0.2774649676135642,0.0139421039787844,4
931,2,1,823,10033__Node__931,,2.8997267085099937e-05,0.2758533608316848,0.0147537802859684,4
932,1,3,311,10032__Node__932,,0.0,0.2376445846477392,0.0036864696028191,4
933,1,2,637,10007__Node__933,,0.0,0.2410888357550119,0.0025030475733457,4
934,5,38,38,10086__Node__934,incoming,0.0006334725402594,0.2819531081953108,0.01911056644446,2
936,8,5,257,10020__Node__936,,0.0027859461863905,0.2992010956402647,0.0266599234380072,3
937,1,7,149,10011__Node__937,,0.0,0.2235715504008187,0.0003635239368321,3
938,1,9,129,10006__Node__938,,0.0,0.2452018406973699,0.0009341955255218,4
939,1,0,1017,10003__Node__939,,0.0,0.2141900062093532,5.609007953745333e-05,4
941,1,1,823,10033__Node__941,,0.0,0.2732996955923439,0.0130031624785455,4
942,1,7,149,10011__Node__942,outgoing,0.0,0.2235715504008187,0.0003635239368321,3
943,2,1,823,10033__Node__943,,1.86533559249534e-05,0.2772302356076308,0.0174345626092472,4
944,1,42,35,10056__Node__944,,0.0,0.2216210732762993,0.0005768275345536,4
946,1,2,637,10007__Node__946,,0.0,0.2410888357550119,0.0025030475733457,4
947,3,11,128,10039__Node__947,,4.784221187412652e-05,0.2465856503254449,0.0095381539343711,4
949,2,7,149,10011__Node__949,,0.0004027052542993,0.2767853372186325,0.0133666864153776,4
950,1,3,311,10032__Node__950,,0.0,0.2376445846477392,0.0036864696028191,4
951,2,15,98,10055__Node__951,,1.86533559249534e-05,0.2772302356076308,0.0174345626092472,4
953,1,16,80,10149__Node__953,outgoing,0.0,0.2240147656970981,0.0003661790249382,1
954,3,4,278,10034__Node__954,,0.0001235957394592,0.2640080563947633,0.0075067895528749,4
955,1,3,311,10032__Node__955,,0.0,0.2376445846477392,0.0036864696028191,4
956,1,9,129,10006__Node__956,,0.0,0.2452018406973699,0.0009341955255218,4
957,4,2,637,10007__Node__957,,0.0004265736357006,0.2678053364932783,0.0054861503797711,4
960,2,1,823,10033__Node__960,,1.86533559249534e-05,0.2772302356076308,0.0174345626092472,4
961,1,5,257,10020__Node__961,,0.0,0.2378170470626655,0.0049946441175549,3
962,1,46,29,10119__Node__962,outgoing,0.0,0.2183574879227053,0.0002146772034399,1
963,4,20,68,10147__Node__963,,0.0008000710441871,0.2521836161452922,0.0012034183774067,4
965,3,22,64,10053__Node__965,outandin,3.82831073538214e-05,0.2416221198156682,0.0069169115683843,0
966,1,2,637,10007__Node__966,,0.0,0.2410888357550119,0.0025030475733457,4
968,1,9,129,10006__Node__968,,0.0,0.2452018406973699,0.0009341955255218,2
969,1,2,637,10007__Node__969,,0.0,0.2410888357550119,0.0025030475733457,4
970,2,20,68,10147__Node__970,,5.4131246211837736e-05,0.2414263086160533,0.0006807302879354,4
971,1,8,139,10071__Node__971,,0.0,0.2328820665884944,0.0001403357882566,4
972,2,54,26,10060__Node__972,outandin,9.703536653453515e-05,0.253373023543511,0.0045352143097668,1
975,1,8,139,10071__Node__975,,0.0,0.2328820665884944,0.0001403357882566,4
976,2,5,257,10020__Node__976,,1.6977563716671108e-05,0.2444336702345877,0.0095558062851654,4
977,5,2,637,10007__Node__977,outgoing,0.0018028758938127,0.3116055721960728,0.0260009578372957,2
978,4,32,41,10009__Node__978,outgoing,0.0003767133300474,0.2790242241049002,0.0148372725242037,2
980,1,1,823,10033__Node__980,outgoing,0.0,0.2732996955923439,0.0130031624785455,3
981,1,1,823,10033__Node__981,,0.0,0.2732996955923439,0.0130031624785455,3
982,2,20,68,10147__Node__982,,2.284561299364045e-05,0.2422830948948283,0.0008434908396076,4
983,3,22,64,10053__Node__983,incoming,3.82831073538214e-05,0.2416221198156682,0.0069169115683843,1
984,1,20,68,10147__Node__984,,0.0,0.233695845961847,0.000266663305054,4
985,1,33,41,10191__Node__985,,0.0,0.2150615258408531,0.0001192682696565,2
986,1,3,311,10032__Node__986,,0.0,0.2376445846477392,0.0036864696028191,4
987,1,0,1017,10003__Node__987,,0.0,0.2141900062093532,5.609007953745333e-05,4
988,1,11,128,10039__Node__988,,0.0,0.2339461003034089,0.0027339313516807,2
990,1,2,637,10007__Node__990,,0.0,0.2410888357550119,0.0025030475733457,4
994,2,1,823,10033__Node__994,,0.0001029283087548,0.2792144165637115,0.0150315387116441,4
995,2,4,278,10034__Node__995,outgoing,0.0001052985420979,0.2362568040085072,0.0033324301833111,2
996,1,5,257,10020__Node__996,outandin,0.0,0.2378170470626655,0.0049946441175549,0
999,1,3,311,10032__Node__999,,0.0,0.2376445846477392,0.0036864696028191,4
1000,1,1,823,10033__Node__1000,incoming,0.0,0.2732996955923439,0.0130031624785455,2
1001,6,1,823,10033__Node__1001,,0.0011969384367201,0.3057901367050809,0.0305125452784458,4
1002,1,0,1017,10003__Node__1002,,0.0,0.2141900062093532,5.609007953745333e-05,4
1003,1,14,109,10017__Node__1003,,0.0,0.2319917879013132,0.0020283762330986,4
1005,1,4,278,10034__Node__1005,,0.0,0.2325515381613029,0.0031177529798711,4
1006,2,1,823,10033__Node__1006,,5.199466674260389e-05,0.2809378884650006,0.017564324646156,4
1007,2,55,26,10339__Node__1007,outgoing,0.000117824975638,0.2382146621597063,0.0037818826182937,3
1008,1,7,149,10011__Node__1008,,0.0,0.2235715504008187,0.0003635239368321,4
1009,1,0,1017,10003__Node__1009,,0.0,0.2141900062093532,5.609007953745333e-05,4
1010,1,1,823,10033__Node__1010,,0.0,0.2732996955923439,0.0130031624785455,3
1011,1,2,637,10007__Node__1011,,0.0,0.2410888357550119,0.0025030475733457,4
1012,1,4,278,10034__Node__1012,,0.0,0.2325515381613029,0.0031177529798711,3
1013,1,0,1017,10003__Node__1013,,0.0,0.2141900062093532,5.609007953745333e-05,4
1014,2,10,129,10073__Node__1014,outgoing,3.1290789864314146e-05,0.257029687438723,0.005291651553356,3
1015,1,20,68,10147__Node__1015,,0.0,0.233695845961847,0.000266663305054,4
1016,1,26,60,10093__Node__1016,outgoing,0.0,0.2539621033053048,0.0035398287348275,3
1017,1,7,149,10011__Node__1017,,0.0,0.2235715504008187,0.0003635239368321,4
1018,1,0,1017,10003__Node__1018,,0.0,0.2141900062093532,5.609007953745333e-05,4
1019,1,8,139,10071__Node__1019,,0.0,0.2328820665884944,0.0001403357882566,4
1020,1,0,1017,10003__Node__1020,outgoing,0.0,0.2141900062093532,5.609007953745333e-05,3
1021,3,39,37,10010__Node__1021,,0.00025294220236,0.2505064403929213,0.0075662053542133,4
1022,6,3,311,10032__Node__1022,incoming,0.0004272962319955,0.2803130747187887,0.0168383872836293,2
1023,1,2,637,10007__Node__1023,,0.0,0.2410888357550119,0.0025030475733457,4
1024,1,4,278,10034__Node__1024,outgoing,0.0,0.2325515381613029,0.0031177529798711,2
1025,1,2,637,10007__Node__1025,,0.0,0.2410888357550119,0.0025030475733457,3
1026,5,18,70,10091__Node__1026,,0.0001534078756163,0.263901751560298,0.0090552711322268,3
1027,1,56,25,10030__Node__1027,outgoing,0.0,0.2137150683144748,0.0001699153992353,2
1028,1,2,637,10007__Node__1028,,0.0,0.2410888357550119,0.0025030475733457,4
1030,1,0,1017,10003__Node__1030,,0.0,0.2141900062093532,5.609007953745333e-05,3
1031,3,10,129,10073__Node__1031,outgoing,0.0001153747651189,0.2822202127201481,0.018066320259413,3
1032,1,2,637,10007__Node__1032,,0.0,0.2410888357550119,0.0025030475733457,4
1033,1,15,98,10055__Node__1033,,0.0,0.2521836161452922,0.0044314001307017,3
1034,1,7,149,10011__Node__1034,,0.0,0.2235715504008187,0.0003635239368321,4
1036,1,0,1017,10003__Node__1036,,0.0,0.2141900062093532,5.609007953745333e-05,4
1037,3,4,278,10034__Node__1037,,4.784221187412652e-05,0.2465856503254449,0.0095381539343711,3
1038,4,5,257,10020__Node__1038,outgoing,0.0003972062803456,0.291561012500556,0.0229730357465924,3
1040,1,0,1017,10003__Node__1040,,0.0,0.2141900062093532,5.609007953745333e-05,4
1042,1,1,823,10033__Node__1042,,0.0,0.2732996955923439,0.0130031624785455,3
1043,2,1,823,10033__Node__1043,,0.0001139412395459,0.2774649676135642,0.0139421039787844,4
1044,7,1,823,10033__Node__1044,,0.0003635554027906,0.2902697196510031,0.0277662392810518,3
1045,1,0,1017,10003__Node__1045,,0.0,0.2141900062093532,5.609007953745333e-05,4
1046,3,8,139,10071__Node__1046,,0.0014728613569386,0.2783842331053816,0.0133616559448708,4
1047,1,23,62,10025__Node__1047,,0.0,0.2226903605042302,0.000866305280049,3
1048,3,32,41,10009__Node__1048,,9.611460019254028e-05,0.2779356261396887,0.0179531597556326,4
1049,1,21,67,10087__Node__1049,,0.0,0.1571288149409029,4.2614267999579756e-07,4
1051,2,27,52,10026__Node__1051,outgoing,1.0696659804046282e-06,0.2188094681667946,0.0003751383421429,1
1053,1,14,109,10017__Node__1053,,0.0,0.2319917879013132,0.0020283762330986,4
1054,5,9,129,10006__Node__1054,,0.0014835295672048,0.27241364977763,0.0059510666265609,3
1055,1,21,67,10087__Node__1055,,0.0,0.1571288149409029,4.2614267999579756e-07,4
1056,1,1,823,10033__Node__1056,,0.0,0.2732996955923439,0.0130031624785455,4
1058,1,0,1017,10003__Node__1058,outgoing,0.0,0.2141900062093532,5.609007953745333e-05,2
1059,1,6,169,10047__Node__1059,outandin,0.0,0.187348140525398,4.024558046919183e-05,1
1060,11,4,278,10034__Node__1060,outgoing,0.0013909121623562,0.2979226328469476,0.0312980893441427,1
1061,1,32,41,10009__Node__1061,,0.0,0.2170414279564195,0.0005185971463854,4
1062,2,1,823,10033__Node__1062,,0.0001089259368834,0.2849936948297604,0.0179978065961004,4
1063,1,0,1017,10003__Node__1063,,0.0,0.2141900062093532,5.609007953745333e-05,4
1065,1,24,62,10108__Node__1065,,0.0,0.2187802516940948,0.0002181576780687,4
1066,2,29,49,10088__Node__1066,incoming,3.707865881563157e-06,0.2237394599392346,0.0003845171927071,3
1067,3,2,637,10007__Node__1067,,0.0002363029246524,0.2515641192952827,0.0088338985392805,4
1069,3,4,278,10034__Node__1069,outgoing,9.118950274248272e-05,0.2555066079295154,0.0048855471868881,2
1070,3,11,128,10039__Node__1070,,2.776441776977923e-05,0.2375240097126082,0.004843645944049,4
1071,1,21,67,10087__Node__1071,,0.0,0.1571288149409029,4.2614267999579756e-07,4
1075,1,0,1017,10003__Node__1075,,0.0,0.2141900062093532,5.609007953745333e-05,4
1076,1,17,73,10008__Node__1076,,0.0,0.2302962156084191,0.0010757835958013,4
1078,2,2,637,10007__Node__1078,,0.0001229634499998,0.2424982424982425,0.0029171145562272,4
1081,3,10,129,10073__Node__1081,,7.731707450211644e-05,0.2661306695902871,0.0091860009009299,3
1083,1,31,43,10177__Node__1083,,0.0,0.2531968321421672,0.0025964625002207,4
1084,3,2,637,10007__Node__1084,,0.0001947516789642,0.2642422287626497,0.0038317946220343,4
1085,2,3,311,10032__Node__1085,,4.230854953599967e-05,0.2410711001581638,0.0047622531986205,4
1086,1,20,68,10147__Node__1086,,0.0,0.233695845961847,0.000266663305054,4
1088,1,23,62,10025__Node__1088,,0.0,0.2226903605042302,0.000866305280049,4
1089,1,21,67,10087__Node__1089,,0.0,0.1571288149409029,4.2614267999579756e-07,4
1090,1,3,311,10032__Node__1090,,0.0,0.2376445846477392,0.0036864696028191,4
1091,1,13,119,10016__Node__1091,,0.0,0.2325185369141802,0.0020157240790995,4
1092,4,23,62,10025__Node__1092,,0.000384096799467,0.2842274166269136,0.016824133337933,3
1093,1,0,1017,10003__Node__1093,,0.0,0.2141900062093532,5.609007953745333e-05,4
1095,1,1,823,10033__Node__1095,,0.0,0.2732996955923439,0.0130031624785455,3
1096,3,31,43,10177__Node__1096,,0.0001705401701847,0.2877969525315066,0.0205942690963212,4
1097,5,23,62,10025__Node__1097,incoming,0.0017289722832088,0.2953715805128667,0.0222209137080894,2
1099,3,9,129,10006__Node__1099,,0.0007759951763231,0.2795478780123693,0.0140890041761643,4
1100,7,23,62,10025__Node__1100,,0.0014211171496954,0.3038620242014002,0.0290900050888439,4
1102,1,59,24,10139__Node__1102,,0.0,0.2061200742208384,3.899223398533341e-05,4
1103,3,1,823,10033__Node__1103,,0.0003656082636639,0.2898845592463178,0.0211210322120663,3
1105,4,23,62,10025__Node__1105,outgoing,0.0001349208593998,0.2800017088905028,0.0200705566876204,3
1106,1,4,278,10034__Node__1106,,0.0,0.2325515381613029,0.0031177529798711,4
1107,1,7,149,10011__Node__1107,,0.0,0.2235715504008187,0.0003635239368321,4
1108,1,2,637,10007__Node__1108,,0.0,0.2410888357550119,0.0025030475733457,4
1110,1,35,39,10019__Node__1110,,0.0,0.2289766970618034,0.000143815415508,4
1111,2,3,311,10032__Node__1111,,2.2026450600214655e-05,0.2436159536111214,0.0068042225826903,3
1112,1,6,169,10047__Node__1112,,0.0,0.187348140525398,4.024558046919183e-05,4
1113,2,27,52,10026__Node__1113,outandin,1.0696659804046282e-06,0.2188094681667946,0.0003751383421429,1
1114,2,13,119,10016__Node__1114,incoming,5.638938505820127e-05,0.2392931468837854,0.0029546655793384,3
1115,5,5,257,10020__Node__1115,,0.0008623507185205,0.3058186738836265,0.0273984916790115,2
1116,1,45,32,10064__Node__1116,,0.0,0.2119183884631551,0.0003765713990338,4
1118,1,4,278,10034__Node__1118,,0.0,0.2325515381613029,0.0031177529798711,4
1119,1,22,64,10053__Node__1119,,0.0,0.2264607304516084,0.0010652272368323,4
1120,1,7,149,10011__Node__1120,,0.0,0.2235715504008187,0.0003635239368321,4
1122,1,40,36,10052__Node__1122,,0.0,0.2282430785303848,0.0010444873555359,4
1125,2,18,70,10091__Node__1125,,1.236364089159141e-05,0.2488892264459044,0.0025244283740117,4
1126,1,2,637,10007__Node__1126,,0.0,0.2410888357550119,0.0025030475733457,4
1127,1,2,637,10007__Node__1127,,0.0,0.2410888357550119,0.0025030475733457,4
1128,3,18,70,10091__Node__1128,,0.0003265362171068,0.254395838993906,0.0029060528415757,4
1129,1,0,1017,10003__Node__1129,,0.0,0.2141900062093532,5.609007953745333e-05,4
1131,1,0,1017,10003__Node__1131,,0.0,0.2141900062093532,5.609007953745333e-05,4
1132,2,14,109,10017__Node__1132,,4.919186795507488e-05,0.2586730867900698,0.0064597763638003,4
1133,1,2,637,10007__Node__1133,,0.0,0.2410888357550119,0.0025030475733457,4
1134,1,2,637,10007__Node__1134,,0.0,0.2410888357550119,0.0025030475733457,4
1135,2,18,70,10091__Node__1135,,1.638965927995934e-05,0.2450551504954197,0.0011250409089122,3
1136,1,2,637,10007__Node__1136,,0.0,0.2410888357550119,0.0025030475733457,4
1137,3,3,311,10032__Node__1137,,0.0001666415738038,0.2449086357012069,0.0070455264308745,4
1139,1,17,73,10008__Node__1139,,0.0,0.2302962156084191,0.0010757835958013,4
1140,2,39,37,10010__Node__1140,outandin,1.9786605180398856e-05,0.2542182227221597,0.0049333957439587,2
1141,1,2,637,10007__Node__1141,,0.0,0.2410888357550119,0.0025030475733457,4
1143,1,2,637,10007__Node__1143,,0.0,0.2410888357550119,0.0025030475733457,4
1144,4,18,70,10091__Node__1144,,7.272262302550925e-05,0.2610843325498944,0.0088552793399464,4
1145,1,36,39,10036__Node__1145,,0.0,0.2091724380046596,0.000138947590469,4
1146,4,12,120,10077__Node__1146,outgoing,0.0002201789838766,0.2657422049223533,0.0084731375671041,2
1147,4,28,51,10051__Node__1147,incoming,4.534723376616069e-05,0.2401348331073901,0.0066174203843237,1
1148,2,53,27,10013__Node__1148,,4.380802189035482e-05,0.2351548204226615,0.0029094681363651,4
1149,1,59,24,10139__Node__1149,,0.0,0.2061200742208384,3.899223398533341e-05,4
1151,3,53,27,10013__Node__1151,,6.823372083243836e-05,0.2421577683354886,0.0028484997572654,4
1152,5,28,51,10051__Node__1152,,0.0001518658406937,0.2519315779358063,0.0153938455856299,4
1153,1,0,1017,10003__Node__1153,,0.0,0.2141900062093532,5.609007953745333e-05,4
1155,2,13,119,10016__Node__1155,,2.3887875221063938e-05,0.2424444197832279,0.0070103681966544,4
1156,3,3,311,10032__Node__1156,outandin,0.0001185334041656,0.2523389673892118,0.0117988667002452,1
1157,1,1,823,10033__Node__1157,,0.0,0.2732996955923439,0.0130031624785455,4
1158,1,29,49,10088__Node__1158,,0.0,0.2172428651927475,0.000151646172097,4
1160,2,1,823,10033__Node__1160,outgoing,3.966877315413464e-05,0.2798582347666424,0.016542991213373,2
1162,1,25,61,10196__Node__1162,,0.0,0.2241220121054611,0.0003823523012146,4
1164,3,30,46,10037__Node__1164,,0.0004993411857008,0.278526199481535,0.0175817983053153,4
1167,1,32,41,10009__Node__1167,outandin,0.0,0.2170414279564195,0.0005185971463854,0
1168,1,6,169,10047__Node__1168,incoming,0.0,0.187348140525398,4.024558046919183e-05,3
1170,1,2,637,10007__Node__1170,,0.0,0.2410888357550119,0.0025030475733457,4
1172,7,22,64,10053__Node__1172,,0.0004746614593396,0.279047983991144,0.0148732893203015,4
1173,1,7,149,10011__Node__1173,outgoing,0.0,0.2235715504008187,0.0003635239368321,1
1174,2,3,311,10032__Node__1174,,5.288900040908285e-05,0.2470503976780127,0.008681113720374,4
1175,1,2,637,10007__Node__1175,,0.0,0.2410888357550119,0.0025030475733457,4
1176,1,2,637,10007__Node__1176,,0.0,0.2410888357550119,0.0025030475733457,4
1179,1,27,52,10026__Node__1179,,0.0,0.2159117114149234,0.0002184626719269,4
1180,1,34,40,10070__Node__1180,,0.0,0.2028913723183605,8.76295195538406e-05,2
1181,1,20,68,10147__Node__1181,,0.0,0.233695845961847,0.000266663305054,4
1182,1,2,637,10007__Node__1182,,0.0,0.2410888357550119,0.0025030475733457,4
1183,5,13,119,10016__Node__1183,,0.0003391980122689,0.2435978442668649,0.0075327404488264,4
1184,1,2,637,10007__Node__1184,,0.0,0.2410888357550119,0.0025030475733457,4
1185,3,12,120,10077__Node__1185,outgoing,0.0001101441777782,0.2606689734717416,0.0052092596208119,3
1187,4,60,23,10057__Node__1187,outgoing,0.0001042723817252,0.2545341566662783,0.002873993469426,1
1188,5,9,129,10006__Node__1188,,0.0009877370201148,0.300628411540755,0.0234755119384384,4
1189,1,1,823,10033__Node__1189,,0.0,0.2732996955923439,0.0130031624785455,4
1190,2,20,68,10147__Node__1190,,0.0001130930167274,0.2520090744799477,0.0022823873841535,4
1191,1,6,169,10047__Node__1191,,0.0,0.187348140525398,4.024558046919183e-05,4
1193,1,3,311,10032__Node__1193,,0.0,0.2376445846477392,0.0036864696028191,4
1194,3,12,120,10077__Node__1194,outgoing,0.0001758869503807,0.238283948373023,0.0028594747068972,3
1196,1,59,24,10139__Node__1196,,0.0,0.2061200742208384,3.899223398533341e-05,4
1197,1,2,637,10007__Node__1197,outgoing,0.0,0.2410888357550119,0.0025030475733457,3
1199,2,25,61,10196__Node__1199,,5.326732622155963e-05,0.2437609253542604,0.0006490156062686,4
1201,1,30,46,10037__Node__1201,,0.0,0.2200288716554201,0.0001472356960681,4
1203,1,0,1017,10003__Node__1203,outgoing,0.0,0.2141900062093532,5.609007953745333e-05,3
1204,2,2,637,10007__Node__1204,,0.0001327237145512,0.2631388766210302,0.0034372430988675,4
1205,1,2,637,10007__Node__1205,,0.0,0.2410888357550119,0.0025030475733457,4
1206,2,2,637,10007__Node__1206,,0.0001327237145512,0.2631388766210302,0.0034372430988675,4
1207,3,61,23,10058__Node__1207,incoming,0.0002070122082329,0.2253085358726666,0.0008113903547257,3
1208,1,6,169,10047__Node__1208,,0.0,0.187348140525398,4.024558046919183e-05,4
1209,2,9,129,10006__Node__1209,,7.67120075665386e-05,0.2601516294208709,0.0059288396430767,4
1211,1,0,1017,10003__Node__1211,,0.0,0.2141900062093532,5.609007953745333e-05,3
1214,2,16,80,10149__Node__1214,incoming,6.49926936689909e-05,0.2286731098007745,0.0008681746381952,3
1215,1,2,637,10007__Node__1215,,0.0,0.2410888357550119,0.0025030475733457,4
1216,3,3,311,10032__Node__1216,,7.670986992403867e-05,0.2478726220642184,0.0088325988157889,4
1217,1,0,1017,10003__Node__1217,,0.0,0.2141900062093532,5.609007953745333e-05,4
1218,1,12,120,10077__Node__1218,,0.0,0.2249682490646346,0.0009389415002389,4
1219,3,28,51,10051__Node__1219,,1.5060357607620346e-05,0.2401524312044263,0.0081247899542009,4
1220,4,5,257,10020__Node__1220,,0.0007032399067798,0.2828779835124519,0.0114515874086096,3
1221,2,3,311,10032__Node__1221,,1.601536603316703e-05,0.2398360595747795,0.0045642899491796,4
1223,1,21,67,10087__Node__1223,,0.0,0.1571288149409029,4.2614267999579756e-07,4
1224,2,33,41,10191__Node__1224,,0.0001764423403052,0.2393630619772835,0.0002596040579131,3
1227,1,2,637,10007__Node__1227,,0.0,0.2410888357550119,0.0025030475733457,4
1228,1,46,29,10119__Node__1228,,0.0,0.2183574879227053,0.0002146772034399,3
1230,2,0,1017,10003__Node__1230,,0.0010737142824496,0.2523001116372175,0.0002159294562681,4
1231,1,8,139,10071__Node__1231,,0.0,0.2328820665884944,0.0001403357882566,4
1232,1,7,149,10011__Node__1232,,0.0,0.2235715504008187,0.0003635239368321,4
1234,4,1,823,10033__Node__1234,,0.0005999160364949,0.2861134151132841,0.0214106433566575,4
1235,1,0,1017,10003__Node__1235,,0.0,0.2141900062093532,5.609007953745333e-05,4
1236,2,11,128,10039__Node__1236,,6.75978108572305e-05,0.2611675632596135,0.0071653314823825,4
1237,1,0,1017,10003__Node__1237,,0.0,0.2141900062093532,5.609007953745333e-05,4
1238,18,15,98,10055__Node__1238,,0.005935481475757,0.32992700729927,0.0528583474468385,4
1239,3,26,60,10093__Node__1239,,0.0001121175849926,0.2854156686844053,0.0211041533809836,4
1240,1,7,149,10011__Node__1240,,0.0,0.2235715504008187,0.0003635239368321,4
1241,1,2,637,10007__Node__1241,,0.0,0.2410888357550119,0.0025030475733457,4
1243,3,24,62,10108__Node__1243,,0.0004653989918091,0.2807934535795381,0.0152496963897128,2
1244,1,17,73,10008__Node__1244,outgoing,0.0,0.2302962156084191,0.0010757835958013,3
1245,1,18,70,10091__Node__1245,,0.0,0.2419968245763024,0.0007304893857454,4
1246,1,0,1017,10003__Node__1246,,0.0,0.2141900062093532,5.609007953745333e-05,4
1247,1,6,169,10047__Node__1247,,0.0,0.187348140525398,4.024558046919183e-05,4
1250,2,29,49,10088__Node__1250,,3.707865881563157e-06,0.2237394599392346,0.0003845171927071,4
1251,1,0,1017,10003__Node__1251,,0.0,0.2141900062093532,5.609007953745333e-05,4
1252,1,11,128,10039__Node__1252,,0.0,0.2339461003034089,0.0027339313516807,2
1254,1,8,139,10071__Node__1254,,0.0,0.2328820665884944,0.0001403357882566,4
1256,2,1,823,10033__Node__1256,outgoing,2.8997267085099937e-05,0.2758533608316848,0.0147537802859684,2
1258,4,5,257,10020__Node__1258,,6.458622415181466e-05,0.2451284736507461,0.009651458504437,4
1259,1,2,637,10007__Node__1259,,0.0,0.2410888357550119,0.0025030475733457,4
1260,7,17,73,10008__Node__1260,incoming,0.0014179143539277,0.3090488989484604,0.0273571069943059,2
1262,1,0,1017,10003__Node__1262,,0.0,0.2141900062093532,5.609007953745333e-05,4
1263,1,2,637,10007__Node__1263,,0.0,0.2410888357550119,0.0025030475733457,4
1266,2,1,823,10033__Node__1266,,1.86533559249534e-05,0.2772302356076308,0.0174345626092472,4
1268,1,0,1017,10003__Node__1268,,0.0,0.2141900062093532,5.609007953745333e-05,4
1270,1,12,120,10077__Node__1270,,0.0,0.2249682490646346,0.0009389415002389,4
1271,1,16,80,10149__Node__1271,,0.0,0.2240147656970981,0.0003661790249382,4
1272,1,3,311,10032__Node__1272,,0.0,0.2376445846477392,0.0036864696028191,4
1273,1,0,1017,10003__Node__1273,,0.0,0.2141900062093532,5.609007953745333e-05,4
1274,3,9,129,10006__Node__1274,,0.0002125685361639,0.2610635331607249,0.0047962019130253,4
1275,1,6,169,10047__Node__1275,,0.0,0.187348140525398,4.024558046919183e-05,2
1276,1,11,128,10039__Node__1276,,0.0,0.2339461003034089,0.0027339313516807,4
1277,1,0,1017,10003__Node__1277,,0.0,0.2141900062093532,5.609007953745333e-05,4
1278,1,0,1017,10003__Node__1278,,0.0,0.2141900062093532,5.609007953745333e-05,4
1281,6,16,80,10149__Node__1281,,0.0003895758457552,0.2510245509211383,0.0117665461953359,3
1282,2,27,52,10026__Node__1282,,1.0696659804046282e-06,0.2188094681667946,0.0003751383421429,2
1283,1,6,169,10047__Node__1283,,0.0,0.187348140525398,4.024558046919183e-05,4
1284,2,0,1017,10003__Node__1284,,0.0010737142824496,0.2523001116372175,0.0002159294562681,4
1285,1,0,1017,10003__Node__1285,,0.0,0.2141900062093532,5.609007953745333e-05,4
1286,4,2,637,10007__Node__1286,,0.000985948887286,0.3044831591173054,0.0222514719768691,4
1287,1,14,109,10017__Node__1287,,0.0,0.2319917879013132,0.0020283762330986,4
1288,1,1,823,10033__Node__1288,incoming,0.0,0.2732996955923439,0.0130031624785455,3
1290,3,4,278,10034__Node__1290,,4.784221187412652e-05,0.2465856503254449,0.0095381539343711,4
1291,4,11,128,10039__Node__1291,,7.281153992682645e-05,0.2432181689984043,0.0079613989239202,4
1292,1,3,311,10032__Node__1292,outgoing,0.0,0.2376445846477392,0.0036864696028191,1
1293,1,1,823,10033__Node__1293,,0.0,0.2732996955923439,0.0130031624785455,4
1294,1,6,169,10047__Node__1294,incoming,0.0,0.187348140525398,4.024558046919183e-05,1
1299,1,0,1017,10003__Node__1299,,0.0,0.2141900062093532,5.609007953745333e-05,4
1301,1,0,1017,10003__Node__1301,,0.0,0.2141900062093532,5.609007953745333e-05,4
1303,2,3,311,10032__Node__1303,,7.538976272549852e-05,0.2432542775488995,0.0057021936819187,4
1305,1,1,823,10033__Node__1305,,0.0,0.2732996955923439,0.0130031624785455,4
1307,1,29,49,10088__Node__1307,,0.0,0.2172428651927475,0.000151646172097,3
1308,2,1,823,10033__Node__1308,,1.86533559249534e-05,0.2772302356076308,0.0174345626092472,3
1309,3,1,823,10033__Node__1309,outgoing,4.756225682206218e-05,0.2786446154500234,0.0192042514075714,1
1310,1,46,29,10119__Node__1310,,0.0,0.2183574879227053,0.0002146772034399,3
1311,3,12,120,10077__Node__1311,,0.0005256436210318,0.2419253626665682,0.0033308416701697,4
1313,3,31,43,10177__Node__1313,,6.635530193301602e-05,0.2701455010098512,0.0121522687853862,4
1317,1,0,1017,10003__Node__1317,,0.0,0.2141900062093532,5.609007953745333e-05,4
1318,1,0,1017,10003__Node__1318,,0.0,0.2141900062093532,5.609007953745333e-05,4
1319,1,0,1017,10003__Node__1319,,0.0,0.2141900062093532,5.609007953745333e-05,4
1320,1,2,637,10007__Node__1320,,0.0,0.2410888357550119,0.0025030475733457,4
1321,1,6,169,10047__Node__1321,,0.0,0.187348140525398,4.024558046919183e-05,2
1322,3,1,823,10033__Node__1322,,9.83162732216064e-05,0.277511961722488,0.0156200855660175,4
1324,1,6,169,10047__Node__1324,outgoing,0.0,0.187348140525398,4.024558046919183e-05,2
1328,1,0,1017,10003__Node__1328,,0.0,0.2141900062093532,5.609007953745333e-05,4
1332,1,32,41,10009__Node__1332,,0.0,0.2170414279564195,0.0005185971463854,4
1333,1,2,637,10007__Node__1333,,0.0,0.2410888357550119,0.0025030475733457,4
1335,1,59,24,10139__Node__1335,,0.0,0.2061200742208384,3.899223398533341e-05,4
1336,1,7,149,10011__Node__1336,,0.0,0.2235715504008187,0.0003635239368321,4
1337,1,0,1017,10003__Node__1337,,0.0,0.2141900062093532,5.609007953745333e-05,4
1338,3,9,129,10006__Node__1338,outgoing,0.000206606163495,0.263753068533945,0.0036071584981029,2
1340,1,20,68,10147__Node__1340,,0.0,0.233695845961847,0.000266663305054,4
1342,1,23,62,10025__Node__1342,,0.0,0.2226903605042302,0.000866305280049,4
1344,2,24,62,10108__Node__1344,,6.345716652894199e-05,0.2337458539890866,0.0022338817571682,4
1345,3,10,129,10073__Node__1345,,2.8225203843497547e-05,0.2456061457747798,0.0113497452734317,3
1347,3,4,278,10034__Node__1347,,0.0002457278457374,0.2533338487109118,0.0083547319048977,4
1349,3,13,119,10016__Node__1349,,0.0002119344009342,0.2842027665756038,0.0170472627907436,4
1350,3,1,823,10033__Node__1350,,0.0004071074675428,0.2791192879349261,0.0175912382794632,4
1352,2,20,68,10147__Node__1352,,0.0001014695656405,0.2502386315910045,0.0013424469008554,4
1353,2,1,823,10033__Node__1353,,5.2822485245991e-05,0.2749276395821972,0.0138694677585945,4
1354,1,3,311,10032__Node__1354,,0.0,0.2376445846477392,0.0036864696028191,4
1355,2,5,257,10020__Node__1355,,4.361795315633374e-05,0.2454589715740983,0.0081123970974261,4
1357,1,30,46,10037__Node__1357,,0.0,0.2200288716554201,0.0001472356960681,4
1358,2,34,40,10070__Node__1358,,2.8111866033526104e-05,0.2227660514598416,0.0002912191797264,4
1361,2,15,98,10055__Node__1361,,1.86533559249534e-05,0.2772302356076308,0.0174345626092472,4
1362,2,6,169,10047__Node__1362,,2.8492999182442007e-05,0.187551867219917,4.308726607464869e-05,4
1363,1,20,68,10147__Node__1363,,0.0,0.233695845961847,0.000266663305054,4
1364,1,54,26,10060__Node__1364,,0.0,0.2245212565516768,0.0001038141790651,3
1367,5,31,43,10177__Node__1367,,0.0001848861306855,0.273710586761328,0.014940598419969,4
1368,1,2,637,10007__Node__1368,,0.0,0.2410888357550119,0.0025030475733457,4
1369,1,0,1017,10003__Node__1369,outgoing,0.0,0.2141900062093532,5.609007953745333e-05,1
1372,1,3,311,10032__Node__1372,outgoing,0.0,0.2376445846477392,0.0036864696028191,1
1373,2,18,70,10091__Node__1373,,2.807951261048795e-05,0.2574942050053039,0.004270318120573,4
1374,1,11,128,10039__Node__1374,,0.0,0.2339461003034089,0.0027339313516807,4
1375,4,1,823,10033__Node__1375,,0.0005632785007549,0.2775354647469829,0.0143650422122523,3
1376,1,0,1017,10003__Node__1376,,0.0,0.2141900062093532,5.609007953745333e-05,4
1378,1,0,1017,10003__Node__1378,,0.0,0.2141900062093532,5.609007953745333e-05,4
1379,1,0,1017,10003__Node__1379,,0.0,0.2141900062093532,5.609007953745333e-05,4
1380,2,50,28,10143__Node__1380,outgoing,3.654225034233005e-05,0.2264763813538823,0.0004217473382413,3
1381,2,4,278,10034__Node__1381,,1.135304549306806e-05,0.2399765662187397,0.0058516843315519,4
1382,1,0,1017,10003__Node__1382,,0.0,0.2141900062093532,5.609007953745333e-05,4
1383,1,0,1017,10003__Node__1383,outgoing,0.0,0.2141900062093532,5.609007953745333e-05,3
1384,1,7,149,10011__Node__1384,,0.0,0.2235715504008187,0.0003635239368321,4
1386,1,2,637,10007__Node__1386,,0.0,0.2410888357550119,0.0025030475733457,4
1387,1,0,1017,10003__Node__1387,,0.0,0.2141900062093532,5.609007953745333e-05,4
1389,2,2,637,10007__Node__1389,,0.0001167955383124,0.2492109966158409,0.0056208005532169,4
1391,3,4,278,10034__Node__1391,,0.0004147986262832,0.2707257631459374,0.0084880946108118,4
1393,1,22,64,10053__Node__1393,outandin,0.0,0.2264607304516084,0.0010652272368323,0
1399,1,9,129,10006__Node__1399,,0.0,0.2452018406973699,0.0009341955255218,4
1400,3,4,278,10034__Node__1400,,8.617889347027708e-05,0.2490784023106449,0.0108463284491069,2
1405,1,0,1017,10003__Node__1405,,0.0,0.2141900062093532,5.609007953745333e-05,4
1406,4,45,32,10064__Node__1406,,0.000393011843557,0.2790717479242069,0.0145333525812582,4
1407,1,4,278,10034__Node__1407,,0.0,0.2325515381613029,0.0031177529798711,4
1408,1,3,311,10032__Node__1408,,0.0,0.2376445846477392,0.0036864696028191,4
1409,4,38,38,10086__Node__1409,,0.0004653219244926,0.2657853116509185,0.0084855080951452,4
1410,1,6,169,10047__Node__1410,,0.0,0.187348140525398,4.024558046919183e-05,4
1413,1,54,26,10060__Node__1413,outgoing,0.0,0.2245212565516768,0.0001038141790651,1
1415,5,28,51,10051__Node__1415,,0.0001893605154248,0.2682657279685645,0.0110217378982155,3
1416,1,2,637,10007__Node__1416,,0.0,0.2410888357550119,0.0025030475733457,4
1417,1,2,637,10007__Node__1417,,0.0,0.2410888357550119,0.0025030475733457,4
1419,3,0,1017,10003__Node__1419,,0.0023533926617117,0.2561056621468485,0.0003197436353332,4
1420,1,0,1017,10003__Node__1420,,0.0,0.2141900062093532,5.609007953745333e-05,4
1422,1,5,257,10020__Node__1422,,0.0,0.2378170470626655,0.0049946441175549,4
1424,4,4,278,10034__Node__1424,,0.0002533072121255,0.2753203108590632,0.0121346164345918,3
1425,1,0,1017,10003__Node__1425,,0.0,0.2141900062093532,5.609007953745333e-05,4
1427,2,11,128,10039__Node__1427,,9.442722056545228e-06,0.2352730014000071,0.0031958086642478,4
1428,3,1,823,10033__Node__1428,,4.756225682206218e-05,0.2786446154500234,0.0192042514075714,3
1429,1,27,52,10026__Node__1429,,0.0,0.2159117114149234,0.0002184626719269,4
1430,1,3,311,10032__Node__1430,,0.0,0.2376445846477392,0.0036864696028191,4
1432,1,0,1017,10003__Node__1432,,0.0,0.2141900062093532,5.609007953745333e-05,4
1433,1,0,1017,10003__Node__1433,,0.0,0.2141900062093532,5.609007953745333e-05,4
1434,3,1,823,10033__Node__1434,,0.0002556679358942,0.2801453301987604,0.015408110110678,3
1436,3,1,823,10033__Node__1436,incoming,9.611460019254028e-05,0.2779356261396887,0.0179531597556326,3
1439,1,1,823,10033__Node__1439,,0.0,0.2732996955923439,0.0130031624785455,4
1440,1,0,1017,10003__Node__1440,,0.0,0.2141900062093532,5.609007953745333e-05,4
1441,1,2,637,10007__Node__1441,,0.0,0.2410888357550119,0.0025030475733457,4
1442,1,4,278,10034__Node__1442,outgoing,0.0,0.2325515381613029,0.0031177529798711,1
1444,3,11,128,10039__Node__1444,outandin,2.776441776977923e-05,0.2375240097126082,0.004843645944049,1
1445,1,2,637,10007__Node__1445,outandin,0.0,0.2410888357550119,0.0025030475733457,0
1446,1,2,637,10007__Node__1446,,0.0,0.2410888357550119,0.0025030475733457,4
1447,1,2,637,10007__Node__1447,,0.0,0.2410888357550119,0.0025030475733457,4
1448,3,44,34,10066__Node__1448,,0.0008208939493239,0.2537064994387024,0.0019650861570187,4
1449,1,2,637,10007__Node__1449,,0.0,0.2410888357550119,0.0025030475733457,4
1450,1,6,169,10047__Node__1450,,0.0,0.187348140525398,4.024558046919183e-05,4
1451,1,16,80,10149__Node__1451,,0.0,0.2240147656970981,0.0003661790249382,4
1452,2,5,257,10020__Node__1452,,2.013157063519228e-05,0.2404696385984223,0.0060704277133563,4
1454,1,40,36,10052__Node__1454,,0.0,0.2282430785303848,0.0010444873555359,4
1455,4,9,129,10006__Node__1455,,0.0003368442076823,0.2547716229348882,0.0023642835723322,4
1456,2,15,98,10055__Node__1456,,1.2486676981217724e-05,0.2556660815291594,0.0061820179381246,3
1457,1,13,119,10016__Node__1457,outgoing,0.0,0.2325185369141802,0.0020157240790995,3
1460,1,20,68,10147__Node__1460,,0.0,0.233695845961847,0.000266663305054,4
1461,1,0,1017,10003__Node__1461,,0.0,0.2141900062093532,5.609007953745333e-05,3
1468,7,26,60,10093__Node__1468,,0.000512511543979,0.2874435331783693,0.0246513679908625,2
1469,1,45,32,10064__Node__1469,,0.0,0.2119183884631551,0.0003765713990338,4
1471,4,34,40,10070__Node__1471,incoming,0.0010821567586752,0.2836615451201039,0.0195379162079006,3
1473,1,4,278,10034__Node__1473,outgoing,0.0,0.2325515381613029,0.0031177529798711,2
1474,4,61,23,10058__Node__1474,incoming,0.0003641617265209,0.2464929106021287,0.0083541879640831,2
1475,1,0,1017,10003__Node__1475,,0.0,0.2141900062093532,5.609007953745333e-05,2
1476,1,0,1017,10003__Node__1476,,0.0,0.2141900062093532,5.609007953745333e-05,4
1477,1,30,46,10037__Node__1477,,0.0,0.2200288716554201,0.0001472356960681,4
1478,1,0,1017,10003__Node__1478,,0.0,0.2141900062093532,5.609007953745333e-05,4
1480,1,8,139,10071__Node__1480,,0.0,0.2328820665884944,0.0001403357882566,4
1481,1,27,52,10026__Node__1481,,0.0,0.2159117114149234,0.0002184626719269,3
1483,5,5,257,10020__Node__1483,,0.0003806422603555,0.2800495662949194,0.0160187104305349,4
1484,1,0,1017,10003__Node__1484,,0.0,0.2141900062093532,5.609007953745333e-05,4
1485,1,0,1017,10003__Node__1485,,0.0,0.2141900062093532,5.609007953745333e-05,2
1486,1,16,80,10149__Node__1486,,0.0,0.2240147656970981,0.0003661790249382,4
1487,1,1,823,10033__Node__1487,,0.0,0.2732996955923439,0.0130031624785455,4
1489,2,13,119,10016__Node__1489,,5.3826834698494286e-05,0.2349861962640278,0.0023980763803141,3
1490,1,2,637,10007__Node__1490,,0.0,0.2410888357550119,0.0025030475733457,4
1491,1,4,278,10034__Node__1491,,0.0,0.2325515381613029,0.0031177529798711,4
1492,1,0,1017,10003__Node__1492,,0.0,0.2141900062093532,5.609007953745333e-05,4
1494,5,2,637,10007__Node__1494,,0.0009738419690929,0.2835633626097867,0.0130332027463595,4
1495,1,30,46,10037__Node__1495,,0.0,0.2200288716554201,0.0001472356960681,4
1496,5,1,823,10033__Node__1496,,0.0005953267593651,0.2934407880008954,0.0221538762805028,3
1497,2,42,35,10056__Node__1497,,7.843658343840981e-05,0.2750661014815125,0.0135799900130991,3
1499,1,54,26,10060__Node__1499,outgoing,0.0,0.2245212565516768,0.0001038141790651,1
1502,1,21,67,10087__Node__1502,,0.0,0.1571288149409029,4.2614267999579756e-07,4
1503,1,6,169,10047__Node__1503,,0.0,0.187348140525398,4.024558046919183e-05,3
1504,1,7,149,10011__Node__1504,,0.0,0.2235715504008187,0.0003635239368321,4
1505,1,0,1017,10003__Node__1505,,0.0,0.2141900062093532,5.609007953745333e-05,4
1506,1,1,823,10033__Node__1506,,0.0,0.2732996955923439,0.0130031624785455,4
1507,1,52,28,10162__Node__1507,outgoing,0.0,0.214358135731807,2.969075404631632e-05,2
1509,2,1,823,10033__Node__1509,,1.86533559249534e-05,0.2772302356076308,0.0174345626092472,4
1510,4,12,120,10077__Node__1510,incoming,0.0001822431420372,0.2655699177438307,0.0082158140250662,3
1511,1,12,120,10077__Node__1511,,0.0,0.2249682490646346,0.0009389415002389,4
1512,2,56,25,10030__Node__1512,outgoing,2.8986501286489647e-05,0.233679181374122,0.0032876683791065,2
1515,1,2,637,10007__Node__1515,,0.0,0.2410888357550119,0.0025030475733457,4
1517,3,26,60,10093__Node__1517,,6.917407231437916e-05,0.2684415318451771,0.0102850906598054,4
1518,1,0,1017,10003__Node__1518,,0.0,0.2141900062093532,5.609007953745333e-05,4
1520,4,18,70,10091__Node__1520,outgoing,0.0001958771887187,0.2840549560091882,0.0190431693974426,2
1521,1,13,119,10016__Node__1521,,0.0,0.2325185369141802,0.0020157240790995,4
1522,1,3,311,10032__Node__1522,,0.0,0.2376445846477392,0.0036864696028191,4
1524,3,1,823,10033__Node__1524,outgoing,8.46997002026718e-05,0.282780342581007,0.0193582636344223,2
1525,1,21,67,10087__Node__1525,,0.0,0.1571288149409029,4.2614267999579756e-07,4
1526,9,11,128,10039__Node__1526,,0.0022151531146992,0.2990372769995894,0.0187375989403812,4
1527,4,1,823,10033__Node__1527,,0.0011045986817235,0.2826340075035577,0.0201186546290218,4
1528,6,2,637,10007__Node__1528,,0.00189639923898,0.3080031956388928,0.0250234712617742,4
1530,1,1,823,10033__Node__1530,,0.0,0.2732996955923439,0.0130031624785455,4
1531,2,1,823,10033__Node__1531,,2.8997267085099937e-05,0.2758533608316848,0.0147537802859684,2
1532,1,0,1017,10003__Node__1532,,0.0,0.2141900062093532,5.609007953745333e-05,4
1535,1,7,149,10011__Node__1535,,0.0,0.2235715504008187,0.0003635239368321,4
1539,4,47,29,10041__Node__1539,,0.0001864779298112,0.2431640262679479,0.007021225857536,4
1542,1,1,823,10033__Node__1542,,0.0,0.2732996955923439,0.0130031624785455,4
1544,1,0,1017,10003__Node__1544,,0.0,0.2141900062093532,5.609007953745333e-05,3
1545,1,0,1017,10003__Node__1545,,0.0,0.2141900062093532,5.609007953745333e-05,4
1547,1,1,823,10033__Node__1547,,0.0,0.2732996955923439,0.0130031624785455,4
1549,1,2,637,10007__Node__1549,,0.0,0.2410888357550119,0.0025030475733457,4
1550,1,5,257,10020__Node__1550,outgoing,0.0,0.2378170470626655,0.0049946441175549,1
1552,2,2,637,10007__Node__1552,outgoing,0.0002147918736927,0.2687717859339758,0.0050995100735665,3
1554,2,35,39,10019__Node__1554,,4.89619722471539e-05,0.2530795072788354,0.0045752155462097,4
1555,1,7,149,10011__Node__1555,,0.0,0.2235715504008187,0.0003635239368321,4
1558,1,6,169,10047__Node__1558,,0.0,0.187348140525398,4.024558046919183e-05,4
1559,1,0,1017,10003__Node__1559,,0.0,0.2141900062093532,5.609007953745333e-05,4
1560,1,5,257,10020__Node__1560,outgoing,0.0,0.2378170470626655,0.0049946441175549,2
1561,2,31,43,10177__Node__1561,outgoing,2.7840029723779493e-05,0.2778884884460462,0.0155996249787662,2
1563,1,4,278,10034__Node__1563,,0.0,0.2325515381613029,0.0031177529798711,4
1564,2,17,73,10008__Node__1564,,2.013157063519228e-05,0.2404696385984223,0.0060704277133563,2
1565,2,7,149,10011__Node__1565,,0.0001041403547864,0.228928708652066,0.0005671135970047,4
1566,1,25,61,10196__Node__1566,,0.0,0.2241220121054611,0.0003823523012146,4
1567,1,59,24,10139__Node__1567,,0.0,0.2061200742208384,3.899223398533341e-05,4
1568,2,4,278,10034__Node__1568,outgoing,0.0001167955383124,0.2492109966158409,0.0056208005532169,3
1569,6,28,51,10051__Node__1569,outgoing,0.0008886876808699,0.2650543939822866,0.0071581275368708,2
1571,1,0,1017,10003__Node__1571,,0.0,0.2141900062093532,5.609007953745333e-05,4
1573,1,5,257,10020__Node__1573,,0.0,0.2378170470626655,0.0049946441175549,4
1574,1,1,823,10033__Node__1574,,0.0,0.2732996955923439,0.0130031624785455,3
1575,1,14,109,10017__Node__1575,outandin,0.0,0.2319917879013132,0.0020283762330986,1
1576,1,10,129,10073__Node__1576,,0.0,0.2364613774939567,0.0045611621676105,4
1577,1,2,637,10007__Node__1577,,0.0,0.2410888357550119,0.0025030475733457,4
1579,1,21,67,10087__Node__1579,,0.0,0.1571288149409029,4.2614267999579756e-07,4
1580,2,15,98,10055__Node__1580,,2.489137467735522e-05,0.2544748592506309,0.0052977054107508,4
1583,3,44,34,10066__Node__1583,outgoing,0.0005797540980586,0.2756677181913775,0.0136815990016616,3
1584,1,2,637,10007__Node__1584,,0.0,0.2410888357550119,0.0025030475733457,4
1586,2,13,119,10016__Node__1586,,0.0001618044042715,0.2511014903643538,0.0021595394946075,2
1589,4,1,823,10033__Node__1589,incoming,0.0001817010339481,0.2819531081953108,0.0202609640124715,3
1590,1,0,1017,10003__Node__1590,,0.0,0.2141900062093532,5.609007953745333e-05,4
1591,1,49,28,10014__Node__1591,,0.0,0.1710378663326287,2.841685605456861e-06,4
1593,3,1,823,10033__Node__1593,,6.013729999127136e-05,0.2793096100575325,0.0191851804166701,4
1594,2,1,823,10033__Node__1594,,0.0003922587946905,0.2745360867926109,0.013122430748202,4
1596,1,4,278,10034__Node__1596,outgoing,0.0,0.2325515381613029,0.0031177529798711,1
1598,7,48,29,10065__Node__1598,outgoing,0.0005035042656966,0.2939408889088218,0.0301408701159243,3
1601,1,0,1017,10003__Node__1601,,0.0,0.2141900062093532,5.609007953745333e-05,4
1602,1,2,637,10007__Node__1602,,0.0,0.2410888357550119,0.0025030475733457,4
1603,1,9,129,10006__Node__1603,incoming,0.0,0.2452018406973699,0.0009341955255218,2
1604,1,0,1017,10003__Node__1604,,0.0,0.2141900062093532,5.609007953745333e-05,4
1605,2,17,73,10008__Node__1605,,2.013157063519228e-05,0.2404696385984223,0.0060704277133563,4
1606,1,55,26,10339__Node__1606,outgoing,0.0,0.2121378863893833,9.541301547457587e-05,3
1611,1,0,1017,10003__Node__1611,,0.0,0.2141900062093532,5.609007953745333e-05,4
1612,1,0,1017,10003__Node__1612,,0.0,0.2141900062093532,5.609007953745333e-05,2
1614,1,0,1017,10003__Node__1614,,0.0,0.2141900062093532,5.609007953745333e-05,4
1615,1,0,1017,10003__Node__1615,,0.0,0.2141900062093532,5.609007953745333e-05,4
1616,3,22,64,10053__Node__1616,,6.27311534120529e-05,0.2455325366200876,0.0078694498195226,4
1617,1,21,67,10087__Node__1617,,0.0,0.1571288149409029,4.2614267999579756e-07,4
1618,1,2,637,10007__Node__1618,,0.0,0.2410888357550119,0.0025030475733457,4
1620,1,19,70,10105__Node__1620,,0.0,0.215132118824881,0.0002413038481842,4
1621,1,42,35,10056__Node__1621,,0.0,0.2216210732762993,0.0005768275345536,4
1622,1,0,1017,10003__Node__1622,,0.0,0.2141900062093532,5.609007953745333e-05,4
1625,2,15,98,10055__Node__1625,,2.489137467735522e-05,0.2544748592506309,0.0052977054107508,3
1627,1,0,1017,10003__Node__1627,,0.0,0.2141900062093532,5.609007953745333e-05,3
1628,1,0,1017,10003__Node__1628,,0.0,0.2141900062093532,5.609007953745333e-05,4
1629,1,2,637,10007__Node__1629,,0.0,0.2410888357550119,0.0025030475733457,4
1630,1,43,34,10153__Node__1630,,0.0,0.2200436461306026,0.0004362520125827,4
1631,1,2,637,10007__Node__1631,,0.0,0.2410888357550119,0.0025030475733457,4
1632,1,7,149,10011__Node__1632,,0.0,0.2235715504008187,0.0003635239368321,4
1633,3,27,52,10026__Node__1633,outgoing,0.0004862762138542,0.2825608967449881,0.017782787318083,2
1634,4,11,128,10039__Node__1634,,0.0007736189440305,0.2853162683383396,0.0168700624153293,4
1635,1,0,1017,10003__Node__1635,,0.0,0.2141900062093532,5.609007953745333e-05,4
1636,1,55,26,10339__Node__1636,outgoing,0.0,0.2121378863893833,9.541301547457587e-05,3
1637,2,0,1017,10003__Node__1637,,0.0010737142824496,0.2523001116372175,0.0002159294562681,4
1638,1,20,68,10147__Node__1638,,0.0,0.233695845961847,0.000266663305054,4
1640,1,23,62,10025__Node__1640,incoming,0.0,0.2226903605042302,0.000866305280049,1
1641,1,6,169,10047__Node__1641,,0.0,0.187348140525398,4.024558046919183e-05,4
1642,1,0,1017,10003__Node__1642,,0.0,0.2141900062093532,5.609007953745333e-05,3
1643,1,0,1017,10003__Node__1643,,0.0,0.2141900062093532,5.609007953745333e-05,4
1644,1,16,80,10149__Node__1644,,0.0,0.2240147656970981,0.0003661790249382,4
1645,2,1,823,10033__Node__1645,,5.199466674260389e-05,0.2809378884650006,0.017564324646156,4
1647,2,4,278,10034__Node__1647,,1.135304549306806e-05,0.2399765662187397,0.0058516843315519,4
1648,1,9,129,10006__Node__1648,outgoing,0.0,0.2452018406973699,0.0009341955255218,1
1649,1,23,62,10025__Node__1649,,0.0,0.2226903605042302,0.000866305280049,3
1650,1,2,637,10007__Node__1650,,0.0,0.2410888357550119,0.0025030475733457,4
1652,5,13,119,10016__Node__1652,,0.0003898840171075,0.24807903402854,0.0093689279111336,2
1654,2,15,98,10055__Node__1654,outgoing,1.86533559249534e-05,0.2772302356076308,0.0174345626092472,1
1657,1,1,823,10033__Node__1657,,0.0,0.2732996955923439,0.0130031624785455,4
1658,6,5,257,10020__Node__1658,,0.0010952039091823,0.2801453301987604,0.015626473877133,2
1660,2,6,169,10047__Node__1660,,0.0009872364782763,0.1885880355652749,4.067172314918763e-05,4
1661,3,5,257,10020__Node__1661,outandin,4.91140308109405e-05,0.2442878974244288,0.0087927091489777,2
1662,1,1,823,10033__Node__1662,incoming,0.0,0.2732996955923439,0.0130031624785455,3
1663,1,3,311,10032__Node__1663,,0.0,0.2376445846477392,0.0036864696028191,4
1664,1,7,149,10011__Node__1664,,0.0,0.2235715504008187,0.0003635239368321,4
1665,3,3,311,10032__Node__1665,,6.27311534120529e-05,0.2455325366200876,0.0078694498195226,4
1666,1,0,1017,10003__Node__1666,,0.0,0.2141900062093532,5.609007953745333e-05,4
1668,1,16,80,10149__Node__1668,,0.0,0.2240147656970981,0.0003661790249382,4
1669,1,21,67,10087__Node__1669,,0.0,0.1571288149409029,4.2614267999579756e-07,4
1670,1,10,129,10073__Node__1670,,0.0,0.2364613774939567,0.0045611621676105,4
1671,1,2,637,10007__Node__1671,,0.0,0.2410888357550119,0.0025030475733457,4
1673,1,34,40,10070__Node__1673,,0.0,0.2028913723183605,8.76295195538406e-05,4
1674,3,37,38,10148__Node__1674,,0.0003551894375561,0.2792858055993523,0.0143514249869487,3
1675,1,2,637,10007__Node__1675,,0.0,0.2410888357550119,0.0025030475733457,4
1676,1,2,637,10007__Node__1676,,0.0,0.2410888357550119,0.0025030475733457,4
1677,1,36,39,10036__Node__1677,,0.0,0.2091724380046596,0.000138947590469,4
1678,1,2,637,10007__Node__1678,,0.0,0.2410888357550119,0.0025030475733457,4
1679,1,4,278,10034__Node__1679,,0.0,0.2325515381613029,0.0031177529798711,4
1680,4,2,637,10007__Node__1680,,0.0006737913318972,0.281347928740073,0.0102414656815579,4
1681,1,2,637,10007__Node__1681,,0.0,0.2410888357550119,0.0025030475733457,4
1682,2,1,823,10033__Node__1682,,5.199466674260389e-05,0.2809378884650006,0.017564324646156,4
1683,1,11,128,10039__Node__1683,,0.0,0.2339461003034089,0.0027339313516807,4
1684,4,3,311,10032__Node__1684,,0.0005817999342625,0.2919246358736804,0.0191320752973447,4
1685,2,14,109,10017__Node__1685,,3.0433050775494525e-05,0.2424085512445907,0.0057148458359177,3
1686,1,0,1017,10003__Node__1686,,0.0,0.2141900062093532,5.609007953745333e-05,4
1687,1,55,26,10339__Node__1687,outgoing,0.0,0.2121378863893833,9.541301547457587e-05,3
1688,1,2,637,10007__Node__1688,,0.0,0.2410888357550119,0.0025030475733457,4
1691,1,0,1017,10003__Node__1691,,0.0,0.2141900062093532,5.609007953745333e-05,4
1692,2,32,41,10009__Node__1692,,4.142753370070575e-05,0.2222523652887517,0.0006062266659392,4
1698,1,4,278,10034__Node__1698,,0.0,0.2325515381613029,0.0031177529798711,4
1700,2,1,823,10033__Node__1700,outgoing,1.86533559249534e-05,0.2772302356076308,0.0174345626092472,2
1701,2,2,637,10007__Node__1701,,0.0001201619863482,0.2617516673988578,0.0032056145435304,4
1702,1,1,823,10033__Node__1702,,0.0,0.2732996955923439,0.0130031624785455,2
1705,2,25,61,10196__Node__1705,,3.503851948604259e-05,0.2317129220434859,0.0021520410995387,4
1708,1,0,1017,10003__Node__1708,,0.0,0.2141900062093532,5.609007953745333e-05,4
1709,1,38,38,10086__Node__1709,,0.0,0.2219663358959596,0.0002328710206101,4
1710,1,0,1017,10003__Node__1710,,0.0,0.2141900062093532,5.609007953745333e-05,4
1711,1,3,311,10032__Node__1711,,0.0,0.2376445846477392,0.0036864696028191,4
1713,1,2,637,10007__Node__1713,,0.0,0.2410888357550119,0.0025030475733457,4
1714,1,2,637,10007__Node__1714,,0.0,0.2410888357550119,0.0025030475733457,4
1716,1,0,1017,10003__Node__1716,,0.0,0.2141900062093532,5.609007953745333e-05,4
1717,2,3,311,10032__Node__1717,,1.446271578084392e-05,0.241639936585186,0.0064204009544999,4
1719,1,0,1017,10003__Node__1719,,0.0,0.2141900062093532,5.609007953745333e-05,3
1720,2,1,823,10033__Node__1720,,1.86533559249534e-05,0.2772302356076308,0.0174345626092472,4
1721,1,5,257,10020__Node__1721,,0.0,0.2378170470626655,0.0049946441175549,4
1722,1,3,311,10032__Node__1722,,0.0,0.2376445846477392,0.0036864696028191,4
1723,1,50,28,10143__Node__1723,outgoing,0.0,0.221381523391319,0.0002035896601726,3
1724,2,32,41,10009__Node__1724,,5.444984180463453e-05,0.2741456477182415,0.0135217596249309,4
1725,1,16,80,10149__Node__1725,,0.0,0.2240147656970981,0.0003661790249382,4
1728,2,9,129,10006__Node__1728,,4.481543096394704e-05,0.2476665533008351,0.0013960728380889,4
1729,3,10,129,10073__Node__1729,outgoing,5.737692895398597e-05,0.2476291230589035,0.011571530364265,2
1730,2,1,823,10033__Node__1730,outgoing,8.449146115162255e-05,0.2785735537892634,0.015018886557645,1
1731,2,1,823,10033__Node__1731,outgoing,0.0001089259368834,0.2849936948297604,0.0179978065961004,1
1732,1,6,169,10047__Node__1732,,0.0,0.187348140525398,4.024558046919183e-05,3
1733,1,0,1017,10003__Node__1733,,0.0,0.2141900062093532,5.609007953745333e-05,4
1734,2,1,823,10033__Node__1734,,6.644771792881665e-05,0.2741915240764757,0.0133797338775793,4
1736,1,5,257,10020__Node__1736,,0.0,0.2378170470626655,0.0049946441175549,4
1738,1,17,73,10008__Node__1738,,0.0,0.2302962156084191,0.0010757835958013,4
1739,1,26,60,10093__Node__1739,outandin,0.0,0.2539621033053048,0.0035398287348275,0
1740,4,4,278,10034__Node__1740,,0.0002263247277201,0.2487003377224604,0.0090025142150243,4
1741,1,58,24,10115__Node__1741,incoming,0.0,0.2191167129149811,0.0003945515231667,3
1742,2,6,169,10047__Node__1742,,0.0092842382981444,0.2799299534446675,0.0130434080590146,2
1743,1,25,61,10196__Node__1743,,0.0,0.2241220121054611,0.0003823523012146,4
1745,2,39,37,10010__Node__1745,,4.962537284347362e-05,0.2753665812360825,0.0135051580918025,4
1748,1,0,1017,10003__Node__1748,,0.0,0.2141900062093532,5.609007953745333e-05,4
1750,7,25,61,10196__Node__1750,,0.0004923255307342,0.2460487292112475,0.0079779591750511,3
1751,1,0,1017,10003__Node__1751,,0.0,0.2141900062093532,5.609007953745333e-05,4
1753,1,0,1017,10003__Node__1753,,0.0,0.2141900062093532,5.609007953745333e-05,4
1754,4,11,128,10039__Node__1754,,0.0002293314836157,0.2739852012875716,0.0123336314408956,3
1756,1,1,823,10033__Node__1756,,0.0,0.2732996955923439,0.0130031624785455,4
1759,1,0,1017,10003__Node__1759,,0.0,0.2141900062093532,5.609007953745333e-05,4
1761,1,43,34,10153__Node__1761,,0.0,0.2200436461306026,0.0004362520125827,4
1763,3,47,29,10041__Node__1763,,4.372159950167183e-05,0.2400117186069505,0.0052241848973465,4
1764,1,40,36,10052__Node__1764,,0.0,0.2282430785303848,0.0010444873555359,4
1765,1,0,1017,10003__Node__1765,,0.0,0.2141900062093532,5.609007953745333e-05,4
1766,1,0,1017,10003__Node__1766,,0.0,0.2141900062093532,5.609007953745333e-05,4
1768,2,23,62,10025__Node__1768,outgoing,5.2822485245991e-05,0.2749276395821972,0.0138694677585945,3
1769,1,50,28,10143__Node__1769,incoming,0.0,0.221381523391319,0.0002035896601726,3
1771,1,7,149,10011__Node__1771,,0.0,0.2235715504008187,0.0003635239368321,4
1773,2,0,1017,10003__Node__1773,,0.0012698058263908,0.2491920459298125,0.0001599042586025,4
1774,1,1,823,10033__Node__1774,,0.0,0.2732996955923439,0.0130031624785455,4
1775,1,23,62,10025__Node__1775,outgoing,0.0,0.2226903605042302,0.000866305280049,2
1776,13,7,149,10011__Node__1776,,0.0152550128334221,0.3215109148883983,0.0313323068614483,4
1777,5,60,23,10057__Node__1777,,0.0004426663495141,0.2813962474775664,0.015607780455313,4
1779,4,16,80,10149__Node__1779,,0.0002963036740357,0.2349525004481089,0.0024919351745041,4
1780,1,0,1017,10003__Node__1780,,0.0,0.2141900062093532,5.609007953745333e-05,4
1781,6,10,129,10073__Node__1781,incoming,0.0003762068193883,0.2819773695306113,0.0200272133347644,3
1782,1,0,1017,10003__Node__1782,,0.0,0.2141900062093532,5.609007953745333e-05,4
1785,2,4,278,10034__Node__1785,,1.135304549306806e-05,0.2399765662187397,0.0058516843315519,4
1786,3,1,823,10033__Node__1786,,0.0003151419046921,0.2840057199809334,0.0166395126048021,4
1789,1,0,1017,10003__Node__1789,,0.0,0.2141900062093532,5.609007953745333e-05,4
1790,2,44,34,10066__Node__1790,outgoing,0.0005279320146734,0.2384052962787821,0.0002791076463872,3
1792,2,34,40,10070__Node__1792,,2.8111866033526104e-05,0.2227660514598416,0.0002912191797264,4
1793,3,45,32,10064__Node__1793,incoming,5.778472903801197e-05,0.2556261944693631,0.0065776603280597,3
1794,3,36,39,10036__Node__1794,,0.0001388498990414,0.2411243147787057,0.0052850768034388,4
1795,1,0,1017,10003__Node__1795,,0.0,0.2141900062093532,5.609007953745333e-05,3
1796,3,45,32,10064__Node__1796,,0.0001188733208893,0.2780771352199924,0.0178111340082811,4
1797,1,0,1017,10003__Node__1797,,0.0,0.2141900062093532,5.609007953745333e-05,4
1798,1,7,149,10011__Node__1798,,0.0,0.2235715504008187,0.0003635239368321,4
1799,1,1,823,10033__Node__1799,,0.0,0.2732996955923439,0.0130031624785455,4
1800,1,16,80,10149__Node__1800,,0.0,0.2240147656970981,0.0003661790249382,4
1801,1,0,1017,10003__Node__1801,,0.0,0.2141900062093532,5.609007953745333e-05,4
1803,1,11,128,10039__Node__1803,,0.0,0.2339461003034089,0.0027339313516807,4
1804,1,0,1017,10003__Node__1804,,0.0,0.2141900062093532,5.609007953745333e-05,3
1805,1,0,1017,10003__Node__1805,,0.0,0.2141900062093532,5.609007953745333e-05,4
1806,5,10,129,10073__Node__1806,outandin,0.0002280187054225,0.2711065149948293,0.0140959587382767,2
1808,1,5,257,10020__Node__1808,,0.0,0.2378170470626655,0.0049946441175549,4
1809,1,0,1017,10003__Node__1809,,0.0,0.2141900062093532,5.609007953745333e-05,4
1810,1,1,823,10033__Node__1810,,0.0,0.2732996955923439,0.0130031624785455,4
1811,1,1,823,10033__Node__1811,,0.0,0.2732996955923439,0.0130031624785455,4
1812,1,58,24,10115__Node__1812,incoming,0.0,0.2191167129149811,0.0003945515231667,3
1813,1,2,637,10007__Node__1813,,0.0,0.2410888357550119,0.0025030475733457,4
1814,1,11,128,10039__Node__1814,,0.0,0.2339461003034089,0.0027339313516807,4
1815,1,7,149,10011__Node__1815,,0.0,0.2235715504008187,0.0003635239368321,2
1817,3,13,119,10016__Node__1817,,0.00021631326281,0.2377135395886982,0.0032991089940006,3
1821,1,6,169,10047__Node__1821,,0.0,0.187348140525398,4.024558046919183e-05,4
1824,1,58,24,10115__Node__1824,outandin,0.0,0.2191167129149811,0.0003945515231667,2
1825,6,5,257,10020__Node__1825,,0.0010699516951701,0.2728900362243411,0.0118073762432358,4
1826,3,5,257,10020__Node__1826,,0.0003283586774893,0.2574942050053039,0.0120588538585112,2
1827,4,45,32,10064__Node__1827,,0.0005296684525466,0.2361546499477534,0.0027549122874671,4
1829,1,0,1017,10003__Node__1829,,0.0,0.2141900062093532,5.609007953745333e-05,4
1830,2,1,823,10033__Node__1830,,0.0003457288990747,0.2754360159697415,0.0132216251504724,3
1831,1,5,257,10020__Node__1831,outgoing,0.0,0.2378170470626655,0.0049946441175549,3
1833,1,0,1017,10003__Node__1833,,0.0,0.2141900062093532,5.609007953745333e-05,4
1834,1,0,1017,10003__Node__1834,,0.0,0.2141900062093532,5.609007953745333e-05,4
1837,1,0,1017,10003__Node__1837,,0.0,0.2141900062093532,5.609007953745333e-05,4
1838,1,0,1017,10003__Node__1838,,0.0,0.2141900062093532,5.609007953745333e-05,4
1840,1,14,109,10017__Node__1840,,0.0,0.2319917879013132,0.0020283762330986,4
1841,1,0,1017,10003__Node__1841,,0.0,0.2141900062093532,5.609007953745333e-05,4
1842,1,0,1017,10003__Node__1842,,0.0,0.2141900062093532,5.609007953745333e-05,4
1843,1,34,40,10070__Node__1843,,0.0,0.2028913723183605,8.76295195538406e-05,4
1844,1,0,1017,10003__Node__1844,,0.0,0.2141900062093532,5.609007953745333e-05,4
1845,3,25,61,10196__Node__1845,,9.732833439489024e-05,0.2332799430503648,0.0017930186816887,4
1849,1,0,1017,10003__Node__1849,,0.0,0.2141900062093532,5.609007953745333e-05,4
1850,1,4,278,10034__Node__1850,,0.0,0.2325515381613029,0.0031177529798711,4
1851,1,1,823,10033__Node__1851,,0.0,0.2732996955923439,0.0130031624785455,4
1852,2,0,1017,10003__Node__1852,,0.0010737142824496,0.2523001116372175,0.0002159294562681,4
1853,1,2,637,10007__Node__1853,,0.0,0.2410888357550119,0.0025030475733457,4
1855,1,0,1017,10003__Node__1855,,0.0,0.2141900062093532,5.609007953745333e-05,4
1856,2,1,823,10033__Node__1856,,0.0003499754135421,0.2746281164885816,0.0131503981746136,4
1857,1,0,1017,10003__Node__1857,,0.0,0.2141900062093532,5.609007953745333e-05,4
1858,1,5,257,10020__Node__1858,,0.0,0.2378170470626655,0.0049946441175549,3
1860,1,0,1017,10003__Node__1860,,0.0,0.2141900062093532,5.609007953745333e-05,4
1861,1,0,1017,10003__Node__1861,,0.0,0.2141900062093532,5.609007953745333e-05,3
1864,1,0,1017,10003__Node__1864,,0.0,0.2141900062093532,5.609007953745333e-05,4
1865,1,49,28,10014__Node__1865,outgoing,0.0,0.1710378663326287,2.841685605456861e-06,1
1866,5,32,41,10009__Node__1866,outgoing,0.0011197617040354,0.2845729668707394,0.0201287232114629,2
1867,5,2,637,10007__Node__1867,,0.0007352890969949,0.2709720097573076,0.0062370919865982,4
1868,1,8,139,10071__Node__1868,,0.0,0.2328820665884944,0.0001403357882566,4
1869,1,16,80,10149__Node__1869,,0.0,0.2240147656970981,0.0003661790249382,4
1870,1,13,119,10016__Node__1870,,0.0,0.2325185369141802,0.0020157240790995,4
1871,1,0,1017,10003__Node__1871,,0.0,0.2141900062093532,5.609007953745333e-05,3
1872,3,41,36,10054__Node__1872,,4.1497262938512834e-05,0.2554269457110565,0.0067196860754113,4
1873,1,0,1017,10003__Node__1873,,0.0,0.2141900062093532,5.609007953745333e-05,4
1874,1,46,29,10119__Node__1874,,0.0,0.2183574879227053,0.0002146772034399,3
1875,1,0,1017,10003__Node__1875,,0.0,0.2141900062093532,5.609007953745333e-05,4
1877,1,0,1017,10003__Node__1877,,0.0,0.2141900062093532,5.609007953745333e-05,4
1878,8,4,278,10034__Node__1878,,0.001462726111559,0.2661306695902871,0.0200783776135393,4
1879,1,0,1017,10003__Node__1879,,0.0,0.2141900062093532,5.609007953745333e-05,4
1880,1,1,823,10033__Node__1880,,0.0,0.2732996955923439,0.0130031624785455,4
1881,1,23,62,10025__Node__1881,,0.0,0.2226903605042302,0.000866305280049,4
1882,1,0,1017,10003__Node__1882,,0.0,0.2141900062093532,5.609007953745333e-05,4
1883,1,0,1017,10003__Node__1883,,0.0,0.2141900062093532,5.609007953745333e-05,3
1884,1,0,1017,10003__Node__1884,,0.0,0.2141900062093532,5.609007953745333e-05,4
1885,1,2,637,10007__Node__1885,,0.0,0.2410888357550119,0.0025030475733457,4
1886,1,59,24,10139__Node__1886,,0.0,0.2061200742208384,3.899223398533341e-05,4
1887,1,40,36,10052__Node__1887,,0.0,0.2282430785303848,0.0010444873555359,4
1888,1,0,1017,10003__Node__1888,,0.0,0.2141900062093532,5.609007953745333e-05,4
1889,2,1,823,10033__Node__1889,,0.0001581436137669,0.2746511335540376,0.0132067521387181,4
1890,2,3,311,10032__Node__1890,,9.969490888420688e-05,0.2664335948615797,0.0072262983376467,4
1891,1,8,139,10071__Node__1891,,0.0,0.2328820665884944,0.0001403357882566,3
1892,1,3,311,10032__Node__1892,incoming,0.0,0.2376445846477392,0.0036864696028191,3
1893,4,1,823,10033__Node__1893,,0.0001349208593998,0.2800017088905028,0.0200705566876204,4
1894,3,39,37,10010__Node__1894,outandin,4.7278088191652166e-05,0.2539424231857104,0.0032202866625412,1
1895,3,1,823,10033__Node__1895,,0.0001778981673426,0.2901155327342747,0.022558968763711,2
1896,2,27,52,10026__Node__1896,incoming,1.0696659804046282e-06,0.2188094681667946,0.0003751383421429,3
1897,2,5,257,10020__Node__1897,,0.0001089259368834,0.2849936948297604,0.0179978065961004,4
1898,4,16,80,10149__Node__1898,incoming,0.000490810098318,0.2487380925272306,0.0087198799705485,1
1899,2,33,41,10191__Node__1899,,8.067615588500522e-05,0.2291848795328181,0.0004854472945947,2
1900,1,0,1017,10003__Node__1900,,0.0,0.2141900062093532,5.609007953745333e-05,4
1902,1,0,1017,10003__Node__1902,,0.0,0.2141900062093532,5.609007953745333e-05,4
1907,3,12,120,10077__Node__1907,,0.0001796108866029,0.2811306996096598,0.0183735041094861,3
1909,3,3,311,10032__Node__1909,,0.0015143697448279,0.2865387137673239,0.0167286243153499,4
1911,4,10,129,10073__Node__1911,,8.72749762976982e-05,0.2687938317680351,0.0119106539698039,4
1912,1,0,1017,10003__Node__1912,,0.0,0.2141900062093532,5.609007953745333e-05,4
1913,2,2,637,10007__Node__1913,,0.0001327237145512,0.2631388766210302,0.0034372430988675,4
1914,1,0,1017,10003__Node__1914,,0.0,0.2141900062093532,5.609007953745333e-05,4
1915,1,15,98,10055__Node__1915,,0.0,0.2521836161452922,0.0044314001307017,4
1916,5,4,278,10034__Node__1916,,0.0007178473664655,0.2483798840338045,0.0098664379704558,4
1917,1,0,1017,10003__Node__1917,,0.0,0.2141900062093532,5.609007953745333e-05,4
1918,1,13,119,10016__Node__1918,,0.0,0.2325185369141802,0.0020157240790995,4
1919,6,1,823,10033__Node__1919,,0.0004127381557654,0.2957447768602499,0.0304891989870255,3
1920,6,14,109,10017__Node__1920,outgoing,0.0009949560788502,0.2865888320433775,0.0137750245415009,2
1921,1,0,1017,10003__Node__1921,,0.0,0.2141900062093532,5.609007953745333e-05,4
1922,1,59,24,10139__Node__1922,,0.0,0.2061200742208384,3.899223398533341e-05,4
1925,1,0,1017,10003__Node__1925,,0.0,0.2141900062093532,5.609007953745333e-05,4
1926,5,40,36,10052__Node__1926,,0.0004159065779862,0.2431099076375236,0.0056891776032472,4
1927,1,0,1017,10003__Node__1927,,0.0,0.2141900062093532,5.609007953745333e-05,4
1928,1,0,1017,10003__Node__1928,,0.0,0.2141900062093532,5.609007953745333e-05,4
1929,1,53,27,10013__Node__1929,,0.0,0.210705674328886,0.0001755367846843,4
1930,1,13,119,10016__Node__1930,,0.0,0.2325185369141802,0.0020157240790995,4
1931,3,1,823,10033__Node__1931,,0.0001793376797993,0.2767853372186325,0.0149684574894084,2
1932,1,0,1017,10003__Node__1932,,0.0,0.2141900062093532,5.609007953745333e-05,4
1933,1,0,1017,10003__Node__1933,,0.0,0.2141900062093532,5.609007953745333e-05,4
1934,1,13,119,10016__Node__1934,,0.0,0.2325185369141802,0.0020157240790995,4
1937,1,0,1017,10003__Node__1937,,0.0,0.2141900062093532,5.609007953745333e-05,2
1939,1,1,823,10033__Node__1939,,0.0,0.2732996955923439,0.0130031624785455,4
1941,2,9,129,10006__Node__1941,,0.0001327237145512,0.2631388766210302,0.0034372430988675,4
1942,1,2,637,10007__Node__1942,,0.0,0.2410888357550119,0.0025030475733457,4
1943,1,55,26,10339__Node__1943,outgoing,0.0,0.2121378863893833,9.541301547457587e-05,3
1944,1,0,1017,10003__Node__1944,,0.0,0.2141900062093532,5.609007953745333e-05,4
1945,2,24,62,10108__Node__1945,outandin,0.0002800806572707,0.2749045761503292,0.0132213201566142,1
1946,1,1,823,10033__Node__1946,incoming,0.0,0.2732996955923439,0.0130031624785455,2
1947,3,15,98,10055__Node__1947,incoming,0.0001183720025642,0.2796432990570465,0.0183123829556077,3
1948,1,0,1017,10003__Node__1948,outgoing,0.0,0.2141900062093532,5.609007953745333e-05,2
1949,5,28,51,10051__Node__1949,,0.0001351708841912,0.2706810391112212,0.0145071164700246,3
1950,2,48,29,10065__Node__1950,incoming,1.2486676981217724e-05,0.2556660815291594,0.0061820179381246,3
1952,1,0,1017,10003__Node__1952,,0.0,0.2141900062093532,5.609007953745333e-05,4
1953,1,0,1017,10003__Node__1953,,0.0,0.2141900062093532,5.609007953745333e-05,4
1955,2,25,61,10196__Node__1955,,0.000187449409088,0.2446709224623884,0.0004120430552609,3
1956,2,23,62,10025__Node__1956,,5.2822485245991e-05,0.2749276395821972,0.0138694677585945,4
1957,1,55,26,10339__Node__1957,outgoing,0.0,0.2121378863893833,9.541301547457587e-05,3
1958,1,0,1017,10003__Node__1958,,0.0,0.2141900062093532,5.609007953745333e-05,4
1959,1,2,637,10007__Node__1959,,0.0,0.2410888357550119,0.0025030475733457,4
1960,1,3,311,10032__Node__1960,,0.0,0.2376445846477392,0.0036864696028191,4
1962,1,0,1017,10003__Node__1962,,0.0,0.2141900062093532,5.609007953745333e-05,4
1963,1,0,1017,10003__Node__1963,,0.0,0.2141900062093532,5.609007953745333e-05,4
1964,1,0,1017,10003__Node__1964,,0.0,0.2141900062093532,5.609007953745333e-05,4
1965,1,3,311,10032__Node__1965,,0.0,0.2376445846477392,0.0036864696028191,4
1966,2,1,823,10033__Node__1966,outgoing,2.061345439045477e-05,0.2752971815012391,0.0147728512768696,2
1968,2,11,128,10039__Node__1968,,0.0001343818682451,0.2814204130705483,0.0157370938302262,4
1969,1,19,70,10105__Node__1969,,0.0,0.215132118824881,0.0002413038481842,4
1970,2,1,823,10033__Node__1970,,2.8997267085099937e-05,0.2758533608316848,0.0147537802859684,4
1972,1,0,1017,10003__Node__1972,,0.0,0.2141900062093532,5.609007953745333e-05,4
1973,4,38,38,10086__Node__1973,,0.0005239459966529,0.270524621290296,0.0092849362796528,4
1974,1,9,129,10006__Node__1974,,0.0,0.2452018406973699,0.0009341955255218,4
1975,2,16,80,10149__Node__1975,,1.527715585851603e-05,0.22817950771159,0.0008280563375053,4
1977,1,0,1017,10003__Node__1977,,0.0,0.2141900062093532,5.609007953745333e-05,4
1978,1,0,1017,10003__Node__1978,,0.0,0.2141900062093532,5.609007953745333e-05,4
1979,4,14,109,10017__Node__1979,,8.742713535623811e-05,0.2402580739763188,0.0052138744212683,4
1980,1,0,1017,10003__Node__1980,,0.0,0.2141900062093532,5.609007953745333e-05,4
1982,1,61,23,10058__Node__1982,outandin,0.0,0.2166683196138715,0.000156675670216,2
1983,1,8,139,10071__Node__1983,,0.0,0.2328820665884944,0.0001403357882566,4
1985,1,22,64,10053__Node__1985,outgoing,0.0,0.2264607304516084,0.0010652272368323,2
1986,1,0,1017,10003__Node__1986,,0.0,0.2141900062093532,5.609007953745333e-05,4
1987,2,4,278,10034__Node__1987,,1.4252302088177442e-05,0.2345153325938383,0.0035796302924382,4
1988,1,1,823,10033__Node__1988,,0.0,0.2732996955923439,0.0130031624785455,4
1989,2,17,73,10008__Node__1989,outgoing,7.751875808169314e-05,0.2762719723475108,0.0140789460743469,2
1992,1,0,1017,10003__Node__1992,,0.0,0.2141900062093532,5.609007953745333e-05,4
1993,2,1,823,10033__Node__1993,,2.061345439045477e-05,0.2752971815012391,0.0147728512768696,3
1994,1,0,1017,10003__Node__1994,,0.0,0.2141900062093532,5.609007953745333e-05,4
1995,4,1,823,10033__Node__1995,,0.0002551218768936,0.280961975393321,0.0165780980571577,4
1996,5,1,823,10033__Node__1996,,0.0005990208667806,0.2933882447737141,0.0249582965354782,4
1997,2,17,73,10008__Node__1997,,2.205740978735619e-05,0.2375756696994961,0.0038097149474821,4
1998,1,1,823,10033__Node__1998,,0.0,0.2732996955923439,0.0130031624785455,4
1999,1,0,1017,10003__Node__1999,,0.0,0.2141900062093532,5.609007953745333e-05,4
2000,4,5,257,10020__Node__2000,outgoing,0.0007149498600043,0.2463446720541251,0.0075774817936592,3
2001,1,21,67,10087__Node__2001,,0.0,0.1571288149409029,4.2614267999579756e-07,4
2002,1,0,1017,10003__Node__2002,,0.0,0.2141900062093532,5.609007953745333e-05,4
2003,1,0,1017,10003__Node__2003,,0.0,0.2141900062093532,5.609007953745333e-05,4
2004,1,5,257,10020__Node__2004,,0.0,0.2378170470626655,0.0049946441175549,4
2005,4,3,311,10032__Node__2005,,0.0002111066724022,0.241639936585186,0.0053296664782898,4
2006,5,26,60,10093__Node__2006,,0.0001351708841912,0.2706810391112212,0.0145071164700246,4
2007,1,0,1017,10003__Node__2007,,0.0,0.2141900062093532,5.609007953745333e-05,4
2008,4,1,823,10033__Node__2008,,0.000623143624494,0.2968162673791948,0.0224038475614565,4
2009,1,0,1017,10003__Node__2009,,0.0,0.2141900062093532,5.609007953745333e-05,4
2010,6,14,109,10017__Node__2010,,0.0011752422462141,0.3012917758470096,0.0246309668001409,4
2011,1,0,1017,10003__Node__2011,,0.0,0.2141900062093532,5.609007953745333e-05,4
2012,1,0,1017,10003__Node__2012,,0.0,0.2141900062093532,5.609007953745333e-05,4
2013,1,0,1017,10003__Node__2013,,0.0,0.2141900062093532,5.609007953745333e-05,4
2014,7,58,24,10115__Node__2014,incoming,0.0018302341177489,0.3056190254138494,0.0238093362158861,1
2016,1,0,1017,10003__Node__2016,,0.0,0.2141900062093532,5.609007953745333e-05,4
2017,1,8,139,10071__Node__2017,,0.0,0.2328820665884944,0.0001403357882566,4
2018,1,10,129,10073__Node__2018,,0.0,0.2364613774939567,0.0045611621676105,4
2019,1,12,120,10077__Node__2019,,0.0,0.2249682490646346,0.0009389415002389,4
2022,1,5,257,10020__Node__2022,,0.0,0.2378170470626655,0.0049946441175549,4
2023,1,0,1017,10003__Node__2023,,0.0,0.2141900062093532,5.609007953745333e-05,4
2024,1,5,257,10020__Node__2024,,0.0,0.2378170470626655,0.0049946441175549,4
2025,1,0,1017,10003__Node__2025,,0.0,0.2141900062093532,5.609007953745333e-05,4
2027,1,0,1017,10003__Node__2027,,0.0,0.2141900062093532,5.609007953745333e-05,4
2028,1,32,41,10009__Node__2028,,0.0,0.2170414279564195,0.0005185971463854,4
2030,1,0,1017,10003__Node__2030,,0.0,0.2141900062093532,5.609007953745333e-05,4
2032,1,0,1017,10003__Node__2032,,0.0,0.2141900062093532,5.609007953745333e-05,4
2033,1,2,637,10007__Node__2033,,0.0,0.2410888357550119,0.0025030475733457,4
2036,1,2,637,10007__Node__2036,,0.0,0.2410888357550119,0.0025030475733457,4
2038,1,0,1017,10003__Node__2038,,0.0,0.2141900062093532,5.609007953745333e-05,4
2040,4,5,257,10020__Node__2040,,0.0002193028701933,0.28947484651738,0.0241988955251263,4
2041,1,3,311,10032__Node__2041,,0.0,0.2376445846477392,0.0036864696028191,4
2042,2,9,129,10006__Node__2042,outgoing,0.0001327237145512,0.2631388766210302,0.0034372430988675,3
2043,1,2,637,10007__Node__2043,,0.0,0.2410888357550119,0.0025030475733457,4
2044,6,5,257,10020__Node__2044,,0.0004715697737611,0.2468085106382978,0.0101435524834659,4
2045,1,0,1017,10003__Node__2045,,0.0,0.2141900062093532,5.609007953745333e-05,4
2046,4,28,51,10051__Node__2046,outgoing,7.136043465993399e-05,0.2430377869247598,0.0084098979959107,3
2047,1,0,1017,10003__Node__2047,,0.0,0.2141900062093532,5.609007953745333e-05,4
2048,1,27,52,10026__Node__2048,,0.0,0.2159117114149234,0.0002184626719269,4
2051,1,0,1017,10003__Node__2051,,0.0,0.2141900062093532,5.609007953745333e-05,4
2053,2,1,823,10033__Node__2053,,5.199466674260389e-05,0.2809378884650006,0.017564324646156,4
2054,1,0,1017,10003__Node__2054,,0.0,0.2141900062093532,5.609007953745333e-05,4
2056,1,0,1017,10003__Node__2056,,0.0,0.2141900062093532,5.609007953745333e-05,3
2057,1,0,1017,10003__Node__2057,,0.0,0.2141900062093532,5.609007953745333e-05,4
2058,1,1,823,10033__Node__2058,,0.0,0.2732996955923439,0.0130031624785455,3
2059,1,0,1017,10003__Node__2059,,0.0,0.2141900062093532,5.609007953745333e-05,4
2060,1,0,1017,10003__Node__2060,,0.0,0.2141900062093532,5.609007953745333e-05,4
2061,1,0,1017,10003__Node__2061,outgoing,0.0,0.2141900062093532,5.609007953745333e-05,3
2062,1,7,149,10011__Node__2062,,0.0,0.2235715504008187,0.0003635239368321,4
2064,1,3,311,10032__Node__2064,,0.0,0.2376445846477392,0.0036864696028191,4
2066,1,29,49,10088__Node__2066,outgoing,0.0,0.2172428651927475,0.000151646172097,3
2067,1,0,1017,10003__Node__2067,,0.0,0.2141900062093532,5.609007953745333e-05,4
2071,1,1,823,10033__Node__2071,,0.0,0.2732996955923439,0.0130031624785455,4
2072,1,0,1017,10003__Node__2072,,0.0,0.2141900062093532,5.609007953745333e-05,3
2073,2,4,278,10034__Node__2073,,0.0001864718824185,0.2831713112983365,0.0161209154584166,4
2074,2,13,119,10016__Node__2074,,2.3887875221063938e-05,0.2424444197832279,0.0070103681966544,4
2075,7,11,128,10039__Node__2075,,0.000416729755716,0.2455693356813668,0.0090567978784313,4
2076,2,5,257,10020__Node__2076,,1.9577809926411988e-05,0.2418717939255268,0.0070230203506535,4
2077,1,11,128,10039__Node__2077,,0.0,0.2339461003034089,0.0027339313516807,3
2079,3,59,24,10139__Node__2079,,0.0005941866596791,0.2611259412725606,0.0064593931884852,4
2080,1,0,1017,10003__Node__2080,,0.0,0.2141900062093532,5.609007953745333e-05,4
2081,1,0,1017,10003__Node__2081,,0.0,0.2141900062093532,5.609007953745333e-05,4
2082,1,2,637,10007__Node__2082,,0.0,0.2410888357550119,0.0025030475733457,4
2083,1,0,1017,10003__Node__2083,,0.0,0.2141900062093532,5.609007953745333e-05,4
2084,1,0,1017,10003__Node__2084,,0.0,0.2141900062093532,5.609007953745333e-05,4
2085,1,36,39,10036__Node__2085,,0.0,0.2091724380046596,0.000138947590469,4
2088,2,10,129,10073__Node__2088,incoming,2.045414509591029e-05,0.2634138499256461,0.0081009909024381,2
2089,1,2,637,10007__Node__2089,,0.0,0.2410888357550119,0.0025030475733457,3
2090,1,0,1017,10003__Node__2090,,0.0,0.2141900062093532,5.609007953745333e-05,4
2091,1,1,823,10033__Node__2091,,0.0,0.2732996955923439,0.0130031624785455,3
2093,3,27,52,10026__Node__2093,,0.0002731120721424,0.2562458458771552,0.0039149670769705,4
2095,2,31,43,10177__Node__2095,incoming,1.2906851884870266e-05,0.2544550995845789,0.0030984581134777,2
2098,1,12,120,10077__Node__2098,,0.0,0.2249682490646346,0.0009389415002389,4
2099,4,4,278,10034__Node__2099,,7.176764513385544e-05,0.2427497314715359,0.0073787888809514,3
2100,1,0,1017,10003__Node__2100,,0.0,0.2141900062093532,5.609007953745333e-05,4
2104,3,16,80,10149__Node__2104,,0.0004356622190909,0.2782187884705183,0.0151199593109066,4
2105,3,0,1017,10003__Node__2105,,0.0023533926617117,0.2561056621468485,0.0003197436353332,4
2107,1,5,257,10020__Node__2107,,0.0,0.2378170470626655,0.0049946441175549,4
2108,1,43,34,10153__Node__2108,,0.0,0.2200436461306026,0.0004362520125827,4
2109,1,11,128,10039__Node__2109,,0.0,0.2339461003034089,0.0027339313516807,4
2115,2,9,129,10006__Node__2115,,0.0001327237145512,0.2631388766210302,0.0034372430988675,4
2116,1,0,1017,10003__Node__2116,,0.0,0.2141900062093532,5.609007953745333e-05,4
2119,1,0,1017,10003__Node__2119,,0.0,0.2141900062093532,5.609007953745333e-05,4
2120,1,0,1017,10003__Node__2120,,0.0,0.2141900062093532,5.609007953745333e-05,4
2121,1,0,1017,10003__Node__2121,,0.0,0.2141900062093532,5.609007953745333e-05,4
2122,1,1,823,10033__Node__2122,,0.0,0.2732996955923439,0.0130031624785455,4
2124,3,35,39,10019__Node__2124,,0.0001170223597964,0.2542774005819592,0.0049517869452436,4
2126,1,0,1017,10003__Node__2126,,0.0,0.2141900062093532,5.609007953745333e-05,4
2127,1,28,51,10051__Node__2127,,0.0,0.2256032494578499,0.0017939389882662,2
2128,2,3,311,10032__Node__2128,,1.760267660269371e-05,0.2395380285808267,0.004730956958355,4
2129,1,13,119,10016__Node__2129,,0.0,0.2325185369141802,0.0020157240790995,4
2132,1,3,311,10032__Node__2132,,0.0,0.2376445846477392,0.0036864696028191,4
2133,1,17,73,10008__Node__2133,,0.0,0.2302962156084191,0.0010757835958013,4
2134,3,10,129,10073__Node__2134,outgoing,4.040418988626927e-05,0.2656344992501925,0.0106974534026588,1
2135,4,5,257,10020__Node__2135,incoming,0.0002398365432797,0.2772771502305707,0.0134427909493276,3
2136,1,0,1017,10003__Node__2136,,0.0,0.2141900062093532,5.609007953745333e-05,4
2138,1,0,1017,10003__Node__2138,,0.0,0.2141900062093532,5.609007953745333e-05,4
2139,1,0,1017,10003__Node__2139,,0.0,0.2141900062093532,5.609007953745333e-05,3
2140,2,1,823,10033__Node__2140,,1.86533559249534e-05,0.2772302356076308,0.0174345626092472,3
2141,1,20,68,10147__Node__2141,incoming,0.0,0.233695845961847,0.000266663305054,2
2142,1,44,34,10066__Node__2142,outandin,0.0,0.2330145411881821,0.0001598393767306,2
2143,1,0,1017,10003__Node__2143,,0.0,0.2141900062093532,5.609007953745333e-05,4
2144,2,27,52,10026__Node__2144,,1.0696659804046282e-06,0.2188094681667946,0.0003751383421429,2
2145,5,15,98,10055__Node__2145,,0.0009366071080726,0.2844000867867216,0.0206271430374097,4
2146,1,57,25,10298__Node__2146,incoming,0.0,0.2189702983528783,0.0003574056717505,3
2147,2,5,257,10020__Node__2147,,1.9577809926411988e-05,0.2418717939255268,0.0070230203506535,4
2148,1,0,1017,10003__Node__2148,,0.0,0.2141900062093532,5.609007953745333e-05,4
2149,1,3,311,10032__Node__2149,,0.0,0.2376445846477392,0.0036864696028191,4
2152,1,0,1017,10003__Node__2152,,0.0,0.2141900062093532,5.609007953745333e-05,4
2153,1,0,1017,10003__Node__2153,,0.0,0.2141900062093532,5.609007953745333e-05,4
2154,1,21,67,10087__Node__2154,,0.0,0.1571288149409029,4.2614267999579756e-07,4
2155,1,0,1017,10003__Node__2155,,0.0,0.2141900062093532,5.609007953745333e-05,3
2157,1,29,49,10088__Node__2157,incoming,0.0,0.2172428651927475,0.000151646172097,2
2158,3,36,39,10036__Node__2158,,0.0002586834401804,0.2483798840338045,0.0015350204285579,4
2159,5,3,311,10032__Node__2159,,0.0004143806518149,0.2839318979335442,0.0193785671230329,4
2161,1,0,1017,10003__Node__2161,,0.0,0.2141900062093532,5.609007953745333e-05,4
2162,4,1,823,10033__Node__2162,,0.0007631128962554,0.2900641734897101,0.0226473644048708,4
2163,6,10,129,10073__Node__2163,,0.0006601820336604,0.2767853372186325,0.0148915775611745,3
2165,1,36,39,10036__Node__2165,,0.0,0.2091724380046596,0.000138947590469,4
2167,1,45,32,10064__Node__2167,incoming,0.0,0.2119183884631551,0.0003765713990338,2
2168,1,17,73,10008__Node__2168,,0.0,0.2302962156084191,0.0010757835958013,4
2169,1,0,1017,10003__Node__2169,,0.0,0.2141900062093532,5.609007953745333e-05,4
2173,4,14,109,10017__Node__2173,,0.0008291122740907,0.2812272044625616,0.0154066770537871,4
2174,2,1,823,10033__Node__2174,,2.8997267085099937e-05,0.2758533608316848,0.0147537802859684,4
2175,1,3,311,10032__Node__2175,,0.0,0.2376445846477392,0.0036864696028191,4
2177,1,49,28,10014__Node__2177,,0.0,0.1710378663326287,2.841685605456861e-06,4
2178,1,1,823,10033__Node__2178,,0.0,0.2732996955923439,0.0130031624785455,4
2179,1,0,1017,10003__Node__2179,,0.0,0.2141900062093532,5.609007953745333e-05,4
2180,1,0,1017,10003__Node__2180,,0.0,0.2141900062093532,5.609007953745333e-05,4
2181,1,8,139,10071__Node__2181,,0.0,0.2328820665884944,0.0001403357882566,4
2182,1,0,1017,10003__Node__2182,,0.0,0.2141900062093532,5.609007953745333e-05,4
2184,1,0,1017,10003__Node__2184,,0.0,0.2141900062093532,5.609007953745333e-05,4
2185,2,27,52,10026__Node__2185,,3.669268955456658e-05,0.2303933630962843,0.0010962830182874,3
2186,1,0,1017,10003__Node__2186,,0.0,0.2141900062093532,5.609007953745333e-05,4
2187,1,8,139,10071__Node__2187,,0.0,0.2328820665884944,0.0001403357882566,4
2189,1,8,139,10071__Node__2189,,0.0,0.2328820665884944,0.0001403357882566,4
2190,2,29,49,10088__Node__2190,outgoing,3.707865881563157e-06,0.2237394599392346,0.0003845171927071,3
2191,5,36,39,10036__Node__2191,,0.0003093379870218,0.2488136365361983,0.0107423287616724,4
2192,1,36,39,10036__Node__2192,incoming,0.0,0.2091724380046596,0.000138947590469,1
2193,1,0,1017,10003__Node__2193,,0.0,0.2141900062093532,5.609007953745333e-05,4
2195,3,47,29,10041__Node__2195,,0.0002808770421648,0.2826827690317015,0.0161989711427934,4
2197,3,1,823,10033__Node__2197,,7.185531302953541e-05,0.2823417912376685,0.0191394537135938,3
2198,2,1,823,10033__Node__2198,outandin,1.86533559249534e-05,0.2772302356076308,0.0174345626092472,1
2199,1,2,637,10007__Node__2199,,0.0,0.2410888357550119,0.0025030475733457,4
2200,1,0,1017,10003__Node__2200,,0.0,0.2141900062093532,5.609007953745333e-05,4
2201,1,57,25,10298__Node__2201,incoming,0.0,0.2189702983528783,0.0003574056717505,3
2202,1,18,70,10091__Node__2202,outgoing,0.0,0.2419968245763024,0.0007304893857454,1
2203,1,0,1017,10003__Node__2203,,0.0,0.2141900062093532,5.609007953745333e-05,4
2204,1,3,311,10032__Node__2204,outgoing,0.0,0.2376445846477392,0.0036864696028191,1
2205,1,0,1017,10003__Node__2205,,0.0,0.2141900062093532,5.609007953745333e-05,4
2206,1,0,1017,10003__Node__2206,,0.0,0.2141900062093532,5.609007953745333e-05,4
2207,2,1,823,10033__Node__2207,,8.449146115162255e-05,0.2785735537892634,0.015018886557645,4
2209,1,2,637,10007__Node__2209,,0.0,0.2410888357550119,0.0025030475733457,4
2210,4,1,823,10033__Node__2210,incoming,0.0002498404160281,0.2909914309816632,0.0250256692270229,3
2212,1,1,823,10033__Node__2212,,0.0,0.2732996955923439,0.0130031624785455,4
2213,1,1,823,10033__Node__2213,incoming,0.0,0.2732996955923439,0.0130031624785455,3
2214,2,1,823,10033__Node__2214,,0.0001089259368834,0.2849936948297604,0.0179978065961004,4
2216,1,3,311,10032__Node__2216,,0.0,0.2376445846477392,0.0036864696028191,2
2217,2,6,169,10047__Node__2217,,0.0009872364782763,0.1885880355652749,4.067172314918763e-05,4
2218,2,1,823,10033__Node__2218,,6.644771792881665e-05,0.2741915240764757,0.0133797338775793,4
2219,1,40,36,10052__Node__2219,,0.0,0.2282430785303848,0.0010444873555359,4
2221,1,0,1017,10003__Node__2221,,0.0,0.2141900062093532,5.609007953745333e-05,4
2222,1,0,1017,10003__Node__2222,,0.0,0.2141900062093532,5.609007953745333e-05,4
2223,2,16,80,10149__Node__2223,,3.0721451469051806e-05,0.2355605074938001,0.0031001103766189,4
2225,1,6,169,10047__Node__2225,,0.0,0.187348140525398,4.024558046919183e-05,4
2227,3,8,139,10071__Node__2227,,0.0003975524139052,0.2465299981192401,0.0004426425112504,4
2229,2,41,36,10054__Node__2229,outandin,7.393126497029393e-06,0.2294898280752127,0.0021642403214909,0
2230,1,0,1017,10003__Node__2230,,0.0,0.2141900062093532,5.609007953745333e-05,4
2232,1,0,1017,10003__Node__2232,,0.0,0.2141900062093532,5.609007953745333e-05,4
2233,5,18,70,10091__Node__2233,outandin,0.0009200698952753,0.265893139681123,0.0066816872450642,0
2234,1,2,637,10007__Node__2234,,0.0,0.2410888357550119,0.0025030475733457,4
2235,1,0,1017,10003__Node__2235,outgoing,0.0,0.2141900062093532,5.609007953745333e-05,3
2236,7,23,62,10025__Node__2236,,0.001057043061837,0.3013749022853726,0.0273500040536692,4
2237,2,60,23,10057__Node__2237,,1.5605897073465418e-05,0.2560656378198866,0.0052637291377952,3
2239,1,0,1017,10003__Node__2239,,0.0,0.2141900062093532,5.609007953745333e-05,4
2240,1,47,29,10041__Node__2240,,0.0,0.2211424908054121,0.0004618773125671,4
2241,1,52,28,10162__Node__2241,outandin,0.0,0.214358135731807,2.969075404631632e-05,0
2242,1,7,149,10011__Node__2242,,0.0,0.2235715504008187,0.0003635239368321,3
2244,1,1,823,10033__Node__2244,,0.0,0.2732996955923439,0.0130031624785455,4
2245,1,25,61,10196__Node__2245,,0.0,0.2241220121054611,0.0003823523012146,4
2246,1,16,80,10149__Node__2246,,0.0,0.2240147656970981,0.0003661790249382,4
2247,5,60,23,10057__Node__2247,outgoing,0.0002233910562891,0.2884302248822779,0.024403182851389,1
2248,1,0,1017,10003__Node__2248,,0.0,0.2141900062093532,5.609007953745333e-05,4
2249,1,55,26,10339__Node__2249,outgoing,0.0,0.2121378863893833,9.541301547457587e-05,3
2250,1,0,1017,10003__Node__2250,,0.0,0.2141900062093532,5.609007953745333e-05,4
2252,1,0,1017,10003__Node__2252,,0.0,0.2141900062093532,5.609007953745333e-05,4
2253,1,0,1017,10003__Node__2253,,0.0,0.2141900062093532,5.609007953745333e-05,4
2254,1,0,1017,10003__Node__2254,,0.0,0.2141900062093532,5.609007953745333e-05,4
2255,1,0,1017,10003__Node__2255,,0.0,0.2141900062093532,5.609007953745333e-05,4
2256,2,1,823,10033__Node__2256,,0.0001581436137669,0.2746511335540376,0.0132067521387181,4
2257,2,28,51,10051__Node__2257,outgoing,3.900146611533595e-06,0.2380416227799368,0.0063551011558768,3
2260,1,0,1017,10003__Node__2260,,0.0,0.2141900062093532,5.609007953745333e-05,4
2261,3,51,28,10031__Node__2261,outgoing,0.0001041411244497,0.2623803995356099,0.0074350414434203,3
2262,1,36,39,10036__Node__2262,outgoing,0.0,0.2091724380046596,0.000138947590469,1
2263,2,0,1017,10003__Node__2263,,0.0010737142824496,0.2523001116372175,0.0002159294562681,4
2264,1,55,26,10339__Node__2264,outgoing,0.0,0.2121378863893833,9.541301547457587e-05,3
2265,1,0,1017,10003__Node__2265,,0.0,0.2141900062093532,5.609007953745333e-05,4
2266,1,5,257,10020__Node__2266,,0.0,0.2378170470626655,0.0049946441175549,4
2267,6,23,62,10025__Node__2267,,0.0006327971989401,0.2941255665754162,0.0258199403808629,4
2268,3,1,823,10033__Node__2268,,0.0001175509240645,0.2804090189534933,0.0167885753559692,4
2269,1,1,823,10033__Node__2269,,0.0,0.2732996955923439,0.0130031624785455,4
2270,1,0,1017,10003__Node__2270,,0.0,0.2141900062093532,5.609007953745333e-05,4
2271,1,0,1017,10003__Node__2271,,0.0,0.2141900062093532,5.609007953745333e-05,4
2272,1,1,823,10033__Node__2272,,0.0,0.2732996955923439,0.0130031624785455,4
2273,2,7,149,10011__Node__2273,,0.0001193380308757,0.2264450817123311,0.000740095335866,4
2275,1,0,1017,10003__Node__2275,,0.0,0.2141900062093532,5.609007953745333e-05,4
2276,1,20,68,10147__Node__2276,,0.0,0.233695845961847,0.000266663305054,4
2277,1,0,1017,10003__Node__2277,,0.0,0.2141900062093532,5.609007953745333e-05,3
2281,1,0,1017,10003__Node__2281,,0.0,0.2141900062093532,5.609007953745333e-05,4
2282,2,37,38,10148__Node__2282,outgoing,1.2088289405136505e-05,0.2316474039515074,0.0014898505786828,1
2285,3,3,311,10032__Node__2285,,9.089639211123114e-05,0.2463261547713008,0.0086050374421803,4
2286,1,0,1017,10003__Node__2286,,0.0,0.2141900062093532,5.609007953745333e-05,4
2288,1,0,1017,10003__Node__2288,,0.0,0.2141900062093532,5.609007953745333e-05,4
2289,5,5,257,10020__Node__2289,outgoing,0.0047555400097585,0.3083799934126947,0.0226764176252764,3
2290,1,8,139,10071__Node__2290,,0.0,0.2328820665884944,0.0001403357882566,4
2291,1,0,1017,10003__Node__2291,,0.0,0.2141900062093532,5.609007953745333e-05,4
2292,1,0,1017,10003__Node__2292,,0.0,0.2141900062093532,5.609007953745333e-05,4
2293,1,14,109,10017__Node__2293,,0.0,0.2319917879013132,0.0020283762330986,4
2294,1,1,823,10033__Node__2294,,0.0,0.2732996955923439,0.0130031624785455,4
2297,1,0,1017,10003__Node__2297,,0.0,0.2141900062093532,5.609007953745333e-05,4
2298,1,0,1017,10003__Node__2298,,0.0,0.2141900062093532,5.609007953745333e-05,4
2299,1,17,73,10008__Node__2299,,0.0,0.2302962156084191,0.0010757835958013,3
2300,2,2,637,10007__Node__2300,,0.0001167955383124,0.2492109966158409,0.0056208005532169,4
2301,1,0,1017,10003__Node__2301,,0.0,0.2141900062093532,5.609007953745333e-05,4
2302,1,3,311,10032__Node__2302,,0.0,0.2376445846477392,0.0036864696028191,4
2303,1,0,1017,10003__Node__2303,,0.0,0.2141900062093532,5.609007953745333e-05,2
2304,1,2,637,10007__Node__2304,,0.0,0.2410888357550119,0.0025030475733457,4
2305,1,0,1017,10003__Node__2305,,0.0,0.2141900062093532,5.609007953745333e-05,3
2306,3,1,823,10033__Node__2306,outgoing,0.0014756237638671,0.2815896885069817,0.0176033168801414,1
2307,3,5,257,10020__Node__2307,outgoing,5.633336282360917e-05,0.2413196362163555,0.0065010087856579,1
2309,1,8,139,10071__Node__2309,,0.0,0.2328820665884944,0.0001403357882566,4
2310,1,25,61,10196__Node__2310,,0.0,0.2241220121054611,0.0003823523012146,4
2311,4,16,80,10149__Node__2311,,0.0008383625080363,0.279786552828175,0.0140640898366609,4
2313,1,14,109,10017__Node__2313,,0.0,0.2319917879013132,0.0020283762330986,4
2314,1,3,311,10032__Node__2314,,0.0,0.2376445846477392,0.0036864696028191,4
2315,1,0,1017,10003__Node__2315,,0.0,0.2141900062093532,5.609007953745333e-05,4
2317,1,29,49,10088__Node__2317,outgoing,0.0,0.2172428651927475,0.000151646172097,1
2319,1,25,61,10196__Node__2319,,0.0,0.2241220121054611,0.0003823523012146,4
2320,1,0,1017,10003__Node__2320,,0.0,0.2141900062093532,5.609007953745333e-05,4
2321,3,12,120,10077__Node__2321,,0.0002026793283603,0.2626116921104299,0.0056439190833575,4
2322,1,24,62,10108__Node__2322,incoming,0.0,0.2187802516940948,0.0002181576780687,1
2323,1,0,1017,10003__Node__2323,,0.0,0.2141900062093532,5.609007953745333e-05,4
2324,1,0,1017,10003__Node__2324,,0.0,0.2141900062093532,5.609007953745333e-05,3
2326,1,7,149,10011__Node__2326,,0.0,0.2235715504008187,0.0003635239368321,4
2327,2,15,98,10055__Node__2327,outgoing,8.295446506654287e-06,0.2544353429869171,0.0062010889290258,3
2328,5,30,46,10037__Node__2328,,0.0013445487405778,0.2799777863215003,0.0106819200318455,4
2331,1,0,1017,10003__Node__2331,,0.0,0.2141900062093532,5.609007953745333e-05,2
2332,1,0,1017,10003__Node__2332,,0.0,0.2141900062093532,5.609007953745333e-05,4
2333,1,0,1017,10003__Node__2333,,0.0,0.2141900062093532,5.609007953745333e-05,4
2334,1,17,73,10008__Node__2334,,0.0,0.2302962156084191,0.0010757835958013,4
2335,1,0,1017,10003__Node__2335,,0.0,0.2141900062093532,5.609007953745333e-05,4
2337,3,15,98,10055__Node__2337,outandin,0.0001707735326348,0.283000129539272,0.0194629388423458,1
2338,3,1,823,10033__Node__2338,outandin,0.0003482575376041,0.2781951695742604,0.0175383767883123,0
2339,1,10,129,10073__Node__2339,outandin,0.0,0.2364613774939567,0.0045611621676105,2
2340,1,0,1017,10003__Node__2340,,0.0,0.2141900062093532,5.609007953745333e-05,4
2341,1,0,1017,10003__Node__2341,,0.0,0.2141900062093532,5.609007953745333e-05,4
2342,1,36,39,10036__Node__2342,,0.0,0.2091724380046596,0.000138947590469,4
2343,2,55,26,10339__Node__2343,outgoing,0.0002809866358589,0.2740310239578542,0.01309857549402,3
2346,2,1,823,10033__Node__2346,,2.7840029723779493e-05,0.2778884884460462,0.0155996249787662,3
2347,1,7,149,10011__Node__2347,,0.0,0.2235715504008187,0.0003635239368321,4
2351,4,1,823,10033__Node__2351,,0.0002162128338047,0.2858388939770596,0.0228620300569068,3
2353,1,5,257,10020__Node__2353,,0.0,0.2378170470626655,0.0049946441175549,4
2354,1,0,1017,10003__Node__2354,,0.0,0.2141900062093532,5.609007953745333e-05,4
2355,6,39,37,10010__Node__2355,,0.0001786591677595,0.2743522123152915,0.0162178921852336,3
2356,1,24,62,10108__Node__2356,,0.0,0.2187802516940948,0.0002181576780687,4
2357,1,0,1017,10003__Node__2357,,0.0,0.2141900062093532,5.609007953745333e-05,4
2358,1,6,169,10047__Node__2358,,0.0,0.187348140525398,4.024558046919183e-05,3
2359,1,0,1017,10003__Node__2359,,0.0,0.2141900062093532,5.609007953745333e-05,4
2360,2,19,70,10105__Node__2360,,8.245163090501157e-05,0.2318768795329913,0.0013170874439856,3
2363,1,6,169,10047__Node__2363,outgoing,0.0,0.187348140525398,4.024558046919183e-05,3
2364,1,17,73,10008__Node__2364,,0.0,0.2302962156084191,0.0010757835958013,3
2366,1,7,149,10011__Node__2366,,0.0,0.2235715504008187,0.0003635239368321,4
2368,1,11,128,10039__Node__2368,outgoing,0.0,0.2339461003034089,0.0027339313516807,3
2369,10,17,73,10008__Node__2369,,0.002325068957083,0.2902183058052517,0.0186099538376893,4
2370,1,24,62,10108__Node__2370,,0.0,0.2187802516940948,0.0002181576780687,4
2372,1,0,1017,10003__Node__2372,,0.0,0.2141900062093532,5.609007953745333e-05,3
2375,1,0,1017,10003__Node__2375,,0.0,0.2141900062093532,5.609007953745333e-05,4
2376,5,4,278,10034__Node__2376,,0.0005433935215573,0.2770427357653126,0.0099351192214428,4
2377,1,0,1017,10003__Node__2377,,0.0,0.2141900062093532,5.609007953745333e-05,3
2378,3,45,32,10064__Node__2378,,0.0001941807782156,0.2781479438102109,0.0143186753778183,4
2379,1,8,139,10071__Node__2379,,0.0,0.2328820665884944,0.0001403357882566,4
2380,6,28,51,10051__Node__2380,,0.0002251931013745,0.2756909098557186,0.016463927466009,3
2381,1,5,257,10020__Node__2381,outgoing,0.0,0.2378170470626655,0.0049946441175549,3
2382,1,0,1017,10003__Node__2382,,0.0,0.2141900062093532,5.609007953745333e-05,4
2383,8,10,129,10073__Node__2383,outandin,0.0017322736510193,0.2952119273906581,0.0186721210534378,1
2384,2,14,109,10017__Node__2384,,9.3829280995416e-06,0.2347673460615395,0.0030728635886345,4
2385,1,33,41,10191__Node__2385,,0.0,0.2150615258408531,0.0001192682696565,2
2387,1,0,1017,10003__Node__2387,,0.0,0.2141900062093532,5.609007953745333e-05,4
2388,2,4,278,10034__Node__2388,outgoing,1.135304549306806e-05,0.2399765662187397,0.0058516843315519,3
2389,1,0,1017,10003__Node__2389,,0.0,0.2141900062093532,5.609007953745333e-05,4
2390,1,33,41,10191__Node__2390,,0.0,0.2150615258408531,0.0001192682696565,2
2393,5,5,257,10020__Node__2393,,0.0004006202909366,0.2949727710518025,0.0252772598129952,4
2395,2,44,34,10066__Node__2395,outgoing,0.0002220916243724,0.2512169880026064,0.0021755634558302,3
2396,1,0,1017,10003__Node__2396,,0.0,0.2141900062093532,5.609007953745333e-05,4
2397,1,0,1017,10003__Node__2397,,0.0,0.2141900062093532,5.609007953745333e-05,4
2398,2,46,29,10119__Node__2398,,0.0001052985420979,0.2362568040085072,0.0033324301833111,4
2399,1,0,1017,10003__Node__2399,,0.0,0.2141900062093532,5.609007953745333e-05,4
2400,1,0,1017,10003__Node__2400,,0.0,0.2141900062093532,5.609007953745333e-05,4
2401,1,1,823,10033__Node__2401,incoming,0.0,0.2732996955923439,0.0130031624785455,1
2402,3,15,98,10055__Node__2402,,4.756225682206218e-05,0.2786446154500234,0.0192042514075714,4
2403,6,14,109,10017__Node__2403,incoming,0.0014701394752681,0.288862444356296,0.0198337049855393,2
2404,2,41,36,10054__Node__2404,outgoing,1.393658437074679e-05,0.2402228493933951,0.0067643329158791,1
2405,1,0,1017,10003__Node__2405,,0.0,0.2141900062093532,5.609007953745333e-05,4
2407,1,16,80,10149__Node__2407,,0.0,0.2240147656970981,0.0003661790249382,4
2408,1,0,1017,10003__Node__2408,,0.0,0.2141900062093532,5.609007953745333e-05,4
2409,1,0,1017,10003__Node__2409,,0.0,0.2141900062093532,5.609007953745333e-05,4
2410,3,3,311,10032__Node__2410,,4.764534819446842e-05,0.2433807419510565,0.0074856281913323,4
2411,1,0,1017,10003__Node__2411,,0.0,0.2141900062093532,5.609007953745333e-05,4
2412,1,10,129,10073__Node__2412,,0.0,0.2364613774939567,0.0045611621676105,3
2413,1,0,1017,10003__Node__2413,,0.0,0.2141900062093532,5.609007953745333e-05,4
2414,1,0,1017,10003__Node__2414,,0.0,0.2141900062093532,5.609007953745333e-05,4
2418,1,0,1017,10003__Node__2418,,0.0,0.2141900062093532,5.609007953745333e-05,4
2421,1,24,62,10108__Node__2421,outgoing,0.0,0.2187802516940948,0.0002181576780687,2
2422,2,13,119,10016__Node__2422,,5.638938505820127e-05,0.2392931468837854,0.0029546655793384,3
2423,1,34,40,10070__Node__2423,,0.0,0.2028913723183605,8.76295195538406e-05,4
2424,1,0,1017,10003__Node__2424,,0.0,0.2141900062093532,5.609007953745333e-05,4
2425,1,16,80,10149__Node__2425,,0.0,0.2240147656970981,0.0003661790249382,4
2426,1,24,62,10108__Node__2426,,0.0,0.2187802516940948,0.0002181576780687,4
2427,1,5,257,10020__Node__2427,,0.0,0.2378170470626655,0.0049946441175549,4
2428,1,5,257,10020__Node__2428,outgoing,0.0,0.2378170470626655,0.0049946441175549,1
2429,4,12,120,10077__Node__2429,incoming,9.400086528742208e-05,0.2583060733850943,0.0052330586725748,2
2430,2,1,823,10033__Node__2430,,6.644771792881665e-05,0.2741915240764757,0.0133797338775793,3
2431,1,29,49,10088__Node__2431,,0.0,0.2172428651927475,0.000151646172097,4
2432,1,0,1017,10003__Node__2432,,0.0,0.2141900062093532,5.609007953745333e-05,4
2435,1,0,1017,10003__Node__2435,,0.0,0.2141900062093532,5.609007953745333e-05,4
2437,1,15,98,10055__Node__2437,,0.0,0.2521836161452922,0.0044314001307017,4
2439,1,1,823,10033__Node__2439,,0.0,0.2732996955923439,0.0130031624785455,4
2442,1,0,1017,10003__Node__2442,,0.0,0.2141900062093532,5.609007953745333e-05,4
2443,1,8,139,10071__Node__2443,,0.0,0.2328820665884944,0.0001403357882566,3
2444,1,54,26,10060__Node__2444,outgoing,0.0,0.2245212565516768,0.0001038141790651,1
2445,3,12,120,10077__Node__2445,incoming,0.0001120574291668,0.2618981018981019,0.0062366469109897,2
2446,7,15,98,10055__Node__2446,,0.0017269559927101,0.2955847201551436,0.0179624522171014,4
2447,1,5,257,10020__Node__2447,,0.0,0.2378170470626655,0.0049946441175549,4
2448,3,35,39,10019__Node__2448,,0.0002598377747701,0.2586118454800142,0.0045499494303846,3
2450,2,55,26,10339__Node__2450,outgoing,9.376228695295092e-05,0.2300860101807969,0.0011606402523069,3
2451,3,28,51,10051__Node__2451,,4.395182256626357e-05,0.2592665849123778,0.0063782550786297,4
2454,1,47,29,10041__Node__2454,,0.0,0.2211424908054121,0.0004618773125671,4
2455,1,0,1017,10003__Node__2455,,0.0,0.2141900062093532,5.609007953745333e-05,4
2456,1,0,1017,10003__Node__2456,,0.0,0.2141900062093532,5.609007953745333e-05,4
2457,3,11,128,10039__Node__2457,,0.000225446535031,0.2487569742285649,0.0056988562375936,2
2458,1,36,39,10036__Node__2458,,0.0,0.2091724380046596,0.000138947590469,4
2460,2,4,278,10034__Node__2460,,1.6643418805245807e-05,0.2387005135302473,0.0048683707872941,4
2461,1,0,1017,10003__Node__2461,,0.0,0.2141900062093532,5.609007953745333e-05,4
2462,1,0,1017,10003__Node__2462,,0.0,0.2141900062093532,5.609007953745333e-05,3
2463,1,17,73,10008__Node__2463,,0.0,0.2302962156084191,0.0010757835958013,4
2464,3,31,43,10177__Node__2464,,0.0552178494477631,0.2816380903270165,0.0061923813145857,3
2466,1,25,61,10196__Node__2466,,0.0,0.2241220121054611,0.0003823523012146,4
2467,1,0,1017,10003__Node__2467,,0.0,0.2141900062093532,5.609007953745333e-05,4
2468,5,54,26,10060__Node__2468,outandin,0.001531927962191,0.2644554735100674,0.0075514385280393,0
2469,1,7,149,10011__Node__2469,,0.0,0.2235715504008187,0.0003635239368321,4
2470,1,25,61,10196__Node__2470,,0.0,0.2241220121054611,0.0003823523012146,3
2472,1,0,1017,10003__Node__2472,,0.0,0.2141900062093532,5.609007953745333e-05,4
2474,1,0,1017,10003__Node__2474,outgoing,0.0,0.2141900062093532,5.609007953745333e-05,3
2475,1,1,823,10033__Node__2475,,0.0,0.2732996955923439,0.0130031624785455,4
2476,1,28,51,10051__Node__2476,outgoing,0.0,0.2256032494578499,0.0017939389882662,1
2478,1,0,1017,10003__Node__2478,,0.0,0.2141900062093532,5.609007953745333e-05,4
2479,2,10,129,10073__Node__2479,,1.560353463873716e-05,0.2612300211247957,0.0071576246678313,3
2480,1,0,1017,10003__Node__2480,,0.0,0.2141900062093532,5.609007953745333e-05,4
2481,2,12,120,10077__Node__2481,,0.0001139412395459,0.2774649676135642,0.0139421039787844,4
2482,1,27,52,10026__Node__2482,outgoing,0.0,0.2159117114149234,0.0002184626719269,1
2485,1,4,278,10034__Node__2485,,0.0,0.2325515381613029,0.0031177529798711,2
2486,1,0,1017,10003__Node__2486,,0.0,0.2141900062093532,5.609007953745333e-05,4
2487,4,44,34,10066__Node__2487,incoming,0.0012111785150065,0.2794763549528805,0.0176898150014525,1
2490,1,12,120,10077__Node__2490,,0.0,0.2249682490646346,0.0009389415002389,4
2491,2,8,139,10071__Node__2491,,0.0002374527936352,0.2417825653890139,0.0002875714843247,4
2492,7,26,60,10093__Node__2492,,0.0004179614238303,0.2745130890052356,0.0137745368147476,4
2494,2,15,98,10055__Node__2494,,1.2486676981217724e-05,0.2556660815291594,0.0061820179381246,4
2495,1,0,1017,10003__Node__2495,,0.0,0.2141900062093532,5.609007953745333e-05,4
2496,1,25,61,10196__Node__2496,,0.0,0.2241220121054611,0.0003823523012146,4
2497,1,5,257,10020__Node__2497,,0.0,0.2378170470626655,0.0049946441175549,4
2498,1,5,257,10020__Node__2498,,0.0,0.2378170470626655,0.0049946441175549,4
2499,1,2,637,10007__Node__2499,,0.0,0.2410888357550119,0.0025030475733457,4
2500,1,11,128,10039__Node__2500,,0.0,0.2339461003034089,0.0027339313516807,4
2501,3,1,823,10033__Node__2501,,5.905658220529876e-05,0.2806011045939119,0.0192285015975134,3
2502,1,0,1017,10003__Node__2502,,0.0,0.2141900062093532,5.609007953745333e-05,4
2503,3,18,70,10091__Node__2503,,0.0001646532544427,0.2833672013489559,0.0182948140319015,4
2504,3,16,80,10149__Node__2504,,6.452516500714717e-05,0.2373519718972947,0.0041653376134513,4
2505,2,25,61,10196__Node__2505,,0.0001290715363791,0.2474795151606691,0.0005226880894712,3
2506,1,21,67,10087__Node__2506,,0.0,0.1571288149409029,4.2614267999579756e-07,4
2507,1,0,1017,10003__Node__2507,,0.0,0.2141900062093532,5.609007953745333e-05,4
2508,4,14,109,10017__Node__2508,,0.00014641013823,0.2704576404077085,0.0132483594696215,4
2509,1,23,62,10025__Node__2509,,0.0,0.2226903605042302,0.000866305280049,4
2510,1,0,1017,10003__Node__2510,,0.0,0.2141900062093532,5.609007953745333e-05,4
2511,2,15,98,10055__Node__2511,,2.3011402462952796e-05,0.2531968321421672,0.0049499972770871,4
2512,1,0,1017,10003__Node__2512,,0.0,0.2141900062093532,5.609007953745333e-05,4
2513,1,0,1017,10003__Node__2513,,0.0,0.2141900062093532,5.609007953745333e-05,4
2514,1,5,257,10020__Node__2514,,0.0,0.2378170470626655,0.0049946441175549,4
2516,2,9,129,10006__Node__2516,incoming,7.67120075665386e-05,0.2601516294208709,0.0059288396430767,3
2517,1,3,311,10032__Node__2517,,0.0,0.2376445846477392,0.0036864696028191,4
2518,1,0,1017,10003__Node__2518,,0.0,0.2141900062093532,5.609007953745333e-05,4
2520,1,3,311,10032__Node__2520,,0.0,0.2376445846477392,0.0036864696028191,4
2521,1,16,80,10149__Node__2521,,0.0,0.2240147656970981,0.0003661790249382,4
2522,1,0,1017,10003__Node__2522,,0.0,0.2141900062093532,5.609007953745333e-05,4
2523,1,0,1017,10003__Node__2523,,0.0,0.2141900062093532,5.609007953745333e-05,4
2524,3,1,823,10033__Node__2524,,8.017978161363702e-05,0.2825852627948088,0.0193340134444802,4
2525,2,32,41,10009__Node__2525,,2.3011402462952796e-05,0.2531968321421672,0.0049499972770871,4
2526,1,0,1017,10003__Node__2526,,0.0,0.2141900062093532,5.609007953745333e-05,3
2527,1,1,823,10033__Node__2527,,0.0,0.2732996955923439,0.0130031624785455,4
2528,1,0,1017,10003__Node__2528,,0.0,0.2141900062093532,5.609007953745333e-05,4
2529,1,59,24,10139__Node__2529,,0.0,0.2061200742208384,3.899223398533341e-05,4
2530,7,61,23,10058__Node__2530,incoming,0.0008728706432871,0.2815654938351162,0.0160938245645132,2
2531,1,0,1017,10003__Node__2531,,0.0,0.2141900062093532,5.609007953745333e-05,4
2533,2,3,311,10032__Node__2533,,5.288900040908285e-05,0.2470503976780127,0.008681113720374,3
2535,1,55,26,10339__Node__2535,outgoing,0.0,0.2121378863893833,9.541301547457587e-05,3
2536,2,46,29,10119__Node__2536,outgoing,4.699596076576668e-05,0.2373004091386364,0.0047758393710505,3
2537,7,3,311,10032__Node__2537,,0.0017493407963002,0.296440363652811,0.0166907625527506,4
2538,1,0,1017,10003__Node__2538,,0.0,0.2141900062093532,5.609007953745333e-05,4
2539,1,25,61,10196__Node__2539,,0.0,0.2241220121054611,0.0003823523012146,4
2540,1,46,29,10119__Node__2540,,0.0,0.2183574879227053,0.0002146772034399,3
2541,3,16,80,10149__Node__2541,,0.0001160545910875,0.2432362219335684,0.0067865799794381,3
2542,1,0,1017,10003__Node__2542,,0.0,0.2141900062093532,5.609007953745333e-05,3
2543,1,22,64,10053__Node__2543,outandin,0.0,0.2264607304516084,0.0010652272368323,0
2544,1,9,129,10006__Node__2544,incoming,0.0,0.2452018406973699,0.0009341955255218,2
2545,1,2,637,10007__Node__2545,,0.0,0.2410888357550119,0.0025030475733457,4
2547,1,1,823,10033__Node__2547,,0.0,0.2732996955923439,0.0130031624785455,4
2548,1,1,823,10033__Node__2548,incoming,0.0,0.2732996955923439,0.0130031624785455,2
2550,1,2,637,10007__Node__2550,,0.0,0.2410888357550119,0.0025030475733457,2
2552,2,1,823,10033__Node__2552,,1.86533559249534e-05,0.2772302356076308,0.0174345626092472,4
2553,1,0,1017,10003__Node__2553,,0.0,0.2141900062093532,5.609007953745333e-05,4
2554,1,8,139,10071__Node__2554,,0.0,0.2328820665884944,0.0001403357882566,4
2555,1,11,128,10039__Node__2555,,0.0,0.2339461003034089,0.0027339313516807,4
2558,2,1,823,10033__Node__2558,,1.86533559249534e-05,0.2772302356076308,0.0174345626092472,4
2561,1,11,128,10039__Node__2561,,0.0,0.2339461003034089,0.0027339313516807,2
2562,1,2,637,10007__Node__2562,,0.0,0.2410888357550119,0.0025030475733457,4
2563,5,17,73,10008__Node__2563,,0.0006157761616801,0.2428576722125467,0.0063885374077953,4
2564,4,40,36,10052__Node__2564,,0.0001506012543104,0.2453487066222438,0.0084498600074041,4
2568,1,1,823,10033__Node__2568,,0.0,0.2732996955923439,0.0130031624785455,4
2569,2,1,823,10033__Node__2569,outandin,0.0002740317208906,0.2762486828240253,0.0134394144911282,2
2570,1,21,67,10087__Node__2570,,0.0,0.1571288149409029,4.2614267999579756e-07,4
2572,3,24,62,10108__Node__2572,,0.0006151713168168,0.2778413667387341,0.0136036724578288,4
2573,1,38,38,10086__Node__2573,,0.0,0.2219663358959596,0.0002328710206101,4
2574,1,59,24,10139__Node__2574,,0.0,0.2061200742208384,3.899223398533341e-05,4
2575,1,1,823,10033__Node__2575,,0.0,0.2732996955923439,0.0130031624785455,4
2576,1,16,80,10149__Node__2576,,0.0,0.2240147656970981,0.0003661790249382,4
2577,1,0,1017,10003__Node__2577,,0.0,0.2141900062093532,5.609007953745333e-05,4
2578,1,8,139,10071__Node__2578,,0.0,0.2328820665884944,0.0001403357882566,3
2579,1,21,67,10087__Node__2579,,0.0,0.1571288149409029,4.2614267999579756e-07,4
2581,1,55,26,10339__Node__2581,outgoing,0.0,0.2121378863893833,9.541301547457587e-05,3
2584,1,8,139,10071__Node__2584,,0.0,0.2328820665884944,0.0001403357882566,4
2585,1,14,109,10017__Node__2585,,0.0,0.2319917879013132,0.0020283762330986,4
2586,1,0,1017,10003__Node__2586,,0.0,0.2141900062093532,5.609007953745333e-05,3
2587,1,0,1017,10003__Node__2587,,0.0,0.2141900062093532,5.609007953745333e-05,4
2589,2,44,34,10066__Node__2589,outgoing,0.0002817860533084,0.2415508790034275,0.0003634290369033,1
2590,2,12,120,10077__Node__2590,,2.9427151371145376e-05,0.2495526025206564,0.0016694308859843,4
2591,1,0,1017,10003__Node__2591,,0.0,0.2141900062093532,5.609007953745333e-05,4
2593,1,0,1017,10003__Node__2593,,0.0,0.2141900062093532,5.609007953745333e-05,4
2594,5,28,51,10051__Node__2594,outandin,0.000155503862413,0.2745130890052356,0.01748603650848,1
2595,2,31,43,10177__Node__2595,,1.560353463873716e-05,0.2612300211247957,0.0071576246678313,4
2597,1,5,257,10020__Node__2597,,0.0,0.2378170470626655,0.0049946441175549,4
2600,1,1,823,10033__Node__2600,outgoing,0.0,0.2732996955923439,0.0130031624785455,1
2601,4,11,128,10039__Node__2601,,9.49995615041608e-05,0.2483798840338045,0.0106347720486948,4
2605,1,3,311,10032__Node__2605,,0.0,0.2376445846477392,0.0036864696028191,3
2606,1,0,1017,10003__Node__2606,,0.0,0.2141900062093532,5.609007953745333e-05,4
2607,4,14,109,10017__Node__2607,,0.0001281969322294,0.2466227657572907,0.0096810460756101,4
2608,1,37,38,10148__Node__2608,outgoing,0.0,0.2213964800864777,0.0004140669828814,3
2609,1,5,257,10020__Node__2609,,0.0,0.2378170470626655,0.0049946441175549,4
2610,1,1,823,10033__Node__2610,outgoing,0.0,0.2732996955923439,0.0130031624785455,1
2611,1,0,1017,10003__Node__2611,,0.0,0.2141900062093532,5.609007953745333e-05,4
2612,4,5,257,10020__Node__2612,,0.0001323309477234,0.2737791887714608,0.0156920975202138,4
2613,1,0,1017,10003__Node__2613,,0.0,0.2141900062093532,5.609007953745333e-05,4
2614,1,5,257,10020__Node__2614,incoming,0.0,0.2378170470626655,0.0049946441175549,2
2615,2,22,64,10053__Node__2615,,2.5825749915062778e-05,0.2277988252059365,0.0013065310850166,4
2616,1,0,1017,10003__Node__2616,,0.0,0.2141900062093532,5.609007953745333e-05,4
2619,1,61,23,10058__Node__2619,incoming,0.0,0.2166683196138715,0.000156675670216,3
2620,2,4,278,10034__Node__2620,,8.515358294589552e-05,0.2643914639557868,0.0066575817146987,4
2621,1,0,1017,10003__Node__2621,,0.0,0.2141900062093532,5.609007953745333e-05,4
2622,1,23,62,10025__Node__2622,,0.0,0.2226903605042302,0.000866305280049,4
2623,4,1,823,10033__Node__2623,incoming,0.000322066755058,0.2834162162162162,0.0184815688197806,1
2624,1,32,41,10009__Node__2624,,0.0,0.2170414279564195,0.0005185971463854,4
2625,3,28,51,10051__Node__2625,,2.476966003850004e-05,0.2625485718863918,0.0089515636560975,4
2626,3,46,29,10119__Node__2626,,0.0005346244531117,0.2764117919952764,0.0134363023539124,4
2627,1,25,61,10196__Node__2627,,0.0,0.2241220121054611,0.0003823523012146,4
2628,4,13,119,10016__Node__2628,outgoing,0.0004136500164763,0.2530795072788354,0.0024423961879937,1
2629,1,0,1017,10003__Node__2629,,0.0,0.2141900062093532,5.609007953745333e-05,4
2630,1,55,26,10339__Node__2630,outgoing,0.0,0.2121378863893833,9.541301547457587e-05,3
2631,1,8,139,10071__Node__2631,,0.0,0.2328820665884944,0.0001403357882566,3
2633,2,25,61,10196__Node__2633,,5.326732622155963e-05,0.2437609253542604,0.0006490156062686,4
2634,1,3,311,10032__Node__2634,,0.0,0.2376445846477392,0.0036864696028191,4
2636,1,4,278,10034__Node__2636,,0.0,0.2325515381613029,0.0031177529798711,2
2638,1,0,1017,10003__Node__2638,,0.0,0.2141900062093532,5.609007953745333e-05,4
2639,2,34,40,10070__Node__2639,outgoing,3.475204985817905e-05,0.2193807531380753,0.0002068977892103,2
2640,1,4,278,10034__Node__2640,,0.0,0.2325515381613029,0.0031177529798711,4
2641,1,2,637,10007__Node__2641,,0.0,0.2410888357550119,0.0025030475733457,4
2642,1,14,109,10017__Node__2642,,0.0,0.2319917879013132,0.0020283762330986,4
2643,3,2,637,10007__Node__2643,,0.0002908965018466,0.2546132628879997,0.0095260679239993,4
2644,1,1,823,10033__Node__2644,,0.0,0.2732996955923439,0.0130031624785455,3
2645,1,2,637,10007__Node__2645,,0.0,0.2410888357550119,0.0025030475733457,4
2646,2,0,1017,10003__Node__2646,,0.0050360950309376,0.2542182227221597,0.000196425867794,4
2648,2,46,29,10119__Node__2648,outandin,0.000129080484484,0.2742603674101351,0.0132178396819854,0
2649,1,0,1017,10003__Node__2649,,0.0,0.2141900062093532,5.609007953745333e-05,4
2650,1,1,823,10033__Node__2650,,0.0,0.2732996955923439,0.0130031624785455,3
2653,1,3,311,10032__Node__2653,,0.0,0.2376445846477392,0.0036864696028191,4
2655,1,11,128,10039__Node__2655,incoming,0.0,0.2339461003034089,0.0027339313516807,1
2656,1,62,23,10212__Node__2656,,0.0,0.228274877224757,0.0008778203463604,4
2659,2,16,80,10149__Node__2659,,7.022496423594429e-05,0.2383186065961237,0.0049273411925487,3
2661,1,55,26,10339__Node__2661,outgoing,0.0,0.2121378863893833,9.541301547457587e-05,3
2662,2,15,98,10055__Node__2662,incoming,3.779575183657903e-05,0.2582450057133851,0.0064471242098012,3
2663,3,23,62,10025__Node__2663,,0.0003739687736883,0.2875948922725876,0.0175559373614137,4
2664,1,0,1017,10003__Node__2664,,0.0,0.2141900062093532,5.609007953745333e-05,4
2666,1,0,1017,10003__Node__2666,,0.0,0.2141900062093532,5.609007953745333e-05,3
2667,5,1,823,10033__Node__2667,,0.0002314831700269,0.2902440104512643,0.0281320160119061,4
2668,1,0,1017,10003__Node__2668,,0.0,0.2141900062093532,5.609007953745333e-05,4
2669,3,7,149,10011__Node__2669,,0.00062720441643,0.2809378884650006,0.0143056279156166,4
2670,5,51,28,10031__Node__2670,outgoing,0.0013931790931356,0.2937037866905669,0.0199191378867032,3
2672,3,27,52,10026__Node__2672,,0.0001058213510171,0.2338793134211183,0.0024035145752416,4
2673,3,2,637,10007__Node__2673,outgoing,0.0002741299858914,0.2516220678005144,0.007673228475585,2
2674,2,4,278,10034__Node__2674,,6.42718650611376e-05,0.2410888357550119,0.0051334770589707,4
2675,4,39,37,10010__Node__2675,incoming,0.0001333311670967,0.2629699474381093,0.0075772283485442,3
2677,1,21,67,10087__Node__2677,,0.0,0.1571288149409029,4.2614267999579756e-07,4
2678,1,1,823,10033__Node__2678,,0.0,0.2732996955923439,0.0130031624785455,3
2679,1,0,1017,10003__Node__2679,,0.0,0.2141900062093532,5.609007953745333e-05,4
2680,1,0,1017,10003__Node__2680,,0.0,0.2141900062093532,5.609007953745333e-05,3
2681,2,28,51,10051__Node__2681,,3.900146611533595e-06,0.2380416227799368,0.0063551011558768,4
2682,1,0,1017,10003__Node__2682,,0.0,0.2141900062093532,5.609007953745333e-05,4
2683,1,0,1017,10003__Node__2683,,0.0,0.2141900062093532,5.609007953745333e-05,4
2684,3,4,278,10034__Node__2684,,0.0002985175339042,0.2451101387486443,0.0070188997861302,4
2685,2,55,26,10339__Node__2685,outgoing,0.0002809866358589,0.2740310239578542,0.01309857549402,3
2686,1,0,1017,10003__Node__2686,,0.0,0.2141900062093532,5.609007953745333e-05,4
2688,1,1,823,10033__Node__2688,,0.0,0.2732996955923439,0.0130031624785455,2
2689,4,54,26,10060__Node__2689,outgoing,0.000708362755025,0.2531968321421672,0.0024829672950679,1
2690,2,36,39,10036__Node__2690,,8.483201035274168e-06,0.2217110381922127,0.0006008249030361,4
2691,1,0,1017,10003__Node__2691,,0.0,0.2141900062093532,5.609007953745333e-05,3
2692,1,0,1017,10003__Node__2692,,0.0,0.2141900062093532,5.609007953745333e-05,4
2693,1,21,67,10087__Node__2693,,0.0,0.1571288149409029,4.2614267999579756e-07,4
2694,5,5,257,10020__Node__2694,incoming,0.0001563466267617,0.2738707116292674,0.0153915696215163,2
2695,2,28,51,10051__Node__2695,,5.265978788229559e-06,0.255267770204479,0.004390401488487,3
2697,1,0,1017,10003__Node__2697,,0.0,0.2141900062093532,5.609007953745333e-05,4
2698,2,8,139,10071__Node__2698,,0.0001290715363791,0.2474795151606691,0.0005226880894712,4
2699,4,5,257,10020__Node__2699,,8.533628901130362e-05,0.2478538743712892,0.0105236806321945,3
2700,1,0,1017,10003__Node__2700,,0.0,0.2141900062093532,5.609007953745333e-05,4
2701,1,20,68,10147__Node__2701,incoming,0.0,0.233695845961847,0.000266663305054,3
2702,1,0,1017,10003__Node__2702,,0.0,0.2141900062093532,5.609007953745333e-05,4
2703,1,5,257,10020__Node__2703,,0.0,0.2378170470626655,0.0049946441175549,4
2704,1,0,1017,10003__Node__2704,,0.0,0.2141900062093532,5.609007953745333e-05,4
2705,5,31,43,10177__Node__2705,outgoing,0.000166350109918,0.264306166068476,0.0093711673368105,2
2706,1,11,128,10039__Node__2706,,0.0,0.2339461003034089,0.0027339313516807,4
2707,1,3,311,10032__Node__2707,,0.0,0.2376445846477392,0.0036864696028191,4
2708,1,2,637,10007__Node__2708,,0.0,0.2410888357550119,0.0025030475733457,4
2709,4,53,27,10013__Node__2709,,7.976543707365215e-05,0.2259298838291564,0.0007299693766268,4
2711,2,13,119,10016__Node__2711,,3.07392038450286e-05,0.2335459501835156,0.0023731297508501,4
2712,1,0,1017,10003__Node__2712,,0.0,0.2141900062093532,5.609007953745333e-05,4
2713,1,1,823,10033__Node__2713,,0.0,0.2732996955923439,0.0130031624785455,4
2715,1,0,1017,10003__Node__2715,,0.0,0.2141900062093532,5.609007953745333e-05,4
2716,1,0,1017,10003__Node__2716,,0.0,0.2141900062093532,5.609007953745333e-05,3
2717,2,12,120,10077__Node__2717,,4.701629113205048e-05,0.2595540770662548,0.0053703416309406,4
2718,7,1,823,10033__Node__2718,,0.0008733530573617,0.3070220639902562,0.034221395292921,4
2719,2,0,1017,10003__Node__2719,,0.0010737142824496,0.2523001116372175,0.0002159294562681,4
2723,5,42,35,10056__Node__2723,,0.0004262116716301,0.2652689521188327,0.0083083791496434,4
2724,2,18,70,10091__Node__2724,incoming,2.9427151371145376e-05,0.2495526025206564,0.0016694308859843,3
2727,1,0,1017,10003__Node__2727,,0.0,0.2141900062093532,5.609007953745333e-05,4
2728,3,5,257,10020__Node__2728,,0.0001722447580062,0.2749045761503292,0.0112775762205948,2
2729,3,4,278,10034__Node__2729,outgoing,0.0001251884549684,0.2545934817231869,0.0040977367256448,3
2730,1,0,1017,10003__Node__2730,,0.0,0.2141900062093532,5.609007953745333e-05,4
2731,1,14,109,10017__Node__2731,,0.0,0.2319917879013132,0.0020283762330986,4
2733,1,29,49,10088__Node__2733,,0.0,0.2172428651927475,0.000151646172097,4
2734,5,4,278,10034__Node__2734,,0.0002445532364976,0.2556261944693631,0.015164543338814,4
2735,1,9,129,10006__Node__2735,outgoing,0.0,0.2452018406973699,0.0009341955255218,3
2736,3,1,823,10033__Node__2736,,0.0003656082636639,0.2898845592463178,0.0211210322120663,4
2737,4,41,36,10054__Node__2737,,0.0001326812249623,0.2643274853801169,0.0072481806576935,4
2739,1,0,1017,10003__Node__2739,,0.0,0.2141900062093532,5.609007953745333e-05,4
2742,1,13,119,10016__Node__2742,,0.0,0.2325185369141802,0.0020157240790995,4
2743,1,0,1017,10003__Node__2743,,0.0,0.2141900062093532,5.609007953745333e-05,4
2744,7,4,278,10034__Node__2744,,0.0003072131651002,0.2543563472658827,0.0145540651061985,4
2750,1,25,61,10196__Node__2750,,0.0,0.2241220121054611,0.0003823523012146,4
2751,1,1,823,10033__Node__2751,,0.0,0.2732996955923439,0.0130031624785455,4
2752,1,0,1017,10003__Node__2752,,0.0,0.2141900062093532,5.609007953745333e-05,4
2754,3,48,29,10065__Node__2754,incoming,7.78983000515471e-05,0.2600484069356822,0.0057523238548176,1
2755,1,0,1017,10003__Node__2755,,0.0,0.2141900062093532,5.609007953745333e-05,4
2756,2,6,169,10047__Node__2756,,0.0009872364782763,0.1885880355652749,4.067172314918763e-05,4
2760,1,0,1017,10003__Node__2760,,0.0,0.2141900062093532,5.609007953745333e-05,4
2761,1,5,257,10020__Node__2761,outgoing,0.0,0.2378170470626655,0.0049946441175549,1
2762,1,0,1017,10003__Node__2762,,0.0,0.2141900062093532,5.609007953745333e-05,4
2763,1,0,1017,10003__Node__2763,,0.0,0.2141900062093532,5.609007953745333e-05,4
2764,1,43,34,10153__Node__2764,,0.0,0.2200436461306026,0.0004362520125827,4
2765,2,4,278,10034__Node__2765,,1.135304549306806e-05,0.2399765662187397,0.0058516843315519,4
2766,4,1,823,10033__Node__2766,,0.0004230711004488,0.2852169372035336,0.0187179433498349,4
2768,2,1,823,10033__Node__2768,,0.0001089259368834,0.2849936948297604,0.0179978065961004,4
2769,2,1,823,10033__Node__2769,,1.86533559249534e-05,0.2772302356076308,0.0174345626092472,4
2770,3,54,26,10060__Node__2770,outgoing,0.0003936054286482,0.2775824827410952,0.013837466043356,1
2771,2,2,637,10007__Node__2771,,3.596598316896779e-05,0.2417468924052967,0.0026729629725811,4
2772,1,39,37,10010__Node__2772,,0.0,0.2211424908054121,0.000501995613257,4
2773,1,42,35,10056__Node__2773,,0.0,0.2216210732762993,0.0005768275345536,4
2774,1,8,139,10071__Node__2774,,0.0,0.2328820665884944,0.0001403357882566,4
2775,1,2,637,10007__Node__2775,,0.0,0.2410888357550119,0.0025030475733457,4
2776,1,2,637,10007__Node__2776,outandin,0.0,0.2410888357550119,0.0025030475733457,1
2777,1,30,46,10037__Node__2777,,0.0,0.2200288716554201,0.0001472356960681,4
2780,2,61,23,10058__Node__2780,incoming,1.0696659804046282e-06,0.2188094681667946,0.0003751383421429,3
2781,1,0,1017,10003__Node__2781,,0.0,0.2141900062093532,5.609007953745333e-05,4
2782,1,3,311,10032__Node__2782,,0.0,0.2376445846477392,0.0036864696028191,3
2784,1,0,1017,10003__Node__2784,,0.0,0.2141900062093532,5.609007953745333e-05,4
2785,2,3,311,10032__Node__2785,,1.446271578084392e-05,0.241639936585186,0.0064204009544999,4
2786,3,41,36,10054__Node__2786,outgoing,5.422716333831755e-05,0.2601929413632935,0.0060400069188971,2
2787,2,18,70,10091__Node__2787,outandin,3.803335690677607e-05,0.2532359646072408,0.002746213464845,0
2788,1,5,257,10020__Node__2788,,0.0,0.2378170470626655,0.0049946441175549,4
2795,2,4,278,10034__Node__2795,,1.135304549306806e-05,0.2399765662187397,0.0058516843315519,4
2796,2,52,28,10162__Node__2796,outgoing,8.059995778690682e-05,0.2371458551941238,0.0001863664242623,1
2797,1,0,1017,10003__Node__2797,,0.0,0.2141900062093532,5.609007953745333e-05,2
2799,2,1,823,10033__Node__2799,,5.199466674260389e-05,0.2809378884650006,0.017564324646156,4
2802,1,11,128,10039__Node__2802,,0.0,0.2339461003034089,0.0027339313516807,4
2804,3,1,823,10033__Node__2804,,7.507214724905258e-05,0.2832692224575355,0.0209743913440747,3
2806,1,0,1017,10003__Node__2806,,0.0,0.2141900062093532,5.609007953745333e-05,3
2807,3,3,311,10032__Node__2807,,5.28409570550175e-05,0.2423726933175548,0.0060139149447957,4
2809,3,11,128,10039__Node__2809,,0.0001362792798404,0.2413729606305012,0.0060929881797362,4
2810,7,22,64,10053__Node__2810,incoming,0.0029707062172775,0.3047663334108347,0.0257206853940041,2
2811,1,4,278,10034__Node__2811,,0.0,0.2325515381613029,0.0031177529798711,4
2812,1,0,1017,10003__Node__2812,,0.0,0.2141900062093532,5.609007953745333e-05,4
2815,1,0,1017,10003__Node__2815,,0.0,0.2141900062093532,5.609007953745333e-05,2
2817,4,3,311,10032__Node__2817,,0.0001370656301363,0.252455606486653,0.0122928654184153,3
2819,2,14,109,10017__Node__2819,,9.3829280995416e-06,0.2347673460615395,0.0030728635886345,4
2822,1,2,637,10007__Node__2822,,0.0,0.2410888357550119,0.0025030475733457,4
2825,5,42,35,10056__Node__2825,,0.0007259022635925,0.2836369931189683,0.0192438494098182,4
2826,1,1,823,10033__Node__2826,,0.0,0.2732996955923439,0.0130031624785455,4
2828,1,0,1017,10003__Node__2828,,0.0,0.2141900062093532,5.609007953745333e-05,4
2829,3,12,120,10077__Node__2829,,6.476122206603548e-05,0.2597392303729243,0.0053050927987838,2
2830,2,6,169,10047__Node__2830,,2.8492999182442007e-05,0.187551867219917,4.308726607464869e-05,3
2831,1,21,67,10087__Node__2831,,0.0,0.1571288149409029,4.2614267999579756e-07,4
2832,1,56,25,10030__Node__2832,outgoing,0.0,0.2137150683144748,0.0001699153992353,2
2833,3,1,823,10033__Node__2833,outgoing,9.505136129153278e-05,0.2844247710801545,0.0219957247768577,3
2834,2,1,823,10033__Node__2834,outandin,7.259332443494011e-05,0.2753897222572377,0.0133977140017122,1
2835,1,0,1017,10003__Node__2835,,0.0,0.2141900062093532,5.609007953745333e-05,2
2836,1,5,257,10020__Node__2836,,0.0,0.2378170470626655,0.0049946441175549,4
2837,1,0,1017,10003__Node__2837,,0.0,0.2141900062093532,5.609007953745333e-05,4
2839,1,0,1017,10003__Node__2839,,0.0,0.2141900062093532,5.609007953745333e-05,4
2840,3,1,823,10033__Node__2840,,4.756225682206218e-05,0.2786446154500234,0.0192042514075714,3
2841,1,22,64,10053__Node__2841,,0.0,0.2264607304516084,0.0010652272368323,4
2843,1,18,70,10091__Node__2843,,0.0,0.2419968245763024,0.0007304893857454,4
2844,1,42,35,10056__Node__2844,,0.0,0.2216210732762993,0.0005768275345536,4
2845,7,4,278,10034__Node__2845,,0.0020309262486106,0.318480003887458,0.0312528242741476,4
2847,1,0,1017,10003__Node__2847,,0.0,0.2141900062093532,5.609007953745333e-05,4
2848,1,0,1017,10003__Node__2848,outgoing,0.0,0.2141900062093532,5.609007953745333e-05,3
2849,1,0,1017,10003__Node__2849,,0.0,0.2141900062093532,5.609007953745333e-05,4
2850,1,0,1017,10003__Node__2850,,0.0,0.2141900062093532,5.609007953745333e-05,4
2851,2,2,637,10007__Node__2851,,0.0001327237145512,0.2631388766210302,0.0034372430988675,4
2852,1,51,28,10031__Node__2852,,0.0,0.2180378588775408,0.000277416775589,4
2854,2,44,34,10066__Node__2854,outgoing,0.0002220916243724,0.2512169880026064,0.0021755634558302,1
2855,2,26,60,10093__Node__2855,,3.718563129119058e-05,0.2582857142857143,0.0046156123306289,4
2856,1,9,129,10006__Node__2856,,0.0,0.2452018406973699,0.0009341955255218,4
2857,1,0,1017,10003__Node__2857,,0.0,0.2141900062093532,5.609007953745333e-05,4
2858,6,10,129,10073__Node__2858,,0.0006093894550163,0.2989008984357185,0.0269796367642984,4
2859,1,2,637,10007__Node__2859,,0.0,0.2410888357550119,0.0025030475733457,4
2860,1,12,120,10077__Node__2860,incoming,0.0,0.2249682490646346,0.0009389415002389,3
2861,1,10,129,10073__Node__2861,,0.0,0.2364613774939567,0.0045611621676105,4
2862,1,29,49,10088__Node__2862,,0.0,0.2172428651927475,0.000151646172097,4
2863,1,25,61,10196__Node__2863,,0.0,0.2241220121054611,0.0003823523012146,4
2865,3,11,128,10039__Node__2865,,4.784221187412652e-05,0.2465856503254449,0.0095381539343711,4
2866,2,1,823,10033__Node__2866,,3.966877315413464e-05,0.2798582347666424,0.016542991213373,4
2867,1,0,1017,10003__Node__2867,,0.0,0.2141900062093532,5.609007953745333e-05,4
2868,2,18,70,10091__Node__2868,outandin,0.0001794346545011,0.2598628127354189,0.0044169589885646,1
2869,3,18,70,10091__Node__2869,outgoing,0.0001176864294339,0.2663686242633611,0.0102862956709109,3
2871,1,0,1017,10003__Node__2871,,0.0,0.2141900062093532,5.609007953745333e-05,4
2872,1,0,1017,10003__Node__2872,,0.0,0.2141900062093532,5.609007953745333e-05,4
2874,1,11,128,10039__Node__2874,,0.0,0.2339461003034089,0.0027339313516807,4
2875,2,1,823,10033__Node__2875,,1.86533559249534e-05,0.2772302356076308,0.0174345626092472,4
2876,1,55,26,10339__Node__2876,outgoing,0.0,0.2121378863893833,9.541301547457587e-05,2
2877,1,30,46,10037__Node__2877,,0.0,0.2200288716554201,0.0001472356960681,4
2880,4,17,73,10008__Node__2880,incoming,0.0001549438860712,0.248870324662996,0.009545586364978,3
2881,6,26,60,10093__Node__2881,outgoing,0.0004231853973575,0.2924195779235265,0.0280166607048537,1
2882,2,5,257,10020__Node__2882,,2.013157063519228e-05,0.2404696385984223,0.0060704277133563,4
2884,5,26,60,10093__Node__2884,outgoing,0.000238859970637,0.2682876908592247,0.0116613263284829,1
2885,5,38,38,10086__Node__2885,,0.000363964131685,0.2536083272065936,0.0134418550809312,4
2886,1,0,1017,10003__Node__2886,,0.0,0.2141900062093532,5.609007953745333e-05,4
2888,3,14,109,10017__Node__2888,incoming,0.0001707735326348,0.283000129539272,0.0194629388423458,3
2890,1,8,139,10071__Node__2890,,0.0,0.2328820665884944,0.0001403357882566,3
2891,1,2,637,10007__Node__2891,,0.0,0.2410888357550119,0.0025030475733457,4
2892,3,46,29,10119__Node__2892,outandin,0.0001372786903591,0.2595540770662548,0.0063509684384882,1
2893,2,40,36,10052__Node__2893,,1.1576894172657605e-05,0.2308803325465882,0.0014268396567505,4
2894,3,5,257,10020__Node__2894,outgoing,0.0001778981673426,0.2901155327342747,0.022558968763711,2
2895,1,0,1017,10003__Node__2895,,0.0,0.2141900062093532,5.609007953745333e-05,4
2896,1,21,67,10087__Node__2896,,0.0,0.1571288149409029,4.2614267999579756e-07,4
2897,1,0,1017,10003__Node__2897,,0.0,0.2141900062093532,5.609007953745333e-05,4
2898,1,2,637,10007__Node__2898,,0.0,0.2410888357550119,0.0025030475733457,4
2900,1,0,1017,10003__Node__2900,,0.0,0.2141900062093532,5.609007953745333e-05,4
2901,1,27,52,10026__Node__2901,outgoing,0.0,0.2159117114149234,0.0002184626719269,2
2902,3,4,278,10034__Node__2902,,8.617889347027708e-05,0.2490784023106449,0.0108463284491069,4
2904,1,26,60,10093__Node__2904,,0.0,0.2539621033053048,0.0035398287348275,4
2905,1,24,62,10108__Node__2905,,0.0,0.2187802516940948,0.0002181576780687,3
2911,1,0,1017,10003__Node__2911,,0.0,0.2141900062093532,5.609007953745333e-05,3
2913,12,11,128,10039__Node__2913,,0.0033566421818582,0.3047946798121192,0.0287080050482677,4
2914,1,0,1017,10003__Node__2914,,0.0,0.2141900062093532,5.609007953745333e-05,3
2915,1,4,278,10034__Node__2915,,0.0,0.2325515381613029,0.0031177529798711,4
2916,2,3,311,10032__Node__2916,,2.2026450600214655e-05,0.2436159536111214,0.0068042225826903,4
2917,1,7,149,10011__Node__2917,,0.0,0.2235715504008187,0.0003635239368321,4
2918,1,0,1017,10003__Node__2918,,0.0,0.2141900062093532,5.609007953745333e-05,4
2919,1,0,1017,10003__Node__2919,,0.0,0.2141900062093532,5.609007953745333e-05,4
2921,1,1,823,10033__Node__2921,,0.0,0.2732996955923439,0.0130031624785455,4
2922,2,9,129,10006__Node__2922,,4.8624744700203685e-05,0.2463817149731213,0.0011097323102061,4
2923,2,27,52,10026__Node__2923,,8.534064490967211e-05,0.23897903372835,0.0052131067894818,3
2925,3,38,38,10086__Node__2925,,0.0001874030650183,0.2301829803673655,0.0007506962176453,4
2926,1,3,311,10032__Node__2926,,0.0,0.2376445846477392,0.0036864696028191,4
2932,1,0,1017,10003__Node__2932,,0.0,0.2141900062093532,5.609007953745333e-05,4
2934,3,12,120,10077__Node__2934,incoming,0.0001631293956562,0.2343308663162787,0.0015370826835783,3
2935,1,0,1017,10003__Node__2935,,0.0,0.2141900062093532,5.609007953745333e-05,4
2937,1,0,1017,10003__Node__2937,,0.0,0.2141900062093532,5.609007953745333e-05,4
2938,2,28,51,10051__Node__2938,,5.265978788229559e-06,0.255267770204479,0.004390401488487,3
2939,1,0,1017,10003__Node__2939,,0.0,0.2141900062093532,5.609007953745333e-05,4
2941,2,5,257,10020__Node__2941,outgoing,0.0001089259368834,0.2849936948297604,0.0179978065961004,1
2942,3,35,39,10019__Node__2942,,0.0003641636376292,0.2754360159697415,0.0134243946696425,4
2944,2,45,32,10064__Node__2944,outgoing,6.644771792881665e-05,0.2741915240764757,0.0133797338775793,1
2945,3,47,29,10041__Node__2945,,4.785505355854373e-05,0.2426059596520451,0.006882278267067,4
2946,1,0,1017,10003__Node__2946,,0.0,0.2141900062093532,5.609007953745333e-05,4
2948,3,41,36,10054__Node__2948,,2.1572819453486064e-05,0.2363931469792606,0.004564793961283,4
2949,1,0,1017,10003__Node__2949,,0.0,0.2141900062093532,5.609007953745333e-05,4
2950,2,62,23,10212__Node__2950,outandin,1.39535576733992e-05,0.2303124011666725,0.0011552371219494,2
2951,1,1,823,10033__Node__2951,,0.0,0.2732996955923439,0.0130031624785455,3
2952,1,21,67,10087__Node__2952,,0.0,0.1571288149409029,4.2614267999579756e-07,4
2955,2,13,119,10016__Node__2955,outgoing,2.3887875221063938e-05,0.2424444197832279,0.0070103681966544,1
2957,3,45,32,10064__Node__2957,,7.781619979200601e-05,0.2506405598684462,0.0020460022850182,4
2958,1,3,311,10032__Node__2958,,0.0,0.2376445846477392,0.0036864696028191,4
2959,1,10,129,10073__Node__2959,,0.0,0.2364613774939567,0.0045611621676105,4
2960,1,8,139,10071__Node__2960,,0.0,0.2328820665884944,0.0001403357882566,4
2961,1,0,1017,10003__Node__2961,,0.0,0.2141900062093532,5.609007953745333e-05,4
2964,5,25,61,10196__Node__2964,,0.000373558640494,0.2491352111605276,0.0103823835481528,4
2965,5,16,80,10149__Node__2965,,0.0003492742211398,0.2516413899020925,0.0105743972947117,4
2966,1,0,1017,10003__Node__2966,,0.0,0.2141900062093532,5.609007953745333e-05,4
2967,2,25,61,10196__Node__2967,,0.0001290715363791,0.2474795151606691,0.0005226880894712,4
2968,1,2,637,10007__Node__2968,,0.0,0.2410888357550119,0.0025030475733457,4
2969,2,37,38,10148__Node__2969,,5.4131246211837736e-05,0.2414263086160533,0.0006807302879354,4
2970,1,56,25,10030__Node__2970,outgoing,0.0,0.2137150683144748,0.0001699153992353,2
2971,1,2,637,10007__Node__2971,,0.0,0.2410888357550119,0.0025030475733457,4
2972,3,29,49,10088__Node__2972,,3.0673571816008974e-05,0.2245212565516768,0.0005544325919424,4
2973,2,4,278,10034__Node__2973,,2.2026450600214655e-05,0.2436159536111214,0.0068042225826903,4
2975,3,5,257,10020__Node__2975,,5.432259534915143e-05,0.2437790589548075,0.0080988039464549,3
2976,1,21,67,10087__Node__2976,,0.0,0.1571288149409029,4.2614267999579756e-07,4
2977,1,0,1017,10003__Node__2977,,0.0,0.2141900062093532,5.609007953745333e-05,4
2978,1,0,1017,10003__Node__2978,,0.0,0.2141900062093532,5.609007953745333e-05,3
2979,1,21,67,10087__Node__2979,,0.0,0.1571288149409029,4.2614267999579756e-07,4
2981,1,0,1017,10003__Node__2981,,0.0,0.2141900062093532,5.609007953745333e-05,4
2982,2,4,278,10034__Node__2982,incoming,0.0001167955383124,0.2492109966158409,0.0056208005532169,2
2984,2,1,823,10033__Node__2984,,0.0001029283087548,0.2792144165637115,0.0150315387116441,4
2985,4,3,311,10032__Node__2985,outgoing,9.075399067797904e-05,0.24807903402854,0.010582641289907,2
2986,1,0,1017,10003__Node__2986,,0.0,0.2141900062093532,5.609007953745333e-05,4
2987,2,0,1017,10003__Node__2987,,0.0010737142824496,0.2523001116372175,0.0002159294562681,4
2988,1,0,1017,10003__Node__2988,,0.0,0.2141900062093532,5.609007953745333e-05,4
2989,1,24,62,10108__Node__2989,outandin,0.0,0.2187802516940948,0.0002181576780687,1
2990,2,2,637,10007__Node__2990,,0.0002517277465681,0.2709272043321896,0.0060428763081733,4
2991,1,53,27,10013__Node__2991,,0.0,0.210705674328886,0.0001755367846843,4
2992,4,12,120,10077__Node__2992,,0.0002936226723083,0.2817833956747925,0.01875007550852,3
2993,1,0,1017,10003__Node__2993,,0.0,0.2141900062093532,5.609007953745333e-05,4
2994,1,0,1017,10003__Node__2994,outgoing,0.0,0.2141900062093532,5.609007953745333e-05,3
2995,1,0,1017,10003__Node__2995,,0.0,0.2141900062093532,5.609007953745333e-05,4
2996,3,16,80,10149__Node__2996,outgoing,0.0001233285789444,0.2423906209549169,0.0064260503793254,2
2997,1,33,41,10191__Node__2997,,0.0,0.2150615258408531,0.0001192682696565,2
2998,8,42,35,10056__Node__2998,,0.0009971126905274,0.2735049868547344,0.0118290113305668,4
3001,2,27,52,10026__Node__3001,outgoing,1.0696659804046282e-06,0.2188094681667946,0.0003751383421429,1
3002,1,54,26,10060__Node__3002,outgoing,0.0,0.2245212565516768,0.0001038141790651,1
3004,1,36,39,10036__Node__3004,outgoing,0.0,0.2091724380046596,0.000138947590469,3
3005,1,2,637,10007__Node__3005,,0.0,0.2410888357550119,0.0025030475733457,4
3007,1,0,1017,10003__Node__3007,,0.0,0.2141900062093532,5.609007953745333e-05,4
3008,2,8,139,10071__Node__3008,,0.0001290715363791,0.2474795151606691,0.0005226880894712,4
3009,2,52,28,10162__Node__3009,,0.0001294466201141,0.2377480320673268,0.0002481534259732,3
3010,1,6,169,10047__Node__3010,incoming,0.0,0.187348140525398,4.024558046919183e-05,1
3012,1,5,257,10020__Node__3012,,0.0,0.2378170470626655,0.0049946441175549,4
3014,4,23,62,10025__Node__3014,,0.0002549568939442,0.2838827045523455,0.0203165919683958,4
3017,3,28,51,10051__Node__3017,incoming,2.476966003850004e-05,0.2625485718863918,0.0089515636560975,3
3018,1,0,1017,10003__Node__3018,,0.0,0.2141900062093532,5.609007953745333e-05,4
3020,1,12,120,10077__Node__3020,,0.0,0.2249682490646346,0.0009389415002389,4
3021,1,0,1017,10003__Node__3021,,0.0,0.2141900062093532,5.609007953745333e-05,4
3023,1,0,1017,10003__Node__3023,,0.0,0.2141900062093532,5.609007953745333e-05,4
3024,1,0,1017,10003__Node__3024,,0.0,0.2141900062093532,5.609007953745333e-05,4
3025,4,3,311,10032__Node__3025,,0.0002672809741487,0.2740539410411875,0.0104659123197434,4
3030,1,17,73,10008__Node__3030,,0.0,0.2302962156084191,0.0010757835958013,4
3031,1,25,61,10196__Node__3031,incoming,0.0,0.2241220121054611,0.0003823523012146,2
3032,1,0,1017,10003__Node__3032,,0.0,0.2141900062093532,5.609007953745333e-05,4
3033,1,1,823,10033__Node__3033,outgoing,0.0,0.2732996955923439,0.0130031624785455,2
3035,2,2,637,10007__Node__3035,,0.0002517277465681,0.2709272043321896,0.0060428763081733,4
3038,1,1,823,10033__Node__3038,,0.0,0.2732996955923439,0.0130031624785455,4
3039,1,0,1017,10003__Node__3039,,0.0,0.2141900062093532,5.609007953745333e-05,4
3041,1,20,68,10147__Node__3041,,0.0,0.233695845961847,0.000266663305054,4
3042,1,6,169,10047__Node__3042,,0.0,0.187348140525398,4.024558046919183e-05,4
3043,1,2,637,10007__Node__3043,outandin,0.0,0.2410888357550119,0.0025030475733457,2
3044,1,34,40,10070__Node__3044,,0.0,0.2028913723183605,8.76295195538406e-05,2
3045,1,2,637,10007__Node__3045,,0.0,0.2410888357550119,0.0025030475733457,4
3046,4,1,823,10033__Node__3046,,0.000116120864212,0.2845235511178641,0.0227440801423989,4
3048,1,2,637,10007__Node__3048,,0.0,0.2410888357550119,0.0025030475733457,4
3049,1,24,62,10108__Node__3049,incoming,0.0,0.2187802516940948,0.0002181576780687,2
3050,1,25,61,10196__Node__3050,,0.0,0.2241220121054611,0.0003823523012146,4
3051,2,2,637,10007__Node__3051,,0.0001327237145512,0.2631388766210302,0.0034372430988675,4
3058,1,30,46,10037__Node__3058,,0.0,0.2200288716554201,0.0001472356960681,4
3060,3,5,257,10020__Node__3060,,0.0002182769218844,0.2404696385984223,0.0055242321148376,4
3062,1,0,1017,10003__Node__3062,,0.0,0.2141900062093532,5.609007953745333e-05,4
3063,4,11,128,10039__Node__3063,,0.000377843561706,0.2641357353000443,0.0071520588820119,4
3067,2,0,1017,10003__Node__3067,,0.0010737142824496,0.2523001116372175,0.0002159294562681,4
3070,4,1,823,10033__Node__3070,,0.0002325813767187,0.2907074739410069,0.0233315743191942,4
3071,1,34,40,10070__Node__3071,,0.0,0.2028913723183605,8.76295195538406e-05,4
3073,2,16,80,10149__Node__3073,,7.087042383762605e-05,0.2394155251141552,0.0040526486277573,3
3075,1,25,61,10196__Node__3075,,0.0,0.2241220121054611,0.0003823523012146,4
3077,1,0,1017,10003__Node__3077,,0.0,0.2141900062093532,5.609007953745333e-05,4
3078,3,10,129,10073__Node__3078,outgoing,0.0001162061953452,0.2669110160863367,0.009039932402677,2
3079,1,0,1017,10003__Node__3079,,0.0,0.2141900062093532,5.609007953745333e-05,4
3081,2,13,119,10016__Node__3081,outgoing,2.451463102782948e-05,0.2379551973278147,0.0040441003121981,1
3082,2,10,129,10073__Node__3082,,1.33780867539611e-05,0.2383186065961237,0.005438982513971,4
3083,1,12,120,10077__Node__3083,,0.0,0.2249682490646346,0.0009389415002389,2
3085,1,0,1017,10003__Node__3085,,0.0,0.2141900062093532,5.609007953745333e-05,4
3089,11,28,51,10051__Node__3089,incoming,0.0023995585160586,0.3108665749656121,0.0259838635042919,3
3090,3,9,129,10006__Node__3090,,0.0001972296027742,0.266498597161794,0.0077384181082121,4
3091,1,16,80,10149__Node__3091,,0.0,0.2240147656970981,0.0003661790249382,4
3092,1,0,1017,10003__Node__3092,,0.0,0.2141900062093532,5.609007953745333e-05,4
3093,1,0,1017,10003__Node__3093,,0.0,0.2141900062093532,5.609007953745333e-05,4
3095,1,2,637,10007__Node__3095,,0.0,0.2410888357550119,0.0025030475733457,4
3097,1,0,1017,10003__Node__3097,,0.0,0.2141900062093532,5.609007953745333e-05,3
3098,1,7,149,10011__Node__3098,,0.0,0.2235715504008187,0.0003635239368321,4
3099,1,0,1017,10003__Node__3099,,0.0,0.2141900062093532,5.609007953745333e-05,4
3100,3,47,29,10041__Node__3100,outgoing,0.0002285449750912,0.2817107242639157,0.0170048685259401,3
3101,1,0,1017,10003__Node__3101,,0.0,0.2141900062093532,5.609007953745333e-05,4
3103,7,12,120,10077__Node__3103,outgoing,0.0012564762309236,0.2914313664458179,0.0228202247313672,3
3105,1,0,1017,10003__Node__3105,,0.0,0.2141900062093532,5.609007953745333e-05,4
3107,1,7,149,10011__Node__3107,,0.0,0.2235715504008187,0.0003635239368321,4
3108,1,0,1017,10003__Node__3108,,0.0,0.2141900062093532,5.609007953745333e-05,4
3109,2,36,39,10036__Node__3109,,8.483201035274168e-06,0.2217110381922127,0.0006008249030361,4
3111,1,0,1017,10003__Node__3111,,0.0,0.2141900062093532,5.609007953745333e-05,4
3114,1,5,257,10020__Node__3114,,0.0,0.2378170470626655,0.0049946441175549,4
3116,3,45,32,10064__Node__3116,,3.778268366398096e-05,0.2292650505474516,0.0017448722923399,3
3117,1,4,278,10034__Node__3117,,0.0,0.2325515381613029,0.0031177529798711,4
3118,1,0,1017,10003__Node__3118,,0.0,0.2141900062093532,5.609007953745333e-05,4
3120,1,2,637,10007__Node__3120,,0.0,0.2410888357550119,0.0025030475733457,4
3121,1,0,1017,10003__Node__3121,,0.0,0.2141900062093532,5.609007953745333e-05,4
3122,1,11,128,10039__Node__3122,,0.0,0.2339461003034089,0.0027339313516807,4
3123,1,14,109,10017__Node__3123,,0.0,0.2319917879013132,0.0020283762330986,4
3126,1,10,129,10073__Node__3126,incoming,0.0,0.2364613774939567,0.0045611621676105,2
3127,3,28,51,10051__Node__3127,outgoing,2.476966003850004e-05,0.2625485718863918,0.0089515636560975,1
3128,2,15,98,10055__Node__3128,,1.2486676981217724e-05,0.2556660815291594,0.0061820179381246,4
3129,1,6,169,10047__Node__3129,,0.0,0.187348140525398,4.024558046919183e-05,2
3131,1,25,61,10196__Node__3131,,0.0,0.2241220121054611,0.0003823523012146,4
3132,2,23,62,10025__Node__3132,outgoing,9.371566230685512e-05,0.2409824613008787,0.0009701194591142,1
3134,6,3,311,10032__Node__3134,,0.000953446143476,0.2796194376893212,0.0145840175594712,4
3135,5,5,257,10020__Node__3135,outgoing,0.0001868933691918,0.2467527578027935,0.0093213778105669,1
3136,1,1,823,10033__Node__3136,,0.0,0.2732996955923439,0.0130031624785455,4
3137,3,5,257,10020__Node__3137,,0.0003097035512937,0.2886334610472541,0.0189367480963393,4
3138,7,10,129,10073__Node__3138,outandin,0.0005677412424188,0.2571708848342162,0.0154858329725156,0
3139,1,56,25,10030__Node__3139,outgoing,0.0,0.2137150683144748,0.0001699153992353,2
3140,5,1,823,10033__Node__3140,outgoing,0.0003517807080467,0.2944162436548223,0.0285654979618504,3
3142,2,45,32,10064__Node__3142,outgoing,5.481406893734384e-05,0.2268683581986223,0.0007906383819153,2
3144,1,1,823,10033__Node__3144,,0.0,0.2732996955923439,0.0130031624785455,4
3145,1,36,39,10036__Node__3145,,0.0,0.2091724380046596,0.000138947590469,4
3146,2,5,257,10020__Node__3146,,4.361795315633374e-05,0.2454589715740983,0.0081123970974261,3
3147,1,37,38,10148__Node__3147,,0.0,0.2213964800864777,0.0004140669828814,4
3148,1,0,1017,10003__Node__3148,,0.0,0.2141900062093532,5.609007953745333e-05,4
3149,1,15,98,10055__Node__3149,,0.0,0.2521836161452922,0.0044314001307017,3
3151,1,29,49,10088__Node__3151,outgoing,0.0,0.2172428651927475,0.000151646172097,1
3153,2,1,823,10033__Node__3153,,7.022538304693685e-05,0.2758301418290476,0.0138809828249059,4
3155,3,1,823,10033__Node__3155,,4.756225682206218e-05,0.2786446154500234,0.0192042514075714,4
3157,1,1,823,10033__Node__3157,,0.0,0.2732996955923439,0.0130031624785455,4
3158,2,8,139,10071__Node__3158,,0.0001290715363791,0.2474795151606691,0.0005226880894712,4
3159,1,0,1017,10003__Node__3159,,0.0,0.2141900062093532,5.609007953745333e-05,4
3160,1,2,637,10007__Node__3160,,0.0,0.2410888357550119,0.0025030475733457,4
3164,3,25,61,10196__Node__3164,,0.0001906433660484,0.2671285918076218,0.0089168251535971,4
3165,2,27,52,10026__Node__3165,incoming,1.0696659804046282e-06,0.2188094681667946,0.0003751383421429,3
3166,1,0,1017,10003__Node__3166,,0.0,0.2141900062093532,5.609007953745333e-05,4
3167,1,34,40,10070__Node__3167,,0.0,0.2028913723183605,8.76295195538406e-05,4
3169,15,47,29,10041__Node__3169,incoming,0.0034635179477793,0.3037212104360721,0.0325896350486762,3
3171,2,15,98,10055__Node__3171,,1.86533559249534e-05,0.2772302356076308,0.0174345626092472,4
3172,5,31,43,10177__Node__3172,outgoing,0.0003325617039562,0.275621346566298,0.0142118866685351,1
3174,2,15,98,10055__Node__3174,,3.692955815487976e-05,0.2563460711072867,0.0054758874862376,4
3175,1,2,637,10007__Node__3175,,0.0,0.2410888357550119,0.0025030475733457,4
3176,1,30,46,10037__Node__3176,,0.0,0.2200288716554201,0.0001472356960681,4
3177,4,41,36,10054__Node__3177,,0.0006084880136566,0.2807934535795381,0.0194227140794983,4
3178,1,0,1017,10003__Node__3178,,0.0,0.2141900062093532,5.609007953745333e-05,3
3180,2,4,278,10034__Node__3180,,1.6468010534496106e-05,0.237610122176703,0.004162240335407,4
3181,1,2,637,10007__Node__3181,,0.0,0.2410888357550119,0.0025030475733457,4
3182,1,2,637,10007__Node__3182,,0.0,0.2410888357550119,0.0025030475733457,4
3184,2,11,128,10039__Node__3184,outgoing,9.703995731269847e-06,0.2358147735041197,0.0037991585885131,2
3185,1,8,139,10071__Node__3185,,0.0,0.2328820665884944,0.0001403357882566,4
3186,1,12,120,10077__Node__3186,,0.0,0.2249682490646346,0.0009389415002389,4
3187,1,13,119,10016__Node__3187,,0.0,0.2325185369141802,0.0020157240790995,4
3188,2,26,60,10093__Node__3188,incoming,2.045414509591029e-05,0.2634138499256461,0.0081009909024381,2
3189,1,6,169,10047__Node__3189,,0.0,0.187348140525398,4.024558046919183e-05,4
3190,2,11,128,10039__Node__3190,,1.7476858559948935e-05,0.2390662046325004,0.0047623075847794,3
3191,1,0,1017,10003__Node__3191,outgoing,0.0,0.2141900062093532,5.609007953745333e-05,2
3192,1,8,139,10071__Node__3192,,0.0,0.2328820665884944,0.0001403357882566,4
3193,2,0,1017,10003__Node__3193,,0.0016713420508599,0.2313530304634826,9.508231352278672e-05,4
3194,1,8,139,10071__Node__3194,,0.0,0.2328820665884944,0.0001403357882566,4
3195,1,0,1017,10003__Node__3195,,0.0,0.2141900062093532,5.609007953745333e-05,4
3196,1,20,68,10147__Node__3196,,0.0,0.233695845961847,0.000266663305054,4
3197,4,11,128,10039__Node__3197,,0.0003800434633885,0.2591230775313328,0.0041156751012526,2
3198,2,3,311,10032__Node__3198,,2.001961231327934e-05,0.2411065739616672,0.0054370874102421,4
3199,1,0,1017,10003__Node__3199,,0.0,0.2141900062093532,5.609007953745333e-05,4
3200,1,0,1017,10003__Node__3200,,0.0,0.2141900062093532,5.609007953745333e-05,4
3201,1,4,278,10034__Node__3201,,0.0,0.2325515381613029,0.0031177529798711,4
3202,3,13,119,10016__Node__3202,outandin,6.842726108545644e-05,0.2676522236288643,0.0101167149815376,0
3203,1,0,1017,10003__Node__3203,outgoing,0.0,0.2141900062093532,5.609007953745333e-05,2
3204,2,8,139,10071__Node__3204,,0.0009513781103501,0.2767619610658334,0.0131434982668021,4
3205,1,0,1017,10003__Node__3205,outgoing,0.0,0.2141900062093532,5.609007953745333e-05,3
3206,1,2,637,10007__Node__3206,,0.0,0.2410888357550119,0.0025030475733457,4
3208,1,2,637,10007__Node__3208,,0.0,0.2410888357550119,0.0025030475733457,4
3209,4,58,24,10115__Node__3209,incoming,0.0003457247959085,0.2527281841668916,0.0080621586133028,3
3210,2,1,823,10033__Node__3210,outgoing,1.86533559249534e-05,0.2772302356076308,0.0174345626092472,3
3214,1,0,1017,10003__Node__3214,,0.0,0.2141900062093532,5.609007953745333e-05,4
3215,1,21,67,10087__Node__3215,,0.0,0.1571288149409029,4.2614267999579756e-07,4
3216,1,0,1017,10003__Node__3216,,0.0,0.2141900062093532,5.609007953745333e-05,4
3217,3,44,34,10066__Node__3217,outgoing,0.0003197025126604,0.2521254087324485,0.0022793776348953,3
3218,3,12,120,10077__Node__3218,outgoing,0.0001833071041131,0.2578183391684041,0.0036792194159677,2
3219,3,4,278,10034__Node__3219,,8.751733226840663e-05,0.2598422075090195,0.0065542513017366,4
3220,1,0,1017,10003__Node__3220,,0.0,0.2141900062093532,5.609007953745333e-05,4
3221,1,0,1017,10003__Node__3221,,0.0,0.2141900062093532,5.609007953745333e-05,4
3223,1,57,25,10298__Node__3223,incoming,0.0,0.2189702983528783,0.0003574056717505,2
3224,1,0,1017,10003__Node__3224,,0.0,0.2141900062093532,5.609007953745333e-05,3
3228,1,43,34,10153__Node__3228,,0.0,0.2200436461306026,0.0004362520125827,4
3229,1,2,637,10007__Node__3229,outgoing,0.0,0.2410888357550119,0.0025030475733457,1
3230,1,9,129,10006__Node__3230,,0.0,0.2452018406973699,0.0009341955255218,3
3231,1,1,823,10033__Node__3231,,0.0,0.2732996955923439,0.0130031624785455,4
3232,1,30,46,10037__Node__3232,outgoing,0.0,0.2200288716554201,0.0001472356960681,2
3233,1,8,139,10071__Node__3233,,0.0,0.2328820665884944,0.0001403357882566,4
3235,1,3,311,10032__Node__3235,,0.0,0.2376445846477392,0.0036864696028191,3
3236,1,4,278,10034__Node__3236,,0.0,0.2325515381613029,0.0031177529798711,4
3237,1,0,1017,10003__Node__3237,,0.0,0.2141900062093532,5.609007953745333e-05,4
3239,4,31,43,10177__Node__3239,outgoing,0.0001773705136532,0.2842520709545908,0.019409288046132,2
3241,1,8,139,10071__Node__3241,,0.0,0.2328820665884944,0.0001403357882566,4
3242,5,5,257,10020__Node__3242,,0.0002237624767774,0.276832101372756,0.0158139260692772,4
3243,1,1,823,10033__Node__3243,,0.0,0.2732996955923439,0.0130031624785455,3
3245,1,1,823,10033__Node__3245,,0.0,0.2732996955923439,0.0130031624785455,4
3246,2,3,311,10032__Node__3246,,1.446271578084392e-05,0.241639936585186,0.0064204009544999,4
3247,1,18,70,10091__Node__3247,,0.0,0.2419968245763024,0.0007304893857454,3
3249,2,1,823,10033__Node__3249,outgoing,2.061345439045477e-05,0.2752971815012391,0.0147728512768696,3
3250,1,37,38,10148__Node__3250,,0.0,0.2213964800864777,0.0004140669828814,4
3251,3,42,35,10056__Node__3251,,0.0004026890874872,0.276832101372756,0.0138466533181531,4
3253,1,7,149,10011__Node__3253,,0.0,0.2235715504008187,0.0003635239368321,4
3254,4,1,823,10033__Node__3254,outgoing,0.0001315319226692,0.2856146772998649,0.0237654135751819,2
3255,2,13,119,10016__Node__3255,,8.773833541680358e-05,0.2510630147481325,0.0021195382581646,4
3256,4,4,278,10034__Node__3256,outgoing,9.075399067797904e-05,0.24807903402854,0.010582641289907,3
3257,1,39,37,10010__Node__3257,incoming,0.0,0.2211424908054121,0.000501995613257,2
3259,1,40,36,10052__Node__3259,incoming,0.0,0.2282430785303848,0.0010444873555359,3
3260,1,0,1017,10003__Node__3260,,0.0,0.2141900062093532,5.609007953745333e-05,4
3261,1,24,62,10108__Node__3261,,0.0,0.2187802516940948,0.0002181576780687,4
3262,1,20,68,10147__Node__3262,,0.0,0.233695845961847,0.000266663305054,2
3263,2,28,51,10051__Node__3263,outandin,6.659295774559436e-06,0.2558856830515754,0.0053337677230938,0
3265,1,0,1017,10003__Node__3265,,0.0,0.2141900062093532,5.609007953745333e-05,4
3266,1,2,637,10007__Node__3266,,0.0,0.2410888357550119,0.0025030475733457,4
3267,1,0,1017,10003__Node__3267,,0.0,0.2141900062093532,5.609007953745333e-05,2
3271,3,1,823,10033__Node__3271,,0.0001796108866029,0.2811306996096598,0.0183735041094861,4
3274,1,0,1017,10003__Node__3274,,0.0,0.2141900062093532,5.609007953745333e-05,4
3275,1,0,1017,10003__Node__3275,,0.0,0.2141900062093532,5.609007953745333e-05,4
3278,1,14,109,10017__Node__3278,,0.0,0.2319917879013132,0.0020283762330986,3
3281,1,3,311,10032__Node__3281,,0.0,0.2376445846477392,0.0036864696028191,4
3283,1,34,40,10070__Node__3283,,0.0,0.2028913723183605,8.76295195538406e-05,4
3284,1,4,278,10034__Node__3284,,0.0,0.2325515381613029,0.0031177529798711,4
3285,2,61,23,10058__Node__3285,outandin,8.138005965410477e-05,0.2339795080504087,0.0032744286500871,1
3287,3,15,98,10055__Node__3287,incoming,6.160750188984993e-05,0.2703014805955376,0.0125323910331398,2
3288,10,4,278,10034__Node__3288,outgoing,0.0050183533790018,0.3295951722403822,0.0335570331187329,1
3291,1,62,23,10212__Node__3291,outandin,0.0,0.228274877224757,0.0008778203463604,0
3292,2,7,149,10011__Node__3292,,0.0004027052542993,0.2767853372186325,0.0133666864153776,4
3293,1,0,1017,10003__Node__3293,,0.0,0.2141900062093532,5.609007953745333e-05,4
3296,1,2,637,10007__Node__3296,,0.0,0.2410888357550119,0.0025030475733457,4
3297,1,0,1017,10003__Node__3297,,0.0,0.2141900062093532,5.609007953745333e-05,4
3298,1,16,80,10149__Node__3298,,0.0,0.2240147656970981,0.0003661790249382,4
3300,1,3,311,10032__Node__3300,,0.0,0.2376445846477392,0.0036864696028191,4
3301,1,57,25,10298__Node__3301,incoming,0.0,0.2189702983528783,0.0003574056717505,3
3304,1,0,1017,10003__Node__3304,,0.0,0.2141900062093532,5.609007953745333e-05,4
3305,4,11,128,10039__Node__3305,,0.0002393569104225,0.2708376379189223,0.0104567403032118,4
3306,1,29,49,10088__Node__3306,,0.0,0.2172428651927475,0.000151646172097,4
3307,1,4,278,10034__Node__3307,,0.0,0.2325515381613029,0.0031177529798711,4
3308,1,2,637,10007__Node__3308,,0.0,0.2410888357550119,0.0025030475733457,4
3310,1,0,1017,10003__Node__3310,,0.0,0.2141900062093532,5.609007953745333e-05,4
3311,1,52,28,10162__Node__3311,incoming,0.0,0.214358135731807,2.969075404631632e-05,2
3314,2,4,278,10034__Node__3314,,1.7188893084021428e-05,0.2356790966953144,0.0036945805144247,4
3316,4,1,823,10033__Node__3316,,0.0002094614131585,0.2798582347666424,0.0164781919910571,4
3317,1,4,278,10034__Node__3317,,0.0,0.2325515381613029,0.0031177529798711,4
3319,1,4,278,10034__Node__3319,,0.0,0.2325515381613029,0.0031177529798711,4
3321,5,26,60,10093__Node__3321,outgoing,0.0001725312645959,0.270167772785358,0.0134374139498176,2
3322,1,0,1017,10003__Node__3322,,0.0,0.2141900062093532,5.609007953745333e-05,4
3325,1,0,1017,10003__Node__3325,,0.0,0.2141900062093532,5.609007953745333e-05,4
3326,1,0,1017,10003__Node__3326,,0.0,0.2141900062093532,5.609007953745333e-05,4
3327,1,0,1017,10003__Node__3327,,0.0,0.2141900062093532,5.609007953745333e-05,4
3329,1,6,169,10047__Node__3329,incoming,0.0,0.187348140525398,4.024558046919183e-05,2
3331,5,42,35,10056__Node__3331,incoming,0.0002346387081289,0.2476104121802863,0.0088396044556613,3
3332,4,1,823,10033__Node__3332,,0.000401766339307,0.2805290416470487,0.0193550958159055,4
3333,3,2,637,10007__Node__3333,,0.0003662444556493,0.2542774005819592,0.0076365246323164,4
3335,1,11,128,10039__Node__3335,,0.0,0.2339461003034089,0.0027339313516807,4
3336,1,12,120,10077__Node__3336,,0.0,0.2249682490646346,0.0009389415002389,4
3337,2,14,109,10017__Node__3337,,1.9577809926411988e-05,0.2418717939255268,0.0070230203506535,4
3338,1,2,637,10007__Node__3338,,0.0,0.2410888357550119,0.0025030475733457,4
3339,1,2,637,10007__Node__3339,,0.0,0.2410888357550119,0.0025030475733457,4
3341,3,39,37,10010__Node__3341,outgoing,3.3624265383058406e-05,0.2402404603936805,0.0068137755882905,1
3342,5,5,257,10020__Node__3342,,0.0001795174888222,0.2779356261396887,0.0183776079043542,4
3344,1,2,637,10007__Node__3344,,0.0,0.2410888357550119,0.0025030475733457,4
3347,1,2,637,10007__Node__3347,,0.0,0.2410888357550119,0.0025030475733457,4
3348,3,17,73,10008__Node__3348,,7.383238537788621e-05,0.2416043056733144,0.0064844946962377,3
3349,1,0,1017,10003__Node__3349,,0.0,0.2141900062093532,5.609007953745333e-05,2
3350,1,33,41,10191__Node__3350,,0.0,0.2150615258408531,0.0001192682696565,2
3352,3,1,823,10033__Node__3352,incoming,0.0003248478936343,0.2848698222280175,0.0169872207384657,2
3353,1,10,129,10073__Node__3353,,0.0,0.2364613774939567,0.0045611621676105,4
3354,1,22,64,10053__Node__3354,outgoing,0.0,0.2264607304516084,0.0010652272368323,1
3355,1,6,169,10047__Node__3355,,0.0,0.187348140525398,4.024558046919183e-05,4
3356,3,11,128,10039__Node__3356,,4.784221187412652e-05,0.2465856503254449,0.0095381539343711,3
3358,3,27,52,10026__Node__3358,,0.000229953619144,0.2346328715139798,0.0023908624212425,4
3361,6,3,311,10032__Node__3361,,0.0005472038692148,0.2878475119680267,0.0191576367852454,3
3362,1,4,278,10034__Node__3362,,0.0,0.2325515381613029,0.0031177529798711,4
3363,1,2,637,10007__Node__3363,,0.0,0.2410888357550119,0.0025030475733457,3
3364,3,14,109,10017__Node__3364,outgoing,0.0002314320555646,0.288964331378687,0.020026182829199,1
3365,4,1,823,10033__Node__3365,,0.0006792060341482,0.2924195779235265,0.0219738873435107,4
3367,1,5,257,10020__Node__3367,,0.0,0.2378170470626655,0.0049946441175549,4
3368,1,0,1017,10003__Node__3368,,0.0,0.2141900062093532,5.609007953745333e-05,4
3369,3,5,257,10020__Node__3369,,9.855961101080112e-05,0.2506789061005928,0.0114150450720548,4
3370,2,13,119,10016__Node__3370,outgoing,1.6511490016250973e-05,0.2402933088909257,0.0065768862467101,2
3371,1,0,1017,10003__Node__3371,,0.0,0.2141900062093532,5.609007953745333e-05,4
3372,2,1,823,10033__Node__3372,,1.86533559249534e-05,0.2772302356076308,0.0174345626092472,4
3373,2,28,51,10051__Node__3373,outandin,5.265978788229559e-06,0.255267770204479,0.004390401488487,0
3374,1,16,80,10149__Node__3374,,0.0,0.2240147656970981,0.0003661790249382,4
3376,2,15,98,10055__Node__3376,incoming,1.86533559249534e-05,0.2772302356076308,0.0174345626092472,3
3377,4,58,24,10115__Node__3377,incoming,0.000385450197065,0.2632445676185886,0.0076552960210238,3
3378,1,3,311,10032__Node__3378,,0.0,0.2376445846477392,0.0036864696028191,4
3379,1,1,823,10033__Node__3379,,0.0,0.2732996955923439,0.0130031624785455,4
3380,1,44,34,10066__Node__3380,outgoing,0.0,0.2330145411881821,0.0001598393767306,1
3381,3,15,98,10055__Node__3381,,8.930878495950913e-05,0.2659794651191104,0.0090470124613306,4
3382,3,4,278,10034__Node__3382,,4.784221187412652e-05,0.2465856503254449,0.0095381539343711,4
3385,1,2,637,10007__Node__3385,,0.0,0.2410888357550119,0.0025030475733457,4
3387,1,31,43,10177__Node__3387,,0.0,0.2531968321421672,0.0025964625002207,4
3388,2,8,139,10071__Node__3388,,0.0002213344828973,0.2502768549280177,0.0011848231437925,4
3389,1,18,70,10091__Node__3389,,0.0,0.2419968245763024,0.0007304893857454,4
3391,1,7,149,10011__Node__3391,,0.0,0.2235715504008187,0.0003635239368321,4
3392,1,0,1017,10003__Node__3392,,0.0,0.2141900062093532,5.609007953745333e-05,4
3393,3,2,637,10007__Node__3393,,0.0008897551157212,0.2942312008978676,0.016440405577413,4
3395,1,0,1017,10003__Node__3395,,0.0,0.2141900062093532,5.609007953745333e-05,4
3397,2,5,257,10020__Node__3397,outandin,0.0001089259368834,0.2849936948297604,0.0179978065961004,1
3399,3,1,823,10033__Node__3399,,4.756225682206218e-05,0.2786446154500234,0.0192042514075714,4
3400,1,7,149,10011__Node__3400,,0.0,0.2235715504008187,0.0003635239368321,4
3402,1,0,1017,10003__Node__3402,,0.0,0.2141900062093532,5.609007953745333e-05,4
3403,1,5,257,10020__Node__3403,,0.0,0.2378170470626655,0.0049946441175549,4
3404,1,0,1017,10003__Node__3404,,0.0,0.2141900062093532,5.609007953745333e-05,4
3405,1,40,36,10052__Node__3405,outgoing,0.0,0.2282430785303848,0.0010444873555359,2
3406,2,1,823,10033__Node__3406,,0.0001089259368834,0.2849936948297604,0.0179978065961004,4
3408,1,1,823,10033__Node__3408,,0.0,0.2732996955923439,0.0130031624785455,4
3409,2,8,139,10071__Node__3409,,0.0009513781103501,0.2767619610658334,0.0131434982668021,3
3411,1,0,1017,10003__Node__3411,,0.0,0.2141900062093532,5.609007953745333e-05,2
3412,1,0,1017,10003__Node__3412,,0.0,0.2141900062093532,5.609007953745333e-05,4
3413,1,0,1017,10003__Node__3413,,0.0,0.2141900062093532,5.609007953745333e-05,4
3414,1,47,29,10041__Node__3414,,0.0,0.2211424908054121,0.0004618773125671,4
3415,1,1,823,10033__Node__3415,,0.0,0.2732996955923439,0.0130031624785455,4
3416,1,0,1017,10003__Node__3416,,0.0,0.2141900062093532,5.609007953745333e-05,3
3419,1,0,1017,10003__Node__3419,,0.0,0.2141900062093532,5.609007953745333e-05,4
3421,1,36,39,10036__Node__3421,,0.0,0.2091724380046596,0.000138947590469,4
3422,1,0,1017,10003__Node__3422,,0.0,0.2141900062093532,5.609007953745333e-05,4
3423,2,4,278,10034__Node__3423,,1.135304549306806e-05,0.2399765662187397,0.0058516843315519,4
3424,1,0,1017,10003__Node__3424,,0.0,0.2141900062093532,5.609007953745333e-05,4
3425,1,1,823,10033__Node__3425,,0.0,0.2732996955923439,0.0130031624785455,4
3426,1,3,311,10032__Node__3426,,0.0,0.2376445846477392,0.0036864696028191,4
3429,1,24,62,10108__Node__3429,,0.0,0.2187802516940948,0.0002181576780687,3
3430,1,2,637,10007__Node__3430,,0.0,0.2410888357550119,0.0025030475733457,4
3431,1,19,70,10105__Node__3431,,0.0,0.215132118824881,0.0002413038481842,4
3432,1,0,1017,10003__Node__3432,,0.0,0.2141900062093532,5.609007953745333e-05,4
3433,2,24,62,10108__Node__3433,,0.0003916325603844,0.2424802989381775,0.0027212052514144,3
3434,1,5,257,10020__Node__3434,,0.0,0.2378170470626655,0.0049946441175549,4
3436,3,12,120,10077__Node__3436,,0.0001796108866029,0.2811306996096598,0.0183735041094861,4
3437,1,0,1017,10003__Node__3437,,0.0,0.2141900062093532,5.609007953745333e-05,3
3438,1,3,311,10032__Node__3438,,0.0,0.2376445846477392,0.0036864696028191,4
3439,1,0,1017,10003__Node__3439,,0.0,0.2141900062093532,5.609007953745333e-05,4
3440,2,39,37,10010__Node__3440,outgoing,0.0001546918843474,0.2427677149312886,0.0006618349899877,3
3441,1,21,67,10087__Node__3441,,0.0,0.1571288149409029,4.2614267999579756e-07,4
3442,1,0,1017,10003__Node__3442,,0.0,0.2141900062093532,5.609007953745333e-05,4
3444,4,35,39,10019__Node__3444,outandin,0.0002537736558748,0.2624644587721757,0.0062446464321941,1
3445,1,5,257,10020__Node__3445,,0.0,0.2378170470626655,0.0049946441175549,3
3447,1,25,61,10196__Node__3447,,0.0,0.2241220121054611,0.0003823523012146,3
3448,7,4,278,10034__Node__3448,,0.0007813023902636,0.2903983339979618,0.0202136376193873,4
3449,1,8,139,10071__Node__3449,,0.0,0.2328820665884944,0.0001403357882566,4
3452,2,12,120,10077__Node__3452,,8.138587178486655e-06,0.2282430785303848,0.0014409371134959,4
3453,2,15,98,10055__Node__3453,incoming,4.701629113205048e-05,0.2595540770662548,0.0053703416309406,2
3454,5,15,98,10055__Node__3454,,0.0003290364681261,0.293572228443449,0.0277387242599538,3
3455,1,2,637,10007__Node__3455,,0.0,0.2410888357550119,0.0025030475733457,4
3456,2,9,129,10006__Node__3456,,4.708700489406799e-05,0.2513325919392568,0.002703884323846,4
3457,1,0,1017,10003__Node__3457,,0.0,0.2141900062093532,5.609007953745333e-05,4
3458,2,1,823,10033__Node__3458,outandin,0.0004027052542993,0.2767853372186325,0.0133666864153776,0
3459,1,2,637,10007__Node__3459,,0.0,0.2410888357550119,0.0025030475733457,4
3461,1,2,637,10007__Node__3461,,0.0,0.2410888357550119,0.0025030475733457,4
3462,2,12,120,10077__Node__3462,outgoing,4.31145364527542e-05,0.2424982424982425,0.0055001036678494,3
3463,3,13,119,10016__Node__3463,outgoing,0.0002144629292656,0.2378861021378534,0.0033222551641161,1
3465,2,15,98,10055__Node__3465,,1.2486676981217724e-05,0.2556660815291594,0.0061820179381246,3
3467,2,1,823,10033__Node__3467,,7.751875808169314e-05,0.2762719723475108,0.0140789460743469,3
3468,2,32,41,10009__Node__3468,,3.526476264059175e-05,0.2545934817231869,0.0031150596466061,4
3470,1,2,637,10007__Node__3470,,0.0,0.2410888357550119,0.0025030475733457,4
3474,1,2,637,10007__Node__3474,,0.0,0.2410888357550119,0.0025030475733457,4
3475,1,7,149,10011__Node__3475,,0.0,0.2235715504008187,0.0003635239368321,4
3477,1,1,823,10033__Node__3477,,0.0,0.2732996955923439,0.0130031624785455,4
3478,4,12,120,10077__Node__3478,,0.0002592453742123,0.2411775528978841,0.0036713383960354,3
3483,2,7,149,10011__Node__3483,,0.0010933897417064,0.2441059257328019,0.0028665715101779,4
3485,3,1,823,10033__Node__3485,incoming,0.0004904496702297,0.2791906283280085,0.0144138288590196,3
3486,2,2,637,10007__Node__3486,,2.940920857129768e-05,0.2415864941575435,0.0026785843580301,4
3487,1,8,139,10071__Node__3487,,0.0,0.2328820665884944,0.0001403357882566,4
3489,1,2,637,10007__Node__3489,,0.0,0.2410888357550119,0.0025030475733457,4
3492,1,0,1017,10003__Node__3492,,0.0,0.2141900062093532,5.609007953745333e-05,4
3493,1,0,1017,10003__Node__3493,,0.0,0.2141900062093532,5.609007953745333e-05,4
3494,1,2,637,10007__Node__3494,,0.0,0.2410888357550119,0.0025030475733457,4
3495,3,42,35,10056__Node__3495,,2.9590309187034417e-05,0.2325515381613029,0.0020036671913041,4
3496,2,5,257,10020__Node__3496,,1.3183579551501291e-05,0.2399414241259381,0.0058724644639154,3
3498,4,13,119,10016__Node__3498,,7.870156782878133e-05,0.2654408488923089,0.0099459543024141,2
3499,1,52,28,10162__Node__3499,,0.0,0.214358135731807,2.969075404631632e-05,4
3501,2,35,39,10019__Node__3501,,8.55841557401128e-05,0.2555863198533712,0.0047049775831185,4
3502,3,30,46,10037__Node__3502,,0.0001004833683042,0.2339461003034089,0.0022802058047057,4
3505,4,15,98,10055__Node__3505,,0.0004529477894947,0.2877211466701787,0.0210709127355038,4
3506,1,1,823,10033__Node__3506,,0.0,0.2732996955923439,0.0130031624785455,4
3507,1,0,1017,10003__Node__3507,,0.0,0.2141900062093532,5.609007953745333e-05,4
3508,1,2,637,10007__Node__3508,,0.0,0.2410888357550119,0.0025030475733457,4
3511,4,47,29,10041__Node__3511,,0.000187223310401,0.2464558342420937,0.0076237306046364,4
3512,1,0,1017,10003__Node__3512,,0.0,0.2141900062093532,5.609007953745333e-05,4
3513,1,1,823,10033__Node__3513,,0.0,0.2732996955923439,0.0130031624785455,4
3515,1,1,823,10033__Node__3515,,0.0,0.2732996955923439,0.0130031624785455,4
3517,2,1,823,10033__Node__3517,,0.0001343818682451,0.2814204130705483,0.0157370938302262,4
3518,1,0,1017,10003__Node__3518,,0.0,0.2141900062093532,5.609007953745333e-05,4
3519,1,0,1017,10003__Node__3519,,0.0,0.2141900062093532,5.609007953745333e-05,4
3520,1,0,1017,10003__Node__3520,,0.0,0.2141900062093532,5.609007953745333e-05,4
3521,7,2,637,10007__Node__3521,,0.0012260836362427,0.2953183436218627,0.0169845433697941,2
3524,3,4,278,10034__Node__3524,,4.784221187412652e-05,0.2465856503254449,0.0095381539343711,4
3525,1,37,38,10148__Node__3525,,0.0,0.2213964800864777,0.0004140669828814,4
3526,4,4,278,10034__Node__3526,outandin,6.927022132864021e-05,0.2439060697406125,0.0077947319147448,0
3527,1,0,1017,10003__Node__3527,,0.0,0.2141900062093532,5.609007953745333e-05,4
3528,2,58,24,10115__Node__3528,incoming,1.638965927995934e-05,0.2450551504954197,0.0011250409089122,2
3531,3,1,823,10033__Node__3531,,0.0001710744489996,0.2771364539726838,0.0145975432207323,3
3532,1,33,41,10191__Node__3532,outgoing,0.0,0.2150615258408531,0.0001192682696565,1
3533,1,36,39,10036__Node__3533,,0.0,0.2091724380046596,0.000138947590469,4
3536,1,38,38,10086__Node__3536,outgoing,0.0,0.2219663358959596,0.0002328710206101,3
3537,2,12,120,10077__Node__3537,incoming,1.3791820740925144e-05,0.2271671692488995,0.0013155128992728,2
3538,2,4,278,10034__Node__3538,,1.135304549306806e-05,0.2399765662187397,0.0058516843315519,3
3540,2,18,70,10091__Node__3540,,0.0001493312563374,0.2470131534315757,0.0010940133225776,4
3543,1,12,120,10077__Node__3543,,0.0,0.2249682490646346,0.0009389415002389,3
3546,1,0,1017,10003__Node__3546,,0.0,0.2141900062093532,5.609007953745333e-05,4
3547,1,14,109,10017__Node__3547,incoming,0.0,0.2319917879013132,0.0020283762330986,1
3552,4,1,823,10033__Node__3552,,0.0003593937276297,0.2888115277838981,0.0223029333965413,3
3554,2,56,25,10030__Node__3554,outgoing,1.1209103939502588e-05,0.2230693305197236,0.0004027864198454,2
3557,2,53,27,10013__Node__3557,,6.047002305767833e-05,0.2313693649168637,0.0012513203804857,4
3559,3,26,60,10093__Node__3559,,0.0003695847048865,0.2914832110295752,0.0202294608161922,3
3560,1,26,60,10093__Node__3560,,0.0,0.2539621033053048,0.0035398287348275,3
3561,1,0,1017,10003__Node__3561,,0.0,0.2141900062093532,5.609007953745333e-05,4
3562,1,8,139,10071__Node__3562,,0.0,0.2328820665884944,0.0001403357882566,4
3563,1,3,311,10032__Node__3563,outgoing,0.0,0.2376445846477392,0.0036864696028191,3
3564,1,2,637,10007__Node__3564,,0.0,0.2410888357550119,0.0025030475733457,4
3565,1,2,637,10007__Node__3565,,0.0,0.2410888357550119,0.0025030475733457,4
3566,1,35,39,10019__Node__3566,incoming,0.0,0.2289766970618034,0.000143815415508,3
3567,2,3,311,10032__Node__3567,,0.0002302210228481,0.285913711119836,0.0166896320813646,3
3568,1,13,119,10016__Node__3568,,0.0,0.2325185369141802,0.0020157240790995,4
3569,1,3,311,10032__Node__3569,,0.0,0.2376445846477392,0.0036864696028191,4
3570,1,9,129,10006__Node__3570,,0.0,0.2452018406973699,0.0009341955255218,4
3571,1,0,1017,10003__Node__3571,,0.0,0.2141900062093532,5.609007953745333e-05,4
3572,6,4,278,10034__Node__3572,,0.0017023867718702,0.3013749022853726,0.0238732069548029,4
3574,2,27,52,10026__Node__3574,,1.0696659804046282e-06,0.2188094681667946,0.0003751383421429,3
3575,3,4,278,10034__Node__3575,,0.0001547788569154,0.2442878974244288,0.0069431701731593,4
3576,2,61,23,10058__Node__3576,incoming,1.0696659804046282e-06,0.2188094681667946,0.0003751383421429,3
3577,1,20,68,10147__Node__3577,,0.0,0.233695845961847,0.000266663305054,4
3580,1,2,637,10007__Node__3580,,0.0,0.2410888357550119,0.0025030475733457,4
3581,1,2,637,10007__Node__3581,,0.0,0.2410888357550119,0.0025030475733457,4
3583,3,14,109,10017__Node__3583,,5.308027260134693e-05,0.2444701406244172,0.0078800605646506,4
3584,3,22,64,10053__Node__3584,,0.0002720485965518,0.2815171169623298,0.0184997898460795,4
3585,3,3,311,10032__Node__3585,outandin,9.635826085804342e-05,0.2477414477414477,0.0090385193921246,0
3586,5,15,98,10055__Node__3586,,0.0004114028576207,0.2937301124904764,0.0262082007673237,4
3589,2,26,60,10093__Node__3589,,0.0001374679335173,0.256767874632713,0.0038064920398815,4
3590,1,24,62,10108__Node__3590,,0.0,0.2187802516940948,0.0002181576780687,4
3593,2,27,52,10026__Node__3593,,1.0696659804046282e-06,0.2188094681667946,0.0003751383421429,4
3594,6,5,257,10020__Node__3594,,0.000373943141758,0.2742603674101351,0.014566382811293,4
3597,1,38,38,10086__Node__3597,,0.0,0.2219663358959596,0.0002328710206101,4
3598,1,1,823,10033__Node__3598,,0.0,0.2732996955923439,0.0130031624785455,4
3599,1,25,61,10196__Node__3599,,0.0,0.2241220121054611,0.0003823523012146,4
3600,1,2,637,10007__Node__3600,,0.0,0.2410888357550119,0.0025030475733457,4
3604,2,35,39,10019__Node__3604,,7.224137550133414e-05,0.2542379456146476,0.0027402779157287,4
3605,1,22,64,10053__Node__3605,outandin,0.0,0.2264607304516084,0.0010652272368323,1
3606,1,7,149,10011__Node__3606,,0.0,0.2235715504008187,0.0003635239368321,4
3608,1,3,311,10032__Node__3608,,0.0,0.2376445846477392,0.0036864696028191,4
3610,1,5,257,10020__Node__3610,,0.0,0.2378170470626655,0.0049946441175549,4
3611,3,14,109,10017__Node__3611,,3.700773458248022e-05,0.2428936737946114,0.007900840697014,4
3612,5,60,23,10057__Node__3612,,0.0001759421707004,0.2668240850059032,0.00987717548833,4
3613,2,41,36,10054__Node__3613,,8.295446506654287e-06,0.2544353429869171,0.0062010889290258,4
3614,1,0,1017,10003__Node__3614,,0.0,0.2141900062093532,5.609007953745333e-05,3
3616,1,3,311,10032__Node__3616,incoming,0.0,0.2376445846477392,0.0036864696028191,1
3617,2,8,139,10071__Node__3617,,0.0001290715363791,0.2474795151606691,0.0005226880894712,4
3619,2,43,34,10153__Node__3619,,0.0001125275327817,0.2401348331073901,0.0054308961301376,3
3620,3,9,129,10006__Node__3620,,0.0001382191274817,0.2622754011765176,0.0067858798570737,4
3621,5,1,823,10033__Node__3621,,0.0003640974400285,0.2915091402392919,0.0266205635101771,3
3623,1,5,257,10020__Node__3623,outgoing,0.0,0.2378170470626655,0.0049946441175549,3
3624,1,37,38,10148__Node__3624,,0.0,0.2213964800864777,0.0004140669828814,4
3625,1,4,278,10034__Node__3625,,0.0,0.2325515381613029,0.0031177529798711,4
3626,1,34,40,10070__Node__3626,,0.0,0.2028913723183605,8.76295195538406e-05,4
3627,1,1,823,10033__Node__3627,,0.0,0.2732996955923439,0.0130031624785455,4
3628,2,1,823,10033__Node__3628,outandin,2.8997267085099937e-05,0.2758533608316848,0.0147537802859684,0
3630,2,29,49,10088__Node__3630,outandin,3.707865881563157e-06,0.2237394599392346,0.0003845171927071,2
3631,1,5,257,10020__Node__3631,,0.0,0.2378170470626655,0.0049946441175549,4
3632,1,60,23,10057__Node__3632,outgoing,0.0,0.237610122176703,0.0007025669701846,1
3634,1,5,257,10020__Node__3634,,0.0,0.2378170470626655,0.0049946441175549,4
3635,1,35,39,10019__Node__3635,,0.0,0.2289766970618034,0.000143815415508,4
3636,1,29,49,10088__Node__3636,,0.0,0.2172428651927475,0.000151646172097,4
3639,1,2,637,10007__Node__3639,,0.0,0.2410888357550119,0.0025030475733457,4
3640,1,3,311,10032__Node__3640,,0.0,0.2376445846477392,0.0036864696028191,4
3641,2,32,41,10009__Node__3641,outandin,2.7248773893736523e-05,0.2395205204107736,0.00122116411657,0
3642,2,36,39,10036__Node__3642,,0.0002784221997834,0.241978955141222,0.0026419951638147,4
3643,2,1,823,10033__Node__3643,,8.449146115162255e-05,0.2785735537892634,0.015018886557645,4
3644,1,0,1017,10003__Node__3644,,0.0,0.2141900062093532,5.609007953745333e-05,4
3646,1,0,1017,10003__Node__3646,,0.0,0.2141900062093532,5.609007953745333e-05,2
3648,1,30,46,10037__Node__3648,,0.0,0.2200288716554201,0.0001472356960681,4
3651,1,1,823,10033__Node__3651,,0.0,0.2732996955923439,0.0130031624785455,4
3652,1,1,823,10033__Node__3652,,0.0,0.2732996955923439,0.0130031624785455,4
3653,1,0,1017,10003__Node__3653,,0.0,0.2141900062093532,5.609007953745333e-05,4
3654,1,6,169,10047__Node__3654,,0.0,0.187348140525398,4.024558046919183e-05,4
3655,1,6,169,10047__Node__3655,,0.0,0.187348140525398,4.024558046919183e-05,4
3657,1,2,637,10007__Node__3657,,0.0,0.2410888357550119,0.0025030475733457,4
3658,3,2,637,10007__Node__3658,,0.0003207346740536,0.2723683663716079,0.0065549960787387,4
3659,1,5,257,10020__Node__3659,,0.0,0.2378170470626655,0.0049946441175549,4
3660,1,7,149,10011__Node__3660,,0.0,0.2235715504008187,0.0003635239368321,4
3662,3,1,823,10033__Node__3662,,0.0001547259742537,0.2827071561057671,0.0181411521807096,4
3664,2,2,637,10007__Node__3664,,0.0001167955383124,0.2492109966158409,0.0056208005532169,4
3666,1,32,41,10009__Node__3666,,0.0,0.2170414279564195,0.0005185971463854,4
3669,1,0,1017,10003__Node__3669,,0.0,0.2141900062093532,5.609007953745333e-05,4
3671,1,0,1017,10003__Node__3671,,0.0,0.2141900062093532,5.609007953745333e-05,4
3673,1,0,1017,10003__Node__3673,,0.0,0.2141900062093532,5.609007953745333e-05,4
3674,2,2,637,10007__Node__3674,,0.0002270424762592,0.2514483023211202,0.0061895171761649,4
3675,1,3,311,10032__Node__3675,,0.0,0.2376445846477392,0.0036864696028191,4
3676,1,24,62,10108__Node__3676,,0.0,0.2187802516940948,0.0002181576780687,4
3677,8,3,311,10032__Node__3677,,0.0022866329597411,0.2901155327342747,0.0139911531006246,4
3678,3,11,128,10039__Node__3678,outgoing,4.785505355854373e-05,0.2426059596520451,0.006882278267067,3
3679,1,30,46,10037__Node__3679,,0.0,0.2200288716554201,0.0001472356960681,4
3680,1,1,823,10033__Node__3680,,0.0,0.2732996955923439,0.0130031624785455,4
3681,3,9,129,10006__Node__3681,outandin,0.0001566049953424,0.2599246480269681,0.0064413792520249,0
3682,3,15,98,10055__Node__3682,,6.160750188984993e-05,0.2703014805955376,0.0125323910331398,4
3684,1,3,311,10032__Node__3684,,0.0,0.2376445846477392,0.0036864696028191,4
3685,1,0,1017,10003__Node__3685,,0.0,0.2141900062093532,5.609007953745333e-05,4
3687,2,1,823,10033__Node__3687,,1.86533559249534e-05,0.2772302356076308,0.0174345626092472,4
3688,1,30,46,10037__Node__3688,,0.0,0.2200288716554201,0.0001472356960681,3
3689,1,5,257,10020__Node__3689,,0.0,0.2378170470626655,0.0049946441175549,4
3691,4,11,128,10039__Node__3691,outgoing,0.0002333022176958,0.2425520891158728,0.0065548654923033,1
3692,2,44,34,10066__Node__3692,outgoing,0.0009081467087628,0.2538244064908408,0.0028937707284114,3
3693,1,0,1017,10003__Node__3693,,0.0,0.2141900062093532,5.609007953745333e-05,4
3694,4,24,62,10108__Node__3694,,0.0004105167476228,0.2433988190292271,0.0066396414523741,4
3696,2,37,38,10148__Node__3696,,3.312260345657072e-05,0.2355435759209344,0.0031479983345622,4
3697,3,1,823,10033__Node__3697,,0.0008904616991362,0.2970314978472694,0.0190460387867188,4
3698,1,3,311,10032__Node__3698,,0.0,0.2376445846477392,0.0036864696028191,4
3699,3,4,278,10034__Node__3699,,0.000184494002802,0.2472367875061299,0.0086309942438115,4
3700,1,12,120,10077__Node__3700,,0.0,0.2249682490646346,0.0009389415002389,4
3701,1,56,25,10030__Node__3701,outgoing,0.0,0.2137150683144748,0.0001699153992353,2
3702,4,3,311,10032__Node__3702,outgoing,0.0001755570602604,0.2550690795874684,0.014532798051926,3
3703,1,0,1017,10003__Node__3703,outgoing,0.0,0.2141900062093532,5.609007953745333e-05,2
3704,1,0,1017,10003__Node__3704,,0.0,0.2141900062093532,5.609007953745333e-05,4
3706,2,18,70,10091__Node__3706,incoming,2.9427151371145376e-05,0.2495526025206564,0.0016694308859843,3
3708,2,50,28,10143__Node__3708,outandin,2.9229722177389264e-05,0.2334793915428734,0.0022193137392721,1
3709,1,2,637,10007__Node__3709,,0.0,0.2410888357550119,0.0025030475733457,4
3710,1,1,823,10033__Node__3710,,0.0,0.2732996955923439,0.0130031624785455,3
3711,6,16,80,10149__Node__3711,,0.0018055591437085,0.3003804024015766,0.0244463176410687,4
3713,1,0,1017,10003__Node__3713,,0.0,0.2141900062093532,5.609007953745333e-05,3
3714,6,18,70,10091__Node__3714,,0.0003159372370276,0.2681998608667185,0.0085533018768858,3
3715,1,0,1017,10003__Node__3715,,0.0,0.2141900062093532,5.609007953745333e-05,4
3716,1,55,26,10339__Node__3716,outgoing,0.0,0.2121378863893833,9.541301547457587e-05,2
3717,1,0,1017,10003__Node__3717,,0.0,0.2141900062093532,5.609007953745333e-05,4
3718,1,2,637,10007__Node__3718,,0.0,0.2410888357550119,0.0025030475733457,4
3719,1,0,1017,10003__Node__3719,,0.0,0.2141900062093532,5.609007953745333e-05,4
3720,2,23,62,10025__Node__3720,,5.2822485245991e-05,0.2749276395821972,0.0138694677585945,4
3721,2,7,149,10011__Node__3721,,0.000948645188176,0.2464558342420937,0.0005038597250887,4
3722,3,1,823,10033__Node__3722,,9.505136129153278e-05,0.2844247710801545,0.0219957247768577,4
3724,2,1,823,10033__Node__3724,,0.0001089259368834,0.2849936948297604,0.0179978065961004,4
3725,2,14,109,10017__Node__3725,,1.9577809926411988e-05,0.2418717939255268,0.0070230203506535,4
3727,1,50,28,10143__Node__3727,incoming,0.0,0.221381523391319,0.0002035896601726,3
3729,1,8,139,10071__Node__3729,,0.0,0.2328820665884944,0.0001403357882566,4
3730,1,1,823,10033__Node__3730,,0.0,0.2732996955923439,0.0130031624785455,4
3731,1,22,64,10053__Node__3731,,0.0,0.2264607304516084,0.0010652272368323,4
3732,4,1,823,10033__Node__3732,,0.0001898184764988,0.2801692814089685,0.019561751815704,4
3734,3,1,823,10033__Node__3734,,5.8262183450000815e-05,0.2814687567103285,0.0200310251094679,4
3737,3,1,823,10033__Node__3737,incoming,7.507214724905258e-05,0.2832692224575355,0.0209743913440747,2
3739,1,0,1017,10003__Node__3739,,0.0,0.2141900062093532,5.609007953745333e-05,4
3741,1,0,1017,10003__Node__3741,,0.0,0.2141900062093532,5.609007953745333e-05,4
3742,1,43,34,10153__Node__3742,,0.0,0.2200436461306026,0.0004362520125827,4
3743,2,15,98,10055__Node__3743,,1.1768797801268004e-05,0.2613550265183235,0.0070278626309224,3
3744,1,1,823,10033__Node__3744,,0.0,0.2732996955923439,0.0130031624785455,4
3746,1,60,23,10057__Node__3746,outgoing,0.0,0.237610122176703,0.0007025669701846,1
3747,1,0,1017,10003__Node__3747,,0.0,0.2141900062093532,5.609007953745333e-05,4
3748,2,38,38,10086__Node__3748,,0.0002063260863629,0.2322384040253712,0.001171812520849,4
3749,1,40,36,10052__Node__3749,,0.0,0.2282430785303848,0.0010444873555359,4
3750,2,45,32,10064__Node__3750,,1.3791820740925144e-05,0.2271671692488995,0.0013155128992728,4
3751,1,1,823,10033__Node__3751,,0.0,0.2732996955923439,0.0130031624785455,4
3752,1,0,1017,10003__Node__3752,,0.0,0.2141900062093532,5.609007953745333e-05,4
3753,3,4,278,10034__Node__3753,,4.297276894960604e-05,0.2425880001480549,0.0076456233198182,4
3754,1,0,1017,10003__Node__3754,,0.0,0.2141900062093532,5.609007953745333e-05,4
3755,2,5,257,10020__Node__3755,incoming,2.3887875221063938e-05,0.2424444197832279,0.0070103681966544,1
3757,1,5,257,10020__Node__3757,,0.0,0.2378170470626655,0.0049946441175549,4
3758,1,0,1017,10003__Node__3758,,0.0,0.2141900062093532,5.609007953745333e-05,4
3762,1,5,257,10020__Node__3762,incoming,0.0,0.2378170470626655,0.0049946441175549,2
3763,1,5,257,10020__Node__3763,,0.0,0.2378170470626655,0.0049946441175549,4
3764,1,16,80,10149__Node__3764,,0.0,0.2240147656970981,0.0003661790249382,4
3765,1,0,1017,10003__Node__3765,,0.0,0.2141900062093532,5.609007953745333e-05,3
3766,1,46,29,10119__Node__3766,,0.0,0.2183574879227053,0.0002146772034399,3
3767,1,8,139,10071__Node__3767,,0.0,0.2328820665884944,0.0001403357882566,4
3770,4,32,41,10009__Node__3770,,0.0001352139150585,0.2793334185739249,0.0197228485539568,4
3771,1,12,120,10077__Node__3771,,0.0,0.2249682490646346,0.0009389415002389,3
3772,1,45,32,10064__Node__3772,,0.0,0.2119183884631551,0.0003765713990338,4
3773,1,14,109,10017__Node__3773,,0.0,0.2319917879013132,0.0020283762330986,4
3774,2,10,129,10073__Node__3774,outgoing,1.6608222003171703e-05,0.2375756696994961,0.0049557136907773,3
3777,1,2,637,10007__Node__3777,incoming,0.0,0.2410888357550119,0.0025030475733457,3
3778,2,4,278,10034__Node__3778,,1.7029214034430786e-05,0.2333796246839725,0.0034751586516217,4
3780,1,7,149,10011__Node__3780,,0.0,0.2235715504008187,0.0003635239368321,4
3781,4,15,98,10055__Node__3781,outgoing,0.0001452397585746,0.2708376379189223,0.0132114571256803,1
3782,1,0,1017,10003__Node__3782,,0.0,0.2141900062093532,5.609007953745333e-05,4
3783,5,4,278,10034__Node__3783,outandin,0.0006230600081311,0.2907074739410069,0.0197700955657745,2
3785,1,9,129,10006__Node__3785,,0.0,0.2452018406973699,0.0009341955255218,4
3786,2,23,62,10025__Node__3786,,2.489137467735522e-05,0.2544748592506309,0.0052977054107508,3
3787,1,0,1017,10003__Node__3787,,0.0,0.2141900062093532,5.609007953745333e-05,4
3788,4,40,36,10052__Node__3788,incoming,0.0001350170116513,0.2672593075887942,0.0097223057925276,1
3789,13,11,128,10039__Node__3789,,0.0054825309348801,0.328340263513852,0.0317655257084845,2
3790,3,17,73,10008__Node__3790,,0.000252088152643,0.2804810202422219,0.0150178875745858,4
3791,1,25,61,10196__Node__3791,,0.0,0.2241220121054611,0.0003823523012146,4
3792,3,15,98,10055__Node__3792,,0.0001503501802981,0.2665202716440974,0.0102923495283057,4
3794,1,8,139,10071__Node__3794,,0.0,0.2328820665884944,0.0001403357882566,4
3795,1,5,257,10020__Node__3795,,0.0,0.2378170470626655,0.0049946441175549,3
3796,2,1,823,10033__Node__3796,,7.843658343840981e-05,0.2750661014815125,0.0135799900130991,4
3797,1,2,637,10007__Node__3797,outgoing,0.0,0.2410888357550119,0.0025030475733457,3
3799,2,6,169,10047__Node__3799,,2.8492999182442007e-05,0.187551867219917,4.308726607464869e-05,4
3800,1,11,128,10039__Node__3800,,0.0,0.2339461003034089,0.0027339313516807,4
3801,2,1,823,10033__Node__3801,outgoing,9.987258965988197e-05,0.2743292453225064,0.0132805792541345,3
3802,1,4,278,10034__Node__3802,outgoing,0.0,0.2325515381613029,0.0031177529798711,1
3803,1,2,637,10007__Node__3803,,0.0,0.2410888357550119,0.0025030475733457,4
3805,1,0,1017,10003__Node__3805,,0.0,0.2141900062093532,5.609007953745333e-05,4
3807,1,3,311,10032__Node__3807,,0.0,0.2376445846477392,0.0036864696028191,4
3808,1,27,52,10026__Node__3808,,0.0,0.2159117114149234,0.0002184626719269,4
3811,1,6,169,10047__Node__3811,,0.0,0.187348140525398,4.024558046919183e-05,3
3812,1,13,119,10016__Node__3812,outgoing,0.0,0.2325185369141802,0.0020157240790995,3
3814,1,26,60,10093__Node__3814,,0.0,0.2539621033053048,0.0035398287348275,2
3815,1,2,637,10007__Node__3815,,0.0,0.2410888357550119,0.0025030475733457,4
3816,3,0,1017,10003__Node__3816,,0.0062214722440384,0.2599658879060727,0.0003562652445247,4
3817,1,2,637,10007__Node__3817,,0.0,0.2410888357550119,0.0025030475733457,4
3818,3,2,637,10007__Node__3818,,0.0010017909127021,0.2466042066448432,0.0046190533259982,4
3819,1,0,1017,10003__Node__3819,,0.0,0.2141900062093532,5.609007953745333e-05,4
3820,1,0,1017,10003__Node__3820,,0.0,0.2141900062093532,5.609007953745333e-05,4
3821,2,37,38,10148__Node__3821,outgoing,1.2509422156355846e-05,0.2300375557193499,0.0012918873292419,3
3823,1,1,823,10033__Node__3823,,0.0,0.2732996955923439,0.0130031624785455,4
3824,2,1,823,10033__Node__3824,,6.644771792881665e-05,0.2741915240764757,0.0133797338775793,3
3827,1,2,637,10007__Node__3827,,0.0,0.2410888357550119,0.0025030475733457,4
3829,1,2,637,10007__Node__3829,,0.0,0.2410888357550119,0.0025030475733457,4
3830,3,1,823,10033__Node__3830,,9.636721584830038e-05,0.278620924201845,0.0183008678892963,4
3831,3,23,62,10025__Node__3831,,7.656214988601728e-05,0.2554866877168362,0.0058163025571362,4
3832,1,16,80,10149__Node__3832,,0.0,0.2240147656970981,0.0003661790249382,4
3833,1,0,1017,10003__Node__3833,,0.0,0.2141900062093532,5.609007953745333e-05,4
3835,1,32,41,10009__Node__3835,,0.0,0.2170414279564195,0.0005185971463854,4
3836,1,0,1017,10003__Node__3836,,0.0,0.2141900062093532,5.609007953745333e-05,4
3839,4,31,43,10177__Node__3839,outgoing,0.0001599076595067,0.2871412924424972,0.0237006158812043,2
3840,1,2,637,10007__Node__3840,,0.0,0.2410888357550119,0.0025030475733457,4
3841,3,17,73,10008__Node__3841,,0.000195060281624,0.2818561045886552,0.0161073223074455,4
3843,1,23,62,10025__Node__3843,,0.0,0.2226903605042302,0.000866305280049,4
3844,1,0,1017,10003__Node__3844,,0.0,0.2141900062093532,5.609007953745333e-05,4
3845,1,30,46,10037__Node__3845,,0.0,0.2200288716554201,0.0001472356960681,4
3846,1,0,1017,10003__Node__3846,,0.0,0.2141900062093532,5.609007953745333e-05,4
3848,3,10,129,10073__Node__3848,,8.583563678734182e-05,0.2613758723828514,0.0073073756324555,3
3851,2,7,149,10011__Node__3851,,7.035433063396839e-05,0.22705698943357,0.0007580754599989,4
3852,1,47,29,10041__Node__3852,,0.0,0.2211424908054121,0.0004618773125671,4
3853,4,33,41,10191__Node__3853,incoming,0.0011752938502208,0.2768788813315871,0.0134136499279284,1
3854,4,1,823,10033__Node__3854,,0.0002845238456695,0.2810342609665108,0.0162914411943369,4
3855,1,12,120,10077__Node__3855,,0.0,0.2249682490646346,0.0009389415002389,4
3856,2,1,823,10033__Node__3856,outandin,0.0008503317454672,0.2755054857286981,0.0132444663267297,1
3857,1,9,129,10006__Node__3857,,0.0,0.2452018406973699,0.0009341955255218,4
3858,7,1,823,10033__Node__3858,,0.0023832462431724,0.324632225469315,0.0337567136051312,4
3859,1,1,823,10033__Node__3859,,0.0,0.2732996955923439,0.0130031624785455,4
3860,2,10,129,10073__Node__3860,outgoing,1.3754725532896368e-05,0.2376445846477392,0.0050631577808675,3
3861,1,9,129,10006__Node__3861,,0.0,0.2452018406973699,0.0009341955255218,4
3863,1,22,64,10053__Node__3863,,0.0,0.2264607304516084,0.0010652272368323,4
3864,1,1,823,10033__Node__3864,,0.0,0.2732996955923439,0.0130031624785455,4
3865,1,9,129,10006__Node__3865,,0.0,0.2452018406973699,0.0009341955255218,4
3866,1,4,278,10034__Node__3866,,0.0,0.2325515381613029,0.0031177529798711,4
3869,1,2,637,10007__Node__3869,,0.0,0.2410888357550119,0.0025030475733457,4
3870,1,0,1017,10003__Node__3870,,0.0,0.2141900062093532,5.609007953745333e-05,4
3871,1,1,823,10033__Node__3871,,0.0,0.2732996955923439,0.0130031624785455,4
3873,7,26,60,10093__Node__3873,,0.0009899466481886,0.2727083593392418,0.0106377533983531,4
3874,8,1,823,10033__Node__3874,,0.0016480647100717,0.3045963656643584,0.0355912883751424,4
3877,5,26,60,10093__Node__3877,,0.0002314831700269,0.2902440104512643,0.0281320160119061,4
3878,1,55,26,10339__Node__3878,outgoing,0.0,0.2121378863893833,9.541301547457587e-05,2
3879,1,21,67,10087__Node__3879,,0.0,0.1571288149409029,4.2614267999579756e-07,4
3881,1,0,1017,10003__Node__3881,,0.0,0.2141900062093532,5.609007953745333e-05,4
3884,1,3,311,10032__Node__3884,outgoing,0.0,0.2376445846477392,0.0036864696028191,1
3887,1,7,149,10011__Node__3887,,0.0,0.2235715504008187,0.0003635239368321,4
3889,1,0,1017,10003__Node__3889,,0.0,0.2141900062093532,5.609007953745333e-05,4
3890,2,42,35,10056__Node__3890,,3.1810826329657235e-05,0.255367231638418,0.0031732900347743,4
3891,1,0,1017,10003__Node__3891,,0.0,0.2141900062093532,5.609007953745333e-05,4
3893,1,0,1017,10003__Node__3893,,0.0,0.2141900062093532,5.609007953745333e-05,3
3898,1,50,28,10143__Node__3898,outgoing,0.0,0.221381523391319,0.0002035896601726,3
3899,2,1,823,10033__Node__3899,,7.259332443494011e-05,0.2753897222572377,0.0133977140017122,3
3900,1,59,24,10139__Node__3900,,0.0,0.2061200742208384,3.899223398533341e-05,4
3903,1,0,1017,10003__Node__3903,,0.0,0.2141900062093532,5.609007953745333e-05,4
3904,1,0,1017,10003__Node__3904,,0.0,0.2141900062093532,5.609007953745333e-05,4
3905,2,8,139,10071__Node__3905,outgoing,0.0002720069428727,0.2530208856117052,0.0021560598673561,2
3906,2,11,128,10039__Node__3906,,1.446271578084392e-05,0.241639936585186,0.0064204009544999,4
3907,1,0,1017,10003__Node__3907,,0.0,0.2141900062093532,5.609007953745333e-05,3
3908,1,2,637,10007__Node__3908,,0.0,0.2410888357550119,0.0025030475733457,4
3909,1,1,823,10033__Node__3909,incoming,0.0,0.2732996955923439,0.0130031624785455,1
3911,2,15,98,10055__Node__3911,,2.440333862397624e-05,0.2618562467537656,0.0089925622983122,4
3913,1,0,1017,10003__Node__3913,,0.0,0.2141900062093532,5.609007953745333e-05,4
3916,2,1,823,10033__Node__3916,,1.86533559249534e-05,0.2772302356076308,0.0174345626092472,4
3918,2,2,637,10007__Node__3918,,0.0005990651794139,0.2908622908622909,0.0155062100518912,4
3919,3,15,98,10055__Node__3919,,0.0001796108866029,0.2811306996096598,0.0183735041094861,4
3921,2,19,70,10105__Node__3921,,2.5825749915062778e-05,0.2277988252059365,0.0013065310850166,4
3922,1,2,637,10007__Node__3922,,0.0,0.2410888357550119,0.0025030475733457,4
3923,1,2,637,10007__Node__3923,,0.0,0.2410888357550119,0.0025030475733457,4
3925,3,3,311,10032__Node__3925,outgoing,0.0001316001090416,0.247274099226561,0.0084361250335994,1
3927,2,26,60,10093__Node__3927,,3.966877315413464e-05,0.2798582347666424,0.016542991213373,4
3929,3,3,311,10032__Node__3929,,0.000136522819321,0.2454038267120979,0.006767420918751,4
3931,2,4,278,10034__Node__3931,,2.2026450600214655e-05,0.2436159536111214,0.0068042225826903,4
3932,1,5,257,10020__Node__3932,,0.0,0.2378170470626655,0.0049946441175549,4
3933,2,1,823,10033__Node__3933,,2.061345439045477e-05,0.2752971815012391,0.0147728512768696,3
3934,2,8,139,10071__Node__3934,,0.0004288198796706,0.247816387491965,0.000870825174002,4
3935,3,1,823,10033__Node__3935,,0.0003656082636639,0.2898845592463178,0.0211210322120663,3
3936,1,40,36,10052__Node__3936,,0.0,0.2282430785303848,0.0010444873555359,4
3937,1,24,62,10108__Node__3937,,0.0,0.2187802516940948,0.0002181576780687,4
3938,1,0,1017,10003__Node__3938,,0.0,0.2141900062093532,5.609007953745333e-05,4
3941,3,28,51,10051__Node__3941,incoming,2.609887180492485e-05,0.2599246480269681,0.0070843855305167,3
3944,3,28,51,10051__Node__3944,,2.8225203843497547e-05,0.2456061457747798,0.0113497452734317,2
3945,1,1,823,10033__Node__3945,,0.0,0.2732996955923439,0.0130031624785455,4
3947,2,5,257,10020__Node__3947,,1.6977563716671108e-05,0.2444336702345877,0.0095558062851654,4
3948,2,2,637,10007__Node__3948,,0.0002270424762592,0.2514483023211202,0.0061895171761649,4
3951,1,34,40,10070__Node__3951,outandin,0.0,0.2028913723183605,8.76295195538406e-05,0
3952,3,1,823,10033__Node__3952,,0.0001764573849254,0.2884048404840484,0.0224292067268021,4
3954,4,56,25,10030__Node__3954,outgoing,0.0005930250438601,0.2460302563910056,0.0039003927404795,3
3955,1,5,257,10020__Node__3955,,0.0,0.2378170470626655,0.0049946441175549,4
3956,4,2,637,10007__Node__3956,,0.0008751576763548,0.293861812312245,0.0166033285452427,3
3960,2,29,49,10088__Node__3960,incoming,3.707865881563157e-06,0.2237394599392346,0.0003845171927071,3
3963,1,5,257,10020__Node__3963,,0.0,0.2378170470626655,0.0049946441175549,4
3965,1,0,1017,10003__Node__3965,,0.0,0.2141900062093532,5.609007953745333e-05,4
3966,1,0,1017,10003__Node__3966,,0.0,0.2141900062093532,5.609007953745333e-05,4
3968,1,27,52,10026__Node__3968,,0.0,0.2159117114149234,0.0002184626719269,4
3969,1,8,139,10071__Node__3969,,0.0,0.2328820665884944,0.0001403357882566,4
3970,4,31,43,10177__Node__3970,outgoing,0.0003298503258354,0.2622544115881717,0.007074538860888,1
3972,3,1,823,10033__Node__3972,,9.505136129153278e-05,0.2844247710801545,0.0219957247768577,4
3973,1,2,637,10007__Node__3973,,0.0,0.2410888357550119,0.0025030475733457,4
3974,1,21,67,10087__Node__3974,,0.0,0.1571288149409029,4.2614267999579756e-07,4
3975,4,4,278,10034__Node__3975,,0.0008905235121217,0.2868647962533374,0.0168016457463521,4
3976,1,2,637,10007__Node__3976,,0.0,0.2410888357550119,0.0025030475733457,4
3977,5,1,823,10033__Node__3977,,0.0013390804084179,0.2943633505501908,0.0242393800200141,4
3978,1,0,1017,10003__Node__3978,,0.0,0.2141900062093532,5.609007953745333e-05,4
3979,3,56,25,10030__Node__3979,outgoing,0.0003772023344139,0.2811065837443706,0.0167129066126084,2
3982,2,17,73,10008__Node__3982,,1.2088289405136505e-05,0.2316474039515074,0.0014898505786828,4
3984,1,7,149,10011__Node__3984,,0.0,0.2235715504008187,0.0003635239368321,4
3985,1,0,1017,10003__Node__3985,,0.0,0.2141900062093532,5.609007953745333e-05,4
3989,5,1,823,10033__Node__3989,outgoing,0.0003069635724471,0.2934670666726369,0.0269251200622559,2
3990,5,28,51,10051__Node__3990,,0.0001306886298644,0.2665419496522835,0.0104479499156711,4
3991,1,0,1017,10003__Node__3991,,0.0,0.2141900062093532,5.609007953745333e-05,4
3992,2,43,34,10153__Node__3992,,0.0001028770798953,0.2569490728035441,0.0039760807474103,4
3993,1,23,62,10025__Node__3993,,0.0,0.2226903605042302,0.000866305280049,4
3994,1,0,1017,10003__Node__3994,,0.0,0.2141900062093532,5.609007953745333e-05,4
3995,1,0,1017,10003__Node__3995,,0.0,0.2141900062093532,5.609007953745333e-05,3
3996,1,1,823,10033__Node__3996,,0.0,0.2732996955923439,0.0130031624785455,4
3997,3,4,278,10034__Node__3997,,0.0001235957394592,0.2640080563947633,0.0075067895528749,4
3998,1,34,40,10070__Node__3998,,0.0,0.2028913723183605,8.76295195538406e-05,4
3999,1,6,169,10047__Node__3999,outgoing,0.0,0.187348140525398,4.024558046919183e-05,2
4000,1,38,38,10086__Node__4000,,0.0,0.2219663358959596,0.0002328710206101,4
4001,1,0,1017,10003__Node__4001,,0.0,0.2141900062093532,5.609007953745333e-05,3
4002,3,1,823,10033__Node__4002,,0.0001315452495049,0.2800017088905028,0.0185103462050486,4
4004,3,4,278,10034__Node__4004,,0.0001317776934385,0.2497618231012537,0.0101281211765256,2
4005,5,3,311,10032__Node__4005,,0.000251221206527,0.2577169596162164,0.0155778607407668,4
4006,1,2,637,10007__Node__4006,,0.0,0.2410888357550119,0.0025030475733457,4
4007,1,0,1017,10003__Node__4007,,0.0,0.2141900062093532,5.609007953745333e-05,4
4010,1,2,637,10007__Node__4010,,0.0,0.2410888357550119,0.0025030475733457,4
4011,2,13,119,10016__Node__4011,incoming,3.803335690677607e-05,0.2532359646072408,0.002746213464845,2
4012,1,45,32,10064__Node__4012,,0.0,0.2119183884631551,0.0003765713990338,4
4013,3,3,311,10032__Node__4013,,0.0001566760556372,0.2453670772340983,0.0071704016076285,4
4014,1,0,1017,10003__Node__4014,,0.0,0.2141900062093532,5.609007953745333e-05,4
4015,1,6,169,10047__Node__4015,,0.0,0.187348140525398,4.024558046919183e-05,4
4017,1,1,823,10033__Node__4017,outandin,0.0,0.2732996955923439,0.0130031624785455,1
4019,1,1,823,10033__Node__4019,,0.0,0.2732996955923439,0.0130031624785455,4
4020,1,55,26,10339__Node__4020,outandin,0.0,0.2121378863893833,9.541301547457587e-05,0
4023,1,18,70,10091__Node__4023,,0.0,0.2419968245763024,0.0007304893857454,2
4024,2,2,637,10007__Node__4024,,6.720128327219698e-05,0.2441059257328019,0.0042536653807687,4
4025,2,13,119,10016__Node__4025,,2.3887875221063938e-05,0.2424444197832279,0.0070103681966544,4
4028,1,1,823,10033__Node__4028,incoming,0.0,0.2732996955923439,0.0130031624785455,1
4029,1,4,278,10034__Node__4029,,0.0,0.2325515381613029,0.0031177529798711,4
4030,2,16,80,10149__Node__4030,incoming,0.0001255254149446,0.2336458593276532,0.0013051205251771,2
4031,1,5,257,10020__Node__4031,,0.0,0.2378170470626655,0.0049946441175549,4
4035,2,13,119,10016__Node__4035,,2.3887875221063938e-05,0.2424444197832279,0.0070103681966544,4
4036,4,11,128,10039__Node__4036,,0.0001794882019214,0.2594718714121699,0.0054151812029231,4
4039,1,22,64,10053__Node__4039,,0.0,0.2264607304516084,0.0010652272368323,4
4041,2,9,129,10006__Node__4041,outandin,5.721827429210136e-05,0.2497237569060773,0.0019994227623541,1
4042,1,2,637,10007__Node__4042,,0.0,0.2410888357550119,0.0025030475733457,4
4043,3,1,823,10033__Node__4043,outgoing,6.013729999127136e-05,0.2793096100575325,0.0191851804166701,2
4046,1,7,149,10011__Node__4046,,0.0,0.2235715504008187,0.0003635239368321,3
4047,3,12,120,10077__Node__4047,incoming,0.0001638288186704,0.2351548204226615,0.0018044610503281,3
4049,3,27,52,10026__Node__4049,,0.0002111162438814,0.2396957173682478,0.0004048290961892,3
4050,1,2,637,10007__Node__4050,,0.0,0.2410888357550119,0.0025030475733457,4
4051,1,49,28,10014__Node__4051,,0.0,0.1710378663326287,2.841685605456861e-06,4
4052,1,0,1017,10003__Node__4052,,0.0,0.2141900062093532,5.609007953745333e-05,4
4053,1,22,64,10053__Node__4053,,0.0,0.2264607304516084,0.0010652272368323,4
4054,5,30,46,10037__Node__4054,,0.001131975011736,0.2790717479242069,0.0083382534445356,4
4055,6,18,70,10091__Node__4055,outgoing,0.0005017905607382,0.2882779854849351,0.0206846778678662,2
4057,7,23,62,10025__Node__4057,,0.0005975585049567,0.2898845592463178,0.0245673879598884,4
4058,2,49,28,10014__Node__4058,,2.8492999182442007e-05,0.187551867219917,4.308726607464869e-05,3
4059,1,6,169,10047__Node__4059,,0.0,0.187348140525398,4.024558046919183e-05,4
4060,1,17,73,10008__Node__4060,,0.0,0.2302962156084191,0.0010757835958013,4
4061,1,21,67,10087__Node__4061,,0.0,0.1571288149409029,4.2614267999579756e-07,4
4063,3,39,37,10010__Node__4063,outandin,8.76620919380022e-05,0.2556062556062556,0.0033758748890667,0
4064,1,2,637,10007__Node__4064,,0.0,0.2410888357550119,0.0025030475733457,4
4066,4,4,278,10034__Node__4066,,9.548685174000284e-05,0.2473861019892047,0.0100000312469382,2
4067,1,0,1017,10003__Node__4067,,0.0,0.2141900062093532,5.609007953745333e-05,4
4068,1,14,109,10017__Node__4068,,0.0,0.2319917879013132,0.0020283762330986,4
4069,1,2,637,10007__Node__4069,,0.0,0.2410888357550119,0.0025030475733457,4
4070,1,0,1017,10003__Node__4070,,0.0,0.2141900062093532,5.609007953745333e-05,4
4072,3,15,98,10055__Node__4072,outandin,0.0001741259238826,0.2782896692284828,0.0177119793848362,0
4073,1,21,67,10087__Node__4073,,0.0,0.1571288149409029,4.2614267999579756e-07,4
4076,1,1,823,10033__Node__4076,,0.0,0.2732996955923439,0.0130031624785455,3
4078,2,1,823,10033__Node__4078,,5.199466674260389e-05,0.2809378884650006,0.017564324646156,3
4079,1,51,28,10031__Node__4079,outgoing,0.0,0.2180378588775408,0.000277416775589,3
4080,1,11,128,10039__Node__4080,outgoing,0.0,0.2339461003034089,0.0027339313516807,3
4082,4,0,1017,10003__Node__4082,,0.0436702767004773,0.2799538678399043,0.0059205465661692,3
4083,1,49,28,10014__Node__4083,,0.0,0.1710378663326287,2.841685605456861e-06,4
4084,1,6,169,10047__Node__4084,,0.0,0.187348140525398,4.024558046919183e-05,2
4085,2,32,41,10009__Node__4085,,5.444984180463453e-05,0.2741456477182415,0.0135217596249309,4
4087,1,0,1017,10003__Node__4087,,0.0,0.2141900062093532,5.609007953745333e-05,4
4089,1,0,1017,10003__Node__4089,,0.0,0.2141900062093532,5.609007953745333e-05,4
4090,1,53,27,10013__Node__4090,,0.0,0.210705674328886,0.0001755367846843,4
4091,1,0,1017,10003__Node__4091,,0.0,0.2141900062093532,5.609007953745333e-05,4
4092,1,11,128,10039__Node__4092,,0.0,0.2339461003034089,0.0027339313516807,4
4093,2,4,278,10034__Node__4093,,1.722606612948356e-05,0.2362568040085072,0.0041829802167035,4
4094,2,1,823,10033__Node__4094,,6.644771792881665e-05,0.2741915240764757,0.0133797338775793,4
4096,1,1,823,10033__Node__4096,,0.0,0.2732996955923439,0.0130031624785455,4
4097,2,1,823,10033__Node__4097,,9.987258965988197e-05,0.2743292453225064,0.0132805792541345,4
4099,1,1,823,10033__Node__4099,,0.0,0.2732996955923439,0.0130031624785455,4
4100,1,2,637,10007__Node__4100,,0.0,0.2410888357550119,0.0025030475733457,4
4101,2,62,23,10212__Node__4101,outgoing,1.39535576733992e-05,0.2303124011666725,0.0011552371219494,3
4103,1,1,823,10033__Node__4103,,0.0,0.2732996955923439,0.0130031624785455,4
4104,1,46,29,10119__Node__4104,,0.0,0.2183574879227053,0.0002146772034399,3
4105,2,23,62,10025__Node__4105,,5.2822485245991e-05,0.2749276395821972,0.0138694677585945,4
4106,1,6,169,10047__Node__4106,,0.0,0.187348140525398,4.024558046919183e-05,4
4107,2,50,28,10143__Node__4107,,2.9229722177389264e-05,0.2334793915428734,0.0022193137392721,4
4109,2,1,823,10033__Node__4109,,0.0001089259368834,0.2849936948297604,0.0179978065961004,4
4113,1,2,637,10007__Node__4113,,0.0,0.2410888357550119,0.0025030475733457,4
4116,1,0,1017,10003__Node__4116,,0.0,0.2141900062093532,5.609007953745333e-05,4
4117,2,26,60,10093__Node__4117,,0.0001028770798953,0.2569490728035441,0.0039760807474103,4
4120,2,27,52,10026__Node__4120,outandin,7.164414626833563e-05,0.2224786992090702,0.0003138756874015,0
4121,2,5,257,10020__Node__4121,,1.496119004702342e-05,0.2399941411256362,0.0060391314730908,4
4125,1,2,637,10007__Node__4125,,0.0,0.2410888357550119,0.0025030475733457,4
4127,1,18,70,10091__Node__4127,outgoing,0.0,0.2419968245763024,0.0007304893857454,3
4129,1,2,637,10007__Node__4129,,0.0,0.2410888357550119,0.0025030475733457,3
4131,2,45,32,10064__Node__4131,,6.334146643464368e-05,0.2161253091508656,0.0004642009185877,4
4132,2,1,823,10033__Node__4132,outgoing,1.86533559249534e-05,0.2772302356076308,0.0174345626092472,2
4133,2,28,51,10051__Node__4133,outgoing,6.659295774559436e-06,0.2558856830515754,0.0053337677230938,3
4136,5,4,278,10034__Node__4136,,0.0007753652888828,0.2839811083669136,0.0120382133593193,4
4137,3,54,26,10060__Node__4137,,0.0003620881413846,0.2524945101514042,0.0023376959362333,4
4138,2,5,257,10020__Node__4138,,0.0002511141265629,0.2571103526734926,0.00509845829662,4
4139,2,12,120,10077__Node__4139,,2.9427151371145376e-05,0.2495526025206564,0.0016694308859843,4
4140,1,2,637,10007__Node__4140,,0.0,0.2410888357550119,0.0025030475733457,4
4141,1,7,149,10011__Node__4141,,0.0,0.2235715504008187,0.0003635239368321,4
4142,1,34,40,10070__Node__4142,,0.0,0.2028913723183605,8.76295195538406e-05,4
4143,1,0,1017,10003__Node__4143,,0.0,0.2141900062093532,5.609007953745333e-05,4
4144,1,8,139,10071__Node__4144,,0.0,0.2328820665884944,0.0001403357882566,4
4146,1,3,311,10032__Node__4146,,0.0,0.2376445846477392,0.0036864696028191,4
4147,1,6,169,10047__Node__4147,,0.0,0.187348140525398,4.024558046919183e-05,4
4149,1,48,29,10065__Node__4149,,0.0,0.2299891216619293,0.0017506178074229,4
4151,1,7,149,10011__Node__4151,,0.0,0.2235715504008187,0.0003635239368321,4
4152,2,7,149,10011__Node__4152,,6.400539126002672e-05,0.2305716798592788,0.0021332127351563,4
4155,1,0,1017,10003__Node__4155,,0.0,0.2141900062093532,5.609007953745333e-05,4
4157,1,2,637,10007__Node__4157,,0.0,0.2410888357550119,0.0025030475733457,4
4159,2,1,823,10033__Node__4159,,9.987258965988197e-05,0.2743292453225064,0.0132805792541345,4
4160,1,0,1017,10003__Node__4160,,0.0,0.2141900062093532,5.609007953745333e-05,4
4164,1,0,1017,10003__Node__4164,,0.0,0.2141900062093532,5.609007953745333e-05,4
4165,2,4,278,10034__Node__4165,,2.2026450600214655e-05,0.2436159536111214,0.0068042225826903,4
4166,2,42,35,10056__Node__4166,,2.284561299364045e-05,0.2422830948948283,0.0008434908396076,4
4169,2,3,311,10032__Node__4169,,0.0002270424762592,0.2514483023211202,0.0061895171761649,4
4170,1,2,637,10007__Node__4170,,0.0,0.2410888357550119,0.0025030475733457,4
4171,2,1,823,10033__Node__4171,,0.0001343818682451,0.2814204130705483,0.0157370938302262,4
4172,1,20,68,10147__Node__4172,,0.0,0.233695845961847,0.000266663305054,4
4174,2,60,23,10057__Node__4174,,9.223682865569542e-06,0.2459010242749409,0.0014330563559301,3
4175,1,21,67,10087__Node__4175,,0.0,0.1571288149409029,4.2614267999579756e-07,4
4176,7,9,129,10006__Node__4176,incoming,0.0019815996494218,0.2814204130705483,0.0126105816677044,1
4179,1,10,129,10073__Node__4179,outandin,0.0,0.2364613774939567,0.0045611621676105,1
4180,2,8,139,10071__Node__4180,,0.0002842402686583,0.2508516094461668,0.001216119384058,4
4181,1,10,129,10073__Node__4181,outandin,0.0,0.2364613774939567,0.0045611621676105,1
4182,1,33,41,10191__Node__4182,,0.0,0.2150615258408531,0.0001192682696565,2
4183,3,1,823,10033__Node__4183,,0.000122850104469,0.280337054621669,0.0181650519949926,3
4184,1,0,1017,10003__Node__4184,,0.0,0.2141900062093532,5.609007953745333e-05,4
4187,1,1,823,10033__Node__4187,,0.0,0.2732996955923439,0.0130031624785455,4
4189,1,2,637,10007__Node__4189,,0.0,0.2410888357550119,0.0025030475733457,4
4192,2,1,823,10033__Node__4192,outgoing,2.8997267085099937e-05,0.2758533608316848,0.0147537802859684,1
4193,1,12,120,10077__Node__4193,,0.0,0.2249682490646346,0.0009389415002389,3
4194,2,35,39,10019__Node__4194,,8.55841557401128e-05,0.2555863198533712,0.0047049775831185,4
4197,1,33,41,10191__Node__4197,,0.0,0.2150615258408531,0.0001192682696565,3
4198,4,1,823,10033__Node__4198,,0.0003219437240482,0.2791192879349261,0.0160341525488989,3
4199,2,4,278,10034__Node__4199,,0.0001864718824185,0.2831713112983365,0.0161209154584166,4
4200,1,0,1017,10003__Node__4200,,0.0,0.2141900062093532,5.609007953745333e-05,4
4201,1,0,1017,10003__Node__4201,,0.0,0.2141900062093532,5.609007953745333e-05,4
4202,1,13,119,10016__Node__4202,,0.0,0.2325185369141802,0.0020157240790995,4
4203,5,13,119,10016__Node__4203,incoming,0.000593249777987,0.2457903618976186,0.0081546925087396,1
4204,1,2,637,10007__Node__4204,,0.0,0.2410888357550119,0.0025030475733457,3
4206,1,12,120,10077__Node__4206,,0.0,0.2249682490646346,0.0009389415002389,4
4207,2,23,62,10025__Node__4207,outandin,4.823250870029453e-05,0.2326340822773577,0.0019420888758504,2
4208,1,2,637,10007__Node__4208,,0.0,0.2410888357550119,0.0025030475733457,4
4209,2,4,278,10034__Node__4209,,1.6468010534496106e-05,0.237610122176703,0.004162240335407,4
4211,1,7,149,10011__Node__4211,,0.0,0.2235715504008187,0.0003635239368321,3
4213,1,0,1017,10003__Node__4213,,0.0,0.2141900062093532,5.609007953745333e-05,4
4215,2,29,49,10088__Node__4215,,3.707865881563157e-06,0.2237394599392346,0.0003845171927071,3
4217,1,17,73,10008__Node__4217,,0.0,0.2302962156084191,0.0010757835958013,4
4218,1,0,1017,10003__Node__4218,,0.0,0.2141900062093532,5.609007953745333e-05,4
4221,1,10,129,10073__Node__4221,,0.0,0.2364613774939567,0.0045611621676105,4
4222,4,4,278,10034__Node__4222,outgoing,0.0003774563024911,0.2483234190883946,0.0097417435945437,3
4223,2,4,278,10034__Node__4223,,9.614112641467472e-05,0.2627590907268572,0.0075491531105728,4
4224,1,8,139,10071__Node__4224,,0.0,0.2328820665884944,0.0001403357882566,4
4225,1,0,1017,10003__Node__4225,,0.0,0.2141900062093532,5.609007953745333e-05,4
4227,1,45,32,10064__Node__4227,,0.0,0.2119183884631551,0.0003765713990338,4
4229,3,3,311,10032__Node__4229,,4.764534819446842e-05,0.2433807419510565,0.0074856281913323,3
4230,1,7,149,10011__Node__4230,,0.0,0.2235715504008187,0.0003635239368321,4
4231,3,1,823,10033__Node__4231,,9.636721584830038e-05,0.278620924201845,0.0183008678892963,4
4233,1,21,67,10087__Node__4233,,0.0,0.1571288149409029,4.2614267999579756e-07,4
4235,2,3,311,10032__Node__4235,,1.9954077978307624e-05,0.2384399898133663,0.0040438752745697,4
4239,1,24,62,10108__Node__4239,,0.0,0.2187802516940948,0.0002181576780687,2
4240,2,35,39,10019__Node__4240,outgoing,3.155865424865936e-05,0.2443061095165318,0.0008743048012534,3
4241,3,9,129,10006__Node__4241,,0.0001741011075637,0.2646476882697355,0.0073545964800217,4
4242,2,15,98,10055__Node__4242,,1.86533559249534e-05,0.2772302356076308,0.0174345626092472,4
4245,2,2,637,10007__Node__4245,,0.0001327237145512,0.2631388766210302,0.0034372430988675,4
4246,1,5,257,10020__Node__4246,incoming,0.0,0.2378170470626655,0.0049946441175549,3
4247,1,2,637,10007__Node__4247,,0.0,0.2410888357550119,0.0025030475733457,4
4248,1,16,80,10149__Node__4248,,0.0,0.2240147656970981,0.0003661790249382,4
4249,1,1,823,10033__Node__4249,,0.0,0.2732996955923439,0.0130031624785455,4
4251,1,0,1017,10003__Node__4251,,0.0,0.2141900062093532,5.609007953745333e-05,4
4254,1,2,637,10007__Node__4254,,0.0,0.2410888357550119,0.0025030475733457,4
4255,2,11,128,10039__Node__4255,,1.135304549306806e-05,0.2399765662187397,0.0058516843315519,4
4256,5,14,109,10017__Node__4256,incoming,0.0003290008465927,0.2793334185739249,0.0146936570847163,1
4257,1,0,1017,10003__Node__4257,,0.0,0.2141900062093532,5.609007953745333e-05,4
4259,1,1,823,10033__Node__4259,,0.0,0.2732996955923439,0.0130031624785455,4
4260,1,0,1017,10003__Node__4260,,0.0,0.2141900062093532,5.609007953745333e-05,4
4261,1,2,637,10007__Node__4261,,0.0,0.2410888357550119,0.0025030475733457,3
4262,2,6,169,10047__Node__4262,outgoing,2.8492999182442007e-05,0.187551867219917,4.308726607464869e-05,2
4264,1,29,49,10088__Node__4264,,0.0,0.2172428651927475,0.000151646172097,4
4265,1,51,28,10031__Node__4265,outgoing,0.0,0.2180378588775408,0.000277416775589,2
4267,1,13,119,10016__Node__4267,,0.0,0.2325185369141802,0.0020157240790995,4
4269,1,0,1017,10003__Node__4269,,0.0,0.2141900062093532,5.609007953745333e-05,3
4270,4,26,60,10093__Node__4270,,0.0001880774975602,0.2723683663716079,0.0131593115857018,4
4271,2,1,823,10033__Node__4271,incoming,0.0005342768170331,0.2744211363731524,0.0130907919980993,3
4273,1,0,1017,10003__Node__4273,,0.0,0.2141900062093532,5.609007953745333e-05,4
4275,1,26,60,10093__Node__4275,,0.0,0.2539621033053048,0.0035398287348275,4
4276,1,2,637,10007__Node__4276,,0.0,0.2410888357550119,0.0025030475733457,4
4277,1,6,169,10047__Node__4277,,0.0,0.187348140525398,4.024558046919183e-05,3
4279,1,12,120,10077__Node__4279,,0.0,0.2249682490646346,0.0009389415002389,3
4280,1,51,28,10031__Node__4280,outgoing,0.0,0.2180378588775408,0.000277416775589,3
4281,1,12,120,10077__Node__4281,,0.0,0.2249682490646346,0.0009389415002389,4
4282,2,6,169,10047__Node__4282,,2.8492999182442007e-05,0.187551867219917,4.308726607464869e-05,4
4284,1,2,637,10007__Node__4284,,0.0,0.2410888357550119,0.0025030475733457,4
4285,2,5,257,10020__Node__4285,,7.347493515292893e-06,0.2397132511612596,0.0067885831058211,4
4286,2,4,278,10034__Node__4286,,4.274619498308611e-05,0.2525334258081917,0.0038203199500558,4
4287,2,26,60,10093__Node__4287,incoming,4.3465101516216535e-06,0.2585506331610714,0.0061362912350483,3
4288,1,0,1017,10003__Node__4288,,0.0,0.2141900062093532,5.609007953745333e-05,4
4289,6,51,28,10031__Node__4289,outandin,0.0017649515226058,0.2900641734897101,0.0218437092165882,1
4292,1,26,60,10093__Node__4292,outgoing,0.0,0.2539621033053048,0.0035398287348275,1
4293,3,10,129,10073__Node__4293,outandin,6.367817921220055e-05,0.244033212942622,0.0072940426561157,1
4295,1,2,637,10007__Node__4295,,0.0,0.2410888357550119,0.0025030475733457,4
4298,1,0,1017,10003__Node__4298,,0.0,0.2141900062093532,5.609007953745333e-05,4
4299,1,0,1017,10003__Node__4299,,0.0,0.2141900062093532,5.609007953745333e-05,4
4300,1,8,139,10071__Node__4300,,0.0,0.2328820665884944,0.0001403357882566,4
4302,1,14,109,10017__Node__4302,,0.0,0.2319917879013132,0.0020283762330986,4
4303,1,21,67,10087__Node__4303,,0.0,0.1571288149409029,4.2614267999579756e-07,4
4304,1,15,98,10055__Node__4304,,0.0,0.2521836161452922,0.0044314001307017,4
4305,1,4,278,10034__Node__4305,,0.0,0.2325515381613029,0.0031177529798711,4
4307,1,0,1017,10003__Node__4307,,0.0,0.2141900062093532,5.609007953745333e-05,4
4308,1,0,1017,10003__Node__4308,,0.0,0.2141900062093532,5.609007953745333e-05,4
4309,1,41,36,10054__Node__4309,,0.0,0.2256498536753313,0.0017696887983241,4
4310,1,2,637,10007__Node__4310,,0.0,0.2410888357550119,0.0025030475733457,4
4312,1,25,61,10196__Node__4312,,0.0,0.2241220121054611,0.0003823523012146,4
4315,1,2,637,10007__Node__4315,,0.0,0.2410888357550119,0.0025030475733457,4
4318,1,5,257,10020__Node__4318,,0.0,0.2378170470626655,0.0049946441175549,3
4320,1,8,139,10071__Node__4320,,0.0,0.2328820665884944,0.0001403357882566,4
4321,3,23,62,10025__Node__4321,,0.0003906201084116,0.2765284165225096,0.0140876254366633,4
4323,2,1,823,10033__Node__4323,incoming,1.86533559249534e-05,0.2772302356076308,0.0174345626092472,3
4325,4,1,823,10033__Node__4325,,0.0002904107239258,0.2831713112983365,0.0183354475683567,4
4326,1,21,67,10087__Node__4326,,0.0,0.1571288149409029,4.2614267999579756e-07,4
4327,1,1,823,10033__Node__4327,,0.0,0.2732996955923439,0.0130031624785455,4
4329,1,1,823,10033__Node__4329,,0.0,0.2732996955923439,0.0130031624785455,4
4330,2,10,129,10073__Node__4330,incoming,2.045414509591029e-05,0.2634138499256461,0.0081009909024381,2
4331,1,17,73,10008__Node__4331,outgoing,0.0,0.2302962156084191,0.0010757835958013,2
4333,2,7,149,10011__Node__4333,,0.0004027052542993,0.2767853372186325,0.0133666864153776,4
4337,1,2,637,10007__Node__4337,,0.0,0.2410888357550119,0.0025030475733457,4
4338,3,5,257,10020__Node__4338,outandin,7.383238537788621e-05,0.2416043056733144,0.0064844946962377,1
4339,1,1,823,10033__Node__4339,,0.0,0.2732996955923439,0.0130031624785455,4
4340,1,2,637,10007__Node__4340,,0.0,0.2410888357550119,0.0025030475733457,4
4342,2,2,637,10007__Node__4342,,0.0001024012966102,0.2456429669052884,0.0045314238064444,4
4345,1,1,823,10033__Node__4345,,0.0,0.2732996955923439,0.0130031624785455,2
4346,5,2,637,10007__Node__4346,,0.0006405251256217,0.2767385888612084,0.0084980436619316,4
4347,3,39,37,10010__Node__4347,incoming,0.0001037757675568,0.2533142658369729,0.0021666805245243,2
4348,1,2,637,10007__Node__4348,,0.0,0.2410888357550119,0.0025030475733457,4
4350,1,13,119,10016__Node__4350,,0.0,0.2325185369141802,0.0020157240790995,4
4351,1,47,29,10041__Node__4351,,0.0,0.2211424908054121,0.0004618773125671,4
4352,1,2,637,10007__Node__4352,,0.0,0.2410888357550119,0.0025030475733457,4
4355,1,2,637,10007__Node__4355,,0.0,0.2410888357550119,0.0025030475733457,4
4356,1,2,637,10007__Node__4356,,0.0,0.2410888357550119,0.0025030475733457,4
4359,2,2,637,10007__Node__4359,,0.0002171395738015,0.2628223122268115,0.0032335369590912,4
4360,1,0,1017,10003__Node__4360,,0.0,0.2141900062093532,5.609007953745333e-05,4
4364,1,18,70,10091__Node__4364,,0.0,0.2419968245763024,0.0007304893857454,4
4365,1,0,1017,10003__Node__4365,,0.0,0.2141900062093532,5.609007953745333e-05,4
4367,1,12,120,10077__Node__4367,,0.0,0.2249682490646346,0.0009389415002389,4
4368,2,1,823,10033__Node__4368,,2.8997267085099937e-05,0.2758533608316848,0.0147537802859684,4
4370,1,8,139,10071__Node__4370,,0.0,0.2328820665884944,0.0001403357882566,4
4372,1,2,637,10007__Node__4372,outgoing,0.0,0.2410888357550119,0.0025030475733457,1
4373,3,47,29,10041__Node__4373,,0.0001764165803634,0.2419968245763024,0.0050146521954353,4
4376,1,30,46,10037__Node__4376,,0.0,0.2200288716554201,0.0001472356960681,4
4377,3,1,823,10033__Node__4377,outgoing,8.017978161363702e-05,0.2825852627948088,0.0193340134444802,2
4378,2,39,37,10010__Node__4378,,1.9786605180398856e-05,0.2542182227221597,0.0049333957439587,4
4381,1,2,637,10007__Node__4381,,0.0,0.2410888357550119,0.0025030475733457,4
4382,1,2,637,10007__Node__4382,,0.0,0.2410888357550119,0.0025030475733457,4
4385,3,14,109,10017__Node__4385,outgoing,0.0003334600254349,0.2829024042819528,0.015970480211883,2
4387,1,0,1017,10003__Node__4387,outgoing,0.0,0.2141900062093532,5.609007953745333e-05,3
4388,1,0,1017,10003__Node__4388,,0.0,0.2141900062093532,5.609007953745333e-05,4
4390,1,45,32,10064__Node__4390,,0.0,0.2119183884631551,0.0003765713990338,3
4391,1,8,139,10071__Node__4391,incoming,0.0,0.2328820665884944,0.0001403357882566,2
4392,1,51,28,10031__Node__4392,outgoing,0.0,0.2180378588775408,0.000277416775589,3
4393,1,20,68,10147__Node__4393,incoming,0.0,0.233695845961847,0.000266663305054,3
4394,1,0,1017,10003__Node__4394,,0.0,0.2141900062093532,5.609007953745333e-05,4
4395,1,10,129,10073__Node__4395,,0.0,0.2364613774939567,0.0045611621676105,4
4396,8,5,257,10020__Node__4396,outandin,0.0008354587641534,0.2922630992196209,0.0259348136960786,1
4398,1,46,29,10119__Node__4398,,0.0,0.2183574879227053,0.0002146772034399,3
4399,1,8,139,10071__Node__4399,,0.0,0.2328820665884944,0.0001403357882566,4
4400,1,34,40,10070__Node__4400,,0.0,0.2028913723183605,8.76295195538406e-05,4
4401,1,0,1017,10003__Node__4401,,0.0,0.2141900062093532,5.609007953745333e-05,4
4403,1,8,139,10071__Node__4403,,0.0,0.2328820665884944,0.0001403357882566,4
4404,1,5,257,10020__Node__4404,,0.0,0.2378170470626655,0.0049946441175549,4
4405,1,0,1017,10003__Node__4405,,0.0,0.2141900062093532,5.609007953745333e-05,4
4407,1,2,637,10007__Node__4407,,0.0,0.2410888357550119,0.0025030475733457,4
4408,1,0,1017,10003__Node__4408,,0.0,0.2141900062093532,5.609007953745333e-05,4
4409,10,56,25,10030__Node__4409,outgoing,0.0046064857782337,0.2904240705454867,0.0135798717950358,2
4412,2,2,637,10007__Node__4412,,9.84245510425818e-05,0.2426239218154222,0.0029649248859128,2
4415,1,12,120,10077__Node__4415,,0.0,0.2249682490646346,0.0009389415002389,4
4416,1,2,637,10007__Node__4416,,0.0,0.2410888357550119,0.0025030475733457,4
4417,1,24,62,10108__Node__4417,,0.0,0.2187802516940948,0.0002181576780687,4
4418,1,7,149,10011__Node__4418,,0.0,0.2235715504008187,0.0003635239368321,3
4420,1,8,139,10071__Node__4420,,0.0,0.2328820665884944,0.0001403357882566,4
4422,1,24,62,10108__Node__4422,,0.0,0.2187802516940948,0.0002181576780687,4
4423,8,4,278,10034__Node__4423,,0.0023129580650195,0.3143254520166898,0.0332433437553814,2
4424,1,42,35,10056__Node__4424,,0.0,0.2216210732762993,0.0005768275345536,4
4425,1,2,637,10007__Node__4425,,0.0,0.2410888357550119,0.0025030475733457,4
4426,1,4,278,10034__Node__4426,,0.0,0.2325515381613029,0.0031177529798711,4
4431,3,17,73,10008__Node__4431,,0.000142999135165,0.2783133041742749,0.0145809416876039,4
4433,2,1,823,10033__Node__4433,,0.0003014068910551,0.2754591686630521,0.0132698257835995,4
4436,1,2,637,10007__Node__4436,,0.0,0.2410888357550119,0.0025030475733457,4
4437,10,42,35,10056__Node__4437,,0.001830491312776,0.2829024042819528,0.0159026144131748,4
4439,2,17,73,10008__Node__4439,,3.537313549835486e-05,0.2558457274466175,0.0055071837265031,3
4440,2,9,129,10006__Node__4440,,6.746328576838441e-05,0.248945949025715,0.0011670665461319,4
4442,2,40,36,10052__Node__4442,,1.760267660269371e-05,0.2395380285808267,0.004730956958355,4
4443,4,13,119,10016__Node__4443,incoming,0.0001999483538608,0.2774884626783522,0.0149815970621837,1
4444,3,5,257,10020__Node__4444,,0.0001226900366681,0.2666720917931399,0.0089963501649495,4
4445,1,46,29,10119__Node__4445,,0.0,0.2183574879227053,0.0002146772034399,3
4446,1,14,109,10017__Node__4446,,0.0,0.2319917879013132,0.0020283762330986,4
4447,1,2,637,10007__Node__4447,,0.0,0.2410888357550119,0.0025030475733457,4
4448,3,48,29,10065__Node__4448,,6.21032248260685e-05,0.261271676300578,0.0063754565407423,3
4450,2,1,823,10033__Node__4450,,3.966877315413464e-05,0.2798582347666424,0.016542991213373,3
4452,5,5,257,10020__Node__4452,outgoing,0.0002087955443125,0.2720743908007804,0.0120634412257914,3
4455,1,24,62,10108__Node__4455,,0.0,0.2187802516940948,0.0002181576780687,4
4456,1,0,1017,10003__Node__4456,,0.0,0.2141900062093532,5.609007953745333e-05,4
4457,1,1,823,10033__Node__4457,,0.0,0.2732996955923439,0.0130031624785455,4
4459,1,20,68,10147__Node__4459,,0.0,0.233695845961847,0.000266663305054,4
4460,1,0,1017,10003__Node__4460,,0.0,0.2141900062093532,5.609007953745333e-05,4
4466,1,7,149,10011__Node__4466,,0.0,0.2235715504008187,0.0003635239368321,4
4467,1,29,49,10088__Node__4467,,0.0,0.2172428651927475,0.000151646172097,4
4468,1,42,35,10056__Node__4468,,0.0,0.2216210732762993,0.0005768275345536,4
4471,1,12,120,10077__Node__4471,incoming,0.0,0.2249682490646346,0.0009389415002389,2
4472,3,15,98,10055__Node__4472,,4.756225682206218e-05,0.2786446154500234,0.0192042514075714,4
4473,1,30,46,10037__Node__4473,,0.0,0.2200288716554201,0.0001472356960681,4
4474,1,45,32,10064__Node__4474,incoming,0.0,0.2119183884631551,0.0003765713990338,1
4475,2,8,139,10071__Node__4475,,0.000111662930651,0.2399765662187397,0.0003001751649873,4
4476,1,34,40,10070__Node__4476,,0.0,0.2028913723183605,8.76295195538406e-05,4
4477,2,2,637,10007__Node__4477,,0.0001327237145512,0.2631388766210302,0.0034372430988675,4
4478,2,8,139,10071__Node__4478,,0.0009513781103501,0.2767619610658334,0.0131434982668021,4
4481,2,5,257,10020__Node__4481,outandin,0.0001089259368834,0.2849936948297604,0.0179978065961004,0
4483,1,32,41,10009__Node__4483,,0.0,0.2170414279564195,0.0005185971463854,4
4484,8,4,278,10034__Node__4484,,0.0004999409772057,0.2611675632596135,0.0190603095214747,4
4485,1,57,25,10298__Node__4485,incoming,0.0,0.2189702983528783,0.0003574056717505,3
4486,5,2,637,10007__Node__4486,,0.0009740256941939,0.2482481724177114,0.0059101645739196,4
4487,1,0,1017,10003__Node__4487,,0.0,0.2141900062093532,5.609007953745333e-05,4
4489,1,8,139,10071__Node__4489,,0.0,0.2328820665884944,0.0001403357882566,4
4491,1,0,1017,10003__Node__4491,,0.0,0.2141900062093532,5.609007953745333e-05,4
4492,1,6,169,10047__Node__4492,,0.0,0.187348140525398,4.024558046919183e-05,4
4493,1,0,1017,10003__Node__4493,,0.0,0.2141900062093532,5.609007953745333e-05,4
4494,1,8,139,10071__Node__4494,,0.0,0.2328820665884944,0.0001403357882566,4
4495,1,7,149,10011__Node__4495,,0.0,0.2235715504008187,0.0003635239368321,4
4497,2,1,823,10033__Node__4497,,1.86533559249534e-05,0.2772302356076308,0.0174345626092472,4
4498,3,41,36,10054__Node__4498,outgoing,4.756225682206218e-05,0.2786446154500234,0.0192042514075714,3
4499,1,16,80,10149__Node__4499,,0.0,0.2240147656970981,0.0003661790249382,4
4501,1,13,119,10016__Node__4501,,0.0,0.2325185369141802,0.0020157240790995,4
4502,2,24,62,10108__Node__4502,,0.000158612709917,0.2564664449227157,0.0037579864128962,2
4504,1,8,139,10071__Node__4504,,0.0,0.2328820665884944,0.0001403357882566,4
4505,1,0,1017,10003__Node__4505,,0.0,0.2141900062093532,5.609007953745333e-05,4
4507,1,29,49,10088__Node__4507,,0.0,0.2172428651927475,0.000151646172097,4
4508,1,9,129,10006__Node__4508,,0.0,0.2452018406973699,0.0009341955255218,4
4510,1,2,637,10007__Node__4510,,0.0,0.2410888357550119,0.0025030475733457,4
4514,1,20,68,10147__Node__4514,,0.0,0.233695845961847,0.000266663305054,4
4515,1,53,27,10013__Node__4515,,0.0,0.210705674328886,0.0001755367846843,4
4516,1,1,823,10033__Node__4516,incoming,0.0,0.2732996955923439,0.0130031624785455,2
4517,1,18,70,10091__Node__4517,,0.0,0.2419968245763024,0.0007304893857454,4
4518,1,9,129,10006__Node__4518,incoming,0.0,0.2452018406973699,0.0009341955255218,3
4519,1,2,637,10007__Node__4519,,0.0,0.2410888357550119,0.0025030475733457,4
4520,1,21,67,10087__Node__4520,,0.0,0.1571288149409029,4.2614267999579756e-07,4
4521,1,2,637,10007__Node__4521,,0.0,0.2410888357550119,0.0025030475733457,4
4522,2,15,98,10055__Node__4522,outandin,1.86533559249534e-05,0.2772302356076308,0.0174345626092472,0
4523,2,2,637,10007__Node__4523,,2.940920857129768e-05,0.2415864941575435,0.0026785843580301,4
4524,1,45,32,10064__Node__4524,,0.0,0.2119183884631551,0.0003765713990338,4
4525,1,21,67,10087__Node__4525,,0.0,0.1571288149409029,4.2614267999579756e-07,4
4526,1,2,637,10007__Node__4526,,0.0,0.2410888357550119,0.0025030475733457,4
4527,1,23,62,10025__Node__4527,incoming,0.0,0.2226903605042302,0.000866305280049,3
4528,3,5,257,10020__Node__4528,,0.0001521666383556,0.2513711502320408,0.0106968377994736,2
4531,3,38,38,10086__Node__4531,,0.00026341303609,0.2575144395112176,0.0039243459275346,4
4532,3,12,120,10077__Node__4532,,9.458035890860349e-05,0.2605653401184749,0.0057469130299745,4
4534,4,48,29,10065__Node__4534,,0.0002306090927959,0.2755518183729241,0.0142944150355507,4
4536,1,0,1017,10003__Node__4536,,0.0,0.2141900062093532,5.609007953745333e-05,4
4537,2,1,823,10033__Node__4537,,3.966877315413464e-05,0.2798582347666424,0.016542991213373,4
4539,1,0,1017,10003__Node__4539,,0.0,0.2141900062093532,5.609007953745333e-05,3
4540,1,25,61,10196__Node__4540,,0.0,0.2241220121054611,0.0003823523012146,4
4541,1,21,67,10087__Node__4541,,0.0,0.1571288149409029,4.2614267999579756e-07,4
4542,1,21,67,10087__Node__4542,,0.0,0.1571288149409029,4.2614267999579756e-07,4
4543,1,9,129,10006__Node__4543,outgoing,0.0,0.2452018406973699,0.0009341955255218,1
4544,1,10,129,10073__Node__4544,,0.0,0.2364613774939567,0.0045611621676105,3
4545,3,57,25,10298__Node__4545,incoming,5.046333999659636e-05,0.2384052962787821,0.0041671206192327,3
4546,1,7,149,10011__Node__4546,,0.0,0.2235715504008187,0.0003635239368321,4
4547,1,6,169,10047__Node__4547,,0.0,0.187348140525398,4.024558046919183e-05,4
4548,1,21,67,10087__Node__4548,,0.0,0.1571288149409029,4.2614267999579756e-07,4
4549,1,6,169,10047__Node__4549,,0.0,0.187348140525398,4.024558046919183e-05,4
4550,1,0,1017,10003__Node__4550,,0.0,0.2141900062093532,5.609007953745333e-05,4
4551,1,3,311,10032__Node__4551,incoming,0.0,0.2376445846477392,0.0036864696028191,2
4552,2,13,119,10016__Node__4552,incoming,0.0001158717021417,0.2342303706086272,0.0022341867510265,3
4553,1,0,1017,10003__Node__4553,,0.0,0.2141900062093532,5.609007953745333e-05,4
4554,2,39,37,10010__Node__4554,outgoing,4.962537284347362e-05,0.2753665812360825,0.0135051580918025,3
4555,1,10,129,10073__Node__4555,incoming,0.0,0.2364613774939567,0.0045611621676105,3
4557,1,2,637,10007__Node__4557,,0.0,0.2410888357550119,0.0025030475733457,4
4559,3,13,119,10016__Node__4559,,9.757449549055998e-05,0.2630966239813737,0.0062860421996725,4
4561,1,22,64,10053__Node__4561,,0.0,0.2264607304516084,0.0010652272368323,4
4562,1,8,139,10071__Node__4562,,0.0,0.2328820665884944,0.0001403357882566,4
4563,1,54,26,10060__Node__4563,,0.0,0.2245212565516768,0.0001038141790651,2
4564,1,0,1017,10003__Node__4564,,0.0,0.2141900062093532,5.609007953745333e-05,3
4568,3,1,823,10033__Node__4568,,0.000524659951018,0.2755749905394609,0.0132668160343413,4
4571,1,0,1017,10003__Node__4571,,0.0,0.2141900062093532,5.609007953745333e-05,4
4572,1,8,139,10071__Node__4572,,0.0,0.2328820665884944,0.0001403357882566,4
4574,1,1,823,10033__Node__4574,,0.0,0.2732996955923439,0.0130031624785455,4
4575,1,2,637,10007__Node__4575,,0.0,0.2410888357550119,0.0025030475733457,4
4576,1,0,1017,10003__Node__4576,,0.0,0.2141900062093532,5.609007953745333e-05,4
4577,1,0,1017,10003__Node__4577,,0.0,0.2141900062093532,5.609007953745333e-05,3
4578,7,62,23,10212__Node__4578,outandin,0.0020139847375008,0.2603376365441907,0.0154259928882871,0
4579,1,21,67,10087__Node__4579,,0.0,0.1571288149409029,4.2614267999579756e-07,4
4581,1,0,1017,10003__Node__4581,,0.0,0.2141900062093532,5.609007953745333e-05,2
4583,1,5,257,10020__Node__4583,,0.0,0.2378170470626655,0.0049946441175549,4
4584,2,17,73,10008__Node__4584,,1.4613214787547112e-05,0.2352223378674227,0.0031041598289,4
4585,5,31,43,10177__Node__4585,incoming,0.0004143806518149,0.2839318979335442,0.0193785671230329,3
4586,2,1,823,10033__Node__4586,,8.136779783580505e-05,0.2765984384891327,0.0137336518642909,4
4587,2,56,25,10030__Node__4587,outandin,1.1209103939502588e-05,0.2230693305197236,0.0004027864198454,0
4588,2,8,139,10071__Node__4588,outgoing,0.0009513781103501,0.2767619610658334,0.0131434982668021,3
4589,1,1,823,10033__Node__4589,outgoing,0.0,0.2732996955923439,0.0130031624785455,3
4590,1,8,139,10071__Node__4590,,0.0,0.2328820665884944,0.0001403357882566,4
4591,1,0,1017,10003__Node__4591,,0.0,0.2141900062093532,5.609007953745333e-05,4
4593,2,34,40,10070__Node__4593,,0.0001107989209007,0.2262262262262262,0.0009539347996029,4
4594,2,27,52,10026__Node__4594,,1.0696659804046282e-06,0.2188094681667946,0.0003751383421429,2
4596,1,6,169,10047__Node__4596,,0.0,0.187348140525398,4.024558046919183e-05,4
4597,1,1,823,10033__Node__4597,,0.0,0.2732996955923439,0.0130031624785455,4
4598,1,8,139,10071__Node__4598,,0.0,0.2328820665884944,0.0001403357882566,3
4599,2,17,73,10008__Node__4599,outgoing,7.057323138652866e-05,0.2311245900483126,0.0012147311862704,2
4600,4,1,823,10033__Node__4600,incoming,0.0014371867813206,0.2901669101695666,0.0185797932048595,3
4601,3,18,70,10091__Node__4601,incoming,6.678085260842883e-05,0.2567075320198974,0.0055564410396139,2
4602,1,0,1017,10003__Node__4602,,0.0,0.2141900062093532,5.609007953745333e-05,4
4604,2,53,27,10013__Node__4604,incoming,1.4412880172493709e-05,0.2224333955540471,0.0006374140972514,2
4605,1,0,1017,10003__Node__4605,,0.0,0.2141900062093532,5.609007953745333e-05,4
4606,3,61,23,10058__Node__4606,outandin,0.0001331449195639,0.2428036898455155,0.0071796960208695,1
4607,3,1,823,10033__Node__4607,,0.0001225447014099,0.2795240329253209,0.0164659302588153,4
4609,1,1,823,10033__Node__4609,,0.0,0.2732996955923439,0.0130031624785455,4
4610,2,30,46,10037__Node__4610,,0.0002374527936352,0.2417825653890139,0.0002875714843247,4
4612,1,8,139,10071__Node__4612,,0.0,0.2328820665884944,0.0001403357882566,4
4613,1,5,257,10020__Node__4613,outgoing,0.0,0.2378170470626655,0.0049946441175549,1
4614,4,41,36,10054__Node__4614,outgoing,0.0004322193735573,0.2720518035780997,0.0090986880255384,3
4616,1,2,637,10007__Node__4616,,0.0,0.2410888357550119,0.0025030475733457,4
4617,1,7,149,10011__Node__4617,,0.0,0.2235715504008187,0.0003635239368321,3
4618,3,4,278,10034__Node__4618,,5.609713773740442e-05,0.2453487066222438,0.0078487099382262,4
4619,1,24,62,10108__Node__4619,,0.0,0.2187802516940948,0.0002181576780687,4
4622,1,51,28,10031__Node__4622,outgoing,0.0,0.2180378588775408,0.000277416775589,3
4623,1,51,28,10031__Node__4623,outgoing,0.0,0.2180378588775408,0.000277416775589,3
4625,1,33,41,10191__Node__4625,outgoing,0.0,0.2150615258408531,0.0001192682696565,1
4626,6,9,129,10006__Node__4626,,0.0027646257873925,0.3132138590203106,0.0232310314092039,4
4628,5,1,823,10033__Node__4628,,0.000357160604139,0.286915028673992,0.0222580440053047,4
4630,1,17,73,10008__Node__4630,outandin,0.0,0.2302962156084191,0.0010757835958013,0
4631,2,2,637,10007__Node__4631,,0.0001167955383124,0.2492109966158409,0.0056208005532169,4
4632,2,9,129,10006__Node__4632,,7.121542118992749e-05,0.2545539286130422,0.004051948505393,4
4634,2,18,70,10091__Node__4634,,2.9427151371145376e-05,0.2495526025206564,0.0016694308859843,3
4637,2,32,41,10009__Node__4637,,1.0190413968906406e-05,0.2281953970962013,0.0022882859447096,4
4638,4,13,119,10016__Node__4638,,0.0002177975470158,0.270123232906071,0.0101836582314288,4
4639,1,2,637,10007__Node__4639,,0.0,0.2410888357550119,0.0025030475733457,4
4640,1,1,823,10033__Node__4640,,0.0,0.2732996955923439,0.0130031624785455,4
4641,2,1,823,10033__Node__4641,,1.86533559249534e-05,0.2772302356076308,0.0174345626092472,4
4642,1,35,39,10019__Node__4642,,0.0,0.2289766970618034,0.000143815415508,4
4643,1,0,1017,10003__Node__4643,,0.0,0.2141900062093532,5.609007953745333e-05,2
4644,1,1,823,10033__Node__4644,,0.0,0.2732996955923439,0.0130031624785455,4
4645,2,2,637,10007__Node__4645,,0.0005470141247082,0.2420504487203161,0.0027177247767857,4
4646,1,5,257,10020__Node__4646,,0.0,0.2378170470626655,0.0049946441175549,4
4647,1,21,67,10087__Node__4647,,0.0,0.1571288149409029,4.2614267999579756e-07,4
4648,1,1,823,10033__Node__4648,,0.0,0.2732996955923439,0.0130031624785455,4
4650,1,1,823,10033__Node__4650,,0.0,0.2732996955923439,0.0130031624785455,4
4651,1,7,149,10011__Node__4651,,0.0,0.2235715504008187,0.0003635239368321,4
4652,1,50,28,10143__Node__4652,outgoing,0.0,0.221381523391319,0.0002035896601726,3
4655,1,25,61,10196__Node__4655,,0.0,0.2241220121054611,0.0003823523012146,4
4656,1,36,39,10036__Node__4656,,0.0,0.2091724380046596,0.000138947590469,4
4657,1,30,46,10037__Node__4657,,0.0,0.2200288716554201,0.0001472356960681,4
4658,2,2,637,10007__Node__4658,,0.0006964587978956,0.260938806386113,0.0026068617524108,4
4662,1,8,139,10071__Node__4662,,0.0,0.2328820665884944,0.0001403357882566,4
4664,1,23,62,10025__Node__4664,,0.0,0.2226903605042302,0.000866305280049,4
4665,2,5,257,10020__Node__4665,outgoing,0.0002274237472412,0.2572718351324828,0.0051384595330629,3
4666,3,11,128,10039__Node__4666,,2.981188660079921e-05,0.2365467210452232,0.0041358243789672,4
4667,1,21,67,10087__Node__4667,,0.0,0.1571288149409029,4.2614267999579756e-07,4
4668,2,2,637,10007__Node__4668,,0.0001327237145512,0.2631388766210302,0.0034372430988675,4
4670,1,8,139,10071__Node__4670,,0.0,0.2328820665884944,0.0001403357882566,4
4671,1,50,28,10143__Node__4671,outgoing,0.0,0.221381523391319,0.0002035896601726,3
4672,1,8,139,10071__Node__4672,,0.0,0.2328820665884944,0.0001403357882566,4
4673,1,2,637,10007__Node__4673,,0.0,0.2410888357550119,0.0025030475733457,4
4674,1,4,278,10034__Node__4674,,0.0,0.2325515381613029,0.0031177529798711,4
4678,1,14,109,10017__Node__4678,,0.0,0.2319917879013132,0.0020283762330986,4
4679,1,6,169,10047__Node__4679,,0.0,0.187348140525398,4.024558046919183e-05,2
4680,1,2,637,10007__Node__4680,,0.0,0.2410888357550119,0.0025030475733457,4
4681,2,2,637,10007__Node__4681,,0.0002147918736927,0.2687717859339758,0.0050995100735665,4
4682,1,5,257,10020__Node__4682,,0.0,0.2378170470626655,0.0049946441175549,4
4683,5,14,109,10017__Node__4683,outgoing,0.0002672951480706,0.2584486769983043,0.0165611742850246,3
4686,3,5,257,10020__Node__4686,,8.756155129591334e-05,0.2465114529657351,0.0085742744099932,4
4687,1,12,120,10077__Node__4687,,0.0,0.2249682490646346,0.0009389415002389,4
4689,2,4,278,10034__Node__4689,,2.8986501286489647e-05,0.233679181374122,0.0032876683791065,4
4690,5,13,119,10016__Node__4690,,0.0004349942452213,0.2958515776644246,0.0256191801983464,2
4693,6,62,23,10212__Node__4693,incoming,0.0002043012627567,0.250104941804999,0.0114363121263273,3
4694,2,1,823,10033__Node__4694,,3.966877315413464e-05,0.2798582347666424,0.016542991213373,4
4695,5,5,257,10020__Node__4695,,0.0006386489438107,0.2951321655333904,0.0235523604269683,4
4696,3,15,98,10055__Node__4696,,4.027044561120805e-05,0.2635833500904886,0.0107622510966364,2
4697,1,6,169,10047__Node__4697,,0.0,0.187348140525398,4.024558046919183e-05,4
4698,1,54,26,10060__Node__4698,outgoing,0.0,0.2245212565516768,0.0001038141790651,3
4699,6,26,60,10093__Node__4699,outgoing,0.0003837579647086,0.2956647268462128,0.0296624252851289,2
4700,1,7,149,10011__Node__4700,,0.0,0.2235715504008187,0.0003635239368321,4
4706,4,28,51,10051__Node__4706,,5.622961106059091e-05,0.2665853162497458,0.0124913923909251,4
4707,1,2,637,10007__Node__4707,,0.0,0.2410888357550119,0.0025030475733457,4
4708,1,41,36,10054__Node__4708,outgoing,0.0,0.2256498536753313,0.0017696887983241,2
4711,1,1,823,10033__Node__4711,,0.0,0.2732996955923439,0.0130031624785455,2
4713,1,8,139,10071__Node__4713,,0.0,0.2328820665884944,0.0001403357882566,4
4715,4,2,637,10007__Node__4715,,0.0008011650403722,0.2686616109858578,0.0050340377646621,4
4717,3,15,98,10055__Node__4717,,4.756225682206218e-05,0.2786446154500234,0.0192042514075714,3
4718,2,1,823,10033__Node__4718,,1.86533559249534e-05,0.2772302356076308,0.0174345626092472,4
4721,1,2,637,10007__Node__4721,,0.0,0.2410888357550119,0.0025030475733457,4
4723,1,33,41,10191__Node__4723,,0.0,0.2150615258408531,0.0001192682696565,4
4726,3,11,128,10039__Node__4726,,3.82831073538214e-05,0.2416221198156682,0.0069169115683843,2
4727,1,2,637,10007__Node__4727,,0.0,0.2410888357550119,0.0025030475733457,4
4728,1,21,67,10087__Node__4728,,0.0,0.1571288149409029,4.2614267999579756e-07,4
4729,1,18,70,10091__Node__4729,incoming,0.0,0.2419968245763024,0.0007304893857454,3
4732,2,13,119,10016__Node__4732,outgoing,5.1534574495268616e-05,0.2333297732208337,0.002134992348756,1
4733,1,12,120,10077__Node__4733,outandin,0.0,0.2249682490646346,0.0009389415002389,1
4734,1,48,29,10065__Node__4734,,0.0,0.2299891216619293,0.0017506178074229,3
4736,1,43,34,10153__Node__4736,outgoing,0.0,0.2200436461306026,0.0004362520125827,3
4737,1,0,1017,10003__Node__4737,,0.0,0.2141900062093532,5.609007953745333e-05,3
4738,1,21,67,10087__Node__4738,,0.0,0.1571288149409029,4.2614267999579756e-07,4
4739,2,1,823,10033__Node__4739,outgoing,5.199466674260389e-05,0.2809378884650006,0.017564324646156,3
4740,1,32,41,10009__Node__4740,,0.0,0.2170414279564195,0.0005185971463854,4
4743,3,1,823,10033__Node__4743,outgoing,0.0001188733208893,0.2780771352199924,0.0178111340082811,1
4744,1,0,1017,10003__Node__4744,,0.0,0.2141900062093532,5.609007953745333e-05,4
4749,3,1,823,10033__Node__4749,incoming,9.505136129153278e-05,0.2844247710801545,0.0219957247768577,2
4750,4,1,823,10033__Node__4750,,0.0002863737856463,0.2888879093754132,0.0210275403724768,3
4751,1,0,1017,10003__Node__4751,,0.0,0.2141900062093532,5.609007953745333e-05,4
4753,4,20,68,10147__Node__4753,outgoing,0.0003550203823992,0.2605239098461661,0.0047656718756497,1
4754,1,43,34,10153__Node__4754,incoming,0.0,0.2200436461306026,0.0004362520125827,3
4755,1,5,257,10020__Node__4755,,0.0,0.2378170470626655,0.0049946441175549,4
4757,2,41,36,10054__Node__4757,,2.061345439045477e-05,0.2752971815012391,0.0147728512768696,4
4758,1,44,34,10066__Node__4758,,0.0,0.2330145411881821,0.0001598393767306,4
4759,3,13,119,10016__Node__4759,incoming,2.869990945393469e-05,0.2417825653890139,0.0083708252349763,3
4760,2,10,129,10073__Node__4760,outgoing,5.199466674260389e-05,0.2809378884650006,0.017564324646156,1
4765,2,23,62,10025__Node__4765,,5.2822485245991e-05,0.2749276395821972,0.0138694677585945,3
4768,2,10,129,10073__Node__4768,,7.5716604805774195e-06,0.2386657441462437,0.0063308509659347,4
4769,1,0,1017,10003__Node__4769,,0.0,0.2141900062093532,5.609007953745333e-05,3
4770,1,19,70,10105__Node__4770,,0.0,0.215132118824881,0.0002413038481842,2
4771,1,5,257,10020__Node__4771,,0.0,0.2378170470626655,0.0049946441175549,3
4773,1,1,823,10033__Node__4773,,0.0,0.2732996955923439,0.0130031624785455,3
4775,4,11,128,10039__Node__4775,,0.0009127487983099,0.2438153342509579,0.006635082239631,3
4776,1,21,67,10087__Node__4776,,0.0,0.1571288149409029,4.2614267999579756e-07,4
4778,1,0,1017,10003__Node__4778,outgoing,0.0,0.2141900062093532,5.609007953745333e-05,1
4779,1,28,51,10051__Node__4779,,0.0,0.2256032494578499,0.0017939389882662,4
4780,2,25,61,10196__Node__4780,,4.480171171445999e-05,0.2356621480709071,0.0031162836528954,3
4781,3,42,35,10056__Node__4781,,8.843415179424474e-05,0.2468085106382978,0.001257557822489,4
4782,1,3,311,10032__Node__4782,,0.0,0.2376445846477392,0.0036864696028191,4
4783,2,1,823,10033__Node__4783,,0.0002800806572707,0.2749045761503292,0.0132213201566142,4
4784,1,27,52,10026__Node__4784,,0.0,0.2159117114149234,0.0002184626719269,4
4785,1,4,278,10034__Node__4785,,0.0,0.2325515381613029,0.0031177529798711,4
4787,1,18,70,10091__Node__4787,,0.0,0.2419968245763024,0.0007304893857454,3
4788,4,2,637,10007__Node__4788,,0.0007375980714611,0.2719614921780987,0.007910592126649,4
4789,1,1,823,10033__Node__4789,,0.0,0.2732996955923439,0.0130031624785455,4
4790,1,61,23,10058__Node__4790,outandin,0.0,0.2166683196138715,0.000156675670216,2
4792,1,2,637,10007__Node__4792,,0.0,0.2410888357550119,0.0025030475733457,3
4794,3,1,823,10033__Node__4794,,0.0002206330350272,0.2852169372035336,0.020168493960928,4
4795,2,25,61,10196__Node__4795,,0.0001290715363791,0.2474795151606691,0.0005226880894712,4
4796,1,2,637,10007__Node__4796,,0.0,0.2410888357550119,0.0025030475733457,4
4797,1,12,120,10077__Node__4797,,0.0,0.2249682490646346,0.0009389415002389,4
4798,1,0,1017,10003__Node__4798,,0.0,0.2141900062093532,5.609007953745333e-05,4
4799,1,6,169,10047__Node__4799,,0.0,0.187348140525398,4.024558046919183e-05,4
4804,1,8,139,10071__Node__4804,,0.0,0.2328820665884944,0.0001403357882566,4
4806,2,1,823,10033__Node__4806,outgoing,3.3181810224986895e-05,0.2751815929798043,0.0137057294487301,1
4807,2,38,38,10086__Node__4807,,3.707865881563157e-06,0.2237394599392346,0.0003845171927071,4
4808,1,0,1017,10003__Node__4808,,0.0,0.2141900062093532,5.609007953745333e-05,4
4809,3,39,37,10010__Node__4809,incoming,6.0151656334701256e-05,0.2587343571118392,0.00477231373383,3
4810,1,6,169,10047__Node__4810,outandin,0.0,0.187348140525398,4.024558046919183e-05,2
4811,2,36,39,10036__Node__4811,incoming,0.0002784221997834,0.241978955141222,0.0026419951638147,3
4812,1,0,1017,10003__Node__4812,,0.0,0.2141900062093532,5.609007953745333e-05,4
4813,1,44,34,10066__Node__4813,outgoing,0.0,0.2330145411881821,0.0001598393767306,3
4814,1,1,823,10033__Node__4814,,0.0,0.2732996955923439,0.0130031624785455,3
4816,1,12,120,10077__Node__4816,,0.0,0.2249682490646346,0.0009389415002389,4
4818,1,46,29,10119__Node__4818,,0.0,0.2183574879227053,0.0002146772034399,2
4819,1,18,70,10091__Node__4819,,0.0,0.2419968245763024,0.0007304893857454,4
4820,2,1,823,10033__Node__4820,,7.751875808169314e-05,0.2762719723475108,0.0140789460743469,3
4821,2,15,98,10055__Node__4821,,4.887809211713437e-05,0.2643914639557868,0.0094260442482566,3
4822,1,0,1017,10003__Node__4822,,0.0,0.2141900062093532,5.609007953745333e-05,4
4823,1,24,62,10108__Node__4823,,0.0,0.2187802516940948,0.0002181576780687,4
4824,1,6,169,10047__Node__4824,,0.0,0.187348140525398,4.024558046919183e-05,4
4828,1,2,637,10007__Node__4828,,0.0,0.2410888357550119,0.0025030475733457,4
4829,1,2,637,10007__Node__4829,,0.0,0.2410888357550119,0.0025030475733457,4
4830,3,11,128,10039__Node__4830,,2.8936231423126317e-05,0.2371115372092181,0.0042610359010802,4
4832,2,15,98,10055__Node__4832,,4.887809211713437e-05,0.2643914639557868,0.0094260442482566,4
4833,2,46,29,10119__Node__4833,,3.3915792976358205e-05,0.2313040409387683,0.0012904607992413,4
4834,1,2,637,10007__Node__4834,,0.0,0.2410888357550119,0.0025030475733457,4
4835,1,6,169,10047__Node__4835,,0.0,0.187348140525398,4.024558046919183e-05,4
4836,1,9,129,10006__Node__4836,,0.0,0.2452018406973699,0.0009341955255218,4
4838,8,2,637,10007__Node__4838,,0.0020251280776503,0.3017912234654878,0.0219308781508022,4
4839,1,3,311,10032__Node__4839,,0.0,0.2376445846477392,0.0036864696028191,4
4842,1,33,41,10191__Node__4842,outgoing,0.0,0.2150615258408531,0.0001192682696565,3
4844,6,4,278,10034__Node__4844,,0.0004517357031768,0.2780535403674006,0.0136617209839913,4
4845,1,0,1017,10003__Node__4845,,0.0,0.2141900062093532,5.609007953745333e-05,4
4846,2,10,129,10073__Node__4846,,1.33780867539611e-05,0.2383186065961237,0.005438982513971,4
4848,1,0,1017,10003__Node__4848,,0.0,0.2141900062093532,5.609007953745333e-05,4
4851,1,35,39,10019__Node__4851,,0.0,0.2289766970618034,0.000143815415508,4
4852,1,20,68,10147__Node__4852,,0.0,0.233695845961847,0.000266663305054,4
4853,1,53,27,10013__Node__4853,,0.0,0.210705674328886,0.0001755367846843,4
4855,2,24,62,10108__Node__4855,,0.0007020137499083,0.2415152743486752,0.0003779970547994,4
4857,2,32,41,10009__Node__4857,,5.444984180463453e-05,0.2741456477182415,0.0135217596249309,4
4858,2,17,73,10008__Node__4858,,2.205740978735619e-05,0.2375756696994961,0.0038097149474821,2
4860,2,61,23,10058__Node__4860,incoming,1.0696659804046282e-06,0.2188094681667946,0.0003751383421429,3
4861,2,1,823,10033__Node__4861,,6.644771792881665e-05,0.2741915240764757,0.0133797338775793,4
4863,2,2,637,10007__Node__4863,,0.0001024012966102,0.2456429669052884,0.0045314238064444,4
4866,4,2,637,10007__Node__4866,,0.0005358078831014,0.2582246562389189,0.0122287692577466,4
4867,1,19,70,10105__Node__4867,outgoing,0.0,0.215132118824881,0.0002413038481842,3
4868,2,6,169,10047__Node__4868,incoming,2.8492999182442007e-05,0.187551867219917,4.308726607464869e-05,3
4871,4,9,129,10006__Node__4871,incoming,0.000546652172676,0.261542759088551,0.0048585414530565,2
4872,1,50,28,10143__Node__4872,incoming,0.0,0.221381523391319,0.0002035896601726,2
4874,2,9,129,10006__Node__4874,,0.0001039877309841,0.2601929413632935,0.0046206651283409,4
4876,6,5,257,10020__Node__4876,,0.0002804335360024,0.2811548196130582,0.0193931941582642,4
4877,2,6,169,10047__Node__4877,,2.8492999182442007e-05,0.187551867219917,4.308726607464869e-05,4
4878,3,17,73,10008__Node__4878,,3.527920829876334e-05,0.2349861962640278,0.0033474680073825,3
4879,3,15,98,10055__Node__4879,outandin,7.507214724905258e-05,0.2832692224575355,0.0209743913440747,2
4880,2,11,128,10039__Node__4880,,8.841091666663159e-06,0.2357469155785763,0.0037784187072167,4
4881,3,1,823,10033__Node__4881,,9.505136129153278e-05,0.2844247710801545,0.0219957247768577,2
4882,2,0,1017,10003__Node__4882,,0.0010737142824496,0.2523001116372175,0.0002159294562681,4
4883,5,13,119,10016__Node__4883,,0.0018314228368359,0.2568081188041221,0.0096634215287067,4
4885,1,7,149,10011__Node__4885,,0.0,0.2235715504008187,0.0003635239368321,3
4888,1,56,25,10030__Node__4888,outgoing,0.0,0.2137150683144748,0.0001699153992353,2
4892,3,4,278,10034__Node__4892,,0.0001985052421642,0.2464187690341016,0.0076705278627394,3
4893,4,3,311,10032__Node__4893,,0.0004538946648603,0.298112349329088,0.0234348940063425,3
4894,2,12,120,10077__Node__4894,,0.0002847342174687,0.2431099076375236,0.0009686322542852,2
4895,4,1,823,10033__Node__4895,outgoing,0.0001599076595067,0.2871412924424972,0.0237006158812043,2
4896,1,3,311,10032__Node__4896,,0.0,0.2376445846477392,0.0036864696028191,4
4897,1,0,1017,10003__Node__4897,,0.0,0.2141900062093532,5.609007953745333e-05,4
4898,2,27,52,10026__Node__4898,,1.0696659804046282e-06,0.2188094681667946,0.0003751383421429,4
4901,1,0,1017,10003__Node__4901,,0.0,0.2141900062093532,5.609007953745333e-05,4
4902,3,1,823,10033__Node__4902,incoming,9.636721584830038e-05,0.278620924201845,0.0183008678892963,2
4904,2,12,120,10077__Node__4904,,2.9427151371145376e-05,0.2495526025206564,0.0016694308859843,4
4905,1,2,637,10007__Node__4905,,0.0,0.2410888357550119,0.0025030475733457,4
4906,2,1,823,10033__Node__4906,,0.0001029283087548,0.2792144165637115,0.0150315387116441,4
4907,2,9,129,10006__Node__4907,,5.194145938329788e-05,0.2570095290380769,0.0053655956562235,4
4911,1,2,637,10007__Node__4911,,0.0,0.2410888357550119,0.0025030475733457,4
4913,2,5,257,10020__Node__4913,,4.887809211713437e-05,0.2643914639557868,0.0094260442482566,4
4915,1,26,60,10093__Node__4915,,0.0,0.2539621033053048,0.0035398287348275,4
4918,1,25,61,10196__Node__4918,outandin,0.0,0.2241220121054611,0.0003823523012146,0
4919,1,62,23,10212__Node__4919,outandin,0.0,0.228274877224757,0.0008778203463604,0
4922,4,15,98,10055__Node__4922,outgoing,0.000251051877475,0.2864886130174411,0.0220594013425666,2
4923,1,3,311,10032__Node__4923,,0.0,0.2376445846477392,0.0036864696028191,4
4924,2,15,98,10055__Node__4924,,1.86533559249534e-05,0.2772302356076308,0.0174345626092472,3
4925,1,0,1017,10003__Node__4925,,0.0,0.2141900062093532,5.609007953745333e-05,4
4926,1,3,311,10032__Node__4926,outgoing,0.0,0.2376445846477392,0.0036864696028191,3
4927,1,6,169,10047__Node__4927,,0.0,0.187348140525398,4.024558046919183e-05,4
4928,2,3,311,10032__Node__4928,,2.295239356586012e-05,0.2389267616929751,0.0042632971373727,4
4931,1,60,23,10057__Node__4931,incoming,0.0,0.237610122176703,0.0007025669701846,1
4932,1,2,637,10007__Node__4932,,0.0,0.2410888357550119,0.0025030475733457,4
4934,5,11,128,10039__Node__4934,,0.0002150150297154,0.2742603674101351,0.0142687880038004,4
4935,1,44,34,10066__Node__4935,outgoing,0.0,0.2330145411881821,0.0001598393767306,3
4937,3,62,23,10212__Node__4937,outandin,3.866845440674301e-05,0.2417290598605835,0.0074673587470696,0
4939,1,24,62,10108__Node__4939,,0.0,0.2187802516940948,0.0002181576780687,4
4944,1,0,1017,10003__Node__4944,,0.0,0.2141900062093532,5.609007953745333e-05,4
4945,3,1,823,10033__Node__4945,,0.000155621860279,0.2844988496766072,0.0185587152924726,3
4946,1,1,823,10033__Node__4946,,0.0,0.2732996955923439,0.0130031624785455,4
4951,2,1,823,10033__Node__4951,,1.86533559249534e-05,0.2772302356076308,0.0174345626092472,4
4953,1,13,119,10016__Node__4953,incoming,0.0,0.2325185369141802,0.0020157240790995,3
4954,1,21,67,10087__Node__4954,,0.0,0.1571288149409029,4.2614267999579756e-07,4
4956,2,62,23,10212__Node__4956,outandin,6.132797257031193e-06,0.2301183244970331,0.001454647880914,0
4957,2,9,129,10006__Node__4957,outgoing,0.0001327237145512,0.2631388766210302,0.0034372430988675,1
4958,1,37,38,10148__Node__4958,,0.0,0.2213964800864777,0.0004140669828814,4
4960,2,12,120,10077__Node__4960,,3.7944212457661925e-05,0.2298117044777166,0.0011536187036788,4
4961,1,35,39,10019__Node__4961,,0.0,0.2289766970618034,0.000143815415508,4
4962,1,34,40,10070__Node__4962,,0.0,0.2028913723183605,8.76295195538406e-05,4
4963,1,33,41,10191__Node__4963,,0.0,0.2150615258408531,0.0001192682696565,4
4967,3,15,98,10055__Node__4967,,9.505136129153278e-05,0.2844247710801545,0.0219957247768577,4
4968,1,34,40,10070__Node__4968,,0.0,0.2028913723183605,8.76295195538406e-05,4
4969,1,2,637,10007__Node__4969,,0.0,0.2410888357550119,0.0025030475733457,4
4970,1,1,823,10033__Node__4970,incoming,0.0,0.2732996955923439,0.0130031624785455,2
4971,3,2,637,10007__Node__4971,,0.000402590096889,0.2783133041742749,0.0082172630534376,4
4974,1,2,637,10007__Node__4974,,0.0,0.2410888357550119,0.0025030475733457,4
4975,1,53,27,10013__Node__4975,,0.0,0.210705674328886,0.0001755367846843,4
4977,2,2,637,10007__Node__4977,,0.0002670167910581,0.2686616109858578,0.0069344477040474,4
4979,1,4,278,10034__Node__4979,,0.0,0.2325515381613029,0.0031177529798711,4
4980,1,6,169,10047__Node__4980,,0.0,0.187348140525398,4.024558046919183e-05,4
4981,2,1,823,10033__Node__4981,,0.0001376415845089,0.2749276395821972,0.0134172294614269,4
4982,5,10,129,10073__Node__4982,,0.0001169781967575,0.2713759264626723,0.0140612805670418,3
4983,1,2,637,10007__Node__4983,,0.0,0.2410888357550119,0.0025030475733457,4
4984,2,1,823,10033__Node__4984,outandin,2.7840029723779493e-05,0.2778884884460462,0.0155996249787662,0
4986,1,2,637,10007__Node__4986,,0.0,0.2410888357550119,0.0025030475733457,4
4989,1,12,120,10077__Node__4989,,0.0,0.2249682490646346,0.0009389415002389,4
4990,1,16,80,10149__Node__4990,,0.0,0.2240147656970981,0.0003661790249382,3
4991,1,9,129,10006__Node__4991,outgoing,0.0,0.2452018406973699,0.0009341955255218,1
4992,4,13,119,10016__Node__4992,,0.0002032292807531,0.2862133717629591,0.0220467491885675,4
4993,5,3,311,10032__Node__4993,,0.0001487080776248,0.2486625943772053,0.0109400469616576,4
4994,1,1,823,10033__Node__4994,,0.0,0.2732996955923439,0.0130031624785455,4
4996,1,3,311,10032__Node__4996,,0.0,0.2376445846477392,0.0036864696028191,4
4998,1,7,149,10011__Node__4998,,0.0,0.2235715504008187,0.0003635239368321,4
5000,3,26,60,10093__Node__5000,incoming,0.0002811199769398,0.2580822996652884,0.0054936070998245,2
5002,1,29,49,10088__Node__5002,outgoing,0.0,0.2172428651927475,0.000151646172097,2
5003,1,35,39,10019__Node__5003,incoming,0.0,0.2289766970618034,0.000143815415508,3
5004,4,1,823,10033__Node__5004,,0.0002113825521649,0.2851424842288449,0.0225143219232432,4
5006,1,22,64,10053__Node__5006,,0.0,0.2264607304516084,0.0010652272368323,4
5007,1,20,68,10147__Node__5007,,0.0,0.233695845961847,0.000266663305054,4
5008,3,13,119,10016__Node__5008,,9.28666775321886e-05,0.2449452479724931,0.0080755954334868,4
5010,1,3,311,10032__Node__5010,,0.0,0.2376445846477392,0.0036864696028191,4
5012,1,0,1017,10003__Node__5012,,0.0,0.2141900062093532,5.609007953745333e-05,4
5013,2,1,823,10033__Node__5013,,7.751875808169314e-05,0.2762719723475108,0.0140789460743469,4
5015,1,6,169,10047__Node__5015,incoming,0.0,0.187348140525398,4.024558046919183e-05,1
5016,1,1,823,10033__Node__5016,outgoing,0.0,0.2732996955923439,0.0130031624785455,1
5018,1,2,637,10007__Node__5018,,0.0,0.2410888357550119,0.0025030475733457,4
5019,1,6,169,10047__Node__5019,incoming,0.0,0.187348140525398,4.024558046919183e-05,3
5020,1,12,120,10077__Node__5020,,0.0,0.2249682490646346,0.0009389415002389,3
5022,1,5,257,10020__Node__5022,outgoing,0.0,0.2378170470626655,0.0049946441175549,3
5023,2,7,149,10011__Node__5023,,0.0002429287141568,0.2262106098781624,0.000451153456386,4
5024,1,6,169,10047__Node__5024,,0.0,0.187348140525398,4.024558046919183e-05,4
5028,1,3,311,10032__Node__5028,,0.0,0.2376445846477392,0.0036864696028191,4
5029,1,9,129,10006__Node__5029,,0.0,0.2452018406973699,0.0009341955255218,4
5031,1,2,637,10007__Node__5031,outgoing,0.0,0.2410888357550119,0.0025030475733457,3
5033,1,1,823,10033__Node__5033,outgoing,0.0,0.2732996955923439,0.0130031624785455,3
5034,3,3,311,10032__Node__5034,outgoing,0.0018266765352233,0.2612925088705498,0.0040596764116858,1
5035,1,38,38,10086__Node__5035,,0.0,0.2219663358959596,0.0002328710206101,4
5036,1,1,823,10033__Node__5036,,0.0,0.2732996955923439,0.0130031624785455,4
5040,5,4,278,10034__Node__5040,outgoing,0.0014463906640374,0.2687938317680351,0.0099433251932946,1
5041,1,3,311,10032__Node__5041,,0.0,0.2376445846477392,0.0036864696028191,4
5043,1,46,29,10119__Node__5043,,0.0,0.2183574879227053,0.0002146772034399,2
5044,4,5,257,10020__Node__5044,,0.0001420245449294,0.2725949340764463,0.0132280523811876,4
5045,1,21,67,10087__Node__5045,,0.0,0.1571288149409029,4.2614267999579756e-07,4
5046,1,2,637,10007__Node__5046,,0.0,0.2410888357550119,0.0025030475733457,4
5047,2,12,120,10077__Node__5047,outgoing,2.9427151371145376e-05,0.2495526025206564,0.0016694308859843,2
5048,1,3,311,10032__Node__5048,,0.0,0.2376445846477392,0.0036864696028191,4
5051,2,7,149,10011__Node__5051,,7.035433063396839e-05,0.22705698943357,0.0007580754599989,4
5053,1,13,119,10016__Node__5053,outgoing,0.0,0.2325185369141802,0.0020157240790995,3
5056,1,7,149,10011__Node__5056,,0.0,0.2235715504008187,0.0003635239368321,3
5057,1,0,1017,10003__Node__5057,,0.0,0.2141900062093532,5.609007953745333e-05,4
5058,1,33,41,10191__Node__5058,,0.0,0.2150615258408531,0.0001192682696565,4
5059,4,5,257,10020__Node__5059,,0.000237904756721,0.2680462966749826,0.0109158948269394,4
5060,1,16,80,10149__Node__5060,,0.0,0.2240147656970981,0.0003661790249382,4
5063,5,48,29,10065__Node__5063,outandin,0.0010741628703012,0.2725722603451861,0.0071317992692693,2
5064,1,10,129,10073__Node__5064,outandin,0.0,0.2364613774939567,0.0045611621676105,1
5065,1,3,311,10032__Node__5065,,0.0,0.2376445846477392,0.0036864696028191,4
5066,1,2,637,10007__Node__5066,,0.0,0.2410888357550119,0.0025030475733457,4
5068,1,57,25,10298__Node__5068,incoming,0.0,0.2189702983528783,0.0003574056717505,3
5069,1,2,637,10007__Node__5069,,0.0,0.2410888357550119,0.0025030475733457,4
5071,3,41,36,10054__Node__5071,,4.756225682206218e-05,0.2786446154500234,0.0192042514075714,4
5072,1,23,62,10025__Node__5072,,0.0,0.2226903605042302,0.000866305280049,4
5073,3,51,28,10031__Node__5073,outgoing,0.0001183355462847,0.2453670772340983,0.0098332230607545,2
5074,3,42,35,10056__Node__5074,outandin,6.257495220237939e-05,0.2347673460615395,0.0020349634315696,1
5075,1,1,823,10033__Node__5075,outgoing,0.0,0.2732996955923439,0.0130031624785455,2
5076,3,1,823,10033__Node__5076,,0.0007018681157644,0.2790717479242069,0.0175862087813442,4
5079,2,5,257,10020__Node__5079,,8.071086790863197e-05,0.2394330179373835,0.0051982337777275,4
5081,1,0,1017,10003__Node__5081,,0.0,0.2141900062093532,5.609007953745333e-05,4
5082,1,3,311,10032__Node__5082,,0.0,0.2376445846477392,0.0036864696028191,4
5083,1,2,637,10007__Node__5083,,0.0,0.2410888357550119,0.0025030475733457,4
5084,1,50,28,10143__Node__5084,outgoing,0.0,0.221381523391319,0.0002035896601726,3
5085,1,3,311,10032__Node__5085,,0.0,0.2376445846477392,0.0036864696028191,4
5086,1,15,98,10055__Node__5086,,0.0,0.2521836161452922,0.0044314001307017,2
5087,2,7,149,10011__Node__5087,,0.000249177913812,0.2582043099712406,0.0039033526716597,4
5088,1,20,68,10147__Node__5088,,0.0,0.233695845961847,0.000266663305054,4
5089,1,24,62,10108__Node__5089,,0.0,0.2187802516940948,0.0002181576780687,4
5090,2,1,823,10033__Node__5090,,0.0001738664104425,0.2776059977127366,0.0140683897153778,3
5092,5,42,35,10056__Node__5092,,0.0007414413538715,0.262128544574651,0.0050595484397095,3
5093,1,3,311,10032__Node__5093,,0.0,0.2376445846477392,0.0036864696028191,4
5094,2,3,311,10032__Node__5094,,0.0001850907543993,0.2403638097333773,0.0041227216154019,4
5095,1,3,311,10032__Node__5095,,0.0,0.2376445846477392,0.0036864696028191,4
5096,1,2,637,10007__Node__5096,,0.0,0.2410888357550119,0.0025030475733457,4
5103,1,0,1017,10003__Node__5103,,0.0,0.2141900062093532,5.609007953745333e-05,4
5104,1,0,1017,10003__Node__5104,,0.0,0.2141900062093532,5.609007953745333e-05,4
5106,5,15,98,10055__Node__5106,,0.0001763512712461,0.2666720917931399,0.0118872920055486,4
5107,4,1,823,10033__Node__5107,,0.0001315319226692,0.2856146772998649,0.0237654135751819,4
5112,2,14,109,10017__Node__5112,,8.921716671316898e-06,0.2354589545536195,0.0037789940405215,3
5113,1,23,62,10025__Node__5113,outgoing,0.0,0.2226903605042302,0.000866305280049,2
5115,1,11,128,10039__Node__5115,,0.0,0.2339461003034089,0.0027339313516807,4
5117,1,20,68,10147__Node__5117,,0.0,0.233695845961847,0.000266663305054,4
5119,1,8,139,10071__Node__5119,,0.0,0.2328820665884944,0.0001403357882566,4
5120,2,58,24,10115__Node__5120,incoming,2.2153521991452537e-05,0.2549698502236919,0.0029910140233875,3
5121,1,4,278,10034__Node__5121,,0.0,0.2325515381613029,0.0031177529798711,4
5124,1,12,120,10077__Node__5124,,0.0,0.2249682490646346,0.0009389415002389,2
5125,1,2,637,10007__Node__5125,,0.0,0.2410888357550119,0.0025030475733457,4
5126,1,13,119,10016__Node__5126,outgoing,0.0,0.2325185369141802,0.0020157240790995,2
5127,2,49,28,10014__Node__5127,,2.8492999182442007e-05,0.187551867219917,4.308726607464869e-05,4
5130,2,1,823,10033__Node__5130,,9.987258965988197e-05,0.2743292453225064,0.0132805792541345,4
5131,1,2,637,10007__Node__5131,,0.0,0.2410888357550119,0.0025030475733457,4
5132,2,14,109,10017__Node__5132,,0.0001029283087548,0.2792144165637115,0.0150315387116441,4
5137,1,0,1017,10003__Node__5137,,0.0,0.2141900062093532,5.609007953745333e-05,4
5138,1,1,823,10033__Node__5138,,0.0,0.2732996955923439,0.0130031624785455,4
5139,1,1,823,10033__Node__5139,incoming,0.0,0.2732996955923439,0.0130031624785455,3
5140,1,0,1017,10003__Node__5140,,0.0,0.2141900062093532,5.609007953745333e-05,4
5141,2,2,637,10007__Node__5141,,0.0002872051583721,0.2420683287165281,0.0026223158430022,4
5142,5,48,29,10065__Node__5142,,0.0006555255475279,0.3015135483277361,0.0261191650362693,4
5143,7,10,129,10073__Node__5143,outgoing,0.0022978191567517,0.3007939786130616,0.0252970011787354,2
5144,1,8,139,10071__Node__5144,,0.0,0.2328820665884944,0.0001403357882566,4
5147,2,2,637,10007__Node__5147,outgoing,3.596598316896779e-05,0.2417468924052967,0.0026729629725811,1
5149,2,16,80,10149__Node__5149,,2.4099717806825447e-05,0.2295059004797422,0.0014314062617705,3
5150,2,14,109,10017__Node__5150,,1.9577809926411988e-05,0.2418717939255268,0.0070230203506535,3
5152,1,2,637,10007__Node__5152,,0.0,0.2410888357550119,0.0025030475733457,4
5153,4,60,23,10057__Node__5153,,0.0001217187858775,0.2677615720880827,0.0097182831912498,4
5154,1,11,128,10039__Node__5154,outgoing,0.0,0.2339461003034089,0.0027339313516807,1
5156,2,1,823,10033__Node__5156,,7.751875808169314e-05,0.2762719723475108,0.0140789460743469,4
5157,1,0,1017,10003__Node__5157,,0.0,0.2141900062093532,5.609007953745333e-05,4
5158,5,1,823,10033__Node__5158,outgoing,0.0002623381378368,0.286990410299076,0.024631718855231,3
5160,1,1,823,10033__Node__5160,outgoing,0.0,0.2732996955923439,0.0130031624785455,3
5161,1,59,24,10139__Node__5161,,0.0,0.2061200742208384,3.899223398533341e-05,4
5162,1,16,80,10149__Node__5162,,0.0,0.2240147656970981,0.0003661790249382,4
5164,1,16,80,10149__Node__5164,,0.0,0.2240147656970981,0.0003661790249382,4
5165,4,17,73,10008__Node__5165,outandin,0.0004721966634572,0.2354927958032409,0.0031176205829508,0
5166,2,61,23,10058__Node__5166,,1.0696659804046282e-06,0.2188094681667946,0.0003751383421429,4
5167,1,2,637,10007__Node__5167,,0.0,0.2410888357550119,0.0025030475733457,4
5168,1,1,823,10033__Node__5168,,0.0,0.2732996955923439,0.0130031624785455,3
5169,1,4,278,10034__Node__5169,,0.0,0.2325515381613029,0.0031177529798711,4
5170,3,29,49,10088__Node__5170,,0.0001058172691088,0.2274983512096914,0.0007985841755885,4
5173,1,30,46,10037__Node__5173,,0.0,0.2200288716554201,0.0001472356960681,4
5175,1,2,637,10007__Node__5175,,0.0,0.2410888357550119,0.0025030475733457,4
5176,1,2,637,10007__Node__5176,,0.0,0.2410888357550119,0.0025030475733457,4
5177,1,18,70,10091__Node__5177,,0.0,0.2419968245763024,0.0007304893857454,3
5178,2,51,28,10031__Node__5178,outgoing,0.0002190398339659,0.2429116785886364,0.0004372561523197,3
5179,1,14,109,10017__Node__5179,outandin,0.0,0.2319917879013132,0.0020283762330986,0
5181,1,1,823,10033__Node__5181,outandin,0.0,0.2732996955923439,0.0130031624785455,2
5183,1,26,60,10093__Node__5183,,0.0,0.2539621033053048,0.0035398287348275,4
5186,3,10,129,10073__Node__5186,,0.0001121175849926,0.2854156686844053,0.0211041533809836,4
5187,1,6,169,10047__Node__5187,,0.0,0.187348140525398,4.024558046919183e-05,4
5189,1,3,311,10032__Node__5189,,0.0,0.2376445846477392,0.0036864696028191,4
5190,2,3,311,10032__Node__5190,,7.817087455976053e-05,0.2390313286407235,0.0039277734510033,4
5191,1,62,23,10212__Node__5191,outandin,0.0,0.228274877224757,0.0008778203463604,0
5192,1,1,823,10033__Node__5192,,0.0,0.2732996955923439,0.0130031624785455,4
5194,1,3,311,10032__Node__5194,,0.0,0.2376445846477392,0.0036864696028191,4
5195,8,1,823,10033__Node__5195,outandin,0.0009044170947577,0.2985740968520796,0.0328372993986675,0
5196,1,8,139,10071__Node__5196,,0.0,0.2328820665884944,0.0001403357882566,4
5197,3,5,257,10020__Node__5197,,0.0002481757440508,0.2398711708084763,0.005379161310262,4
5198,1,2,637,10007__Node__5198,,0.0,0.2410888357550119,0.0025030475733457,4
5200,2,11,128,10039__Node__5200,,8.841091666663159e-06,0.2357469155785763,0.0037784187072167,4
5203,1,1,823,10033__Node__5203,,0.0,0.2732996955923439,0.0130031624785455,4
5204,4,10,129,10073__Node__5204,outandin,0.0002073950776831,0.2742833228708935,0.0138261244057385,2
5205,1,19,70,10105__Node__5205,,0.0,0.215132118824881,0.0002413038481842,4
5206,3,28,51,10051__Node__5206,,2.476966003850004e-05,0.2625485718863918,0.0089515636560975,3
5207,1,40,36,10052__Node__5207,,0.0,0.2282430785303848,0.0010444873555359,4
5208,1,23,62,10025__Node__5208,,0.0,0.2226903605042302,0.000866305280049,4
5211,1,2,637,10007__Node__5211,,0.0,0.2410888357550119,0.0025030475733457,4
5212,1,1,823,10033__Node__5212,outgoing,0.0,0.2732996955923439,0.0130031624785455,1
5214,1,10,129,10073__Node__5214,,0.0,0.2364613774939567,0.0045611621676105,3
5215,2,19,70,10105__Node__5215,,7.817087455976053e-05,0.2390313286407235,0.0039277734510033,4
5218,4,28,51,10051__Node__5218,incoming,6.089493011686504e-05,0.2658068702599667,0.010597496860889,3
5219,7,4,278,10034__Node__5219,,0.0012787990527297,0.3063905380767612,0.0288791702411628,4
5220,1,43,34,10153__Node__5220,,0.0,0.2200436461306026,0.0004362520125827,4
5221,1,1,823,10033__Node__5221,outgoing,0.0,0.2732996955923439,0.0130031624785455,1
5223,2,3,311,10032__Node__5223,,2.001961231327934e-05,0.2411065739616672,0.0054370874102421,3
5224,1,3,311,10032__Node__5224,,0.0,0.2376445846477392,0.0036864696028191,4
5225,1,21,67,10087__Node__5225,,0.0,0.1571288149409029,4.2614267999579756e-07,4
5226,4,1,823,10033__Node__5226,,0.0003128477978324,0.2831713112983365,0.0187509971845207,4
5227,2,1,823,10033__Node__5227,,8.449146115162255e-05,0.2785735537892634,0.015018886557645,3
5228,1,2,637,10007__Node__5228,,0.0,0.2410888357550119,0.0025030475733457,4
5229,2,4,278,10034__Node__5229,,4.274619498308611e-05,0.2525334258081917,0.0038203199500558,3
5230,1,48,29,10065__Node__5230,outandin,0.0,0.2299891216619293,0.0017506178074229,0
5232,1,42,35,10056__Node__5232,outgoing,0.0,0.2216210732762993,0.0005768275345536,1
5233,1,43,34,10153__Node__5233,,0.0,0.2200436461306026,0.0004362520125827,4
5234,1,19,70,10105__Node__5234,,0.0,0.215132118824881,0.0002413038481842,4
5236,2,32,41,10009__Node__5236,,5.444984180463453e-05,0.2741456477182415,0.0135217596249309,4
5237,6,9,129,10006__Node__5237,outandin,0.000658193694398,0.2909914309816632,0.021374178888013,0
5238,1,22,64,10053__Node__5238,,0.0,0.2264607304516084,0.0010652272368323,4
5242,2,1,823,10033__Node__5242,,0.0001139412395459,0.2774649676135642,0.0139421039787844,3
5243,1,0,1017,10003__Node__5243,,0.0,0.2141900062093532,5.609007953745333e-05,4
5245,1,6,169,10047__Node__5245,outgoing,0.0,0.187348140525398,4.024558046919183e-05,1
5246,2,14,109,10017__Node__5246,,2.4250368548329885e-05,0.2404343519571517,0.0051461292129698,2
5247,1,21,67,10087__Node__5247,,0.0,0.1571288149409029,4.2614267999579756e-07,4
5249,1,62,23,10212__Node__5249,outgoing,0.0,0.228274877224757,0.0008778203463604,1
5252,2,2,637,10007__Node__5252,,0.000128954277611,0.2440513870787563,0.0035682748101781,4
5253,2,0,1017,10003__Node__5253,,0.0010737142824496,0.2523001116372175,0.0002159294562681,4
5254,1,19,70,10105__Node__5254,,0.0,0.215132118824881,0.0002413038481842,4
5255,1,20,68,10147__Node__5255,,0.0,0.233695845961847,0.000266663305054,4
5257,1,3,311,10032__Node__5257,,0.0,0.2376445846477392,0.0036864696028191,4
5258,1,3,311,10032__Node__5258,,0.0,0.2376445846477392,0.0036864696028191,4
5260,1,0,1017,10003__Node__5260,,0.0,0.2141900062093532,5.609007953745333e-05,4
5264,2,29,49,10088__Node__5264,,3.707865881563157e-06,0.2237394599392346,0.0003845171927071,4
5265,1,15,98,10055__Node__5265,outgoing,0.0,0.2521836161452922,0.0044314001307017,3
5266,1,0,1017,10003__Node__5266,,0.0,0.2141900062093532,5.609007953745333e-05,4
5267,1,6,169,10047__Node__5267,incoming,0.0,0.187348140525398,4.024558046919183e-05,2
5268,3,1,823,10033__Node__5268,,0.0001329857746015,0.2757373048929277,0.0142460391576284,4
5269,2,41,36,10054__Node__5269,,1.2139816065848208e-05,0.2570901816184835,0.0053095175331517,3
5272,1,62,23,10212__Node__5272,outandin,0.0,0.228274877224757,0.0008778203463604,0
5273,1,22,64,10053__Node__5273,,0.0,0.2264607304516084,0.0010652272368323,4
5275,1,16,80,10149__Node__5275,,0.0,0.2240147656970981,0.0003661790249382,4
5277,1,5,257,10020__Node__5277,,0.0,0.2378170470626655,0.0049946441175549,4
5278,2,44,34,10066__Node__5278,outgoing,9.87255287125778e-06,0.2363079141878493,0.0002636535557958,3
5279,2,5,257,10020__Node__5279,,0.0001089259368834,0.2849936948297604,0.0179978065961004,4
5282,3,50,28,10143__Node__5282,outgoing,0.0001390753408499,0.2415330753639211,0.0062740173735289,1
5283,2,18,70,10091__Node__5283,,0.0001935139920497,0.2477976483042837,0.0011667413983282,4
5284,2,2,637,10007__Node__5284,,0.0001327237145512,0.2631388766210302,0.0034372430988675,4
5285,1,14,109,10017__Node__5285,,0.0,0.2319917879013132,0.0020283762330986,3
5287,2,28,51,10051__Node__5287,,6.659295774559436e-06,0.2558856830515754,0.0053337677230938,4
5289,1,5,257,10020__Node__5289,,0.0,0.2378170470626655,0.0049946441175549,2
5290,2,35,39,10019__Node__5290,,4.89619722471539e-05,0.2530795072788354,0.0045752155462097,4
5291,1,2,637,10007__Node__5291,,0.0,0.2410888357550119,0.0025030475733457,4
5293,1,7,149,10011__Node__5293,,0.0,0.2235715504008187,0.0003635239368321,4
5294,1,2,637,10007__Node__5294,,0.0,0.2410888357550119,0.0025030475733457,4
5295,1,1,823,10033__Node__5295,,0.0,0.2732996955923439,0.0130031624785455,4
5296,1,2,637,10007__Node__5296,,0.0,0.2410888357550119,0.0025030475733457,4
5299,1,19,70,10105__Node__5299,incoming,0.0,0.215132118824881,0.0002413038481842,2
5302,1,19,70,10105__Node__5302,,0.0,0.215132118824881,0.0002413038481842,4
5303,1,0,1017,10003__Node__5303,,0.0,0.2141900062093532,5.609007953745333e-05,4
5306,1,0,1017,10003__Node__5306,,0.0,0.2141900062093532,5.609007953745333e-05,4
5307,1,2,637,10007__Node__5307,,0.0,0.2410888357550119,0.0025030475733457,4
5308,1,3,311,10032__Node__5308,,0.0,0.2376445846477392,0.0036864696028191,4
5309,2,22,64,10053__Node__5309,,2.5825749915062778e-05,0.2277988252059365,0.0013065310850166,3
5311,1,0,1017,10003__Node__5311,,0.0,0.2141900062093532,5.609007953745333e-05,4
5315,1,3,311,10032__Node__5315,,0.0,0.2376445846477392,0.0036864696028191,4
5318,8,39,37,10010__Node__5318,incoming,0.0020629040825107,0.3024876540360917,0.0249556127559414,1
5319,2,3,311,10032__Node__5319,outgoing,4.388424077863234e-05,0.2455509347720205,0.0082476317704297,3
5320,1,48,29,10065__Node__5320,,0.0,0.2299891216619293,0.0017506178074229,4
5321,2,3,311,10032__Node__5321,,2.2026450600214655e-05,0.2436159536111214,0.0068042225826903,3
5322,3,16,80,10149__Node__5322,,0.0005645280926154,0.2803850267379679,0.0159658040037044,3
5323,1,8,139,10071__Node__5323,,0.0,0.2328820665884944,0.0001403357882566,4
5324,1,0,1017,10003__Node__5324,,0.0,0.2141900062093532,5.609007953745333e-05,4
5325,1,7,149,10011__Node__5325,,0.0,0.2235715504008187,0.0003635239368321,4
5326,2,3,311,10032__Node__5326,,7.817087455976053e-05,0.2390313286407235,0.0039277734510033,4
5328,1,0,1017,10003__Node__5328,outgoing,0.0,0.2141900062093532,5.609007953745333e-05,2
5329,1,8,139,10071__Node__5329,,0.0,0.2328820665884944,0.0001403357882566,4
5330,2,1,823,10033__Node__5330,,1.86533559249534e-05,0.2772302356076308,0.0174345626092472,4
5331,3,23,62,10025__Node__5331,,9.636721584830038e-05,0.278620924201845,0.0183008678892963,4
5333,1,3,311,10032__Node__5333,outgoing,0.0,0.2376445846477392,0.0036864696028191,3
5334,1,1,823,10033__Node__5334,,0.0,0.2732996955923439,0.0130031624785455,2
5335,1,2,637,10007__Node__5335,,0.0,0.2410888357550119,0.0025030475733457,4
5338,4,1,823,10033__Node__5338,,0.0007109517270578,0.2914832110295752,0.0228654587393849,4
5339,4,5,257,10020__Node__5339,,0.0002441259950804,0.2514290098592089,0.0126559166617844,4
5340,1,14,109,10017__Node__5340,outgoing,0.0,0.2319917879013132,0.0020283762330986,1
5342,2,9,129,10006__Node__5342,,0.0001327237145512,0.2631388766210302,0.0034372430988675,2
5347,1,2,637,10007__Node__5347,,0.0,0.2410888357550119,0.0025030475733457,4
5348,1,1,823,10033__Node__5348,outgoing,0.0,0.2732996955923439,0.0130031624785455,3
5349,1,18,70,10091__Node__5349,,0.0,0.2419968245763024,0.0007304893857454,4
5350,1,22,64,10053__Node__5350,,0.0,0.2264607304516084,0.0010652272368323,4
5351,1,43,34,10153__Node__5351,,0.0,0.2200436461306026,0.0004362520125827,4
5352,1,11,128,10039__Node__5352,,0.0,0.2339461003034089,0.0027339313516807,4
5353,2,61,23,10058__Node__5353,,6.500933344468811e-05,0.2387526866052238,0.0051513197877709,4
5355,1,19,70,10105__Node__5355,,0.0,0.215132118824881,0.0002413038481842,4
5356,2,17,73,10008__Node__5356,,3.3399193633902915e-05,0.2314020407442714,0.0012230192918695,3
5357,1,16,80,10149__Node__5357,,0.0,0.2240147656970981,0.0003661790249382,4
5359,1,4,278,10034__Node__5359,,0.0,0.2325515381613029,0.0031177529798711,4
5360,6,39,37,10010__Node__5360,incoming,0.0002538273257514,0.2789054853398017,0.0188796035176112,3
5361,1,3,311,10032__Node__5361,,0.0,0.2376445846477392,0.0036864696028191,4
5362,2,1,823,10033__Node__5362,,0.0003823355914251,0.2757837155480749,0.0133693415034837,4
5363,1,1,823,10033__Node__5363,,0.0,0.2732996955923439,0.0130031624785455,3
5365,1,22,64,10053__Node__5365,outgoing,0.0,0.2264607304516084,0.0010652272368323,2
5367,1,0,1017,10003__Node__5367,,0.0,0.2141900062093532,5.609007953745333e-05,4
5369,1,14,109,10017__Node__5369,,0.0,0.2319917879013132,0.0020283762330986,4
5370,1,47,29,10041__Node__5370,,0.0,0.2211424908054121,0.0004618773125671,4
5371,1,24,62,10108__Node__5371,,0.0,0.2187802516940948,0.0002181576780687,4
5376,1,0,1017,10003__Node__5376,,0.0,0.2141900062093532,5.609007953745333e-05,4
5380,1,3,311,10032__Node__5380,,0.0,0.2376445846477392,0.0036864696028191,3
5383,1,8,139,10071__Node__5383,,0.0,0.2328820665884944,0.0001403357882566,4
5384,1,54,26,10060__Node__5384,outgoing,0.0,0.2245212565516768,0.0001038141790651,1
5385,1,9,129,10006__Node__5385,,0.0,0.2452018406973699,0.0009341955255218,4
5386,1,40,36,10052__Node__5386,,0.0,0.2282430785303848,0.0010444873555359,4
5387,1,5,257,10020__Node__5387,outandin,0.0,0.2378170470626655,0.0049946441175549,2
5388,2,35,39,10019__Node__5388,,0.0003321406944348,0.2610635331607249,0.0026468629888537,4
5390,3,56,25,10030__Node__5390,outgoing,0.0001014494724626,0.2370429310282469,0.0039690739877485,2
5391,1,3,311,10032__Node__5391,,0.0,0.2376445846477392,0.0036864696028191,4
5392,2,9,129,10006__Node__5392,,0.000157966221756,0.2777000974534977,0.0139373580040673,2
5393,1,2,637,10007__Node__5393,outgoing,0.0,0.2410888357550119,0.0025030475733457,2
5394,1,2,637,10007__Node__5394,,0.0,0.2410888357550119,0.0025030475733457,4
5395,1,19,70,10105__Node__5395,,0.0,0.215132118824881,0.0002413038481842,4
5396,1,47,29,10041__Node__5396,,0.0,0.2211424908054121,0.0004618773125671,4
5398,1,0,1017,10003__Node__5398,,0.0,0.2141900062093532,5.609007953745333e-05,4
5400,3,5,257,10020__Node__5400,incoming,0.0001619934447,0.2428216813011744,0.0069054367531399,3
5401,1,9,129,10006__Node__5401,,0.0,0.2452018406973699,0.0009341955255218,4
5405,1,8,139,10071__Node__5405,,0.0,0.2328820665884944,0.0001403357882566,4
5406,3,38,38,10086__Node__5406,,0.0001250096880116,0.2421040966347752,0.0069781329455879,4
5407,2,11,128,10039__Node__5407,,1.446271578084392e-05,0.241639936585186,0.0064204009544999,3
5408,1,0,1017,10003__Node__5408,,0.0,0.2141900062093532,5.609007953745333e-05,4
5410,1,3,311,10032__Node__5410,,0.0,0.2376445846477392,0.0036864696028191,3
5411,1,3,311,10032__Node__5411,,0.0,0.2376445846477392,0.0036864696028191,4
5414,4,1,823,10033__Node__5414,,0.0002914938277354,0.2832202584157988,0.0195160251126277,4
5416,4,29,49,10088__Node__5416,outgoing,0.0011166998174091,0.2739393939393939,0.0063981121404429,3
5417,1,2,637,10007__Node__5417,,0.0,0.2410888357550119,0.0025030475733457,4
5418,1,8,139,10071__Node__5418,,0.0,0.2328820665884944,0.0001403357882566,4
5420,1,44,34,10066__Node__5420,outgoing,0.0,0.2330145411881821,0.0001598393767306,3
5422,5,19,70,10105__Node__5422,,0.000835513786476,0.2648401826484018,0.0086441277951774,4
5424,1,7,149,10011__Node__5424,,0.0,0.2235715504008187,0.0003635239368321,4
5425,1,3,311,10032__Node__5425,outgoing,0.0,0.2376445846477392,0.0036864696028191,2
5426,1,1,823,10033__Node__5426,,0.0,0.2732996955923439,0.0130031624785455,4
5429,1,0,1017,10003__Node__5429,,0.0,0.2141900062093532,5.609007953745333e-05,4
5430,1,25,61,10196__Node__5430,,0.0,0.2241220121054611,0.0003823523012146,4
5433,1,1,823,10033__Node__5433,,0.0,0.2732996955923439,0.0130031624785455,4
5434,1,0,1017,10003__Node__5434,,0.0,0.2141900062093532,5.609007953745333e-05,4
5436,1,17,73,10008__Node__5436,,0.0,0.2302962156084191,0.0010757835958013,4
5437,1,3,311,10032__Node__5437,,0.0,0.2376445846477392,0.0036864696028191,4
5438,1,3,311,10032__Node__5438,,0.0,0.2376445846477392,0.0036864696028191,4
5439,1,36,39,10036__Node__5439,,0.0,0.2091724380046596,0.000138947590469,4
5440,1,19,70,10105__Node__5440,outgoing,0.0,0.215132118824881,0.0002413038481842,1
5441,4,9,129,10006__Node__5441,outgoing,0.0002417190658378,0.2553473331515175,0.0032384223099871,3
5443,3,15,98,10055__Node__5443,,0.0001252712222011,0.2651187249706727,0.0092997709179958,3
5444,1,5,257,10020__Node__5444,,0.0,0.2378170470626655,0.0049946441175549,4
5447,1,36,39,10036__Node__5447,,0.0,0.2091724380046596,0.000138947590469,4
5449,2,1,823,10033__Node__5449,,2.061345439045477e-05,0.2752971815012391,0.0147728512768696,4
5450,1,1,823,10033__Node__5450,outgoing,0.0,0.2732996955923439,0.0130031624785455,1
5451,1,16,80,10149__Node__5451,,0.0,0.2240147656970981,0.0003661790249382,4
5452,5,10,129,10073__Node__5452,,0.0010184825433548,0.2732769044740024,0.0130767014185905,3
5453,1,1,823,10033__Node__5453,,0.0,0.2732996955923439,0.0130031624785455,4
5454,1,20,68,10147__Node__5454,,0.0,0.233695845961847,0.000266663305054,4
5458,1,2,637,10007__Node__5458,,0.0,0.2410888357550119,0.0025030475733457,4
5460,4,1,823,10033__Node__5460,,0.0002986776558527,0.2842520709545908,0.0171518096629814,4
5461,1,2,637,10007__Node__5461,,0.0,0.2410888357550119,0.0025030475733457,4
5462,2,8,139,10071__Node__5462,,0.0002233026850148,0.2353236867616961,0.0002279653078104,4
5463,1,34,40,10070__Node__5463,,0.0,0.2028913723183605,8.76295195538406e-05,3
5464,1,0,1017,10003__Node__5464,,0.0,0.2141900062093532,5.609007953745333e-05,4
5466,2,50,28,10143__Node__5466,outandin,2.2757317282417725e-05,0.2302314961183124,0.0019975286484388,0
5467,3,14,109,10017__Node__5467,,0.0002556679358942,0.2801453301987604,0.015408110110678,4
5468,3,3,311,10032__Node__5468,,7.656566143059123e-05,0.247274099226561,0.0092921191259656,3
5470,1,0,1017,10003__Node__5470,,0.0,0.2141900062093532,5.609007953745333e-05,4
5471,1,22,64,10053__Node__5471,,0.0,0.2264607304516084,0.0010652272368323,4
5473,1,5,257,10020__Node__5473,,0.0,0.2378170470626655,0.0049946441175549,2
5474,1,31,43,10177__Node__5474,,0.0,0.2531968321421672,0.0025964625002207,4
5476,1,52,28,10162__Node__5476,outandin,0.0,0.214358135731807,2.969075404631632e-05,0
5477,4,15,98,10055__Node__5477,,0.0003113634151012,0.2670850482904764,0.0111794321183179,3
5478,1,0,1017,10003__Node__5478,,0.0,0.2141900062093532,5.609007953745333e-05,4
5479,2,14,109,10017__Node__5479,,9.3829280995416e-06,0.2347673460615395,0.0030728635886345,4
5482,1,56,25,10030__Node__5482,,0.0,0.2137150683144748,0.0001699153992353,4
5483,1,36,39,10036__Node__5483,,0.0,0.2091724380046596,0.000138947590469,4
5484,1,20,68,10147__Node__5484,,0.0,0.233695845961847,0.000266663305054,3
5485,1,0,1017,10003__Node__5485,outgoing,0.0,0.2141900062093532,5.609007953745333e-05,3
5486,1,31,43,10177__Node__5486,,0.0,0.2531968321421672,0.0025964625002207,4
5489,3,25,61,10196__Node__5489,,0.0002335986429529,0.2520284560661411,0.0016896692215136,4
5490,2,4,278,10034__Node__5490,,1.6643418805245807e-05,0.2387005135302473,0.0048683707872941,4
5491,1,22,64,10053__Node__5491,,0.0,0.2264607304516084,0.0010652272368323,4
5492,2,5,257,10020__Node__5492,,3.1207894820875025e-05,0.2437427944512626,0.0077285754692357,4
5494,3,1,823,10033__Node__5494,outandin,0.0003260999303693,0.2925762242757019,0.0212507942489752,0
5495,2,39,37,10010__Node__5495,,4.430172110605524e-06,0.2274036292980812,0.0022959346015232,3
5496,2,44,34,10066__Node__5496,,0.0007020137499083,0.2415152743486752,0.0003779970547994,4
5497,2,1,823,10033__Node__5497,,0.0003014068910551,0.2754591686630521,0.0132698257835995,3
5498,1,31,43,10177__Node__5498,,0.0,0.2531968321421672,0.0025964625002207,4
5501,1,0,1017,10003__Node__5501,,0.0,0.2141900062093532,5.609007953745333e-05,4
5502,1,43,34,10153__Node__5502,,0.0,0.2200436461306026,0.0004362520125827,4
5503,1,16,80,10149__Node__5503,,0.0,0.2240147656970981,0.0003661790249382,4
5506,3,18,70,10091__Node__5506,,5.6120369803348735e-05,0.2584079170445136,0.0059942185235406,4
5508,1,2,637,10007__Node__5508,,0.0,0.2410888357550119,0.0025030475733457,4
5511,1,3,311,10032__Node__5511,,0.0,0.2376445846477392,0.0036864696028191,4
5512,2,1,823,10033__Node__5512,,1.86533559249534e-05,0.2772302356076308,0.0174345626092472,4
5513,3,11,128,10039__Node__5513,,6.893084928323948e-05,0.2434168987929433,0.0069274679273533,3
5516,4,4,278,10034__Node__5516,,0.0003678056914853,0.2767619610658334,0.0129405138177386,3
5517,1,57,25,10298__Node__5517,incoming,0.0,0.2189702983528783,0.0003574056717505,3
5518,1,2,637,10007__Node__5518,,0.0,0.2410888357550119,0.0025030475733457,4
5519,12,4,278,10034__Node__5519,,0.0070430309277664,0.3397791487376225,0.0378619120014015,3
5520,1,31,43,10177__Node__5520,,0.0,0.2531968321421672,0.0025964625002207,4
5523,1,0,1017,10003__Node__5523,,0.0,0.2141900062093532,5.609007953745333e-05,4
5524,3,1,823,10033__Node__5524,outgoing,0.0004234715713302,0.2779592009839264,0.0175299756247218,2
5525,1,58,24,10115__Node__5525,,0.0,0.2191167129149811,0.0003945515231667,4
5526,3,2,637,10007__Node__5526,,0.0002299304725891,0.2520284560661411,0.0078922432140674,4
5527,1,0,1017,10003__Node__5527,,0.0,0.2141900062093532,5.609007953745333e-05,4
5528,1,11,128,10039__Node__5528,,0.0,0.2339461003034089,0.0027339313516807,4
5529,1,2,637,10007__Node__5529,,0.0,0.2410888357550119,0.0025030475733457,4
5530,1,25,61,10196__Node__5530,,0.0,0.2241220121054611,0.0003823523012146,4
5531,1,59,24,10139__Node__5531,,0.0,0.2061200742208384,3.899223398533341e-05,4
5532,3,4,278,10034__Node__5532,,4.784221187412652e-05,0.2465856503254449,0.0095381539343711,3
5533,1,1,823,10033__Node__5533,,0.0,0.2732996955923439,0.0130031624785455,2
5534,4,5,257,10020__Node__5534,outgoing,7.363874868989693e-05,0.2679805372694934,0.0111547344043661,2
5535,1,10,129,10073__Node__5535,outgoing,0.0,0.2364613774939567,0.0045611621676105,3
5536,1,1,823,10033__Node__5536,,0.0,0.2732996955923439,0.0130031624785455,4
5538,1,8,139,10071__Node__5538,,0.0,0.2328820665884944,0.0001403357882566,4
5539,5,10,129,10073__Node__5539,outandin,0.0002256176620354,0.2532751091703056,0.0133673450269597,1
5541,1,3,311,10032__Node__5541,,0.0,0.2376445846477392,0.0036864696028191,4
5542,1,51,28,10031__Node__5542,outandin,0.0,0.2180378588775408,0.000277416775589,0
5543,1,8,139,10071__Node__5543,,0.0,0.2328820665884944,0.0001403357882566,4
5544,1,22,64,10053__Node__5544,,0.0,0.2264607304516084,0.0010652272368323,4
5545,1,32,41,10009__Node__5545,outandin,0.0,0.2170414279564195,0.0005185971463854,0
5548,1,14,109,10017__Node__5548,,0.0,0.2319917879013132,0.0020283762330986,4
5549,1,22,64,10053__Node__5549,,0.0,0.2264607304516084,0.0010652272368323,4
5550,3,1,823,10033__Node__5550,outandin,0.0003436426065915,0.2897051673076073,0.0192860945815854,2
5551,1,14,109,10017__Node__5551,,0.0,0.2319917879013132,0.0020283762330986,4
5552,1,3,311,10032__Node__5552,,0.0,0.2376445846477392,0.0036864696028191,4
5554,2,41,36,10054__Node__5554,,2.061345439045477e-05,0.2752971815012391,0.0147728512768696,4
5556,4,1,823,10033__Node__5556,,0.0006966702204131,0.2948666036802087,0.0203577589585672,4
5558,1,19,70,10105__Node__5558,incoming,0.0,0.215132118824881,0.0002413038481842,2
5559,1,19,70,10105__Node__5559,,0.0,0.215132118824881,0.0002413038481842,4
5562,3,1,823,10033__Node__5562,,0.0001409405689131,0.2825121772490193,0.0194502866883467,3
5563,1,3,311,10032__Node__5563,,0.0,0.2376445846477392,0.0036864696028191,4
5564,1,2,637,10007__Node__5564,,0.0,0.2410888357550119,0.0025030475733457,4
5565,1,1,823,10033__Node__5565,,0.0,0.2732996955923439,0.0130031624785455,4
5566,1,19,70,10105__Node__5566,,0.0,0.215132118824881,0.0002413038481842,4
5567,1,7,149,10011__Node__5567,,0.0,0.2235715504008187,0.0003635239368321,3
5568,2,53,27,10013__Node__5568,,2.940920857129768e-05,0.2415864941575435,0.0026785843580301,4
5569,1,5,257,10020__Node__5569,,0.0,0.2378170470626655,0.0049946441175549,4
5571,1,0,1017,10003__Node__5571,,0.0,0.2141900062093532,5.609007953745333e-05,3
5572,1,5,257,10020__Node__5572,outgoing,0.0,0.2378170470626655,0.0049946441175549,1
5573,2,11,128,10039__Node__5573,,1.446271578084392e-05,0.241639936585186,0.0064204009544999,4
5575,1,9,129,10006__Node__5575,,0.0,0.2452018406973699,0.0009341955255218,4
5576,1,2,637,10007__Node__5576,,0.0,0.2410888357550119,0.0025030475733457,4
5578,1,54,26,10060__Node__5578,outgoing,0.0,0.2245212565516768,0.0001038141790651,1
5580,3,25,61,10196__Node__5580,,0.0002088964585025,0.2355774415010244,0.0024934893957887,4
5583,2,1,823,10033__Node__5583,incoming,1.86533559249534e-05,0.2772302356076308,0.0174345626092472,2
5585,4,17,73,10008__Node__5585,,0.0003584070346097,0.2634985727495678,0.0059267629912188,4
5586,1,2,637,10007__Node__5586,,0.0,0.2410888357550119,0.0025030475733457,4
5587,1,52,28,10162__Node__5587,outandin,0.0,0.214358135731807,2.969075404631632e-05,0
5588,3,2,637,10007__Node__5588,outgoing,0.0003783531174278,0.274789317009769,0.0084318872164225,1
5590,4,2,637,10007__Node__5590,outgoing,0.0006682352792663,0.2886334610472541,0.013771451777409,2
5592,1,19,70,10105__Node__5592,,0.0,0.215132118824881,0.0002413038481842,4
5593,1,22,64,10053__Node__5593,,0.0,0.2264607304516084,0.0010652272368323,4
5595,2,17,73,10008__Node__5595,,1.2088289405136505e-05,0.2316474039515074,0.0014898505786828,3
5598,2,55,26,10339__Node__5598,,0.0001925470158318,0.2404519939831969,0.0002357488037312,4
5600,1,2,637,10007__Node__5600,,0.0,0.2410888357550119,0.0025030475733457,4
5601,2,2,637,10007__Node__5601,,0.0005990651794139,0.2908622908622909,0.0155062100518912,4
5602,2,4,278,10034__Node__5602,,1.135304549306806e-05,0.2399765662187397,0.0058516843315519,4
5603,1,61,23,10058__Node__5603,incoming,0.0,0.2166683196138715,0.000156675670216,3
5604,1,0,1017,10003__Node__5604,,0.0,0.2141900062093532,5.609007953745333e-05,4
5605,1,2,637,10007__Node__5605,,0.0,0.2410888357550119,0.0025030475733457,4
5606,2,15,98,10055__Node__5606,,0.0002670167910581,0.2686616109858578,0.0069344477040474,4
5607,2,25,61,10196__Node__5607,,4.480171171445999e-05,0.2356621480709071,0.0031162836528954,3
5609,1,2,637,10007__Node__5609,,0.0,0.2410888357550119,0.0025030475733457,4
5612,1,51,28,10031__Node__5612,outgoing,0.0,0.2180378588775408,0.000277416775589,3
5613,3,10,129,10073__Node__5613,outandin,2.476966003850004e-05,0.2625485718863918,0.0089515636560975,2
5615,1,2,637,10007__Node__5615,,0.0,0.2410888357550119,0.0025030475733457,4
5616,1,0,1017,10003__Node__5616,,0.0,0.2141900062093532,5.609007953745333e-05,4
5617,1,2,637,10007__Node__5617,,0.0,0.2410888357550119,0.0025030475733457,4
5618,1,3,311,10032__Node__5618,,0.0,0.2376445846477392,0.0036864696028191,4
5619,2,4,278,10034__Node__5619,,2.2026450600214655e-05,0.2436159536111214,0.0068042225826903,3
5620,1,2,637,10007__Node__5620,,0.0,0.2410888357550119,0.0025030475733457,4
5621,1,17,73,10008__Node__5621,,0.0,0.2302962156084191,0.0010757835958013,4
5622,2,46,29,10119__Node__5622,,0.0001321781044718,0.2452385406922357,0.0003550129916965,3
5623,5,48,29,10065__Node__5623,incoming,0.0001433618645414,0.2718712407184635,0.0146754921482924,2
5624,2,2,637,10007__Node__5624,,0.00016891739531,0.2511014903643538,0.0074976916909006,2
5625,1,19,70,10105__Node__5625,,0.0,0.215132118824881,0.0002413038481842,4
5626,3,4,278,10034__Node__5626,,3.2248080071838124e-05,0.2422651831589842,0.0067295046779124,4
5627,1,1,823,10033__Node__5627,,0.0,0.2732996955923439,0.0130031624785455,4
5628,1,5,257,10020__Node__5628,incoming,0.0,0.2378170470626655,0.0049946441175549,3
5630,6,12,120,10077__Node__5630,,0.0003828483371141,0.2725042617770571,0.0129507165909719,2
5631,1,4,278,10034__Node__5631,,0.0,0.2325515381613029,0.0031177529798711,4
5633,1,11,128,10039__Node__5633,,0.0,0.2339461003034089,0.0027339313516807,4
5634,1,2,637,10007__Node__5634,,0.0,0.2410888357550119,0.0025030475733457,4
5636,1,56,25,10030__Node__5636,outgoing,0.0,0.2137150683144748,0.0001699153992353,2
5638,5,5,257,10020__Node__5638,,0.0005681461380497,0.2520866187161044,0.0109486203677795,4
5639,5,4,278,10034__Node__5639,,0.0004605256175791,0.2657853116509185,0.0072339725745865,4
5640,2,3,311,10032__Node__5640,,4.388424077863234e-05,0.2455509347720205,0.0082476317704297,4
5641,1,2,637,10007__Node__5641,,0.0,0.2410888357550119,0.0025030475733457,4
5643,1,11,128,10039__Node__5643,,0.0,0.2339461003034089,0.0027339313516807,4
5644,1,19,70,10105__Node__5644,,0.0,0.215132118824881,0.0002413038481842,4
5645,1,2,637,10007__Node__5645,,0.0,0.2410888357550119,0.0025030475733457,4
5646,3,51,28,10031__Node__5646,incoming,0.0001408831133089,0.2423726933175548,0.0057335751767323,3
5648,1,17,73,10008__Node__5648,,0.0,0.2302962156084191,0.0010757835958013,3
5649,1,3,311,10032__Node__5649,,0.0,0.2376445846477392,0.0036864696028191,4
5650,1,0,1017,10003__Node__5650,,0.0,0.2141900062093532,5.609007953745333e-05,4
5654,1,3,311,10032__Node__5654,,0.0,0.2376445846477392,0.0036864696028191,2
5658,2,33,41,10191__Node__5658,,5.1534574495268616e-05,0.2333297732208337,0.002134992348756,2
5661,1,0,1017,10003__Node__5661,,0.0,0.2141900062093532,5.609007953745333e-05,4
5662,2,15,98,10055__Node__5662,,1.86533559249534e-05,0.2772302356076308,0.0174345626092472,3
5663,1,9,129,10006__Node__5663,,0.0,0.2452018406973699,0.0009341955255218,4
5666,1,44,34,10066__Node__5666,,0.0,0.2330145411881821,0.0001598393767306,4
5668,7,61,23,10058__Node__5668,incoming,0.0009490463436583,0.2923413176323654,0.0300826306703883,1
5669,1,2,637,10007__Node__5669,,0.0,0.2410888357550119,0.0025030475733457,4
5674,1,6,169,10047__Node__5674,,0.0,0.187348140525398,4.024558046919183e-05,3
5676,1,0,1017,10003__Node__5676,,0.0,0.2141900062093532,5.609007953745333e-05,4
5677,1,12,120,10077__Node__5677,,0.0,0.2249682490646346,0.0009389415002389,4
5681,2,36,39,10036__Node__5681,,8.483201035274168e-06,0.2217110381922127,0.0006008249030361,4
5683,2,9,129,10006__Node__5683,outgoing,0.00024258247494,0.2473861019892047,0.001175499373706,1
5684,1,2,637,10007__Node__5684,,0.0,0.2410888357550119,0.0025030475733457,4
5685,1,3,311,10032__Node__5685,outgoing,0.0,0.2376445846477392,0.0036864696028191,2
5687,1,0,1017,10003__Node__5687,,0.0,0.2141900062093532,5.609007953745333e-05,4
5688,1,19,70,10105__Node__5688,,0.0,0.215132118824881,0.0002413038481842,4
5689,1,2,637,10007__Node__5689,,0.0,0.2410888357550119,0.0025030475733457,4
5690,3,5,257,10020__Node__5690,outgoing,0.0005422877834052,0.2861633847094267,0.0181416220116084,1
5691,5,11,128,10039__Node__5691,,0.0002576684433109,0.2756445304285654,0.0150522405248537,4
5692,1,8,139,10071__Node__5692,,0.0,0.2328820665884944,0.0001403357882566,4
5694,2,0,1017,10003__Node__5694,,0.0012698058263908,0.2491920459298125,0.0001599042586025,4
5695,1,0,1017,10003__Node__5695,,0.0,0.2141900062093532,5.609007953745333e-05,4
5696,2,0,1017,10003__Node__5696,,0.0010737142824496,0.2523001116372175,0.0002159294562681,4
5697,2,8,139,10071__Node__5697,,0.0001290715363791,0.2474795151606691,0.0005226880894712,4
5698,3,4,278,10034__Node__5698,incoming,0.0001094960646883,0.2375928946891426,0.0044242840648877,3
5700,1,6,169,10047__Node__5700,,0.0,0.187348140525398,4.024558046919183e-05,4
5701,1,30,46,10037__Node__5701,,0.0,0.2200288716554201,0.0001472356960681,4
5703,1,2,637,10007__Node__5703,,0.0,0.2410888357550119,0.0025030475733457,4
5705,1,29,49,10088__Node__5705,,0.0,0.2172428651927475,0.000151646172097,4
5707,2,4,278,10034__Node__5707,outandin,1.6643418805245807e-05,0.2387005135302473,0.0048683707872941,1
5708,1,0,1017,10003__Node__5708,,0.0,0.2141900062093532,5.609007953745333e-05,4
5709,1,18,70,10091__Node__5709,,0.0,0.2419968245763024,0.0007304893857454,4
5712,2,23,62,10025__Node__5712,outgoing,2.489137467735522e-05,0.2544748592506309,0.0052977054107508,1
5714,3,1,823,10033__Node__5714,,0.0001409405689131,0.2825121772490193,0.0194502866883467,4
5715,1,11,128,10039__Node__5715,,0.0,0.2339461003034089,0.0027339313516807,3
5717,1,2,637,10007__Node__5717,,0.0,0.2410888357550119,0.0025030475733457,3
5718,2,4,278,10034__Node__5718,,2.2026450600214655e-05,0.2436159536111214,0.0068042225826903,4
5719,1,2,637,10007__Node__5719,,0.0,0.2410888357550119,0.0025030475733457,4
5720,4,13,119,10016__Node__5720,,7.870156782878133e-05,0.2654408488923089,0.0099459543024141,4
5721,1,6,169,10047__Node__5721,,0.0,0.187348140525398,4.024558046919183e-05,4
5723,3,15,98,10055__Node__5723,outandin,9.636721584830038e-05,0.278620924201845,0.0183008678892963,1
5724,2,38,38,10086__Node__5724,,3.707865881563157e-06,0.2237394599392346,0.0003845171927071,4
5725,3,2,637,10007__Node__5725,,0.0010563286785213,0.3036086533561866,0.0191926796547104,4
5726,1,3,311,10032__Node__5726,,0.0,0.2376445846477392,0.0036864696028191,4
5729,3,5,257,10020__Node__5729,,6.635530193301602e-05,0.2701455010098512,0.0121522687853862,2
5730,1,2,637,10007__Node__5730,,0.0,0.2410888357550119,0.0025030475733457,4
5731,3,10,129,10073__Node__5731,,0.0001198116417137,0.2419968245763024,0.0069592385479247,4
5732,1,2,637,10007__Node__5732,,0.0,0.2410888357550119,0.0025030475733457,4
5733,1,26,60,10093__Node__5733,outgoing,0.0,0.2539621033053048,0.0035398287348275,1
5734,1,5,257,10020__Node__5734,incoming,0.0,0.2378170470626655,0.0049946441175549,1
5735,7,5,257,10020__Node__5735,outandin,0.0012137735913015,0.2921849226516874,0.0159892816609134,0
5737,2,14,109,10017__Node__5737,outandin,8.921716671316898e-06,0.2354589545536195,0.0037789940405215,1
5738,1,12,120,10077__Node__5738,,0.0,0.2249682490646346,0.0009389415002389,4
5739,2,0,1017,10003__Node__5739,,0.0010737142824496,0.2523001116372175,0.0002159294562681,4
5740,2,33,41,10191__Node__5740,outgoing,0.000200165325298,0.2564463747701216,0.003659097004484,1
5741,2,27,52,10026__Node__5741,,1.0696659804046282e-06,0.2188094681667946,0.0003751383421429,4
5743,2,11,128,10039__Node__5743,,2.708964209823212e-05,0.2422830948948283,0.0072950935192913,4
5745,4,11,128,10039__Node__5745,outgoing,0.000175978479069,0.2380070450666376,0.0043771282271515,2
5747,1,2,637,10007__Node__5747,,0.0,0.2410888357550119,0.0025030475733457,4
5749,3,26,60,10093__Node__5749,,3.718528074246641e-05,0.2646690627145338,0.0097409176638534,4
5750,1,0,1017,10003__Node__5750,,0.0,0.2141900062093532,5.609007953745333e-05,4
5751,2,1,823,10033__Node__5751,,0.0001139412395459,0.2774649676135642,0.0139421039787844,4
5752,4,48,29,10065__Node__5752,,8.899738807474407e-05,0.2498379903175389,0.013334800325687,4
5756,1,0,1017,10003__Node__5756,,0.0,0.2141900062093532,5.609007953745333e-05,4
5758,1,1,823,10033__Node__5758,,0.0,0.2732996955923439,0.0130031624785455,4
5759,2,15,98,10055__Node__5759,,1.86533559249534e-05,0.2772302356076308,0.0174345626092472,4
5760,1,0,1017,10003__Node__5760,,0.0,0.2141900062093532,5.609007953745333e-05,4
5761,1,11,128,10039__Node__5761,,0.0,0.2339461003034089,0.0027339313516807,2
5764,1,2,637,10007__Node__5764,,0.0,0.2410888357550119,0.0025030475733457,4
5766,1,21,67,10087__Node__5766,,0.0,0.1571288149409029,4.2614267999579756e-07,4
5767,3,4,278,10034__Node__5767,,9.94745000930118e-05,0.2351379471172819,0.003716462499806,4
5769,1,41,36,10054__Node__5769,,0.0,0.2256498536753313,0.0017696887983241,4
5772,1,32,41,10009__Node__5772,,0.0,0.2170414279564195,0.0005185971463854,4
5774,1,19,70,10105__Node__5774,,0.0,0.215132118824881,0.0002413038481842,4
5775,1,0,1017,10003__Node__5775,,0.0,0.2141900062093532,5.609007953745333e-05,4
5777,1,2,637,10007__Node__5777,,0.0,0.2410888357550119,0.0025030475733457,4
5783,1,22,64,10053__Node__5783,,0.0,0.2264607304516084,0.0010652272368323,4
5784,2,9,129,10006__Node__5784,,7.121542118992749e-05,0.2545539286130422,0.004051948505393,4
5786,2,8,139,10071__Node__5786,,0.0002233026850148,0.2353236867616961,0.0002279653078104,4
5787,3,38,38,10086__Node__5787,,8.179558313467551e-05,0.2373175942354347,0.0040320296091232,4
5788,2,17,73,10008__Node__5788,,1.4613214787547112e-05,0.2352223378674227,0.0031041598289,4
5789,1,2,637,10007__Node__5789,,0.0,0.2410888357550119,0.0025030475733457,4
5790,5,1,823,10033__Node__5790,incoming,0.0003337931732871,0.2949196778112766,0.0287409867018356,3
5793,2,1,823,10033__Node__5793,,6.644771792881665e-05,0.2741915240764757,0.0133797338775793,4
5794,3,17,73,10008__Node__5794,,5.873294958552982e-05,0.2465299981192401,0.0106315898809668,4
5795,1,0,1017,10003__Node__5795,,0.0,0.2141900062093532,5.609007953745333e-05,4
5796,5,3,311,10032__Node__5796,,0.0005049079745402,0.2851672975677675,0.0189641981826277,4
5798,5,10,129,10073__Node__5798,outgoing,0.0003173392692885,0.27449009507057,0.0130191761594161,2
5799,2,2,637,10007__Node__5799,,0.0001424637184626,0.249286828192157,0.0070642097409563,4
5801,5,3,311,10032__Node__5801,incoming,0.0003775243404596,0.2491920459298125,0.0107600568414194,3
5804,2,2,637,10007__Node__5804,outgoing,0.0002270424762592,0.2514483023211202,0.0061895171761649,1
5806,1,20,68,10147__Node__5806,,0.0,0.233695845961847,0.000266663305054,4
5808,1,48,29,10065__Node__5808,,0.0,0.2299891216619293,0.0017506178074229,4
5810,3,19,70,10105__Node__5810,,0.0005389706625656,0.2548310587503402,0.003119050615373,2
5812,1,0,1017,10003__Node__5812,,0.0,0.2141900062093532,5.609007953745333e-05,4
5813,1,44,34,10066__Node__5813,outgoing,0.0,0.2330145411881821,0.0001598393767306,3
5814,1,0,1017,10003__Node__5814,,0.0,0.2141900062093532,5.609007953745333e-05,4
5816,1,59,24,10139__Node__5816,,0.0,0.2061200742208384,3.899223398533341e-05,4
5817,1,4,278,10034__Node__5817,,0.0,0.2325515381613029,0.0031177529798711,4
5818,1,54,26,10060__Node__5818,outgoing,0.0,0.2245212565516768,0.0001038141790651,1
5819,1,0,1017,10003__Node__5819,,0.0,0.2141900062093532,5.609007953745333e-05,4
5820,3,31,43,10177__Node__5820,,3.676746562207272e-05,0.2640080563947633,0.0087784804383454,4
5822,1,14,109,10017__Node__5822,,0.0,0.2319917879013132,0.0020283762330986,4
5823,1,4,278,10034__Node__5823,,0.0,0.2325515381613029,0.0031177529798711,4
5826,2,1,823,10033__Node__5826,,2.8997267085099937e-05,0.2758533608316848,0.0147537802859684,4
5827,3,28,51,10051__Node__5827,,3.674183872602028e-05,0.2437246662452121,0.0088169593389198,4
5828,1,20,68,10147__Node__5828,,0.0,0.233695845961847,0.000266663305054,4
5830,3,22,64,10053__Node__5830,,4.764534819446842e-05,0.2433807419510565,0.0074856281913323,4
5831,2,1,823,10033__Node__5831,,1.86533559249534e-05,0.2772302356076308,0.0174345626092472,4
5832,1,10,129,10073__Node__5832,,0.0,0.2364613774939567,0.0045611621676105,4
5833,5,1,823,10033__Node__5833,,0.0003290364681261,0.293572228443449,0.0277387242599538,4
5834,1,11,128,10039__Node__5834,,0.0,0.2339461003034089,0.0027339313516807,4
5836,1,16,80,10149__Node__5836,outandin,0.0,0.2240147656970981,0.0003661790249382,0
5837,1,2,637,10007__Node__5837,,0.0,0.2410888357550119,0.0025030475733457,4
5838,3,49,28,10014__Node__5838,outandin,0.0100603654899339,0.2591845612369992,0.0035829160009022,1
5840,3,1,823,10033__Node__5840,outgoing,0.000217305273256,0.2891172967488641,0.0200135306751999,1
5842,1,5,257,10020__Node__5842,,0.0,0.2378170470626655,0.0049946441175549,4
5843,1,19,70,10105__Node__5843,,0.0,0.215132118824881,0.0002413038481842,4
5847,1,46,29,10119__Node__5847,,0.0,0.2183574879227053,0.0002146772034399,3
5849,2,14,109,10017__Node__5849,,8.921716671316898e-06,0.2354589545536195,0.0037789940405215,4
5851,2,7,149,10011__Node__5851,,0.0004027052542993,0.2767853372186325,0.0133666864153776,3
5852,1,58,24,10115__Node__5852,incoming,0.0,0.2191167129149811,0.0003945515231667,3
5853,1,4,278,10034__Node__5853,,0.0,0.2325515381613029,0.0031177529798711,4
5854,2,1,823,10033__Node__5854,,1.86533559249534e-05,0.2772302356076308,0.0174345626092472,4
5855,3,12,120,10077__Node__5855,outgoing,0.0003296223969645,0.2627801611803857,0.0057338655677728,3
5858,1,15,98,10055__Node__5858,outgoing,0.0,0.2521836161452922,0.0044314001307017,1
5860,5,10,129,10073__Node__5860,,0.0005637329257233,0.2822931472627816,0.0181922731650718,4
5862,1,31,43,10177__Node__5862,,0.0,0.2531968321421672,0.0025964625002207,4
5863,4,26,60,10093__Node__5863,,0.0006330644732208,0.2757141054225737,0.0118038720043506,3
5864,1,3,311,10032__Node__5864,,0.0,0.2376445846477392,0.0036864696028191,4
5866,3,4,278,10034__Node__5866,,0.0002853145970261,0.2876958869233132,0.0187173779586374,3
5869,1,47,29,10041__Node__5869,outgoing,0.0,0.2211424908054121,0.0004618773125671,1
5870,3,42,35,10056__Node__5870,,8.924536009272048e-05,0.2484928909952606,0.0012258431408222,4
5871,1,14,109,10017__Node__5871,,0.0,0.2319917879013132,0.0020283762330986,4
5874,1,0,1017,10003__Node__5874,,0.0,0.2141900062093532,5.609007953745333e-05,3
5875,1,1,823,10033__Node__5875,,0.0,0.2732996955923439,0.0130031624785455,3
5876,5,60,23,10057__Node__5876,outgoing,0.0002809675881053,0.2699674589117271,0.0097346107014562,2
5877,2,17,73,10008__Node__5877,,1.58550042399075e-05,0.2322548637442857,0.0015777792090584,4
5878,1,2,637,10007__Node__5878,,0.0,0.2410888357550119,0.0025030475733457,4
5880,4,4,278,10034__Node__5880,,0.0001832320498467,0.2478913725935171,0.0099522209172525,4
5881,1,2,637,10007__Node__5881,outgoing,0.0,0.2410888357550119,0.0025030475733457,3
5882,1,2,637,10007__Node__5882,,0.0,0.2410888357550119,0.0025030475733457,4
5883,2,23,62,10025__Node__5883,,5.2822485245991e-05,0.2749276395821972,0.0138694677585945,3
5884,1,0,1017,10003__Node__5884,,0.0,0.2141900062093532,5.609007953745333e-05,4
5886,1,20,68,10147__Node__5886,,0.0,0.233695845961847,0.000266663305054,4
5888,7,31,43,10177__Node__5888,incoming,0.0004642396054559,0.2727764598160402,0.0152127017434543,2
5889,1,37,38,10148__Node__5889,,0.0,0.2213964800864777,0.0004140669828814,4
5891,3,32,41,10009__Node__5891,,0.0002300316478647,0.2858638286736162,0.0185164037424858,4
5892,4,5,257,10020__Node__5892,,0.0001573250897813,0.2727083593392418,0.0131466594317027,4
5893,2,22,64,10053__Node__5893,,2.3478636682354426e-05,0.2398711708084763,0.0047516968396515,4
5894,1,8,139,10071__Node__5894,,0.0,0.2328820665884944,0.0001403357882566,4
5895,1,2,637,10007__Node__5895,,0.0,0.2410888357550119,0.0025030475733457,4
5896,2,41,36,10054__Node__5896,,8.295446506654287e-06,0.2544353429869171,0.0062010889290258,4
5897,1,53,27,10013__Node__5897,,0.0,0.210705674328886,0.0001755367846843,4
5898,1,61,23,10058__Node__5898,incoming,0.0,0.2166683196138715,0.000156675670216,1
5900,1,10,129,10073__Node__5900,,0.0,0.2364613774939567,0.0045611621676105,3
5901,1,21,67,10087__Node__5901,,0.0,0.1571288149409029,4.2614267999579756e-07,2
5902,5,1,823,10033__Node__5902,,0.000335846046902,0.2883033475564158,0.0222160428036288,3
5903,2,2,637,10007__Node__5903,,0.0001424637184626,0.249286828192157,0.0070642097409563,4
5904,3,11,128,10039__Node__5904,,0.0001003525002752,0.2574132987706689,0.0043706938473872,2
5905,1,14,109,10017__Node__5905,outandin,0.0,0.2319917879013132,0.0020283762330986,0
5907,2,47,29,10041__Node__5907,,9.442722056545228e-06,0.2352730014000071,0.0031958086642478,4
5908,2,1,823,10033__Node__5908,outgoing,0.0001089259368834,0.2849936948297604,0.0179978065961004,1
5909,1,57,25,10298__Node__5909,incoming,0.0,0.2189702983528783,0.0003574056717505,3
5911,1,8,139,10071__Node__5911,,0.0,0.2328820665884944,0.0001403357882566,4
5912,1,4,278,10034__Node__5912,,0.0,0.2325515381613029,0.0031177529798711,4
5913,2,23,62,10025__Node__5913,,5.2822485245991e-05,0.2749276395821972,0.0138694677585945,4
5914,3,5,257,10020__Node__5914,,9.216840168377892e-05,0.2473861019892047,0.0091776243342584,3
5915,2,2,637,10007__Node__5915,,0.0002171395738015,0.2628223122268115,0.0032335369590912,4
5916,3,1,823,10033__Node__5916,,0.0001409405689131,0.2825121772490193,0.0194502866883467,4
5920,6,30,46,10037__Node__5920,outgoing,0.0004870425839132,0.2451834948187497,0.0071620797728335,1
5922,2,1,823,10033__Node__5922,,1.86533559249534e-05,0.2772302356076308,0.0174345626092472,3
5923,1,17,73,10008__Node__5923,,0.0,0.2302962156084191,0.0010757835958013,4
5924,1,18,70,10091__Node__5924,,0.0,0.2419968245763024,0.0007304893857454,3
5925,1,2,637,10007__Node__5925,,0.0,0.2410888357550119,0.0025030475733457,4
5929,2,40,36,10052__Node__5929,,6.000077594844597e-06,0.2319096988783128,0.0028384263438021,4
5930,5,1,823,10033__Node__5930,,0.0008798158289163,0.2935985306634412,0.0214241970556741,3
5931,2,14,109,10017__Node__5931,,1.9577809926411988e-05,0.2418717939255268,0.0070230203506535,3
5932,1,2,637,10007__Node__5932,,0.0,0.2410888357550119,0.0025030475733457,3
5933,2,2,637,10007__Node__5933,,0.0001327237145512,0.2631388766210302,0.0034372430988675,4
5936,1,5,257,10020__Node__5936,incoming,0.0,0.2378170470626655,0.0049946441175549,3
5938,1,7,149,10011__Node__5938,,0.0,0.2235715504008187,0.0003635239368321,4
5939,1,0,1017,10003__Node__5939,,0.0,0.2141900062093532,5.609007953745333e-05,4
5940,1,1,823,10033__Node__5940,,0.0,0.2732996955923439,0.0130031624785455,4
5942,3,4,278,10034__Node__5942,,3.853789775537297e-05,0.2386309848898598,0.0047390678699607,3
5944,4,5,257,10020__Node__5944,,8.484673078481383e-05,0.2689261827581962,0.0120981006389729,4
5945,1,2,637,10007__Node__5945,,0.0,0.2410888357550119,0.0025030475733457,4
5946,2,27,52,10026__Node__5946,incoming,1.0696659804046282e-06,0.2188094681667946,0.0003751383421429,3
5948,2,27,52,10026__Node__5948,,1.0696659804046282e-06,0.2188094681667946,0.0003751383421429,4
5950,1,1,823,10033__Node__5950,,0.0,0.2732996955923439,0.0130031624785455,4
5952,2,2,637,10007__Node__5952,,0.0001851770522757,0.2464558342420937,0.0045187716524453,4
5953,1,0,1017,10003__Node__5953,,0.0,0.2141900062093532,5.609007953745333e-05,2
5954,1,35,39,10019__Node__5954,incoming,0.0,0.2289766970618034,0.000143815415508,2
5955,1,7,149,10011__Node__5955,,0.0,0.2235715504008187,0.0003635239368321,4
5956,1,4,278,10034__Node__5956,,0.0,0.2325515381613029,0.0031177529798711,4
5957,1,1,823,10033__Node__5957,,0.0,0.2732996955923439,0.0130031624785455,4
5958,2,2,637,10007__Node__5958,,0.0003195557582399,0.2423906209549169,0.0027215102452727,4
5959,1,30,46,10037__Node__5959,,0.0,0.2200288716554201,0.0001472356960681,2
5960,1,0,1017,10003__Node__5960,,0.0,0.2141900062093532,5.609007953745333e-05,4
5962,1,0,1017,10003__Node__5962,,0.0,0.2141900062093532,5.609007953745333e-05,4
5964,2,2,637,10007__Node__5964,,3.568422116618177e-05,0.242086211354486,0.0028975990965125,4
5965,2,54,26,10060__Node__5965,outgoing,0.0001310294841542,0.2474234587942164,0.0009816345254255,3
5966,1,2,637,10007__Node__5966,,0.0,0.2410888357550119,0.0025030475733457,4
5967,1,0,1017,10003__Node__5967,,0.0,0.2141900062093532,5.609007953745333e-05,4
5970,1,4,278,10034__Node__5970,outgoing,0.0,0.2325515381613029,0.0031177529798711,2
5971,1,2,637,10007__Node__5971,,0.0,0.2410888357550119,0.0025030475733457,4
5972,4,4,278,10034__Node__5972,outandin,0.0003170895305207,0.2740310239578542,0.0110466182877025,0
5973,1,2,637,10007__Node__5973,,0.0,0.2410888357550119,0.0025030475733457,4
5974,1,5,257,10020__Node__5974,,0.0,0.2378170470626655,0.0049946441175549,4
5975,3,33,41,10191__Node__5975,outgoing,0.0001614741188618,0.2291207830798811,0.0011891632098782,3
5976,1,1,823,10033__Node__5976,,0.0,0.2732996955923439,0.0130031624785455,4
5977,2,10,129,10073__Node__5977,outgoing,0.0004296979363759,0.2373863595204462,0.0046487916871644,3
5978,1,2,637,10007__Node__5978,,0.0,0.2410888357550119,0.0025030475733457,4
5980,2,13,119,10016__Node__5980,,2.9229722177389264e-05,0.2334793915428734,0.0022193137392721,3
5981,1,2,637,10007__Node__5981,,0.0,0.2410888357550119,0.0025030475733457,4
5983,1,38,38,10086__Node__5983,,0.0,0.2219663358959596,0.0002328710206101,4
5985,2,3,311,10032__Node__5985,,1.760267660269371e-05,0.2395380285808267,0.004730956958355,3
5987,1,30,46,10037__Node__5987,,0.0,0.2200288716554201,0.0001472356960681,4
5988,1,5,257,10020__Node__5988,,0.0,0.2378170470626655,0.0049946441175549,4
5990,3,0,1017,10003__Node__5990,,0.0023533926617117,0.2561056621468485,0.0003197436353332,4
5992,3,3,311,10032__Node__5992,,7.670986992403867e-05,0.2478726220642184,0.0088325988157889,4
5994,1,4,278,10034__Node__5994,,0.0,0.2325515381613029,0.0031177529798711,4
5996,1,17,73,10008__Node__5996,,0.0,0.2302962156084191,0.0010757835958013,3
5998,1,53,27,10013__Node__5998,,0.0,0.210705674328886,0.0001755367846843,4
5999,1,29,49,10088__Node__5999,,0.0,0.2172428651927475,0.000151646172097,4
6000,1,50,28,10143__Node__6000,outgoing,0.0,0.221381523391319,0.0002035896601726,2
6001,2,5,257,10020__Node__6001,,1.393658437074679e-05,0.2402228493933951,0.0067643329158791,3
6002,3,4,278,10034__Node__6002,,0.000262802426729,0.2453303387609957,0.0070078122428629,4
6003,3,28,51,10051__Node__6003,,5.518177983270907e-05,0.2665636311872127,0.0103284118406487,4
6004,1,1,823,10033__Node__6004,incoming,0.0,0.2732996955923439,0.0130031624785455,3
6005,2,5,257,10020__Node__6005,,1.393658437074679e-05,0.2402228493933951,0.0067643329158791,2
6006,4,2,637,10007__Node__6006,,0.0006047356857267,0.2700341971900622,0.0056285039626514,4
6007,6,3,311,10032__Node__6007,outgoing,0.0007597037809414,0.3012917758470096,0.0260858732086058,3
6008,2,23,62,10025__Node__6008,,2.489137467735522e-05,0.2544748592506309,0.0052977054107508,3
6010,3,38,38,10086__Node__6010,,0.0003160457118866,0.2765750938937418,0.0141023387792047,4
6011,1,4,278,10034__Node__6011,,0.0,0.2325515381613029,0.0031177529798711,4
6013,4,5,257,10020__Node__6013,outgoing,8.484673078481383e-05,0.2689261827581962,0.0120981006389729,1
6014,1,45,32,10064__Node__6014,,0.0,0.2119183884631551,0.0003765713990338,3
6015,1,21,67,10087__Node__6015,,0.0,0.1571288149409029,4.2614267999579756e-07,4
6017,3,2,637,10007__Node__6017,,0.0003783531174278,0.274789317009769,0.0084318872164225,4
6018,1,20,68,10147__Node__6018,,0.0,0.233695845961847,0.000266663305054,4
6020,3,45,32,10064__Node__6020,incoming,0.0001188733208893,0.2780771352199924,0.0178111340082811,3
6021,1,55,26,10339__Node__6021,outgoing,0.0,0.2121378863893833,9.541301547457587e-05,1
6023,1,1,823,10033__Node__6023,,0.0,0.2732996955923439,0.0130031624785455,4
6026,1,0,1017,10003__Node__6026,,0.0,0.2141900062093532,5.609007953745333e-05,4
6027,1,49,28,10014__Node__6027,,0.0,0.1710378663326287,2.841685605456861e-06,4
6029,4,11,128,10039__Node__6029,,0.0001929743141949,0.2656775710405772,0.0085364976644967,4
6030,3,5,257,10020__Node__6030,,0.0001507650292898,0.2870406867253536,0.0197484244035233,3
6033,1,5,257,10020__Node__6033,,0.0,0.2378170470626655,0.0049946441175549,4
6034,1,4,278,10034__Node__6034,,0.0,0.2325515381613029,0.0031177529798711,4
6037,1,0,1017,10003__Node__6037,,0.0,0.2141900062093532,5.609007953745333e-05,4
6038,1,2,637,10007__Node__6038,,0.0,0.2410888357550119,0.0025030475733457,4
6039,1,2,637,10007__Node__6039,,0.0,0.2410888357550119,0.0025030475733457,4
6040,1,3,311,10032__Node__6040,,0.0,0.2376445846477392,0.0036864696028191,4
6041,2,14,109,10017__Node__6041,outgoing,4.246345104566826e-06,0.2336458593276532,0.0029061965794591,1
6042,1,9,129,10006__Node__6042,,0.0,0.2452018406973699,0.0009341955255218,2
6043,1,17,73,10008__Node__6043,,0.0,0.2302962156084191,0.0010757835958013,4
6044,1,0,1017,10003__Node__6044,,0.0,0.2141900062093532,5.609007953745333e-05,4
6045,1,4,278,10034__Node__6045,,0.0,0.2325515381613029,0.0031177529798711,3
6047,5,58,24,10115__Node__6047,incoming,0.0001578123846843,0.2499904642026166,0.0028419907856914,3
6049,1,20,68,10147__Node__6049,,0.0,0.233695845961847,0.000266663305054,4
6050,2,11,128,10039__Node__6050,,1.446271578084392e-05,0.241639936585186,0.0064204009544999,4
6051,2,2,637,10007__Node__6051,incoming,0.0001327237145512,0.2631388766210302,0.0034372430988675,3
6053,1,3,311,10032__Node__6053,,0.0,0.2376445846477392,0.0036864696028191,4
6055,1,47,29,10041__Node__6055,,0.0,0.2211424908054121,0.0004618773125671,4
6056,2,9,129,10006__Node__6056,,6.334316346524387e-05,0.2543760915971279,0.0029625717586204,4
6057,3,17,73,10008__Node__6057,,0.0002065762656002,0.2873175222480382,0.0190735901919018,4
6058,1,23,62,10025__Node__6058,,0.0,0.2226903605042302,0.000866305280049,3
6059,1,0,1017,10003__Node__6059,,0.0,0.2141900062093532,5.609007953745333e-05,4
6060,3,29,49,10088__Node__6060,,0.0001117431567224,0.2316637800007069,0.0014497444295394,3
6062,2,29,49,10088__Node__6062,incoming,0.0001075711624035,0.2356282581341003,0.0028855775237778,2
6063,4,25,61,10196__Node__6063,,9.794850701573975e-05,0.2368031217256205,0.0036459545524243,4
6064,3,9,129,10006__Node__6064,outgoing,8.939973956718488e-05,0.2470503976780127,0.0012796477094415,3
6065,1,3,311,10032__Node__6065,,0.0,0.2376445846477392,0.0036864696028191,4
6068,1,2,637,10007__Node__6068,outgoing,0.0,0.2410888357550119,0.0025030475733457,1
6070,2,2,637,10007__Node__6070,,0.0005990651794139,0.2908622908622909,0.0155062100518912,4
6071,1,2,637,10007__Node__6071,,0.0,0.2410888357550119,0.0025030475733457,4
6073,1,1,823,10033__Node__6073,,0.0,0.2732996955923439,0.0130031624785455,2
6074,2,18,70,10091__Node__6074,,2.9427151371145376e-05,0.2495526025206564,0.0016694308859843,3
6075,1,29,49,10088__Node__6075,,0.0,0.2172428651927475,0.000151646172097,4
6076,1,3,311,10032__Node__6076,outgoing,0.0,0.2376445846477392,0.0036864696028191,2
6077,3,1,823,10033__Node__6077,,9.636721584830038e-05,0.278620924201845,0.0183008678892963,4
6079,2,14,109,10017__Node__6079,,4.246345104566826e-06,0.2336458593276532,0.0029061965794591,4
6081,1,4,278,10034__Node__6081,,0.0,0.2325515381613029,0.0031177529798711,3
6084,1,56,25,10030__Node__6084,outgoing,0.0,0.2137150683144748,0.0001699153992353,2
6085,1,16,80,10149__Node__6085,,0.0,0.2240147656970981,0.0003661790249382,2
6086,2,4,278,10034__Node__6086,incoming,2.2026450600214655e-05,0.2436159536111214,0.0068042225826903,3
6088,1,2,637,10007__Node__6088,,0.0,0.2410888357550119,0.0025030475733457,4
6089,2,1,823,10033__Node__6089,outgoing,5.199466674260389e-05,0.2809378884650006,0.017564324646156,2
6090,1,42,35,10056__Node__6090,,0.0,0.2216210732762993,0.0005768275345536,3
6092,4,2,637,10007__Node__6092,,0.0005183332446566,0.2600896860986547,0.0131240810953436,4
6093,1,25,61,10196__Node__6093,,0.0,0.2241220121054611,0.0003823523012146,4
6094,1,1,823,10033__Node__6094,,0.0,0.2732996955923439,0.0130031624785455,4
6095,1,0,1017,10003__Node__6095,,0.0,0.2141900062093532,5.609007953745333e-05,4
6096,1,1,823,10033__Node__6096,,0.0,0.2732996955923439,0.0130031624785455,4
6097,3,57,25,10298__Node__6097,incoming,4.119166106566874e-05,0.2383706128386979,0.0045196460071576,3
6098,1,1,823,10033__Node__6098,,0.0,0.2732996955923439,0.0130031624785455,3
6099,5,14,109,10017__Node__6099,incoming,0.0005994987751479,0.2724362971276551,0.0112852569819392,3
6100,1,39,37,10010__Node__6100,,0.0,0.2211424908054121,0.000501995613257,4
6101,5,9,129,10006__Node__6101,,0.0016343592820531,0.310454265548766,0.0249748784297955,3
6103,4,3,311,10032__Node__6103,outgoing,0.0001709441946009,0.2464187690341016,0.008537197786861,3
6104,3,57,25,10298__Node__6104,,6.540365871167995e-05,0.2411243147787057,0.0064172770261378,4
6106,2,1,823,10033__Node__6106,,0.0001139412395459,0.2774649676135642,0.0139421039787844,4
6110,2,38,38,10086__Node__6110,,3.707865881563157e-06,0.2237394599392346,0.0003845171927071,4
6111,1,62,23,10212__Node__6111,outandin,0.0,0.228274877224757,0.0008778203463604,0
6112,1,1,823,10033__Node__6112,,0.0,0.2732996955923439,0.0130031624785455,4
6113,1,2,637,10007__Node__6113,outgoing,0.0,0.2410888357550119,0.0025030475733457,3
6114,1,51,28,10031__Node__6114,outgoing,0.0,0.2180378588775408,0.000277416775589,3
6115,1,6,169,10047__Node__6115,,0.0,0.187348140525398,4.024558046919183e-05,4
6116,2,2,637,10007__Node__6116,,0.0001424637184626,0.249286828192157,0.0070642097409563,4
6119,3,15,98,10055__Node__6119,,9.611460019254028e-05,0.2779356261396887,0.0179531597556326,4
6120,3,17,73,10008__Node__6120,,6.757355670385486e-05,0.2426778242677824,0.005640073544981,3
6122,5,9,129,10006__Node__6122,,0.0005348655152565,0.2733224905125318,0.0069004482626584,4
6123,6,4,278,10034__Node__6123,,0.0005297976034957,0.2647332067698025,0.007329317711505,4
6124,2,38,38,10086__Node__6124,,3.707865881563157e-06,0.2237394599392346,0.0003845171927071,4
6125,1,3,311,10032__Node__6125,,0.0,0.2376445846477392,0.0036864696028191,4
6126,1,0,1017,10003__Node__6126,,0.0,0.2141900062093532,5.609007953745333e-05,4
6127,1,1,823,10033__Node__6127,,0.0,0.2732996955923439,0.0130031624785455,4
6128,4,1,823,10033__Node__6128,,0.0005124335351071,0.2857890376313609,0.0178700639388638,3
6129,1,1,823,10033__Node__6129,,0.0,0.2732996955923439,0.0130031624785455,4
6130,1,5,257,10020__Node__6130,,0.0,0.2378170470626655,0.0049946441175549,4
6131,1,8,139,10071__Node__6131,,0.0,0.2328820665884944,0.0001403357882566,4
6132,6,35,39,10019__Node__6132,,0.0018462462466991,0.3009597281535565,0.0251937682529964,4
6134,1,53,27,10013__Node__6134,,0.0,0.210705674328886,0.0001755367846843,4
6135,1,26,60,10093__Node__6135,outandin,0.0,0.2539621033053048,0.0035398287348275,0
6137,1,2,637,10007__Node__6137,,0.0,0.2410888357550119,0.0025030475733457,4
6138,1,2,637,10007__Node__6138,,0.0,0.2410888357550119,0.0025030475733457,4
6140,1,2,637,10007__Node__6140,,0.0,0.2410888357550119,0.0025030475733457,4
6142,1,54,26,10060__Node__6142,outgoing,0.0,0.2245212565516768,0.0001038141790651,1
6144,1,27,52,10026__Node__6144,,0.0,0.2159117114149234,0.0002184626719269,4
6146,2,12,120,10077__Node__6146,,8.138587178486655e-06,0.2282430785303848,0.0014409371134959,4
6147,3,1,823,10033__Node__6147,outandin,0.0001280448214792,0.2810342609665108,0.016769504365068,2
6148,1,8,139,10071__Node__6148,,0.0,0.2328820665884944,0.0001403357882566,4
6149,1,4,278,10034__Node__6149,,0.0,0.2325515381613029,0.0031177529798711,4
6151,1,36,39,10036__Node__6151,outandin,0.0,0.2091724380046596,0.000138947590469,1
6152,2,59,24,10139__Node__6152,,0.0002329422567084,0.2522224360207812,0.0027729235856661,4
6153,1,6,169,10047__Node__6153,,0.0,0.187348140525398,4.024558046919183e-05,4
6154,1,0,1017,10003__Node__6154,,0.0,0.2141900062093532,5.609007953745333e-05,3
6155,1,52,28,10162__Node__6155,,0.0,0.214358135731807,2.969075404631632e-05,4
6158,1,26,60,10093__Node__6158,,0.0,0.2539621033053048,0.0035398287348275,3
6159,1,12,120,10077__Node__6159,,0.0,0.2249682490646346,0.0009389415002389,4
6160,1,4,278,10034__Node__6160,,0.0,0.2325515381613029,0.0031177529798711,4
6161,2,15,98,10055__Node__6161,,1.2486676981217724e-05,0.2556660815291594,0.0061820179381246,4
6163,1,2,637,10007__Node__6163,,0.0,0.2410888357550119,0.0025030475733457,4
6164,1,1,823,10033__Node__6164,,0.0,0.2732996955923439,0.0130031624785455,4
6165,1,1,823,10033__Node__6165,,0.0,0.2732996955923439,0.0130031624785455,2
6167,3,17,73,10008__Node__6167,,5.432259534915143e-05,0.2437790589548075,0.0080988039464549,3
6168,1,1,823,10033__Node__6168,,0.0,0.2732996955923439,0.0130031624785455,3
6169,1,12,120,10077__Node__6169,,0.0,0.2249682490646346,0.0009389415002389,3
6170,4,22,64,10053__Node__6170,,9.221416806662557e-05,0.2458825736259613,0.0092795671795985,4
6171,3,4,278,10034__Node__6171,,3.82831073538214e-05,0.2416221198156682,0.0069169115683843,4
6173,4,4,278,10034__Node__6173,,0.0001382788700992,0.260710449898564,0.0059654892806455,2
6175,1,13,119,10016__Node__6175,,0.0,0.2325185369141802,0.0020157240790995,4
6178,1,0,1017,10003__Node__6178,,0.0,0.2141900062093532,5.609007953745333e-05,4
6179,1,1,823,10033__Node__6179,,0.0,0.2732996955923439,0.0130031624785455,4
6180,1,25,61,10196__Node__6180,,0.0,0.2241220121054611,0.0003823523012146,4
6181,1,40,36,10052__Node__6181,,0.0,0.2282430785303848,0.0010444873555359,4
6182,1,41,36,10054__Node__6182,,0.0,0.2256498536753313,0.0017696887983241,4
6183,1,9,129,10006__Node__6183,,0.0,0.2452018406973699,0.0009341955255218,4
6185,1,1,823,10033__Node__6185,,0.0,0.2732996955923439,0.0130031624785455,4
6186,1,2,637,10007__Node__6186,outgoing,0.0,0.2410888357550119,0.0025030475733457,1
6187,1,0,1017,10003__Node__6187,,0.0,0.2141900062093532,5.609007953745333e-05,3
6188,4,5,257,10020__Node__6188,outgoing,0.000182336354995,0.2486248624862486,0.0118615992938531,1
6189,1,1,823,10033__Node__6189,incoming,0.0,0.2732996955923439,0.0130031624785455,2
6190,1,2,637,10007__Node__6190,,0.0,0.2410888357550119,0.0025030475733457,4
6191,2,2,637,10007__Node__6191,,0.0002670167910581,0.2686616109858578,0.0069344477040474,3
6192,1,1,823,10033__Node__6192,,0.0,0.2732996955923439,0.0130031624785455,2
6193,2,30,46,10037__Node__6193,,0.0001307124162337,0.2536083272065936,0.0045786358267698,4
6194,1,2,637,10007__Node__6194,,0.0,0.2410888357550119,0.0025030475733457,4
6195,1,22,64,10053__Node__6195,outgoing,0.0,0.2264607304516084,0.0010652272368323,2
6197,1,43,34,10153__Node__6197,,0.0,0.2200436461306026,0.0004362520125827,4
6198,1,24,62,10108__Node__6198,,0.0,0.2187802516940948,0.0002181576780687,4
6199,1,9,129,10006__Node__6199,,0.0,0.2452018406973699,0.0009341955255218,4
6200,3,4,278,10034__Node__6200,,4.784221187412652e-05,0.2465856503254449,0.0095381539343711,4
6201,1,0,1017,10003__Node__6201,,0.0,0.2141900062093532,5.609007953745333e-05,4
6202,1,2,637,10007__Node__6202,,0.0,0.2410888357550119,0.0025030475733457,4
6205,1,0,1017,10003__Node__6205,,0.0,0.2141900062093532,5.609007953745333e-05,4
6206,1,2,637,10007__Node__6206,,0.0,0.2410888357550119,0.0025030475733457,4
6207,1,3,311,10032__Node__6207,,0.0,0.2376445846477392,0.0036864696028191,4
6209,1,16,80,10149__Node__6209,,0.0,0.2240147656970981,0.0003661790249382,4
6210,1,33,41,10191__Node__6210,outgoing,0.0,0.2150615258408531,0.0001192682696565,2
6211,1,20,68,10147__Node__6211,,0.0,0.233695845961847,0.000266663305054,4
6212,1,3,311,10032__Node__6212,,0.0,0.2376445846477392,0.0036864696028191,4
6214,2,5,257,10020__Node__6214,outgoing,3.1207894820875025e-05,0.2437427944512626,0.0077285754692357,3
6215,7,13,119,10016__Node__6215,outgoing,0.0006486484164641,0.2995840380308086,0.0323318398483729,3
6216,2,5,257,10020__Node__6216,,6.790447873965142e-05,0.2399414241259381,0.0053608231424931,2
6218,1,4,278,10034__Node__6218,,0.0,0.2325515381613029,0.0031177529798711,4
6220,7,10,129,10073__Node__6220,,0.0005142820404636,0.2792620051983467,0.0198718184133292,2
6222,1,1,823,10033__Node__6222,incoming,0.0,0.2732996955923439,0.0130031624785455,2
6223,3,29,49,10088__Node__6223,,0.0006306537361404,0.2725269241964322,0.0061945224802703,4
6224,1,14,109,10017__Node__6224,incoming,0.0,0.2319917879013132,0.0020283762330986,3
6225,2,5,257,10020__Node__6225,,3.377420357760836e-05,0.2639655241854283,0.0075911066177756,3
6228,1,0,1017,10003__Node__6228,,0.0,0.2141900062093532,5.609007953745333e-05,4
6229,3,15,98,10055__Node__6229,,5.480557919304055e-05,0.2585710340474217,0.0072455762845618,4
6230,1,0,1017,10003__Node__6230,,0.0,0.2141900062093532,5.609007953745333e-05,4
6231,1,35,39,10019__Node__6231,outgoing,0.0,0.2289766970618034,0.000143815415508,2
6232,1,2,637,10007__Node__6232,,0.0,0.2410888357550119,0.0025030475733457,4
6233,1,34,40,10070__Node__6233,,0.0,0.2028913723183605,8.76295195538406e-05,3
6235,1,11,128,10039__Node__6235,,0.0,0.2339461003034089,0.0027339313516807,4
6237,1,37,38,10148__Node__6237,,0.0,0.2213964800864777,0.0004140669828814,4
6238,1,44,34,10066__Node__6238,outgoing,0.0,0.2330145411881821,0.0001598393767306,3
6242,4,13,119,10016__Node__6242,,0.0001560402106949,0.2721647772102487,0.0114280172778425,3
6244,1,9,129,10006__Node__6244,,0.0,0.2452018406973699,0.0009341955255218,4
6245,1,13,119,10016__Node__6245,outandin,0.0,0.2325185369141802,0.0020157240790995,1
6246,1,0,1017,10003__Node__6246,,0.0,0.2141900062093532,5.609007953745333e-05,4
6247,2,5,257,10020__Node__6247,,0.00016891739531,0.2511014903643538,0.0074976916909006,4
6248,2,10,129,10073__Node__6248,incoming,4.31145364527542e-05,0.2424982424982425,0.0055001036678494,2
6254,1,0,1017,10003__Node__6254,,0.0,0.2141900062093532,5.609007953745333e-05,4
6256,1,24,62,10108__Node__6256,,0.0,0.2187802516940948,0.0002181576780687,4
6257,1,52,28,10162__Node__6257,incoming,0.0,0.214358135731807,2.969075404631632e-05,2
6260,1,0,1017,10003__Node__6260,,0.0,0.2141900062093532,5.609007953745333e-05,4
6262,5,25,61,10196__Node__6262,,0.0015906879213028,0.2708152555679517,0.0103933677902335,4
6263,1,4,278,10034__Node__6263,,0.0,0.2325515381613029,0.0031177529798711,4
6264,2,23,62,10025__Node__6264,incoming,3.630246510779053e-05,0.2348346411551829,0.0028820293591486,3
6265,2,2,637,10007__Node__6265,,0.00016891739531,0.2511014903643538,0.0074976916909006,4
6266,1,10,129,10073__Node__6266,,0.0,0.2364613774939567,0.0045611621676105,4
6267,1,0,1017,10003__Node__6267,,0.0,0.2141900062093532,5.609007953745333e-05,4
6268,1,10,129,10073__Node__6268,,0.0,0.2364613774939567,0.0045611621676105,4
6269,1,2,637,10007__Node__6269,,0.0,0.2410888357550119,0.0025030475733457,4
6270,1,2,637,10007__Node__6270,,0.0,0.2410888357550119,0.0025030475733457,4
6271,4,1,823,10033__Node__6271,,0.0001860946221039,0.284178120799549,0.0202003187245293,3
6272,2,2,637,10007__Node__6272,incoming,2.940920857129768e-05,0.2415864941575435,0.0026785843580301,3
6273,1,0,1017,10003__Node__6273,,0.0,0.2141900062093532,5.609007953745333e-05,4
6274,1,11,128,10039__Node__6274,,0.0,0.2339461003034089,0.0027339313516807,4
6275,1,15,98,10055__Node__6275,,0.0,0.2521836161452922,0.0044314001307017,3
6276,1,31,43,10177__Node__6276,outandin,0.0,0.2531968321421672,0.0025964625002207,0
6277,1,44,34,10066__Node__6277,outgoing,0.0,0.2330145411881821,0.0001598393767306,3
6278,1,4,278,10034__Node__6278,,0.0,0.2325515381613029,0.0031177529798711,4
6279,1,2,637,10007__Node__6279,,0.0,0.2410888357550119,0.0025030475733457,4
6281,1,52,28,10162__Node__6281,outandin,0.0,0.214358135731807,2.969075404631632e-05,0
6283,1,1,823,10033__Node__6283,,0.0,0.2732996955923439,0.0130031624785455,3
6286,2,1,823,10033__Node__6286,,3.966877315413464e-05,0.2798582347666424,0.016542991213373,4
6287,1,25,61,10196__Node__6287,,0.0,0.2241220121054611,0.0003823523012146,4
6288,2,30,46,10037__Node__6288,outgoing,5.087083739116209e-05,0.2277988252059365,0.0010135409761172,3
6289,1,1,823,10033__Node__6289,,0.0,0.2732996955923439,0.0130031624785455,2
6290,4,1,823,10033__Node__6290,outgoing,0.0001847989274369,0.2824147886413582,0.0188312771580826,2
6292,3,9,129,10006__Node__6292,,0.0004637539217946,0.2750661014815125,0.0071237127016867,3
6293,4,7,149,10011__Node__6293,,0.00085859855938,0.2879486841527173,0.0223592487136899,4
6294,1,34,40,10070__Node__6294,,0.0,0.2028913723183605,8.76295195538406e-05,4
6295,2,1,823,10033__Node__6295,,0.0001029283087548,0.2792144165637115,0.0150315387116441,4
6296,1,32,41,10009__Node__6296,,0.0,0.2170414279564195,0.0005185971463854,4
6297,1,40,36,10052__Node__6297,outgoing,0.0,0.2282430785303848,0.0010444873555359,3
6298,2,15,98,10055__Node__6298,incoming,1.86533559249534e-05,0.2772302356076308,0.0174345626092472,3
6299,4,7,149,10011__Node__6299,,0.0008102432490381,0.2683755783956431,0.0086973858598803,4
6300,1,24,62,10108__Node__6300,incoming,0.0,0.2187802516940948,0.0002181576780687,3
6301,2,9,129,10006__Node__6301,,5.747731630669729e-05,0.2589592635031016,0.0044740242603493,2
6303,1,5,257,10020__Node__6303,outgoing,0.0,0.2378170470626655,0.0049946441175549,3
6304,2,2,637,10007__Node__6304,,0.0001167955383124,0.2492109966158409,0.0056208005532169,4
6305,1,22,64,10053__Node__6305,,0.0,0.2264607304516084,0.0010652272368323,4
6307,1,4,278,10034__Node__6307,,0.0,0.2325515381613029,0.0031177529798711,4
6308,1,47,29,10041__Node__6308,outandin,0.0,0.2211424908054121,0.0004618773125671,0
6309,1,37,38,10148__Node__6309,,0.0,0.2213964800864777,0.0004140669828814,4
6311,2,34,40,10070__Node__6311,,4.142753370070575e-05,0.2222523652887517,0.0006062266659392,4
6312,4,9,129,10006__Node__6312,,0.0007622723250803,0.2860634629653878,0.0121183568192416,4
6315,1,0,1017,10003__Node__6315,,0.0,0.2141900062093532,5.609007953745333e-05,3
6316,2,4,278,10034__Node__6316,,4.274619498308611e-05,0.2525334258081917,0.0038203199500558,3
6318,2,30,46,10037__Node__6318,,9.087725017011564e-05,0.237472372187398,0.0047083978636787,4
6321,1,1,823,10033__Node__6321,,0.0,0.2732996955923439,0.0130031624785455,4
6322,3,4,278,10034__Node__6322,outgoing,0.0001252453638572,0.2560656378198866,0.0047545154755776,1
6324,2,17,73,10008__Node__6324,,7.751875808169314e-05,0.2762719723475108,0.0140789460743469,3
6327,4,17,73,10008__Node__6327,,0.0001421674680725,0.2625485718863918,0.0084133803059622,3
6328,5,11,128,10039__Node__6328,,0.0003271737692394,0.2493627059315907,0.0108446850193877,4
6331,2,4,278,10034__Node__6331,,1.7188893084021428e-05,0.2356790966953144,0.0036945805144247,4
6332,1,50,28,10143__Node__6332,outgoing,0.0,0.221381523391319,0.0002035896601726,3
6336,2,4,278,10034__Node__6336,,0.0001167955383124,0.2492109966158409,0.0056208005532169,4
6337,2,2,637,10007__Node__6337,,0.0004706392824203,0.2477601784296677,0.0034419890735846,4
6338,1,37,38,10148__Node__6338,,0.0,0.2213964800864777,0.0004140669828814,4
6339,1,1,823,10033__Node__6339,,0.0,0.2732996955923439,0.0130031624785455,4
6340,1,2,637,10007__Node__6340,,0.0,0.2410888357550119,0.0025030475733457,4
6341,2,2,637,10007__Node__6341,,0.0001327237145512,0.2631388766210302,0.0034372430988675,4
6342,1,2,637,10007__Node__6342,outgoing,0.0,0.2410888357550119,0.0025030475733457,3
6343,5,14,109,10017__Node__6343,outandin,0.0001412748617836,0.2420504487203161,0.0064116005857719,0
6344,2,2,637,10007__Node__6344,,3.568422116618177e-05,0.242086211354486,0.0028975990965125,3
6345,3,41,36,10054__Node__6345,outandin,4.283156383846814e-05,0.2566271193077254,0.0070673942090749,2
6346,1,37,38,10148__Node__6346,incoming,0.0,0.2213964800864777,0.0004140669828814,3
6347,1,4,278,10034__Node__6347,,0.0,0.2325515381613029,0.0031177529798711,4
6349,1,2,637,10007__Node__6349,,0.0,0.2410888357550119,0.0025030475733457,4
6352,1,0,1017,10003__Node__6352,,0.0,0.2141900062093532,5.609007953745333e-05,4
6353,1,17,73,10008__Node__6353,,0.0,0.2302962156084191,0.0010757835958013,3
6355,4,1,823,10033__Node__6355,,0.0002104882844693,0.2867894805933575,0.0211551777926933,3
6356,1,0,1017,10003__Node__6356,,0.0,0.2141900062093532,5.609007953745333e-05,4
6358,2,27,52,10026__Node__6358,,1.0696659804046282e-06,0.2188094681667946,0.0003751383421429,4
6359,7,3,311,10032__Node__6359,,0.0010833954280435,0.2659147157869111,0.0153614650700574,4
6360,2,1,823,10033__Node__6360,,1.86533559249534e-05,0.2772302356076308,0.0174345626092472,4
6361,3,1,823,10033__Node__6361,incoming,9.912113457018632e-05,0.2777707141343505,0.0156506716232301,3
6364,1,6,169,10047__Node__6364,,0.0,0.187348140525398,4.024558046919183e-05,4
6365,2,5,257,10020__Node__6365,,3.377420357760836e-05,0.2639655241854283,0.0075911066177756,4
6366,1,0,1017,10003__Node__6366,outgoing,0.0,0.2141900062093532,5.609007953745333e-05,3
6369,3,4,278,10034__Node__6369,,0.0001235957394592,0.2640080563947633,0.0075067895528749,4
6370,1,1,823,10033__Node__6370,incoming,0.0,0.2732996955923439,0.0130031624785455,3
6371,2,2,637,10007__Node__6371,,0.0005990651794139,0.2908622908622909,0.0155062100518912,4
6372,1,43,34,10153__Node__6372,outgoing,0.0,0.2200436461306026,0.0004362520125827,1
6373,1,0,1017,10003__Node__6373,,0.0,0.2141900062093532,5.609007953745333e-05,4
6375,1,2,637,10007__Node__6375,,0.0,0.2410888357550119,0.0025030475733457,4
6376,1,0,1017,10003__Node__6376,,0.0,0.2141900062093532,5.609007953745333e-05,4
6378,1,52,28,10162__Node__6378,outandin,0.0,0.214358135731807,2.969075404631632e-05,0
6379,1,8,139,10071__Node__6379,,0.0,0.2328820665884944,0.0001403357882566,4
6383,4,2,637,10007__Node__6383,,0.0002874986458587,0.2641996210746966,0.0037826952827873,4
6384,1,2,637,10007__Node__6384,,0.0,0.2410888357550119,0.0025030475733457,4
6385,2,42,35,10056__Node__6385,,7.843658343840981e-05,0.2750661014815125,0.0135799900130991,4
6386,2,58,24,10115__Node__6386,incoming,2.12376709032932e-05,0.2344146786365749,0.0024102756022663,3
6388,2,4,278,10034__Node__6388,,4.274619498308611e-05,0.2525334258081917,0.0038203199500558,4
6389,1,1,823,10033__Node__6389,,0.0,0.2732996955923439,0.0130031624785455,4
6390,3,4,278,10034__Node__6390,,4.784221187412652e-05,0.2465856503254449,0.0095381539343711,4
6392,1,4,278,10034__Node__6392,,0.0,0.2325515381613029,0.0031177529798711,4
6394,1,1,823,10033__Node__6394,,0.0,0.2732996955923439,0.0130031624785455,4
6395,4,15,98,10055__Node__6395,,0.0001221346693039,0.2848450606284497,0.022768330332341,4
6396,2,13,119,10016__Node__6396,,2.2679884314924985e-05,0.2589797289287548,0.0046121865793203,4
6397,1,33,41,10191__Node__6397,,0.0,0.2150615258408531,0.0001192682696565,2
6399,2,53,27,10013__Node__6399,,2.940920857129768e-05,0.2415864941575435,0.0026785843580301,4
6400,1,11,128,10039__Node__6400,,0.0,0.2339461003034089,0.0027339313516807,4
6401,3,2,637,10007__Node__6401,,0.0004558787271301,0.2487569742285649,0.0053936545952425,4
6403,4,14,109,10017__Node__6403,,0.0001225133924564,0.2508900202886345,0.0135999065973636,4
6404,1,14,109,10017__Node__6404,outgoing,0.0,0.2319917879013132,0.0020283762330986,1
6406,1,1,823,10033__Node__6406,,0.0,0.2732996955923439,0.0130031624785455,4
6408,1,4,278,10034__Node__6408,,0.0,0.2325515381613029,0.0031177529798711,3
6410,1,50,28,10143__Node__6410,outgoing,0.0,0.221381523391319,0.0002035896601726,3
6411,1,0,1017,10003__Node__6411,,0.0,0.2141900062093532,5.609007953745333e-05,4
6412,1,20,68,10147__Node__6412,,0.0,0.233695845961847,0.000266663305054,4
6413,1,2,637,10007__Node__6413,,0.0,0.2410888357550119,0.0025030475733457,4
6414,3,3,311,10032__Node__6414,,0.0003635823823784,0.2904498116552182,0.0187180083144633,4
6415,5,13,119,10016__Node__6415,,0.0003269140017553,0.2474421414278702,0.0089515397289353,3
6417,2,1,823,10033__Node__6417,,5.444984180463453e-05,0.2741456477182415,0.0135217596249309,4
6419,1,37,38,10148__Node__6419,,0.0,0.2213964800864777,0.0004140669828814,4
6420,1,9,129,10006__Node__6420,,0.0,0.2452018406973699,0.0009341955255218,3
6421,2,13,119,10016__Node__6421,,2.3887875221063938e-05,0.2424444197832279,0.0070103681966544,4
6422,3,41,36,10054__Node__6422,,8.017978161363702e-05,0.2825852627948088,0.0193340134444802,3
6423,1,2,637,10007__Node__6423,outandin,0.0,0.2410888357550119,0.0025030475733457,2
6424,3,5,257,10020__Node__6424,outgoing,0.0001062280529183,0.2516993740158992,0.0126735592650366,1
6425,4,4,278,10034__Node__6425,,0.0001675652813498,0.2536672214266362,0.0128433540557811,2
6427,2,1,823,10033__Node__6427,incoming,2.061345439045477e-05,0.2752971815012391,0.0147728512768696,2
6428,2,20,68,10147__Node__6428,,4.8108871668983054e-05,0.2487003377224604,0.0011444836514144,3
6429,1,3,311,10032__Node__6429,outandin,0.0,0.2376445846477392,0.0036864696028191,2
6430,1,3,311,10032__Node__6430,,0.0,0.2376445846477392,0.0036864696028191,4
6432,1,3,311,10032__Node__6432,,0.0,0.2376445846477392,0.0036864696028191,4
6433,2,1,823,10033__Node__6433,incoming,5.199466674260389e-05,0.2809378884650006,0.017564324646156,3
6435,1,15,98,10055__Node__6435,,0.0,0.2521836161452922,0.0044314001307017,3
6436,1,0,1017,10003__Node__6436,,0.0,0.2141900062093532,5.609007953745333e-05,4
6437,1,8,139,10071__Node__6437,,0.0,0.2328820665884944,0.0001403357882566,4
6438,1,1,823,10033__Node__6438,,0.0,0.2732996955923439,0.0130031624785455,4
6439,2,8,139,10071__Node__6439,,0.0001321781044718,0.2452385406922357,0.0003550129916965,3
6440,1,5,257,10020__Node__6440,,0.0,0.2378170470626655,0.0049946441175549,4
6443,1,0,1017,10003__Node__6443,,0.0,0.2141900062093532,5.609007953745333e-05,3
6445,2,37,38,10148__Node__6445,,1.2088289405136505e-05,0.2316474039515074,0.0014898505786828,4
6446,3,10,129,10073__Node__6446,,1.5060357607620346e-05,0.2401524312044263,0.0081247899542009,3
6448,5,1,823,10033__Node__6448,,0.0003507791314731,0.2872923333187218,0.0233921422696036,4
6449,2,22,64,10053__Node__6449,outgoing,3.121724162991152e-05,0.2464743710277913,0.001767794207017,2
6450,1,2,637,10007__Node__6450,,0.0,0.2410888357550119,0.0025030475733457,4
6451,1,51,28,10031__Node__6451,outgoing,0.0,0.2180378588775408,0.000277416775589,3
6452,1,6,169,10047__Node__6452,outgoing,0.0,0.187348140525398,4.024558046919183e-05,1
6453,1,2,637,10007__Node__6453,,0.0,0.2410888357550119,0.0025030475733457,4
6455,1,6,169,10047__Node__6455,,0.0,0.187348140525398,4.024558046919183e-05,4
6456,1,0,1017,10003__Node__6456,,0.0,0.2141900062093532,5.609007953745333e-05,4
6457,3,1,823,10033__Node__6457,outandin,9.062638371850946e-05,0.2832692224575355,0.019314942453579,0
6458,3,10,129,10073__Node__6458,,5.737692895398597e-05,0.2476291230589035,0.011571530364265,4
6459,3,3,311,10032__Node__6459,,9.380259296889464e-05,0.2404696385984223,0.004542898438553,4
6460,5,13,119,10016__Node__6460,,0.0005798303728374,0.2421040966347752,0.0049050047964381,3
6462,1,0,1017,10003__Node__6462,,0.0,0.2141900062093532,5.609007953745333e-05,4
6463,8,1,823,10033__Node__6463,,0.0015417737825189,0.3104248567233458,0.0340016136274211,4
6464,3,14,109,10017__Node__6464,,5.069476191322837e-05,0.2435073379156604,0.0065926661822782,3
6465,2,4,278,10034__Node__6465,,1.7188893084021428e-05,0.2356790966953144,0.0036945805144247,4
6467,3,31,43,10177__Node__6467,outgoing,7.185531302953541e-05,0.2823417912376685,0.0191394537135938,2
6468,1,1,823,10033__Node__6468,,0.0,0.2732996955923439,0.0130031624785455,4
6469,3,2,637,10007__Node__6469,incoming,0.0001765741554926,0.2496666793645956,0.0057963373379012,3
6470,1,2,637,10007__Node__6470,,0.0,0.2410888357550119,0.0025030475733457,4
6471,1,2,637,10007__Node__6471,,0.0,0.2410888357550119,0.0025030475733457,4
6472,2,42,35,10056__Node__6472,,1.2905219556850784e-05,0.234129961061694,0.0026052037676522,4
6475,2,4,278,10034__Node__6475,,2.2026450600214655e-05,0.2436159536111214,0.0068042225826903,4
6477,1,1,823,10033__Node__6477,incoming,0.0,0.2732996955923439,0.0130031624785455,3
6478,4,62,23,10212__Node__6478,,0.0004317728904547,0.2603790075880974,0.0047872510717473,3
6480,1,26,60,10093__Node__6480,incoming,0.0,0.2539621033053048,0.0035398287348275,3
6481,1,61,23,10058__Node__6481,incoming,0.0,0.2166683196138715,0.000156675670216,3
6482,2,18,70,10091__Node__6482,outgoing,0.0002298890046939,0.2441786818672925,0.0008181189052992,1
6484,1,0,1017,10003__Node__6484,,0.0,0.2141900062093532,5.609007953745333e-05,4
6485,6,10,129,10073__Node__6485,,0.0002203648452785,0.2515641192952827,0.0146262431861155,4
6487,3,5,257,10020__Node__6487,,7.929570427208557e-05,0.2683536011137043,0.0111309353526032,4
6489,2,37,38,10148__Node__6489,,1.2088289405136505e-05,0.2316474039515074,0.0014898505786828,3
6491,4,5,257,10020__Node__6491,,0.0001822269538299,0.2682437686735153,0.0120620383266299,4
6492,1,2,637,10007__Node__6492,,0.0,0.2410888357550119,0.0025030475733457,4
6495,2,2,637,10007__Node__6495,,0.0001327237145512,0.2631388766210302,0.0034372430988675,4
6497,1,0,1017,10003__Node__6497,,0.0,0.2141900062093532,5.609007953745333e-05,4
6498,1,14,109,10017__Node__6498,,0.0,0.2319917879013132,0.0020283762330986,4
6500,2,25,61,10196__Node__6500,,6.036262939383449e-05,0.2295862962833222,0.0007485313261528,4
6503,3,4,278,10034__Node__6503,,6.879106856444946e-05,0.2561056621468485,0.005614258938322,4
6504,1,17,73,10008__Node__6504,incoming,0.0,0.2302962156084191,0.0010757835958013,2
6506,2,29,49,10088__Node__6506,,3.707865881563157e-06,0.2237394599392346,0.0003845171927071,4
6508,1,33,41,10191__Node__6508,,0.0,0.2150615258408531,0.0001192682696565,2
6509,2,3,311,10032__Node__6509,,0.0002302210228481,0.285913711119836,0.0166896320813646,4
6510,2,4,278,10034__Node__6510,,4.274619498308611e-05,0.2525334258081917,0.0038203199500558,4
6511,2,18,70,10091__Node__6511,incoming,3.803335690677607e-05,0.2532359646072408,0.002746213464845,3
6512,1,32,41,10009__Node__6512,outandin,0.0,0.2170414279564195,0.0005185971463854,0
6513,1,1,823,10033__Node__6513,,0.0,0.2732996955923439,0.0130031624785455,4
6515,1,12,120,10077__Node__6515,incoming,0.0,0.2249682490646346,0.0009389415002389,3
6516,1,2,637,10007__Node__6516,outgoing,0.0,0.2410888357550119,0.0025030475733457,3
6519,1,2,637,10007__Node__6519,,0.0,0.2410888357550119,0.0025030475733457,4
6524,1,0,1017,10003__Node__6524,,0.0,0.2141900062093532,5.609007953745333e-05,4
6526,1,16,80,10149__Node__6526,,0.0,0.2240147656970981,0.0003661790249382,2
6527,4,1,823,10033__Node__6527,,0.0001461697552486,0.286413494734082,0.0237463425842807,4
6529,1,6,169,10047__Node__6529,,0.0,0.187348140525398,4.024558046919183e-05,2
6530,1,8,139,10071__Node__6530,,0.0,0.2328820665884944,0.0001403357882566,4
6531,1,2,637,10007__Node__6531,outgoing,0.0,0.2410888357550119,0.0025030475733457,3
6532,1,18,70,10091__Node__6532,incoming,0.0,0.2419968245763024,0.0007304893857454,3
6534,2,1,823,10033__Node__6534,outandin,4.962537284347362e-05,0.2753665812360825,0.0135051580918025,1
6535,1,1,823,10033__Node__6535,outgoing,0.0,0.2732996955923439,0.0130031624785455,2
6536,4,4,278,10034__Node__6536,,9.825091041723391e-05,0.2481729713355295,0.0106033811712034,4
6537,1,2,637,10007__Node__6537,outgoing,0.0,0.2410888357550119,0.0025030475733457,3
6538,2,1,823,10033__Node__6538,,0.0003014068910551,0.2754591686630521,0.0132698257835995,4
6540,3,3,311,10032__Node__6540,,0.0003656082636639,0.2898845592463178,0.0211210322120663,3
6541,1,12,120,10077__Node__6541,incoming,0.0,0.2249682490646346,0.0009389415002389,3
6545,1,3,311,10032__Node__6545,,0.0,0.2376445846477392,0.0036864696028191,4
6548,1,37,38,10148__Node__6548,,0.0,0.2213964800864777,0.0004140669828814,4
6549,6,12,120,10077__Node__6549,,0.0005924732967311,0.2937564430101743,0.0256398326386222,4
6550,1,1,823,10033__Node__6550,,0.0,0.2732996955923439,0.0130031624785455,4
6551,1,19,70,10105__Node__6551,,0.0,0.215132118824881,0.0002413038481842,4
6552,3,9,129,10006__Node__6552,,0.0001515784805858,0.263901751560298,0.0063712829357639,4
6555,4,4,278,10034__Node__6555,,0.0001962249132471,0.2517187079924722,0.0117230154596799,3
6556,1,37,38,10148__Node__6556,,0.0,0.2213964800864777,0.0004140669828814,4
6557,2,27,52,10026__Node__6557,,1.0696659804046282e-06,0.2188094681667946,0.0003751383421429,3
6561,2,7,149,10011__Node__6561,,8.029432438370984e-05,0.2306365907731287,0.0012298292168812,4
6562,1,1,823,10033__Node__6562,,0.0,0.2732996955923439,0.0130031624785455,4
6564,1,20,68,10147__Node__6564,,0.0,0.233695845961847,0.000266663305054,4
6565,1,1,823,10033__Node__6565,,0.0,0.2732996955923439,0.0130031624785455,4
6566,1,20,68,10147__Node__6566,,0.0,0.233695845961847,0.000266663305054,4
6568,5,1,823,10033__Node__6568,,0.0003165645177459,0.2858139636300205,0.0223426922373808,4
6571,1,7,149,10011__Node__6571,,0.0,0.2235715504008187,0.0003635239368321,4
6572,1,1,823,10033__Node__6572,,0.0,0.2732996955923439,0.0130031624785455,3
6573,1,0,1017,10003__Node__6573,,0.0,0.2141900062093532,5.609007953745333e-05,4
6574,1,1,823,10033__Node__6574,,0.0,0.2732996955923439,0.0130031624785455,4
6575,1,5,257,10020__Node__6575,,0.0,0.2378170470626655,0.0049946441175549,4
6576,1,50,28,10143__Node__6576,,0.0,0.221381523391319,0.0002035896601726,4
6577,3,5,257,10020__Node__6577,,0.0001923348994818,0.2869652786899601,0.0188756269424609,4
6579,9,12,120,10077__Node__6579,,0.00103250294035,0.2858388939770596,0.0203656383802925,3
6580,1,2,637,10007__Node__6580,,0.0,0.2410888357550119,0.0025030475733457,4
6582,4,10,129,10073__Node__6582,,0.0001543421506378,0.2472554419587279,0.008017823360206,3
6585,9,10,129,10073__Node__6585,,0.0014071933956991,0.3132138590203106,0.0380311102404032,4
6587,1,14,109,10017__Node__6587,,0.0,0.2319917879013132,0.0020283762330986,2
6588,1,14,109,10017__Node__6588,,0.0,0.2319917879013132,0.0020283762330986,4
6594,3,1,823,10033__Node__6594,,9.505136129153278e-05,0.2844247710801545,0.0219957247768577,4
6595,4,1,823,10033__Node__6595,,0.0001315319226692,0.2856146772998649,0.0237654135751819,4
6597,2,47,29,10041__Node__6597,,9.442722056545228e-06,0.2352730014000071,0.0031958086642478,4
6598,1,1,823,10033__Node__6598,,0.0,0.2732996955923439,0.0130031624785455,4
6602,1,20,68,10147__Node__6602,,0.0,0.233695845961847,0.000266663305054,2
6603,1,0,1017,10003__Node__6603,,0.0,0.2141900062093532,5.609007953745333e-05,4
6604,2,9,129,10006__Node__6604,,9.31814357620982e-05,0.2498379903175389,0.0011377851856944,4
6606,2,12,120,10077__Node__6606,,3.70850924442444e-05,0.2567879951416369,0.0035354040004596,2
6608,2,9,129,10006__Node__6608,,0.0001327237145512,0.2631388766210302,0.0034372430988675,3
6609,1,2,637,10007__Node__6609,,0.0,0.2410888357550119,0.0025030475733457,4
6611,2,1,823,10033__Node__6611,,5.2822485245991e-05,0.2749276395821972,0.0138694677585945,4
6612,2,1,823,10033__Node__6612,,1.86533559249534e-05,0.2772302356076308,0.0174345626092472,4
6614,1,12,120,10077__Node__6614,,0.0,0.2249682490646346,0.0009389415002389,4
6616,1,48,29,10065__Node__6616,,0.0,0.2299891216619293,0.0017506178074229,4
6621,3,2,637,10007__Node__6621,incoming,6.823372083243836e-05,0.2421577683354886,0.0028484997572654,1
6623,1,32,41,10009__Node__6623,,0.0,0.2170414279564195,0.0005185971463854,4
6626,6,1,823,10033__Node__6626,,0.0003652514935514,0.282147315855181,0.0218500377604136,4
6627,3,13,119,10016__Node__6627,,0.0001168628175665,0.2358996508656372,0.0030128126951165,3
6628,3,8,139,10071__Node__6628,,0.001411634080279,0.2845235511178641,0.0177046604344126,4
6629,1,1,823,10033__Node__6629,,0.0,0.2732996955923439,0.0130031624785455,4
6630,2,24,62,10108__Node__6630,outgoing,5.771696589484588e-05,0.2288967275521251,0.0010844629581178,1
6631,2,38,38,10086__Node__6631,,3.707865881563157e-06,0.2237394599392346,0.0003845171927071,4
6633,1,2,637,10007__Node__6633,,0.0,0.2410888357550119,0.0025030475733457,4
6634,1,50,28,10143__Node__6634,outandin,0.0,0.221381523391319,0.0002035896601726,2
6635,2,29,49,10088__Node__6635,outandin,0.0001242483028701,0.2212768830818056,0.0003929500202812,0
6638,1,22,64,10053__Node__6638,,0.0,0.2264607304516084,0.0010652272368323,4
6643,1,23,62,10025__Node__6643,,0.0,0.2226903605042302,0.000866305280049,4
6644,1,62,23,10212__Node__6644,outandin,0.0,0.228274877224757,0.0008778203463604,2
6645,1,2,637,10007__Node__6645,,0.0,0.2410888357550119,0.0025030475733457,4
6649,5,1,823,10033__Node__6649,,0.0002624049600285,0.2867643841610151,0.0234745695281444,4
6650,1,13,119,10016__Node__6650,,0.0,0.2325185369141802,0.0020157240790995,3
6652,1,8,139,10071__Node__6652,,0.0,0.2328820665884944,0.0001403357882566,3
6654,1,12,120,10077__Node__6654,outgoing,0.0,0.2249682490646346,0.0009389415002389,3
6655,1,1,823,10033__Node__6655,,0.0,0.2732996955923439,0.0130031624785455,4
6656,2,15,98,10055__Node__6656,,1.86533559249534e-05,0.2772302356076308,0.0174345626092472,4
6658,2,2,637,10007__Node__6658,,0.0005990651794139,0.2908622908622909,0.0155062100518912,4
6659,3,9,129,10006__Node__6659,,0.0002708698783709,0.2647759867490809,0.0039392387121246,4
6660,1,8,139,10071__Node__6660,,0.0,0.2328820665884944,0.0001403357882566,4
6661,1,2,637,10007__Node__6661,,0.0,0.2410888357550119,0.0025030475733457,4
6662,2,4,278,10034__Node__6662,,1.135304549306806e-05,0.2399765662187397,0.0058516843315519,4
6665,1,23,62,10025__Node__6665,,0.0,0.2226903605042302,0.000866305280049,4
6666,1,2,637,10007__Node__6666,,0.0,0.2410888357550119,0.0025030475733457,4
6667,4,4,278,10034__Node__6667,,0.000179963851768,0.2688379342877066,0.010409858350765,4
6668,1,4,278,10034__Node__6668,outgoing,0.0,0.2325515381613029,0.0031177529798711,3
6669,2,10,129,10073__Node__6669,,2.440333862397624e-05,0.2618562467537656,0.0089925622983122,4
6670,2,39,37,10010__Node__6670,,8.138587178486655e-06,0.2282430785303848,0.0014409371134959,4
6671,3,39,37,10010__Node__6671,outgoing,0.0001819827919473,0.286413494734082,0.0184998022093574,1
6672,1,0,1017,10003__Node__6672,,0.0,0.2141900062093532,5.609007953745333e-05,4
6674,2,20,68,10147__Node__6674,,5.326732622155963e-05,0.2437609253542604,0.0006490156062686,4
6676,1,2,637,10007__Node__6676,,0.0,0.2410888357550119,0.0025030475733457,4
6680,2,26,60,10093__Node__6680,,0.0001028770798953,0.2569490728035441,0.0039760807474103,4
6681,1,4,278,10034__Node__6681,,0.0,0.2325515381613029,0.0031177529798711,4
6682,2,39,37,10010__Node__6682,outgoing,1.821661164095633e-05,0.2552876562926031,0.0040418243480845,2
6683,1,2,637,10007__Node__6683,,0.0,0.2410888357550119,0.0025030475733457,4
6686,1,2,637,10007__Node__6686,,0.0,0.2410888357550119,0.0025030475733457,4
6687,2,1,823,10033__Node__6687,,1.86533559249534e-05,0.2772302356076308,0.0174345626092472,4
6689,1,1,823,10033__Node__6689,,0.0,0.2732996955923439,0.0130031624785455,3
6690,7,11,128,10039__Node__6690,,0.0016849256783016,0.2573324433625191,0.0144369806417572,4
6691,1,15,98,10055__Node__6691,,0.0,0.2521836161452922,0.0044314001307017,4
6692,2,4,278,10034__Node__6692,,2.4250368548329885e-05,0.2404343519571517,0.0051461292129698,2
6694,1,17,73,10008__Node__6694,,0.0,0.2302962156084191,0.0010757835958013,4
6695,2,44,34,10066__Node__6695,,0.0010737142824496,0.2523001116372175,0.0002159294562681,4
6696,1,2,637,10007__Node__6696,,0.0,0.2410888357550119,0.0025030475733457,4
6698,2,2,637,10007__Node__6698,,0.0001327237145512,0.2631388766210302,0.0034372430988675,4
6699,1,2,637,10007__Node__6699,,0.0,0.2410888357550119,0.0025030475733457,4
6700,3,33,41,10191__Node__6700,outandin,0.0002457959918406,0.2404696385984223,0.0055084639103782,0
6701,1,1,823,10033__Node__6701,,0.0,0.2732996955923439,0.0130031624785455,4
6702,5,3,311,10032__Node__6702,outgoing,0.0001495712561918,0.2489837784447061,0.0111594688244606,3
6703,4,40,36,10052__Node__6703,outandin,0.0002397430316392,0.243308460481865,0.0071071287725616,0
6704,1,35,39,10019__Node__6704,,0.0,0.2289766970618034,0.000143815415508,4
6705,3,34,40,10070__Node__6705,,0.0009612876615818,0.2756445304285654,0.0132100602677558,3
6706,3,11,128,10039__Node__6706,,4.784221187412652e-05,0.2465856503254449,0.0095381539343711,4
6707,3,14,109,10017__Node__6707,outgoing,4.518513941625443e-05,0.2348346411551829,0.0027998488877306,3
6708,1,9,129,10006__Node__6708,,0.0,0.2452018406973699,0.0009341955255218,4
6710,4,25,61,10196__Node__6710,,0.000250961370328,0.2566271193077254,0.003959774492503,4
6711,3,18,70,10091__Node__6711,,0.0005069853155679,0.2712411538302363,0.0076649370897929,4
6712,1,56,25,10030__Node__6712,outandin,0.0,0.2137150683144748,0.0001699153992353,0
6713,1,20,68,10147__Node__6713,,0.0,0.233695845961847,0.000266663305054,4
6716,5,13,119,10016__Node__6716,outgoing,0.0003710085051052,0.2925501048966656,0.0226610398198846,3
6717,6,13,119,10016__Node__6717,,0.0003664678217978,0.2837106618761092,0.022139221730015,2
6718,1,18,70,10091__Node__6718,incoming,0.0,0.2419968245763024,0.0007304893857454,1
6723,2,41,36,10054__Node__6723,,8.295446506654287e-06,0.2544353429869171,0.0062010889290258,4
6725,1,0,1017,10003__Node__6725,,0.0,0.2141900062093532,5.609007953745333e-05,4
6726,1,6,169,10047__Node__6726,,0.0,0.187348140525398,4.024558046919183e-05,4
6728,3,23,62,10025__Node__6728,,9.636721584830038e-05,0.278620924201845,0.0183008678892963,4
6729,1,4,278,10034__Node__6729,,0.0,0.2325515381613029,0.0031177529798711,4
6731,1,2,637,10007__Node__6731,,0.0,0.2410888357550119,0.0025030475733457,4
6732,2,1,823,10033__Node__6732,,5.2822485245991e-05,0.2749276395821972,0.0138694677585945,2
6733,1,10,129,10073__Node__6733,,0.0,0.2364613774939567,0.0045611621676105,4
6735,3,17,73,10008__Node__6735,outgoing,0.0005941862812787,0.2439968727895461,0.0051257771354527,2
6736,1,4,278,10034__Node__6736,,0.0,0.2325515381613029,0.0031177529798711,2
6737,3,35,39,10019__Node__6737,,0.0002735534274527,0.2782187884705183,0.0175783780247552,4
6738,4,20,68,10147__Node__6738,,0.0008496677468449,0.2904240705454867,0.0180007827419545,4
6740,1,39,37,10010__Node__6740,outandin,0.0,0.2211424908054121,0.000501995613257,2
6742,3,10,129,10073__Node__6742,outandin,8.46997002026718e-05,0.282780342581007,0.0193582636344223,2
6743,2,25,61,10196__Node__6743,,6.017724181591032e-05,0.2395030147999269,0.0053769964187695,4
6745,1,3,311,10032__Node__6745,outgoing,0.0,0.2376445846477392,0.0036864696028191,1
6746,2,15,98,10055__Node__6746,outgoing,1.86533559249534e-05,0.2772302356076308,0.0174345626092472,2
6748,1,1,823,10033__Node__6748,outgoing,0.0,0.2732996955923439,0.0130031624785455,3
6749,1,6,169,10047__Node__6749,,0.0,0.187348140525398,4.024558046919183e-05,3
6752,2,12,120,10077__Node__6752,,1.3791820740925144e-05,0.2271671692488995,0.0013155128992728,4
6753,1,2,637,10007__Node__6753,,0.0,0.2410888357550119,0.0025030475733457,4
6754,1,39,37,10010__Node__6754,,0.0,0.2211424908054121,0.000501995613257,3
6756,1,10,129,10073__Node__6756,,0.0,0.2364613774939567,0.0045611621676105,4
6759,1,2,637,10007__Node__6759,,0.0,0.2410888357550119,0.0025030475733457,4
6760,2,5,257,10020__Node__6760,,1.6977563716671108e-05,0.2444336702345877,0.0095558062851654,2
6761,2,1,823,10033__Node__6761,,1.86533559249534e-05,0.2772302356076308,0.0174345626092472,4
6762,3,25,61,10196__Node__6762,,0.0001906433660484,0.2671285918076218,0.0089168251535971,2
6763,1,1,823,10033__Node__6763,incoming,0.0,0.2732996955923439,0.0130031624785455,3
6765,5,5,257,10020__Node__6765,outgoing,0.0004064451684497,0.2826096330473028,0.0156963261444518,1
6766,2,3,311,10032__Node__6766,,4.230854953599967e-05,0.2410711001581638,0.0047622531986205,4
6767,1,1,823,10033__Node__6767,,0.0,0.2732996955923439,0.0130031624785455,3
6768,3,32,41,10009__Node__6768,outgoing,0.0001359316997963,0.2757605082677662,0.01438806490498,2
6769,3,4,278,10034__Node__6769,incoming,0.0001185334041656,0.2523389673892118,0.0117988667002452,2
6770,1,6,169,10047__Node__6770,,0.0,0.187348140525398,4.024558046919183e-05,4
6771,1,1,823,10033__Node__6771,,0.0,0.2732996955923439,0.0130031624785455,4
6772,3,5,257,10020__Node__6772,,0.000169946526645,0.274099786709046,0.0116522258322536,4
6773,1,3,311,10032__Node__6773,,0.0,0.2376445846477392,0.0036864696028191,2
6774,1,2,637,10007__Node__6774,,0.0,0.2410888357550119,0.0025030475733457,4
6775,1,2,637,10007__Node__6775,,0.0,0.2410888357550119,0.0025030475733457,4
6776,1,6,169,10047__Node__6776,outgoing,0.0,0.187348140525398,4.024558046919183e-05,3
6777,3,16,80,10149__Node__6777,,0.0001128729306495,0.2412308145312672,0.0058227004550602,3
6778,3,2,637,10007__Node__6778,,0.0002641694485837,0.2648401826484018,0.0041398100690522,4
6779,4,2,637,10007__Node__6779,,0.0006975952452479,0.2674774517406031,0.0050971562203763,4
6782,2,52,28,10162__Node__6782,incoming,0.0001449680128797,0.241907503783265,0.0004915680666134,1
6784,1,0,1017,10003__Node__6784,,0.0,0.2141900062093532,5.609007953745333e-05,3
6786,1,20,68,10147__Node__6786,,0.0,0.233695845961847,0.000266663305054,4
6789,1,44,34,10066__Node__6789,outgoing,0.0,0.2330145411881821,0.0001598393767306,3
6790,1,1,823,10033__Node__6790,,0.0,0.2732996955923439,0.0130031624785455,3
6794,1,5,257,10020__Node__6794,,0.0,0.2378170470626655,0.0049946441175549,2
6797,1,2,637,10007__Node__6797,outgoing,0.0,0.2410888357550119,0.0025030475733457,3
6800,1,0,1017,10003__Node__6800,,0.0,0.2141900062093532,5.609007953745333e-05,4
6801,1,7,149,10011__Node__6801,,0.0,0.2235715504008187,0.0003635239368321,4
6803,1,7,149,10011__Node__6803,,0.0,0.2235715504008187,0.0003635239368321,4
6804,2,4,278,10034__Node__6804,,2.2026450600214655e-05,0.2436159536111214,0.0068042225826903,4
6805,1,7,149,10011__Node__6805,outgoing,0.0,0.2235715504008187,0.0003635239368321,3
6806,1,2,637,10007__Node__6806,,0.0,0.2410888357550119,0.0025030475733457,4
6808,1,22,64,10053__Node__6808,,0.0,0.2264607304516084,0.0010652272368323,4
6810,1,1,823,10033__Node__6810,,0.0,0.2732996955923439,0.0130031624785455,4
6811,3,11,128,10039__Node__6811,,8.543659865770853e-05,0.2494386298763082,0.0109815631221105,4
6812,1,6,169,10047__Node__6812,,0.0,0.187348140525398,4.024558046919183e-05,2
6813,2,40,36,10052__Node__6813,,1.1576894172657605e-05,0.2308803325465882,0.0014268396567505,4
6815,1,16,80,10149__Node__6815,,0.0,0.2240147656970981,0.0003661790249382,4
6817,2,1,823,10033__Node__6817,,1.86533559249534e-05,0.2772302356076308,0.0174345626092472,3
6818,1,43,34,10153__Node__6818,,0.0,0.2200436461306026,0.0004362520125827,4
6823,2,46,29,10119__Node__6823,,2.817514436661725e-05,0.2300860101807969,0.0010924975498004,4
6826,4,15,98,10055__Node__6826,,0.0003869502590243,0.2880246099758295,0.021254882559303,3
6827,1,3,311,10032__Node__6827,,0.0,0.2376445846477392,0.0036864696028191,4
6828,1,1,823,10033__Node__6828,,0.0,0.2732996955923439,0.0130031624785455,3
6829,1,37,38,10148__Node__6829,,0.0,0.2213964800864777,0.0004140669828814,2
6830,8,4,278,10034__Node__6830,outgoing,0.001597920387196,0.2874687486293258,0.0172000671212851,3
6831,1,12,120,10077__Node__6831,outandin,0.0,0.2249682490646346,0.0009389415002389,0
6832,1,0,1017,10003__Node__6832,,0.0,0.2141900062093532,5.609007953745333e-05,3
6833,6,12,120,10077__Node__6833,,0.0005995537592384,0.271263606638798,0.0092048867240641,2
6835,1,57,25,10298__Node__6835,incoming,0.0,0.2189702983528783,0.0003574056717505,2
6836,2,50,28,10143__Node__6836,outgoing,3.503359697899384e-05,0.2274036292980812,0.0010698949402217,3
6837,1,17,73,10008__Node__6837,,0.0,0.2302962156084191,0.0010757835958013,4
6838,1,19,70,10105__Node__6838,,0.0,0.215132118824881,0.0002413038481842,4
6839,1,6,169,10047__Node__6839,,0.0,0.187348140525398,4.024558046919183e-05,3
6841,1,1,823,10033__Node__6841,outgoing,0.0,0.2732996955923439,0.0130031624785455,3
6843,4,3,311,10032__Node__6843,,0.0001441518251094,0.2505639025882173,0.0107891371995476,3
6844,2,5,257,10020__Node__6844,,3.132438239796184e-05,0.2403461806446881,0.0060598713543872,4
6845,1,3,311,10032__Node__6845,,0.0,0.2376445846477392,0.0036864696028191,3
6847,2,41,36,10054__Node__6847,,8.295446506654287e-06,0.2544353429869171,0.0062010889290258,4
6848,1,2,637,10007__Node__6848,,0.0,0.2410888357550119,0.0025030475733457,4
6849,2,12,120,10077__Node__6849,outandin,1.3791820740925144e-05,0.2271671692488995,0.0013155128992728,2
6851,3,17,73,10008__Node__6851,,8.73548150990416e-05,0.2447805788982259,0.0067906294317191,4
6852,1,0,1017,10003__Node__6852,,0.0,0.2141900062093532,5.609007953745333e-05,4
6853,1,6,169,10047__Node__6853,,0.0,0.187348140525398,4.024558046919183e-05,3
6854,1,19,70,10105__Node__6854,,0.0,0.215132118824881,0.0002413038481842,4
6855,1,5,257,10020__Node__6855,,0.0,0.2378170470626655,0.0049946441175549,3
6857,2,3,311,10032__Node__6857,,1.446271578084392e-05,0.241639936585186,0.0064204009544999,4
6858,1,0,1017,10003__Node__6858,,0.0,0.2141900062093532,5.609007953745333e-05,4
6860,1,19,70,10105__Node__6860,,0.0,0.215132118824881,0.0002413038481842,4
6861,1,22,64,10053__Node__6861,,0.0,0.2264607304516084,0.0010652272368323,4
6863,1,19,70,10105__Node__6863,,0.0,0.215132118824881,0.0002413038481842,4
6865,4,1,823,10033__Node__6865,,0.0001514819142272,0.2864385297845374,0.0228980923692498,4
6866,1,22,64,10053__Node__6866,,0.0,0.2264607304516084,0.0010652272368323,4
6867,1,35,39,10019__Node__6867,outgoing,0.0,0.2289766970618034,0.000143815415508,3
6868,1,28,51,10051__Node__6868,outandin,0.0,0.2256032494578499,0.0017939389882662,0
6869,2,1,823,10033__Node__6869,,1.86533559249534e-05,0.2772302356076308,0.0174345626092472,4
6870,3,57,25,10298__Node__6870,incoming,0.0001070080484899,0.2303609714948508,0.0008189977121633,3
6871,1,6,169,10047__Node__6871,incoming,0.0,0.187348140525398,4.024558046919183e-05,3
6872,5,1,823,10033__Node__6872,,0.0004355658017363,0.2923673997412678,0.0242083132098836,4
6874,3,61,23,10058__Node__6874,incoming,7.286238710986252e-05,0.2322713257965056,0.0015957145489187,2
6875,1,3,311,10032__Node__6875,,0.0,0.2376445846477392,0.0036864696028191,4
6877,4,32,41,10009__Node__6877,,0.0008170298567577,0.2813962474775664,0.0183166836924648,4
6878,1,1,823,10033__Node__6878,,0.0,0.2732996955923439,0.0130031624785455,4
6879,1,1,823,10033__Node__6879,,0.0,0.2732996955923439,0.0130031624785455,2
6880,3,7,149,10011__Node__6880,outandin,0.0003296223969645,0.2627801611803857,0.0057338655677728,1
6881,1,57,25,10298__Node__6881,incoming,0.0,0.2189702983528783,0.0003574056717505,3
6882,1,22,64,10053__Node__6882,,0.0,0.2264607304516084,0.0010652272368323,4
6883,1,19,70,10105__Node__6883,,0.0,0.215132118824881,0.0002413038481842,4
6884,1,14,109,10017__Node__6884,,0.0,0.2319917879013132,0.0020283762330986,4
6885,1,3,311,10032__Node__6885,,0.0,0.2376445846477392,0.0036864696028191,4
6886,1,19,70,10105__Node__6886,,0.0,0.215132118824881,0.0002413038481842,4
6887,3,8,139,10071__Node__6887,,0.0013521307043634,0.2570095290380769,0.003451094674491,3
6888,5,13,119,10016__Node__6888,,0.0012222911885266,0.2799538678399043,0.0090893173042237,2
6889,2,2,637,10007__Node__6889,,3.568422116618177e-05,0.242086211354486,0.0028975990965125,4
6890,1,19,70,10105__Node__6890,,0.0,0.215132118824881,0.0002413038481842,4
6891,1,22,64,10053__Node__6891,,0.0,0.2264607304516084,0.0010652272368323,4
6892,1,16,80,10149__Node__6892,,0.0,0.2240147656970981,0.0003661790249382,3
6893,1,13,119,10016__Node__6893,,0.0,0.2325185369141802,0.0020157240790995,3
6895,1,3,311,10032__Node__6895,,0.0,0.2376445846477392,0.0036864696028191,4
6898,1,10,129,10073__Node__6898,,0.0,0.2364613774939567,0.0045611621676105,4
6900,1,0,1017,10003__Node__6900,,0.0,0.2141900062093532,5.609007953745333e-05,4
6902,1,1,823,10033__Node__6902,,0.0,0.2732996955923439,0.0130031624785455,4
6903,1,19,70,10105__Node__6903,,0.0,0.215132118824881,0.0002413038481842,3
6904,1,27,52,10026__Node__6904,incoming,0.0,0.2159117114149234,0.0002184626719269,2
6905,2,2,637,10007__Node__6905,,0.0001167955383124,0.2492109966158409,0.0056208005532169,4
6906,1,43,34,10153__Node__6906,,0.0,0.2200436461306026,0.0004362520125827,4
6907,1,3,311,10032__Node__6907,,0.0,0.2376445846477392,0.0036864696028191,4
6908,1,22,64,10053__Node__6908,outandin,0.0,0.2264607304516084,0.0010652272368323,2
6910,3,3,311,10032__Node__6910,,0.0001937588998361,0.2758765837437387,0.0122209424552016,4
6911,3,4,278,10034__Node__6911,,0.0002068749424303,0.2731402375494894,0.0103440513175178,4
6913,1,47,29,10041__Node__6913,,0.0,0.2211424908054121,0.0004618773125671,4
6914,1,3,311,10032__Node__6914,,0.0,0.2376445846477392,0.0036864696028191,4
6915,1,3,311,10032__Node__6915,,0.0,0.2376445846477392,0.0036864696028191,4
6916,1,34,40,10070__Node__6916,,0.0,0.2028913723183605,8.76295195538406e-05,4
6917,1,22,64,10053__Node__6917,,0.0,0.2264607304516084,0.0010652272368323,4
6921,1,3,311,10032__Node__6921,,0.0,0.2376445846477392,0.0036864696028191,4
6922,1,19,70,10105__Node__6922,outgoing,0.0,0.215132118824881,0.0002413038481842,3
6923,1,9,129,10006__Node__6923,,0.0,0.2452018406973699,0.0009341955255218,4
6924,2,38,38,10086__Node__6924,,3.707865881563157e-06,0.2237394599392346,0.0003845171927071,3
6925,1,16,80,10149__Node__6925,,0.0,0.2240147656970981,0.0003661790249382,4
6926,2,16,80,10149__Node__6926,,2.4099717806825447e-05,0.2295059004797422,0.0014314062617705,4
6928,1,19,70,10105__Node__6928,,0.0,0.215132118824881,0.0002413038481842,4
6929,1,52,28,10162__Node__6929,outgoing,0.0,0.214358135731807,2.969075404631632e-05,1
6930,1,34,40,10070__Node__6930,,0.0,0.2028913723183605,8.76295195538406e-05,4
6931,1,0,1017,10003__Node__6931,,0.0,0.2141900062093532,5.609007953745333e-05,4
6932,1,40,36,10052__Node__6932,,0.0,0.2282430785303848,0.0010444873555359,4
6933,2,22,64,10053__Node__6933,,9.789513635311238e-06,0.2291368038317659,0.0015271045493994,4
6934,1,7,149,10011__Node__6934,,0.0,0.2235715504008187,0.0003635239368321,4
6935,3,3,311,10032__Node__6935,,4.764534819446842e-05,0.2433807419510565,0.0074856281913323,3
6936,1,13,119,10016__Node__6936,,0.0,0.2325185369141802,0.0020157240790995,3
6938,1,2,637,10007__Node__6938,,0.0,0.2410888357550119,0.0025030475733457,4
6940,2,58,24,10115__Node__6940,outgoing,2.2153521991452537e-05,0.2549698502236919,0.0029910140233875,2
6941,1,19,70,10105__Node__6941,,0.0,0.215132118824881,0.0002413038481842,4
6943,1,19,70,10105__Node__6943,outgoing,0.0,0.215132118824881,0.0002413038481842,3
6944,1,44,34,10066__Node__6944,outgoing,0.0,0.2330145411881821,0.0001598393767306,2
6945,2,11,128,10039__Node__6945,incoming,4.006971182959458e-05,0.2354589545536195,0.0029668023722908,3
6946,1,3,311,10032__Node__6946,,0.0,0.2376445846477392,0.0036864696028191,4
6947,3,19,70,10105__Node__6947,,0.0002210381566695,0.2402756901418777,0.0041606444716134,3
6948,1,3,311,10032__Node__6948,,0.0,0.2376445846477392,0.0036864696028191,4
6949,1,16,80,10149__Node__6949,,0.0,0.2240147656970981,0.0003661790249382,4
6951,1,0,1017,10003__Node__6951,,0.0,0.2141900062093532,5.609007953745333e-05,4
6953,2,3,311,10032__Node__6953,,5.288900040908285e-05,0.2470503976780127,0.008681113720374,3
6955,2,9,129,10006__Node__6955,,0.0001039877309841,0.2601929413632935,0.0046206651283409,4
6956,1,3,311,10032__Node__6956,outgoing,0.0,0.2376445846477392,0.0036864696028191,1
6957,2,19,70,10105__Node__6957,outgoing,0.0008503317454672,0.2755054857286981,0.0132444663267297,3
6960,1,51,28,10031__Node__6960,outgoing,0.0,0.2180378588775408,0.000277416775589,3
6961,2,33,41,10191__Node__6961,outandin,0.0005279320146734,0.2384052962787821,0.0002791076463872,0
6962,2,38,38,10086__Node__6962,,3.707865881563157e-06,0.2237394599392346,0.0003845171927071,4
6964,8,9,129,10006__Node__6964,,0.0010856471758508,0.270546955624355,0.0096768911106825,4
6966,2,38,38,10086__Node__6966,,3.707865881563157e-06,0.2237394599392346,0.0003845171927071,3
6968,1,1,823,10033__Node__6968,,0.0,0.2732996955923439,0.0130031624785455,4
6969,2,1,823,10033__Node__6969,outgoing,0.0002809866358589,0.2740310239578542,0.01309857549402,3
6971,1,0,1017,10003__Node__6971,,0.0,0.2141900062093532,5.609007953745333e-05,3
6972,3,11,128,10039__Node__6972,,3.504806963779073e-05,0.2411420582067037,0.006313561644119,4
6974,1,14,109,10017__Node__6974,,0.0,0.2319917879013132,0.0020283762330986,4
6975,3,54,26,10060__Node__6975,outandin,0.0007023200599971,0.2759230413000463,0.0133398476782207,0
6976,1,19,70,10105__Node__6976,,0.0,0.215132118824881,0.0002413038481842,4
6978,1,43,34,10153__Node__6978,,0.0,0.2200436461306026,0.0004362520125827,4
6979,1,25,61,10196__Node__6979,,0.0,0.2241220121054611,0.0003823523012146,4
6980,3,1,823,10033__Node__6980,,0.0003349088218728,0.2784551981985809,0.0176044780084825,4
6984,6,11,128,10039__Node__6984,,0.0004582725174699,0.2460487292112475,0.0085693060669492,4
6985,1,51,28,10031__Node__6985,outgoing,0.0,0.2180378588775408,0.000277416775589,3
6986,1,3,311,10032__Node__6986,,0.0,0.2376445846477392,0.0036864696028191,4
6988,1,38,38,10086__Node__6988,,0.0,0.2219663358959596,0.0002328710206101,4
6989,1,14,109,10017__Node__6989,,0.0,0.2319917879013132,0.0020283762330986,4
6990,2,4,278,10034__Node__6990,,2.2026450600214655e-05,0.2436159536111214,0.0068042225826903,4
6993,2,29,49,10088__Node__6993,incoming,5.9304533503237735e-05,0.2271986688390473,0.0003552358322696,3
6995,1,57,25,10298__Node__6995,incoming,0.0,0.2189702983528783,0.0003574056717505,3
6997,2,2,637,10007__Node__6997,,3.596598316896779e-05,0.2417468924052967,0.0026729629725811,2
6998,1,35,39,10019__Node__6998,,0.0,0.2289766970618034,0.000143815415508,4
6999,1,8,139,10071__Node__6999,,0.0,0.2328820665884944,0.0001403357882566,4
7001,2,16,80,10149__Node__7001,,3.0721451469051806e-05,0.2355605074938001,0.0031001103766189,4
7004,1,8,139,10071__Node__7004,,0.0,0.2328820665884944,0.0001403357882566,4
7006,3,3,311,10032__Node__7006,,0.0001937588998361,0.2758765837437387,0.0122209424552016,4
7008,1,22,64,10053__Node__7008,,0.0,0.2264607304516084,0.0010652272368323,4
7010,3,4,278,10034__Node__7010,,4.784221187412652e-05,0.2465856503254449,0.0095381539343711,4
7012,2,36,39,10036__Node__7012,,8.526649516475378e-05,0.2384226417839863,0.0038254171932881,4
7013,2,16,80,10149__Node__7013,,3.0721451469051806e-05,0.2355605074938001,0.0031001103766189,4
7014,1,3,311,10032__Node__7014,,0.0,0.2376445846477392,0.0036864696028191,2
7017,1,53,27,10013__Node__7017,,0.0,0.210705674328886,0.0001755367846843,2
7022,1,42,35,10056__Node__7022,,0.0,0.2216210732762993,0.0005768275345536,2
7023,1,19,70,10105__Node__7023,outgoing,0.0,0.215132118824881,0.0002413038481842,3
7024,2,24,62,10108__Node__7024,,7.541850427621542e-05,0.2290567224688078,0.0019878464763929,4
7025,1,13,119,10016__Node__7025,,0.0,0.2325185369141802,0.0020157240790995,4
7026,2,14,109,10017__Node__7026,,4.246345104566826e-06,0.2336458593276532,0.0029061965794591,4
7028,2,12,120,10077__Node__7028,,4.701629113205048e-05,0.2595540770662548,0.0053703416309406,4
7031,1,14,109,10017__Node__7031,outgoing,0.0,0.2319917879013132,0.0020283762330986,2
7032,1,27,52,10026__Node__7032,,0.0,0.2159117114149234,0.0002184626719269,4
7035,1,3,311,10032__Node__7035,,0.0,0.2376445846477392,0.0036864696028191,4
7036,1,52,28,10162__Node__7036,,0.0,0.214358135731807,2.969075404631632e-05,3
7037,4,2,637,10007__Node__7037,,0.0015666300733944,0.2653763615013969,0.0032474761950889,3
7039,1,2,637,10007__Node__7039,,0.0,0.2410888357550119,0.0025030475733457,4
7040,2,15,98,10055__Node__7040,,1.86533559249534e-05,0.2772302356076308,0.0174345626092472,3
7042,3,3,311,10032__Node__7042,,0.0001294519990322,0.2423547683319158,0.0056699584308522,4
7044,2,1,823,10033__Node__7044,,1.86533559249534e-05,0.2772302356076308,0.0174345626092472,4
7045,3,41,36,10054__Node__7045,,5.7436725870864816e-05,0.2666286969610675,0.0093607954160998,2
7046,6,4,278,10034__Node__7046,,0.0002221871390765,0.2483610595323809,0.010191070178563,4
7048,1,0,1017,10003__Node__7048,,0.0,0.2141900062093532,5.609007953745333e-05,4
7049,1,3,311,10032__Node__7049,,0.0,0.2376445846477392,0.0036864696028191,4
7050,2,15,98,10055__Node__7050,,8.295446506654287e-06,0.2544353429869171,0.0062010889290258,4
7051,2,5,257,10020__Node__7051,outgoing,1.9577809926411988e-05,0.2418717939255268,0.0070230203506535,2
7052,5,28,51,10051__Node__7052,,0.000155503862413,0.2745130890052356,0.01748603650848,4
7055,1,16,80,10149__Node__7055,,0.0,0.2240147656970981,0.0003661790249382,4
7057,7,13,119,10016__Node__7057,outgoing,0.0007871901599137,0.2828779835124519,0.0193699263330402,2
7058,2,49,28,10014__Node__7058,outgoing,2.8492999182442007e-05,0.187551867219917,4.308726607464869e-05,2
7059,1,1,823,10033__Node__7059,,0.0,0.2732996955923439,0.0130031624785455,4
7061,2,1,823,10033__Node__7061,,2.061345439045477e-05,0.2752971815012391,0.0147728512768696,4
7062,2,41,36,10054__Node__7062,,2.061345439045477e-05,0.2752971815012391,0.0147728512768696,4
7063,1,0,1017,10003__Node__7063,,0.0,0.2141900062093532,5.609007953745333e-05,4
7064,1,2,637,10007__Node__7064,,0.0,0.2410888357550119,0.0025030475733457,4
7065,1,34,40,10070__Node__7065,incoming,0.0,0.2028913723183605,8.76295195538406e-05,2
7066,2,1,823,10033__Node__7066,outandin,5.199466674260389e-05,0.2809378884650006,0.017564324646156,0
7067,2,3,311,10032__Node__7067,,1.987893684725118e-05,0.2402756901418777,0.0054804085910854,3
7068,5,40,36,10052__Node__7068,,0.00067713271066,0.2500095365248903,0.0114188979544987,3
7072,2,11,128,10039__Node__7072,,9.703995731269847e-06,0.2358147735041197,0.0037991585885131,4
7073,1,2,637,10007__Node__7073,,0.0,0.2410888357550119,0.0025030475733457,4
7074,9,18,70,10091__Node__7074,outandin,0.0025034249131634,0.299803302685147,0.0236742390469097,1
7075,1,4,278,10034__Node__7075,,0.0,0.2325515381613029,0.0031177529798711,4
7077,1,3,311,10032__Node__7077,,0.0,0.2376445846477392,0.0036864696028191,4
7080,5,2,637,10007__Node__7080,,0.0007428759121214,0.2855648991329353,0.0126588353158177,4
7083,2,61,23,10058__Node__7083,,1.0696659804046282e-06,0.2188094681667946,0.0003751383421429,4
7084,1,23,62,10025__Node__7084,incoming,0.0,0.2226903605042302,0.000866305280049,3
7085,5,14,109,10017__Node__7085,,0.0005329349623831,0.2445248666194082,0.0061832061285886,3
7087,1,3,311,10032__Node__7087,,0.0,0.2376445846477392,0.0036864696028191,4
7089,1,49,28,10014__Node__7089,,0.0,0.1710378663326287,2.841685605456861e-06,3
7090,1,19,70,10105__Node__7090,,0.0,0.215132118824881,0.0002413038481842,2
7092,1,19,70,10105__Node__7092,,0.0,0.215132118824881,0.0002413038481842,4
7093,1,31,43,10177__Node__7093,,0.0,0.2531968321421672,0.0025964625002207,3
7094,3,1,823,10033__Node__7094,,0.0003611768881252,0.2788817497127782,0.014430002135296,4
7096,1,4,278,10034__Node__7096,,0.0,0.2325515381613029,0.0031177529798711,4
7098,1,57,25,10298__Node__7098,incoming,0.0,0.2189702983528783,0.0003574056717505,3
7099,1,0,1017,10003__Node__7099,,0.0,0.2141900062093532,5.609007953745333e-05,4
7100,1,9,129,10006__Node__7100,,0.0,0.2452018406973699,0.0009341955255218,4
7102,1,19,70,10105__Node__7102,,0.0,0.215132118824881,0.0002413038481842,4
7103,3,2,637,10007__Node__7103,,0.0001765741554926,0.2496666793645956,0.0057963373379012,4
7104,1,22,64,10053__Node__7104,outgoing,0.0,0.2264607304516084,0.0010652272368323,3
7106,1,0,1017,10003__Node__7106,,0.0,0.2141900062093532,5.609007953745333e-05,4
7107,2,14,109,10017__Node__7107,,2.337897623563969e-05,0.2336625191628935,0.0023057930086876,3
7108,1,6,169,10047__Node__7108,outgoing,0.0,0.187348140525398,4.024558046919183e-05,1
7110,3,1,823,10033__Node__7110,,0.0004236144358422,0.2788580181253457,0.0143143131391354,4
7113,2,1,823,10033__Node__7113,,8.449146115162255e-05,0.2785735537892634,0.015018886557645,4
7114,2,5,257,10020__Node__7114,outandin,1.6977563716671108e-05,0.2444336702345877,0.0095558062851654,1
7116,1,1,823,10033__Node__7116,,0.0,0.2732996955923439,0.0130031624785455,4
7118,1,5,257,10020__Node__7118,,0.0,0.2378170470626655,0.0049946441175549,4
7119,2,18,70,10091__Node__7119,outgoing,4.504847469236943e-05,0.2456429669052884,0.000934079045918,3
7122,1,29,49,10088__Node__7122,incoming,0.0,0.2172428651927475,0.000151646172097,2
7123,2,3,311,10032__Node__7123,,7.817087455976053e-05,0.2390313286407235,0.0039277734510033,4
7125,1,6,169,10047__Node__7125,,0.0,0.187348140525398,4.024558046919183e-05,4
7126,2,30,46,10037__Node__7126,,4.595971796144962e-05,0.2334128708287332,0.0021629597751676,3
7127,1,5,257,10020__Node__7127,,0.0,0.2378170470626655,0.0049946441175549,4
7128,3,1,823,10033__Node__7128,,0.0004051930218265,0.2814929347592664,0.0154012388588596,4
7129,2,1,823,10033__Node__7129,outgoing,0.0001089259368834,0.2849936948297604,0.0179978065961004,1
7131,1,53,27,10013__Node__7131,,0.0,0.210705674328886,0.0001755367846843,4
7132,1,4,278,10034__Node__7132,,0.0,0.2325515381613029,0.0031177529798711,4
7133,1,33,41,10191__Node__7133,,0.0,0.2150615258408531,0.0001192682696565,2
7134,1,9,129,10006__Node__7134,,0.0,0.2452018406973699,0.0009341955255218,4
7135,3,5,257,10020__Node__7135,,6.635530193301602e-05,0.2701455010098512,0.0121522687853862,4
7136,1,1,823,10033__Node__7136,,0.0,0.2732996955923439,0.0130031624785455,4
7141,1,2,637,10007__Node__7141,,0.0,0.2410888357550119,0.0025030475733457,4
7143,1,2,637,10007__Node__7143,,0.0,0.2410888357550119,0.0025030475733457,4
7144,1,0,1017,10003__Node__7144,outgoing,0.0,0.2141900062093532,5.609007953745333e-05,3
7145,1,9,129,10006__Node__7145,,0.0,0.2452018406973699,0.0009341955255218,4
7147,1,46,29,10119__Node__7147,,0.0,0.2183574879227053,0.0002146772034399,3
7154,2,2,637,10007__Node__7154,,0.0002670167910581,0.2686616109858578,0.0069344477040474,4
7158,2,3,311,10032__Node__7158,,7.087042383762605e-05,0.2394155251141552,0.0040526486277573,3
7160,3,15,98,10055__Node__7160,outgoing,6.160750188984993e-05,0.2703014805955376,0.0125323910331398,2
7161,1,37,38,10148__Node__7161,,0.0,0.2213964800864777,0.0004140669828814,4
7163,1,35,39,10019__Node__7163,,0.0,0.2289766970618034,0.000143815415508,4
7164,1,2,637,10007__Node__7164,,0.0,0.2410888357550119,0.0025030475733457,4
7166,1,57,25,10298__Node__7166,incoming,0.0,0.2189702983528783,0.0003574056717505,3
7168,2,1,823,10033__Node__7168,,5.444984180463453e-05,0.2741456477182415,0.0135217596249309,4
7169,2,18,70,10091__Node__7169,,3.1290789864314146e-05,0.257029687438723,0.005291651553356,4
7170,1,0,1017,10003__Node__7170,,0.0,0.2141900062093532,5.609007953745333e-05,4
7171,4,2,637,10007__Node__7171,outgoing,0.0006949541437849,0.2817833956747925,0.0113732701600748,1
7174,4,4,278,10034__Node__7174,,0.000441552893157,0.2899102048038218,0.0195574137802821,3
7175,1,0,1017,10003__Node__7175,,0.0,0.2141900062093532,5.609007953745333e-05,4
7176,1,10,129,10073__Node__7176,outgoing,0.0,0.2364613774939567,0.0045611621676105,3
7178,1,2,637,10007__Node__7178,,0.0,0.2410888357550119,0.0025030475733457,4
7179,1,14,109,10017__Node__7179,,0.0,0.2319917879013132,0.0020283762330986,4
7180,1,3,311,10032__Node__7180,,0.0,0.2376445846477392,0.0036864696028191,4
7181,1,0,1017,10003__Node__7181,,0.0,0.2141900062093532,5.609007953745333e-05,3
7182,1,0,1017,10003__Node__7182,,0.0,0.2141900062093532,5.609007953745333e-05,4
7183,2,14,109,10017__Node__7183,,1.0938621724086794e-05,0.2335625957734934,0.0023857819048492,4
7184,1,0,1017,10003__Node__7184,,0.0,0.2141900062093532,5.609007953745333e-05,4
7189,1,32,41,10009__Node__7189,,0.0,0.2170414279564195,0.0005185971463854,4
7190,1,2,637,10007__Node__7190,,0.0,0.2410888357550119,0.0025030475733457,4
7191,1,6,169,10047__Node__7191,,0.0,0.187348140525398,4.024558046919183e-05,4
7198,2,0,1017,10003__Node__7198,,0.0010737142824496,0.2523001116372175,0.0002159294562681,4
7199,1,1,823,10033__Node__7199,outgoing,0.0,0.2732996955923439,0.0130031624785455,3
7201,1,2,637,10007__Node__7201,,0.0,0.2410888357550119,0.0025030475733457,4
7202,1,0,1017,10003__Node__7202,,0.0,0.2141900062093532,5.609007953745333e-05,4
7205,1,23,62,10025__Node__7205,outandin,0.0,0.2226903605042302,0.000866305280049,2
7206,4,14,109,10017__Node__7206,outgoing,7.246169705974835e-05,0.2424444197832279,0.0068720221771477,2
7208,1,0,1017,10003__Node__7208,,0.0,0.2141900062093532,5.609007953745333e-05,4
7209,2,3,311,10032__Node__7209,outgoing,2.295239356586012e-05,0.2389267616929751,0.0042632971373727,3
7211,1,0,1017,10003__Node__7211,,0.0,0.2141900062093532,5.609007953745333e-05,4
7213,2,9,129,10006__Node__7213,,7.121542118992749e-05,0.2545539286130422,0.004051948505393,4
7214,2,51,28,10031__Node__7214,outgoing,9.987258965988197e-05,0.2743292453225064,0.0132805792541345,2
7215,1,0,1017,10003__Node__7215,,0.0,0.2141900062093532,5.609007953745333e-05,4
7217,1,0,1017,10003__Node__7217,,0.0,0.2141900062093532,5.609007953745333e-05,4
7218,1,4,278,10034__Node__7218,,0.0,0.2325515381613029,0.0031177529798711,3
7220,1,0,1017,10003__Node__7220,,0.0,0.2141900062093532,5.609007953745333e-05,4
7221,1,34,40,10070__Node__7221,,0.0,0.2028913723183605,8.76295195538406e-05,4
7222,5,22,64,10053__Node__7222,,0.0001590746547104,0.2487380925272306,0.010960786842954,4
7223,1,6,169,10047__Node__7223,,0.0,0.187348140525398,4.024558046919183e-05,4
7224,2,1,823,10033__Node__7224,outgoing,1.86533559249534e-05,0.2772302356076308,0.0174345626092472,1
7226,3,15,98,10055__Node__7226,,0.0002365182659118,0.2785972369819341,0.0176381522694198,3
7227,1,2,637,10007__Node__7227,,0.0,0.2410888357550119,0.0025030475733457,4
7228,2,1,823,10033__Node__7228,,0.0002257061360122,0.2749507068842555,0.0132360334991556,4
7229,2,2,637,10007__Node__7229,,0.0001201619863482,0.2617516673988578,0.0032056145435304,4
7231,1,0,1017,10003__Node__7231,,0.0,0.2141900062093532,5.609007953745333e-05,4
7234,1,4,278,10034__Node__7234,incoming,0.0,0.2325515381613029,0.0031177529798711,1
7239,4,50,28,10143__Node__7239,,0.0002834266660999,0.2715108330916774,0.0107537865916546,2
7240,3,3,311,10032__Node__7240,,4.784221187412652e-05,0.2465856503254449,0.0095381539343711,4
7243,1,0,1017,10003__Node__7243,,0.0,0.2141900062093532,5.609007953745333e-05,4
7244,2,30,46,10037__Node__7244,,5.177622852335611e-05,0.2253860174008735,0.0006658328424535,4
7246,1,7,149,10011__Node__7246,,0.0,0.2235715504008187,0.0003635239368321,3
7247,2,10,129,10073__Node__7247,,1.6977563716671108e-05,0.2444336702345877,0.0095558062851654,3
7252,2,8,139,10071__Node__7252,,0.000120592866788,0.2390313286407235,0.0002841512037646,4
7254,1,4,278,10034__Node__7254,,0.0,0.2325515381613029,0.0031177529798711,4
7255,1,0,1017,10003__Node__7255,,0.0,0.2141900062093532,5.609007953745333e-05,4
7256,3,1,823,10033__Node__7256,,0.0002365182659118,0.2785972369819341,0.0176381522694198,4
7257,1,15,98,10055__Node__7257,,0.0,0.2521836161452922,0.0044314001307017,4
7258,3,1,823,10033__Node__7258,outandin,6.013729999127136e-05,0.2793096100575325,0.0191851804166701,2
7259,1,7,149,10011__Node__7259,,0.0,0.2235715504008187,0.0003635239368321,4
7262,1,13,119,10016__Node__7262,,0.0,0.2325185369141802,0.0020157240790995,3
7263,1,10,129,10073__Node__7263,outgoing,0.0,0.2364613774939567,0.0045611621676105,2
7264,1,49,28,10014__Node__7264,,0.0,0.1710378663326287,2.841685605456861e-06,4
7267,1,6,169,10047__Node__7267,,0.0,0.187348140525398,4.024558046919183e-05,3
7268,1,0,1017,10003__Node__7268,,0.0,0.2141900062093532,5.609007953745333e-05,4
7269,4,5,257,10020__Node__7269,,0.0004536205389629,0.2993377483443709,0.0256767217435821,3
7270,1,6,169,10047__Node__7270,,0.0,0.187348140525398,4.024558046919183e-05,4
7272,1,43,34,10153__Node__7272,,0.0,0.2200436461306026,0.0004362520125827,4
7273,1,3,311,10032__Node__7273,outgoing,0.0,0.2376445846477392,0.0036864696028191,3
7274,1,24,62,10108__Node__7274,,0.0,0.2187802516940948,0.0002181576780687,4
7275,1,15,98,10055__Node__7275,incoming,0.0,0.2521836161452922,0.0044314001307017,1
7276,1,2,637,10007__Node__7276,,0.0,0.2410888357550119,0.0025030475733457,3
7277,1,13,119,10016__Node__7277,,0.0,0.2325185369141802,0.0020157240790995,3
7278,1,39,37,10010__Node__7278,,0.0,0.2211424908054121,0.000501995613257,4
7279,1,4,278,10034__Node__7279,,0.0,0.2325515381613029,0.0031177529798711,4
7280,1,1,823,10033__Node__7280,,0.0,0.2732996955923439,0.0130031624785455,4
7282,4,55,26,10339__Node__7282,outandin,0.0009427730726855,0.2528061716489874,0.0023747906503699,1
7283,1,1,823,10033__Node__7283,,0.0,0.2732996955923439,0.0130031624785455,4
7285,1,1,823,10033__Node__7285,,0.0,0.2732996955923439,0.0130031624785455,4
7286,1,2,637,10007__Node__7286,,0.0,0.2410888357550119,0.0025030475733457,4
7287,1,33,41,10191__Node__7287,,0.0,0.2150615258408531,0.0001192682696565,2
7288,1,4,278,10034__Node__7288,,0.0,0.2325515381613029,0.0031177529798711,4
7289,4,10,129,10073__Node__7289,,0.0001323309477234,0.2737791887714608,0.0156920975202138,4
7290,2,1,823,10033__Node__7290,incoming,1.86533559249534e-05,0.2772302356076308,0.0174345626092472,1
7293,1,47,29,10041__Node__7293,,0.0,0.2211424908054121,0.0004618773125671,4
7294,3,11,128,10039__Node__7294,,7.878172109065282e-05,0.2369743645370069,0.0035781609654625,4
7295,3,42,35,10056__Node__7295,incoming,3.613304922554245e-05,0.2316146587977524,0.0020353818729709,3
7297,1,8,139,10071__Node__7297,,0.0,0.2328820665884944,0.0001403357882566,4
7298,2,2,637,10007__Node__7298,,0.0002670167910581,0.2686616109858578,0.0069344477040474,4
7300,1,40,36,10052__Node__7300,,0.0,0.2282430785303848,0.0010444873555359,4
7301,2,24,62,10108__Node__7301,outgoing,2.3084404325393697e-05,0.2233277677445735,0.0004955744536577,3
7302,1,0,1017,10003__Node__7302,,0.0,0.2141900062093532,5.609007953745333e-05,4
7303,1,3,311,10032__Node__7303,,0.0,0.2376445846477392,0.0036864696028191,4
7304,1,0,1017,10003__Node__7304,,0.0,0.2141900062093532,5.609007953745333e-05,3
7305,2,11,128,10039__Node__7305,,9.442722056545228e-06,0.2352730014000071,0.0031958086642478,4
7306,1,0,1017,10003__Node__7306,,0.0,0.2141900062093532,5.609007953745333e-05,4
7307,1,2,637,10007__Node__7307,,0.0,0.2410888357550119,0.0025030475733457,4
7308,1,42,35,10056__Node__7308,,0.0,0.2216210732762993,0.0005768275345536,3
7309,1,1,823,10033__Node__7309,,0.0,0.2732996955923439,0.0130031624785455,4
7310,1,12,120,10077__Node__7310,,0.0,0.2249682490646346,0.0009389415002389,4
7311,2,38,38,10086__Node__7311,,3.707865881563157e-06,0.2237394599392346,0.0003845171927071,3
7312,1,0,1017,10003__Node__7312,,0.0,0.2141900062093532,5.609007953745333e-05,4
7313,2,14,109,10017__Node__7313,outgoing,4.246345104566826e-06,0.2336458593276532,0.0029061965794591,2
7314,2,2,637,10007__Node__7314,,0.00016891739531,0.2511014903643538,0.0074976916909006,4
7315,1,17,73,10008__Node__7315,outgoing,0.0,0.2302962156084191,0.0010757835958013,1
7316,3,12,120,10077__Node__7316,incoming,0.0002062475264966,0.2833182034323261,0.0174819327136119,3
7317,6,4,278,10034__Node__7317,,0.0003185976699779,0.2725722603451861,0.012163603939757,4
7318,1,31,43,10177__Node__7318,outgoing,0.0,0.2531968321421672,0.0025964625002207,1
7321,1,8,139,10071__Node__7321,,0.0,0.2328820665884944,0.0001403357882566,4
7324,1,9,129,10006__Node__7324,outandin,0.0,0.2452018406973699,0.0009341955255218,2
7325,1,27,52,10026__Node__7325,outandin,0.0,0.2159117114149234,0.0002184626719269,0
7326,1,5,257,10020__Node__7326,incoming,0.0,0.2378170470626655,0.0049946441175549,3
7327,3,1,823,10033__Node__7327,,0.0002247361887529,0.2796194376893212,0.0146725933645298,4
7330,1,7,149,10011__Node__7330,,0.0,0.2235715504008187,0.0003635239368321,4
7331,2,4,278,10034__Node__7331,,0.0001864718824185,0.2831713112983365,0.0161209154584166,4
7333,1,5,257,10020__Node__7333,,0.0,0.2378170470626655,0.0049946441175549,3
7334,1,9,129,10006__Node__7334,,0.0,0.2452018406973699,0.0009341955255218,4
7335,1,53,27,10013__Node__7335,,0.0,0.210705674328886,0.0001755367846843,4
7337,1,1,823,10033__Node__7337,,0.0,0.2732996955923439,0.0130031624785455,4
7339,1,35,39,10019__Node__7339,,0.0,0.2289766970618034,0.000143815415508,4
7341,2,20,68,10147__Node__7341,,2.284561299364045e-05,0.2422830948948283,0.0008434908396076,4
7342,2,23,62,10025__Node__7342,,4.34476125898553e-05,0.2386483632523759,0.0054274674476596,4
7343,5,15,98,10055__Node__7343,outandin,0.0004774801393559,0.2814929347592664,0.018910096615903,2
7346,1,0,1017,10003__Node__7346,,0.0,0.2141900062093532,5.609007953745333e-05,4
7354,1,5,257,10020__Node__7354,outgoing,0.0,0.2378170470626655,0.0049946441175549,3
7355,7,1,823,10033__Node__7355,,0.0007203697807234,0.2974358974358974,0.0285908787226215,4
7356,4,42,35,10056__Node__7356,outgoing,0.0001861517348246,0.2809860664523044,0.0197620079512237,3
7358,1,30,46,10037__Node__7358,,0.0,0.2200288716554201,0.0001472356960681,4
7359,1,0,1017,10003__Node__7359,,0.0,0.2141900062093532,5.609007953745333e-05,4
7360,2,58,24,10115__Node__7360,,3.568422116618177e-05,0.242086211354486,0.0028975990965125,4
7361,1,57,25,10298__Node__7361,incoming,0.0,0.2189702983528783,0.0003574056717505,2
7362,1,0,1017,10003__Node__7362,,0.0,0.2141900062093532,5.609007953745333e-05,4
7363,3,4,278,10034__Node__7363,,4.784221187412652e-05,0.2465856503254449,0.0095381539343711,4
7365,1,3,311,10032__Node__7365,,0.0,0.2376445846477392,0.0036864696028191,4
7370,1,44,34,10066__Node__7370,outgoing,0.0,0.2330145411881821,0.0001598393767306,3
7371,1,29,49,10088__Node__7371,outgoing,0.0,0.2172428651927475,0.000151646172097,3
7372,2,56,25,10030__Node__7372,outgoing,3.596598316896779e-05,0.2417468924052967,0.0026729629725811,2
7373,1,33,41,10191__Node__7373,outandin,0.0,0.2150615258408531,0.0001192682696565,0
7374,3,57,25,10298__Node__7374,incoming,2.1336027940356003e-05,0.2347505283140513,0.0032636022512097,2
7375,1,6,169,10047__Node__7375,,0.0,0.187348140525398,4.024558046919183e-05,4
7376,4,31,43,10177__Node__7376,incoming,0.0007147327198431,0.2840549560091882,0.013633982925949,1
7378,1,0,1017,10003__Node__7378,,0.0,0.2141900062093532,5.609007953745333e-05,4
7379,1,0,1017,10003__Node__7379,,0.0,0.2141900062093532,5.609007953745333e-05,3
7380,5,14,109,10017__Node__7380,,0.0004285680275552,0.2663253281319842,0.0076028240310613,4
7382,2,40,36,10052__Node__7382,,4.880994136855385e-06,0.2300052640814178,0.0016213148900895,4
7383,2,1,823,10033__Node__7383,,0.000157966221756,0.2777000974534977,0.0139373580040673,4
7385,4,12,120,10077__Node__7385,,0.0002050036491912,0.2687717859339758,0.0097704217884225,4
7386,1,12,120,10077__Node__7386,,0.0,0.2249682490646346,0.0009389415002389,3
7387,6,15,98,10055__Node__7387,,0.0009708630538638,0.2891938401800291,0.0245257030032637,3
7388,3,31,43,10177__Node__7388,incoming,0.0008921860875579,0.2644554735100674,0.0072979604560879,1
7389,2,4,278,10034__Node__7389,outgoing,4.563253604535633e-05,0.2443243243243243,0.0076789151474817,3
7391,1,2,637,10007__Node__7391,,0.0,0.2410888357550119,0.0025030475733457,4
7392,3,12,120,10077__Node__7392,,0.0007457675316619,0.2506405598684462,0.0014753522760035,4
7393,4,10,129,10073__Node__7393,outgoing,0.0002200198665844,0.2914572864321608,0.0243286575620351,3
7396,1,6,169,10047__Node__7396,,0.0,0.187348140525398,4.024558046919183e-05,2
7397,1,2,637,10007__Node__7397,,0.0,0.2410888357550119,0.0025030475733457,4
7398,1,2,637,10007__Node__7398,,0.0,0.2410888357550119,0.0025030475733457,4
7399,1,14,109,10017__Node__7399,,0.0,0.2319917879013132,0.0020283762330986,4
7402,1,2,637,10007__Node__7402,,0.0,0.2410888357550119,0.0025030475733457,4
7404,3,4,278,10034__Node__7404,,0.0001185334041656,0.2523389673892118,0.0117988667002452,4
7405,5,32,41,10009__Node__7405,outgoing,0.0002094228160336,0.2728673133769099,0.0148206769778494,2
7406,3,1,823,10033__Node__7406,outandin,0.0001788663617139,0.2812272044625616,0.0165385664790051,1
7407,1,0,1017,10003__Node__7407,,0.0,0.2141900062093532,5.609007953745333e-05,4
7410,1,0,1017,10003__Node__7410,,0.0,0.2141900062093532,5.609007953745333e-05,4
7411,3,9,129,10006__Node__7411,,0.0001381183882512,0.2556062556062556,0.0042218639046283,3
7414,2,1,823,10033__Node__7414,,6.644771792881665e-05,0.2741915240764757,0.0133797338775793,2
7415,1,1,823,10033__Node__7415,,0.0,0.2732996955923439,0.0130031624785455,3
7418,1,0,1017,10003__Node__7418,,0.0,0.2141900062093532,5.609007953745333e-05,4
7421,2,11,128,10039__Node__7421,,5.565066079877284e-05,0.255805784317552,0.0036681268772026,4
7422,2,1,823,10033__Node__7422,outgoing,7.843658343840981e-05,0.2750661014815125,0.0135799900130991,3
7423,2,5,257,10020__Node__7423,,2.3887875221063938e-05,0.2424444197832279,0.0070103681966544,4
7424,1,6,169,10047__Node__7424,outandin,0.0,0.187348140525398,4.024558046919183e-05,1
7425,1,0,1017,10003__Node__7425,,0.0,0.2141900062093532,5.609007953745333e-05,4
7426,2,1,823,10033__Node__7426,,6.644771792881665e-05,0.2741915240764757,0.0133797338775793,4
7427,1,1,823,10033__Node__7427,,0.0,0.2732996955923439,0.0130031624785455,4
7429,3,16,80,10149__Node__7429,,0.0001160545910875,0.2432362219335684,0.0067865799794381,4
7431,1,6,169,10047__Node__7431,incoming,0.0,0.187348140525398,4.024558046919183e-05,1
7432,1,2,637,10007__Node__7432,,0.0,0.2410888357550119,0.0025030475733457,4
7434,1,5,257,10020__Node__7434,,0.0,0.2378170470626655,0.0049946441175549,4
7435,2,7,149,10011__Node__7435,incoming,0.0001671730453086,0.2274351945032446,0.0005201996070481,2
7436,2,1,823,10033__Node__7436,,0.0001089259368834,0.2849936948297604,0.0179978065961004,2
7437,1,20,68,10147__Node__7437,,0.0,0.233695845961847,0.000266663305054,4
7438,1,15,98,10055__Node__7438,outgoing,0.0,0.2521836161452922,0.0044314001307017,3
7439,1,2,637,10007__Node__7439,,0.0,0.2410888357550119,0.0025030475733457,4
7440,1,0,1017,10003__Node__7440,,0.0,0.2141900062093532,5.609007953745333e-05,4
7444,4,47,29,10041__Node__7444,,0.0001279640889499,0.2492299501844317,0.0103248922174161,4
7445,1,4,278,10034__Node__7445,,0.0,0.2325515381613029,0.0031177529798711,4
7447,1,0,1017,10003__Node__7447,,0.0,0.2141900062093532,5.609007953745333e-05,4
7448,1,26,60,10093__Node__7448,,0.0,0.2539621033053048,0.0035398287348275,4
7449,1,0,1017,10003__Node__7449,,0.0,0.2141900062093532,5.609007953745333e-05,3
7451,2,1,823,10033__Node__7451,,1.86533559249534e-05,0.2772302356076308,0.0174345626092472,4
7453,3,1,823,10033__Node__7453,,0.0001759669980456,0.2858139636300205,0.0195927008792547,3
7454,1,58,24,10115__Node__7454,,0.0,0.2191167129149811,0.0003945515231667,4
7455,4,1,823,10033__Node__7455,,0.0003481553715617,0.2922891673727869,0.0244575829599008,4
7456,2,9,129,10006__Node__7456,,0.0231590130787106,0.2698118644765551,0.0009902856050592,4
7458,2,3,311,10032__Node__7458,outandin,9.969490888420688e-05,0.2664335948615797,0.0072262983376467,0
7459,2,1,823,10033__Node__7459,outgoing,0.000157966221756,0.2777000974534977,0.0139373580040673,1
7460,1,1,823,10033__Node__7460,,0.0,0.2732996955923439,0.0130031624785455,3
7461,3,38,38,10086__Node__7461,,7.483561947420579e-05,0.2305879041621222,0.0012623375390676,4
7464,4,1,823,10033__Node__7464,,0.0001315319226692,0.2856146772998649,0.0237654135751819,4
7465,1,12,120,10077__Node__7465,outgoing,0.0,0.2249682490646346,0.0009389415002389,3
7467,1,6,169,10047__Node__7467,,0.0,0.187348140525398,4.024558046919183e-05,4
7468,1,1,823,10033__Node__7468,outgoing,0.0,0.2732996955923439,0.0130031624785455,1
7469,1,0,1017,10003__Node__7469,,0.0,0.2141900062093532,5.609007953745333e-05,4
7470,13,40,36,10052__Node__7470,,0.0032273570715575,0.2932832147491833,0.0246112842866815,4
7471,2,36,39,10036__Node__7471,outandin,8.526649516475378e-05,0.2384226417839863,0.0038254171932881,0
7472,1,26,60,10093__Node__7472,outandin,0.0,0.2539621033053048,0.0035398287348275,1
7474,1,0,1017,10003__Node__7474,,0.0,0.2141900062093532,5.609007953745333e-05,4
7479,2,24,62,10108__Node__7479,,0.0001279476064187,0.2377997895577083,0.0047793198456792,3
7480,1,8,139,10071__Node__7480,incoming,0.0,0.2328820665884944,0.0001403357882566,3
7481,2,11,128,10039__Node__7481,,4.8880761348040886e-05,0.261042737085275,0.0053303938519015,4
7482,3,10,129,10073__Node__7482,,4.669964194840724e-05,0.241390740672535,0.0070788818599671,4
7486,2,1,823,10033__Node__7486,,7.843658343840981e-05,0.2750661014815125,0.0135799900130991,4
7487,1,1,823,10033__Node__7487,outandin,0.0,0.2732996955923439,0.0130031624785455,1
7489,2,8,139,10071__Node__7489,,0.0002720069428727,0.2530208856117052,0.0021560598673561,4
7491,4,17,73,10008__Node__7491,,0.0001799531960697,0.2525918217905731,0.0117852735492741,4
7492,3,1,823,10033__Node__7492,,0.0001050375977087,0.2781951695742604,0.0156316006323289,4
7493,1,0,1017,10003__Node__7493,,0.0,0.2141900062093532,5.609007953745333e-05,4
7495,1,49,28,10014__Node__7495,,0.0,0.1710378663326287,2.841685605456861e-06,3
7498,4,9,129,10006__Node__7498,incoming,0.0003503356963313,0.2760625078977297,0.0117782897961723,3
7500,1,13,119,10016__Node__7500,outgoing,0.0,0.2325185369141802,0.0020157240790995,2
7501,3,54,26,10060__Node__7501,outgoing,0.000196163360494,0.255805784317552,0.0030768480783197,2
7502,1,45,32,10064__Node__7502,incoming,0.0,0.2119183884631551,0.0003765713990338,3
7503,2,1,823,10033__Node__7503,,1.86533559249534e-05,0.2772302356076308,0.0174345626092472,4
7505,1,1,823,10033__Node__7505,,0.0,0.2732996955923439,0.0130031624785455,4
7508,1,7,149,10011__Node__7508,,0.0,0.2235715504008187,0.0003635239368321,4
7510,3,48,29,10065__Node__7510,incoming,0.0001092365868285,0.2596157654981184,0.0055678633178395,2
7511,2,1,823,10033__Node__7511,,0.0001738664104425,0.2776059977127366,0.0140683897153778,4
7512,4,1,823,10033__Node__7512,,0.0001939909241966,0.2869401514819841,0.0213739877135218,4
7513,1,2,637,10007__Node__7513,,0.0,0.2410888357550119,0.0025030475733457,4
7514,3,1,823,10033__Node__7514,incoming,0.0001315452495049,0.2800017088905028,0.0185103462050486,2
7515,1,3,311,10032__Node__7515,,0.0,0.2376445846477392,0.0036864696028191,2
7516,2,10,129,10073__Node__7516,,2.045414509591029e-05,0.2634138499256461,0.0081009909024381,3
7517,1,37,38,10148__Node__7517,,0.0,0.2213964800864777,0.0004140669828814,3
7519,5,9,129,10006__Node__7519,,0.0007244185485742,0.3001053161774806,0.0238436940897596,4
7520,2,7,149,10011__Node__7520,,0.0004945832131685,0.2435797376147471,0.0004673381158972,4
7521,7,39,37,10010__Node__7521,,0.0012863619333509,0.2932832147491833,0.0248947977873697,4
7526,3,5,257,10020__Node__7526,outgoing,0.0007327677803456,0.2506597315179562,0.0090446376572062,1
7527,1,0,1017,10003__Node__7527,,0.0,0.2141900062093532,5.609007953745333e-05,4
7529,4,1,823,10033__Node__7529,,0.0002757267900055,0.2882019260366738,0.0230027675771734,4
7530,1,0,1017,10003__Node__7530,,0.0,0.2141900062093532,5.609007953745333e-05,4
7531,1,7,149,10011__Node__7531,,0.0,0.2235715504008187,0.0003635239368321,4
7533,2,2,637,10007__Node__7533,,7.248261889919706e-05,0.2441241107013819,0.004296986561612,4
7534,1,38,38,10086__Node__7534,,0.0,0.2219663358959596,0.0002328710206101,4
7535,1,7,149,10011__Node__7535,,0.0,0.2235715504008187,0.0003635239368321,4
7537,1,1,823,10033__Node__7537,,0.0,0.2732996955923439,0.0130031624785455,4
7538,4,1,823,10033__Node__7538,outgoing,0.0003693652571888,0.2857890376313609,0.0221993144370304,3
7539,2,61,23,10058__Node__7539,incoming,6.500933344468811e-05,0.2387526866052238,0.0051513197877709,3
7543,2,43,34,10153__Node__7543,,0.0001028770798953,0.2569490728035441,0.0039760807474103,4
7544,1,18,70,10091__Node__7544,outgoing,0.0,0.2419968245763024,0.0007304893857454,1
7547,1,1,823,10033__Node__7547,outgoing,0.0,0.2732996955923439,0.0130031624785455,3
7549,1,49,28,10014__Node__7549,,0.0,0.1710378663326287,2.841685605456861e-06,4
7550,1,2,637,10007__Node__7550,,0.0,0.2410888357550119,0.0025030475733457,4
7553,1,54,26,10060__Node__7553,outgoing,0.0,0.2245212565516768,0.0001038141790651,1
7554,1,9,129,10006__Node__7554,,0.0,0.2452018406973699,0.0009341955255218,4
7555,1,2,637,10007__Node__7555,,0.0,0.2410888357550119,0.0025030475733457,4
7557,1,33,41,10191__Node__7557,,0.0,0.2150615258408531,0.0001192682696565,2
7559,4,4,278,10034__Node__7559,,0.0004855991428318,0.2574537455316809,0.0094828069407204,2
7560,1,7,149,10011__Node__7560,,0.0,0.2235715504008187,0.0003635239368321,3
7561,2,1,823,10033__Node__7561,,2.8804886848532725e-05,0.2769490809211916,0.0147971014668117,3
7562,1,6,169,10047__Node__7562,,0.0,0.187348140525398,4.024558046919183e-05,4
7563,1,20,68,10147__Node__7563,,0.0,0.233695845961847,0.000266663305054,4
7564,1,0,1017,10003__Node__7564,,0.0,0.2141900062093532,5.609007953745333e-05,4
7565,1,1,823,10033__Node__7565,outgoing,0.0,0.2732996955923439,0.0130031624785455,1
7566,1,4,278,10034__Node__7566,,0.0,0.2325515381613029,0.0031177529798711,4
7567,1,20,68,10147__Node__7567,,0.0,0.233695845961847,0.000266663305054,4
7569,1,46,29,10119__Node__7569,,0.0,0.2183574879227053,0.0002146772034399,3
7571,2,1,823,10033__Node__7571,outgoing,5.2822485245991e-05,0.2749276395821972,0.0138694677585945,2
7572,1,6,169,10047__Node__7572,,0.0,0.187348140525398,4.024558046919183e-05,4
7573,2,1,823,10033__Node__7573,,0.0002325688151446,0.2742603674101351,0.0131069766576106,3
7574,4,2,637,10007__Node__7574,,0.0004724873322321,0.2728900362243411,0.0066073432305754,4
7575,2,59,24,10139__Node__7575,,0.0003438048197968,0.2506022253661147,0.0020547163130848,4
7576,1,2,637,10007__Node__7576,,0.0,0.2410888357550119,0.0025030475733457,4
7580,1,37,38,10148__Node__7580,,0.0,0.2213964800864777,0.0004140669828814,3
7581,1,10,129,10073__Node__7581,,0.0,0.2364613774939567,0.0045611621676105,4
7583,2,13,119,10016__Node__7583,,2.3887875221063938e-05,0.2424444197832279,0.0070103681966544,4
7584,4,15,98,10055__Node__7584,,0.0003613381967221,0.2792620051983467,0.013686074701447,4
7587,4,37,38,10148__Node__7587,,0.0003660152387439,0.2618981018981019,0.0054116872462905,4
7589,1,20,68,10147__Node__7589,,0.0,0.233695845961847,0.000266663305054,4
7590,1,8,139,10071__Node__7590,,0.0,0.2328820665884944,0.0001403357882566,4
7591,2,4,278,10034__Node__7591,outandin,9.614112641467472e-05,0.2627590907268572,0.0075491531105728,2
7594,1,12,120,10077__Node__7594,outandin,0.0,0.2249682490646346,0.0009389415002389,0
7595,1,1,823,10033__Node__7595,outgoing,0.0,0.2732996955923439,0.0130031624785455,1
7599,1,5,257,10020__Node__7599,,0.0,0.2378170470626655,0.0049946441175549,4
7601,1,13,119,10016__Node__7601,,0.0,0.2325185369141802,0.0020157240790995,4
7603,1,6,169,10047__Node__7603,,0.0,0.187348140525398,4.024558046919183e-05,4
7604,2,13,119,10016__Node__7604,,3.803335690677607e-05,0.2532359646072408,0.002746213464845,4
7605,1,53,27,10013__Node__7605,,0.0,0.210705674328886,0.0001755367846843,4
7606,2,2,637,10007__Node__7606,,0.0001327237145512,0.2631388766210302,0.0034372430988675,4
7607,2,13,119,10016__Node__7607,,8.449146115162255e-05,0.2785735537892634,0.015018886557645,4
7608,1,4,278,10034__Node__7608,,0.0,0.2325515381613029,0.0031177529798711,2
7609,4,5,257,10020__Node__7609,outgoing,0.0001364845802329,0.2736420191223748,0.0139734553663535,2
7610,1,20,68,10147__Node__7610,,0.0,0.233695845961847,0.000266663305054,4
7612,1,3,311,10032__Node__7612,,0.0,0.2376445846477392,0.0036864696028191,4
7615,1,22,64,10053__Node__7615,,0.0,0.2264607304516084,0.0010652272368323,4
7616,1,6,169,10047__Node__7616,,0.0,0.187348140525398,4.024558046919183e-05,4
7618,1,14,109,10017__Node__7618,,0.0,0.2319917879013132,0.0020283762330986,4
7619,1,5,257,10020__Node__7619,outgoing,0.0,0.2378170470626655,0.0049946441175549,1
7620,2,3,311,10032__Node__7620,,9.802294251582747e-05,0.2394680112536081,0.0040688219040337,4
7622,2,19,70,10105__Node__7622,,7.817087455976053e-05,0.2390313286407235,0.0039277734510033,4
7623,8,44,34,10066__Node__7623,,0.0056700933881128,0.3031031771724553,0.0276699731707567,4
7626,1,19,70,10105__Node__7626,,0.0,0.215132118824881,0.0002413038481842,4
7628,1,35,39,10019__Node__7628,,0.0,0.2289766970618034,0.000143815415508,4
7629,4,19,70,10105__Node__7629,,0.0001530904099806,0.2383706128386979,0.0047816897366383,4
7630,2,17,73,10008__Node__7630,,2.013157063519228e-05,0.2404696385984223,0.0060704277133563,4
7631,1,13,119,10016__Node__7631,outandin,0.0,0.2325185369141802,0.0020157240790995,0
7632,1,45,32,10064__Node__7632,,0.0,0.2119183884631551,0.0003765713990338,4
7634,2,1,823,10033__Node__7634,,0.0002302210228481,0.285913711119836,0.0166896320813646,3
7636,1,2,637,10007__Node__7636,,0.0,0.2410888357550119,0.0025030475733457,4
7637,1,48,29,10065__Node__7637,,0.0,0.2299891216619293,0.0017506178074229,4
7641,3,1,823,10033__Node__7641,,9.543823110511904e-05,0.2836124453676057,0.0201607871463768,4
7643,1,6,169,10047__Node__7643,incoming,0.0,0.187348140525398,4.024558046919183e-05,3
7646,1,5,257,10020__Node__7646,,0.0,0.2378170470626655,0.0049946441175549,3
7647,1,16,80,10149__Node__7647,,0.0,0.2240147656970981,0.0003661790249382,4
7649,1,52,28,10162__Node__7649,,0.0,0.214358135731807,2.969075404631632e-05,4
7651,1,23,62,10025__Node__7651,,0.0,0.2226903605042302,0.000866305280049,3
7653,1,19,70,10105__Node__7653,,0.0,0.215132118824881,0.0002413038481842,4
7654,1,6,169,10047__Node__7654,,0.0,0.187348140525398,4.024558046919183e-05,4
7655,2,9,129,10006__Node__7655,outandin,3.791646577480716e-05,0.2463261547713008,0.0011041109247571,1
7657,2,62,23,10212__Node__7657,incoming,1.3183579551501291e-05,0.2399414241259381,0.0058724644639154,3
7658,1,35,39,10019__Node__7658,,0.0,0.2289766970618034,0.000143815415508,4
7660,1,6,169,10047__Node__7660,,0.0,0.187348140525398,4.024558046919183e-05,4
7661,7,11,128,10039__Node__7661,incoming,0.0009718752028489,0.2722099929393197,0.0112430897621644,3
7663,2,13,119,10016__Node__7663,,7.538976272549852e-05,0.2432542775488995,0.0057021936819187,4
7668,8,13,119,10016__Node__7668,,0.004334414564523,0.2873175222480382,0.0114458469996511,3
7669,1,6,169,10047__Node__7669,,0.0,0.187348140525398,4.024558046919183e-05,4
7670,1,0,1017,10003__Node__7670,,0.0,0.2141900062093532,5.609007953745333e-05,4
7673,2,51,28,10031__Node__7673,outandin,5.592999022247986e-05,0.2392931468837854,0.0052720608931439,1
7674,1,3,311,10032__Node__7674,,0.0,0.2376445846477392,0.0036864696028191,4
7675,2,1,823,10033__Node__7675,,2.7840029723779493e-05,0.2778884884460462,0.0155996249787662,4
7676,1,50,28,10143__Node__7676,outandin,0.0,0.221381523391319,0.0002035896601726,2
7677,2,13,119,10016__Node__7677,,2.8415260155729893e-05,0.2336125467831046,0.0022931408546885,4
7678,1,0,1017,10003__Node__7678,,0.0,0.2141900062093532,5.609007953745333e-05,4
7679,1,2,637,10007__Node__7679,,0.0,0.2410888357550119,0.0025030475733457,4
7680,2,13,119,10016__Node__7680,,9.181012227102205e-05,0.2352730014000071,0.0024519760916823,3
7681,7,4,278,10034__Node__7681,,0.0025082158147447,0.3047096564228927,0.026713798659201,3
7682,1,19,70,10105__Node__7682,,0.0,0.215132118824881,0.0002413038481842,4
7683,1,19,70,10105__Node__7683,,0.0,0.215132118824881,0.0002413038481842,3
7685,1,9,129,10006__Node__7685,incoming,0.0,0.2452018406973699,0.0009341955255218,3
7686,1,7,149,10011__Node__7686,,0.0,0.2235715504008187,0.0003635239368321,4
7687,1,0,1017,10003__Node__7687,,0.0,0.2141900062093532,5.609007953745333e-05,4
7688,2,2,637,10007__Node__7688,,0.0005990651794139,0.2908622908622909,0.0155062100518912,4
7689,1,19,70,10105__Node__7689,,0.0,0.215132118824881,0.0002413038481842,4
7691,4,4,278,10034__Node__7691,outgoing,0.0001678898276298,0.2662820460732133,0.0083846098992354,3
7692,4,1,823,10033__Node__7692,,0.0004799302721123,0.2925501048966656,0.0214513093103182,2
7694,3,11,128,10039__Node__7694,,0.0003322067961567,0.2887860762282441,0.0188548468100974,4
7695,9,4,278,10034__Node__7695,incoming,0.0020723244298125,0.3091946973628343,0.0324854463263794,2
7696,1,15,98,10055__Node__7696,outgoing,0.0,0.2521836161452922,0.0044314001307017,3
7697,1,50,28,10143__Node__7697,outgoing,0.0,0.221381523391319,0.0002035896601726,3
7698,1,19,70,10105__Node__7698,,0.0,0.215132118824881,0.0002413038481842,4
7699,2,19,70,10105__Node__7699,,7.817087455976053e-05,0.2390313286407235,0.0039277734510033,4
7700,1,8,139,10071__Node__7700,,0.0,0.2328820665884944,0.0001403357882566,4
7702,1,13,119,10016__Node__7702,,0.0,0.2325185369141802,0.0020157240790995,4
7703,2,4,278,10034__Node__7703,outgoing,4.361795315633374e-05,0.2454589715740983,0.0081123970974261,2
7705,1,6,169,10047__Node__7705,,0.0,0.187348140525398,4.024558046919183e-05,4
7707,1,19,70,10105__Node__7707,outgoing,0.0,0.215132118824881,0.0002413038481842,3
7708,2,19,70,10105__Node__7708,outgoing,0.0002896769941824,0.2236478416652448,0.000677555860767,3
7711,2,1,823,10033__Node__7711,incoming,8.136779783580505e-05,0.2765984384891327,0.0137336518642909,3
7712,1,1,823,10033__Node__7712,,0.0,0.2732996955923439,0.0130031624785455,4
7714,1,22,64,10053__Node__7714,,0.0,0.2264607304516084,0.0010652272368323,2
7716,1,12,120,10077__Node__7716,,0.0,0.2249682490646346,0.0009389415002389,4
7717,1,0,1017,10003__Node__7717,outgoing,0.0,0.2141900062093532,5.609007953745333e-05,3
7718,1,25,61,10196__Node__7718,outgoing,0.0,0.2241220121054611,0.0003823523012146,1
7719,1,3,311,10032__Node__7719,,0.0,0.2376445846477392,0.0036864696028191,4
7721,2,29,49,10088__Node__7721,,3.707865881563157e-06,0.2237394599392346,0.0003845171927071,4
7722,2,12,120,10077__Node__7722,,8.138587178486655e-06,0.2282430785303848,0.0014409371134959,4
7723,1,16,80,10149__Node__7723,,0.0,0.2240147656970981,0.0003661790249382,4
7724,1,22,64,10053__Node__7724,outandin,0.0,0.2264607304516084,0.0010652272368323,2
7725,1,0,1017,10003__Node__7725,,0.0,0.2141900062093532,5.609007953745333e-05,4
7726,3,27,52,10026__Node__7726,,0.0002111162438814,0.2396957173682478,0.0004048290961892,3
7730,4,5,257,10020__Node__7730,,0.0002639683951377,0.27117381770036,0.0106911472278561,4
7732,2,5,257,10020__Node__7732,,6.790447873965142e-05,0.2399414241259381,0.0053608231424931,4
7734,1,3,311,10032__Node__7734,,0.0,0.2376445846477392,0.0036864696028191,4
7735,1,16,80,10149__Node__7735,,0.0,0.2240147656970981,0.0003661790249382,4
7741,5,13,119,10016__Node__7741,,0.0002489296081932,0.2691470576157037,0.0104342055501467,4
7742,6,4,278,10034__Node__7742,,0.000327613240359,0.2544353429869171,0.0137075410001035,3
7743,5,5,257,10020__Node__7743,,0.0002851831822411,0.2793096100575325,0.015053817081487,4
7744,3,48,29,10065__Node__7744,outgoing,7.642969088163028e-05,0.2369743645370069,0.0039699315466951,3
7746,2,10,129,10073__Node__7746,incoming,2.708964209823212e-05,0.2422830948948283,0.0072950935192913,1
7747,1,18,70,10091__Node__7747,,0.0,0.2419968245763024,0.0007304893857454,4
7748,4,5,257,10020__Node__7748,outgoing,0.0001983790457332,0.2696342617353026,0.0122418892925119,1
7750,1,34,40,10070__Node__7750,,0.0,0.2028913723183605,8.76295195538406e-05,4
7752,1,8,139,10071__Node__7752,,0.0,0.2328820665884944,0.0001403357882566,4
7753,1,0,1017,10003__Node__7753,,0.0,0.2141900062093532,5.609007953745333e-05,4
7754,1,59,24,10139__Node__7754,,0.0,0.2061200742208384,3.899223398533341e-05,4
7755,1,2,637,10007__Node__7755,,0.0,0.2410888357550119,0.0025030475733457,4
7757,1,0,1017,10003__Node__7757,,0.0,0.2141900062093532,5.609007953745333e-05,4
7758,4,10,129,10073__Node__7758,outandin,0.0002143906916414,0.2442332774361841,0.007904322245898,1
7759,1,33,41,10191__Node__7759,,0.0,0.2150615258408531,0.0001192682696565,2
7760,1,1,823,10033__Node__7760,outgoing,0.0,0.2732996955923439,0.0130031624785455,1
7761,7,34,40,10070__Node__7761,outandin,0.0075691524102534,0.2743062821746955,0.0060589567988566,1
7762,3,12,120,10077__Node__7762,incoming,6.500784916413739e-05,0.2434349812428035,0.0060020992811065,2
7763,3,1,823,10033__Node__7763,,0.0002706163242458,0.2801932367149758,0.0154329535405265,3
7767,1,37,38,10148__Node__7767,,0.0,0.2213964800864777,0.0004140669828814,4
7768,1,20,68,10147__Node__7768,,0.0,0.233695845961847,0.000266663305054,2
7769,2,3,311,10032__Node__7769,,1.446271578084392e-05,0.241639936585186,0.0064204009544999,4
7770,1,8,139,10071__Node__7770,,0.0,0.2328820665884944,0.0001403357882566,4
7772,6,3,311,10032__Node__7772,,0.000217848576598,0.2523001116372175,0.0133984863341623,4
7773,1,3,311,10032__Node__7773,,0.0,0.2376445846477392,0.0036864696028191,4
7774,4,3,311,10032__Node__7774,,0.0001699523205613,0.2674774517406031,0.0092574073602979,4
7775,1,4,278,10034__Node__7775,,0.0,0.2325515381613029,0.0031177529798711,4
7776,3,5,257,10020__Node__7776,outandin,0.0001184064442632,0.2450734771715963,0.0064355812310508,0
7777,1,37,38,10148__Node__7777,,0.0,0.2213964800864777,0.0004140669828814,4
7779,1,15,98,10055__Node__7779,outandin,0.0,0.2521836161452922,0.0044314001307017,0
7781,2,4,278,10034__Node__7781,,7.100268488384547e-05,0.2632445676185886,0.0057142154800919,4
7783,5,40,36,10052__Node__7783,outgoing,0.0005561815257841,0.2561657221027946,0.0091750107060224,1
7784,3,53,27,10013__Node__7784,,6.221443898757245e-05,0.2342638595989563,0.0034632051637908,4
7785,1,0,1017,10003__Node__7785,,0.0,0.2141900062093532,5.609007953745333e-05,4
7786,2,29,49,10088__Node__7786,,5.518583499924398e-05,0.2254790656070457,0.0005657131549784,2
7787,1,4,278,10034__Node__7787,,0.0,0.2325515381613029,0.0031177529798711,4
7789,6,2,637,10007__Node__7789,,0.0005871501050052,0.2571103526734926,0.0109590205487409,2
7790,1,4,278,10034__Node__7790,,0.0,0.2325515381613029,0.0031177529798711,2
7792,4,5,257,10020__Node__7792,,0.0002441259950804,0.2514290098592089,0.0126559166617844,2
7793,1,3,311,10032__Node__7793,,0.0,0.2376445846477392,0.0036864696028191,2
7794,3,10,129,10073__Node__7794,,0.0001160154115272,0.2463817149731213,0.007515827746949,3
7796,1,2,637,10007__Node__7796,,0.0,0.2410888357550119,0.0025030475733457,4
7797,2,1,823,10033__Node__7797,outgoing,2.8804886848532725e-05,0.2769490809211916,0.0147971014668117,2
7799,2,4,278,10034__Node__7799,,2.2026450600214655e-05,0.2436159536111214,0.0068042225826903,4
7800,6,1,823,10033__Node__7800,incoming,0.0008272544293327,0.2891428067234305,0.0226468151434214,3
7801,1,0,1017,10003__Node__7801,,0.0,0.2141900062093532,5.609007953745333e-05,2
7802,2,2,637,10007__Node__7802,,8.626754570920828e-05,0.2440695639220943,0.0042727363716699,4
7803,3,11,128,10039__Node__7803,,4.784221187412652e-05,0.2465856503254449,0.0095381539343711,4
7804,1,1,823,10033__Node__7804,,0.0,0.2732996955923439,0.0130031624785455,4
7805,2,39,37,10010__Node__7805,outgoing,1.2686423881387212e-05,0.2282271825051363,0.0013683008933061,1
7810,1,40,36,10052__Node__7810,,0.0,0.2282430785303848,0.0010444873555359,4
7811,2,11,128,10039__Node__7811,,1.0540630619442666e-05,0.2372832265305383,0.0044845491591037,4
7812,2,12,120,10077__Node__7812,outgoing,2.053414086267964e-05,0.2292971346604625,0.0013334930234057,2
7813,1,0,1017,10003__Node__7813,,0.0,0.2141900062093532,5.609007953745333e-05,4
7814,3,18,70,10091__Node__7814,outgoing,4.67909310317273e-05,0.2581636270532162,0.0069558285047134,3
7815,1,2,637,10007__Node__7815,,0.0,0.2410888357550119,0.0025030475733457,4
7818,1,26,60,10093__Node__7818,,0.0,0.2539621033053048,0.0035398287348275,4
7819,3,4,278,10034__Node__7819,outgoing,0.0009023326001448,0.3006559933941924,0.0186239630317624,1
7820,1,2,637,10007__Node__7820,,0.0,0.2410888357550119,0.0025030475733457,4
7821,3,15,98,10055__Node__7821,,9.611460019254028e-05,0.2779356261396887,0.0179531597556326,3
7822,2,1,823,10033__Node__7822,,1.86533559249534e-05,0.2772302356076308,0.0174345626092472,4
7824,1,6,169,10047__Node__7824,incoming,0.0,0.187348140525398,4.024558046919183e-05,3
7825,1,23,62,10025__Node__7825,,0.0,0.2226903605042302,0.000866305280049,4
7827,1,12,120,10077__Node__7827,,0.0,0.2249682490646346,0.0009389415002389,4
7828,1,45,32,10064__Node__7828,,0.0,0.2119183884631551,0.0003765713990338,2
7829,1,7,149,10011__Node__7829,,0.0,0.2235715504008187,0.0003635239368321,4
7830,2,49,28,10014__Node__7830,,2.8492999182442007e-05,0.187551867219917,4.308726607464869e-05,4
7831,2,1,823,10033__Node__7831,,1.86533559249534e-05,0.2772302356076308,0.0174345626092472,2
7832,3,39,37,10010__Node__7832,,0.0004974629360499,0.2788342905764731,0.0138686820286346,4
7833,1,0,1017,10003__Node__7833,,0.0,0.2141900062093532,5.609007953745333e-05,4
7834,9,2,637,10007__Node__7834,,0.0030435172063326,0.2681120883616281,0.0166113348439431,4
7835,1,1,823,10033__Node__7835,outgoing,0.0,0.2732996955923439,0.0130031624785455,3
7836,4,1,823,10033__Node__7836,,0.0005989169853859,0.2968969422423556,0.0225413164129166,3
7839,2,10,129,10073__Node__7839,outandin,1.560353463873716e-05,0.2612300211247957,0.0071576246678313,0
7841,2,18,70,10091__Node__7841,outandin,2.9427151371145376e-05,0.2495526025206564,0.0016694308859843,2
7844,1,1,823,10033__Node__7844,,0.0,0.2732996955923439,0.0130031624785455,4
7845,1,0,1017,10003__Node__7845,,0.0,0.2141900062093532,5.609007953745333e-05,3
7846,1,0,1017,10003__Node__7846,,0.0,0.2141900062093532,5.609007953745333e-05,4
7848,1,1,823,10033__Node__7848,,0.0,0.2732996955923439,0.0130031624785455,2
7849,1,32,41,10009__Node__7849,,0.0,0.2170414279564195,0.0005185971463854,3
7854,1,0,1017,10003__Node__7854,,0.0,0.2141900062093532,5.609007953745333e-05,4
7858,1,4,278,10034__Node__7858,,0.0,0.2325515381613029,0.0031177529798711,2
7860,1,3,311,10032__Node__7860,,0.0,0.2376445846477392,0.0036864696028191,4
7862,1,1,823,10033__Node__7862,,0.0,0.2732996955923439,0.0130031624785455,3
7863,2,1,823,10033__Node__7863,,8.136779783580505e-05,0.2765984384891327,0.0137336518642909,4
7864,1,2,637,10007__Node__7864,,0.0,0.2410888357550119,0.0025030475733457,4
7865,2,10,129,10073__Node__7865,outgoing,1.6977563716671108e-05,0.2444336702345877,0.0095558062851654,2
7866,2,49,28,10014__Node__7866,outgoing,2.8492999182442007e-05,0.187551867219917,4.308726607464869e-05,1
7867,1,27,52,10026__Node__7867,,0.0,0.2159117114149234,0.0002184626719269,4
7868,3,23,62,10025__Node__7868,,0.0002945667163224,0.2634562045262692,0.00548697040839,3
7869,1,1,823,10033__Node__7869,,0.0,0.2732996955923439,0.0130031624785455,4
7871,1,2,637,10007__Node__7871,,0.0,0.2410888357550119,0.0025030475733457,3
7874,1,30,46,10037__Node__7874,outandin,0.0,0.2200288716554201,0.0001472356960681,1
7876,3,1,823,10033__Node__7876,,6.934928764846545e-05,0.2801932367149758,0.0173502427861892,3
7879,2,24,62,10108__Node__7879,,6.345716652894199e-05,0.2337458539890866,0.0022338817571682,3
7881,2,2,637,10007__Node__7881,,0.0001327237145512,0.2631388766210302,0.0034372430988675,4
7883,5,5,257,10020__Node__7883,,0.0001885635357714,0.2704130049098486,0.0129670375622434,3
7884,1,8,139,10071__Node__7884,,0.0,0.2328820665884944,0.0001403357882566,4
7885,1,1,823,10033__Node__7885,,0.0,0.2732996955923439,0.0130031624785455,4
7888,1,56,25,10030__Node__7888,,0.0,0.2137150683144748,0.0001699153992353,4
7889,2,1,823,10033__Node__7889,,1.86533559249534e-05,0.2772302356076308,0.0174345626092472,4
7891,8,5,257,10020__Node__7891,,0.001741830137619,0.2700787077100589,0.0180144926324537,4
7892,1,2,637,10007__Node__7892,,0.0,0.2410888357550119,0.0025030475733457,4
7893,2,2,637,10007__Node__7893,,0.0003321406944348,0.2610635331607249,0.0026468629888537,4
7895,1,55,26,10339__Node__7895,outgoing,0.0,0.2121378863893833,9.541301547457587e-05,3
7896,1,1,823,10033__Node__7896,,0.0,0.2732996955923439,0.0130031624785455,4
7898,2,53,27,10013__Node__7898,,2.940920857129768e-05,0.2415864941575435,0.0026785843580301,4
7899,1,11,128,10039__Node__7899,outgoing,0.0,0.2339461003034089,0.0027339313516807,1
7900,4,56,25,10030__Node__7900,,0.0005029997594454,0.2575549180649978,0.0094771855552714,4
7901,1,1,823,10033__Node__7901,,0.0,0.2732996955923439,0.0130031624785455,4
7902,1,0,1017,10003__Node__7902,,0.0,0.2141900062093532,5.609007953745333e-05,4
7904,1,0,1017,10003__Node__7904,,0.0,0.2141900062093532,5.609007953745333e-05,4
7905,1,1,823,10033__Node__7905,,0.0,0.2732996955923439,0.0130031624785455,4
7906,1,55,26,10339__Node__7906,outgoing,0.0,0.2121378863893833,9.541301547457587e-05,3
7908,1,0,1017,10003__Node__7908,,0.0,0.2141900062093532,5.609007953745333e-05,4
7909,2,57,25,10298__Node__7909,outandin,1.512957177184604e-05,0.2317948717948718,0.0014331892675519,2
7910,3,15,98,10055__Node__7910,,5.177567106398137e-05,0.2684415318451771,0.011589024798533,4
7911,5,1,823,10033__Node__7911,outgoing,0.000708456200163,0.2979226328469476,0.0252871335976871,2
7913,1,25,61,10196__Node__7913,incoming,0.0,0.2241220121054611,0.0003823523012146,3
7914,3,1,823,10033__Node__7914,,0.0003656082636639,0.2898845592463178,0.0211210322120663,4
7918,2,17,73,10008__Node__7918,outandin,2.205740978735619e-05,0.2375756696994961,0.0038097149474821,1
7919,3,2,637,10007__Node__7919,,0.0007524089759871,0.2927068911616274,0.0162087770220759,4
7922,2,1,823,10033__Node__7922,outgoing,3.966877315413464e-05,0.2798582347666424,0.016542991213373,2
7923,3,1,823,10033__Node__7923,,0.0004533169993134,0.2788580181253457,0.0176527202873159,4
7924,1,13,119,10016__Node__7924,,0.0,0.2325185369141802,0.0020157240790995,3
7926,6,31,43,10177__Node__7926,,0.0003703948185973,0.2918726341572032,0.0283776001545022,2
7928,2,1,823,10033__Node__7928,,0.0001864718824185,0.2831713112983365,0.0161209154584166,4
7931,2,1,823,10033__Node__7931,outandin,5.2822485245991e-05,0.2749276395821972,0.0138694677585945,1
7932,1,1,823,10033__Node__7932,,0.0,0.2732996955923439,0.0130031624785455,4
7933,2,23,62,10025__Node__7933,outandin,5.2822485245991e-05,0.2749276395821972,0.0138694677585945,2
7935,1,2,637,10007__Node__7935,,0.0,0.2410888357550119,0.0025030475733457,4
7936,2,2,637,10007__Node__7936,,0.0001167955383124,0.2492109966158409,0.0056208005532169,4
7937,1,2,637,10007__Node__7937,outgoing,0.0,0.2410888357550119,0.0025030475733457,1
7938,2,39,37,10010__Node__7938,outandin,8.138587178486655e-06,0.2282430785303848,0.0014409371134959,1
7940,1,14,109,10017__Node__7940,incoming,0.0,0.2319917879013132,0.0020283762330986,3
7941,2,5,257,10020__Node__7941,,0.0001089259368834,0.2849936948297604,0.0179978065961004,3
7942,1,1,823,10033__Node__7942,outgoing,0.0,0.2732996955923439,0.0130031624785455,3
7943,1,0,1017,10003__Node__7943,,0.0,0.2141900062093532,5.609007953745333e-05,3
7944,1,2,637,10007__Node__7944,,0.0,0.2410888357550119,0.0025030475733457,4
7949,1,35,39,10019__Node__7949,,0.0,0.2289766970618034,0.000143815415508,4
7950,2,18,70,10091__Node__7950,,2.9427151371145376e-05,0.2495526025206564,0.0016694308859843,4
7951,4,2,637,10007__Node__7951,,0.0003511802657988,0.2659362953946034,0.0042936719346014,3
7954,1,0,1017,10003__Node__7954,outgoing,0.0,0.2141900062093532,5.609007953745333e-05,3
7955,2,4,278,10034__Node__7955,,0.0001864718824185,0.2831713112983365,0.0161209154584166,2
7956,3,5,257,10020__Node__7956,incoming,0.0002543472976598,0.2608764876806114,0.0070552464108751,3
7957,1,8,139,10071__Node__7957,,0.0,0.2328820665884944,0.0001403357882566,4
7960,1,3,311,10032__Node__7960,,0.0,0.2376445846477392,0.0036864696028191,4
7961,1,2,637,10007__Node__7961,,0.0,0.2410888357550119,0.0025030475733457,4
7963,12,26,60,10093__Node__7963,,0.0034702747090245,0.3002427962801777,0.029851439728571,4
7965,1,50,28,10143__Node__7965,outgoing,0.0,0.221381523391319,0.0002035896601726,2
7967,1,1,823,10033__Node__7967,,0.0,0.2732996955923439,0.0130031624785455,4
7968,1,0,1017,10003__Node__7968,,0.0,0.2141900062093532,5.609007953745333e-05,4
7969,2,5,257,10020__Node__7969,,1.6977563716671108e-05,0.2444336702345877,0.0095558062851654,4
7970,4,6,169,10047__Node__7970,,0.0100355374455931,0.2672593075887942,0.0071154783157564,3
7971,6,28,51,10051__Node__7971,,0.0007613036362783,0.3018746257657408,0.0286002860511685,4
7972,1,2,637,10007__Node__7972,,0.0,0.2410888357550119,0.0025030475733457,4
7973,3,26,60,10093__Node__7973,outandin,1.627178471441082e-05,0.2599658879060727,0.0079302302233145,0
7974,1,1,823,10033__Node__7974,,0.0,0.2732996955923439,0.0130031624785455,4
7975,2,26,60,10093__Node__7975,,1.675001816996415e-05,0.2627801611803857,0.0079712288655292,3
7976,1,1,823,10033__Node__7976,,0.0,0.2732996955923439,0.0130031624785455,4
7977,1,27,52,10026__Node__7977,,0.0,0.2159117114149234,0.0002184626719269,3
7978,1,2,637,10007__Node__7978,,0.0,0.2410888357550119,0.0025030475733457,4
7979,1,52,28,10162__Node__7979,incoming,0.0,0.214358135731807,2.969075404631632e-05,3
7981,2,8,139,10071__Node__7981,,0.0001764423403052,0.2393630619772835,0.0002596040579131,4
7982,1,9,129,10006__Node__7982,,0.0,0.2452018406973699,0.0009341955255218,4
7986,2,1,823,10033__Node__7986,incoming,1.86533559249534e-05,0.2772302356076308,0.0174345626092472,3
7987,1,6,169,10047__Node__7987,,0.0,0.187348140525398,4.024558046919183e-05,4
7988,2,43,34,10153__Node__7988,,0.0001028770798953,0.2569490728035441,0.0039760807474103,3
7990,1,2,637,10007__Node__7990,,0.0,0.2410888357550119,0.0025030475733457,4
7991,1,0,1017,10003__Node__7991,,0.0,0.2141900062093532,5.609007953745333e-05,3
7993,1,20,68,10147__Node__7993,,0.0,0.233695845961847,0.000266663305054,4
7994,1,20,68,10147__Node__7994,,0.0,0.233695845961847,0.000266663305054,4
7995,3,1,823,10033__Node__7995,outgoing,0.0001774000369063,0.2806251338043246,0.0159093590580046,2
7997,1,2,637,10007__Node__7997,,0.0,0.2410888357550119,0.0025030475733457,4
7999,1,2,637,10007__Node__7999,,0.0,0.2410888357550119,0.0025030475733457,4
8001,1,1,823,10033__Node__8001,,0.0,0.2732996955923439,0.0130031624785455,4
8003,1,12,120,10077__Node__8003,incoming,0.0,0.2249682490646346,0.0009389415002389,3
8004,5,9,129,10006__Node__8004,incoming,0.0005546467890768,0.2556062556062556,0.0026205391133836,1
8006,3,9,129,10006__Node__8006,outgoing,0.0002256666810406,0.2797387852661231,0.0157070468023915,1
8007,1,9,129,10006__Node__8007,,0.0,0.2452018406973699,0.0009341955255218,4
8009,1,1,823,10033__Node__8009,,0.0,0.2732996955923439,0.0130031624785455,4
8010,3,43,34,10153__Node__8010,,0.0004306732628614,0.2792382088534788,0.0145151980869296,4
8012,1,10,129,10073__Node__8012,,0.0,0.2364613774939567,0.0045611621676105,4
8014,2,9,129,10006__Node__8014,,0.0001327237145512,0.2631388766210302,0.0034372430988675,4
8016,2,1,823,10033__Node__8016,incoming,7.843658343840981e-05,0.2750661014815125,0.0135799900130991,1
8017,4,31,43,10177__Node__8017,,0.0001449038271461,0.2642848501955724,0.0082565621863856,4
8019,1,1,823,10033__Node__8019,,0.0,0.2732996955923439,0.0130031624785455,4
8021,3,10,129,10073__Node__8021,,4.976512475552489e-05,0.2632657160072303,0.0096951292684969,2
8022,2,3,311,10032__Node__8022,,2.2026450600214655e-05,0.2436159536111214,0.0068042225826903,4
8024,1,1,823,10033__Node__8024,,0.0,0.2732996955923439,0.0130031624785455,4
8025,2,29,49,10088__Node__8025,outandin,0.0001221069094916,0.2378343070726131,0.0047128083397075,0
8026,1,1,823,10033__Node__8026,,0.0,0.2732996955923439,0.0130031624785455,4
8027,1,61,23,10058__Node__8027,,0.0,0.2166683196138715,0.000156675670216,4
8028,1,6,169,10047__Node__8028,,0.0,0.187348140525398,4.024558046919183e-05,4
8031,6,14,109,10017__Node__8031,,0.0007476545912059,0.2965476675263562,0.0247323599217881,2
8032,1,2,637,10007__Node__8032,,0.0,0.2410888357550119,0.0025030475733457,4
8033,3,6,169,10047__Node__8033,,0.0077701071447969,0.2635621506414123,0.0061765368155175,2
8034,7,1,823,10033__Node__8034,outandin,0.0012144944715106,0.2990099913317213,0.026649772721294,2
8035,1,0,1017,10003__Node__8035,outgoing,0.0,0.2141900062093532,5.609007953745333e-05,3
8037,2,1,823,10033__Node__8037,,1.86533559249534e-05,0.2772302356076308,0.0174345626092472,4
8039,1,49,28,10014__Node__8039,outgoing,0.0,0.1710378663326287,2.841685605456861e-06,1
8040,1,29,49,10088__Node__8040,,0.0,0.2172428651927475,0.000151646172097,3
8041,4,1,823,10033__Node__8041,incoming,0.0003851155846818,0.2897820223725516,0.0220383489065054,3
8042,1,1,823,10033__Node__8042,incoming,0.0,0.2732996955923439,0.0130031624785455,3
8043,1,24,62,10108__Node__8043,,0.0,0.2187802516940948,0.0002181576780687,4
8048,4,60,23,10057__Node__8048,,0.0001828295925254,0.2674556213017751,0.0102407209045557,3
8049,2,19,70,10105__Node__8049,,7.817087455976053e-05,0.2390313286407235,0.0039277734510033,4
8050,3,47,29,10041__Node__8050,outgoing,4.785505355854373e-05,0.2426059596520451,0.006882278267067,1
8051,2,14,109,10017__Node__8051,,3.0433050775494525e-05,0.2424085512445907,0.0057148458359177,4
8052,4,54,26,10060__Node__8052,,0.0003742668229883,0.2570901816184835,0.0032804377384923,4
8053,1,7,149,10011__Node__8053,,0.0,0.2235715504008187,0.0003635239368321,4
8054,2,1,823,10033__Node__8054,,7.022538304693685e-05,0.2758301418290476,0.0138809828249059,3
8055,3,47,29,10041__Node__8055,,0.0001381842430939,0.2347169000465566,0.0019739129209512,4
8056,4,9,129,10006__Node__8056,,0.0006315761360635,0.2738936019056375,0.0067878670993488,3
8057,3,47,29,10041__Node__8057,,0.0001040420899953,0.2395905684518369,0.0054053917813922,2
8059,1,3,311,10032__Node__8059,,0.0,0.2376445846477392,0.0036864696028191,3
8061,1,8,139,10071__Node__8061,,0.0,0.2328820665884944,0.0001403357882566,4
8065,1,25,61,10196__Node__8065,,0.0,0.2241220121054611,0.0003823523012146,4
8066,3,16,80,10149__Node__8066,,6.495135396411295e-05,0.2373347818214738,0.0041445977321549,3
8067,8,4,278,10034__Node__8067,,0.0021848634806578,0.2798582347666424,0.0232733557783379,2
8068,1,24,62,10108__Node__8068,,0.0,0.2187802516940948,0.0002181576780687,4
8069,1,0,1017,10003__Node__8069,,0.0,0.2141900062093532,5.609007953745333e-05,4
8070,1,50,28,10143__Node__8070,outgoing,0.0,0.221381523391319,0.0002035896601726,3
8071,1,0,1017,10003__Node__8071,,0.0,0.2141900062093532,5.609007953745333e-05,4
8072,2,16,80,10149__Node__8072,,1.527715585851603e-05,0.22817950771159,0.0008280563375053,3
8073,3,12,120,10077__Node__8073,,5.845428841064813e-05,0.2555464576753616,0.0034633698742506,3
8074,2,10,129,10073__Node__8074,,1.6511490016250973e-05,0.2402933088909257,0.0065768862467101,3
8075,1,1,823,10033__Node__8075,,0.0,0.2732996955923439,0.0130031624785455,4
8076,7,3,311,10032__Node__8076,,0.0004312981263062,0.2606067835699233,0.0185042218682175,4
8077,2,1,823,10033__Node__8077,,2.061345439045477e-05,0.2752971815012391,0.0147728512768696,4
8078,1,1,823,10033__Node__8078,,0.0,0.2732996955923439,0.0130031624785455,4
8079,1,16,80,10149__Node__8079,,0.0,0.2240147656970981,0.0003661790249382,4
8080,4,1,823,10033__Node__8080,,0.0005299038249643,0.2950524467654076,0.021451939666144,3
8081,1,6,169,10047__Node__8081,,0.0,0.187348140525398,4.024558046919183e-05,2
8085,1,51,28,10031__Node__8085,outgoing,0.0,0.2180378588775408,0.000277416775589,3
8086,1,24,62,10108__Node__8086,,0.0,0.2187802516940948,0.0002181576780687,4
8088,2,35,39,10019__Node__8088,,6.453029559169953e-05,0.2401700318809776,0.0003584926189479,3
8089,1,11,128,10039__Node__8089,,0.0,0.2339461003034089,0.0027339313516807,4
8090,1,3,311,10032__Node__8090,,0.0,0.2376445846477392,0.0036864696028191,4
8091,1,0,1017,10003__Node__8091,outgoing,0.0,0.2141900062093532,5.609007953745333e-05,3
8092,1,16,80,10149__Node__8092,,0.0,0.2240147656970981,0.0003661790249382,4
8093,1,2,637,10007__Node__8093,,0.0,0.2410888357550119,0.0025030475733457,4
8096,1,22,64,10053__Node__8096,outandin,0.0,0.2264607304516084,0.0010652272368323,0
8099,1,13,119,10016__Node__8099,,0.0,0.2325185369141802,0.0020157240790995,2
8101,2,14,109,10017__Node__8101,,4.919186795507488e-05,0.2586730867900698,0.0064597763638003,4
8103,4,10,129,10073__Node__8103,incoming,0.0014017886178001,0.272323098018033,0.0116138732723104,3
8104,2,19,70,10105__Node__8104,,7.817087455976053e-05,0.2390313286407235,0.0039277734510033,4
8107,1,0,1017,10003__Node__8107,,0.0,0.2141900062093532,5.609007953745333e-05,4
8111,1,48,29,10065__Node__8111,,0.0,0.2299891216619293,0.0017506178074229,2
8112,4,15,98,10055__Node__8112,outgoing,0.0006861842904643,0.2633926777317847,0.0073301693539162,3
8113,1,9,129,10006__Node__8113,outgoing,0.0,0.2452018406973699,0.0009341955255218,3
8115,1,43,34,10153__Node__8115,,0.0,0.2200436461306026,0.0004362520125827,4
8116,3,3,311,10032__Node__8116,,4.784221187412652e-05,0.2465856503254449,0.0095381539343711,4
8121,2,2,637,10007__Node__8121,,2.940920857129768e-05,0.2415864941575435,0.0026785843580301,3
8122,4,9,129,10006__Node__8122,,0.0012273667220876,0.2982208672703281,0.0208718057081148,2
8123,2,22,64,10053__Node__8123,,1.3319238731215654e-05,0.2339461003034089,0.0028158450442553,3
8124,1,1,823,10033__Node__8124,outgoing,0.0,0.2732996955923439,0.0130031624785455,2
8126,1,24,62,10108__Node__8126,,0.0,0.2187802516940948,0.0002181576780687,2
8127,1,25,61,10196__Node__8127,,0.0,0.2241220121054611,0.0003823523012146,3
8128,1,8,139,10071__Node__8128,,0.0,0.2328820665884944,0.0001403357882566,4
8129,1,0,1017,10003__Node__8129,,0.0,0.2141900062093532,5.609007953745333e-05,4
8130,2,13,119,10016__Node__8130,,0.0001076788701947,0.233695845961847,0.0023922954781334,4
8131,1,0,1017,10003__Node__8131,,0.0,0.2141900062093532,5.609007953745333e-05,4
8132,2,37,38,10148__Node__8132,outgoing,4.0054003156492455e-05,0.2378170470626655,0.004975229150492,3
8133,2,2,637,10007__Node__8133,,0.0002270424762592,0.2514483023211202,0.0061895171761649,2
8134,2,31,43,10177__Node__8134,,2.7840029723779493e-05,0.2778884884460462,0.0155996249787662,2
8135,2,1,823,10033__Node__8135,,0.0001089259368834,0.2849936948297604,0.0179978065961004,4
8137,1,33,41,10191__Node__8137,,0.0,0.2150615258408531,0.0001192682696565,2
8140,4,20,68,10147__Node__8140,,0.0004246995515919,0.2496096279087481,0.0019269704291288,2
8141,3,18,70,10091__Node__8141,,0.0001296215422665,0.2806011045939119,0.0163301143645117,3
8142,2,19,70,10105__Node__8142,,7.817087455976053e-05,0.2390313286407235,0.0039277734510033,4
8143,2,56,25,10030__Node__8143,outandin,3.791646577480716e-05,0.2463261547713008,0.0011041109247571,1
8144,1,18,70,10091__Node__8144,outgoing,0.0,0.2419968245763024,0.0007304893857454,1
8146,1,6,169,10047__Node__8146,,0.0,0.187348140525398,4.024558046919183e-05,4
8147,1,21,67,10087__Node__8147,,0.0,0.1571288149409029,4.2614267999579756e-07,4
8148,1,37,38,10148__Node__8148,incoming,0.0,0.2213964800864777,0.0004140669828814,1
8149,1,62,23,10212__Node__8149,outandin,0.0,0.228274877224757,0.0008778203463604,0
8150,2,30,46,10037__Node__8150,outgoing,4.595971796144962e-05,0.2334128708287332,0.0021629597751676,2
8151,1,1,823,10033__Node__8151,,0.0,0.2732996955923439,0.0130031624785455,4
8152,1,36,39,10036__Node__8152,,0.0,0.2091724380046596,0.000138947590469,4
8154,1,37,38,10148__Node__8154,,0.0,0.2213964800864777,0.0004140669828814,4
8155,2,20,68,10147__Node__8155,,5.326732622155963e-05,0.2437609253542604,0.0006490156062686,2
8159,1,39,37,10010__Node__8159,outandin,0.0,0.2211424908054121,0.000501995613257,0
8160,1,9,129,10006__Node__8160,outgoing,0.0,0.2452018406973699,0.0009341955255218,2
8161,1,2,637,10007__Node__8161,,0.0,0.2410888357550119,0.0025030475733457,4
8162,4,1,823,10033__Node__8162,incoming,0.0010756750856833,0.2967087690705781,0.0205144377171465,2
8164,1,6,169,10047__Node__8164,,0.0,0.187348140525398,4.024558046919183e-05,3
8165,1,0,1017,10003__Node__8165,,0.0,0.2141900062093532,5.609007953745333e-05,3
8166,1,14,109,10017__Node__8166,incoming,0.0,0.2319917879013132,0.0020283762330986,2
8167,8,4,278,10034__Node__8167,,0.003188057544623,0.3168479574570945,0.0333328171925829,3
8168,2,3,311,10032__Node__8168,incoming,1.9954077978307624e-05,0.2384399898133663,0.0040438752745697,3
8169,1,0,1017,10003__Node__8169,,0.0,0.2141900062093532,5.609007953745333e-05,4
8170,1,2,637,10007__Node__8170,,0.0,0.2410888357550119,0.0025030475733457,4
8171,3,10,129,10073__Node__8171,incoming,0.0001038324776882,0.2636045529501669,0.0062305930535949,1
8173,2,56,25,10030__Node__8173,,2.858529092173341e-06,0.2164679459655844,0.0003454521839197,3
8174,3,5,257,10020__Node__8174,,5.737692895398597e-05,0.2476291230589035,0.011571530364265,4
8175,1,2,637,10007__Node__8175,,0.0,0.2410888357550119,0.0025030475733457,4
8177,4,11,128,10039__Node__8177,,9.548685174000284e-05,0.2473861019892047,0.0100000312469382,2
8178,2,1,823,10033__Node__8178,,5.444984180463453e-05,0.2741456477182415,0.0135217596249309,4
8180,1,35,39,10019__Node__8180,,0.0,0.2289766970618034,0.000143815415508,4
8181,2,2,637,10007__Node__8181,,0.00016891739531,0.2511014903643538,0.0074976916909006,4
8183,2,4,278,10034__Node__8183,,2.2026450600214655e-05,0.2436159536111214,0.0068042225826903,4
8184,1,0,1017,10003__Node__8184,,0.0,0.2141900062093532,5.609007953745333e-05,4
8186,1,9,129,10006__Node__8186,,0.0,0.2452018406973699,0.0009341955255218,4
8188,1,2,637,10007__Node__8188,,0.0,0.2410888357550119,0.0025030475733457,4
8189,1,22,64,10053__Node__8189,,0.0,0.2264607304516084,0.0010652272368323,4
8191,1,2,637,10007__Node__8191,,0.0,0.2410888357550119,0.0025030475733457,3
8192,2,5,257,10020__Node__8192,outgoing,0.0001089259368834,0.2849936948297604,0.0179978065961004,1
8194,1,13,119,10016__Node__8194,,0.0,0.2325185369141802,0.0020157240790995,3
8197,1,0,1017,10003__Node__8197,,0.0,0.2141900062093532,5.609007953745333e-05,4
8198,4,3,311,10032__Node__8198,,0.0001525246412492,0.2524167148083959,0.0122432050966613,4
8200,1,3,311,10032__Node__8200,,0.0,0.2376445846477392,0.0036864696028191,4
8201,1,2,637,10007__Node__8201,incoming,0.0,0.2410888357550119,0.0025030475733457,3
8204,2,1,823,10033__Node__8204,,2.8804886848532725e-05,0.2769490809211916,0.0147971014668117,4
8205,3,12,120,10077__Node__8205,,0.0002125359005511,0.2584690617975312,0.0026036264115062,4
8206,2,3,311,10032__Node__8206,,4.388424077863234e-05,0.2455509347720205,0.0082476317704297,4
8207,9,38,38,10086__Node__8207,,0.0027417643079681,0.2712411538302363,0.0186325182927483,3
8208,2,27,52,10026__Node__8208,,1.0696659804046282e-06,0.2188094681667946,0.0003751383421429,4
8209,1,0,1017,10003__Node__8209,,0.0,0.2141900062093532,5.609007953745333e-05,4
8211,5,4,278,10034__Node__8211,outgoing,0.0008980431634735,0.3007387693296012,0.0269727165436183,2
8213,4,1,823,10033__Node__8213,incoming,0.0003205744983697,0.2891428067234305,0.0229478038731875,2
8215,2,1,823,10033__Node__8215,,1.86533559249534e-05,0.2772302356076308,0.0174345626092472,4
8216,1,3,311,10032__Node__8216,,0.0,0.2376445846477392,0.0036864696028191,4
8217,1,5,257,10020__Node__8217,,0.0,0.2378170470626655,0.0049946441175549,4
8218,1,0,1017,10003__Node__8218,,0.0,0.2141900062093532,5.609007953745333e-05,4
8219,1,36,39,10036__Node__8219,outgoing,0.0,0.2091724380046596,0.000138947590469,3
8221,1,20,68,10147__Node__8221,,0.0,0.233695845961847,0.000266663305054,4
8223,1,51,28,10031__Node__8223,outgoing,0.0,0.2180378588775408,0.000277416775589,3
8225,3,60,23,10057__Node__8225,outgoing,0.0001524030495299,0.2560256260010156,0.0046866252301049,3
8226,2,1,823,10033__Node__8226,incoming,3.966877315413464e-05,0.2798582347666424,0.016542991213373,3
8227,1,2,637,10007__Node__8227,outgoing,0.0,0.2410888357550119,0.0025030475733457,3
8228,1,3,311,10032__Node__8228,,0.0,0.2376445846477392,0.0036864696028191,4
8229,1,1,823,10033__Node__8229,,0.0,0.2732996955923439,0.0130031624785455,3
8230,2,2,637,10007__Node__8230,,3.596598316896779e-05,0.2417468924052967,0.0026729629725811,4
8231,3,11,128,10039__Node__8231,,4.784221187412652e-05,0.2465856503254449,0.0095381539343711,4
8232,1,1,823,10033__Node__8232,,0.0,0.2732996955923439,0.0130031624785455,4
8233,1,10,129,10073__Node__8233,incoming,0.0,0.2364613774939567,0.0045611621676105,3
8235,2,1,823,10033__Node__8235,,5.2822485245991e-05,0.2749276395821972,0.0138694677585945,3
8239,3,38,38,10086__Node__8239,,0.0001646766900325,0.256767874632713,0.0064339599496359,4
8242,1,6,169,10047__Node__8242,,0.0,0.187348140525398,4.024558046919183e-05,4
8243,2,20,68,10147__Node__8243,,8.985326346158719e-05,0.2526697251243301,0.0022950395381526,4
8244,2,3,311,10032__Node__8244,outandin,1.446271578084392e-05,0.241639936585186,0.0064204009544999,2
8245,1,0,1017,10003__Node__8245,,0.0,0.2141900062093532,5.609007953745333e-05,4
8247,3,2,637,10007__Node__8247,outgoing,0.0008515705290491,0.2644341335485172,0.004376550550735,3
8248,2,22,64,10053__Node__8248,,9.703995731269847e-06,0.2358147735041197,0.0037991585885131,3
8249,2,29,49,10088__Node__8249,incoming,3.707865881563157e-06,0.2237394599392346,0.0003845171927071,3
8251,1,11,128,10039__Node__8251,,0.0,0.2339461003034089,0.0027339313516807,3
8252,1,0,1017,10003__Node__8252,,0.0,0.2141900062093532,5.609007953745333e-05,4
8253,1,2,637,10007__Node__8253,,0.0,0.2410888357550119,0.0025030475733457,4
8255,1,0,1017,10003__Node__8255,,0.0,0.2141900062093532,5.609007953745333e-05,3
8256,6,14,109,10017__Node__8256,,0.0022426551886057,0.3135135135135135,0.026451411438587,4
8257,2,2,637,10007__Node__8257,,2.940920857129768e-05,0.2415864941575435,0.0026785843580301,4
8259,1,1,823,10033__Node__8259,,0.0,0.2732996955923439,0.0130031624785455,4
8260,1,59,24,10139__Node__8260,incoming,0.0,0.2061200742208384,3.899223398533341e-05,3
8262,9,9,129,10006__Node__8262,outgoing,0.0022538195109146,0.281831864115244,0.0126061937748329,1
8263,1,7,149,10011__Node__8263,incoming,0.0,0.2235715504008187,0.0003635239368321,2
8264,1,4,278,10034__Node__8264,,0.0,0.2325515381613029,0.0031177529798711,4
8265,1,1,823,10033__Node__8265,,0.0,0.2732996955923439,0.0130031624785455,4
8266,1,0,1017,10003__Node__8266,outgoing,0.0,0.2141900062093532,5.609007953745333e-05,3
8267,1,2,637,10007__Node__8267,,0.0,0.2410888357550119,0.0025030475733457,4
8271,1,19,70,10105__Node__8271,,0.0,0.215132118824881,0.0002413038481842,3
8272,3,1,823,10033__Node__8272,,0.0001739197659496,0.2835388276011248,0.0174877116376492,4
8273,1,1,823,10033__Node__8273,,0.0,0.2732996955923439,0.0130031624785455,3
8274,1,7,149,10011__Node__8274,,0.0,0.2235715504008187,0.0003635239368321,4
8275,1,0,1017,10003__Node__8275,,0.0,0.2141900062093532,5.609007953745333e-05,4
8277,3,20,68,10147__Node__8277,,0.0001537515714335,0.2501431243082325,0.0017097961196567,4
8279,1,0,1017,10003__Node__8279,incoming,0.0,0.2141900062093532,5.609007953745333e-05,3
8281,1,1,823,10033__Node__8281,,0.0,0.2732996955923439,0.0130031624785455,4
8285,1,0,1017,10003__Node__8285,,0.0,0.2141900062093532,5.609007953745333e-05,4
8286,1,2,637,10007__Node__8286,,0.0,0.2410888357550119,0.0025030475733457,4
8287,3,1,823,10033__Node__8287,outgoing,0.0002286231651065,0.2796194376893212,0.0148094354600923,1
8288,2,35,39,10019__Node__8288,incoming,3.682019983595041e-05,0.2418717939255268,0.000645811028765,2
8289,2,13,119,10016__Node__8289,,2.3887875221063938e-05,0.2424444197832279,0.0070103681966544,4
8290,1,0,1017,10003__Node__8290,incoming,0.0,0.2141900062093532,5.609007953745333e-05,3
8293,1,6,169,10047__Node__8293,,0.0,0.187348140525398,4.024558046919183e-05,4
8294,1,1,823,10033__Node__8294,outgoing,0.0,0.2732996955923439,0.0130031624785455,2
8295,1,11,128,10039__Node__8295,,0.0,0.2339461003034089,0.0027339313516807,4
8298,1,6,169,10047__Node__8298,,0.0,0.187348140525398,4.024558046919183e-05,3
8301,1,2,637,10007__Node__8301,,0.0,0.2410888357550119,0.0025030475733457,4
8302,1,0,1017,10003__Node__8302,,0.0,0.2141900062093532,5.609007953745333e-05,4
8303,1,0,1017,10003__Node__8303,,0.0,0.2141900062093532,5.609007953745333e-05,4
8306,3,15,98,10055__Node__8306,outandin,9.72344037603498e-05,0.2554269457110565,0.0051369854041313,2
8307,3,5,257,10020__Node__8307,incoming,7.929570427208557e-05,0.2683536011137043,0.0111309353526032,2
8308,2,1,823,10033__Node__8308,,6.644771792881665e-05,0.2741915240764757,0.0133797338775793,4
8311,1,2,637,10007__Node__8311,,0.0,0.2410888357550119,0.0025030475733457,4
8312,2,1,823,10033__Node__8312,,7.751875808169314e-05,0.2762719723475108,0.0140789460743469,4
8315,1,42,35,10056__Node__8315,,0.0,0.2216210732762993,0.0005768275345536,4
8316,1,2,637,10007__Node__8316,,0.0,0.2410888357550119,0.0025030475733457,4
8318,1,1,823,10033__Node__8318,outandin,0.0,0.2732996955923439,0.0130031624785455,2
8319,2,30,46,10037__Node__8319,outgoing,3.0575002482851975e-05,0.2288647553863882,0.0005295879972827,3
8320,1,0,1017,10003__Node__8320,,0.0,0.2141900062093532,5.609007953745333e-05,4
8322,1,58,24,10115__Node__8322,incoming,0.0,0.2191167129149811,0.0003945515231667,3
8323,2,59,24,10139__Node__8323,,0.0002329422567084,0.2522224360207812,0.0027729235856661,2
8324,2,3,311,10032__Node__8324,outgoing,1.446271578084392e-05,0.241639936585186,0.0064204009544999,2
8325,3,7,149,10011__Node__8325,,0.0003605333203041,0.2562258102349584,0.0049387394830419,4
8326,4,17,73,10008__Node__8326,,0.0005588578924665,0.2556461364434216,0.0033145901236225,3
8327,1,0,1017,10003__Node__8327,,0.0,0.2141900062093532,5.609007953745333e-05,4
8328,2,7,149,10011__Node__8328,outandin,0.0003802530579639,0.2328158857589428,0.0007297029617703,0
8329,1,2,637,10007__Node__8329,,0.0,0.2410888357550119,0.0025030475733457,4
8330,1,1,823,10033__Node__8330,,0.0,0.2732996955923439,0.0130031624785455,4
8331,1,45,32,10064__Node__8331,,0.0,0.2119183884631551,0.0003765713990338,4
8332,5,10,129,10073__Node__8332,outgoing,0.000415596119008,0.2892959611564776,0.0228889216601649,1
8333,9,1,823,10033__Node__8333,,0.001301590915062,0.2956647268462128,0.0309537398585028,3
8334,1,10,129,10073__Node__8334,outgoing,0.0,0.2364613774939567,0.0045611621676105,3
8335,1,9,129,10006__Node__8335,,0.0,0.2452018406973699,0.0009341955255218,3
8336,1,1,823,10033__Node__8336,,0.0,0.2732996955923439,0.0130031624785455,3
8337,1,2,637,10007__Node__8337,,0.0,0.2410888357550119,0.0025030475733457,3
8339,1,8,139,10071__Node__8339,,0.0,0.2328820665884944,0.0001403357882566,4
8340,1,1,823,10033__Node__8340,,0.0,0.2732996955923439,0.0130031624785455,4
8341,1,24,62,10108__Node__8341,,0.0,0.2187802516940948,0.0002181576780687,4
8343,1,1,823,10033__Node__8343,,0.0,0.2732996955923439,0.0130031624785455,4
8344,1,0,1017,10003__Node__8344,,0.0,0.2141900062093532,5.609007953745333e-05,4
8346,1,3,311,10032__Node__8346,,0.0,0.2376445846477392,0.0036864696028191,4
8347,1,0,1017,10003__Node__8347,,0.0,0.2141900062093532,5.609007953745333e-05,4
8348,1,0,1017,10003__Node__8348,,0.0,0.2141900062093532,5.609007953745333e-05,4
8350,5,1,823,10033__Node__8350,outgoing,0.0007883874725032,0.2984925080839823,0.0222976386069015,2
8351,3,10,129,10073__Node__8351,outgoing,0.0001778981673426,0.2901155327342747,0.022558968763711,1
8352,1,3,311,10032__Node__8352,outgoing,0.0,0.2376445846477392,0.0036864696028191,1
8354,1,32,41,10009__Node__8354,outgoing,0.0,0.2170414279564195,0.0005185971463854,2
8355,8,28,51,10051__Node__8355,,0.0007084390217493,0.284474152523981,0.021066644429095,3
8358,1,49,28,10014__Node__8358,outgoing,0.0,0.1710378663326287,2.841685605456861e-06,3
8359,4,10,129,10073__Node__8359,,0.0002651512908196,0.2766217870257038,0.0128632441010586,4
8360,4,11,128,10039__Node__8360,,0.0010725743368944,0.3058186738836265,0.0228013035711826,4
8361,1,1,823,10033__Node__8361,incoming,0.0,0.2732996955923439,0.0130031624785455,3
8362,1,0,1017,10003__Node__8362,,0.0,0.2141900062093532,5.609007953745333e-05,4
8363,3,43,34,10153__Node__8363,,0.0004454804986947,0.2320575009736926,0.0008579993508241,3
8364,2,10,129,10073__Node__8364,outgoing,2.045414509591029e-05,0.2634138499256461,0.0081009909024381,1
8365,1,22,64,10053__Node__8365,,0.0,0.2264607304516084,0.0010652272368323,4
8366,1,0,1017,10003__Node__8366,,0.0,0.2141900062093532,5.609007953745333e-05,4
8367,1,0,1017,10003__Node__8367,,0.0,0.2141900062093532,5.609007953745333e-05,4
8368,1,0,1017,10003__Node__8368,,0.0,0.2141900062093532,5.609007953745333e-05,4
8369,1,7,149,10011__Node__8369,,0.0,0.2235715504008187,0.0003635239368321,3
8370,2,5,257,10020__Node__8370,incoming,6.790447873965142e-05,0.2399414241259381,0.0053608231424931,3
8371,5,1,823,10033__Node__8371,,0.0004356558513773,0.2957981676219705,0.0271745810943399,3
8372,1,52,28,10162__Node__8372,,0.0,0.214358135731807,2.969075404631632e-05,3
8374,1,0,1017,10003__Node__8374,,0.0,0.2141900062093532,5.609007953745333e-05,4
8375,3,24,62,10108__Node__8375,,0.0004280292849513,0.2800735011324302,0.0152370442357137,4
8377,1,54,26,10060__Node__8377,,0.0,0.2245212565516768,0.0001038141790651,4
8378,1,0,1017,10003__Node__8378,,0.0,0.2141900062093532,5.609007953745333e-05,4
8379,2,10,129,10073__Node__8379,outandin,2.045414509591029e-05,0.2634138499256461,0.0081009909024381,0
8380,1,24,62,10108__Node__8380,,0.0,0.2187802516940948,0.0002181576780687,4
8381,1,43,34,10153__Node__8381,,0.0,0.2200436461306026,0.0004362520125827,4
8382,2,2,637,10007__Node__8382,,0.0001424637184626,0.249286828192157,0.0070642097409563,4
8383,2,11,128,10039__Node__8383,,9.703995731269847e-06,0.2358147735041197,0.0037991585885131,3
8385,1,0,1017,10003__Node__8385,,0.0,0.2141900062093532,5.609007953745333e-05,4
8389,2,1,823,10033__Node__8389,,2.8804886848532725e-05,0.2769490809211916,0.0147971014668117,3
8390,2,43,34,10153__Node__8390,incoming,6.324019858913206e-05,0.2236173189122795,0.0007136687881717,3
8391,4,10,129,10073__Node__8391,,0.0002195248542724,0.2689482539291723,0.0108845533338541,4
8392,3,39,37,10010__Node__8392,outgoing,7.663050913568254e-05,0.2480227057710501,0.001436074659175,3
8394,7,13,119,10016__Node__8394,,0.0004376357535222,0.2822445200465096,0.0190620430340876,4
8396,1,1,823,10033__Node__8396,,0.0,0.2732996955923439,0.0130031624785455,4
8397,1,8,139,10071__Node__8397,,0.0,0.2328820665884944,0.0001403357882566,4
8398,2,1,823,10033__Node__8398,,2.061345439045477e-05,0.2752971815012391,0.0147728512768696,4
8399,1,8,139,10071__Node__8399,,0.0,0.2328820665884944,0.0001403357882566,4
8400,1,5,257,10020__Node__8400,,0.0,0.2378170470626655,0.0049946441175549,4
8401,3,9,129,10006__Node__8401,incoming,0.0001005064268763,0.2598628127354189,0.0058899092162991,3
8402,2,1,823,10033__Node__8402,,8.449146115162255e-05,0.2785735537892634,0.015018886557645,4
8403,1,3,311,10032__Node__8403,,0.0,0.2376445846477392,0.0036864696028191,4
8404,2,1,823,10033__Node__8404,,2.8997267085099937e-05,0.2758533608316848,0.0147537802859684,4
8405,2,61,23,10058__Node__8405,incoming,1.0696659804046282e-06,0.2188094681667946,0.0003751383421429,3
8407,1,0,1017,10003__Node__8407,,0.0,0.2141900062093532,5.609007953745333e-05,4
8408,4,1,823,10033__Node__8408,,0.0003693652571888,0.2857890376313609,0.0221993144370304,4
8409,1,7,149,10011__Node__8409,incoming,0.0,0.2235715504008187,0.0003635239368321,3
8410,3,13,119,10016__Node__8410,,0.0002855471061191,0.2634138499256461,0.0059217318388653,4
8411,1,13,119,10016__Node__8411,,0.0,0.2325185369141802,0.0020157240790995,2
8412,5,39,37,10010__Node__8412,outandin,0.0003576705869932,0.285291429068907,0.0189836499511719,0
8413,1,1,823,10033__Node__8413,outgoing,0.0,0.2732996955923439,0.0130031624785455,1
8414,2,1,823,10033__Node__8414,outandin,5.199466674260389e-05,0.2809378884650006,0.017564324646156,1
8417,2,49,28,10014__Node__8417,outgoing,2.8492999182442007e-05,0.187551867219917,4.308726607464869e-05,1
8418,1,0,1017,10003__Node__8418,incoming,0.0,0.2141900062093532,5.609007953745333e-05,3
8419,1,49,28,10014__Node__8419,,0.0,0.1710378663326287,2.841685605456861e-06,4
8420,1,1,823,10033__Node__8420,,0.0,0.2732996955923439,0.0130031624785455,4
8421,1,2,637,10007__Node__8421,,0.0,0.2410888357550119,0.0025030475733457,4
8422,1,1,823,10033__Node__8422,outgoing,0.0,0.2732996955923439,0.0130031624785455,1
8423,1,41,36,10054__Node__8423,,0.0,0.2256498536753313,0.0017696887983241,3
8424,1,0,1017,10003__Node__8424,,0.0,0.2141900062093532,5.609007953745333e-05,4
8425,3,1,823,10033__Node__8425,,7.242204361043652e-05,0.2816138873372578,0.0183126800116972,3
8427,1,0,1017,10003__Node__8427,,0.0,0.2141900062093532,5.609007953745333e-05,4
8428,1,39,37,10010__Node__8428,,0.0,0.2211424908054121,0.000501995613257,4
8429,2,8,139,10071__Node__8429,,0.0006110718564327,0.255267770204479,0.0045717359189583,4
8432,1,4,278,10034__Node__8432,,0.0,0.2325515381613029,0.0031177529798711,4
8433,3,10,129,10073__Node__8433,incoming,3.101358748200301e-05,0.2645408678102926,0.0098949298907043,2
8434,1,8,139,10071__Node__8434,,0.0,0.2328820665884944,0.0001403357882566,4
8436,5,26,60,10093__Node__8436,,0.0002099585283661,0.2884810070865795,0.0254703046795285,3
8438,2,2,637,10007__Node__8438,,0.0001167955383124,0.2492109966158409,0.0056208005532169,4
8439,2,1,823,10033__Node__8439,,0.000129080484484,0.2742603674101351,0.0132178396819854,2
8441,6,5,257,10020__Node__8441,,0.0004901729778243,0.2550095327030077,0.0163156425183837,2
8442,1,0,1017,10003__Node__8442,outgoing,0.0,0.2141900062093532,5.609007953745333e-05,3
8446,1,0,1017,10003__Node__8446,,0.0,0.2141900062093532,5.609007953745333e-05,4
8447,1,13,119,10016__Node__8447,outgoing,0.0,0.2325185369141802,0.0020157240790995,1
8448,6,1,823,10033__Node__8448,,0.0025475983526386,0.2953183436218627,0.0224791630606183,3
8449,1,7,149,10011__Node__8449,,0.0,0.2235715504008187,0.0003635239368321,2
8452,1,50,28,10143__Node__8452,outandin,0.0,0.221381523391319,0.0002035896601726,1
8453,4,4,278,10034__Node__8453,,9.825091041723391e-05,0.2481729713355295,0.0106033811712034,3
8454,1,29,49,10088__Node__8454,incoming,0.0,0.2172428651927475,0.000151646172097,3
8455,1,0,1017,10003__Node__8455,,0.0,0.2141900062093532,5.609007953745333e-05,4
8456,1,52,28,10162__Node__8456,outandin,0.0,0.214358135731807,2.969075404631632e-05,2
8457,4,10,129,10073__Node__8457,outandin,9.895452009364654e-05,0.2490784023106449,0.0124493507106255,2
8459,1,0,1017,10003__Node__8459,,0.0,0.2141900062093532,5.609007953745333e-05,4
8460,3,5,257,10020__Node__8460,outgoing,0.0001764573849254,0.2884048404840484,0.0224292067268021,1
8461,1,0,1017,10003__Node__8461,outgoing,0.0,0.2141900062093532,5.609007953745333e-05,3
8463,1,6,169,10047__Node__8463,,0.0,0.187348140525398,4.024558046919183e-05,4
8465,1,52,28,10162__Node__8465,,0.0,0.214358135731807,2.969075404631632e-05,2
8468,7,1,823,10033__Node__8468,outgoing,0.0004803141595111,0.2968700457489695,0.0322588877853497,1
8470,1,2,637,10007__Node__8470,,0.0,0.2410888357550119,0.0025030475733457,4
8471,5,1,823,10033__Node__8471,outgoing,0.0005464988724842,0.2909655937846837,0.023660409688125,1
8472,3,3,311,10032__Node__8472,,6.132575047788874e-05,0.2430377869247598,0.0060722515076683,4
8473,2,3,311,10032__Node__8473,outgoing,4.388424077863234e-05,0.2455509347720205,0.0082476317704297,1
8476,2,23,62,10025__Node__8476,incoming,9.09252655942168e-05,0.2406815761448349,0.0045527748828682,3
8477,2,4,278,10034__Node__8477,,4.361795315633374e-05,0.2454589715740983,0.0081123970974261,4
8478,1,24,62,10108__Node__8478,,0.0,0.2187802516940948,0.0002181576780687,4
8479,1,1,823,10033__Node__8479,outandin,0.0,0.2732996955923439,0.0130031624785455,1
8480,1,0,1017,10003__Node__8480,,0.0,0.2141900062093532,5.609007953745333e-05,4
8481,1,5,257,10020__Node__8481,incoming,0.0,0.2378170470626655,0.0049946441175549,3
8482,3,37,38,10148__Node__8482,,0.0002736653153883,0.2490594717841535,0.005651045907908,4
8483,1,1,823,10033__Node__8483,outgoing,0.0,0.2732996955923439,0.0130031624785455,3
8484,8,1,823,10033__Node__8484,incoming,0.0030474382848259,0.305419637448157,0.0301406240251917,2
8485,6,1,823,10033__Node__8485,outgoing,0.0017907692806378,0.3125566312175115,0.0240761854327274,1
8486,1,0,1017,10003__Node__8486,,0.0,0.2141900062093532,5.609007953745333e-05,4
8488,4,26,60,10093__Node__8488,,0.0001323309477234,0.2737791887714608,0.0156920975202138,2
8489,1,13,119,10016__Node__8489,,0.0,0.2325185369141802,0.0020157240790995,3
8491,7,1,823,10033__Node__8491,outandin,0.0003968359759781,0.2872923333187218,0.023599628636608,0
8494,1,1,823,10033__Node__8494,outgoing,0.0,0.2732996955923439,0.0130031624785455,1
8495,6,9,129,10006__Node__8495,incoming,0.0014782056066881,0.2749045761503292,0.0101471829421532,1
8496,6,18,70,10091__Node__8496,,0.0008693921437033,0.2902697196510031,0.0222442850152426,4
8497,1,0,1017,10003__Node__8497,,0.0,0.2141900062093532,5.609007953745333e-05,4
8498,6,37,38,10148__Node__8498,incoming,0.0004171760643182,0.2452936112878476,0.0084105607951869,3
8499,1,0,1017,10003__Node__8499,,0.0,0.2141900062093532,5.609007953745333e-05,3
8501,2,1,823,10033__Node__8501,,2.8997267085099937e-05,0.2758533608316848,0.0147537802859684,4
8503,1,0,1017,10003__Node__8503,,0.0,0.2141900062093532,5.609007953745333e-05,3
8504,1,0,1017,10003__Node__8504,,0.0,0.2141900062093532,5.609007953745333e-05,4
8505,2,44,34,10066__Node__8505,outgoing,0.0002817860533084,0.2415508790034275,0.0003634290369033,3
8507,1,24,62,10108__Node__8507,,0.0,0.2187802516940948,0.0002181576780687,4
8508,1,2,637,10007__Node__8508,,0.0,0.2410888357550119,0.0025030475733457,4
8509,1,2,637,10007__Node__8509,outgoing,0.0,0.2410888357550119,0.0025030475733457,3
8510,1,0,1017,10003__Node__8510,,0.0,0.2141900062093532,5.609007953745333e-05,4
8513,1,6,169,10047__Node__8513,,0.0,0.187348140525398,4.024558046919183e-05,3
8514,3,9,129,10006__Node__8514,,0.00035728582736,0.278620924201845,0.0143139294031012,4
8515,1,2,637,10007__Node__8515,,0.0,0.2410888357550119,0.0025030475733457,4
8516,1,48,29,10065__Node__8516,,0.0,0.2299891216619293,0.0017506178074229,3
8518,1,1,823,10033__Node__8518,,0.0,0.2732996955923439,0.0130031624785455,3
8519,5,28,51,10051__Node__8519,,0.0001480114856201,0.2707481307059941,0.0136274413110541,3
8520,2,4,278,10034__Node__8520,,2.2026450600214655e-05,0.2436159536111214,0.0068042225826903,3
8523,2,38,38,10086__Node__8523,,3.707865881563157e-06,0.2237394599392346,0.0003845171927071,4
8524,1,3,311,10032__Node__8524,,0.0,0.2376445846477392,0.0036864696028191,4
8525,1,2,637,10007__Node__8525,,0.0,0.2410888357550119,0.0025030475733457,4
8527,2,0,1017,10003__Node__8527,,0.0010737142824496,0.2523001116372175,0.0002159294562681,4
8528,3,53,27,10013__Node__8528,,0.0003164077453102,0.2519509476031215,0.0063650539608492,4
8529,1,15,98,10055__Node__8529,,0.0,0.2521836161452922,0.0044314001307017,4
8530,1,0,1017,10003__Node__8530,,0.0,0.2141900062093532,5.609007953745333e-05,4
8532,2,12,120,10077__Node__8532,incoming,0.0001139412395459,0.2774649676135642,0.0139421039787844,2
8533,1,0,1017,10003__Node__8533,,0.0,0.2141900062093532,5.609007953745333e-05,4
8534,1,0,1017,10003__Node__8534,,0.0,0.2141900062093532,5.609007953745333e-05,3
8535,2,1,823,10033__Node__8535,,5.444984180463453e-05,0.2741456477182415,0.0135217596249309,4
8537,1,0,1017,10003__Node__8537,,0.0,0.2141900062093532,5.609007953745333e-05,4
8538,1,0,1017,10003__Node__8538,,0.0,0.2141900062093532,5.609007953745333e-05,4
8539,6,3,311,10032__Node__8539,,0.000671017036606,0.2541196541429181,0.0126352880200037,4
8540,2,1,823,10033__Node__8540,,1.86533559249534e-05,0.2772302356076308,0.0174345626092472,4
8541,2,1,823,10033__Node__8541,,5.2822485245991e-05,0.2749276395821972,0.0138694677585945,4
8543,1,2,637,10007__Node__8543,,0.0,0.2410888357550119,0.0025030475733457,4
8544,2,15,98,10055__Node__8544,incoming,2.2828950708323663e-05,0.2552478872142384,0.0051618895164471,2
8545,1,4,278,10034__Node__8545,,0.0,0.2325515381613029,0.0031177529798711,4
8547,1,6,169,10047__Node__8547,,0.0,0.187348140525398,4.024558046919183e-05,3
8549,1,33,41,10191__Node__8549,,0.0,0.2150615258408531,0.0001192682696565,2
8551,1,2,637,10007__Node__8551,,0.0,0.2410888357550119,0.0025030475733457,4
8552,1,2,637,10007__Node__8552,,0.0,0.2410888357550119,0.0025030475733457,4
8556,1,6,169,10047__Node__8556,outgoing,0.0,0.187348140525398,4.024558046919183e-05,1
8558,1,9,129,10006__Node__8558,,0.0,0.2452018406973699,0.0009341955255218,4
8561,1,0,1017,10003__Node__8561,,0.0,0.2141900062093532,5.609007953745333e-05,4
8565,1,0,1017,10003__Node__8565,outandin,0.0,0.2141900062093532,5.609007953745333e-05,0
8568,3,60,23,10057__Node__8568,outandin,0.0002641694485837,0.2648401826484018,0.0041398100690522,2
8569,3,15,98,10055__Node__8569,outandin,0.0001145341662087,0.2687056701242261,0.0099315037985512,0
8570,4,45,32,10064__Node__8570,incoming,0.0003395729551025,0.2803130747187887,0.0150491647635637,3
8571,2,2,637,10007__Node__8571,incoming,0.0001327237145512,0.2631388766210302,0.0034372430988675,3
8572,1,0,1017,10003__Node__8572,incoming,0.0,0.2141900062093532,5.609007953745333e-05,2
8573,1,22,64,10053__Node__8573,outandin,0.0,0.2264607304516084,0.0010652272368323,2
8574,1,6,169,10047__Node__8574,incoming,0.0,0.187348140525398,4.024558046919183e-05,1
8577,1,0,1017,10003__Node__8577,incoming,0.0,0.2141900062093532,5.609007953745333e-05,3
8578,1,3,311,10032__Node__8578,incoming,0.0,0.2376445846477392,0.0036864696028191,3
8579,3,52,28,10162__Node__8579,outandin,0.0003831005100443,0.2521060122321806,0.0014565304107968,0
8580,4,48,29,10065__Node__8580,incoming,0.0004559225325822,0.2645195140654639,0.0074236592774068,3
8581,1,0,1017,10003__Node__8581,incoming,0.0,0.2141900062093532,5.609007953745333e-05,3
8582,1,0,1017,10003__Node__8582,incoming,0.0,0.2141900062093532,5.609007953745333e-05,3
8585,2,13,119,10016__Node__8585,outandin,2.3887875221063938e-05,0.2424444197832279,0.0070103681966544,2
8586,5,1,823,10033__Node__8586,incoming,0.0012629370765002,0.2947074958406403,0.0232136834482207,3
8587,1,0,1017,10003__Node__8587,incoming,0.0,0.2141900062093532,5.609007953745333e-05,3
8588,1,3,311,10032__Node__8588,incoming,0.0,0.2376445846477392,0.0036864696028191,3
8589,1,0,1017,10003__Node__8589,incoming,0.0,0.2141900062093532,5.609007953745333e-05,3
8590,1,6,169,10047__Node__8590,incoming,0.0,0.187348140525398,4.024558046919183e-05,1
8591,3,4,278,10034__Node__8591,incoming,0.0002356914965184,0.2868899102648282,0.0179148544466829,2
8592,1,3,311,10032__Node__8592,incoming,0.0,0.2376445846477392,0.0036864696028191,3
8594,2,40,36,10052__Node__8594,incoming,1.496119004702342e-05,0.2399941411256362,0.0060391314730908,3
8595,2,16,80,10149__Node__8595,incoming,6.790447873965142e-05,0.2399414241259381,0.0053608231424931,2
8596,1,0,1017,10003__Node__8596,incoming,0.0,0.2141900062093532,5.609007953745333e-05,3
8597,2,11,128,10039__Node__8597,outandin,3.1207894820875025e-05,0.2437427944512626,0.0077285754692357,2
8598,1,3,311,10032__Node__8598,incoming,0.0,0.2376445846477392,0.0036864696028191,2
8599,1,3,311,10032__Node__8599,outandin,0.0,0.2376445846477392,0.0036864696028191,2
8601,1,0,1017,10003__Node__8601,incoming,0.0,0.2141900062093532,5.609007953745333e-05,3
8603,5,1,823,10033__Node__8603,incoming,0.0006676917533382,0.3033276253066136,0.0288419008667509,1
8604,2,11,128,10039__Node__8604,incoming,1.0540630619442666e-05,0.2372832265305383,0.0044845491591037,3
8605,1,0,1017,10003__Node__8605,incoming,0.0,0.2141900062093532,5.609007953745333e-05,3
8606,3,9,129,10006__Node__8606,incoming,0.0001972296027742,0.266498597161794,0.0077384181082121,1
8609,1,2,637,10007__Node__8609,incoming,0.0,0.2410888357550119,0.0025030475733457,3
8611,1,11,128,10039__Node__8611,incoming,0.0,0.2339461003034089,0.0027339313516807,3
8612,2,1,823,10033__Node__8612,outandin,5.2822485245991e-05,0.2749276395821972,0.0138694677585945,1
8613,11,10,129,10073__Node__8613,incoming,0.0034364107353897,0.3158706443684033,0.0394770418420262,1
8615,1,1,823,10033__Node__8615,incoming,0.0,0.2732996955923439,0.0130031624785455,1
8616,4,4,278,10034__Node__8616,incoming,0.0001642797414273,0.2453854505971769,0.0072431916513389,3
8617,1,0,1017,10003__Node__8617,incoming,0.0,0.2141900062093532,5.609007953745333e-05,3
8620,3,23,62,10025__Node__8620,incoming,0.0001710168430051,0.2774884626783522,0.014747288104955,3
8621,1,0,1017,10003__Node__8621,incoming,0.0,0.2141900062093532,5.609007953745333e-05,3
8622,5,1,823,10033__Node__8622,incoming,0.0004164006482789,0.2939936302875342,0.0240836688752605,1
8623,1,1,823,10033__Node__8623,outandin,0.0,0.2732996955923439,0.0130031624785455,2
8624,1,47,29,10041__Node__8624,incoming,0.0,0.2211424908054121,0.0004618773125671,3
8625,1,14,109,10017__Node__8625,incoming,0.0,0.2319917879013132,0.0020283762330986,3
8626,4,1,823,10033__Node__8626,outandin,0.0006148625970884,0.2863133982787995,0.0182481046648735,0
8628,1,19,70,10105__Node__8628,incoming,0.0,0.215132118824881,0.0002413038481842,3
8630,5,9,129,10006__Node__8630,incoming,0.0004788232769837,0.2600690448791715,0.005334179017071,2
8631,1,44,34,10066__Node__8631,outandin,0.0,0.2330145411881821,0.0001598393767306,2
8632,1,0,1017,10003__Node__8632,incoming,0.0,0.2141900062093532,5.609007953745333e-05,3
8633,3,1,823,10033__Node__8633,incoming,0.0002196714549571,0.2800974400615411,0.0155501358580295,3
8636,1,4,278,10034__Node__8636,incoming,0.0,0.2325515381613029,0.0031177529798711,3
8637,3,31,43,10177__Node__8637,incoming,7.185531302953541e-05,0.2823417912376685,0.0191394537135938,2
8638,2,49,28,10014__Node__8638,outandin,2.8492999182442007e-05,0.187551867219917,4.308726607464869e-05,2
8641,9,1,823,10033__Node__8641,incoming,0.000962765704954,0.3039747692593108,0.0363029880975479,1
8643,4,13,119,10016__Node__8643,incoming,0.0002208543224674,0.2492489066362426,0.0119538826654796,2
8645,1,2,637,10007__Node__8645,incoming,0.0,0.2410888357550119,0.0025030475733457,3
8646,1,4,278,10034__Node__8646,incoming,0.0,0.2325515381613029,0.0031177529798711,2
8647,1,0,1017,10003__Node__8647,incoming,0.0,0.2141900062093532,5.609007953745333e-05,2
8648,1,0,1017,10003__Node__8648,incoming,0.0,0.2141900062093532,5.609007953745333e-05,3
8651,2,36,39,10036__Node__8651,incoming,0.0006946643363955,0.274444118755496,0.0131421100690145,3
8652,2,11,128,10039__Node__8652,incoming,9.703995731269847e-06,0.2358147735041197,0.0037991585885131,3
8656,3,1,823,10033__Node__8656,incoming,0.0001529976179104,0.2852169372035336,0.0195800487252556,2
8657,2,18,70,10091__Node__8657,incoming,8.136779783580505e-05,0.2765984384891327,0.0137336518642909,2
8658,1,0,1017,10003__Node__8658,incoming,0.0,0.2141900062093532,5.609007953745333e-05,2
8659,1,26,60,10093__Node__8659,incoming,0.0,0.2539621033053048,0.0035398287348275,3
8660,13,13,119,10016__Node__8660,incoming,0.0061061715739839,0.3175233758054357,0.0300064641900197,1
8662,1,6,169,10047__Node__8662,outandin,0.0,0.187348140525398,4.024558046919183e-05,1
8664,7,11,128,10039__Node__8664,incoming,0.0005685094546056,0.2457166422974543,0.0083274350265841,1
8666,2,4,278,10034__Node__8666,incoming,4.361795315633374e-05,0.2454589715740983,0.0081123970974261,1
8667,2,5,257,10020__Node__8667,outandin,1.6977563716671108e-05,0.2444336702345877,0.0095558062851654,2
8668,1,1,823,10033__Node__8668,outandin,0.0,0.2732996955923439,0.0130031624785455,0
8669,1,10,129,10073__Node__8669,incoming,0.0,0.2364613774939567,0.0045611621676105,2
8671,1,0,1017,10003__Node__8671,incoming,0.0,0.2141900062093532,5.609007953745333e-05,3
8672,1,7,149,10011__Node__8672,incoming,0.0,0.2235715504008187,0.0003635239368321,3
8673,1,5,257,10020__Node__8673,incoming,0.0,0.2378170470626655,0.0049946441175549,2
8674,1,0,1017,10003__Node__8674,incoming,0.0,0.2141900062093532,5.609007953745333e-05,3
8675,2,1,823,10033__Node__8675,incoming,2.061345439045477e-05,0.2752971815012391,0.0147728512768696,3
8676,1,24,62,10108__Node__8676,incoming,0.0,0.2187802516940948,0.0002181576780687,2
8677,6,5,257,10020__Node__8677,incoming,0.0004310520477941,0.2839318979335442,0.018697904613304,3
8681,1,0,1017,10003__Node__8681,incoming,0.0,0.2141900062093532,5.609007953745333e-05,3
8683,12,26,60,10093__Node__8683,outandin,0.0046540586613831,0.3195358588074691,0.0340722423425691,0
8685,1,55,26,10339__Node__8685,outandin,0.0,0.2121378863893833,9.541301547457587e-05,2
8686,1,0,1017,10003__Node__8686,incoming,0.0,0.2141900062093532,5.609007953745333e-05,3
8687,3,48,29,10065__Node__8687,incoming,2.882748422146041e-05,0.2408407746297725,0.0071896003213939,2
8688,1,0,1017,10003__Node__8688,incoming,0.0,0.2141900062093532,5.609007953745333e-05,3
8690,1,0,1017,10003__Node__8690,incoming,0.0,0.2141900062093532,5.609007953745333e-05,3
8691,3,16,80,10149__Node__8691,incoming,0.0003624932416605,0.2612508470522581,0.0048449492600046,3
8693,1,38,38,10086__Node__8693,incoming,0.0,0.2219663358959596,0.0002328710206101,3
8694,3,15,98,10055__Node__8694,incoming,6.160750188984993e-05,0.2703014805955376,0.0125323910331398,2
8695,4,1,823,10033__Node__8695,incoming,0.0004732932550568,0.2925239901807632,0.0197624956699992,2
8696,1,57,25,10298__Node__8696,incoming,0.0,0.2189702983528783,0.0003574056717505,2
8697,2,46,29,10119__Node__8697,incoming,0.000129080484484,0.2742603674101351,0.0132178396819854,3
8698,1,0,1017,10003__Node__8698,incoming,0.0,0.2141900062093532,5.609007953745333e-05,2
8699,1,11,128,10039__Node__8699,incoming,0.0,0.2339461003034089,0.0027339313516807,3
8702,2,1,823,10033__Node__8702,outandin,1.86533559249534e-05,0.2772302356076308,0.0174345626092472,1
8703,1,1,823,10033__Node__8703,incoming,0.0,0.2732996955923439,0.0130031624785455,3
8707,1,0,1017,10003__Node__8707,incoming,0.0,0.2141900062093532,5.609007953745333e-05,3
8708,6,62,23,10212__Node__8708,outandin,0.0006488455356039,0.2826096330473028,0.0170897444516909,1
8709,2,35,39,10019__Node__8709,outandin,5.0395622560784806e-05,0.2389093427623665,0.0006624125618934,0
8714,1,0,1017,10003__Node__8714,incoming,0.0,0.2141900062093532,5.609007953745333e-05,3
8715,1,37,38,10148__Node__8715,incoming,0.0,0.2213964800864777,0.0004140669828814,3
8716,2,4,278,10034__Node__8716,incoming,1.4252302088177442e-05,0.2345153325938383,0.0035796302924382,3
8718,1,12,120,10077__Node__8718,incoming,0.0,0.2249682490646346,0.0009389415002389,3
8719,2,45,32,10064__Node__8719,incoming,3.428814051363747e-05,0.2383879532972029,0.0005203868145419,2
8721,4,7,149,10011__Node__8721,incoming,0.0007514149777789,0.2820501785944829,0.0186643918261284,3
8722,1,6,169,10047__Node__8722,incoming,0.0,0.187348140525398,4.024558046919183e-05,3
8724,1,10,129,10073__Node__8724,incoming,0.0,0.2364613774939567,0.0045611621676105,3
8728,2,2,637,10007__Node__8728,incoming,0.0001327237145512,0.2631388766210302,0.0034372430988675,3
8729,1,0,1017,10003__Node__8729,incoming,0.0,0.2141900062093532,5.609007953745333e-05,3
8731,2,6,169,10047__Node__8731,incoming,0.0009627520948816,0.228752923109141,6.993633451550815e-05,3
8735,1,0,1017,10003__Node__8735,outandin,0.0,0.2141900062093532,5.609007953745333e-05,2
8736,1,0,1017,10003__Node__8736,incoming,0.0,0.2141900062093532,5.609007953745333e-05,3
8737,1,2,637,10007__Node__8737,incoming,0.0,0.2410888357550119,0.0025030475733457,3
8738,2,5,257,10020__Node__8738,incoming,1.9577809926411988e-05,0.2418717939255268,0.0070230203506535,3
8739,3,4,278,10034__Node__8739,incoming,0.0001605027779813,0.2683755783956431,0.0092540442149194,3
8740,1,1,823,10033__Node__8740,incoming,0.0,0.2732996955923439,0.0130031624785455,3
8741,1,1,823,10033__Node__8741,incoming,0.0,0.2732996955923439,0.0130031624785455,3
8744,3,5,257,10020__Node__8744,outandin,0.0001137508049043,0.2530795072788354,0.0132422758879846,1
8745,5,10,129,10073__Node__8745,incoming,0.0002882091323271,0.279047983991144,0.0153286434297542,2
8746,1,34,40,10070__Node__8746,incoming,0.0,0.2028913723183605,8.76295195538406e-05,3
8747,3,4,278,10034__Node__8747,incoming,0.0001372223510449,0.2644554735100674,0.0084269734569333,2
8748,10,1,823,10033__Node__8748,incoming,0.0017120176819337,0.3159010941340917,0.0406950128189492,1
8749,1,16,80,10149__Node__8749,incoming,0.0,0.2240147656970981,0.0003661790249382,3
8751,1,0,1017,10003__Node__8751,incoming,0.0,0.2141900062093532,5.609007953745333e-05,3
8752,1,10,129,10073__Node__8752,incoming,0.0,0.2364613774939567,0.0045611621676105,2
8753,1,0,1017,10003__Node__8753,incoming,0.0,0.2141900062093532,5.609007953745333e-05,3
8756,1,0,1017,10003__Node__8756,incoming,0.0,0.2141900062093532,5.609007953745333e-05,3
8759,5,60,23,10057__Node__8759,incoming,8.11395470127885e-05,0.2662820460732133,0.0114238194246064,3
8760,1,0,1017,10003__Node__8760,incoming,0.0,0.2141900062093532,5.609007953745333e-05,3
8761,3,10,129,10073__Node__8761,incoming,5.737692895398597e-05,0.2476291230589035,0.011571530364265,3
8762,4,1,823,10033__Node__8762,incoming,0.0002702416793531,0.2878727983484868,0.0206245360807915,1
8763,4,31,43,10177__Node__8763,outandin,0.0002748262446398,0.2851672975677675,0.0183458384436112,0
8764,2,12,120,10077__Node__8764,outandin,8.683637486436315e-05,0.2440877434732412,0.0059335856177938,0
8767,2,10,129,10073__Node__8767,incoming,4.947331699904775e-05,0.2381973469016899,0.0049435144688251,3
8768,2,3,311,10032__Node__8768,incoming,0.0001850907543993,0.2403638097333773,0.0041227216154019,3
8769,2,1,823,10033__Node__8769,incoming,1.86533559249534e-05,0.2772302356076308,0.0174345626092472,3
8770,1,0,1017,10003__Node__8770,incoming,0.0,0.2141900062093532,5.609007953745333e-05,3
8771,1,0,1017,10003__Node__8771,incoming,0.0,0.2141900062093532,5.609007953745333e-05,3
8772,1,24,62,10108__Node__8772,incoming,0.0,0.2187802516940948,0.0002181576780687,3
8773,1,0,1017,10003__Node__8773,incoming,0.0,0.2141900062093532,5.609007953745333e-05,2
8774,1,0,1017,10003__Node__8774,incoming,0.0,0.2141900062093532,5.609007953745333e-05,2
8775,3,1,823,10033__Node__8775,incoming,0.0001897697005804,0.2895259972611211,0.0215376353309279,2
8776,5,3,311,10032__Node__8776,outandin,0.0005678509269569,0.2541590724008221,0.0131875039330174,1
8777,5,10,129,10073__Node__8777,incoming,0.0009091905472826,0.2506022253661147,0.0114091808006805,2
8778,2,3,311,10032__Node__8778,incoming,7.538976272549852e-05,0.2432542775488995,0.0057021936819187,3
8779,2,10,129,10073__Node__8779,incoming,1.6977563716671108e-05,0.2444336702345877,0.0095558062851654,2
8780,1,0,1017,10003__Node__8780,incoming,0.0,0.2141900062093532,5.609007953745333e-05,3
8781,2,1,823,10033__Node__8781,incoming,2.061345439045477e-05,0.2752971815012391,0.0147728512768696,3
8783,3,12,120,10077__Node__8783,incoming,0.0001794044251498,0.2800256355479598,0.0156927217862073,2
8784,2,38,38,10086__Node__8784,incoming,3.707865881563157e-06,0.2237394599392346,0.0003845171927071,2
8785,1,0,1017,10003__Node__8785,incoming,0.0,0.2141900062093532,5.609007953745333e-05,1
8786,1,3,311,10032__Node__8786,incoming,0.0,0.2376445846477392,0.0036864696028191,3
8787,1,51,28,10031__Node__8787,outandin,0.0,0.2180378588775408,0.000277416775589,2
8791,8,2,637,10007__Node__8791,incoming,0.0011854309206739,0.2661739024489298,0.0156997624064139,2
8792,2,49,28,10014__Node__8792,outandin,2.8492999182442007e-05,0.187551867219917,4.308726607464869e-05,1
8793,1,21,67,10087__Node__8793,incoming,0.0,0.1571288149409029,4.2614267999579756e-07,3
8794,3,1,823,10033__Node__8794,outandin,0.0013473243727058,0.2795240329253209,0.0135258505680167,1
8795,2,14,109,10017__Node__8795,incoming,4.919186795507488e-05,0.2586730867900698,0.0064597763638003,2
8796,1,14,109,10017__Node__8796,incoming,0.0,0.2319917879013132,0.0020283762330986,3
8798,5,12,120,10077__Node__8798,incoming,0.0003950179818077,0.2547914317925592,0.0128678775362545,3
8799,1,33,41,10191__Node__8799,incoming,0.0,0.2150615258408531,0.0001192682696565,1
8800,1,31,43,10177__Node__8800,incoming,0.0,0.2531968321421672,0.0025964625002207,3
8801,2,6,169,10047__Node__8801,incoming,2.8492999182442007e-05,0.187551867219917,4.308726607464869e-05,2
8802,1,6,169,10047__Node__8802,incoming,0.0,0.187348140525398,4.024558046919183e-05,1
8803,5,1,823,10033__Node__8803,outandin,0.0002099585283661,0.2884810070865795,0.0254703046795285,1
8806,1,0,1017,10003__Node__8806,incoming,0.0,0.2141900062093532,5.609007953745333e-05,3
8809,1,22,64,10053__Node__8809,incoming,0.0,0.2264607304516084,0.0010652272368323,3
8810,3,13,119,10016__Node__8810,outandin,0.0007333414962995,0.2550889347293037,0.0032513470516316,2
8812,1,0,1017,10003__Node__8812,incoming,0.0,0.2141900062093532,5.609007953745333e-05,3
8813,3,5,257,10020__Node__8813,incoming,6.635530193301602e-05,0.2701455010098512,0.0121522687853862,3
8814,4,31,43,10177__Node__8814,incoming,0.0004551250487514,0.2951853353150475,0.0238472567491959,1
8815,5,18,70,10091__Node__8815,outandin,0.0004161043647995,0.293888166449935,0.0250591469477806,1
8816,2,1,823,10033__Node__8816,incoming,0.0001343818682451,0.2814204130705483,0.0157370938302262,3
8817,1,2,637,10007__Node__8817,outandin,0.0,0.2410888357550119,0.0025030475733457,2
8818,3,9,129,10006__Node__8818,incoming,0.000343604166206,0.2892959611564776,0.0189320021216222,2
8819,5,2,637,10007__Node__8819,incoming,0.0009361514731053,0.2839811083669136,0.0102703615982506,3
8820,2,6,169,10047__Node__8820,incoming,0.0092842382981444,0.2799299534446675,0.0130434080590146,3
8822,1,0,1017,10003__Node__8822,incoming,0.0,0.2141900062093532,5.609007953745333e-05,3
8823,2,13,119,10016__Node__8823,outandin,2.3887875221063938e-05,0.2424444197832279,0.0070103681966544,2
8825,2,1,823,10033__Node__8825,incoming,7.843658343840981e-05,0.2750661014815125,0.0135799900130991,3
8826,2,1,823,10033__Node__8826,incoming,5.199466674260389e-05,0.2809378884650006,0.017564324646156,3
8827,2,6,169,10047__Node__8827,incoming,0.0009627520948816,0.228752923109141,6.993633451550815e-05,2
8828,3,17,73,10008__Node__8828,incoming,3.71487647118459e-05,0.2423547683319158,0.0078643667016225,3
8829,2,13,119,10016__Node__8829,outandin,0.0001130930167274,0.2520090744799477,0.0022823873841535,1
8830,1,9,129,10006__Node__8830,incoming,0.0,0.2452018406973699,0.0009341955255218,3
8831,1,43,34,10153__Node__8831,outandin,0.0,0.2200436461306026,0.0004362520125827,0
8832,1,49,28,10014__Node__8832,incoming,0.0,0.1710378663326287,2.841685605456861e-06,3
8833,1,35,39,10019__Node__8833,incoming,0.0,0.2289766970618034,0.000143815415508,3
8834,1,0,1017,10003__Node__8834,incoming,0.0,0.2141900062093532,5.609007953745333e-05,3
8835,1,0,1017,10003__Node__8835,incoming,0.0,0.2141900062093532,5.609007953745333e-05,3
8836,1,0,1017,10003__Node__8836,incoming,0.0,0.2141900062093532,5.609007953745333e-05,2
8838,1,0,1017,10003__Node__8838,incoming,0.0,0.2141900062093532,5.609007953745333e-05,3
8839,3,38,38,10086__Node__8839,incoming,0.00026341303609,0.2575144395112176,0.0039243459275346,3
8840,3,33,41,10191__Node__8840,outandin,0.0001188786523623,0.2361886914843778,0.0039046811470802,0
8841,1,1,823,10033__Node__8841,incoming,0.0,0.2732996955923439,0.0130031624785455,3
8842,1,1,823,10033__Node__8842,outandin,0.0,0.2732996955923439,0.0130031624785455,2
8843,1,9,129,10006__Node__8843,incoming,0.0,0.2452018406973699,0.0009341955255218,2
8846,2,10,129,10073__Node__8846,outandin,5.755446162642124e-05,0.258632256027781,0.0054953576931323,0
8847,1,0,1017,10003__Node__8847,incoming,0.0,0.2141900062093532,5.609007953745333e-05,3
8848,5,10,129,10073__Node__8848,incoming,0.0004355485284978,0.2971122897683485,0.0281145215776381,2
8849,1,1,823,10033__Node__8849,incoming,0.0,0.2732996955923439,0.0130031624785455,2
8850,1,34,40,10070__Node__8850,incoming,0.0,0.2028913723183605,8.76295195538406e-05,3
8852,1,0,1017,10003__Node__8852,incoming,0.0,0.2141900062093532,5.609007953745333e-05,3
8853,2,26,60,10093__Node__8853,outandin,0.0001028770798953,0.2569490728035441,0.0039760807474103,0
8854,1,6,169,10047__Node__8854,outandin,0.0,0.187348140525398,4.024558046919183e-05,2
8855,1,5,257,10020__Node__8855,outandin,0.0,0.2378170470626655,0.0049946441175549,0
8856,2,6,169,10047__Node__8856,incoming,0.0009872364782763,0.1885880355652749,4.067172314918763e-05,3
8859,1,7,149,10011__Node__8859,incoming,0.0,0.2235715504008187,0.0003635239368321,3
8860,1,30,46,10037__Node__8860,outandin,0.0,0.2200288716554201,0.0001472356960681,0
8861,4,1,823,10033__Node__8861,incoming,0.0002081480946848,0.2865637707140046,0.0228735451232182,3
8862,4,2,637,10007__Node__8862,incoming,0.0011424235213955,0.3081190353062855,0.023185125199373,3
8863,1,42,35,10056__Node__8863,incoming,0.0,0.2216210732762993,0.0005768275345536,3
8864,1,52,28,10162__Node__8864,incoming,0.0,0.214358135731807,2.969075404631632e-05,3
8865,1,12,120,10077__Node__8865,outandin,0.0,0.2249682490646346,0.0009389415002389,1
8866,2,3,311,10032__Node__8866,incoming,1.446271578084392e-05,0.241639936585186,0.0064204009544999,3
8867,1,18,70,10091__Node__8867,incoming,0.0,0.2419968245763024,0.0007304893857454,3
8869,1,0,1017,10003__Node__8869,incoming,0.0,0.2141900062093532,5.609007953745333e-05,3
8870,5,15,98,10055__Node__8870,incoming,0.0001992761910906,0.2697008353565697,0.0128369063195584,3
8871,2,38,38,10086__Node__8871,incoming,3.707865881563157e-06,0.2237394599392346,0.0003845171927071,3
8875,1,42,35,10056__Node__8875,incoming,0.0,0.2216210732762993,0.0005768275345536,3
8876,1,15,98,10055__Node__8876,outandin,0.0,0.2521836161452922,0.0044314001307017,2
8877,2,62,23,10212__Node__8877,outandin,1.601536603316703e-05,0.2398360595747795,0.0045642899491796,0
8878,2,1,823,10033__Node__8878,incoming,9.987258965988197e-05,0.2743292453225064,0.0132805792541345,2
8879,1,12,120,10077__Node__8879,incoming,0.0,0.2249682490646346,0.0009389415002389,3
8880,2,12,120,10077__Node__8880,outandin,2.053414086267964e-05,0.2292971346604625,0.0013334930234057,2
8881,3,10,129,10073__Node__8881,incoming,0.0001137508049043,0.2530795072788354,0.0132422758879846,2
8882,1,7,149,10011__Node__8882,incoming,0.0,0.2235715504008187,0.0003635239368321,3
8883,2,58,24,10115__Node__8883,outandin,1.4775717231154912e-05,0.2273720728534258,0.0009713790577203,2
8884,4,10,129,10073__Node__8884,outandin,0.0004582935230499,0.285664472823955,0.019794515647005,1
8885,2,6,169,10047__Node__8885,incoming,0.0009872364782763,0.1885880355652749,4.067172314918763e-05,3
8886,1,5,257,10020__Node__8886,incoming,0.0,0.2378170470626655,0.0049946441175549,1
8887,1,1,823,10033__Node__8887,incoming,0.0,0.2732996955923439,0.0130031624785455,3
8888,1,1,823,10033__Node__8888,incoming,0.0,0.2732996955923439,0.0130031624785455,3
8889,1,1,823,10033__Node__8889,incoming,0.0,0.2732996955923439,0.0130031624785455,3
8890,1,1,823,10033__Node__8890,incoming,0.0,0.2732996955923439,0.0130031624785455,3
8892,2,1,823,10033__Node__8892,incoming,1.86533559249534e-05,0.2772302356076308,0.0174345626092472,3
8893,3,5,257,10020__Node__8893,incoming,5.873294958552982e-05,0.2465299981192401,0.0106315898809668,1
8894,1,16,80,10149__Node__8894,incoming,0.0,0.2240147656970981,0.0003661790249382,2
8895,3,1,823,10033__Node__8895,incoming,9.543823110511904e-05,0.2836124453676057,0.0201607871463768,3
8896,1,36,39,10036__Node__8896,incoming,0.0,0.2091724380046596,0.000138947590469,1
8898,2,16,80,10149__Node__8898,incoming,1.527715585851603e-05,0.22817950771159,0.0008280563375053,2
8902,1,3,311,10032__Node__8902,incoming,0.0,0.2376445846477392,0.0036864696028191,2
8903,3,3,311,10032__Node__8903,incoming,0.0001616632575496,0.2679367155880789,0.0078031258722003,3
8904,4,18,70,10091__Node__8904,incoming,0.0002017163381827,0.2848698222280175,0.0198699430993392,3
8905,1,0,1017,10003__Node__8905,incoming,0.0,0.2141900062093532,5.609007953745333e-05,3
8906,1,43,34,10153__Node__8906,incoming,0.0,0.2200436461306026,0.0004362520125827,3
8908,1,25,61,10196__Node__8908,incoming,0.0,0.2241220121054611,0.0003823523012146,3
8909,1,57,25,10298__Node__8909,outandin,0.0,0.2189702983528783,0.0003574056717505,0
8910,1,1,823,10033__Node__8910,incoming,0.0,0.2732996955923439,0.0130031624785455,3
8912,1,1,823,10033__Node__8912,incoming,0.0,0.2732996955923439,0.0130031624785455,2
8913,1,14,109,10017__Node__8913,incoming,0.0,0.2319917879013132,0.0020283762330986,2
8915,2,3,311,10032__Node__8915,outandin,1.446271578084392e-05,0.241639936585186,0.0064204009544999,0
8916,1,1,823,10033__Node__8916,incoming,0.0,0.2732996955923439,0.0130031624785455,1
8917,3,3,311,10032__Node__8917,incoming,0.0003658644651719,0.2569893737991608,0.009307270156036,3
8918,1,3,311,10032__Node__8918,incoming,0.0,0.2376445846477392,0.0036864696028191,3
8919,1,3,311,10032__Node__8919,outandin,0.0,0.2376445846477392,0.0036864696028191,1
8920,1,0,1017,10003__Node__8920,incoming,0.0,0.2141900062093532,5.609007953745333e-05,2
8921,3,13,119,10016__Node__8921,incoming,0.0005008689151318,0.2453670772340983,0.0073738921334866,3
8922,1,12,120,10077__Node__8922,incoming,0.0,0.2249682490646346,0.0009389415002389,3
8923,1,1,823,10033__Node__8923,incoming,0.0,0.2732996955923439,0.0130031624785455,3
8925,1,57,25,10298__Node__8925,incoming,0.0,0.2189702983528783,0.0003574056717505,3
8926,1,1,823,10033__Node__8926,incoming,0.0,0.2732996955923439,0.0130031624785455,3
8927,1,0,1017,10003__Node__8927,incoming,0.0,0.2141900062093532,5.609007953745333e-05,1
8929,4,5,257,10020__Node__8929,incoming,0.0001172571177409,0.2484175415987567,0.0116655208775337,2
8930,1,41,36,10054__Node__8930,outandin,0.0,0.2256498536753313,0.0017696887983241,0
8931,1,14,109,10017__Node__8931,incoming,0.0,0.2319917879013132,0.0020283762330986,3
8934,1,19,70,10105__Node__8934,incoming,0.0,0.215132118824881,0.0002413038481842,3
8935,3,1,823,10033__Node__8935,incoming,5.4659309861557785e-05,0.2777000974534977,0.0165234690842926,1
8936,2,48,29,10065__Node__8936,outandin,1.5157256450199202e-05,0.2581026267081479,0.0052904465422505,0
8937,1,48,29,10065__Node__8937,incoming,0.0,0.2299891216619293,0.0017506178074229,1
8938,1,2,637,10007__Node__8938,incoming,0.0,0.2410888357550119,0.0025030475733457,3
8939,1,0,1017,10003__Node__8939,incoming,0.0,0.2141900062093532,5.609007953745333e-05,3
8940,1,21,67,10087__Node__8940,incoming,0.0,0.1571288149409029,4.2614267999579756e-07,3
8941,2,41,36,10054__Node__8941,incoming,2.061345439045477e-05,0.2752971815012391,0.0147728512768696,2
8942,2,11,128,10039__Node__8942,incoming,1.135304549306806e-05,0.2399765662187397,0.0058516843315519,3
8943,1,2,637,10007__Node__8943,incoming,0.0,0.2410888357550119,0.0025030475733457,3
8944,1,2,637,10007__Node__8944,incoming,0.0,0.2410888357550119,0.0025030475733457,3
8945,10,5,257,10020__Node__8945,incoming,0.0019839920724905,0.3144159270808347,0.0383195661996352,3
8947,1,0,1017,10003__Node__8947,incoming,0.0,0.2141900062093532,5.609007953745333e-05,3
8948,1,1,823,10033__Node__8948,incoming,0.0,0.2732996955923439,0.0130031624785455,3
8949,1,1,823,10033__Node__8949,incoming,0.0,0.2732996955923439,0.0130031624785455,3
8951,1,0,1017,10003__Node__8951,incoming,0.0,0.2141900062093532,5.609007953745333e-05,1
8952,1,41,36,10054__Node__8952,incoming,0.0,0.2256498536753313,0.0017696887983241,3
8953,6,11,128,10039__Node__8953,incoming,0.0006392974024948,0.3008492081707597,0.0275292823963452,2
8954,3,27,52,10026__Node__8954,incoming,9.597796574029935e-05,0.2323536710745559,0.0016453023286774,3
8955,1,0,1017,10003__Node__8955,incoming,0.0,0.2141900062093532,5.609007953745333e-05,3
8956,1,5,257,10020__Node__8956,incoming,0.0,0.2378170470626655,0.0049946441175549,3
8958,1,1,823,10033__Node__8958,incoming,0.0,0.2732996955923439,0.0130031624785455,3
8959,1,2,637,10007__Node__8959,incoming,0.0,0.2410888357550119,0.0025030475733457,3
8961,1,3,311,10032__Node__8961,incoming,0.0,0.2376445846477392,0.0036864696028191,3
8962,1,0,1017,10003__Node__8962,incoming,0.0,0.2141900062093532,5.609007953745333e-05,3
8963,3,4,278,10034__Node__8963,incoming,0.000409878707064,0.235984589349368,0.0034878618238951,3
8964,8,1,823,10033__Node__8964,outandin,0.0027867890924627,0.3261832478972776,0.034472070455909,0
8965,4,10,129,10073__Node__8965,incoming,0.0001315319226692,0.2856146772998649,0.0237654135751819,2
8967,8,5,257,10020__Node__8967,outandin,0.0010783615084223,0.3088450120163988,0.0322815418540232,0
8968,1,28,51,10051__Node__8968,incoming,0.0,0.2256032494578499,0.0017939389882662,2
8971,9,13,119,10016__Node__8971,incoming,0.0031492693663078,0.3273235778854317,0.0317498391845867,1
8972,1,26,60,10093__Node__8972,outandin,0.0,0.2539621033053048,0.0035398287348275,0
8973,1,0,1017,10003__Node__8973,incoming,0.0,0.2141900062093532,5.609007953745333e-05,3
8974,1,0,1017,10003__Node__8974,incoming,0.0,0.2141900062093532,5.609007953745333e-05,2
8975,2,1,823,10033__Node__8975,incoming,2.7840029723779493e-05,0.2778884884460462,0.0155996249787662,3
8976,1,4,278,10034__Node__8976,incoming,0.0,0.2325515381613029,0.0031177529798711,3
8977,7,4,278,10034__Node__8977,incoming,0.0023970110213769,0.3264106778226007,0.0309156951143903,1
8978,1,6,169,10047__Node__8978,incoming,0.0,0.187348140525398,4.024558046919183e-05,3
8979,3,48,29,10065__Node__8979,incoming,1.8983009352577707e-05,0.2366492146596858,0.004656814386882,3
8980,1,1,823,10033__Node__8980,outandin,0.0,0.2732996955923439,0.0130031624785455,1
8981,1,2,637,10007__Node__8981,incoming,0.0,0.2410888357550119,0.0025030475733457,3
8982,1,7,149,10011__Node__8982,incoming,0.0,0.2235715504008187,0.0003635239368321,3
8984,3,4,278,10034__Node__8984,incoming,0.0003390157724582,0.2942047852044709,0.0211155595759716,1
8985,1,0,1017,10003__Node__8985,incoming,0.0,0.2141900062093532,5.609007953745333e-05,3
8988,4,1,823,10033__Node__8988,incoming,0.0005241294869038,0.2855400165555701,0.0193076996350079,2
8989,1,5,257,10020__Node__8989,outandin,0.0,0.2378170470626655,0.0049946441175549,2
8990,1,49,28,10014__Node__8990,incoming,0.0,0.1710378663326287,2.841685605456861e-06,3
8995,1,1,823,10033__Node__8995,incoming,0.0,0.2732996955923439,0.0130031624785455,3
8996,2,1,823,10033__Node__8996,incoming,0.0005990651794139,0.2908622908622909,0.0155062100518912,3
8997,1,7,149,10011__Node__8997,outandin,0.0,0.2235715504008187,0.0003635239368321,2
9000,1,0,1017,10003__Node__9000,incoming,0.0,0.2141900062093532,5.609007953745333e-05,3
9001,1,6,169,10047__Node__9001,incoming,0.0,0.187348140525398,4.024558046919183e-05,3
9002,2,5,257,10020__Node__9002,outandin,0.0001089259368834,0.2849936948297604,0.0179978065961004,2
9004,1,6,169,10047__Node__9004,incoming,0.0,0.187348140525398,4.024558046919183e-05,3
9005,1,2,637,10007__Node__9005,outandin,0.0,0.2410888357550119,0.0025030475733457,0
9007,3,7,149,10011__Node__9007,incoming,0.0004873240999497,0.2787868475902845,0.0151363752137018,3
9008,1,0,1017,10003__Node__9008,incoming,0.0,0.2141900062093532,5.609007953745333e-05,3
9012,1,2,637,10007__Node__9012,incoming,0.0,0.2410888357550119,0.0025030475733457,3
9013,1,6,169,10047__Node__9013,incoming,0.0,0.187348140525398,4.024558046919183e-05,3
9014,2,21,67,10087__Node__9014,incoming,0.0150435768175438,0.2236173189122795,0.0004366781552627,1
9017,1,3,311,10032__Node__9017,incoming,0.0,0.2376445846477392,0.0036864696028191,3
9018,9,11,128,10039__Node__9018,incoming,0.0022068423647073,0.2679586246371478,0.0155022218521641,2
9020,1,2,637,10007__Node__9020,incoming,0.0,0.2410888357550119,0.0025030475733457,2
9021,2,16,80,10149__Node__9021,incoming,6.975516722658355e-05,0.2350030477966223,0.0023819031040377,1
9022,2,5,257,10020__Node__9022,incoming,1.9577809926411988e-05,0.2418717939255268,0.0070230203506535,3
9025,1,19,70,10105__Node__9025,incoming,0.0,0.215132118824881,0.0002413038481842,3
9026,1,1,823,10033__Node__9026,incoming,0.0,0.2732996955923439,0.0130031624785455,3
9028,1,24,62,10108__Node__9028,incoming,0.0,0.2187802516940948,0.0002181576780687,3
9029,4,1,823,10033__Node__9029,outandin,0.0007219646642258,0.288964331378687,0.0173550990541043,1
9030,1,6,169,10047__Node__9030,outandin,0.0,0.187348140525398,4.024558046919183e-05,1
9032,5,28,51,10051__Node__9032,incoming,0.0005451610235855,0.2977872688445636,0.026584561972069,3
9033,1,0,1017,10003__Node__9033,incoming,0.0,0.2141900062093532,5.609007953745333e-05,3
9034,1,2,637,10007__Node__9034,incoming,0.0,0.2410888357550119,0.0025030475733457,3
9036,1,3,311,10032__Node__9036,incoming,0.0,0.2376445846477392,0.0036864696028191,3
9037,1,6,169,10047__Node__9037,incoming,0.0,0.187348140525398,4.024558046919183e-05,3
9038,1,52,28,10162__Node__9038,incoming,0.0,0.214358135731807,2.969075404631632e-05,3
9039,2,3,311,10032__Node__9039,incoming,1.446271578084392e-05,0.241639936585186,0.0064204009544999,3
9040,1,0,1017,10003__Node__9040,incoming,0.0,0.2141900062093532,5.609007953745333e-05,3
9041,2,6,169,10047__Node__9041,incoming,2.8492999182442007e-05,0.187551867219917,4.308726607464869e-05,1
9042,2,1,823,10033__Node__9042,incoming,5.199466674260389e-05,0.2809378884650006,0.017564324646156,3
9043,1,6,169,10047__Node__9043,incoming,0.0,0.187348140525398,4.024558046919183e-05,3
9044,1,27,52,10026__Node__9044,incoming,0.0,0.2159117114149234,0.0002184626719269,3
9045,1,0,1017,10003__Node__9045,incoming,0.0,0.2141900062093532,5.609007953745333e-05,3
9046,1,29,49,10088__Node__9046,incoming,0.0,0.2172428651927475,0.000151646172097,3
9047,2,1,823,10033__Node__9047,incoming,0.000129080484484,0.2742603674101351,0.0132178396819854,2
9048,1,0,1017,10003__Node__9048,incoming,0.0,0.2141900062093532,5.609007953745333e-05,3
9049,1,0,1017,10003__Node__9049,incoming,0.0,0.2141900062093532,5.609007953745333e-05,3
9050,1,31,43,10177__Node__9050,incoming,0.0,0.2531968321421672,0.0025964625002207,2
9051,1,43,34,10153__Node__9051,incoming,0.0,0.2200436461306026,0.0004362520125827,1
9052,2,7,149,10011__Node__9052,outandin,0.000249177913812,0.2582043099712406,0.0039033526716597,1
9054,1,56,25,10030__Node__9054,outandin,0.0,0.2137150683144748,0.0001699153992353,1
9056,1,6,169,10047__Node__9056,incoming,0.0,0.187348140525398,4.024558046919183e-05,2
9059,1,16,80,10149__Node__9059,incoming,0.0,0.2240147656970981,0.0003661790249382,2
9060,3,4,278,10034__Node__9060,incoming,0.0002853145970261,0.2876958869233132,0.0187173779586374,3
9061,4,13,119,10016__Node__9061,incoming,0.0001225133924564,0.2508900202886345,0.0135999065973636,2
9062,1,13,119,10016__Node__9062,incoming,0.0,0.2325185369141802,0.0020157240790995,1
9063,1,2,637,10007__Node__9063,incoming,0.0,0.2410888357550119,0.0025030475733457,3
9064,1,3,311,10032__Node__9064,incoming,0.0,0.2376445846477392,0.0036864696028191,3
9065,7,10,129,10073__Node__9065,outandin,0.0004224899929132,0.281928851034542,0.0215301368206782,0
9067,1,1,823,10033__Node__9067,incoming,0.0,0.2732996955923439,0.0130031624785455,1
9068,3,31,43,10177__Node__9068,incoming,0.0001253896377744,0.2804090189534933,0.0164774453251267,2
9070,1,5,257,10020__Node__9070,incoming,0.0,0.2378170470626655,0.0049946441175549,3
9071,1,22,64,10053__Node__9071,incoming,0.0,0.2264607304516084,0.0010652272368323,3
9072,1,3,311,10032__Node__9072,outandin,0.0,0.2376445846477392,0.0036864696028191,2
9073,3,3,311,10032__Node__9073,incoming,4.764534819446842e-05,0.2433807419510565,0.0074856281913323,3
9074,2,0,1017,10003__Node__9074,incoming,0.0010737142824496,0.2523001116372175,0.0002159294562681,3
9075,4,1,823,10033__Node__9075,incoming,0.0002557304440334,0.2914572864321608,0.0241340978311487,1
9076,1,1,823,10033__Node__9076,incoming,0.0,0.2732996955923439,0.0130031624785455,3
9077,1,10,129,10073__Node__9077,incoming,0.0,0.2364613774939567,0.0045611621676105,1
9078,1,49,28,10014__Node__9078,incoming,0.0,0.1710378663326287,2.841685605456861e-06,3
9079,2,1,823,10033__Node__9079,incoming,2.7840029723779493e-05,0.2778884884460462,0.0155996249787662,2
9080,4,1,823,10033__Node__9080,incoming,0.0006632366208511,0.2986285141477195,0.0233472137960633,3
9082,1,0,1017,10003__Node__9082,incoming,0.0,0.2141900062093532,5.609007953745333e-05,3
9083,1,6,169,10047__Node__9083,incoming,0.0,0.187348140525398,4.024558046919183e-05,2
9084,1,0,1017,10003__Node__9084,incoming,0.0,0.2141900062093532,5.609007953745333e-05,3
9085,1,1,823,10033__Node__9085,incoming,0.0,0.2732996955923439,0.0130031624785455,2
9087,1,1,823,10033__Node__9087,outandin,0.0,0.2732996955923439,0.0130031624785455,1
9089,2,27,52,10026__Node__9089,incoming,1.0696659804046282e-06,0.2188094681667946,0.0003751383421429,3
9090,1,0,1017,10003__Node__9090,incoming,0.0,0.2141900062093532,5.609007953745333e-05,3
9092,2,26,60,10093__Node__9092,incoming,4.3465101516216535e-06,0.2585506331610714,0.0061362912350483,1
9094,2,53,27,10013__Node__9094,outandin,1.9638926877335324e-05,0.2238158658607383,0.0004084078052944,0
9095,1,4,278,10034__Node__9095,incoming,0.0,0.2325515381613029,0.0031177529798711,3
9098,4,5,257,10020__Node__9098,outandin,0.0002750748494273,0.2820501785944829,0.0167821046228122,0
9100,3,17,73,10008__Node__9100,incoming,4.164523633339583e-05,0.2428396754233206,0.0078210455207792,3
9101,1,6,169,10047__Node__9101,incoming,0.0,0.187348140525398,4.024558046919183e-05,3
9102,1,7,149,10011__Node__9102,incoming,0.0,0.2235715504008187,0.0003635239368321,3
9105,1,1,823,10033__Node__9105,outandin,0.0,0.2732996955923439,0.0130031624785455,2
9106,1,1,823,10033__Node__9106,outandin,0.0,0.2732996955923439,0.0130031624785455,0
9107,1,1,823,10033__Node__9107,incoming,0.0,0.2732996955923439,0.0130031624785455,2
9108,2,5,257,10020__Node__9108,incoming,1.496119004702342e-05,0.2399941411256362,0.0060391314730908,2
9109,1,52,28,10162__Node__9109,incoming,0.0,0.214358135731807,2.969075404631632e-05,1
9110,1,20,68,10147__Node__9110,incoming,0.0,0.233695845961847,0.000266663305054,3
9111,1,5,257,10020__Node__9111,incoming,0.0,0.2378170470626655,0.0049946441175549,3
9112,1,33,41,10191__Node__9112,outandin,0.0,0.2150615258408531,0.0001192682696565,2
9113,2,5,257,10020__Node__9113,incoming,0.0001089259368834,0.2849936948297604,0.0179978065961004,3
9114,1,1,823,10033__Node__9114,incoming,0.0,0.2732996955923439,0.0130031624785455,3
9115,1,0,1017,10003__Node__9115,incoming,0.0,0.2141900062093532,5.609007953745333e-05,3
9116,1,0,1017,10003__Node__9116,incoming,0.0,0.2141900062093532,5.609007953745333e-05,3
9117,2,26,60,10093__Node__9117,outandin,3.966877315413464e-05,0.2798582347666424,0.016542991213373,0
9118,4,46,29,10119__Node__9118,incoming,0.000625087958489,0.2847460572620237,0.0182152538621787,3
9119,1,12,120,10077__Node__9119,incoming,0.0,0.2249682490646346,0.0009389415002389,3
9121,1,11,128,10039__Node__9121,incoming,0.0,0.2339461003034089,0.0027339313516807,3
9122,1,37,38,10148__Node__9122,incoming,0.0,0.2213964800864777,0.0004140669828814,3
9123,6,2,637,10007__Node__9123,incoming,0.0012991844936593,0.2800495662949194,0.0100082417956809,2
9124,1,8,139,10071__Node__9124,incoming,0.0,0.2328820665884944,0.0001403357882566,3
9125,1,2,637,10007__Node__9125,incoming,0.0,0.2410888357550119,0.0025030475733457,2
9126,1,6,169,10047__Node__9126,incoming,0.0,0.187348140525398,4.024558046919183e-05,1
9127,1,27,52,10026__Node__9127,outandin,0.0,0.2159117114149234,0.0002184626719269,1
9128,1,7,149,10011__Node__9128,incoming,0.0,0.2235715504008187,0.0003635239368321,3
9129,1,1,823,10033__Node__9129,incoming,0.0,0.2732996955923439,0.0130031624785455,2
9130,2,1,823,10033__Node__9130,incoming,0.0001029283087548,0.2792144165637115,0.0150315387116441,3
9131,1,6,169,10047__Node__9131,incoming,0.0,0.187348140525398,4.024558046919183e-05,3
9132,1,14,109,10017__Node__9132,incoming,0.0,0.2319917879013132,0.0020283762330986,3
9133,1,11,128,10039__Node__9133,incoming,0.0,0.2339461003034089,0.0027339313516807,3
9134,1,1,823,10033__Node__9134,incoming,0.0,0.2732996955923439,0.0130031624785455,1
9135,1,9,129,10006__Node__9135,incoming,0.0,0.2452018406973699,0.0009341955255218,3
9136,1,19,70,10105__Node__9136,incoming,0.0,0.215132118824881,0.0002413038481842,3
9137,1,10,129,10073__Node__9137,outandin,0.0,0.2364613774939567,0.0045611621676105,0
9138,3,1,823,10033__Node__9138,outandin,7.242204361043652e-05,0.2816138873372578,0.0183126800116972,0
9139,1,1,823,10033__Node__9139,outandin,0.0,0.2732996955923439,0.0130031624785455,0
9140,1,1,823,10033__Node__9140,incoming,0.0,0.2732996955923439,0.0130031624785455,3
9143,1,8,139,10071__Node__9143,incoming,0.0,0.2328820665884944,0.0001403357882566,3
9146,2,17,73,10008__Node__9146,incoming,1.2088289405136505e-05,0.2316474039515074,0.0014898505786828,3
9147,3,1,823,10033__Node__9147,incoming,6.191089536054087e-05,0.2796671644975464,0.0173935639670325,3
9148,2,1,823,10033__Node__9148,incoming,7.751875808169314e-05,0.2762719723475108,0.0140789460743469,3
9149,1,14,109,10017__Node__9149,incoming,0.0,0.2319917879013132,0.0020283762330986,1
9151,1,3,311,10032__Node__9151,incoming,0.0,0.2376445846477392,0.0036864696028191,3
9153,1,0,1017,10003__Node__9153,incoming,0.0,0.2141900062093532,5.609007953745333e-05,3
9154,1,36,39,10036__Node__9154,incoming,0.0,0.2091724380046596,0.000138947590469,3
9155,1,35,39,10019__Node__9155,incoming,0.0,0.2289766970618034,0.000143815415508,3
9156,1,49,28,10014__Node__9156,incoming,0.0,0.1710378663326287,2.841685605456861e-06,1
9159,6,5,257,10020__Node__9159,incoming,0.0015605645575394,0.3123778656880034,0.0303957840601505,2
9160,6,10,129,10073__Node__9160,incoming,0.0005967716096981,0.2963063429630634,0.0280145974890303,2
9161,1,43,34,10153__Node__9161,incoming,0.0,0.2200436461306026,0.0004362520125827,3
9162,3,1,823,10033__Node__9162,incoming,0.0003695847048865,0.2914832110295752,0.0202294608161922,3
9163,1,0,1017,10003__Node__9163,incoming,0.0,0.2141900062093532,5.609007953745333e-05,3
9164,1,6,169,10047__Node__9164,incoming,0.0,0.187348140525398,4.024558046919183e-05,3
9165,1,6,169,10047__Node__9165,incoming,0.0,0.187348140525398,4.024558046919183e-05,1
9167,1,22,64,10053__Node__9167,incoming,0.0,0.2264607304516084,0.0010652272368323,3
9169,5,1,823,10033__Node__9169,incoming,0.0003549665112499,0.2918726341572032,0.0246886574863238,3
9170,1,14,109,10017__Node__9170,outandin,0.0,0.2319917879013132,0.0020283762330986,0
9172,2,10,129,10073__Node__9172,incoming,1.560353463873716e-05,0.2612300211247957,0.0071576246678313,2
9173,3,1,823,10033__Node__9173,incoming,0.0003920359601406,0.2963599366945512,0.0216842761989195,3
9174,1,18,70,10091__Node__9174,incoming,0.0,0.2419968245763024,0.0007304893857454,3
9176,2,13,119,10016__Node__9176,incoming,0.0002370688507184,0.2341132345061618,0.0021673702511965,3
9178,2,1,823,10033__Node__9178,outandin,0.000129080484484,0.2742603674101351,0.0132178396819854,0
9179,1,6,169,10047__Node__9179,incoming,0.0,0.187348140525398,4.024558046919183e-05,3
9180,1,0,1017,10003__Node__9180,incoming,0.0,0.2141900062093532,5.609007953745333e-05,3
9181,1,24,62,10108__Node__9181,incoming,0.0,0.2187802516940948,0.0002181576780687,2
9182,1,0,1017,10003__Node__9182,incoming,0.0,0.2141900062093532,5.609007953745333e-05,3
9183,1,1,823,10033__Node__9183,outandin,0.0,0.2732996955923439,0.0130031624785455,2
9184,1,10,129,10073__Node__9184,incoming,0.0,0.2364613774939567,0.0045611621676105,1
9185,1,13,119,10016__Node__9185,incoming,0.0,0.2325185369141802,0.0020157240790995,3
9186,1,1,823,10033__Node__9186,incoming,0.0,0.2732996955923439,0.0130031624785455,1
9187,2,6,169,10047__Node__9187,incoming,2.8492999182442007e-05,0.187551867219917,4.308726607464869e-05,3
9188,1,3,311,10032__Node__9188,incoming,0.0,0.2376445846477392,0.0036864696028191,3
9189,1,52,28,10162__Node__9189,incoming,0.0,0.214358135731807,2.969075404631632e-05,1
9190,1,0,1017,10003__Node__9190,incoming,0.0,0.2141900062093532,5.609007953745333e-05,3
9191,4,4,278,10034__Node__9191,incoming,0.0001675652813498,0.2536672214266362,0.0128433540557811,3
9192,1,11,128,10039__Node__9192,incoming,0.0,0.2339461003034089,0.0027339313516807,3
9193,1,1,823,10033__Node__9193,incoming,0.0,0.2732996955923439,0.0130031624785455,3
9194,2,22,64,10053__Node__9194,incoming,1.783749263047842e-05,0.2352730014000071,0.003093603469931,3
9195,1,19,70,10105__Node__9195,incoming,0.0,0.215132118824881,0.0002413038481842,1
9197,3,2,637,10007__Node__9197,incoming,0.0003142633718447,0.2541590724008221,0.0079401349835878,2
9199,1,0,1017,10003__Node__9199,incoming,0.0,0.2141900062093532,5.609007953745333e-05,3
9200,2,4,278,10034__Node__9200,incoming,4.361795315633374e-05,0.2454589715740983,0.0081123970974261,1
9201,1,25,61,10196__Node__9201,incoming,0.0,0.2241220121054611,0.0003823523012146,3
9203,1,0,1017,10003__Node__9203,incoming,0.0,0.2141900062093532,5.609007953745333e-05,3
9204,2,28,51,10051__Node__9204,outandin,7.347493515292893e-06,0.2397132511612596,0.0067885831058211,0
9205,1,3,311,10032__Node__9205,incoming,0.0,0.2376445846477392,0.0036864696028191,3
9206,1,18,70,10091__Node__9206,incoming,0.0,0.2419968245763024,0.0007304893857454,2
9207,1,54,26,10060__Node__9207,outandin,0.0,0.2245212565516768,0.0001038141790651,0
9208,1,21,67,10087__Node__9208,incoming,0.0,0.1571288149409029,4.2614267999579756e-07,3
9209,1,4,278,10034__Node__9209,incoming,0.0,0.2325515381613029,0.0031177529798711,3
9210,1,33,41,10191__Node__9210,incoming,0.0,0.2150615258408531,0.0001192682696565,2
9211,4,2,637,10007__Node__9211,incoming,0.0006956953956118,0.2547716229348882,0.0085063780769947,3
9212,1,0,1017,10003__Node__9212,incoming,0.0,0.2141900062093532,5.609007953745333e-05,2
9213,1,1,823,10033__Node__9213,incoming,0.0,0.2732996955923439,0.0130031624785455,3
9214,1,5,257,10020__Node__9214,outandin,0.0,0.2378170470626655,0.0049946441175549,0
9215,1,1,823,10033__Node__9215,incoming,0.0,0.2732996955923439,0.0130031624785455,3
9217,2,1,823,10033__Node__9217,incoming,3.966877315413464e-05,0.2798582347666424,0.016542991213373,3
9219,1,0,1017,10003__Node__9219,incoming,0.0,0.2141900062093532,5.609007953745333e-05,3
9220,2,1,823,10033__Node__9220,incoming,0.0001343818682451,0.2814204130705483,0.0157370938302262,3
9221,2,4,278,10034__Node__9221,incoming,7.100268488384547e-05,0.2632445676185886,0.0057142154800919,2
9222,2,12,120,10077__Node__9222,outandin,4.31145364527542e-05,0.2424982424982425,0.0055001036678494,2
9225,2,5,257,10020__Node__9225,outandin,1.393658437074679e-05,0.2402228493933951,0.0067643329158791,0
9226,1,5,257,10020__Node__9226,incoming,0.0,0.2378170470626655,0.0049946441175549,3
9229,2,14,109,10017__Node__9229,outandin,1.7476858559948935e-05,0.2390662046325004,0.0047623075847794,0
9231,2,4,278,10034__Node__9231,incoming,2.2026450600214655e-05,0.2436159536111214,0.0068042225826903,3
9233,1,0,1017,10003__Node__9233,incoming,0.0,0.2141900062093532,5.609007953745333e-05,3
9234,1,9,129,10006__Node__9234,incoming,0.0,0.2452018406973699,0.0009341955255218,3
9235,1,6,169,10047__Node__9235,incoming,0.0,0.187348140525398,4.024558046919183e-05,3
9236,1,6,169,10047__Node__9236,outandin,0.0,0.187348140525398,4.024558046919183e-05,0
9237,1,0,1017,10003__Node__9237,incoming,0.0,0.2141900062093532,5.609007953745333e-05,3
9238,1,6,169,10047__Node__9238,incoming,0.0,0.187348140525398,4.024558046919183e-05,2
9239,1,24,62,10108__Node__9239,incoming,0.0,0.2187802516940948,0.0002181576780687,3
9240,1,1,823,10033__Node__9240,incoming,0.0,0.2732996955923439,0.0130031624785455,3
9241,1,2,637,10007__Node__9241,incoming,0.0,0.2410888357550119,0.0025030475733457,2
9243,1,31,43,10177__Node__9243,outandin,0.0,0.2531968321421672,0.0025964625002207,1
9244,1,1,823,10033__Node__9244,outandin,0.0,0.2732996955923439,0.0130031624785455,2
9245,2,2,637,10007__Node__9245,incoming,0.0001424637184626,0.249286828192157,0.0070642097409563,3
9247,2,28,51,10051__Node__9247,outandin,3.900146611533595e-06,0.2380416227799368,0.0063551011558768,1
9248,2,1,823,10033__Node__9248,outandin,6.644771792881665e-05,0.2741915240764757,0.0133797338775793,0
9250,3,12,120,10077__Node__9250,incoming,0.0002247361887529,0.2796194376893212,0.0146725933645298,2
9253,1,41,36,10054__Node__9253,incoming,0.0,0.2256498536753313,0.0017696887983241,3
9259,1,14,109,10017__Node__9259,incoming,0.0,0.2319917879013132,0.0020283762330986,3
9260,1,1,823,10033__Node__9260,incoming,0.0,0.2732996955923439,0.0130031624785455,3
9261,1,14,109,10017__Node__9261,incoming,0.0,0.2319917879013132,0.0020283762330986,3
9262,4,1,823,10033__Node__9262,incoming,0.0001939909241966,0.2869401514819841,0.0213739877135218,2
9264,1,12,120,10077__Node__9264,outandin,0.0,0.2249682490646346,0.0009389415002389,1
9265,2,2,637,10007__Node__9265,incoming,0.0001701422489221,0.2424444197832279,0.0027359185939558,3
9266,1,1,823,10033__Node__9266,incoming,0.0,0.2732996955923439,0.0130031624785455,3
9267,2,28,51,10051__Node__9267,incoming,2.8804886848532725e-05,0.2769490809211916,0.0147971014668117,3
9268,4,3,311,10032__Node__9268,incoming,0.0002190854819347,0.2533338487109118,0.01299728720121,2
9270,1,0,1017,10003__Node__9270,incoming,0.0,0.2141900062093532,5.609007953745333e-05,3
9271,3,3,311,10032__Node__9271,incoming,6.216773725009629e-05,0.2447074636896538,0.0073810501172439,3
9273,1,4,278,10034__Node__9273,incoming,0.0,0.2325515381613029,0.0031177529798711,2
9275,1,3,311,10032__Node__9275,incoming,0.0,0.2376445846477392,0.0036864696028191,2
9277,1,31,43,10177__Node__9277,outandin,0.0,0.2531968321421672,0.0025964625002207,1
9278,1,1,823,10033__Node__9278,incoming,0.0,0.2732996955923439,0.0130031624785455,2
9279,4,2,637,10007__Node__9279,incoming,0.0012099417815211,0.295878289919191,0.0168544725602945,2
9280,1,0,1017,10003__Node__9280,incoming,0.0,0.2141900062093532,5.609007953745333e-05,3
9281,2,2,637,10007__Node__9281,incoming,0.0001167955383124,0.2492109966158409,0.0056208005532169,3
9284,1,1,823,10033__Node__9284,outandin,0.0,0.2732996955923439,0.0130031624785455,2
9285,2,45,32,10064__Node__9285,incoming,1.3791820740925144e-05,0.2271671692488995,0.0013155128992728,3
9286,1,1,823,10033__Node__9286,outandin,0.0,0.2732996955923439,0.0130031624785455,2
9287,1,3,311,10032__Node__9287,incoming,0.0,0.2376445846477392,0.0036864696028191,3
9288,1,0,1017,10003__Node__9288,incoming,0.0,0.2141900062093532,5.609007953745333e-05,3
9289,1,14,109,10017__Node__9289,outandin,0.0,0.2319917879013132,0.0020283762330986,2
9290,1,19,70,10105__Node__9290,incoming,0.0,0.215132118824881,0.0002413038481842,3
9291,1,5,257,10020__Node__9291,incoming,0.0,0.2378170470626655,0.0049946441175549,2
9292,1,0,1017,10003__Node__9292,incoming,0.0,0.2141900062093532,5.609007953745333e-05,3
9294,1,5,257,10020__Node__9294,incoming,0.0,0.2378170470626655,0.0049946441175549,3
9296,2,1,823,10033__Node__9296,incoming,2.061345439045477e-05,0.2752971815012391,0.0147728512768696,3
9298,1,6,169,10047__Node__9298,incoming,0.0,0.187348140525398,4.024558046919183e-05,1
9299,2,10,129,10073__Node__9299,incoming,0.0001279476064187,0.2377997895577083,0.0047793198456792,3
9301,1,47,29,10041__Node__9301,outandin,0.0,0.2211424908054121,0.0004618773125671,2
9302,2,26,60,10093__Node__9302,incoming,2.045414509591029e-05,0.2634138499256461,0.0081009909024381,2
9303,1,0,1017,10003__Node__9303,incoming,0.0,0.2141900062093532,5.609007953745333e-05,3
9305,2,2,637,10007__Node__9305,incoming,0.0005990651794139,0.2908622908622909,0.0155062100518912,3
9306,1,0,1017,10003__Node__9306,incoming,0.0,0.2141900062093532,5.609007953745333e-05,3
9307,1,1,823,10033__Node__9307,incoming,0.0,0.2732996955923439,0.0130031624785455,1
9308,1,0,1017,10003__Node__9308,incoming,0.0,0.2141900062093532,5.609007953745333e-05,3
9310,1,2,637,10007__Node__9310,incoming,0.0,0.2410888357550119,0.0025030475733457,3
9313,1,12,120,10077__Node__9313,incoming,0.0,0.2249682490646346,0.0009389415002389,3
9315,1,1,823,10033__Node__9315,incoming,0.0,0.2732996955923439,0.0130031624785455,2
9316,1,9,129,10006__Node__9316,incoming,0.0,0.2452018406973699,0.0009341955255218,3
9318,2,20,68,10147__Node__9318,incoming,0.0001130930167274,0.2520090744799477,0.0022823873841535,3
9320,1,3,311,10032__Node__9320,incoming,0.0,0.2376445846477392,0.0036864696028191,2
9321,1,0,1017,10003__Node__9321,incoming,0.0,0.2141900062093532,5.609007953745333e-05,3
9322,1,11,128,10039__Node__9322,incoming,0.0,0.2339461003034089,0.0027339313516807,3
9326,1,18,70,10091__Node__9326,incoming,0.0,0.2419968245763024,0.0007304893857454,2
9331,3,10,129,10073__Node__9331,incoming,7.98244475707118e-05,0.2657422049223533,0.0088314802881835,1
9332,1,2,637,10007__Node__9332,incoming,0.0,0.2410888357550119,0.0025030475733457,3
9333,1,6,169,10047__Node__9333,incoming,0.0,0.187348140525398,4.024558046919183e-05,3
9334,1,10,129,10073__Node__9334,incoming,0.0,0.2364613774939567,0.0045611621676105,2
9335,1,1,823,10033__Node__9335,incoming,0.0,0.2732996955923439,0.0130031624785455,3
9336,1,2,637,10007__Node__9336,incoming,0.0,0.2410888357550119,0.0025030475733457,3
9338,1,59,24,10139__Node__9338,incoming,0.0,0.2061200742208384,3.899223398533341e-05,3
9341,1,19,70,10105__Node__9341,outandin,0.0,0.215132118824881,0.0002413038481842,2
9342,1,30,46,10037__Node__9342,incoming,0.0,0.2200288716554201,0.0001472356960681,3
9344,1,31,43,10177__Node__9344,outandin,0.0,0.2531968321421672,0.0025964625002207,2
9346,3,1,823,10033__Node__9346,incoming,0.0002675153501251,0.2853411119334755,0.0184985201716778,3
9348,1,4,278,10034__Node__9348,incoming,0.0,0.2325515381613029,0.0031177529798711,3
9349,1,33,41,10191__Node__9349,outandin,0.0,0.2150615258408531,0.0001192682696565,2
9350,1,15,98,10055__Node__9350,incoming,0.0,0.2521836161452922,0.0044314001307017,3
9351,1,1,823,10033__Node__9351,incoming,0.0,0.2732996955923439,0.0130031624785455,3
9353,2,5,257,10020__Node__9353,incoming,0.0001089259368834,0.2849936948297604,0.0179978065961004,3
9354,1,28,51,10051__Node__9354,outandin,0.0,0.2256032494578499,0.0017939389882662,0
9355,1,10,129,10073__Node__9355,incoming,0.0,0.2364613774939567,0.0045611621676105,3
9356,2,29,49,10088__Node__9356,incoming,3.707865881563157e-06,0.2237394599392346,0.0003845171927071,3
9357,1,1,823,10033__Node__9357,incoming,0.0,0.2732996955923439,0.0130031624785455,3
