source,target,type,weight
10003,3,,21
10003,4,,13
10003,9,,17
10003,16,,18
10003,23,,17
10003,31,outgoing,10
10003,32,,19
10003,34,,7
10003,35,,2
10003,37,,16
10003,40,outgoing,7
10003,47,,25
10003,49,,24
10003,56,outgoing,3
10003,58,,2
10003,65,,5
10003,76,,6
10003,77,,16
10003,79,,9
10003,91,,16
10003,99,,14
10003,112,,17
10003,118,,15
10003,143,,14
10003,148,,7
10003,154,,9
10003,162,,17
10003,180,,19
10003,211,,9
10003,212,,14
10003,216,outgoing,11
10003,239,,3
10003,256,,19
10003,257,outgoing,1
10003,260,,21
10003,263,,3
10003,266,,3
10003,280,,8
10003,281,,30
10003,290,,21
10003,300,,18
10003,307,outgoing,9
10003,317,,17
10003,321,,15
10003,326,,11
10003,329,,9
10003,330,,17
10003,331,,6
10003,334,,10
10003,340,,16
10003,358,,7
10003,361,,11
10003,374,,28
10003,378,,15
10003,379,,17
10003,380,,9
10003,385,,13
10003,399,,33
10003,402,,12
10003,403,,22
10003,430,,17
10003,431,,14
10003,440,,4
10003,449,,4
10003,454,,11
10003,481,,49
10003,509,,7
10003,516,,9
10003,517,,9
10003,557,,3
10003,563,,7
10003,566,outgoing,12
10003,569,,7
10003,571,,16
10003,572,,22
10003,578,,12
10003,591,,9
10003,592,,6
10003,598,,2
10003,605,,9
10003,607,,14
10003,636,,7
10003,638,,5
10003,663,,17
10003,665,,5
10003,669,outgoing,16
10003,675,,16
10003,677,,12
10003,702,,5
10003,722,outgoing,4
10003,727,,4
10003,741,,9
10003,759,,11
10003,769,,22
10003,812,,16
10003,821,,9
10003,823,,7
10003,841,,19
10003,854,,19
10003,866,outgoing,11
10003,869,,10
10003,874,outgoing,13
10003,876,,7
10003,877,,8
10003,889,,5
10003,919,,31
10003,920,,7
10003,921,,24
10003,939,,7
10003,987,,18
10003,1002,,7
10003,1009,,16
10003,1013,,10
10003,1018,,5
10003,1020,outgoing,18
10003,1030,,10
10003,1036,,4
10003,1040,,26
10003,1045,,15
10003,1058,outgoing,14
10003,1063,,7
10003,1075,,21
10003,1093,,9
10003,1129,,17
10003,1131,,20
10003,1153,,27
10003,1203,outandin,2
10003,1211,,9
10003,1217,,6
10003,1230,,14
10003,1235,,18
10003,1237,,24
10003,1246,,31
10003,1251,,18
10003,1262,,21
10003,1268,,6
10003,1273,,16
10003,1277,,5
10003,1278,,12
10003,1284,,18
10003,1285,,15
10003,1299,,15
10003,1301,,5
10003,1317,,10
10003,1318,,10
10003,1319,,20
10003,1328,,19
10003,1337,,30
10003,1369,outgoing,14
10003,1376,,9
10003,1378,,13
10003,1379,,16
10003,1382,,9
10003,1383,outgoing,10
10003,1387,,19
10003,1405,,21
10003,1419,,4
10003,1420,,16
10003,1425,,2
10003,1432,,10
10003,1433,,9
10003,1440,,14
10003,1461,,20
10003,1475,,19
10003,1476,,13
10003,1478,,18
10003,1484,,13
10003,1485,,14
10003,1492,,6
10003,1505,,9
10003,1518,,13
10003,1532,,5
10003,1544,,1
10003,1545,,7
10003,1559,,15
10003,1571,,25
10003,1590,,4
10003,1601,,8
10003,1604,,15
10003,1611,,25
10003,1612,,16
10003,1614,,19
10003,1615,,22
10003,1622,,15
10003,1627,,1
10003,1628,,20
10003,1635,,11
10003,1637,,10
10003,1642,,9
10003,1643,,8
10003,1666,,11
10003,1686,,17
10003,1691,,9
10003,1708,,2
10003,1710,,15
10003,1716,,18
10003,1719,,7
10003,1733,,25
10003,1748,,13
10003,1751,,4
10003,1753,,22
10003,1759,,6
10003,1765,,12
10003,1766,,4
10003,1773,,17
10003,1780,,5
10003,1782,,2
10003,1789,,10
10003,1795,,5
10003,1797,,11
10003,1801,,22
10003,1804,,2
10003,1805,,8
10003,1809,,5
10003,1829,,17
10003,1833,,9
10003,1834,,4
10003,1837,,9
10003,1838,,11
10003,1841,,12
10003,1842,,9
10003,1844,,14
10003,1849,,10
10003,1852,,16
10003,1855,,2
10003,1857,,28
10003,1860,,20
10003,1861,,9
10003,1864,,12
10003,1871,,20
10003,1873,,8
10003,1875,,11
10003,1877,,14
10003,1879,,17
10003,1882,,13
10003,1883,,13
10003,1884,,15
10003,1888,,4
10003,1900,,18
10003,1902,,19
10003,1912,,15
10003,1914,,17
10003,1917,,15
10003,1921,,19
10003,1925,,9
10003,1927,,2
10003,1928,,8
10003,1932,,13
10003,1933,,20
10003,1937,,17
10003,1944,,6
10003,1948,outgoing,3
10003,1952,,12
10003,1953,,23
10003,1958,,12
10003,1962,,15
10003,1963,,19
10003,1964,,5
10003,1972,,17
10003,1977,,18
10003,1978,,16
10003,1980,,19
10003,1986,,19
10003,1992,,29
10003,1994,,1
10003,1999,,19
10003,2002,,12
10003,2003,,11
10003,2007,,3
10003,2009,,18
10003,2011,,13
10003,2012,,14
10003,2013,,4
10003,2016,,9
10003,2023,,4
10003,2025,,4
10003,2027,,16
10003,2030,,3
10003,2032,,10
10003,2038,,5
10003,2045,,20
10003,2047,,18
10003,2051,,19
10003,2054,,11
10003,2056,,17
10003,2057,,21
10003,2059,,19
10003,2060,,6
10003,2061,outgoing,14
10003,2067,,25
10003,2072,,17
10003,2080,,19
10003,2081,,14
10003,2083,,6
10003,2084,,20
10003,2090,,11
10003,2100,,18
10003,2105,,2
10003,2116,,9
10003,2119,,6
10003,2120,,9
10003,2121,,20
10003,2126,,6
10003,2136,,28
10003,2138,,11
10003,2139,,5
10003,2143,,9
10003,2148,,21
10003,2152,,8
10003,2153,,1
10003,2155,,15
10003,2161,,15
10003,2169,,3
10003,2179,,8
10003,2180,,20
10003,2182,,19
10003,2184,,10
10003,2186,,6
10003,2193,,7
10003,2200,,9
10003,2203,,8
10003,2205,,4
10003,2206,,25
10003,2221,,12
10003,2222,,12
10003,2230,,5
10003,2232,,10
10003,2235,outgoing,10
10003,2239,,12
10003,2248,,14
10003,2250,,15
10003,2252,,9
10003,2253,,12
10003,2254,,12
10003,2255,,9
10003,2260,,16
10003,2263,,8
10003,2265,,11
10003,2270,,29
10003,2271,,2
10003,2275,,6
10003,2277,,8
10003,2281,,7
10003,2286,,12
10003,2288,,19
10003,2291,,26
10003,2292,,10
10003,2297,,18
10003,2298,,24
10003,2301,,12
10003,2303,,2
10003,2305,,12
10003,2315,,23
10003,2320,,19
10003,2323,,6
10003,2324,,19
10003,2331,,26
10003,2332,,23
10003,2333,,2
10003,2335,,6
10003,2340,,13
10003,2341,,18
10003,2354,,17
10003,2357,,6
10003,2359,,12
10003,2372,,10
10003,2375,,16
10003,2377,,8
10003,2382,,11
10003,2387,,19
10003,2389,,13
10003,2396,,7
10003,2397,,5
10003,2399,,20
10003,2400,,19
10003,2405,,4
10003,2408,,15
10003,2409,,14
10003,2411,,8
10003,2413,,17
10003,2414,,15
10003,2418,,16
10003,2424,,4
10003,2432,,23
10003,2435,,9
10003,2442,,9
10003,2455,,2
10003,2456,,19
10003,2461,,17
10003,2462,,5
10003,2464,outgoing,3
10003,2467,,8
10003,2472,,19
10003,2474,outgoing,10
10003,2478,,15
10003,2480,,20
10003,2486,,11
10003,2495,,13
10003,2502,,14
10003,2507,,12
10003,2510,,19
10003,2512,,15
10003,2513,,3
10003,2518,,21
10003,2522,,10
10003,2523,,13
10003,2526,,6
10003,2528,,19
10003,2531,,18
10003,2538,,7
10003,2542,,5
10003,2553,,19
10003,2577,,16
10003,2586,,17
10003,2587,,23
10003,2591,,21
10003,2593,,11
10003,2606,,18
10003,2611,,9
10003,2613,,29
10003,2616,,9
10003,2621,,17
10003,2629,,8
10003,2638,,14
10003,2646,,36
10003,2649,,13
10003,2664,,15
10003,2666,,19
10003,2668,,20
10003,2679,,12
10003,2680,,16
10003,2682,,11
10003,2683,,9
10003,2686,,1
10003,2691,,3
10003,2692,,21
10003,2697,,16
10003,2700,,10
10003,2702,,11
10003,2704,,18
10003,2712,,20
10003,2715,,21
10003,2716,,5
10003,2719,,20
10003,2727,,11
10003,2730,,1
10003,2739,,9
10003,2743,,12
10003,2752,,14
10003,2755,,13
10003,2760,,12
10003,2762,,3
10003,2763,,15
10003,2781,,9
10003,2784,,10
10003,2797,,14
10003,2806,,14
10003,2812,,12
10003,2815,,15
10003,2828,,17
10003,2835,,23
10003,2837,,3
10003,2839,,23
10003,2847,,7
10003,2848,outgoing,2
10003,2849,,17
10003,2850,,16
10003,2857,,8
10003,2867,,17
10003,2871,,12
10003,2872,,9
10003,2886,,13
10003,2895,,9
10003,2897,,34
10003,2900,,15
10003,2911,,7
10003,2914,,14
10003,2918,,9
10003,2919,,15
10003,2932,,14
10003,2935,,11
10003,2937,,6
10003,2939,,16
10003,2946,,9
10003,2949,,15
10003,2961,,12
10003,2966,,18
10003,2977,,8
10003,2978,,10
10003,2981,,8
10003,2986,,11
10003,2987,,14
10003,2988,,16
10003,2993,,14
10003,2994,outgoing,6
10003,2995,,3
10003,3007,,12
10003,3018,,9
10003,3021,,19
10003,3023,,18
10003,3024,,4
10003,3032,,20
10003,3039,,7
10003,3062,,23
10003,3067,,5
10003,3077,,8
10003,3079,,9
10003,3085,,16
10003,3092,,3
10003,3093,,14
10003,3097,,2
10003,3099,,11
10003,3101,,4
10003,3105,,15
10003,3108,,8
10003,3111,,7
10003,3118,,16
10003,3121,,10
10003,3148,,17
10003,3159,,11
10003,3166,,12
10003,3178,,12
10003,3191,outgoing,7
10003,3193,,18
10003,3195,,18
10003,3199,,16
10003,3200,,13
10003,3203,outgoing,12
10003,3205,outgoing,3
10003,3214,,18
10003,3216,,10
10003,3220,,11
10003,3221,,8
10003,3224,,10
10003,3237,,14
10003,3260,,9
10003,3265,,5
10003,3267,,5
10003,3274,,12
10003,3275,,6
10003,3293,,17
10003,3297,,7
10003,3304,,27
10003,3310,,18
10003,3322,,11
10003,3325,,6
10003,3326,,8
10003,3327,,18
10003,3349,,7
10003,3368,,12
10003,3371,,13
10003,3392,,15
10003,3395,,16
10003,3402,,16
10003,3404,,7
10003,3411,,14
10003,3412,,4
10003,3413,,17
10003,3416,,2
10003,3419,,5
10003,3422,,12
10003,3424,,19
10003,3432,,7
10003,3437,,10
10003,3439,,5
10003,3442,,23
10003,3457,,16
10003,3492,,13
10003,3493,,28
10003,3507,,7
10003,3512,,6
10003,3518,,8
10003,3519,,20
10003,3520,,15
10003,3527,,19
10003,3546,,16
10003,3561,,21
10003,3571,,8
10003,3614,,1
10003,3644,,22
10003,3646,,18
10003,3653,,10
10003,3669,,4
10003,3671,,8
10003,3673,,3
10003,3685,,11
10003,3693,,13
10003,3703,outgoing,4
10003,3704,,19
10003,3713,,13
10003,3715,,9
10003,3717,,8
10003,3719,,17
10003,3739,,11
10003,3741,,20
10003,3747,,3
10003,3752,,20
10003,3754,,10
10003,3758,,10
10003,3765,,15
10003,3782,,6
10003,3787,,7
10003,3805,,8
10003,3816,,4
10003,3819,,12
10003,3820,,7
10003,3833,,16
10003,3836,,16
10003,3844,,21
10003,3846,,12
10003,3870,,15
10003,3881,,17
10003,3889,,18
10003,3891,,11
10003,3893,,10
10003,3903,,6
10003,3904,,6
10003,3907,,19
10003,3913,,14
10003,3938,,16
10003,3965,,17
10003,3966,,9
10003,3978,,13
10003,3985,,5
10003,3991,,5
10003,3994,,9
10003,3995,,12
10003,4001,,17
10003,4007,,12
10003,4014,,22
10003,4052,,22
10003,4067,,7
10003,4070,,17
10003,4082,,7
10003,4087,,7
10003,4089,,16
10003,4091,,20
10003,4116,,8
10003,4143,,15
10003,4155,,12
10003,4160,,11
10003,4164,,15
10003,4184,,5
10003,4200,,2
10003,4201,,4
10003,4213,,2
10003,4218,,21
10003,4225,,12
10003,4251,,12
10003,4257,,10
10003,4260,,7
10003,4269,,2
10003,4273,,10
10003,4288,,9
10003,4298,,8
10003,4299,,9
10003,4307,,23
10003,4308,,8
10003,4360,,4
10003,4365,,8
10003,4387,outgoing,5
10003,4388,,4
10003,4394,,8
10003,4401,,7
10003,4405,,9
10003,4408,,5
10003,4456,,7
10003,4460,,15
10003,4487,,9
10003,4491,,10
10003,4493,,12
10003,4505,,9
10003,4536,,5
10003,4539,,5
10003,4550,,6
10003,4553,,10
10003,4564,,15
10003,4571,,19
10003,4576,,10
10003,4577,,6
10003,4581,,15
10003,4591,,16
10003,4602,,1
10003,4605,,12
10003,4643,,10
10003,4737,,18
10003,4744,,33
10003,4751,,5
10003,4769,,2
10003,4778,outgoing,20
10003,4798,,10
10003,4808,,4
10003,4812,,19
10003,4822,,8
10003,4845,,7
10003,4848,,21
10003,4882,,15
10003,4897,,6
10003,4901,,2
10003,4925,,5
10003,4944,,11
10003,5012,,5
10003,5057,,3
10003,5081,,8
10003,5103,,9
10003,5104,,16
10003,5137,,11
10003,5140,,11
10003,5157,,11
10003,5243,,8
10003,5253,,17
10003,5260,,20
10003,5266,,15
10003,5303,,7
10003,5306,,21
10003,5311,,7
10003,5324,,14
10003,5328,outgoing,9
10003,5367,,9
10003,5376,,3
10003,5398,,12
10003,5408,,8
10003,5429,,7
10003,5434,,16
10003,5464,,9
10003,5470,,6
10003,5478,,5
10003,5485,outgoing,2
10003,5501,,11
10003,5523,,8
10003,5527,,7
10003,5571,,2
10003,5604,,11
10003,5616,,7
10003,5650,,2
10003,5661,,1
10003,5676,,12
10003,5687,,10
10003,5694,,6
10003,5695,,22
10003,5696,,8
10003,5708,,12
10003,5739,,12
10003,5750,,6
10003,5756,,13
10003,5760,,8
10003,5775,,12
10003,5795,,3
10003,5812,,14
10003,5814,,9
10003,5819,,16
10003,5874,,8
10003,5884,,14
10003,5939,,14
10003,5953,,18
10003,5960,,13
10003,5962,,7
10003,5967,,9
10003,5990,,8
10003,6026,,9
10003,6037,,17
10003,6044,,8
10003,6059,,5
10003,6095,,1
10003,6126,,8
10003,6154,,11
10003,6178,,16
10003,6187,,15
10003,6201,,16
10003,6205,,11
10003,6228,,14
10003,6230,,19
10003,6246,,13
10003,6254,,14
10003,6260,,4
10003,6267,,5
10003,6273,,7
10003,6315,,12
10003,6352,,9
10003,6356,,5
10003,6366,outgoing,1
10003,6373,,4
10003,6376,,1
10003,6411,,5
10003,6436,,27
10003,6443,,18
10003,6456,,7
10003,6462,,11
10003,6484,,12
10003,6497,,6
10003,6524,,9
10003,6573,,9
10003,6603,,4
10003,6672,,8
10003,6695,,2
10003,6725,,18
10003,6784,,7
10003,6800,,9
10003,6832,,11
10003,6852,,12
10003,6858,incoming,1
10003,6900,,10
10003,6931,,10
10003,6951,,2
10003,6971,,4
10003,7048,,10
10003,7063,,4
10003,7099,,15
10003,7106,,8
10003,7144,outgoing,5
10003,7170,,15
10003,7175,,2
10003,7181,,11
10003,7182,,5
10003,7184,,8
10003,7198,,20
10003,7202,,10
10003,7208,,17
10003,7211,,18
10003,7215,,18
10003,7217,,8
10003,7220,,23
10003,7231,,19
10003,7243,,9
10003,7255,,14
10003,7268,,10
10003,7302,,6
10003,7304,,15
10003,7306,,4
10003,7312,,9
10003,7346,,20
10003,7359,,1
10003,7362,,10
10003,7378,,10
10003,7379,,17
10003,7407,,10
10003,7410,,13
10003,7418,,8
10003,7425,,5
10003,7440,,13
10003,7447,,1
10003,7449,,7
10003,7456,outandin,6
10003,7469,,3
10003,7474,,8
10003,7493,,14
10003,7527,,9
10003,7530,,2
10003,7564,,6
10003,7670,,13
10003,7678,,7
10003,7687,,12
10003,7717,outgoing,5
10003,7725,,19
10003,7753,,2
10003,7757,,2
10003,7785,,8
10003,7801,,19
10003,7813,,18
10003,7833,,17
10003,7845,,22
10003,7846,,6
10003,7854,,6
10003,7902,,6
10003,7904,,8
10003,7908,,1
10003,7943,,10
10003,7954,outgoing,3
10003,7968,,18
10003,7991,,14
10003,8035,outgoing,13
10003,8069,,15
10003,8071,,15
10003,8091,outgoing,4
10003,8107,,22
10003,8129,,15
10003,8131,,3
10003,8165,,5
10003,8169,,16
10003,8184,,7
10003,8197,,15
10003,8209,,3
10003,8218,,13
10003,8245,,12
10003,8252,,10
10003,8255,,5
10003,8266,outgoing,9
10003,8275,,12
10003,8279,incoming,2
10003,8285,,1
10003,8290,incoming,8
10003,8302,,8
10003,8303,,14
10003,8320,,7
10003,8327,,8
10003,8344,,20
10003,8347,incoming,5
10003,8348,,3
10003,8362,,17
10003,8366,,9
10003,8367,,12
10003,8368,,10
10003,8374,,18
10003,8378,,13
10003,8385,,2
10003,8407,,5
10003,8418,incoming,2
10003,8424,,18
10003,8427,,13
10003,8442,outgoing,13
10003,8446,,11
10003,8455,,3
10003,8459,,19
10003,8461,outgoing,19
10003,8480,,1
10003,8486,,4
10003,8497,,10
10003,8499,,11
10003,8503,,12
10003,8504,,18
10003,8510,,4
10003,8527,,9
10003,8530,,6
10003,8533,,5
10003,8534,,9
10003,8537,,34
10003,8538,incoming,10
10003,8561,,11
10003,8565,outandin,36
10003,8572,incoming,42
10003,8577,incoming,13
10003,8581,incoming,11
10003,8582,incoming,8
10003,8587,incoming,4
10003,8589,incoming,11
10003,8596,incoming,21
10003,8601,incoming,2
10003,8605,incoming,6
10003,8617,incoming,10
10003,8621,incoming,21
10003,8632,incoming,4
10003,8647,incoming,18
10003,8648,incoming,16
10003,8658,incoming,16
10003,8671,incoming,2
10003,8674,incoming,16
10003,8681,incoming,15
10003,8686,incoming,1
10003,8688,incoming,2
10003,8690,incoming,8
10003,8698,incoming,19
10003,8707,incoming,10
10003,8714,incoming,18
10003,8729,incoming,10
10003,8735,outandin,8
10003,8736,incoming,18
10003,8751,incoming,9
10003,8753,incoming,14
10003,8756,incoming,15
10003,8760,incoming,19
10003,8770,incoming,7
10003,8771,incoming,6
10003,8773,incoming,15
10003,8774,incoming,12
10003,8780,incoming,13
10003,8785,incoming,16
10003,8806,incoming,21
10003,8812,incoming,6
10003,8822,incoming,8
10003,8834,incoming,17
10003,8835,incoming,5
10003,8836,incoming,17
10003,8838,incoming,11
10003,8847,incoming,3
10003,8852,incoming,11
10003,8869,incoming,21
10003,8905,incoming,14
10003,8920,incoming,20
10003,8927,incoming,36
10003,8939,incoming,10
10003,8947,incoming,12
10003,8951,incoming,12
10003,8955,incoming,11
10003,8962,incoming,10
10003,8973,incoming,19
10003,8974,incoming,8
10003,8985,incoming,2
10003,9000,incoming,11
10003,9008,incoming,10
10003,9033,incoming,3
10003,9040,incoming,5
10003,9045,incoming,2
10003,9048,incoming,5
10003,9049,incoming,11
10003,9074,incoming,7
10003,9082,incoming,3
10003,9084,incoming,1
10003,9090,incoming,2
10003,9115,incoming,9
10003,9116,incoming,4
10003,9153,incoming,7
10003,9163,incoming,6
10003,9180,incoming,7
10003,9182,incoming,4
10003,9190,incoming,7
10003,9199,incoming,1
10003,9203,incoming,3
10003,9212,incoming,5
10003,9219,incoming,3
10003,9233,incoming,7
10003,9237,incoming,4
10003,9270,incoming,10
10003,9280,incoming,6
10003,9288,incoming,1
10003,9292,incoming,6
10003,9303,incoming,5
10003,9306,incoming,3
10003,9308,incoming,1
10003,9321,incoming,1
10033,10,,28
10033,13,incoming,1
10033,21,incoming,3
10033,25,,1
10033,28,outandin,1
10033,52,,22
10033,57,outandin,3
10033,85,,4
10033,87,incoming,2
10033,94,outandin,1
10033,105,outgoing,2
10033,106,,12
10033,127,outgoing,3
10033,131,outgoing,19
10033,135,,36
10033,137,,6
10033,139,,3
10033,158,outgoing,1
10033,159,outandin,1
10033,168,,5
10033,175,,9
10033,176,,11
10033,180,outandin,1
10033,185,incoming,6
10033,188,incoming,5
10033,205,,18
10033,206,outandin,1
10033,217,,1
10033,219,outgoing,1
10033,220,,2
10033,230,,8
10033,231,outgoing,7
10033,265,outandin,1
10033,269,,9
10033,274,outandin,1
10033,278,outandin,1
10033,293,incoming,1
10033,294,outandin,1
10033,301,,2
10033,312,outgoing,3
10033,319,,14
10033,323,incoming,1
10033,328,outgoing,10
10033,337,,21
10033,341,,18
10033,343,,40
10033,348,,4
10033,349,,8
10033,350,,2
10033,351,,11
10033,363,,10
10033,391,,10
10033,396,,9
10033,398,outandin,2
10033,405,outandin,1
10033,413,,20
10033,426,outgoing,5
10033,429,,2
10033,436,outgoing,6
10033,445,outgoing,1
10033,447,,8
10033,448,,8
10033,451,,9
10033,460,,41
10033,468,incoming,2
10033,475,,13
10033,476,outgoing,1
10033,498,,2
10033,506,,31
10033,512,,7
10033,534,outandin,1
10033,538,outandin,5
10033,543,,67
10033,545,outandin,6
10033,551,outgoing,2
10033,554,incoming,1
10033,556,,7
10033,560,,12
10033,568,,2
10033,585,,2
10033,587,outandin,1
10033,589,outandin,2
10033,596,incoming,3
10033,599,outandin,1
10033,611,incoming,12
10033,617,,1
10033,626,,45
10033,630,,4
10033,645,,5
10033,664,incoming,4
10033,672,,13
10033,682,outandin,1
10033,683,outgoing,2
10033,684,,7
10033,688,,10
10033,700,,3
10033,701,outgoing,2
10033,705,outandin,2
10033,721,incoming,1
10033,733,,1
10033,735,,4
10033,740,incoming,4
10033,748,outandin,1
10033,749,,39
10033,758,,2
10033,762,,13
10033,770,,1
10033,772,,13
10033,785,,32
10033,798,outandin,1
10033,800,,11
10033,811,incoming,2
10033,813,,12
10033,824,,99
10033,831,,3
10033,833,outandin,1
10033,834,,25
10033,844,outgoing,2
10033,846,,5
10033,855,,5
10033,890,,14
10033,901,,20
10033,905,,33
10033,907,incoming,2
10033,930,,1
10033,931,,5
10033,934,outandin,5
10033,936,outandin,1
10033,941,,5
10033,943,,16
10033,949,,1
10033,951,outgoing,1
10033,960,,7
10033,977,outgoing,4
10033,978,outgoing,1
10033,980,outgoing,7
10033,981,,2
10033,994,,7
10033,1000,incoming,6
10033,1001,incoming,35
10033,1006,,28
10033,1010,,7
10033,1031,outandin,1
10033,1038,outgoing,2
10033,1042,,13
10033,1043,,2
10033,1044,,6
10033,1046,outgoing,1
10033,1048,outgoing,2
10033,1056,,16
10033,1062,,8
10033,1092,,1
10033,1095,,9
10033,1096,incoming,1
10033,1097,incoming,1
10033,1099,outandin,1
10033,1100,outandin,1
10033,1103,incoming,2
10033,1105,outgoing,2
10033,1115,,3
10033,1157,,2
10033,1160,outgoing,6
10033,1164,,4
10033,1188,outandin,1
10033,1189,,2
10033,1234,,9
10033,1238,,35
10033,1239,,28
10033,1243,incoming,1
10033,1256,outgoing,3
10033,1260,outandin,1
10033,1266,,1
10033,1286,,3
10033,1288,outandin,1
10033,1293,,5
10033,1305,,29
10033,1308,,8
10033,1309,outgoing,22
10033,1322,incoming,2
10033,1349,,8
10033,1350,,4
10033,1353,,15
10033,1361,,6
10033,1375,,5
10033,1406,outandin,1
10033,1428,,8
10033,1434,,9
10033,1436,incoming,3
10033,1439,,11
10033,1471,outandin,3
10033,1487,,33
10033,1496,outgoing,4
10033,1497,,4
10033,1506,,7
10033,1509,,3
10033,1520,outandin,1
10033,1524,outandin,1
10033,1527,,12
10033,1528,incoming,4
10033,1530,,1
10033,1531,outgoing,1
10033,1542,,25
10033,1547,,5
10033,1561,outandin,1
10033,1574,,3
10033,1583,outgoing,4
10033,1589,incoming,7
10033,1593,,8
10033,1594,outandin,3
10033,1598,outgoing,1
10033,1633,outgoing,7
10033,1634,incoming,8
10033,1645,,7
10033,1654,outandin,1
10033,1657,,49
10033,1662,incoming,1
10033,1674,,1
10033,1682,,6
10033,1684,,1
10033,1700,outandin,6
10033,1702,,7
10033,1720,,11
10033,1724,outgoing,4
10033,1730,outandin,2
10033,1731,outgoing,2
10033,1734,,6
10033,1742,outandin,1
10033,1745,,1
10033,1756,,21
10033,1768,outgoing,2
10033,1774,,6
10033,1786,,7
10033,1796,,2
10033,1799,,2
10033,1810,,34
10033,1811,,22
10033,1830,outgoing,12
10033,1851,,4
10033,1856,,4
10033,1866,outgoing,1
10033,1880,,8
10033,1889,,12
10033,1893,,20
10033,1895,,5
10033,1897,,1
10033,1907,outandin,1
10033,1909,outandin,1
10033,1919,,8
10033,1931,,25
10033,1939,incoming,1
10033,1945,outandin,1
10033,1946,incoming,11
10033,1947,outandin,1
10033,1956,,1
10033,1966,outgoing,7
10033,1968,outandin,1
10033,1970,,6
10033,1988,,41
10033,1989,outgoing,1
10033,1993,outandin,1
10033,1995,outgoing,7
10033,1996,,14
10033,1998,,10
10033,2008,,25
10033,2010,outgoing,3
10033,2014,outandin,1
10033,2040,outgoing,1
10033,2053,,5
10033,2058,,5
10033,2071,,4
10033,2073,,6
10033,2091,,10
10033,2104,outandin,2
10033,2122,,3
10033,2140,,3
10033,2145,,6
10033,2162,,79
10033,2173,outandin,1
10033,2174,,24
10033,2178,,10
10033,2195,,10
10033,2197,,5
10033,2198,outandin,2
10033,2207,,61
10033,2210,incoming,6
10033,2212,,11
10033,2213,incoming,13
10033,2214,,3
10033,2218,,15
10033,2236,outandin,1
10033,2244,,16
10033,2247,outandin,2
10033,2256,,1
10033,2267,,3
10033,2268,,5
10033,2269,,14
10033,2272,,4
10033,2289,outgoing,3
10033,2294,,6
10033,2306,outgoing,5
10033,2311,,5
10033,2337,outandin,2
10033,2338,outandin,1
10033,2343,outandin,1
10033,2346,,11
10033,2351,,6
10033,2378,,7
10033,2393,incoming,2
10033,2401,incoming,2
10033,2402,,2
10033,2403,outandin,2
10033,2430,,4
10033,2439,,4
10033,2475,,2
10033,2481,incoming,2
10033,2487,outandin,1
10033,2501,,11
10033,2503,incoming,1
10033,2524,,8
10033,2527,,30
10033,2547,,4
10033,2548,outandin,27
10033,2552,,4
10033,2558,,12
10033,2568,,2
10033,2569,outandin,9
10033,2572,outandin,1
10033,2575,,11
10033,2600,outgoing,24
10033,2610,outgoing,17
10033,2623,outandin,1
10033,2626,outandin,1
10033,2644,,11
10033,2648,outandin,1
10033,2650,,6
10033,2663,,2
10033,2667,,5
10033,2669,outgoing,2
10033,2670,outandin,1
10033,2678,,15
10033,2685,outandin,1
10033,2688,,3
10033,2713,,33
10033,2718,,4
10033,2736,outandin,2
10033,2751,,3
10033,2766,,19
10033,2768,,10
10033,2769,,5
10033,2770,outandin,1
10033,2799,,4
10033,2804,,2
10033,2810,outandin,1
10033,2825,outgoing,2
10033,2826,,10
10033,2833,outgoing,8
10033,2834,outandin,1
10033,2840,,1
10033,2845,outgoing,4
10033,2858,,6
10033,2866,,7
10033,2875,,13
10033,2881,outandin,1
10033,2888,outandin,1
10033,2894,outgoing,1
10033,2921,,4
10033,2941,outgoing,1
10033,2942,,1
10033,2944,outgoing,2
10033,2951,,17
10033,2984,,5
10033,2992,,1
10033,3014,,6
10033,3033,outandin,1
10033,3038,,9
10033,3046,,13
10033,3070,,6
10033,3100,outandin,1
10033,3103,outgoing,3
10033,3136,outandin,1
10033,3137,outandin,2
10033,3140,outandin,7
10033,3144,,2
10033,3153,,1
10033,3155,,7
10033,3157,,2
10033,3171,,3
10033,3177,outandin,1
10033,3204,incoming,1
10033,3210,outgoing,25
10033,3231,,2
10033,3239,outgoing,1
10033,3243,,15
10033,3245,incoming,6
10033,3249,outandin,8
10033,3251,incoming,1
10033,3254,outgoing,12
10033,3271,,2
10033,3288,outandin,1
10033,3292,outgoing,1
10033,3316,outgoing,3
10033,3332,,9
10033,3352,incoming,4
10033,3364,outandin,1
10033,3365,,16
10033,3372,,6
10033,3376,incoming,1
10033,3379,,4
10033,3393,,4
10033,3397,outandin,2
10033,3399,,10
10033,3406,,3
10033,3408,,1
10033,3409,outandin,1
10033,3415,incoming,4
10033,3425,,8
10033,3436,outgoing,3
10033,3454,,2
10033,3458,outandin,2
10033,3467,,15
10033,3477,,2
10033,3485,outandin,2
10033,3505,,6
10033,3506,,5
10033,3513,,13
10033,3515,,13
10033,3517,,5
10033,3531,,16
10033,3552,,5
10033,3559,outgoing,1
10033,3567,,1
10033,3572,,1
10033,3584,outandin,1
10033,3586,incoming,1
10033,3598,,1
10033,3621,,5
10033,3627,,10
10033,3628,outandin,1
10033,3643,incoming,5
10033,3651,,3
10033,3652,,3
10033,3662,,4
10033,3680,,1
10033,3687,,5
10033,3697,outgoing,8
10033,3710,,2
10033,3711,,2
10033,3720,,1
10033,3722,outgoing,2
10033,3724,,31
10033,3730,,8
10033,3732,,6
10033,3734,,4
10033,3737,incoming,5
10033,3744,,1
10033,3751,,5
10033,3770,,1
10033,3789,outandin,1
10033,3790,,2
10033,3796,,18
10033,3801,outgoing,2
10033,3823,,1
10033,3824,incoming,2
10033,3830,,4
10033,3839,outgoing,1
10033,3841,,5
10033,3853,incoming,2
10033,3854,,8
10033,3856,outandin,2
10033,3858,,5
10033,3859,,5
10033,3864,,4
10033,3871,,3
10033,3874,,7
10033,3877,outandin,2
10033,3899,,4
10033,3909,incoming,2
10033,3916,outgoing,2
10033,3918,outandin,1
10033,3919,,5
10033,3927,,2
10033,3933,,2
10033,3935,incoming,3
10033,3945,,46
10033,3952,,3
10033,3956,incoming,3
10033,3972,,2
10033,3975,outandin,1
10033,3977,,3
10033,3979,outandin,1
10033,3989,outgoing,8
10033,3996,,6
10033,4002,,3
10033,4017,outandin,3
10033,4019,,3
10033,4028,incoming,3
10033,4043,outgoing,7
10033,4055,outgoing,1
10033,4057,,4
10033,4072,outandin,1
10033,4076,,1
10033,4078,,17
10033,4085,,3
10033,4094,,4
10033,4096,,4
10033,4097,,20
10033,4099,,19
10033,4103,,4
10033,4105,,3
10033,4109,,5
10033,4132,outgoing,9
10033,4159,,19
10033,4171,outgoing,5
10033,4183,outandin,3
10033,4187,incoming,14
10033,4192,outgoing,16
10033,4198,,13
10033,4199,outandin,3
10033,4231,,9
10033,4242,,2
10033,4249,,10
10033,4259,,8
10033,4271,incoming,4
10033,4289,outandin,2
10033,4321,outgoing,3
10033,4323,incoming,5
10033,4325,,5
10033,4327,,12
10033,4329,,20
10033,4333,outandin,1
10033,4339,,19
10033,4345,,4
10033,4368,,8
10033,4377,outgoing,2
10033,4385,outgoing,3
10033,4423,outandin,6
10033,4431,,1
10033,4433,,4
10033,4450,,16
10033,4457,,1
10033,4472,outandin,1
10033,4478,outandin,1
10033,4481,outandin,3
10033,4497,,4
10033,4498,outgoing,1
10033,4516,outandin,2
10033,4522,outandin,4
10033,4537,,8
10033,4554,outandin,1
10033,4568,,2
10033,4574,,10
10033,4586,incoming,1
10033,4588,outgoing,1
10033,4589,outgoing,4
10033,4597,,14
10033,4600,outandin,7
10033,4607,,3
10033,4609,,7
10033,4626,,6
10033,4628,,6
10033,4640,,4
10033,4641,,5
10033,4644,,43
10033,4648,,7
10033,4650,,13
10033,4690,,2
10033,4694,,4
10033,4695,,3
10033,4699,outandin,3
10033,4711,incoming,2
10033,4717,outgoing,1
10033,4718,,12
10033,4739,outgoing,4
10033,4743,outgoing,5
10033,4749,incoming,9
10033,4750,,6
10033,4757,,2
10033,4760,outgoing,1
10033,4765,outandin,1
10033,4773,,18
10033,4783,,12
10033,4789,,6
10033,4794,,6
10033,4806,outandin,2
10033,4814,,12
10033,4820,,3
10033,4857,,6
10033,4861,outgoing,3
10033,4879,outandin,2
10033,4881,,3
10033,4893,,1
10033,4895,outgoing,3
10033,4902,incoming,7
10033,4906,,4
10033,4922,outandin,1
10033,4924,,1
10033,4945,,14
10033,4946,,9
10033,4951,,5
10033,4967,,1
10033,4970,incoming,7
10033,4981,,8
10033,4984,outandin,3
10033,4992,outgoing,1
10033,4994,,12
10033,5004,,17
10033,5013,,6
10033,5016,outgoing,7
10033,5033,outgoing,31
10033,5036,,14
10033,5071,,1
10033,5075,outgoing,14
10033,5076,,3
10033,5090,,4
10033,5107,,5
10033,5130,,17
10033,5132,incoming,1
10033,5138,,3
10033,5139,incoming,3
10033,5142,incoming,1
10033,5143,outandin,1
10033,5156,,4
10033,5158,outgoing,14
10033,5160,outandin,4
10033,5168,outandin,1
10033,5181,outandin,3
10033,5186,outgoing,1
10033,5192,,3
10033,5195,outandin,18
10033,5203,,5
10033,5212,outgoing,4
10033,5219,outgoing,2
10033,5221,outgoing,5
10033,5226,,11
10033,5227,,7
10033,5236,,1
10033,5237,outandin,1
10033,5242,,4
10033,5268,,6
10033,5279,outandin,1
10033,5295,,6
10033,5318,outandin,2
10033,5322,,3
10033,5330,,2
10033,5331,outandin,1
10033,5334,,48
10033,5338,,19
10033,5348,outgoing,7
10033,5362,,5
10033,5363,,13
10033,5392,,1
10033,5414,outandin,3
10033,5426,,7
10033,5433,,2
10033,5449,outgoing,8
10033,5450,outgoing,2
10033,5453,,7
10033,5460,,5
10033,5467,incoming,1
10033,5494,outandin,43
10033,5497,,11
10033,5512,,6
10033,5519,outandin,2
10033,5524,outgoing,6
10033,5533,,14
10033,5536,,8
10033,5550,outandin,3
10033,5554,outandin,1
10033,5556,,5
10033,5562,incoming,2
10033,5565,,4
10033,5583,outandin,2
10033,5601,outgoing,2
10033,5627,,3
10033,5662,outgoing,1
10033,5668,outandin,1
10033,5690,outgoing,2
10033,5714,,8
10033,5723,outandin,1
10033,5725,outgoing,1
10033,5751,,38
10033,5758,,17
10033,5759,outandin,11
10033,5790,outandin,2
10033,5793,,35
10033,5826,,2
10033,5831,,31
10033,5833,,5
10033,5840,outandin,3
10033,5851,incoming,2
10033,5854,,6
10033,5866,outgoing,3
10033,5875,,5
10033,5883,outgoing,1
10033,5891,incoming,1
10033,5902,outgoing,2
10033,5908,outgoing,17
10033,5913,outgoing,1
10033,5916,,9
10033,5922,,6
10033,5930,,4
10033,5940,,4
10033,5950,,13
10033,5957,,5
10033,5976,,3
10033,6004,incoming,12
10033,6007,outandin,1
10033,6010,outgoing,1
10033,6020,incoming,1
10033,6023,,7
10033,6030,,2
10033,6057,,2
10033,6070,outandin,2
10033,6073,,21
10033,6077,,3
10033,6089,outgoing,4
10033,6094,,2
10033,6096,,4
10033,6098,,13
10033,6101,incoming,1
10033,6106,,4
10033,6112,,3
10033,6119,,4
10033,6127,,17
10033,6128,,3
10033,6129,,12
10033,6132,outandin,1
10033,6147,outandin,2
10033,6164,,1
10033,6165,,5
10033,6168,,6
10033,6179,,4
10033,6185,,16
10033,6189,incoming,5
10033,6192,,67
10033,6215,outgoing,4
10033,6222,incoming,6
10033,6271,outandin,4
10033,6283,,1
10033,6286,,4
10033,6289,,1
10033,6290,outgoing,4
10033,6293,outandin,3
10033,6295,,4
10033,6298,incoming,2
10033,6321,,3
10033,6324,,1
10033,6339,,5
10033,6355,,6
10033,6360,outgoing,9
10033,6361,incoming,3
10033,6370,incoming,29
10033,6371,outgoing,2
10033,6385,outandin,3
10033,6389,,3
10033,6394,,2
10033,6395,,4
10033,6406,,47
10033,6414,outandin,1
10033,6417,,3
10033,6422,outgoing,1
10033,6427,incoming,2
10033,6433,incoming,2
10033,6438,,5
10033,6448,,4
10033,6457,outandin,3
10033,6463,,4
10033,6467,outandin,1
10033,6468,,7
10033,6477,incoming,2
10033,6509,outgoing,1
10033,6513,,11
10033,6527,,3
10033,6534,outandin,3
10033,6535,outgoing,16
10033,6538,,3
10033,6540,,1
10033,6549,outandin,1
10033,6550,,8
10033,6562,,7
10033,6565,,13
10033,6568,,42
10033,6572,,6
10033,6574,,11
10033,6577,outandin,1
10033,6585,incoming,1
10033,6594,,10
10033,6595,,5
10033,6598,,7
10033,6611,,15
10033,6612,,3
10033,6626,,3
10033,6628,outandin,1
10033,6629,,2
10033,6649,,8
10033,6655,,2
10033,6656,incoming,1
10033,6658,,1
10033,6671,outgoing,1
10033,6687,,17
10033,6689,,14
10033,6701,,7
10033,6705,incoming,1
10033,6716,outgoing,1
10033,6728,outgoing,1
10033,6732,,15
10033,6737,,2
10033,6738,outandin,1
10033,6742,outandin,1
10033,6746,outgoing,1
10033,6748,outgoing,2
10033,6761,outgoing,13
10033,6763,outandin,1
10033,6767,,19
10033,6768,outgoing,2
10033,6771,,5
10033,6790,,4
10033,6810,,4
10033,6817,,1
10033,6826,,2
10033,6828,,1
10033,6841,outgoing,1
10033,6865,incoming,3
10033,6869,,6
10033,6872,,4
10033,6877,incoming,1
10033,6878,incoming,11
10033,6879,outgoing,16
10033,6902,,4
10033,6957,outandin,1
10033,6968,,4
10033,6969,outgoing,18
10033,6975,outandin,2
10033,6980,,7
10033,7040,,1
10033,7044,,7
10033,7059,,11
10033,7061,,1
10033,7062,outgoing,3
10033,7066,outandin,4
10033,7094,,7
10033,7110,,6
10033,7113,,4
10033,7116,,21
10033,7128,,6
10033,7129,outgoing,12
10033,7136,,2
10033,7168,,2
10033,7174,incoming,1
10033,7199,outgoing,2
10033,7214,outgoing,2
10033,7224,outgoing,13
10033,7226,,1
10033,7228,incoming,38
10033,7256,,7
10033,7258,outandin,27
10033,7269,outandin,1
10033,7280,,3
10033,7283,,2
10033,7285,outandin,7
10033,7290,incoming,5
10033,7309,,7
10033,7316,incoming,2
10033,7327,outandin,1
10033,7331,outandin,1
10033,7337,,10
10033,7343,outandin,1
10033,7355,,17
10033,7356,outgoing,1
10033,7383,,5
10033,7387,incoming,2
10033,7393,outandin,1
10033,7406,outandin,2
10033,7414,,18
10033,7415,,13
10033,7422,outgoing,2
10033,7426,,12
10033,7427,,3
10033,7436,,24
10033,7451,,7
10033,7453,,4
10033,7455,,5
10033,7459,outgoing,4
10033,7460,,10
10033,7464,outgoing,6
10033,7468,outgoing,13
10033,7486,,5
10033,7487,outandin,1
10033,7492,,7
10033,7503,,12
10033,7505,,10
10033,7511,incoming,4
10033,7512,incoming,3
10033,7514,outandin,7
10033,7519,,3
10033,7521,incoming,1
10033,7529,,12
10033,7537,,6
10033,7538,outandin,4
10033,7547,outgoing,2
10033,7561,incoming,1
10033,7565,outgoing,28
10033,7571,outgoing,4
10033,7573,,2
10033,7595,outgoing,18
10033,7607,,1
10033,7623,outandin,1
10033,7634,,2
10033,7641,,8
10033,7675,incoming,2
10033,7681,outandin,2
10033,7688,outandin,2
10033,7692,outgoing,13
10033,7694,,2
10033,7695,incoming,3
10033,7711,outandin,1
10033,7712,,15
10033,7760,outgoing,20
10033,7763,,21
10033,7797,outgoing,6
10033,7800,incoming,2
10033,7804,,1
10033,7819,outgoing,3
10033,7821,,2
10033,7822,,3
10033,7831,,2
10033,7832,incoming,1
10033,7835,outgoing,12
10033,7836,,6
10033,7844,,7
10033,7848,,19
10033,7862,,8
10033,7863,,1
10033,7869,incoming,1
10033,7876,outgoing,5
10033,7885,,12
10033,7889,,4
10033,7896,,4
10033,7901,,6
10033,7905,,9
10033,7911,outgoing,14
10033,7914,,8
10033,7919,incoming,2
10033,7922,outgoing,1
10033,7923,,3
10033,7926,,4
10033,7928,,9
10033,7931,outandin,10
10033,7932,,9
10033,7933,outandin,2
10033,7941,outandin,1
10033,7942,outgoing,41
10033,7955,outandin,12
10033,7967,outandin,1
10033,7971,outgoing,6
10033,7974,,22
10033,7976,,2
10033,7986,incoming,3
10033,7995,outgoing,19
10033,8001,incoming,22
10033,8006,outgoing,1
10033,8009,,15
10033,8010,incoming,1
10033,8016,incoming,9
10033,8019,,11
10033,8024,,9
10033,8026,,54
10033,8031,outandin,2
10033,8034,outandin,5
10033,8037,outgoing,4
10033,8041,incoming,13
10033,8042,incoming,3
10033,8054,,3
10033,8075,,14
10033,8077,,5
10033,8078,,3
10033,8080,,4
10033,8122,outgoing,2
10033,8124,outandin,1
10033,8134,outgoing,2
10033,8135,,17
10033,8141,outandin,2
10033,8151,,9
10033,8162,incoming,4
10033,8167,outgoing,1
10033,8178,,4
10033,8192,outgoing,1
10033,8204,incoming,1
10033,8211,outandin,1
10033,8213,incoming,6
10033,8215,,5
10033,8226,incoming,7
10033,8229,,17
10033,8232,,26
10033,8235,,26
10033,8256,outandin,1
10033,8259,,1
10033,8265,,6
10033,8272,,2
10033,8273,,28
10033,8281,,3
10033,8287,outgoing,4
10033,8294,outgoing,6
10033,8308,,5
10033,8312,,19
10033,8318,outandin,3
10033,8330,,26
10033,8332,outandin,2
10033,8333,,39
10033,8336,,10
10033,8340,,17
10033,8343,,3
10033,8350,outandin,4
10033,8351,outgoing,1
10033,8360,,3
10033,8361,incoming,5
10033,8371,incoming,20
10033,8375,outandin,1
10033,8389,outandin,1
10033,8396,,6
10033,8398,,6
10033,8402,incoming,2
10033,8404,,3
10033,8408,,9
10033,8412,outandin,3
10033,8413,outgoing,29
10033,8414,outandin,2
10033,8420,,3
10033,8422,outgoing,56
10033,8425,,11
10033,8436,outandin,1
10033,8439,,21
10033,8448,outgoing,21
10033,8460,outgoing,5
10033,8468,outgoing,15
10033,8471,outandin,16
10033,8479,outandin,2
10033,8483,outandin,1
10033,8484,incoming,4
10033,8485,outandin,22
10033,8491,outandin,3
10033,8494,outgoing,25
10033,8496,incoming,3
10033,8501,,7
10033,8514,incoming,2
10033,8518,,7
10033,8532,incoming,1
10033,8535,,4
10033,8540,incoming,7
10033,8541,,7
10033,8570,outandin,1
10033,8586,incoming,4
10033,8591,outandin,5
10033,8603,outandin,25
10033,8612,outandin,24
10033,8613,outandin,2
10033,8615,incoming,52
10033,8620,incoming,2
10033,8622,incoming,7
10033,8623,outandin,1
10033,8626,outandin,44
10033,8633,incoming,5
10033,8637,outandin,5
10033,8641,incoming,28
10033,8651,outandin,1
10033,8656,incoming,4
10033,8657,incoming,1
10033,8668,outandin,10
10033,8675,outandin,1
10033,8695,incoming,4
10033,8697,incoming,1
10033,8702,outandin,4
10033,8703,incoming,31
10033,8721,outandin,2
10033,8740,incoming,2
10033,8741,incoming,13
10033,8748,outandin,24
10033,8762,incoming,11
10033,8763,outandin,1
10033,8769,incoming,21
10033,8775,incoming,14
10033,8781,incoming,96
10033,8783,incoming,1
10033,8794,outandin,3
10033,8803,outandin,22
10033,8814,outandin,2
10033,8815,outandin,5
10033,8816,outandin,1
10033,8818,outandin,2
10033,8820,outandin,2
10033,8825,outandin,5
10033,8826,incoming,6
10033,8841,incoming,9
10033,8842,outandin,2
10033,8848,outandin,7
10033,8849,incoming,14
10033,8861,incoming,5
10033,8862,outandin,3
10033,8878,incoming,22
10033,8884,outandin,3
10033,8887,incoming,8
10033,8888,incoming,1
10033,8889,incoming,8
10033,8890,incoming,4
10033,8892,incoming,14
10033,8895,incoming,22
10033,8904,incoming,1
10033,8910,incoming,17
10033,8912,incoming,15
10033,8916,incoming,28
10033,8923,incoming,6
10033,8926,incoming,11
10033,8935,incoming,20
10033,8941,incoming,8
10033,8945,incoming,1
10033,8948,incoming,1
10033,8949,incoming,3
10033,8953,incoming,1
10033,8958,incoming,1
10033,8964,outandin,24
10033,8965,incoming,5
10033,8967,outandin,3
10033,8971,incoming,3
10033,8975,incoming,4
10033,8977,incoming,2
10033,8980,outandin,2
10033,8984,outandin,1
10033,8988,incoming,25
10033,8995,outandin,1
10033,8996,incoming,6
10033,9002,outandin,1
10033,9007,outandin,1
10033,9026,incoming,3
10033,9029,outandin,4
10033,9032,incoming,2
10033,9042,incoming,15
10033,9047,incoming,29
10033,9060,outandin,1
10033,9067,incoming,8
10033,9068,incoming,2
10033,9075,incoming,11
10033,9076,incoming,1
10033,9079,incoming,1
10033,9080,outandin,8
10033,9085,outandin,21
10033,9087,outandin,1
10033,9105,outandin,1
10033,9106,outandin,3
10033,9107,incoming,7
10033,9113,incoming,1
10033,9114,incoming,1
10033,9117,outandin,1
10033,9118,incoming,2
10033,9129,incoming,9
10033,9130,incoming,26
10033,9134,incoming,33
10033,9138,outandin,14
10033,9139,outandin,3
10033,9140,incoming,6
10033,9147,incoming,7
10033,9148,incoming,11
10033,9159,outandin,1
10033,9160,outandin,2
10033,9162,incoming,4
10033,9169,incoming,5
10033,9173,incoming,15
10033,9178,outandin,30
10033,9183,outandin,4
10033,9186,incoming,10
10033,9193,incoming,4
10033,9213,incoming,9
10033,9215,incoming,2
10033,9217,incoming,2
10033,9220,incoming,15
10033,9240,outandin,1
10033,9244,outandin,5
10033,9248,outandin,21
10033,9250,outandin,1
10033,9260,incoming,1
10033,9262,incoming,5
10033,9266,outandin,1
10033,9267,incoming,1
10033,9278,incoming,3
10033,9279,incoming,1
10033,9284,outandin,1
10033,9286,outandin,1
10033,9296,outandin,14
10033,9305,outandin,2
10033,9307,incoming,4
10033,9315,incoming,1
10033,9335,incoming,1
10033,9346,incoming,5
10033,9351,incoming,1
10033,9353,outandin,1
10033,9357,incoming,1
10007,8,,34
10007,14,,147
10007,21,incoming,2
10007,28,outgoing,12
10007,45,,3
10007,61,outandin,29
10007,62,,22
10007,74,,16
10007,75,,42
10007,85,,2
10007,89,outgoing,5
10007,97,,11
10007,109,,21
10007,133,,27
10007,142,,6
10007,156,outgoing,2
10007,173,,77
10007,189,,5
10007,190,,59
10007,196,outgoing,1
10007,206,,12
10007,241,,43
10007,242,,45
10007,252,,8
10007,267,,8
10007,271,,25
10007,287,,28
10007,294,,9
10007,315,,41
10007,318,,29
10007,345,,3
10007,352,,53
10007,356,,73
10007,371,,8
10007,372,,11
10007,382,,6
10007,389,,5
10007,397,,9
10007,401,outgoing,20
10007,406,,10
10007,414,,1
10007,416,,29
10007,429,outandin,2
10007,432,,129
10007,437,,49
10007,438,,5
10007,478,,119
10007,492,,2
10007,532,,23
10007,542,,11
10007,562,,5
10007,582,,10
10007,583,,64
10007,588,,3
10007,593,,11
10007,596,,2
10007,601,outgoing,16
10007,609,,15
10007,620,,17
10007,621,,11
10007,631,,108
10007,633,,62
10007,648,,32
10007,649,,7
10007,661,,6
10007,673,,8
10007,678,,6
10007,682,outandin,1
10007,700,,4
10007,704,,13
10007,706,,6
10007,709,,8
10007,710,,47
10007,717,,6
10007,736,,12
10007,742,,6
10007,746,,6
10007,753,,4
10007,776,,31
10007,789,,13
10007,790,,3
10007,797,,37
10007,801,,4
10007,802,,1
10007,833,,12
10007,837,,69
10007,863,,5
10007,870,,9
10007,888,,5
10007,893,,10
10007,903,outgoing,1
10007,904,,17
10007,913,,20
10007,917,,26
10007,933,,26
10007,946,,3
10007,957,,21
10007,966,,7
10007,969,,18
10007,977,outgoing,6
10007,990,,9
10007,1011,,5
10007,1021,outandin,3
10007,1023,,8
10007,1025,,18
10007,1028,,69
10007,1032,,11
10007,1054,outgoing,8
10007,1067,,7
10007,1078,,10
10007,1084,,25
10007,1108,,3
10007,1126,,39
10007,1127,,24
10007,1133,,27
10007,1134,,16
10007,1136,,4
10007,1141,,10
10007,1143,,6
10007,1151,outandin,1
10007,1170,,170
10007,1175,,11
10007,1176,,7
10007,1182,,7
10007,1184,,11
10007,1197,outgoing,3
10007,1204,,161
10007,1205,,6
10007,1206,incoming,3
10007,1215,,10
10007,1220,outgoing,2
10007,1227,,5
10007,1241,,33
10007,1259,,11
10007,1263,outgoing,2
10007,1286,,11
10007,1320,,5
10007,1333,,12
10007,1338,outgoing,2
10007,1347,incoming,3
10007,1368,,7
10007,1386,,33
10007,1389,,7
10007,1416,,8
10007,1417,,16
10007,1441,,1
10007,1445,outandin,4
10007,1446,,93
10007,1447,,10
10007,1449,,17
10007,1490,,6
10007,1494,,19
10007,1515,,25
10007,1526,,3
10007,1528,,60
10007,1549,,10
10007,1552,outgoing,9
10007,1568,outgoing,2
10007,1577,,6
10007,1584,,8
10007,1602,,6
10007,1618,,19
10007,1629,,10
10007,1631,,4
10007,1650,,26
10007,1671,,8
10007,1675,,5
10007,1676,,3
10007,1678,,26
10007,1680,,55
10007,1681,,3
10007,1688,,3
10007,1701,,3
10007,1713,,8
10007,1714,,12
10007,1776,incoming,1
10007,1813,,5
10007,1826,,1
10007,1853,,21
10007,1867,,27
10007,1885,,2
10007,1913,,6
10007,1920,outgoing,2
10007,1941,,4
10007,1942,,11
10007,1959,,14
10007,2014,incoming,9
10007,2033,,12
10007,2036,,13
10007,2042,outandin,2
10007,2043,,17
10007,2082,,1
10007,2089,,8
10007,2115,,2
10007,2199,,1
10007,2209,,7
10007,2234,,18
10007,2289,outandin,2
10007,2300,,9
10007,2304,,6
10007,2328,incoming,1
10007,2376,outandin,1
10007,2383,outandin,2
10007,2446,incoming,6
10007,2457,,1
10007,2499,,26
10007,2537,,4
10007,2545,,1
10007,2550,,4
10007,2562,,31
10007,2641,,5
10007,2643,,9
10007,2645,,16
10007,2673,outgoing,16
10007,2708,,3
10007,2771,,33
10007,2775,,60
10007,2776,outandin,2
10007,2822,,24
10007,2845,outandin,1
10007,2851,,3
10007,2859,,16
10007,2891,,28
10007,2898,,18
10007,2968,,7
10007,2971,,3
10007,2982,incoming,1
10007,2990,,2
10007,3005,,2
10007,3035,,72
10007,3043,outandin,2
10007,3045,,11
10007,3048,,43
10007,3051,,4
10007,3089,outandin,1
10007,3095,,4
10007,3120,,10
10007,3160,,4
10007,3175,,275
10007,3181,,6
10007,3182,,46
10007,3206,,10
10007,3208,,10
10007,3209,incoming,6
10007,3229,outgoing,12
10007,3266,,52
10007,3288,outandin,2
10007,3296,,16
10007,3308,,44
10007,3333,,5
10007,3338,,4
10007,3339,,19
10007,3344,,22
10007,3347,,5
10007,3363,,66
10007,3385,,7
10007,3393,,5
10007,3430,,8
10007,3433,,1
10007,3455,,5
10007,3459,,12
10007,3461,,2
10007,3470,,4
10007,3474,,22
10007,3483,outandin,2
10007,3486,,36
10007,3489,,6
10007,3494,,6
10007,3508,,5
10007,3521,,12
10007,3564,,7
10007,3565,,8
10007,3580,,1
10007,3581,,17
10007,3600,,15
10007,3639,,6
10007,3642,,1
10007,3657,,6
10007,3658,,29
10007,3664,,6
10007,3674,,4
10007,3677,outandin,1
10007,3697,,2
10007,3709,,10
10007,3718,,5
10007,3777,incoming,8
10007,3789,outgoing,2
10007,3797,outgoing,4
10007,3803,,9
10007,3815,,29
10007,3817,,53
10007,3818,,8
10007,3827,,16
10007,3829,,27
10007,3840,,10
10007,3858,outgoing,1
10007,3869,,6
10007,3908,,8
10007,3918,,8
10007,3922,,11
10007,3923,,2
10007,3948,,11
10007,3954,outandin,1
10007,3956,,10
10007,3973,,1
10007,3976,,3
10007,4006,,3
10007,4010,,1
10007,4024,,6
10007,4042,,3
10007,4050,,16
10007,4054,outandin,2
10007,4064,,49
10007,4069,,11
10007,4100,,10
10007,4113,,3
10007,4125,,10
10007,4129,,20
10007,4136,outandin,1
10007,4140,,2
10007,4157,,8
10007,4169,,2
10007,4170,,10
10007,4189,,11
10007,4204,,17
10007,4208,,8
10007,4245,,6
10007,4247,,46
10007,4254,,9
10007,4261,,49
10007,4276,,5
10007,4284,,8
10007,4295,,1
10007,4310,,13
10007,4315,,7
10007,4337,,5
10007,4340,,7
10007,4342,,7
10007,4346,,20
10007,4348,,16
10007,4352,,3
10007,4355,,7
10007,4356,,9
10007,4359,,1
10007,4372,outgoing,3
10007,4381,,9
10007,4382,,1
10007,4407,,2
10007,4409,outgoing,6
10007,4412,,22
10007,4416,,3
10007,4425,,10
10007,4436,,1
10007,4447,,12
10007,4477,,7
10007,4486,,5
10007,4510,,39
10007,4519,,4
10007,4521,,44
10007,4523,,14
10007,4526,,7
10007,4557,,11
10007,4575,,6
10007,4614,outgoing,1
10007,4616,,9
10007,4626,incoming,1
10007,4631,,28
10007,4639,,10
10007,4645,,7
10007,4658,,21
10007,4668,,19
10007,4673,,6
10007,4680,,26
10007,4681,,82
10007,4707,,3
10007,4715,,4
10007,4721,,6
10007,4727,,4
10007,4788,,35
10007,4792,,23
10007,4796,,7
10007,4811,incoming,9
10007,4828,,16
10007,4829,,21
10007,4834,,4
10007,4838,,6
10007,4863,,15
10007,4866,,7
10007,4883,outandin,1
10007,4905,,31
10007,4911,,9
10007,4932,,16
10007,4957,outgoing,5
10007,4969,,9
10007,4971,,15
10007,4974,,7
10007,4977,,5
10007,4983,,3
10007,4986,,14
10007,5018,,10
10007,5031,outgoing,2
10007,5046,,12
10007,5063,outandin,1
10007,5066,,4
10007,5069,,14
10007,5083,,25
10007,5096,,13
10007,5125,,11
10007,5131,,11
10007,5141,,14
10007,5147,outgoing,1
10007,5152,,22
10007,5167,,19
10007,5175,,5
10007,5176,,4
10007,5198,,12
10007,5211,,24
10007,5228,,1
10007,5252,,9
10007,5284,,18
10007,5291,,8
10007,5294,,17
10007,5296,,12
10007,5307,,6
10007,5335,,44
10007,5342,,10
10007,5347,,12
10007,5388,outandin,2
10007,5393,outgoing,9
10007,5394,,5
10007,5416,outandin,1
10007,5417,,15
10007,5458,,21
10007,5461,,10
10007,5508,,12
10007,5518,,21
10007,5519,outandin,1
10007,5526,,11
10007,5529,,8
10007,5564,,6
10007,5568,,1
10007,5576,,41
10007,5586,,5
10007,5588,outgoing,16
10007,5590,outgoing,1
10007,5600,,13
10007,5601,,13
10007,5605,,7
10007,5606,,4
10007,5609,,15
10007,5615,,12
10007,5617,,1
10007,5620,,5
10007,5624,,26
10007,5634,,1
10007,5641,,22
10007,5645,,2
10007,5669,,16
10007,5684,,10
10007,5689,,6
10007,5703,,8
10007,5717,,15
10007,5719,,33
10007,5725,outgoing,2
10007,5730,,5
10007,5732,,14
10007,5735,outandin,1
10007,5747,,1
10007,5764,,24
10007,5777,,41
10007,5789,,12
10007,5799,,4
10007,5804,outandin,2
10007,5837,,24
10007,5878,,13
10007,5881,outgoing,1
10007,5882,,16
10007,5895,,4
10007,5903,,4
10007,5915,,14
10007,5925,,9
10007,5932,,13
10007,5933,,13
10007,5945,,8
10007,5952,,4
10007,5958,,7
10007,5964,,3
10007,5966,,22
10007,5971,,4
10007,5973,,42
10007,5978,,15
10007,5981,,17
10007,6006,,22
10007,6017,,6
10007,6038,,11
10007,6039,,4
10007,6051,incoming,4
10007,6068,outgoing,1
10007,6070,,27
10007,6071,,9
10007,6088,,2
10007,6092,,3
10007,6101,outandin,2
10007,6113,outgoing,4
10007,6116,,7
10007,6122,,7
10007,6137,,5
10007,6138,,9
10007,6140,,12
10007,6163,,1
10007,6186,outgoing,5
10007,6190,,17
10007,6191,,1
10007,6194,,5
10007,6202,,5
10007,6206,,7
10007,6223,outandin,1
10007,6232,,51
10007,6247,outandin,1
10007,6265,,33
10007,6269,,17
10007,6270,,1
10007,6272,incoming,6
10007,6279,,6
10007,6292,outgoing,2
10007,6304,,9
10007,6312,outgoing,3
10007,6336,incoming,2
10007,6337,,2
10007,6340,,23
10007,6341,,4
10007,6342,outgoing,12
10007,6344,,4
10007,6349,,14
10007,6359,,2
10007,6371,,6
10007,6375,,17
10007,6383,,3
10007,6384,,2
10007,6399,,3
10007,6401,,12
10007,6413,,6
10007,6423,outandin,1
10007,6450,,12
10007,6453,,15
10007,6469,incoming,1
10007,6470,,17
10007,6471,,4
10007,6492,,2
10007,6495,,11
10007,6516,outgoing,2
10007,6519,,14
10007,6531,outgoing,8
10007,6537,outgoing,2
10007,6580,,10
10007,6608,,1
10007,6609,,10
10007,6621,incoming,10
10007,6633,,2
10007,6645,,8
10007,6658,,1
10007,6659,,2
10007,6661,,9
10007,6666,,10
10007,6676,,4
10007,6683,,12
10007,6686,,2
10007,6696,,1
10007,6698,,3
10007,6699,,6
10007,6711,outandin,4
10007,6731,,5
10007,6753,,7
10007,6759,,15
10007,6774,,13
10007,6775,,30
10007,6778,,7
10007,6779,,1
10007,6797,outgoing,6
10007,6806,,9
10007,6848,,9
10007,6888,outandin,1
10007,6889,,3
10007,6905,,3
10007,6938,,12
10007,6997,,3
10007,7037,incoming,4
10007,7039,,1
10007,7064,,27
10007,7073,,3
10007,7074,outandin,1
10007,7080,incoming,10
10007,7103,,21
10007,7141,,13
10007,7143,,11
10007,7154,,5
10007,7164,,29
10007,7171,outgoing,1
10007,7178,,7
10007,7190,,12
10007,7201,,4
10007,7227,,5
10007,7229,,13
10007,7276,,7
10007,7286,,12
10007,7298,,9
10007,7307,,1
10007,7314,,23
10007,7360,outgoing,1
10007,7372,outgoing,3
10007,7376,outandin,1
10007,7391,,6
10007,7397,,31
10007,7398,,7
10007,7402,,7
10007,7432,,10
10007,7439,,2
10007,7513,,27
10007,7533,,9
10007,7550,,14
10007,7555,,20
10007,7559,,4
10007,7574,,4
10007,7576,,8
10007,7606,,13
10007,7636,,6
10007,7668,outandin,1
10007,7679,,12
10007,7688,,4
10007,7755,,10
10007,7761,outandin,1
10007,7783,outandin,1
10007,7789,,17
10007,7796,,73
10007,7802,,6
10007,7815,,8
10007,7819,outgoing,3
10007,7820,,9
10007,7834,,8
10007,7864,,14
10007,7871,,18
10007,7881,,7
10007,7891,incoming,3
10007,7892,,5
10007,7893,,7
10007,7898,,4
10007,7900,,1
10007,7919,,18
10007,7935,,13
10007,7936,,1
10007,7937,outandin,1
10007,7944,,3
10007,7951,outgoing,5
10007,7961,,3
10007,7972,,9
10007,7978,,6
10007,7990,,1
10007,7997,,17
10007,7999,,11
10007,8014,,1
10007,8032,,5
10007,8056,outandin,1
10007,8067,outandin,4
10007,8093,,12
10007,8121,,10
10007,8122,outandin,2
10007,8133,,22
10007,8161,,9
10007,8162,incoming,3
10007,8170,,9
10007,8175,,8
10007,8181,,34
10007,8188,,1
10007,8191,,18
10007,8201,incoming,5
10007,8207,outgoing,1
10007,8227,outgoing,9
10007,8230,,9
10007,8247,outandin,2
10007,8253,,3
10007,8256,incoming,5
10007,8257,,3
10007,8267,,9
10007,8286,,4
10007,8301,,38
10007,8311,,42
10007,8316,,22
10007,8329,,13
10007,8337,,2
10007,8360,outandin,1
10007,8382,,62
10007,8421,,9
10007,8438,,5
10007,8470,,3
10007,8482,,1
10007,8485,outandin,1
10007,8508,incoming,2
10007,8509,outgoing,1
10007,8515,,9
10007,8525,,3
10007,8528,incoming,1
10007,8543,,1
10007,8551,,10
10007,8552,incoming,2
10007,8568,outandin,1
10007,8571,incoming,8
10007,8609,incoming,12
10007,8645,incoming,15
10007,8660,outandin,5
10007,8683,outandin,4
10007,8728,incoming,10
10007,8737,incoming,5
10007,8791,incoming,2
10007,8817,outandin,1
10007,8819,incoming,12
10007,8862,incoming,4
10007,8917,incoming,19
10007,8938,incoming,5
10007,8943,incoming,1
10007,8944,incoming,7
10007,8959,incoming,1
10007,8964,outandin,1
10007,8971,incoming,2
10007,8977,incoming,6
10007,8981,incoming,12
10007,8996,outandin,1
10007,9005,outandin,1
10007,9012,incoming,11
10007,9018,outandin,1
10007,9020,incoming,9
10007,9034,incoming,1
10007,9063,incoming,1
10007,9123,incoming,33
10007,9125,incoming,22
10007,9159,incoming,3
10007,9197,incoming,5
10007,9211,incoming,1
10007,9241,incoming,3
10007,9245,incoming,3
10007,9265,incoming,4
10007,9279,incoming,5
10007,9281,incoming,1
10007,9305,incoming,3
10007,9310,incoming,1
10007,9332,incoming,1
10007,9336,incoming,2
10032,50,outandin,1
10032,51,,14
10032,61,outandin,26
10032,66,,17
10032,75,,74
10032,100,,36
10032,135,outgoing,59
10032,140,,58
10032,158,,10
10032,175,outandin,1
10032,182,,12
10032,184,outgoing,1
10032,195,,63
10032,196,outgoing,30
10032,198,,18
10032,223,outgoing,20
10032,242,outgoing,4
10032,264,,3
10032,269,outandin,1
10032,270,,6
10032,274,,3
10032,297,,45
10032,314,,2
10032,333,outandin,1
10032,410,,8
10032,428,incoming,3
10032,471,,60
10032,472,outandin,2
10032,473,,16
10032,476,outgoing,3
10032,518,incoming,5
10032,522,,2
10032,530,,186
10032,537,,35
10032,543,outgoing,2
10032,544,outgoing,2
10032,555,,319
10032,565,outandin,3
10032,573,incoming,5
10032,581,,8
10032,587,outgoing,4
10032,594,,22
10032,606,,4
10032,618,,6
10032,639,,19
10032,659,,5
10032,660,,1
10032,714,outandin,1
10032,719,outandin,1
10032,736,incoming,1
10032,765,,19
10032,767,incoming,2
10032,778,outgoing,2
10032,787,,26
10032,805,outandin,1
10032,834,,1
10032,864,,10
10032,898,outandin,2
10032,907,incoming,1
10032,914,,37
10032,922,incoming,1
10032,932,,90
10032,947,,2
10032,950,,18
10032,954,outgoing,1
10032,955,,4
10032,986,,41
10032,999,,84
10032,1001,outgoing,2
10032,1007,outandin,1
10032,1022,incoming,2
10032,1037,outgoing,3
10032,1085,,14
10032,1090,,10
10032,1097,outandin,1
10032,1100,,3
10032,1103,outgoing,1
10032,1111,,8
10032,1115,outgoing,1
10032,1137,,9
10032,1156,outandin,5
10032,1174,,10
10032,1188,outandin,3
10032,1193,,13
10032,1216,,12
10032,1221,,76
10032,1238,,1
10032,1260,incoming,4
10032,1272,,26
10032,1274,outgoing,1
10032,1290,,2
10032,1292,outgoing,9
10032,1303,,20
10032,1354,,8
10032,1372,outgoing,28
10032,1408,,65
10032,1424,outgoing,1
10032,1430,,6
10032,1483,,15
10032,1522,,10
10032,1539,outgoing,14
10032,1616,,2
10032,1663,,11
10032,1665,incoming,2
10032,1680,outandin,1
10032,1684,,7
10032,1685,outandin,1
10032,1711,,75
10032,1717,,9
10032,1722,,252
10032,1740,outgoing,1
10032,1776,,1
10032,1777,outgoing,1
10032,1878,,1
10032,1890,,4
10032,1892,incoming,2
10032,1909,outgoing,2
10032,1916,,2
10032,1926,,3
10032,1960,,45
10032,1965,,36
10032,1973,outgoing,1
10032,2005,,13
10032,2008,outgoing,3
10032,2010,outandin,2
10032,2041,,20
10032,2064,,10
10032,2079,,1
10032,2128,,50
10032,2132,,14
10032,2149,,7
10032,2159,,18
10032,2175,,173
10032,2191,outgoing,2
10032,2204,outgoing,13
10032,2216,,26
10032,2236,outgoing,1
10032,2285,,14
10032,2302,,15
10032,2314,,4
10032,2410,,3
10032,2446,,9
10032,2517,,14
10032,2520,,5
10032,2530,incoming,1
10032,2533,,9
10032,2537,,8
10032,2541,outandin,2
10032,2605,,9
10032,2634,,66
10032,2653,,60
10032,2663,,2
10032,2670,outandin,1
10032,2684,outgoing,1
10032,2707,,12
10032,2718,outandin,1
10032,2723,outandin,1
10032,2728,outandin,1
10032,2734,,2
10032,2736,outandin,1
10032,2744,outgoing,9
10032,2782,,20
10032,2785,,4
10032,2807,,7
10032,2810,outandin,1
10032,2817,,3
10032,2865,,2
10032,2868,outandin,1
10032,2885,incoming,1
10032,2913,,3
10032,2916,,8
10032,2926,,23
10032,2945,,1
10032,2958,,17
10032,2964,outandin,1
10032,2965,outgoing,1
10032,2973,incoming,2
10032,2985,outandin,2
10032,2998,incoming,1
10032,3025,,19
10032,3073,outandin,1
10032,3089,incoming,2
10032,3090,outandin,1
10032,3134,incoming,8
10032,3138,outandin,6
10032,3169,incoming,4
10032,3198,,12
10032,3235,,14
10032,3246,,5
10032,3256,outgoing,4
10032,3281,,5
10032,3288,outandin,1
10032,3300,,10
10032,3331,incoming,1
10032,3356,,8
10032,3361,outgoing,10
10032,3369,,1
10032,3378,,16
10032,3382,outgoing,3
10032,3426,,17
10032,3438,,17
10032,3448,outgoing,1
10032,3524,incoming,3
10032,3559,outandin,1
10032,3563,outgoing,2
10032,3567,outgoing,2
10032,3569,,2
10032,3572,,4
10032,3575,outgoing,3
10032,3585,outandin,4
10032,3608,,4
10032,3616,outandin,1
10032,3640,,7
10032,3674,outandin,1
10032,3675,,7
10032,3677,,36
10032,3678,outandin,2
10032,3684,,5
10032,3698,,17
10032,3702,outgoing,7
10032,3711,,1
10032,3783,outandin,1
10032,3807,,16
10032,3858,,1
10032,3884,outgoing,17
10032,3906,outandin,2
10032,3925,outandin,2
10032,3929,,10
10032,3931,outandin,1
10032,3935,,1
10032,3948,,3
10032,3997,outgoing,1
10032,4005,,9
10032,4013,outandin,1
10032,4066,outgoing,1
10032,4136,incoming,2
10032,4146,,4
10032,4165,outgoing,1
10032,4169,,6
10032,4176,outandin,1
10032,4222,outandin,1
10032,4229,,5
10032,4235,,2
10032,4241,outandin,1
10032,4256,outandin,1
10032,4373,,2
10032,4396,outandin,2
10032,4423,incoming,2
10032,4437,,3
10032,4442,,3
10032,4484,,10
10032,4528,outgoing,1
10032,4551,incoming,2
10032,4578,outandin,1
10032,4585,outandin,1
10032,4618,,3
10032,4683,outgoing,2
10032,4693,outandin,1
10032,4775,outgoing,2
10032,4782,,11
10032,4838,outandin,1
10032,4839,,40
10032,4844,,4
10032,4874,outandin,1
10032,4892,,7
10032,4893,,15
10032,4896,,13
10032,4923,,29
10032,4926,outgoing,15
10032,4928,outandin,1
10032,4993,,10
10032,4996,,7
10032,5010,,10
10032,5028,,16
10032,5034,outandin,1
10032,5040,outandin,2
10032,5041,,15
10032,5048,,10
10032,5065,,25
10032,5082,,7
10032,5085,,7
10032,5092,,1
10032,5093,,10
10032,5094,,3
10032,5095,,22
10032,5142,,3
10032,5143,outandin,1
10032,5189,,15
10032,5190,,21
10032,5194,,4
10032,5215,,17
10032,5223,,5
10032,5224,,4
10032,5257,,43
10032,5258,,20
10032,5308,,19
10032,5315,,29
10032,5319,outgoing,19
10032,5321,incoming,5
10032,5326,,9
10032,5333,outgoing,9
10032,5361,,16
10032,5380,,44
10032,5391,,11
10032,5407,outandin,1
10032,5410,,17
10032,5411,,18
10032,5425,outgoing,20
10032,5437,,17
10032,5438,,17
10032,5468,,4
10032,5494,outandin,14
10032,5511,,6
10032,5516,,3
10032,5519,outandin,1
10032,5532,outgoing,7
10032,5539,outandin,1
10032,5541,,9
10032,5550,outandin,1
10032,5552,,18
10032,5556,outgoing,4
10032,5563,,6
10032,5573,outgoing,1
10032,5618,,21
10032,5619,outgoing,1
10032,5638,,1
10032,5640,outandin,2
10032,5646,outandin,1
10032,5649,,15
10032,5654,,5
10032,5685,outgoing,1
10032,5718,outandin,1
10032,5725,,2
10032,5726,,8
10032,5796,outgoing,4
10032,5801,incoming,6
10032,5804,outgoing,1
10032,5830,,1
10032,5860,outandin,1
10032,5864,,9
10032,5880,,2
10032,5893,outandin,1
10032,5972,outandin,1
10032,5985,,9
10032,5992,,26
10032,6002,,1
10032,6007,outgoing,1
10032,6040,,1
10032,6050,,8
10032,6053,,14
10032,6065,,11
10032,6076,outgoing,9
10032,6086,incoming,1
10032,6103,outgoing,4
10032,6120,outandin,1
10032,6125,,7
10032,6132,incoming,1
10032,6170,outandin,3
10032,6200,incoming,1
10032,6207,,6
10032,6212,,7
10032,6292,outandin,1
10032,6312,,1
10032,6328,,2
10032,6359,,46
10032,6369,outandin,1
10032,6390,outgoing,1
10032,6414,incoming,3
10032,6425,outgoing,1
10032,6429,outandin,2
10032,6430,,23
10032,6432,,6
10032,6459,,2
10032,6463,outgoing,2
10032,6464,outgoing,1
10032,6475,outgoing,1
10032,6509,,6
10032,6536,outandin,1
10032,6540,outgoing,2
10032,6545,,9
10032,6552,outandin,1
10032,6585,incoming,1
10032,6702,outgoing,2
10032,6706,outgoing,3
10032,6735,outandin,1
10032,6738,,3
10032,6745,outgoing,19
10032,6766,,6
10032,6769,outandin,1
10032,6773,,64
10032,6804,,6
10032,6811,outandin,1
10032,6827,,23
10032,6830,outgoing,7
10032,6843,,3
10032,6845,,20
10032,6851,outandin,1
10032,6857,,34
10032,6875,,4
10032,6885,,5
10032,6895,,13
10032,6907,,24
10032,6910,outgoing,11
10032,6911,outgoing,5
10032,6914,,23
10032,6915,,205
10032,6921,,10
10032,6935,incoming,2
10032,6946,,66
10032,6947,outgoing,1
10032,6948,,22
10032,6953,,7
10032,6955,incoming,1
10032,6956,outgoing,14
10032,6986,,13
10032,6990,,3
10032,7006,,15
10032,7010,,3
10032,7012,outandin,2
10032,7014,,39
10032,7035,,15
10032,7042,outandin,2
10032,7049,,24
10032,7067,,4
10032,7077,,5
10032,7087,,13
10032,7123,,9
10032,7158,,28
10032,7180,,15
10032,7209,outandin,2
10032,7222,incoming,2
10032,7240,,2
10032,7273,outgoing,10
10032,7303,,58
10032,7317,outgoing,1
10032,7363,,10
10032,7365,,16
10032,7380,outgoing,2
10032,7404,outgoing,1
10032,7429,,2
10032,7458,outandin,1
10032,7470,outgoing,3
10032,7471,outandin,1
10032,7491,incoming,1
10032,7498,outandin,1
10032,7515,,28
10032,7526,outandin,1
10032,7559,outandin,4
10032,7584,outandin,1
10032,7587,outandin,1
10032,7612,,13
10032,7620,,16
10032,7622,incoming,7
10032,7634,incoming,1
10032,7661,incoming,1
10032,7663,outandin,3
10032,7674,,6
10032,7691,outgoing,1
10032,7699,,1
10032,7719,,10
10032,7734,,14
10032,7742,outandin,6
10032,7769,,7
10032,7772,incoming,9
10032,7773,,11
10032,7774,,9
10032,7793,outandin,2
10032,7799,incoming,1
10032,7803,outandin,1
10032,7834,,1
10032,7836,,3
10032,7860,,13
10032,7868,outgoing,1
10032,7900,outandin,2
10032,7914,outandin,1
10032,7960,,11
10032,7971,outandin,1
10032,8022,,7
10032,8048,incoming,2
10032,8049,,29
10032,8050,outgoing,3
10032,8051,outandin,5
10032,8059,,22
10032,8067,outandin,1
10032,8076,,17
10032,8080,incoming,1
10032,8090,,7
10032,8104,outgoing,1
10032,8116,incoming,2
10032,8133,incoming,3
10032,8142,outandin,3
10032,8167,outandin,5
10032,8168,incoming,6
10032,8177,outgoing,7
10032,8183,incoming,4
10032,8198,,10
10032,8200,,8
10032,8206,,2
10032,8211,outandin,1
10032,8216,outandin,1
10032,8228,,15
10032,8231,,1
10032,8244,outandin,2
10032,8262,outandin,1
10032,8324,outgoing,6
10032,8346,,13
10032,8350,outandin,3
10032,8352,outgoing,15
10032,8359,outandin,2
10032,8403,,27
10032,8453,,3
10032,8472,,15
10032,8473,outgoing,35
10032,8476,outandin,1
10032,8495,outandin,1
10032,8520,incoming,1
10032,8524,,12
10032,8528,,1
10032,8539,incoming,3
10032,8578,incoming,22
10032,8588,incoming,1
10032,8592,incoming,20
10032,8598,incoming,33
10032,8599,outandin,19
10032,8603,outandin,1
10032,8606,outandin,1
10032,8660,outandin,1
10032,8677,outandin,2
10032,8683,outandin,1
10032,8695,incoming,1
10032,8744,outandin,1
10032,8745,outandin,1
10032,8748,incoming,1
10032,8768,incoming,2
10032,8776,outandin,16
10032,8778,incoming,13
10032,8786,incoming,156
10032,8791,incoming,2
10032,8814,outandin,1
10032,8866,incoming,23
10032,8877,outandin,3
10032,8881,outandin,2
10032,8902,incoming,8
10032,8903,incoming,20
10032,8915,outandin,10
10032,8917,incoming,31
10032,8918,incoming,3
10032,8919,outandin,35
10032,8953,incoming,3
10032,8961,incoming,13
10032,8964,outandin,3
10032,8977,incoming,5
10032,9017,incoming,65
10032,9018,outandin,2
10032,9029,outandin,2
10032,9032,incoming,1
10032,9036,incoming,17
10032,9039,outandin,2
10032,9064,incoming,1
10032,9072,outandin,4
10032,9073,incoming,68
10032,9080,outandin,1
10032,9098,outandin,1
10032,9151,incoming,2
10032,9162,incoming,1
10032,9173,outandin,6
10032,9188,incoming,25
10032,9191,incoming,4
10032,9197,incoming,1
10032,9205,incoming,11
10032,9231,incoming,2
10032,9268,incoming,2
10032,9271,incoming,10
10032,9275,incoming,1
10032,9287,incoming,5
10032,9320,outandin,1
10034,8,incoming,4
10034,22,outgoing,1
10034,53,,13
10034,61,incoming,10
10034,66,,11
10034,69,incoming,9
10034,90,incoming,1
10034,127,outgoing,6
10034,135,outandin,1
10034,140,outandin,1
10034,142,outgoing,1
10034,158,,1
10034,161,outandin,2
10034,170,,21
10034,196,outgoing,6
10034,217,,1
10034,232,,14
10034,240,,9
10034,267,outandin,1
10034,274,,11
10034,314,,58
10034,315,incoming,1
10034,375,,1
10034,412,,18
10034,417,outandin,1
10034,445,incoming,5
10034,452,outandin,1
10034,472,outandin,9
10034,476,outandin,1
10034,491,,1
10034,496,outgoing,3
10034,499,outandin,4
10034,515,incoming,6
10034,522,outandin,3
10034,526,,18
10034,530,,5
10034,544,outgoing,4
10034,558,,15
10034,565,outgoing,14
10034,588,,6
10034,622,,3
10034,659,,12
10034,690,,11
10034,696,,2
10034,724,,14
10034,742,outandin,2
10034,757,outandin,3
10034,765,,14
10034,778,outgoing,1
10034,779,outgoing,3
10034,781,,7
10034,795,,32
10034,805,outandin,1
10034,809,,21
10034,827,,3
10034,851,,5
10034,898,outgoing,4
10034,900,,20
10034,911,,25
10034,914,,19
10034,916,,18
10034,947,incoming,1
10034,954,,7
10034,965,outandin,3
10034,983,outandin,1
10034,995,outgoing,3
10034,1001,,3
10034,1005,,24
10034,1012,,11
10034,1024,outgoing,1
10034,1037,,7
10034,1060,outgoing,15
10034,1069,outandin,3
10034,1106,,9
10034,1111,,5
10034,1115,outandin,1
10034,1118,,8
10034,1137,,3
10034,1156,outandin,1
10034,1188,incoming,1
10034,1216,incoming,2
10034,1260,outandin,1
10034,1281,incoming,2
10034,1290,,32
10034,1291,,15
10034,1347,,11
10034,1355,,1
10034,1381,,18
10034,1389,incoming,1
10034,1391,,9
10034,1400,,23
10034,1407,,4
10034,1424,,5
10034,1442,outgoing,2
10034,1473,outgoing,3
10034,1474,incoming,2
10034,1491,,30
10034,1496,incoming,2
10034,1512,outgoing,2
10034,1563,,28
10034,1568,outgoing,3
10034,1596,outandin,1
10034,1616,,8
10034,1647,,8
10034,1665,,2
10034,1679,,12
10034,1680,outgoing,1
10034,1698,outandin,1
10034,1740,,26
10034,1777,outandin,1
10034,1785,,13
10034,1786,incoming,4
10034,1794,,1
10034,1850,,12
10034,1878,,39
10034,1898,incoming,1
10034,1916,,10
10034,1987,,10
10034,2008,,1
10034,2073,incoming,12
10034,2099,,61
10034,2135,incoming,2
10034,2191,,2
10034,2300,outandin,2
10034,2369,,9
10034,2376,,53
10034,2383,outandin,2
10034,2388,outgoing,4
10034,2398,,3
10034,2446,incoming,3
10034,2460,,17
10034,2485,,34
10034,2530,incoming,1
10034,2537,outandin,2
10034,2620,,9
10034,2636,,4
10034,2640,,12
10034,2674,,6
10034,2684,,8
10034,2729,outgoing,3
10034,2734,,20
10034,2744,,25
10034,2765,,4
10034,2795,,4
10034,2809,,4
10034,2810,incoming,1
10034,2811,,14
10034,2845,outandin,21
10034,2858,,2
10034,2865,outgoing,1
10034,2880,incoming,1
10034,2902,,38
10034,2913,,8
10034,2915,,1
10034,2916,outandin,1
10034,2964,outgoing,2
10034,2973,,18
10034,2982,incoming,2
10034,2985,outandin,1
10034,3025,,6
10034,3063,,2
10034,3089,incoming,2
10034,3090,outandin,1
10034,3117,,8
10034,3146,outandin,1
10034,3180,,17
10034,3201,,4
10034,3219,,9
10034,3236,,7
10034,3256,outgoing,23
10034,3284,,19
10034,3285,outandin,1
10034,3288,outgoing,6
10034,3305,,3
10034,3307,,10
10034,3314,,10
10034,3317,,26
10034,3319,,14
10034,3331,outandin,1
10034,3333,,1
10034,3352,incoming,4
10034,3356,,4
10034,3361,,2
10034,3362,,24
10034,3382,,13
10034,3423,,7
10034,3448,,12
10034,3505,outgoing,1
10034,3511,outgoing,2
10034,3521,outgoing,8
10034,3524,,5
10034,3526,outandin,5
10034,3538,,8
10034,3552,,1
10034,3572,,10
10034,3575,,9
10034,3583,outgoing,2
10034,3620,outgoing,1
10034,3625,,13
10034,3658,incoming,3
10034,3664,outandin,1
10034,3677,,28
10034,3691,outgoing,2
10034,3699,,3
10034,3702,outandin,2
10034,3753,,15
10034,3778,,37
10034,3783,outandin,3
10034,3789,outgoing,3
10034,3802,outgoing,32
10034,3866,,16
10034,3931,,26
10034,3975,,3
10034,3977,outgoing,1
10034,3997,,6
10034,4004,,62
10034,4005,outandin,1
10034,4013,outandin,1
10034,4029,,7
10034,4066,outandin,3
10034,4093,,4
10034,4136,,9
10034,4165,,8
10034,4199,,7
10034,4209,,7
10034,4222,outgoing,4
10034,4223,outgoing,1
10034,4255,outgoing,4
10034,4286,,9
10034,4305,,3
10034,4346,,2
10034,4423,,25
10034,4426,,14
10034,4484,,13
10034,4534,incoming,1
10034,4578,outandin,1
10034,4618,,7
10034,4626,outandin,1
10034,4631,,1
10034,4632,,2
10034,4674,incoming,15
10034,4683,outgoing,1
10034,4686,incoming,1
10034,4689,,5
10034,4726,,4
10034,4785,,7
10034,4838,outandin,1
10034,4844,,7
10034,4892,incoming,21
10034,4971,,1
10034,4979,,2
10034,4993,outgoing,1
10034,5040,outgoing,37
10034,5121,,5
10034,5142,outandin,1
10034,5169,,8
10034,5219,,6
10034,5229,,10
10034,5246,outandin,1
10034,5321,outandin,1
10034,5359,,36
10034,5443,outandin,1
10034,5490,,10
10034,5513,,3
10034,5516,,4
10034,5519,incoming,10
10034,5532,,9
10034,5602,,5
10034,5619,,6
10034,5626,,4
10034,5631,outgoing,2
10034,5639,,13
10034,5698,incoming,5
10034,5707,outandin,3
10034,5718,,10
10034,5767,,18
10034,5784,,2
10034,5796,outgoing,3
10034,5801,incoming,1
10034,5817,,12
10034,5823,,14
10034,5853,,10
10034,5863,outgoing,1
10034,5866,,18
10034,5880,,15
10034,5912,,7
10034,5914,outandin,1
10034,5920,outandin,1
10034,5942,,6
10034,5956,,7
10034,5970,outgoing,4
10034,5972,outandin,2
10034,5992,incoming,1
10034,5994,,11
10034,6002,,23
10034,6007,outandin,1
10034,6011,,3
10034,6029,,3
10034,6034,,6
10034,6045,,5
10034,6081,,7
10034,6086,incoming,5
10034,6097,incoming,4
10034,6099,incoming,1
10034,6122,incoming,7
10034,6123,,8
10034,6149,,7
10034,6160,,9
10034,6171,outgoing,3
10034,6173,outandin,2
10034,6200,,27
10034,6218,,4
10034,6263,,5
10034,6278,,5
10034,6304,incoming,1
10034,6307,,8
10034,6316,,9
10034,6322,outgoing,3
10034,6328,outandin,1
10034,6331,,5
10034,6336,,3
10034,6347,,10
10034,6359,outgoing,16
10034,6369,,5
10034,6388,,3
10034,6390,,6
10034,6392,,6
10034,6408,,4
10034,6424,outgoing,3
10034,6425,,3
10034,6463,outandin,3
10034,6465,,8
10034,6469,incoming,1
10034,6475,,6
10034,6503,,4
10034,6510,,1
10034,6536,,5
10034,6555,outgoing,2
10034,6662,,15
10034,6667,outandin,3
10034,6668,outgoing,5
10034,6681,,7
10034,6690,outgoing,9
10034,6692,,15
10034,6702,outgoing,1
10034,6706,,3
10034,6729,,10
10034,6736,incoming,25
10034,6765,outgoing,4
10034,6769,outandin,2
10034,6772,incoming,2
10034,6804,,7
10034,6826,outandin,1
10034,6830,outgoing,18
10034,6888,outandin,1
10034,6905,incoming,1
10034,6911,,6
10034,6964,outandin,1
10034,6972,incoming,3
10034,6984,,1
10034,6990,,34
10034,7010,,5
10034,7046,,5
10034,7075,,10
10034,7085,,2
10034,7096,,15
10034,7103,,15
10034,7132,,9
10034,7174,,5
10034,7213,,1
10034,7218,,10
10034,7222,outandin,2
10034,7234,incoming,2
10034,7240,,1
10034,7254,,8
10034,7269,,10
10034,7279,,5
10034,7288,,2
10034,7317,,3
10034,7331,,4
10034,7363,,13
10034,7389,outgoing,9
10034,7404,,13
10034,7411,outandin,1
10034,7444,outandin,1
10034,7445,,13
10034,7519,outandin,2
10034,7559,outandin,11
10034,7566,,8
10034,7591,outandin,4
10034,7608,,7
10034,7629,outandin,1
10034,7661,incoming,1
10034,7681,incoming,6
10034,7691,outgoing,4
10034,7692,incoming,3
10034,7694,,2
10034,7695,incoming,18
10034,7703,outandin,2
10034,7742,,10
10034,7772,incoming,4
10034,7774,,2
10034,7775,,5
10034,7781,,20
10034,7784,outandin,1
10034,7787,,8
10034,7790,,15
10034,7799,,7
10034,7803,,3
10034,7819,outgoing,7
10034,7834,incoming,5
10034,7836,,6
10034,7858,,54
10034,7900,outandin,2
10034,7911,outgoing,8
10034,7928,outandin,2
10034,7936,outandin,1
10034,7955,,28
10034,8022,,3
10034,8048,incoming,1
10034,8056,outandin,1
10034,8067,,15
10034,8076,incoming,1
10034,8116,outandin,1
10034,8167,,37
10034,8177,,7
10034,8183,,21
10034,8198,,10
10034,8211,outgoing,10
10034,8225,outandin,3
10034,8231,,5
10034,8264,incoming,2
10034,8350,outgoing,1
10034,8432,,5
10034,8438,outgoing,1
10034,8453,,6
10034,8477,outgoing,2
10034,8484,outandin,1
10034,8485,outgoing,2
10034,8520,incoming,13
10034,8539,outgoing,3
10034,8545,,10
10034,8591,incoming,16
10034,8606,outandin,1
10034,8613,outandin,1
10034,8616,outandin,21
10034,8626,outandin,1
10034,8636,incoming,2
10034,8646,incoming,11
10034,8660,outandin,4
10034,8664,incoming,4
10034,8666,incoming,29
10034,8708,outandin,1
10034,8716,incoming,8
10034,8739,incoming,7
10034,8747,incoming,4
10034,8791,incoming,1
10034,8819,incoming,2
10034,8862,outandin,1
10034,8917,outandin,1
10034,8942,outandin,1
10034,8945,outandin,3
10034,8963,outandin,8
10034,8967,outandin,1
10034,8971,incoming,3
10034,8976,incoming,14
10034,8977,incoming,11
10034,8984,incoming,10
10034,9018,outandin,1
10034,9060,incoming,6
10034,9080,incoming,5
10034,9095,incoming,9
10034,9191,incoming,15
10034,9200,incoming,3
10034,9209,incoming,1
10034,9211,incoming,1
10034,9221,incoming,3
10034,9231,incoming,7
10034,9271,incoming,10
10034,9273,incoming,3
10034,9281,incoming,1
10034,9348,incoming,4
10020,61,incoming,10
10020,75,outandin,3
10020,109,,1
10020,113,outandin,1
10020,144,outandin,3
10020,158,,3
10020,164,,3
10020,193,outgoing,1
10020,196,outandin,1
10020,201,,22
10020,242,incoming,9
10020,289,outandin,1
10020,292,,10
10020,320,,25
10020,333,outandin,1
10020,336,,60
10020,346,,13
10020,383,outgoing,1
10020,391,outandin,1
10020,406,outandin,1
10020,410,outgoing,1
10020,435,outandin,3
10020,472,outandin,1
10020,476,outgoing,1
10020,495,outandin,1
10020,500,outandin,1
10020,507,incoming,3
10020,518,outgoing,2
10020,523,outgoing,1
10020,541,outgoing,7
10020,543,,11
10020,545,outandin,1
10020,551,outandin,1
10020,599,outandin,1
10020,606,outgoing,14
10020,622,outandin,1
10020,646,,4
10020,659,,1
10020,679,,2
10020,687,outandin,1
10020,701,,1
10020,724,incoming,2
10020,729,,8
10020,737,outgoing,20
10020,747,outandin,4
10020,765,,4
10020,766,,15
10020,779,outgoing,2
10020,780,,28
10020,781,outandin,1
10020,796,,1
10020,800,outgoing,1
10020,842,incoming,1
10020,851,outgoing,3
10020,857,,5
10020,868,outandin,1
10020,884,,3
10020,898,outandin,1
10020,902,outgoing,14
10020,907,outandin,1
10020,922,incoming,6
10020,936,,3
10020,961,,6
10020,976,,17
10020,977,outandin,2
10020,996,outandin,1
10020,1022,outandin,1
10020,1038,outandin,8
10020,1060,outgoing,1
10020,1062,outgoing,1
10020,1096,incoming,1
10020,1100,,1
10020,1115,,3
10020,1152,,1
10020,1155,,5
10020,1156,outandin,2
10020,1172,,1
10020,1174,incoming,2
10020,1209,outandin,1
10020,1220,,11
10020,1238,,3
10020,1258,,17
10020,1260,outandin,1
10020,1286,outandin,1
10020,1313,,2
10020,1345,outgoing,1
10020,1355,,5
10020,1367,outandin,3
10020,1400,,2
10020,1422,,20
10020,1452,,9
10020,1468,outgoing,3
10020,1483,,16
10020,1494,incoming,2
10020,1517,incoming,7
10020,1526,incoming,2
10020,1528,,1
10020,1550,outgoing,1
10020,1560,outgoing,22
10020,1564,outandin,1
10020,1573,,19
10020,1605,outandin,2
10020,1652,outgoing,2
10020,1658,,6
10020,1661,outandin,5
10020,1721,,15
10020,1729,outgoing,1
10020,1731,outandin,1
10020,1736,,14
10020,1754,incoming,1
10020,1776,incoming,4
10020,1781,incoming,1
10020,1806,outandin,1
10020,1808,,15
10020,1825,,11
10020,1826,,2
10020,1831,outgoing,11
10020,1858,,6
10020,1878,outandin,1
10020,1895,outgoing,2
10020,1897,outandin,1
10020,1898,outandin,1
10020,1919,incoming,1
10020,2000,outgoing,2
10020,2004,,6
10020,2022,,10
10020,2024,,21
10020,2040,incoming,1
10020,2044,,12
10020,2046,outgoing,1
10020,2074,outandin,1
10020,2076,outgoing,2
10020,2107,,17
10020,2135,incoming,3
10020,2147,,9
10020,2159,outandin,1
10020,2162,,2
10020,2163,outgoing,2
10020,2210,outandin,1
10020,2214,,1
10020,2266,,7
10020,2267,incoming,1
10020,2289,outandin,3
10020,2307,outgoing,1
10020,2353,,11
10020,2355,,5
10020,2369,,2
10020,2380,outandin,1
10020,2381,outgoing,1
10020,2383,outandin,1
10020,2393,,10
10020,2404,outgoing,1
10020,2427,,7
10020,2428,outgoing,9
10020,2447,,7
10020,2468,outandin,1
10020,2492,,22
10020,2497,,10
10020,2498,,7
10020,2508,incoming,2
10020,2514,,89
10020,2516,outandin,1
10020,2533,incoming,1
10020,2564,,1
10020,2594,outandin,1
10020,2597,,5
10020,2601,,2
10020,2609,,7
10020,2612,,1
10020,2614,incoming,4
10020,2643,outandin,2
10020,2673,outgoing,1
10020,2694,incoming,6
10020,2699,outandin,5
10020,2703,,6
10020,2718,,1
10020,2728,,6
10020,2761,outgoing,16
10020,2768,outandin,2
10020,2788,,6
10020,2817,outandin,1
10020,2836,,16
10020,2869,outgoing,2
10020,2880,outandin,1
10020,2882,,2
10020,2885,outgoing,1
10020,2894,outgoing,6
10020,2902,outandin,1
10020,2913,incoming,1
10020,2923,,1
10020,2941,outgoing,1
10020,2955,outgoing,10
10020,2965,outandin,1
10020,2975,,3
10020,2996,outandin,1
10020,3012,,5
10020,3060,outgoing,1
10020,3070,outandin,1
10020,3114,,6
10020,3135,outgoing,7
10020,3137,,4
10020,3140,outgoing,1
10020,3146,,5
10020,3164,outandin,1
10020,3172,outgoing,1
10020,3209,outandin,1
10020,3242,,5
10020,3337,,1
10020,3342,outgoing,4
10020,3348,,3
10020,3361,outgoing,8
10020,3364,outandin,1
10020,3365,,10
10020,3367,,5
10020,3369,outandin,3
10020,3397,outandin,11
10020,3403,,6
10020,3406,outandin,1
10020,3434,,10
10020,3445,,22
10020,3448,incoming,1
10020,3454,outandin,1
10020,3496,,30
10020,3521,outandin,1
10020,3585,outandin,1
10020,3586,outandin,1
10020,3594,,9
10020,3610,,14
10020,3611,,3
10020,3612,outgoing,3
10020,3619,outandin,1
10020,3623,outgoing,1
10020,3631,,6
10020,3634,,23
10020,3659,,3
10020,3689,,14
10020,3694,,1
10020,3699,outandin,1
10020,3702,outandin,1
10020,3724,outandin,1
10020,3725,,1
10020,3755,incoming,6
10020,3757,,6
10020,3762,incoming,4
10020,3763,,4
10020,3781,outandin,1
10020,3783,outandin,2
10020,3792,outandin,1
10020,3795,incoming,1
10020,3858,outgoing,1
10020,3874,,1
10020,3932,,24
10020,3944,,1
10020,3947,,2
10020,3952,outandin,1
10020,3955,,23
10020,3963,,2
10020,3989,outgoing,1
10020,4004,incoming,1
10020,4005,,1
10020,4025,,3
10020,4031,,6
10020,4035,,2
10020,4109,incoming,1
10020,4121,,1
10020,4138,,3
10020,4203,incoming,1
10020,4246,incoming,2
10020,4270,incoming,1
10020,4285,,14
10020,4318,,14
10020,4338,outandin,3
10020,4396,outandin,3
10020,4404,,12
10020,4409,outandin,1
10020,4423,outandin,2
10020,4437,outandin,2
10020,4443,outandin,1
10020,4444,,1
10020,4452,outandin,2
10020,4481,outandin,5
10020,4484,outandin,2
10020,4528,,2
10020,4534,outgoing,1
10020,4578,outandin,2
10020,4583,outgoing,16
10020,4585,outandin,2
10020,4600,incoming,4
10020,4606,outandin,1
10020,4613,outandin,1
10020,4638,outgoing,1
10020,4646,,5
10020,4665,outandin,4
10020,4682,,2
10020,4683,outandin,1
10020,4686,,1
10020,4690,,3
10020,4695,,8
10020,4699,outandin,2
10020,4755,,6
10020,4771,,3
10020,4821,outandin,1
10020,4832,outandin,1
10020,4866,,3
10020,4876,,7
10020,4893,outandin,2
10020,4913,outgoing,1
10020,5008,,3
10020,5022,outgoing,1
10020,5044,,9
10020,5059,,11
10020,5073,outgoing,1
10020,5079,,3
10020,5150,outandin,1
10020,5197,,1
10020,5204,outandin,2
10020,5219,outgoing,1
10020,5277,,14
10020,5279,,8
10020,5282,outandin,1
10020,5289,,12
10020,5318,incoming,1
10020,5338,incoming,2
10020,5339,incoming,4
10020,5353,incoming,1
10020,5360,outandin,1
10020,5387,outandin,2
10020,5400,outandin,1
10020,5406,outgoing,1
10020,5444,,3
10020,5473,,1
10020,5492,,6
10020,5519,outandin,1
10020,5526,outandin,1
10020,5534,outgoing,3
10020,5569,,6
10020,5572,outandin,3
10020,5588,outgoing,3
10020,5590,outgoing,1
10020,5623,outandin,1
10020,5624,,8
10020,5628,incoming,11
10020,5638,outgoing,2
10020,5690,outgoing,4
10020,5729,,6
10020,5734,incoming,1
10020,5735,outandin,10
10020,5752,outgoing,2
10020,5790,outandin,1
10020,5794,outgoing,2
10020,5796,outandin,2
10020,5798,outandin,1
10020,5827,,2
10020,5833,outgoing,1
10020,5840,outandin,1
10020,5842,,14
10020,5860,outgoing,1
10020,5863,incoming,2
10020,5876,outandin,1
10020,5891,incoming,1
10020,5892,,2
10020,5908,outandin,1
10020,5914,outgoing,3
10020,5930,incoming,1
10020,5931,incoming,1
10020,5936,incoming,3
10020,5944,,1
10020,5974,,8
10020,5988,,19
10020,6001,,13
10020,6003,outandin,1
10020,6005,outandin,2
10020,6013,outandin,3
10020,6017,outandin,1
10020,6030,outgoing,2
10020,6033,outandin,1
10020,6057,incoming,1
10020,6092,incoming,3
10020,6099,outandin,1
10020,6101,outandin,1
10020,6104,,2
10020,6130,,9
10020,6167,outandin,1
10020,6188,outgoing,14
10020,6214,outandin,1
10020,6215,outgoing,2
10020,6216,outandin,1
10020,6220,outgoing,1
10020,6225,,5
10020,6242,outandin,1
10020,6247,,6
10020,6265,outandin,1
10020,6303,outgoing,1
10020,6312,outandin,2
10020,6365,,39
10020,6403,,8
10020,6415,,1
10020,6421,,1
10020,6424,outgoing,4
10020,6425,incoming,2
10020,6440,,9
10020,6458,outandin,2
10020,6485,incoming,1
10020,6487,,2
10020,6491,outandin,2
10020,6549,incoming,2
10020,6575,,9
10020,6577,,1
10020,6579,incoming,2
10020,6585,outgoing,2
10020,6671,outandin,1
10020,6690,,2
10020,6700,outandin,1
10020,6716,outandin,2
10020,6717,outgoing,9
10020,6743,outandin,1
10020,6760,,3
10020,6762,outandin,1
10020,6765,outgoing,16
10020,6769,outandin,1
10020,6772,,3
10020,6777,,1
10020,6794,,1
10020,6830,outgoing,3
10020,6833,outandin,1
10020,6843,incoming,1
10020,6844,,9
10020,6855,outandin,1
10020,6910,,1
10020,6953,outandin,1
10020,7006,outandin,2
10020,7045,outgoing,6
10020,7051,outgoing,7
10020,7052,outandin,2
10020,7057,outgoing,2
10020,7068,,2
10020,7074,outandin,1
10020,7080,incoming,1
10020,7114,outandin,1
10020,7118,,2
10020,7127,,12
10020,7129,outandin,1
10020,7135,,3
10020,7239,outgoing,1
10020,7247,incoming,1
10020,7269,outgoing,14
10020,7289,outandin,2
10020,7314,outandin,1
10020,7326,outandin,1
10020,7333,,14
10020,7354,outgoing,10
10020,7355,outgoing,1
10020,7376,incoming,3
10020,7393,outgoing,1
10020,7404,outandin,1
10020,7423,,6
10020,7434,,5
10020,7436,outgoing,2
10020,7444,outgoing,1
10020,7455,outandin,1
10020,7470,outandin,1
10020,7491,incoming,3
10020,7519,incoming,1
10020,7526,outgoing,4
10020,7539,outandin,1
10020,7583,outgoing,1
10020,7599,,6
10020,7609,outandin,1
10020,7619,outgoing,26
10020,7623,outgoing,1
10020,7630,outgoing,1
10020,7646,,1
10020,7657,incoming,2
10020,7668,,7
10020,7673,outandin,2
10020,7681,outandin,1
10020,7695,incoming,1
10020,7703,outandin,1
10020,7730,,4
10020,7732,,2
10020,7743,incoming,5
10020,7748,outgoing,4
10020,7776,outandin,2
10020,7792,,4
10020,7865,outandin,3
10020,7883,outgoing,2
10020,7891,outandin,10
10020,7941,,5
10020,7956,outandin,23
10020,7963,outandin,1
10020,7969,outgoing,2
10020,8031,outandin,1
10020,8034,outandin,1
10020,8067,outandin,2
10020,8076,outandin,1
10020,8103,incoming,1
10020,8135,incoming,1
10020,8167,outandin,1
10020,8174,incoming,5
10020,8181,,2
10020,8192,outandin,3
10020,8207,incoming,1
10020,8213,outandin,2
10020,8217,,2
10020,8256,incoming,1
10020,8289,,3
10020,8307,outandin,1
10020,8351,outandin,2
10020,8355,,3
10020,8370,incoming,3
10020,8371,incoming,1
10020,8391,outandin,3
10020,8394,,3
10020,8400,,2
10020,8441,,7
10020,8448,,3
10020,8457,outandin,1
10020,8460,outgoing,13
10020,8468,outandin,1
10020,8477,incoming,1
10020,8481,incoming,4
10020,8488,,4
10020,8495,outandin,1
10020,8519,incoming,5
10020,8585,outandin,2
10020,8586,outandin,2
10020,8594,incoming,2
10020,8595,outandin,1
10020,8597,outandin,6
10020,8603,incoming,7
10020,8613,incoming,1
10020,8641,incoming,2
10020,8643,outandin,1
10020,8666,outandin,1
10020,8667,outandin,2
10020,8673,incoming,6
10020,8677,incoming,9
10020,8683,outandin,4
10020,8708,outandin,3
10020,8738,incoming,7
10020,8744,outandin,3
10020,8748,outandin,2
10020,8761,incoming,3
10020,8764,outandin,1
10020,8775,outandin,3
10020,8777,incoming,1
10020,8779,incoming,2
10020,8798,incoming,2
10020,8813,incoming,1
10020,8815,outandin,1
10020,8818,incoming,1
10020,8823,outandin,1
10020,8828,incoming,1
10020,8848,incoming,2
10020,8855,outandin,1
10020,8881,incoming,2
10020,8886,incoming,2
10020,8893,incoming,4
10020,8921,outandin,1
10020,8929,incoming,1
10020,8945,incoming,8
10020,8956,incoming,24
10020,8964,outandin,1
10020,8967,outandin,15
10020,8971,outandin,1
10020,8984,incoming,1
10020,8989,outandin,2
10020,9002,outandin,4
10020,9022,incoming,11
10020,9061,incoming,3
10020,9065,outandin,1
10020,9070,incoming,18
10020,9075,outandin,1
10020,9098,outandin,1
10020,9100,incoming,6
10020,9108,incoming,2
10020,9111,incoming,2
10020,9113,incoming,4
10020,9159,incoming,6
10020,9160,outandin,2
10020,9173,incoming,1
10020,9191,incoming,1
10020,9200,incoming,1
10020,9204,outandin,1
10020,9214,outandin,1
10020,9225,outandin,3
10020,9226,incoming,32
10020,9291,incoming,2
10020,9294,incoming,3
10020,9353,outandin,1
10047,72,,5
10047,96,,7
10047,199,,26
10047,213,,16
10047,224,,9
10047,235,,23
10047,278,outgoing,26
10047,286,,6
10047,355,,11
10047,362,,8
10047,422,,1
10047,467,,8
10047,505,,10
10047,529,,4
10047,670,,5
10047,804,,17
10047,1059,outandin,4
10047,1112,,6
10047,1168,incoming,6
10047,1191,,7
10047,1208,,7
10047,1247,,12
10047,1275,,3
10047,1283,,4
10047,1294,incoming,4
10047,1321,,11
10047,1324,outgoing,4
10047,1362,,6
10047,1410,,30
10047,1450,,17
10047,1503,,5
10047,1558,,28
10047,1641,,41
10047,1660,,22
10047,1732,,16
10047,1742,,14
10047,1821,,9
10047,2217,,4
10047,2225,,4
10047,2358,,8
10047,2363,outgoing,3
10047,2756,,2
10047,2830,,8
10047,3010,incoming,2
10047,3042,,6
10047,3129,,7
10047,3189,,12
10047,3329,incoming,1
10047,3355,,5
10047,3654,,6
10047,3655,,15
10047,3799,,6
10047,3811,,15
10047,3999,outgoing,2
10047,4015,,6
10047,4058,,2
10047,4059,,3
10047,4084,,9
10047,4106,,2
10047,4147,,16
10047,4262,outgoing,5
10047,4277,,3
10047,4282,incoming,11
10047,4492,,8
10047,4547,,8
10047,4549,,5
10047,4596,,15
10047,4679,,7
10047,4697,,12
10047,4799,,2
10047,4810,outandin,7
10047,4824,,6
10047,4835,,1
10047,4868,incoming,7
10047,4877,,5
10047,4927,,2
10047,4980,,13
10047,5015,incoming,6
10047,5019,incoming,6
10047,5024,,1
10047,5127,incoming,5
10047,5187,,2
10047,5245,outgoing,6
10047,5267,incoming,6
10047,5674,,7
10047,5700,,12
10047,5721,,8
10047,5838,outandin,1
10047,6115,,4
10047,6153,,13
10047,6364,,18
10047,6452,outgoing,14
10047,6455,,18
10047,6529,,13
10047,6726,,8
10047,6749,,13
10047,6770,,4
10047,6776,outgoing,3
10047,6812,,17
10047,6839,,10
10047,6853,,15
10047,6871,incoming,3
10047,7058,outgoing,2
10047,7108,outgoing,15
10047,7125,,16
10047,7191,,5
10047,7223,,6
10047,7267,,6
10047,7270,,4
10047,7375,,33
10047,7396,,1
10047,7424,outandin,1
10047,7431,outandin,2
10047,7467,,12
10047,7562,,2
10047,7572,,25
10047,7603,,5
10047,7616,,31
10047,7643,incoming,4
10047,7654,,12
10047,7660,,6
10047,7669,,14
10047,7705,,1
10047,7824,incoming,5
10047,7830,incoming,3
10047,7866,outgoing,3
10047,7970,incoming,8
10047,7987,,4
10047,8028,,9
10047,8033,,6
10047,8081,,23
10047,8146,,22
10047,8164,,10
10047,8242,,9
10047,8293,,5
10047,8298,,9
10047,8417,outgoing,3
10047,8463,,29
10047,8513,,8
10047,8547,,11
10047,8556,outgoing,2
10047,8574,incoming,17
10047,8590,incoming,26
10047,8638,outandin,8
10047,8662,outandin,3
10047,8722,incoming,6
10047,8731,incoming,7
10047,8792,outandin,4
10047,8801,incoming,3
10047,8802,incoming,17
10047,8820,incoming,29
10047,8827,incoming,8
10047,8854,outandin,1
10047,8856,incoming,3
10047,8885,incoming,8
10047,8978,incoming,20
10047,9001,incoming,4
10047,9004,incoming,6
10047,9013,incoming,7
10047,9030,outandin,10
10047,9037,incoming,12
10047,9041,incoming,6
10047,9043,incoming,6
10047,9056,incoming,8
10047,9083,incoming,23
10047,9101,incoming,29
10047,9126,incoming,5
10047,9131,incoming,19
10047,9164,incoming,3
10047,9165,incoming,3
10047,9179,incoming,5
10047,9187,incoming,2
10047,9235,incoming,21
10047,9236,outandin,1
10047,9238,incoming,10
10047,9298,incoming,8
10047,9333,incoming,2
10011,13,,16
10011,19,,9
10011,42,,94
10011,147,outgoing,13
10011,149,,13
10011,159,,59
10011,179,,15
10011,218,outgoing,19
10011,220,incoming,1
10011,255,,7
10011,272,outgoing,9
10011,275,,57
10011,304,,24
10011,323,,2
10011,370,,61
10011,386,,9
10011,474,,18
10011,486,outgoing,34
10011,501,,5
10011,507,outandin,1
10011,510,,21
10011,533,,7
10011,553,,28
10011,561,,28
10011,564,,50
10011,579,outgoing,3
10011,647,outgoing,1
10011,682,outandin,2
10011,715,,13
10011,726,outandin,1
10011,733,,21
10011,748,outgoing,4
10011,756,,44
10011,774,,20
10011,803,,29
10011,825,,12
10011,856,,2
10011,885,,27
10011,886,,14
10011,910,,12
10011,937,,38
10011,942,outgoing,6
10011,949,,4
10011,1008,,11
10011,1017,,3
10011,1034,,25
10011,1107,,18
10011,1120,,13
10011,1173,outgoing,49
10011,1232,,6
10011,1240,,3
10011,1311,,2
10011,1336,,10
10011,1384,,16
10011,1504,,13
10011,1535,,5
10011,1555,,38
10011,1565,,7
10011,1632,,13
10011,1664,,17
10011,1771,,16
10011,1776,,17
10011,1798,,35
10011,1815,,9
10011,2000,outandin,1
10011,2062,,13
10011,2242,,2
10011,2273,,5
10011,2326,,5
10011,2347,,41
10011,2366,,5
10011,2469,,7
10011,2669,,10
10011,2810,outandin,1
10011,2917,,9
10011,3098,,7
10011,3107,,15
10011,3253,,17
10011,3292,,5
10011,3391,,15
10011,3400,,3
10011,3458,outandin,1
10011,3475,,10
10011,3483,incoming,8
10011,3540,outandin,1
10011,3606,,16
10011,3660,,25
10011,3721,,14
10011,3780,,6
10011,3851,,28
10011,3887,,79
10011,3984,,16
10011,4046,,2
10011,4047,outandin,1
10011,4141,,12
10011,4151,,18
10011,4152,,6
10011,4211,,17
10011,4230,,11
10011,4333,,8
10011,4418,,48
10011,4466,,8
10011,4495,,12
10011,4546,,7
10011,4578,outandin,1
10011,4600,outandin,2
10011,4617,,9
10011,4651,,21
10011,4700,,13
10011,4885,,34
10011,4998,,23
10011,5023,,5
10011,5051,,8
10011,5056,,4
10011,5087,,9
10011,5293,,3
10011,5325,,1
10011,5424,,5
10011,5452,,3
10011,5567,,3
10011,5851,outgoing,11
10011,5855,outgoing,1
10011,5938,,17
10011,5955,,6
10011,6293,,21
10011,6299,,5
10011,6561,,27
10011,6571,,9
10011,6690,outandin,2
10011,6735,outandin,1
10011,6801,,3
10011,6803,,6
10011,6805,outgoing,5
10011,6877,,2
10011,6880,outandin,1
10011,6934,,15
10011,7246,,16
10011,7259,,3
10011,7330,,8
10011,7435,outandin,1
10011,7508,,5
10011,7520,,5
10011,7526,outgoing,2
10011,7531,,8
10011,7535,,25
10011,7560,incoming,1
10011,7686,incoming,2
10011,7829,,1
10011,7832,incoming,1
10011,8053,,6
10011,8263,incoming,1
10011,8274,,26
10011,8325,incoming,7
10011,8328,outandin,1
10011,8369,outandin,7
10011,8409,incoming,4
10011,8449,outgoing,18
10011,8580,outandin,1
10011,8672,incoming,6
10011,8721,incoming,48
10011,8777,outandin,1
10011,8859,incoming,15
10011,8882,incoming,2
10011,8921,incoming,2
10011,8982,incoming,9
10011,8997,outandin,5
10011,9007,incoming,1
10011,9052,outandin,1
10011,9102,incoming,11
10011,9128,incoming,5
10071,117,,7
10071,259,,8
10071,268,,9
10071,273,,10
10071,299,,11
10071,311,,167
10071,364,,6
10071,383,,1
10071,483,outandin,1
10071,519,,5
10071,614,,16
10071,624,,3
10071,693,,8
10071,719,outgoing,4
10071,750,,11
10071,909,,13
10071,918,,9
10071,963,,5
10071,971,,7
10071,975,,4
10071,1019,,20
10071,1046,,11
10071,1224,,1
10071,1231,,9
10071,1254,,4
10071,1480,incoming,9
10071,1868,,4
10071,1891,,6
10071,1983,,33
10071,2017,,8
10071,2181,,9
10071,2187,,22
10071,2189,,7
10071,2227,,5
10071,2290,,5
10071,2309,,7
10071,2379,,8
10071,2443,,7
10071,2491,,4
10071,2505,outandin,1
10071,2554,,7
10071,2578,,3
10071,2584,,3
10071,2631,,20
10071,2646,,1
10071,2698,,6
10071,2774,,10
10071,2890,,2
10071,2960,,3
10071,2967,,1
10071,3008,,16
10071,3158,,5
10071,3185,,11
10071,3192,,3
10071,3194,,8
10071,3204,,13
10071,3233,,12
10071,3241,,18
10071,3388,outgoing,3
10071,3409,,11
10071,3449,,5
10071,3487,,8
10071,3562,,12
10071,3617,outgoing,3
10071,3721,outgoing,1
10071,3729,,10
10071,3767,,8
10071,3794,,2
10071,3816,,4
10071,3905,outgoing,7
10071,3934,,11
10071,3969,,4
10071,4144,,15
10071,4180,,32
10071,4224,,13
10071,4300,,11
10071,4320,,9
10071,4370,,9
10071,4391,incoming,4
10071,4399,,14
10071,4403,,14
10071,4420,,9
10071,4475,,6
10071,4478,,8
10071,4489,,16
10071,4494,,8
10071,4504,,12
10071,4562,,12
10071,4572,,24
10071,4588,outgoing,4
10071,4590,,18
10071,4598,,7
10071,4610,,1
10071,4612,,7
10071,4662,,9
10071,4670,,4
10071,4672,,10
10071,4713,,7
10071,4795,,4
10071,4804,,11
10071,5034,outandin,1
10071,5119,,12
10071,5144,,3
10071,5196,,7
10071,5323,,2
10071,5329,,8
10071,5383,,6
10071,5405,,7
10071,5418,,18
10071,5462,,16
10071,5538,,3
10071,5543,,6
10071,5598,,1
10071,5622,outandin,1
10071,5692,,15
10071,5697,,8
10071,5786,,2
10071,5894,,4
10071,5911,,11
10071,6131,,12
10071,6148,,9
10071,6262,,1
10071,6379,,5
10071,6437,,9
10071,6439,,4
10071,6530,,3
10071,6628,,6
10071,6652,,6
10071,6660,,17
10071,6887,,6
10071,6999,,11
10071,7004,,9
10071,7252,,9
10071,7297,,16
10071,7321,,7
10071,7388,incoming,3
10071,7480,incoming,3
10071,7489,,3
10071,7590,,7
10071,7623,,1
10071,7700,,16
10071,7752,,10
10071,7761,outandin,1
10071,7770,,5
10071,7884,,11
10071,7957,,6
10071,7981,,18
10071,8061,,9
10071,8128,,11
10071,8339,,12
10071,8397,,8
10071,8399,,9
10071,8429,,7
10071,8434,,7
10071,8794,outandin,1
10071,9124,incoming,2
10071,9143,incoming,2
10006,7,,7
10006,28,outgoing,1
10006,48,outgoing,8
10006,61,incoming,3
10006,101,,14
10006,114,,16
10006,126,,6
10006,145,,32
10006,190,,38
10006,314,incoming,5
10006,372,,2
10006,410,,3
10006,414,,1
10006,418,,19
10006,491,,6
10006,594,outgoing,3
10006,611,,1
10006,646,outandin,2
10006,781,,1
10006,790,,3
10006,870,incoming,1
10006,887,,32
10006,892,,50
10006,903,,9
10006,938,,21
10006,956,,84
10006,968,,10
10006,1054,,14
10006,1084,,5
10006,1099,,6
10006,1188,,47
10006,1204,,15
10006,1206,,1
10006,1209,,8
10006,1274,,5
10006,1338,outgoing,12
10006,1399,,15
10006,1455,,5
10006,1494,,1
10006,1603,incoming,5
10006,1648,outgoing,32
10006,1674,,1
10006,1680,,7
10006,1728,,30
10006,1776,incoming,2
10006,1825,incoming,3
10006,1867,,2
10006,1913,outgoing,2
10006,1941,,12
10006,1973,outandin,1
10006,1974,,11
10006,1996,outgoing,1
10006,2042,outgoing,19
10006,2115,,3
10006,2158,outandin,1
10006,2383,outandin,1
10006,2516,incoming,3
10006,2537,incoming,1
10006,2544,incoming,2
10006,2735,outgoing,1
10006,2851,,1
10006,2856,,8
10006,2922,,3
10006,3051,incoming,1
10006,3063,,1
10006,3090,,4
10006,3103,outgoing,1
10006,3197,,3
10006,3230,,44
10006,3393,outandin,1
10006,3456,incoming,2
10006,3570,,13
10006,3620,,4
10006,3658,outandin,2
10006,3677,outandin,1
10006,3681,outandin,1
10006,3785,,8
10006,3857,,9
10006,3861,,5
10006,3865,,10
10006,4036,,2
10006,4041,outandin,5
10006,4176,incoming,10
10006,4241,,17
10006,4245,,3
10006,4346,,3
10006,4347,incoming,2
10006,4440,,6
10006,4477,,3
10006,4508,,11
10006,4518,incoming,8
10006,4543,outgoing,3
10006,4626,,8
10006,4632,,37
10006,4668,outgoing,1
10006,4715,outandin,3
10006,4836,,17
10006,4871,incoming,8
10006,4874,,13
10006,4907,,13
10006,4957,outgoing,15
10006,4991,outgoing,31
10006,5029,outgoing,1
10006,5237,outandin,2
10006,5284,,1
10006,5342,,22
10006,5385,,37
10006,5392,outandin,1
10006,5401,,25
10006,5441,outandin,2
10006,5556,outandin,1
10006,5575,,14
10006,5588,outandin,5
10006,5639,,7
10006,5663,,5
10006,5683,outgoing,1
10006,5784,,3
10006,5904,outandin,3
10006,5933,outandin,1
10006,6006,outandin,1
10006,6017,,5
10006,6029,outandin,1
10006,6042,,15
10006,6051,incoming,2
10006,6056,,3
10006,6064,outgoing,5
10006,6101,,2
10006,6122,,18
10006,6183,,34
10006,6199,,21
10006,6244,,14
10006,6292,,12
10006,6301,,11
10006,6312,,9
10006,6322,outandin,1
10006,6341,incoming,1
10006,6383,outgoing,1
10006,6420,,6
10006,6478,incoming,1
10006,6495,outandin,2
10006,6552,,3
10006,6604,incoming,3
10006,6608,incoming,1
10006,6659,,6
10006,6698,incoming,1
10006,6708,,13
10006,6778,outgoing,1
10006,6888,outandin,1
10006,6923,,7
10006,6955,,2
10006,6964,,2
10006,7100,,16
10006,7134,,1
10006,7145,,4
10006,7213,,3
10006,7324,outandin,3
10006,7334,,2
10006,7383,incoming,1
10006,7411,outandin,1
10006,7421,,3
10006,7456,,9
10006,7459,outgoing,1
10006,7498,incoming,4
10006,7519,,11
10006,7554,,6
10006,7606,,1
10006,7655,outandin,2
10006,7661,incoming,2
10006,7668,outandin,2
10006,7685,incoming,5
10006,7730,outgoing,2
10006,7868,outandin,1
10006,7881,outandin,1
10006,7951,incoming,1
10006,7963,outandin,2
10006,7982,,22
10006,8004,incoming,4
10006,8006,outgoing,7
10006,8007,,5
10006,8014,,2
10006,8041,outandin,1
10006,8056,,27
10006,8113,outgoing,6
10006,8122,outgoing,3
10006,8143,outandin,1
10006,8160,outgoing,21
10006,8186,,9
10006,8205,,1
10006,8262,outandin,4
10006,8332,outandin,2
10006,8335,,6
10006,8391,outandin,1
10006,8401,incoming,3
10006,8471,outandin,2
10006,8495,incoming,6
10006,8514,,10
10006,8558,,13
10006,8568,outandin,2
10006,8571,incoming,7
10006,8606,incoming,14
10006,8630,incoming,5
10006,8660,incoming,3
10006,8708,outandin,2
10006,8728,outandin,1
10006,8818,incoming,6
10006,8819,incoming,6
10006,8830,incoming,6
10006,8843,incoming,6
10006,8846,outandin,1
10006,8945,incoming,1
10006,8988,incoming,1
10006,9135,incoming,4
10006,9234,incoming,8
10006,9279,incoming,4
10006,9316,incoming,2
10006,9346,incoming,1
10073,85,outandin,1
10073,87,outandin,1
10073,120,,572
10073,123,outandin,2
10073,135,,12
10073,161,outandin,1
10073,196,incoming,3
10073,208,outgoing,2
10073,242,,18
10073,270,,1
10073,296,,6
10073,308,,63
10073,328,outandin,1
10073,345,,2
10073,365,,70
10073,410,outandin,1
10073,435,outandin,6
10073,477,,7
10073,483,outandin,1
10073,491,outgoing,2
10073,507,outandin,1
10073,545,outandin,1
10073,577,outandin,14
10073,585,outandin,1
10073,587,outandin,2
10073,687,outgoing,1
10073,705,outandin,2
10073,725,outandin,1
10073,764,outandin,1
10073,813,incoming,1
10073,851,outgoing,5
10073,855,outandin,1
10073,891,outandin,1
10073,898,outgoing,1
10073,900,,1
10073,922,outandin,5
10073,924,incoming,6
10073,936,outandin,1
10073,976,outandin,1
10073,977,outandin,1
10073,1006,outandin,1
10073,1014,outgoing,8
10073,1021,outgoing,2
10073,1022,outandin,1
10073,1031,outgoing,3
10073,1038,outandin,1
10073,1044,outandin,1
10073,1060,outgoing,11
10073,1067,incoming,2
10073,1081,incoming,2
10073,1097,outandin,1
10073,1144,outandin,1
10073,1146,outgoing,2
10073,1152,,1
10073,1183,,3
10073,1219,,1
10073,1238,,32
10073,1239,outandin,1
10073,1313,outandin,1
10073,1345,incoming,2
10073,1409,,2
10073,1468,,5
10073,1474,incoming,1
10073,1524,outgoing,1
10073,1576,,88
10073,1598,outandin,2
10073,1633,outandin,1
10073,1645,,3
10073,1670,,36
10073,1682,outandin,1
10073,1729,outgoing,2
10073,1776,incoming,2
10073,1777,,1
10073,1781,incoming,6
10073,1806,outandin,2
10073,1826,,2
10073,1895,outandin,2
10073,1911,,5
10073,1919,incoming,2
10073,1949,outgoing,7
10073,1996,incoming,1
10073,2006,,2
10073,2014,outandin,1
10073,2018,,26
10073,2053,outgoing,1
10073,2088,incoming,6
10073,2134,outgoing,14
10073,2159,incoming,1
10073,2163,outgoing,3
10073,2237,,1
10073,2247,outandin,1
10073,2257,outgoing,1
10073,2261,outgoing,1
10073,2285,incoming,3
10073,2306,outandin,4
10073,2321,outgoing,1
10073,2339,outandin,2
10073,2351,outandin,1
10073,2355,outandin,1
10073,2380,outgoing,5
10073,2383,outandin,3
10073,2393,outgoing,1
10073,2412,,6
10073,2479,outgoing,2
10073,2503,outgoing,1
10073,2524,outandin,1
10073,2536,outgoing,4
10073,2563,outgoing,1
10073,2594,outandin,2
10073,2595,incoming,1
10073,2607,outandin,2
10073,2612,,1
10073,2623,outandin,1
10073,2625,,11
10073,2659,outandin,1
10073,2667,,4
10073,2681,,2
10073,2694,outandin,2
10073,2718,incoming,1
10073,2734,outandin,1
10073,2766,outgoing,2
10073,2799,outandin,1
10073,2833,outandin,2
10073,2845,outandin,1
10073,2858,,15
10073,2861,,2
10073,2869,outandin,1
10073,2881,outgoing,2
10073,2884,outgoing,1
10073,2894,outandin,2
10073,2913,outgoing,1
10073,2959,outandin,4
10073,3017,incoming,2
10073,3078,outandin,4
10073,3082,,11
10073,3126,incoming,3
10073,3127,outgoing,1
10073,3138,outandin,7
10073,3169,incoming,1
10073,3188,outandin,1
10073,3202,outandin,2
10073,3242,outandin,1
10073,3254,outandin,2
10073,3287,incoming,1
10073,3341,outandin,1
10073,3342,incoming,1
10073,3353,,2
10073,3370,outgoing,1
10073,3462,outandin,1
10073,3501,outandin,1
10073,3621,incoming,1
10073,3662,outandin,1
10073,3682,incoming,2
10073,3711,,2
10073,3722,incoming,2
10073,3774,outgoing,1
10073,3788,outandin,2
10073,3839,outgoing,1
10073,3848,outgoing,7
10073,3858,outandin,1
10073,3860,outandin,2
10073,3874,incoming,1
10073,3877,incoming,1
10073,3911,incoming,1
10073,3944,,1
10073,3947,outandin,1
10073,3972,outandin,1
10073,3989,outgoing,7
10073,4078,outandin,1
10073,4179,outandin,3
10073,4181,outandin,2
10073,4194,outgoing,1
10073,4221,,29
10073,4256,outandin,1
10073,4293,outandin,4
10073,4325,outandin,1
10073,4330,outandin,4
10073,4377,outandin,1
10073,4395,,1
10073,4396,outandin,1
10073,4423,outgoing,1
10073,4544,,2
10073,4555,outandin,1
10073,4585,outandin,1
10073,4690,outandin,1
10073,4696,outgoing,1
10073,4699,outandin,2
10073,4706,,3
10073,4739,outandin,2
10073,4749,outandin,1
10073,4759,outandin,1
10073,4760,outgoing,3
10073,4768,,5
10073,4788,incoming,1
10073,4838,outandin,1
10073,4846,,4
10073,4866,incoming,6
10073,4876,,1
10073,4881,outandin,1
10073,4883,,2
10073,4895,outgoing,2
10073,4937,outandin,1
10073,4967,outgoing,1
10073,4982,,4
10073,5004,incoming,1
10073,5044,,4
10073,5064,outandin,4
10073,5073,outandin,1
10073,5106,outandin,1
10073,5107,outandin,2
10073,5142,outandin,1
10073,5143,outgoing,2
10073,5158,outandin,1
10073,5186,,5
10073,5195,outandin,2
10073,5204,outandin,4
10073,5206,,1
10073,5214,incoming,2
10073,5218,incoming,5
10073,5237,outandin,1
10073,5319,outandin,1
10073,5339,incoming,2
10073,5360,outandin,2
10073,5452,,4
10073,5468,,2
10073,5477,,1
10073,5494,outandin,1
10073,5506,,3
10073,5519,outandin,1
10073,5535,outgoing,6
10073,5539,outandin,2
10073,5613,outandin,2
10073,5630,,1
10073,5640,,1
10073,5668,incoming,3
10073,5729,outgoing,6
10073,5731,incoming,7
10073,5743,incoming,2
10073,5752,incoming,3
10073,5790,outandin,1
10073,5794,,1
10073,5798,outgoing,4
10073,5799,outandin,1
10073,5832,,1
10073,5860,,3
10073,5888,outandin,3
10073,5900,,2
10073,5902,outandin,1
10073,5903,outandin,2
10073,5977,outandin,3
10073,6089,outgoing,1
10073,6092,outandin,1
10073,6116,outandin,1
10073,6132,incoming,1
10073,6188,outgoing,1
10073,6220,outandin,3
10073,6248,incoming,3
10073,6262,outandin,1
10073,6266,,5
10073,6268,incoming,3
10073,6271,outgoing,1
10073,6293,outandin,1
10073,6299,outandin,1
10073,6318,,3
10073,6403,incoming,1
10073,6422,,1
10073,6424,outgoing,1
10073,6433,outandin,1
10073,6446,,4
10073,6448,outandin,1
10073,6457,outandin,2
10073,6458,,8
10073,6463,incoming,1
10073,6485,incoming,3
10073,6527,,1
10073,6555,outandin,1
10073,6579,,2
10073,6582,outgoing,2
10073,6585,outandin,3
10073,6594,outandin,1
10073,6595,outgoing,1
10073,6628,outandin,1
10073,6667,outgoing,1
10073,6669,outandin,2
10073,6703,outandin,1
10073,6717,outandin,1
10073,6733,,2
10073,6742,outandin,3
10073,6756,outgoing,2
10073,6760,,2
10073,6811,,4
10073,6865,,2
10073,6872,outandin,1
10073,6898,,8
10073,7052,,15
10073,7057,outgoing,7
10073,7066,outandin,2
10073,7068,outandin,2
10073,7074,outandin,2
10073,7114,outandin,1
10073,7135,outandin,3
10073,7160,outgoing,1
10073,7169,,1
10073,7176,outgoing,2
10073,7247,,4
10073,7263,outgoing,2
10073,7269,outgoing,2
10073,7289,,4
10073,7342,outgoing,1
10073,7355,,2
10073,7385,,7
10073,7388,outandin,10
10073,7389,outandin,1
10073,7393,outgoing,3
10073,7405,outandin,2
10073,7453,outgoing,1
10073,7464,outandin,1
10073,7470,incoming,5
10073,7479,incoming,1
10073,7482,,3
10073,7498,incoming,2
10073,7512,outandin,1
10073,7516,,7
10073,7521,incoming,2
10073,7538,outandin,1
10073,7581,,9
10073,7609,outandin,1
10073,7623,outandin,1
10073,7641,outandin,2
10073,7681,outandin,1
10073,7695,incoming,1
10073,7741,outandin,1
10073,7746,outandin,2
10073,7758,outandin,2
10073,7762,outandin,2
10073,7792,,1
10073,7794,,3
10073,7839,outandin,3
10073,7865,outgoing,7
10073,7910,outandin,4
10073,7911,outandin,2
10073,7926,incoming,2
10073,7963,outgoing,1
10073,7969,,1
10073,7971,outgoing,6
10073,8012,,46
10073,8021,outgoing,3
10073,8025,outandin,1
10073,8041,outandin,1
10073,8057,outandin,1
10073,8067,outandin,3
10073,8074,,8
10073,8103,incoming,2
10073,8132,outandin,1
10073,8171,incoming,2
10073,8174,outandin,1
10073,8198,outandin,1
10073,8206,outandin,1
10073,8207,outandin,1
10073,8233,incoming,2
10073,8332,outandin,4
10073,8333,,13
10073,8334,outandin,1
10073,8351,outandin,5
10073,8355,outandin,3
10073,8359,,7
10073,8360,outandin,2
10073,8364,outgoing,18
10073,8371,,16
10073,8379,outandin,1
10073,8382,outandin,1
10073,8391,,4
10073,8394,outgoing,3
10073,8401,outandin,1
10073,8408,outandin,1
10073,8414,outandin,1
10073,8433,incoming,5
10073,8436,outandin,1
10073,8441,outgoing,2
10073,8457,outandin,11
10073,8468,outandin,4
10073,8471,outandin,4
10073,8473,outandin,1
10073,8484,incoming,4
10073,8488,incoming,7
10073,8496,outandin,2
10073,8498,incoming,9
10073,8569,outandin,1
10073,8586,incoming,2
10073,8603,outandin,1
10073,8613,outandin,11
10073,8622,incoming,1
10073,8641,incoming,6
10073,8643,outandin,3
10073,8656,incoming,1
10073,8660,outandin,3
10073,8667,outandin,2
10073,8669,incoming,30
10073,8677,outandin,4
10073,8683,outandin,4
10073,8687,outandin,1
10073,8694,outandin,1
10073,8724,incoming,11
10073,8744,outandin,2
10073,8745,outandin,7
10073,8748,outandin,3
10073,8752,incoming,10
10073,8759,outandin,1
10073,8761,incoming,4
10073,8762,incoming,11
10073,8767,outandin,1
10073,8776,outandin,2
10073,8777,incoming,3
10073,8779,incoming,5
10073,8798,incoming,3
10073,8803,outandin,1
10073,8813,outandin,1
10073,8814,outandin,2
10073,8815,outandin,1
10073,8826,outandin,1
10073,8846,outandin,2
10073,8848,outandin,11
10073,8861,outandin,1
10073,8862,incoming,2
10073,8881,incoming,8
10073,8884,outandin,15
10073,8893,outandin,4
10073,8895,incoming,1
10073,8929,outandin,1
10073,8945,outandin,1
10073,8953,incoming,1
10073,8964,outandin,2
10073,8965,incoming,8
10073,8967,outandin,1
10073,8977,incoming,2
10073,9032,incoming,4
10073,9042,outandin,3
10073,9061,incoming,4
10073,9065,outandin,10
10073,9077,incoming,6
10073,9098,outandin,1
10073,9118,incoming,1
10073,9137,outandin,1
10073,9159,incoming,1
10073,9160,outandin,8
10073,9169,incoming,1
10073,9172,incoming,5
10073,9184,incoming,1
10073,9222,outandin,1
10073,9245,outandin,1
10073,9247,outandin,1
10073,9262,incoming,4
10073,9268,incoming,1
10073,9299,incoming,1
10073,9302,incoming,1
10073,9331,incoming,2
10073,9334,outandin,2
10073,9346,incoming,2
10073,9355,incoming,1
10039,22,outgoing,2
10039,51,outandin,2
10039,61,incoming,1
10039,63,,5
10039,75,,3
10039,85,,1
10039,90,outandin,2
10039,115,,44
10039,129,,298
10039,135,incoming,16
10039,158,,3
10039,164,,1
10039,170,,5
10039,177,outgoing,1
10039,196,outgoing,15
10039,198,,2
10039,242,outgoing,4
10039,249,incoming,3
10039,264,outgoing,1
10039,274,,1
10039,314,,4
10039,375,incoming,1
10039,410,,9
10039,515,incoming,2
10039,522,,6
10039,530,,29
10039,587,outgoing,1
10039,594,,6
10039,634,incoming,29
10039,747,outandin,1
10039,765,,4
10039,772,,20
10039,778,,1
10039,781,,5
10039,832,,36
10039,834,,4
10039,842,outandin,2
10039,906,,1
10039,914,,6
10039,922,incoming,1
10039,947,,5
10039,965,outandin,7
10039,983,incoming,3
10039,988,outandin,10
10039,1001,outgoing,1
10039,1037,,3
10039,1060,outgoing,11
10039,1070,,35
10039,1148,,6
10039,1172,,10
10039,1188,outandin,1
10039,1236,,49
10039,1238,outgoing,1
10039,1252,,10
10039,1276,,5
10039,1281,incoming,2
10039,1290,,1
10039,1291,,42
10039,1347,incoming,1
10039,1374,,9
10039,1381,,1
10039,1400,,3
10039,1424,outgoing,1
10039,1427,,6
10039,1444,outandin,3
10039,1468,outandin,3
10039,1496,outandin,1
10039,1526,,8
10039,1539,,18
10039,1634,,19
10039,1647,,4
10039,1683,,36
10039,1717,outandin,1
10039,1750,,1
10039,1754,,2
10039,1763,,5
10039,1785,incoming,1
10039,1803,,9
10039,1814,,50
10039,1878,,25
10039,1916,,7
10039,1968,,15
10039,1997,outgoing,1
10039,2075,,7
10039,2077,,9
10039,2079,,1
10039,2099,,38
10039,2109,,11
10039,2135,incoming,2
10039,2191,outandin,1
10039,2195,outandin,1
10039,2223,,1
10039,2236,outandin,2
10039,2328,outandin,2
10039,2368,outgoing,6
10039,2376,outgoing,4
10039,2388,outandin,1
10039,2410,outandin,1
10039,2446,,11
10039,2457,,18
10039,2500,,1
10039,2504,,2
10039,2530,incoming,1
10039,2537,,4
10039,2541,outgoing,3
10039,2555,,8
10039,2561,,53
10039,2601,,5
10039,2655,incoming,5
10039,2670,outandin,1
10039,2699,,3
10039,2706,,24
10039,2723,outandin,2
10039,2734,,1
10039,2744,,3
10039,2765,outandin,2
10039,2785,,1
10039,2795,,2
10039,2802,,8
10039,2809,,5
10039,2810,outandin,1
10039,2817,outandin,1
10039,2845,incoming,4
10039,2858,outandin,1
10039,2865,,15
10039,2874,,10
10039,2885,outandin,1
10039,2902,outandin,1
10039,2913,,30
10039,2945,,13
10039,2964,,1
10039,2985,outandin,1
10039,2998,outandin,1
10039,3063,,5
10039,3089,outandin,2
10039,3122,,5
10039,3138,outandin,1
10039,3169,outandin,1
10039,3184,outgoing,16
10039,3190,,6
10039,3197,,7
10039,3219,,6
10039,3246,outandin,1
10039,3256,outgoing,3
10039,3288,outandin,1
10039,3305,,4
10039,3335,,6
10039,3356,,12
10039,3361,,2
10039,3369,,1
10039,3377,outandin,1
10039,3382,,9
10039,3423,outandin,1
10039,3448,incoming,2
10039,3517,outandin,1
10039,3521,outandin,3
10039,3524,,1
10039,3526,outandin,3
10039,3538,,2
10039,3572,,1
10039,3583,incoming,1
10039,3620,outgoing,2
10039,3678,outandin,3
10039,3691,outgoing,3
10039,3692,outandin,2
10039,3696,outandin,2
10039,3702,outgoing,1
10039,3711,,2
10039,3753,,4
10039,3789,,7
10039,3800,,10
10039,3906,,5
10039,3925,outgoing,1
10039,4036,,7
10039,4066,,1
10039,4080,outgoing,5
10039,4092,,5
10039,4171,,1
10039,4176,outandin,1
10039,4222,outandin,1
10039,4229,outandin,1
10039,4241,,1
10039,4255,,9
10039,4396,outandin,1
10039,4437,,3
10039,4484,,7
10039,4545,incoming,1
10039,4626,,2
10039,4666,,9
10039,4683,outandin,1
10039,4693,outandin,1
10039,4726,,5
10039,4750,,1
10039,4775,,4
10039,4780,outandin,1
10039,4794,,2
10039,4830,,10
10039,4844,,3
10039,4858,outandin,1
10039,4876,incoming,1
10039,4880,,8
10039,4934,outandin,1
10039,4993,outandin,1
10039,5040,outgoing,16
10039,5115,,12
10039,5154,outgoing,37
10039,5200,,12
10039,5219,outgoing,1
10039,5318,incoming,1
10039,5339,,2
10039,5352,,24
10039,5390,outandin,1
10039,5407,,6
10039,5492,outandin,1
10039,5513,,5
10039,5519,outandin,2
10039,5528,,15
10039,5532,,2
10039,5539,outandin,1
10039,5556,outgoing,1
10039,5573,,8
10039,5590,outandin,1
10039,5602,,4
10039,5607,,1
10039,5626,outgoing,3
10039,5633,,6
10039,5643,,17
10039,5691,outgoing,3
10039,5715,,8
10039,5743,,8
10039,5745,outgoing,3
10039,5761,incoming,1
10039,5787,outandin,1
10039,5796,incoming,3
10039,5801,outandin,1
10039,5810,,3
10039,5830,outandin,1
10039,5834,,5
10039,5880,incoming,1
10039,5904,,19
10039,5907,outgoing,1
10039,6007,outgoing,1
10039,6029,,4
10039,6050,,9
10039,6062,incoming,1
10039,6103,outgoing,3
10039,6128,outgoing,1
10039,6132,incoming,1
10039,6152,outandin,3
10039,6170,incoming,1
10039,6171,,1
10039,6200,outandin,1
10039,6214,outgoing,1
10039,6235,,12
10039,6274,,6
10039,6328,,3
10039,6343,outandin,1
10039,6359,,1
10039,6390,outgoing,1
10039,6400,,3
10039,6401,outandin,1
10039,6478,,1
10039,6536,outandin,1
10039,6585,outandin,1
10039,6597,outandin,1
10039,6662,outandin,1
10039,6690,incoming,11
10039,6702,outandin,1
10039,6706,incoming,7
10039,6710,outandin,2
10039,6811,incoming,9
10039,6857,,5
10039,6887,incoming,3
10039,6935,incoming,1
10039,6945,incoming,5
10039,6964,outgoing,1
10039,6972,,8
10039,6984,,7
10039,7001,outgoing,2
10039,7010,incoming,1
10039,7013,incoming,2
10039,7046,outandin,2
10039,7072,,4
10039,7171,outgoing,1
10039,7174,,1
10039,7206,outgoing,1
10039,7222,,1
10039,7240,incoming,1
10039,7294,,39
10039,7305,,10
10039,7363,outgoing,7
10039,7421,,12
10039,7429,incoming,1
10039,7481,,4
10039,7661,incoming,4
10039,7692,incoming,5
10039,7694,outgoing,14
10039,7730,outandin,1
10039,7742,outandin,6
10039,7743,outandin,5
10039,7746,outandin,1
10039,7758,outandin,1
10039,7769,outandin,1
10039,7772,incoming,5
10039,7783,outgoing,1
10039,7789,outgoing,1
10039,7792,outandin,1
10039,7803,,4
10039,7811,outgoing,2
10039,7834,incoming,8
10039,7836,outgoing,1
10039,7891,incoming,2
10039,7899,outandin,25
10039,7918,outandin,1
10039,7963,outgoing,2
10039,8048,incoming,2
10039,8050,outandin,1
10039,8066,incoming,1
10039,8076,outgoing,6
10039,8080,incoming,1
10039,8089,,19
10039,8116,,2
10039,8167,,14
10039,8177,,54
10039,8207,,1
10039,8211,outandin,1
10039,8231,,6
10039,8244,outandin,1
10039,8248,,3
10039,8251,incoming,5
10039,8272,outandin,1
10039,8295,,15
10039,8323,outandin,1
10039,8324,outandin,2
10039,8360,,4
10039,8383,,4
10039,8441,outgoing,1
10039,8453,incoming,1
10039,8482,,1
10039,8485,outandin,2
10039,8539,incoming,3
10039,8597,outandin,8
10039,8604,incoming,2
10039,8611,incoming,49
10039,8613,outandin,1
10039,8622,outandin,2
10039,8630,incoming,5
10039,8652,incoming,12
10039,8660,outandin,1
10039,8664,incoming,5
10039,8683,outandin,1
10039,8699,incoming,4
10039,8708,outandin,1
10039,8745,outandin,1
10039,8748,incoming,1
10039,8776,outandin,14
10039,8791,incoming,2
10039,8816,incoming,1
10039,8866,outandin,11
10039,8915,outandin,10
10039,8942,incoming,2
10039,8945,outandin,2
10039,8953,incoming,6
10039,8967,outandin,1
10039,8971,outandin,1
10039,9018,incoming,4
10039,9039,outandin,1
10039,9073,outandin,2
10039,9121,incoming,18
10039,9133,incoming,1
10039,9169,incoming,1
10039,9192,incoming,5
10039,9211,incoming,1
10039,9220,incoming,1
10039,9229,outandin,1
10039,9268,incoming,1
10039,9322,outandin,1
10077,135,,24
10077,147,outandin,1
10077,185,outandin,2
10077,220,outgoing,2
10077,237,,4
10077,348,outgoing,1
10077,390,outandin,6
10077,405,outandin,3
10077,408,,5
10077,415,outgoing,2
10077,469,,5
10077,549,outgoing,8
10077,643,,23
10077,651,,7
10077,653,,8
10077,714,outandin,1
10077,720,,2
10077,721,outandin,3
10077,811,,19
10077,840,,5
10077,842,incoming,2
10077,845,incoming,4
10077,868,outandin,1
10077,930,outgoing,1
10077,936,,1
10077,977,outgoing,3
10077,978,outgoing,2
10077,1043,outandin,1
10077,1092,incoming,1
10077,1114,outandin,1
10077,1146,outgoing,3
10077,1185,outgoing,3
10077,1187,outandin,5
10077,1194,outandin,3
10077,1218,,7
10077,1270,,4
10077,1311,outgoing,3
10077,1391,outandin,1
10077,1406,outandin,1
10077,1448,incoming,2
10077,1510,incoming,13
10077,1511,,8
10077,1907,outgoing,10
10077,1995,outgoing,1
10077,2019,,2
10077,2098,,9
10077,2233,outandin,2
10077,2321,incoming,11
10077,2378,incoming,1
10077,2422,outandin,2
10077,2429,incoming,2
10077,2445,outandin,2
10077,2481,,4
10077,2490,,4
10077,2590,,5
10077,2669,outgoing,7
10077,2675,incoming,1
10077,2705,outandin,1
10077,2717,,6
10077,2724,incoming,2
10077,2766,,5
10077,2829,,4
10077,2860,incoming,2
10077,2934,incoming,2
10077,2957,incoming,1
10077,2992,outandin,2
10077,3020,,10
10077,3078,outandin,3
10077,3083,,15
10077,3103,outgoing,11
10077,3134,incoming,2
10077,3137,incoming,2
10077,3186,,13
10077,3218,outgoing,6
10077,3271,outandin,1
10077,3336,,1
10077,3436,,17
10077,3444,outandin,1
10077,3452,,2
10077,3453,outandin,1
10077,3462,outgoing,4
10077,3478,outgoing,4
10077,3537,incoming,8
10077,3543,,16
10077,3594,,1
10077,3700,,1
10077,3706,incoming,3
10077,3714,,1
10077,3748,outandin,3
10077,3750,,2
10077,3771,,1
10077,3790,outandin,1
10077,3855,,2
10077,3873,,6
10077,3919,outandin,2
10077,4030,incoming,1
10077,4047,incoming,2
10077,4055,outandin,1
10077,4139,incoming,4
10077,4193,,7
10077,4206,,5
10077,4279,,2
10077,4281,,12
10077,4293,outandin,2
10077,4367,,5
10077,4385,outandin,1
10077,4415,,8
10077,4471,incoming,2
10077,4532,,12
10077,4626,outandin,3
10077,4634,incoming,1
10077,4687,,11
10077,4695,outandin,1
10077,4733,outandin,1
10077,4797,,6
10077,4816,,2
10077,4894,incoming,3
10077,4904,outgoing,10
10077,4960,,7
10077,4989,,6
10077,5020,,12
10077,5047,outgoing,1
10077,5124,,8
10077,5195,outandin,1
10077,5242,,1
10077,5630,outandin,6
10077,5677,,1
10077,5738,,9
10077,5751,outandin,2
10077,5798,outgoing,1
10077,5855,outgoing,2
10077,5876,outgoing,2
10077,6074,,7
10077,6106,outandin,1
10077,6146,,6
10077,6159,,4
10077,6169,,4
10077,6248,incoming,2
10077,6337,outgoing,1
10077,6515,incoming,4
10077,6541,incoming,2
10077,6549,,8
10077,6579,,3
10077,6582,outandin,1
10077,6606,incoming,1
10077,6614,outgoing,7
10077,6654,outandin,2
10077,6670,,1
10077,6752,outgoing,5
10077,6831,outandin,2
10077,6833,incoming,2
10077,6849,outandin,8
10077,6880,outandin,1
10077,7028,,31
10077,7074,outandin,1
10077,7310,,17
10077,7316,incoming,8
10077,7327,,1
10077,7355,,2
10077,7385,,11
10077,7386,,10
10077,7392,incoming,3
10077,7406,outandin,2
10077,7465,outgoing,13
10077,7521,,1
10077,7594,outandin,1
10077,7716,,9
10077,7722,,7
10077,7762,incoming,20
10077,7776,outandin,1
10077,7794,,1
10077,7812,outgoing,2
10077,7827,,4
10077,7841,outandin,1
10077,7938,outandin,2
10077,7950,outandin,2
10077,7970,outandin,3
10077,8003,incoming,5
10077,8073,outandin,3
10077,8171,incoming,2
10077,8205,incoming,5
10077,8496,,5
10077,8532,incoming,3
10077,8569,outandin,1
10077,8570,outandin,2
10077,8691,outandin,1
10077,8718,incoming,11
10077,8764,outandin,33
10077,8783,incoming,2
10077,8798,outandin,8
10077,8865,outandin,1
10077,8879,incoming,3
10077,8880,outandin,3
10077,8922,incoming,7
10077,8988,outandin,5
10077,9119,incoming,1
10077,9123,outandin,2
10077,9222,outandin,4
10077,9250,outandin,28
10077,9264,outandin,1
10077,9285,outandin,1
10077,9313,incoming,5
10016,110,outgoing,1
10016,111,outgoing,3
10016,136,,351
10016,151,,425
10016,158,,2
10016,192,,188
10016,207,outgoing,2
10016,208,outgoing,7
10016,259,outandin,1
10016,425,outgoing,7
10016,427,incoming,3
10016,435,outandin,1
10016,506,outandin,1
10016,534,outandin,1
10016,538,,3
10016,545,outandin,3
10016,577,outgoing,35
10016,602,outgoing,1
10016,611,outgoing,1
10016,612,outandin,2
10016,714,incoming,1
10016,764,outandin,1
10016,785,,6
10016,794,outandin,1
10016,800,incoming,2
10016,816,outgoing,3
10016,842,outandin,1
10016,865,,10
10016,909,outandin,1
10016,1022,outandin,1
10016,1091,,93
10016,1092,outgoing,1
10016,1114,incoming,1
10016,1128,outandin,1
10016,1152,,1
10016,1155,,10
10016,1183,,5
10016,1190,outandin,1
10016,1238,incoming,3
10016,1303,outandin,1
10016,1344,outandin,1
10016,1349,,26
10016,1367,outgoing,1
10016,1415,incoming,1
10016,1457,outgoing,23
10016,1471,incoming,3
10016,1489,incoming,1
10016,1521,,12
10016,1586,,9
10016,1652,,4
10016,1729,outgoing,1
10016,1730,outgoing,1
10016,1806,outandin,1
10016,1817,outgoing,2
10016,1866,outandin,1
10016,1870,,7
10016,1878,,2
10016,1894,outandin,2
10016,1911,,1
10016,1918,,7
10016,1930,,14
10016,1934,,6
10016,1949,incoming,1
10016,2000,outgoing,1
10016,2006,outandin,1
10016,2010,outgoing,1
10016,2074,,3
10016,2129,,19
10016,2163,,2
10016,2207,outandin,1
10016,2268,outandin,1
10016,2289,outandin,1
10016,2380,outgoing,1
10016,2393,outandin,1
10016,2395,outandin,1
10016,2422,,10
10016,2468,outandin,6
10016,2607,,2
10016,2628,outgoing,8
10016,2662,outandin,2
10016,2674,,3
10016,2689,outandin,1
10016,2711,,8
10016,2737,outandin,1
10016,2742,,2
10016,2787,outandin,1
10016,2854,outgoing,11
10016,2913,incoming,3
10016,2955,outgoing,28
10016,3014,outandin,1
10016,3081,outgoing,2
10016,3089,incoming,7
10016,3135,outgoing,1
10016,3169,outandin,1
10016,3172,outgoing,2
10016,3187,,9
10016,3202,outandin,2
10016,3217,outandin,1
10016,3239,outandin,4
10016,3242,incoming,1
10016,3255,,5
10016,3333,incoming,1
10016,3358,outgoing,2
10016,3370,outandin,1
10016,3463,outgoing,3
10016,3478,outandin,3
10016,3498,outandin,3
10016,3511,outandin,1
10016,3568,,7
10016,3612,,3
10016,3643,,2
10016,3708,outandin,1
10016,3714,outandin,1
10016,3755,incoming,1
10016,3781,outgoing,2
10016,3812,outgoing,4
10016,3848,,1
10016,3873,,1
10016,3905,outandin,1
10016,3925,outgoing,1
10016,3929,incoming,2
10016,3990,outandin,2
10016,4004,outandin,3
10016,4011,outandin,1
10016,4025,,3
10016,4035,,3
10016,4054,outandin,1
10016,4057,incoming,2
10016,4107,,1
10016,4137,outgoing,1
10016,4202,,6
10016,4203,outandin,2
10016,4267,,2
10016,4289,outandin,2
10016,4350,incoming,2
10016,4443,outandin,1
10016,4501,,5
10016,4528,outandin,1
10016,4552,incoming,3
10016,4559,,6
10016,4638,,6
10016,4690,,4
10016,4732,outgoing,4
10016,4759,incoming,4
10016,4883,outgoing,2
10016,4945,outandin,1
10016,4953,outandin,3
10016,4992,outandin,3
10016,5008,,17
10016,5053,outgoing,2
10016,5126,outgoing,4
10016,5195,outandin,1
10016,5227,outandin,1
10016,5452,,1
10016,5562,incoming,1
10016,5580,,1
10016,5630,incoming,3
10016,5658,incoming,2
10016,5714,outandin,1
10016,5720,outandin,1
10016,5731,outgoing,1
10016,5735,outandin,1
10016,5840,outandin,1
10016,5888,outandin,1
10016,5892,,1
10016,5902,outandin,1
10016,5916,outgoing,1
10016,5930,outandin,1
10016,5952,outandin,1
10016,5980,,1
10016,6006,outgoing,1
10016,6147,outandin,1
10016,6175,,9
10016,6215,outgoing,4
10016,6242,outgoing,1
10016,6245,outandin,3
10016,6264,outandin,1
10016,6355,outandin,1
10016,6386,outandin,1
10016,6396,,8
10016,6403,outandin,1
10016,6415,outandin,1
10016,6421,,6
10016,6458,outgoing,3
10016,6460,incoming,2
10016,6511,outandin,1
10016,6555,outandin,1
10016,6582,outandin,1
10016,6627,,2
10016,6650,,4
10016,6716,outandin,2
10016,6717,incoming,9
10016,6765,outgoing,1
10016,6888,,14
10016,6893,,20
10016,6936,,21
10016,7025,,17
10016,7057,outandin,19
10016,7074,outandin,1
10016,7113,outgoing,2
10016,7126,outandin,1
10016,7128,outgoing,1
10016,7239,outgoing,1
10016,7262,,3
10016,7277,outandin,1
10016,7282,outandin,1
10016,7423,incoming,4
10016,7482,incoming,1
10016,7489,outandin,2
10016,7500,outandin,2
10016,7512,outandin,1
10016,7575,outandin,1
10016,7583,,10
10016,7601,,19
10016,7604,outandin,2
10016,7607,outandin,1
10016,7623,outandin,2
10016,7631,outandin,2
10016,7663,,12
10016,7668,incoming,7
10016,7677,,4
10016,7680,incoming,4
10016,7702,,6
10016,7741,,10
10016,7743,outgoing,1
10016,7744,outgoing,1
10016,7763,outandin,1
10016,7783,outgoing,1
10016,7794,incoming,1
10016,7800,outandin,1
10016,7879,outandin,1
10016,7891,outgoing,2
10016,7924,,7
10016,7926,outandin,1
10016,7963,,1
10016,7971,outandin,2
10016,8067,outandin,2
10016,8074,,1
10016,8099,,27
10016,8130,outandin,2
10016,8150,outandin,1
10016,8167,outandin,1
10016,8174,outgoing,2
10016,8194,,11
10016,8289,outandin,4
10016,8326,incoming,1
10016,8355,incoming,2
10016,8375,outandin,1
10016,8394,,10
10016,8402,,1
10016,8410,,10
10016,8411,,4
10016,8412,outandin,1
10016,8447,outgoing,1
10016,8448,incoming,2
10016,8457,outandin,1
10016,8484,outandin,1
10016,8485,outandin,1
10016,8489,,18
10016,8498,outandin,10
10016,8539,outandin,1
10016,8585,outandin,6
10016,8613,outandin,1
10016,8616,outandin,3
10016,8622,incoming,6
10016,8641,incoming,3
10016,8643,incoming,7
10016,8656,incoming,1
10016,8660,incoming,7
10016,8748,outandin,5
10016,8761,outandin,1
10016,8762,outandin,1
10016,8763,outandin,3
10016,8778,outandin,1
10016,8798,outandin,1
10016,8810,outandin,3
10016,8823,outandin,1
10016,8829,outandin,2
10016,8840,outandin,2
10016,8848,incoming,5
10016,8921,incoming,6
10016,8971,incoming,5
10016,8977,outandin,1
10016,9021,outandin,2
10016,9061,incoming,5
10016,9062,incoming,1
10016,9065,outandin,8
10016,9176,incoming,1
10016,9185,incoming,1
10016,9262,incoming,2
10016,9268,outandin,1
10016,9318,outandin,1
10017,22,outgoing,1
10017,61,incoming,15
10017,75,,17
10017,105,outgoing,3
10017,146,,29
10017,170,outandin,1
10017,196,,16
10017,205,,1
10017,240,incoming,8
10017,258,,55
10017,279,,6
10017,345,outandin,1
10017,359,outandin,3
10017,472,outandin,13
10017,518,outandin,1
10017,538,outandin,1
10017,541,outgoing,1
10017,573,outandin,1
10017,577,outgoing,25
10017,587,outandin,1
10017,594,outandin,1
10017,646,,3
10017,659,,4
10017,673,incoming,1
10017,705,incoming,4
10017,724,,21
10017,739,,13
10017,757,outandin,1
10017,765,incoming,2
10017,767,,128
10017,842,outandin,1
10017,898,outandin,1
10017,994,outandin,1
10017,1003,,50
10017,1053,,33
10017,1054,incoming,1
10017,1081,outandin,1
10017,1132,,9
10017,1147,outandin,1
10017,1152,,1
10017,1172,,3
10017,1216,outandin,1
10017,1238,,2
10017,1243,,2
10017,1258,outgoing,2
10017,1281,incoming,1
10017,1287,,9
10017,1311,outandin,1
10017,1349,outgoing,2
10017,1434,outandin,2
10017,1483,outandin,1
10017,1526,outandin,1
10017,1575,outandin,2
10017,1598,outandin,1
10017,1658,outandin,5
10017,1661,outandin,4
10017,1684,outandin,6
10017,1685,outandin,5
10017,1740,,3
10017,1750,outandin,1
10017,1763,incoming,2
10017,1794,incoming,1
10017,1840,,13
10017,1867,outandin,1
10017,1878,,2
10017,1920,outandin,3
10017,1979,,23
10017,1996,outandin,1
10017,2010,outandin,3
10017,2044,incoming,1
10017,2075,,2
10017,2076,outgoing,1
10017,2147,outandin,1
10017,2173,,6
10017,2293,,7
10017,2313,,14
10017,2337,outandin,2
10017,2369,,8
10017,2383,outandin,1
10017,2384,,2
10017,2403,outandin,2
10017,2508,,5
10017,2564,outandin,2
10017,2585,,1
10017,2601,outandin,2
10017,2607,,7
10017,2642,,6
10017,2643,outandin,1
10017,2672,outandin,1
10017,2731,,4
10017,2744,outgoing,3
10017,2819,,26
10017,2888,incoming,3
10017,2913,outgoing,1
10017,2975,incoming,2
10017,2984,outgoing,1
10017,2998,,1
10017,3081,outgoing,2
10017,3089,incoming,1
10017,3123,,16
10017,3134,incoming,1
10017,3138,outandin,1
10017,3190,outgoing,1
10017,3278,,3
10017,3337,outgoing,1
10017,3361,outgoing,1
10017,3364,outandin,1
10017,3511,incoming,1
10017,3547,incoming,5
10017,3583,incoming,3
10017,3586,incoming,1
10017,3611,,9
10017,3621,incoming,2
10017,3677,incoming,4
10017,3725,outgoing,2
10017,3773,,43
10017,3789,outandin,1
10017,3818,outandin,1
10017,3841,,2
10017,3874,outandin,1
10017,4005,incoming,2
10017,4068,,3
10017,4136,outandin,1
10017,4256,outandin,4
10017,4270,outandin,1
10017,4289,outandin,1
10017,4302,outandin,1
10017,4342,incoming,1
10017,4385,outandin,4
10017,4396,outandin,1
10017,4409,outandin,4
10017,4437,outandin,1
10017,4446,,6
10017,4448,outandin,1
10017,4484,,1
10017,4578,outandin,1
10017,4584,incoming,1
10017,4606,outandin,2
10017,4628,outandin,1
10017,4678,,8
10017,4683,outandin,2
10017,4693,incoming,2
10017,4863,outandin,1
10017,4906,,1
10017,4922,outandin,1
10017,4937,outandin,2
10017,5063,outandin,1
10017,5112,,3
10017,5132,outandin,1
10017,5150,,2
10017,5179,outandin,1
10017,5246,outandin,2
10017,5285,,8
10017,5318,incoming,2
10017,5340,outgoing,15
10017,5369,,33
10017,5422,outandin,1
10017,5460,outandin,1
10017,5467,outandin,1
10017,5479,,1
10017,5539,outandin,1
10017,5548,,9
10017,5551,,13
10017,5737,outandin,1
10017,5752,incoming,1
10017,5788,outandin,1
10017,5822,,26
10017,5827,outandin,2
10017,5849,outandin,1
10017,5871,,13
10017,5905,outandin,4
10017,5920,outandin,1
10017,5931,,4
10017,5992,outandin,3
10017,6041,outgoing,2
10017,6056,outandin,1
10017,6063,,1
10017,6079,,3
10017,6099,outandin,1
10017,6123,incoming,1
10017,6167,outandin,1
10017,6188,outandin,1
10017,6220,outandin,1
10017,6224,outandin,1
10017,6295,outandin,1
10017,6327,incoming,1
10017,6343,outandin,3
10017,6359,,13
10017,6403,incoming,8
10017,6404,outgoing,3
10017,6414,outandin,1
10017,6460,outandin,1
10017,6463,outandin,1
10017,6464,,4
10017,6472,outandin,1
10017,6485,outandin,2
10017,6498,,1
10017,6555,,1
10017,6587,,7
10017,6588,,17
10017,6667,outandin,1
10017,6692,incoming,4
10017,6707,outgoing,1
10017,6765,outandin,2
10017,6830,outandin,1
10017,6851,,4
10017,6872,incoming,1
10017,6884,,9
10017,6974,,12
10017,6989,,19
10017,7026,,13
10017,7031,outgoing,3
10017,7046,outandin,1
10017,7051,outandin,3
10017,7057,outandin,1
10017,7085,outandin,3
10017,7107,,6
10017,7179,,34
10017,7183,,25
10017,7206,outgoing,1
10017,7313,outgoing,3
10017,7317,outandin,1
10017,7374,incoming,4
10017,7380,,5
10017,7399,,6
10017,7453,outandin,2
10017,7455,outgoing,2
10017,7491,,4
10017,7529,outandin,1
10017,7584,,3
10017,7618,,16
10017,7730,incoming,2
10017,7742,outandin,1
10017,7761,outandin,1
10017,7789,incoming,13
10017,7834,,3
10017,7891,outandin,1
10017,7940,incoming,12
10017,7995,outandin,1
10017,8031,outandin,8
10017,8034,outandin,1
10017,8051,,44
10017,8067,outandin,6
10017,8076,outgoing,1
10017,8080,outandin,1
10017,8101,incoming,3
10017,8103,incoming,1
10017,8166,incoming,3
10017,8207,incoming,1
10017,8243,outandin,1
10017,8256,incoming,8
10017,8350,outandin,1
10017,8355,outandin,1
10017,8394,outandin,2
10017,8441,outandin,1
10017,8448,outandin,1
10017,8472,outandin,3
10017,8625,incoming,17
10017,8633,outandin,3
10017,8641,outandin,1
10017,8660,incoming,4
10017,8695,outandin,1
10017,8738,incoming,2
10017,8791,incoming,1
10017,8795,outandin,2
10017,8796,incoming,1
10017,8913,incoming,10
10017,8931,incoming,6
10017,8971,outandin,1
10017,8977,outandin,1
10017,8979,incoming,1
10017,9022,outandin,1
10017,9061,outandin,1
10017,9065,outandin,2
10017,9130,outandin,1
10017,9132,incoming,23
10017,9149,incoming,44
10017,9170,outandin,30
10017,9194,outandin,1
10017,9229,outandin,1
10017,9259,incoming,5
10017,9261,incoming,1
10017,9289,outandin,1
10055,21,outandin,1
10055,25,outandin,1
10055,87,outgoing,3
10055,126,outandin,3
10055,139,,5
10055,185,outandin,1
10055,196,,2
10055,230,,6
10055,231,,7
10055,301,incoming,1
10055,323,incoming,2
10055,348,outandin,1
10055,363,,2
10055,404,outandin,2
10055,405,outandin,2
10055,412,outgoing,2
10055,451,,4
10055,489,incoming,1
10055,495,outandin,1
10055,498,,3
10055,501,outandin,2
10055,503,outgoing,1
10055,512,,2
10055,518,outandin,1
10055,528,outandin,2
10055,543,,2
10055,545,outandin,1
10055,549,outandin,1
10055,554,,2
10055,560,outgoing,2
10055,589,incoming,1
10055,596,outgoing,3
10055,599,outandin,1
10055,617,,1
10055,630,outandin,1
10055,720,incoming,1
10055,748,outandin,1
10055,755,incoming,3
10055,765,incoming,1
10055,785,outgoing,1
10055,800,,3
10055,803,outandin,1
10055,811,,3
10055,845,outandin,2
10055,934,incoming,5
10055,943,outgoing,4
10055,951,outgoing,7
10055,960,outgoing,1
10055,972,outandin,2
10055,1001,outandin,1
10055,1033,,4
10055,1048,incoming,2
10055,1060,outgoing,3
10055,1100,,4
10055,1103,outgoing,1
10055,1105,outgoing,1
10055,1132,outgoing,1
10055,1140,outandin,1
10055,1164,,2
10055,1234,outgoing,2
10055,1236,outgoing,1
10055,1238,,106
10055,1266,,1
10055,1308,,1
10055,1309,outgoing,4
10055,1350,outandin,1
10055,1361,,10
10055,1391,outandin,1
10055,1428,outandin,1
10055,1436,incoming,3
10055,1456,,3
10055,1468,outandin,2
10055,1471,incoming,3
10055,1483,outgoing,1
10055,1494,outandin,1
10055,1509,outandin,1
10055,1510,incoming,5
10055,1527,,2
10055,1554,,6
10055,1580,outgoing,4
10055,1589,outandin,2
10055,1593,,3
10055,1598,outgoing,6
10055,1625,,4
10055,1654,outgoing,2
10055,1658,outgoing,1
10055,1700,outgoing,1
10055,1720,outgoing,1
10055,1776,outandin,1
10055,1781,incoming,2
10055,1793,incoming,1
10055,1796,,1
10055,1825,outandin,1
10055,1866,outgoing,1
10055,1872,,1
10055,1893,,2
10055,1907,outandin,1
10055,1915,,2
10055,1920,outandin,1
10055,1947,outandin,2
10055,1950,incoming,1
10055,1973,outgoing,1
10055,1996,,1
10055,2040,,1
10055,2124,incoming,1
10055,2140,outgoing,2
10055,2145,,18
10055,2162,,6
10055,2198,outandin,1
10055,2210,incoming,6
10055,2233,outandin,1
10055,2267,outandin,1
10055,2327,outgoing,3
10055,2328,outandin,2
10055,2337,outandin,3
10055,2338,outandin,1
10055,2351,incoming,1
10055,2402,,3
10055,2437,,5
10055,2445,outandin,1
10055,2446,,17
10055,2487,outandin,1
10055,2494,,22
10055,2501,,1
10055,2508,outandin,1
10055,2511,,20
10055,2525,incoming,4
10055,2552,outgoing,1
10055,2558,outandin,1
10055,2662,incoming,4
10055,2667,outandin,1
10055,2717,,2
10055,2718,,3
10055,2736,,1
10055,2769,,1
10055,2804,,1
10055,2825,,2
10055,2833,outandin,1
10055,2840,,1
10055,2875,outgoing,1
10055,2881,outgoing,2
10055,2888,incoming,1
10055,2992,incoming,1
10055,3014,outandin,1
10055,3046,,7
10055,3103,outgoing,1
10055,3128,,8
10055,3140,outandin,1
10055,3149,outandin,1
10055,3155,incoming,4
10055,3169,outandin,1
10055,3171,,13
10055,3174,,35
10055,3177,,3
10055,3210,outgoing,1
10055,3254,outandin,1
10055,3271,outgoing,1
10055,3287,outandin,2
10055,3321,outandin,1
10055,3332,,1
10055,3342,outandin,3
10055,3372,outgoing,1
10055,3376,incoming,3
10055,3377,outandin,1
10055,3381,incoming,2
10055,3399,,7
10055,3436,incoming,2
10055,3444,outandin,3
10055,3453,outandin,1
10055,3454,,4
10055,3465,,3
10055,3505,,10
10055,3552,,1
10055,3584,,3
10055,3586,,2
10055,3613,,2
10055,3621,,1
10055,3681,outandin,1
10055,3682,incoming,2
10055,3687,incoming,1
10055,3722,,2
10055,3732,incoming,1
10055,3734,outgoing,1
10055,3737,incoming,2
10055,3743,outgoing,1
10055,3770,outgoing,1
10055,3781,outgoing,3
10055,3783,outandin,1
10055,3786,,1
10055,3792,,2
10055,3830,outgoing,2
10055,3831,,1
10055,3858,outandin,1
10055,3874,outandin,1
10055,3877,outandin,1
10055,3911,,2
10055,3916,,2
10055,3919,,93
10055,3935,outandin,1
10055,3952,outandin,1
10055,3972,incoming,1
10055,3977,outandin,1
10055,4002,outgoing,1
10055,4043,outgoing,2
10055,4057,,5
10055,4072,outandin,2
10055,4082,outandin,1
10055,4132,outandin,3
10055,4183,,3
10055,4223,,1
10055,4231,,1
10055,4242,,3
10055,4289,outandin,1
10055,4304,,8
10055,4323,incoming,3
10055,4378,outgoing,1
10055,4439,outgoing,1
10055,4443,outandin,1
10055,4472,,11
10055,4497,outandin,1
10055,4498,outgoing,1
10055,4522,outandin,5
10055,4532,outgoing,1
10055,4534,,1
10055,4601,incoming,1
10055,4614,outandin,3
10055,4628,,3
10055,4641,incoming,1
10055,4696,,2
10055,4717,outandin,3
10055,4718,,1
10055,4743,outgoing,1
10055,4749,outandin,3
10055,4794,,2
10055,4821,,4
10055,4832,incoming,2
10055,4879,outandin,3
10055,4881,outandin,1
10055,4902,incoming,4
10055,4907,outandin,1
10055,4913,,1
10055,4922,outgoing,3
10055,4924,outgoing,2
10055,4934,outgoing,1
10055,4951,incoming,1
10055,4967,,8
10055,4977,outandin,2
10055,4982,,1
10055,4992,,2
10055,5004,outgoing,3
10055,5059,outandin,1
10055,5071,,5
10055,5076,,1
10055,5086,,2
10055,5106,incoming,3
10055,5107,,3
10055,5153,outandin,1
10055,5158,outgoing,4
10055,5195,outandin,9
10055,5265,outgoing,4
10055,5290,outandin,1
10055,5330,,1
10055,5331,incoming,1
10055,5338,outandin,1
10055,5360,incoming,1
10055,5422,outandin,1
10055,5443,,10
10055,5477,,4
10055,5512,,5
10055,5524,outandin,1
10055,5562,,1
10055,5583,outandin,1
10055,5606,,5
10055,5662,,2
10055,5668,incoming,4
10055,5691,,2
10055,5712,outandin,1
10055,5714,,1
10055,5723,outandin,2
10055,5749,,1
10055,5759,,23
10055,5790,incoming,2
10055,5796,outandin,1
10055,5820,,1
10055,5831,incoming,1
10055,5833,,2
10055,5854,outandin,1
10055,5855,outgoing,1
10055,5858,outgoing,6
10055,5860,incoming,2
10055,5896,incoming,1
10055,5916,incoming,1
10055,5922,incoming,3
10055,6008,outandin,1
10055,6020,outandin,2
10055,6077,outgoing,1
10055,6119,incoming,5
10055,6161,,4
10055,6191,outgoing,1
10055,6193,outandin,1
10055,6215,outgoing,2
10055,6229,,15
10055,6275,,10
10055,6293,outandin,1
10055,6298,outandin,3
10055,6327,outgoing,1
10055,6345,outandin,1
10055,6360,,1
10055,6395,outgoing,5
10055,6435,incoming,1
10055,6448,,2
10055,6463,incoming,3
10055,6491,outgoing,1
10055,6527,incoming,2
10055,6540,,1
10055,6549,outandin,2
10055,6568,,1
10055,6579,outandin,2
10055,6585,outandin,1
10055,6594,,4
10055,6595,,2
10055,6612,outgoing,2
10055,6626,,1
10055,6649,,7
10055,6656,,4
10055,6669,incoming,1
10055,6687,,2
10055,6691,,5
10055,6711,outandin,1
10055,6717,outandin,1
10055,6723,outandin,2
10055,6728,outandin,1
10055,6737,incoming,2
10055,6746,outgoing,2
10055,6761,outandin,3
10055,6817,incoming,1
10055,6826,,4
10055,6847,outandin,1
10055,6869,,4
10055,6877,incoming,2
10055,6880,outandin,1
10055,6980,,3
10055,7028,outandin,1
10055,7040,,2
10055,7044,incoming,2
10055,7050,,15
10055,7154,outandin,5
10055,7160,outgoing,2
10055,7224,outandin,1
10055,7226,,3
10055,7256,outandin,1
10055,7257,,5
10055,7258,outandin,1
10055,7275,outandin,1
10055,7290,outandin,1
10055,7298,incoming,1
10055,7343,outandin,2
10055,7356,outgoing,1
10055,7387,incoming,10
10055,7405,outgoing,1
10055,7438,outandin,3
10055,7451,outandin,1
10055,7455,,1
10055,7464,incoming,2
10055,7503,outandin,2
10055,7514,outandin,4
10055,7521,outandin,1
10055,7529,outgoing,3
10055,7538,outandin,2
10055,7584,incoming,4
10055,7591,outandin,1
10055,7696,outgoing,8
10055,7748,outandin,3
10055,7779,outandin,2
10055,7800,incoming,1
10055,7814,outandin,1
10055,7821,outandin,3
10055,7822,incoming,2
10055,7831,,1
10055,7883,outandin,1
10055,7889,incoming,1
10055,7910,outandin,5
10055,7914,incoming,1
10055,7923,,3
10055,7926,,1
10055,7963,incoming,1
10055,7975,,1
10055,7986,incoming,1
10055,8021,outgoing,1
10055,8037,,4
10055,8101,outandin,1
10055,8112,outandin,4
10055,8122,,3
10055,8162,incoming,1
10055,8211,outandin,1
10055,8213,outandin,6
10055,8215,,2
10055,8239,outandin,1
10055,8306,outandin,4
10055,8325,incoming,1
10055,8333,,13
10055,8408,outandin,1
10055,8429,outandin,1
10055,8460,outandin,3
10055,8471,outandin,1
10055,8529,,5
10055,8540,,6
10055,8544,incoming,4
10055,8569,outandin,8
10055,8683,outandin,1
10055,8694,outandin,2
10055,8702,outandin,1
10055,8708,outandin,1
10055,8721,outandin,1
10055,8747,incoming,2
10055,8769,incoming,4
10055,8795,outandin,1
10055,8861,outandin,3
10055,8870,incoming,4
10055,8876,outandin,1
10055,8892,outandin,2
10055,8965,outandin,1
10055,8988,outandin,1
10055,9350,incoming,2
10149,303,,26
10149,491,incoming,2
10149,555,,643
10149,772,,13
10149,836,,18
10149,850,,30
10149,953,outandin,2
10149,1054,outgoing,2
10149,1214,incoming,6
10149,1271,,23
10149,1281,,5
10149,1451,,153
10149,1486,,2
10149,1526,,3
10149,1569,outandin,2
10149,1644,,157
10149,1668,,8
10149,1725,,10
10149,1750,,1
10149,1779,,15
10149,1800,,25
10149,1845,,12
10149,1869,,8
10149,1898,outandin,3
10149,1899,outandin,1
10149,1975,,11
10149,2104,,4
10149,2145,,6
10149,2163,outandin,2
10149,2223,,5
10149,2233,outandin,1
10149,2246,,26
10149,2311,,10
10149,2407,,41
10149,2425,,66
10149,2504,,17
10149,2521,,89
10149,2541,,22
10149,2576,,6
10149,2659,,7
10149,2913,incoming,1
10149,2925,,1
10149,2965,,26
10149,2996,outgoing,7
10149,3063,incoming,2
10149,3073,,3
10149,3091,,44
10149,3138,outandin,6
10149,3298,,5
10149,3374,,22
10149,3485,incoming,1
10149,3711,,14
10149,3764,,18
10149,3832,,2
10149,4013,outgoing,1
10149,4030,incoming,6
10149,4248,incoming,7
10149,4499,,5
10149,4990,,21
10149,5040,outandin,2
10149,5060,,5
10149,5149,,4
10149,5162,outgoing,1
10149,5164,,11
10149,5275,,23
10149,5322,incoming,5
10149,5339,,3
10149,5357,,15
10149,5362,incoming,2
10149,5451,,14
10149,5503,,15
10149,5639,,4
10149,5836,outandin,1
10149,5930,incoming,1
10149,6085,,4
10149,6103,outgoing,4
10149,6209,,6
10149,6216,incoming,1
10149,6500,,1
10149,6526,incoming,29
10149,6777,outandin,2
10149,6815,,18
10149,6870,incoming,1
10149,6892,,11
10149,6925,,25
10149,6926,,8
10149,6949,,4
10149,6984,,1
10149,7001,,15
10149,7013,,7
10149,7055,,7
10149,7158,outandin,1
10149,7429,,21
10149,7647,,17
10149,7668,incoming,1
10149,7723,,32
10149,7732,,2
10149,7735,,10
10149,7792,outandin,1
10149,8066,,2
10149,8067,outandin,1
10149,8072,,13
10149,8079,,16
10149,8092,,57
10149,8262,outandin,1
10149,8328,outandin,1
10149,8370,incoming,3
10149,8410,outandin,1
10149,8595,incoming,8
10149,8691,incoming,12
10149,8749,incoming,8
10149,8894,incoming,14
10149,8898,incoming,26
10149,9018,outandin,1
10149,9021,incoming,7
10149,9059,incoming,4
10008,10,,13
10008,38,,1
10008,50,outandin,5
10008,94,outgoing,1
10008,177,outandin,1
10008,193,,3
10008,196,,8
10008,309,,1
10008,345,,2
10008,391,,1
10008,421,outgoing,1
10008,435,outandin,7
10008,483,outandin,1
10008,541,outandin,1
10008,543,,12
10008,545,outandin,1
10008,560,,9
10008,581,outandin,2
10008,589,incoming,3
10008,646,,6
10008,687,outgoing,2
10008,765,outandin,1
10008,767,,1
10008,851,,1
10008,856,outandin,1
10008,868,outandin,3
10008,1060,outandin,1
10008,1076,,13
10008,1085,outandin,2
10008,1139,,2
10008,1238,outgoing,2
10008,1244,outgoing,3
10008,1260,incoming,6
10008,1352,outandin,2
10008,1415,outandin,1
10008,1452,outandin,2
10008,1510,outandin,1
10008,1564,,108
10008,1589,outandin,1
10008,1605,,5
10008,1738,,138
10008,1825,outgoing,1
10008,1827,outandin,1
10008,1979,outgoing,2
10008,1989,outandin,1
10008,1997,,4
10008,2133,,11
10008,2145,,3
10008,2168,,21
10008,2282,outgoing,4
10008,2299,,3
10008,2334,,5
10008,2360,outandin,2
10008,2364,,8
10008,2369,,12
10008,2446,outandin,1
10008,2463,,45
10008,2563,outandin,1
10008,2607,outandin,1
10008,2825,outandin,1
10008,2855,outandin,1
10008,2880,outandin,1
10008,2882,outandin,1
10008,2975,outandin,1
10008,2998,,5
10008,3030,,2
10008,3135,outgoing,2
10008,3321,outgoing,3
10008,3348,,3
10008,3381,outgoing,1
10008,3448,outandin,1
10008,3467,,1
10008,3531,outandin,1
10008,3557,outandin,1
10008,3681,outandin,1
10008,3789,outgoing,1
10008,3790,outandin,2
10008,3841,,8
10008,3854,outandin,2
10008,3954,outandin,1
10008,3982,,2
10008,4002,outandin,2
10008,4054,outandin,1
10008,4060,,17
10008,4180,outandin,3
10008,4207,outandin,1
10008,4217,,11
10008,4331,outandin,1
10008,4338,outandin,1
10008,4431,outandin,1
10008,4439,,4
10008,4452,outandin,1
10008,4545,outandin,1
10008,4584,incoming,3
10008,4599,outgoing,3
10008,4630,outandin,2
10008,4695,outandin,2
10008,4820,outgoing,1
10008,4833,outandin,2
10008,4858,,2
10008,4878,outgoing,4
10008,5013,incoming,4
10008,5044,outandin,1
10008,5059,,4
10008,5074,outandin,1
10008,5156,outandin,2
10008,5165,outandin,3
10008,5219,incoming,1
10008,5282,outandin,1
10008,5356,,2
10008,5436,,11
10008,5460,incoming,1
10008,5513,outandin,1
10008,5585,outgoing,7
10008,5595,,8
10008,5621,,19
10008,5638,,1
10008,5648,,6
10008,5788,,25
10008,5794,outgoing,2
10008,5877,incoming,1
10008,5923,,23
10008,5996,,301
10008,6043,outandin,2
10008,6057,,3
10008,6120,,3
10008,6167,outandin,1
10008,6324,outandin,1
10008,6327,outandin,1
10008,6353,,5
10008,6445,outandin,1
10008,6489,,1
10008,6504,incoming,3
10008,6585,incoming,1
10008,6690,outandin,1
10008,6694,,8
10008,6735,outgoing,2
10008,6766,outandin,2
10008,6837,incoming,1
10008,6851,,27
10008,6872,,2
10008,6964,outandin,1
10008,7046,,1
10008,7315,outgoing,15
10008,7491,outgoing,8
10008,7514,outandin,2
10008,7521,outandin,1
10008,7630,outandin,1
10008,7742,outandin,2
10008,7909,outandin,1
10008,7918,outandin,1
10008,8010,outandin,1
10008,8017,incoming,1
10008,8055,outgoing,1
10008,8287,outandin,1
10008,8312,outandin,1
10008,8326,outandin,1
10008,8359,outandin,3
10008,8371,outandin,1
10008,8777,outandin,2
10008,8810,outandin,1
10008,8828,incoming,7
10008,8893,outandin,1
10008,8967,outandin,1
10008,8971,outandin,3
10008,9100,incoming,7
10008,9146,incoming,1
10008,9148,outandin,1
10091,21,outandin,1
10091,50,outandin,1
10091,61,incoming,7
10091,62,outgoing,3
10091,135,incoming,2
10091,144,,11
10091,161,outgoing,2
10091,218,outgoing,2
10091,237,outandin,1
10091,242,,3
10091,243,outandin,1
10091,428,outandin,1
10091,451,,10
10091,500,outandin,1
10091,511,outandin,2
10091,528,outandin,3
10091,584,,2
10091,641,incoming,2
10091,647,,3
10091,710,,1
10091,748,outandin,1
10091,764,outgoing,2
10091,774,,13
10091,845,incoming,19
10091,897,incoming,13
10091,936,outandin,1
10091,957,,2
10091,1014,outandin,2
10091,1026,,17
10091,1125,,4
10091,1128,,10
10091,1135,outgoing,2
10091,1144,,6
10091,1185,outgoing,2
10091,1187,outandin,1
10091,1245,,8
10091,1373,outgoing,8
10091,1520,outgoing,20
10091,1781,incoming,2
10091,1806,outandin,2
10091,2014,outandin,2
10091,2202,outgoing,2
10091,2233,outandin,28
10091,2267,incoming,3
10091,2429,outandin,1
10091,2503,,3
10091,2590,,4
10091,2724,incoming,6
10091,2770,outandin,1
10091,2786,outandin,1
10091,2787,outandin,4
10091,2843,,4
10091,2868,outandin,7
10091,2869,outgoing,5
10091,2881,outgoing,9
10091,2957,,1
10091,3247,,5
10091,3389,,22
10091,3444,outandin,3
10091,3528,incoming,2
10091,3540,,6
10091,3706,incoming,4
10091,3714,,5
10091,3848,outgoing,1
10091,3934,outandin,1
10091,4011,incoming,1
10091,4023,,2
10091,4055,outandin,3
10091,4057,outgoing,1
10091,4082,outandin,1
10091,4127,outgoing,3
10091,4139,outandin,1
10091,4174,,2
10091,4183,outandin,2
10091,4240,outgoing,1
10091,4347,outandin,1
10091,4359,incoming,1
10091,4364,,1
10091,4517,,11
10091,4559,outgoing,2
10091,4586,outgoing,1
10091,4601,outandin,2
10091,4634,,5
10091,4715,,1
10091,4729,incoming,2
10091,4787,,4
10091,4809,outandin,1
10091,4819,,10
10091,4904,outandin,2
10091,5047,outandin,1
10091,5063,outandin,1
10091,5106,outgoing,2
10091,5177,,5
10091,5204,outandin,1
10091,5237,outandin,1
10091,5283,,4
10091,5349,,7
10091,5489,incoming,2
10091,5506,incoming,4
10091,5709,,2
10091,5798,outandin,1
10091,5915,incoming,10
10091,5924,,1
10091,6074,outgoing,9
10091,6482,outgoing,2
10091,6511,incoming,3
10091,6532,incoming,1
10091,6579,outandin,1
10091,6649,outandin,2
10091,6711,,5
10091,6718,outandin,1
10091,6833,,2
10091,7074,outandin,5
10091,7119,outgoing,3
10091,7169,,5
10091,7327,incoming,1
10091,7385,,7
10091,7544,outgoing,3
10091,7604,outandin,1
10091,7711,outandin,1
10091,7747,incoming,1
10091,7814,outandin,2
10091,7841,outandin,4
10091,7863,incoming,1
10091,7950,,18
10091,8004,incoming,2
10091,8073,outandin,1
10091,8141,incoming,16
10091,8144,outgoing,4
10091,8171,incoming,1
10091,8205,outandin,1
10091,8287,outandin,1
10091,8392,outandin,1
10091,8471,outandin,2
10091,8496,incoming,7
10091,8544,outandin,1
10091,8570,incoming,9
10091,8657,incoming,9
10091,8763,outandin,2
10091,8815,outandin,6
10091,8867,incoming,7
10091,8904,outandin,2
10091,9123,outandin,4
10091,9174,incoming,4
10091,9206,incoming,10
10091,9250,incoming,20
10091,9326,incoming,2
10091,9331,incoming,1
10105,410,outandin,1
10105,491,incoming,1
10105,594,,1
10105,778,outgoing,1
10105,898,outandin,3
10105,1137,outandin,1
10105,1620,,7
10105,1898,outandin,1
10105,1969,,8
10105,2005,outgoing,1
10105,2360,,4
10105,2369,incoming,1
10105,2563,outandin,1
10105,2615,,5
10105,2809,outandin,2
10105,2913,,3
10105,3431,,10
10105,3463,outandin,1
10105,3691,outgoing,1
10105,3856,outandin,1
10105,3921,,5
10105,4770,,42
10105,4867,outgoing,1
10105,5190,,15
10105,5205,,10
10105,5215,,18
10105,5234,,11
10105,5254,,15
10105,5299,incoming,4
10105,5302,,10
10105,5309,outgoing,4
10105,5326,outgoing,1
10105,5355,,9
10105,5395,,9
10105,5422,,4
10105,5440,outgoing,1
10105,5558,incoming,4
10105,5559,,12
10105,5566,,9
10105,5592,,10
10105,5625,,27
10105,5644,,12
10105,5683,outgoing,1
10105,5688,,9
10105,5698,outandin,1
10105,5745,outgoing,2
10105,5767,incoming,1
10105,5774,,7
10105,5810,,4
10105,5843,,12
10105,6328,incoming,1
10105,6478,outandin,1
10105,6551,,43
10105,6635,outandin,1
10105,6838,,23
10105,6854,,23
10105,6860,,7
10105,6863,,10
10105,6883,,15
10105,6886,,27
10105,6890,,34
10105,6903,,8
10105,6922,outgoing,38
10105,6928,,17
10105,6941,,8
10105,6943,outgoing,20
10105,6947,,9
10105,6957,outgoing,2
10105,6976,,112
10105,7023,outgoing,13
10105,7090,,9
10105,7092,,20
10105,7102,,8
10105,7123,outandin,1
10105,7622,,9
10105,7626,,17
10105,7629,,5
10105,7653,,34
10105,7682,,10
10105,7683,,11
10105,7689,,13
10105,7698,,13
10105,7699,outgoing,5
10105,7707,outgoing,7
10105,7708,outandin,12
10105,7834,outgoing,1
10105,8049,incoming,38
10105,8104,,2
10105,8142,,11
10105,8167,outandin,1
10105,8271,,18
10105,8484,incoming,4
10105,8628,incoming,55
10105,8934,incoming,8
10105,9025,incoming,11
10105,9136,incoming,9
10105,9195,incoming,19
10105,9290,incoming,2
10105,9341,outandin,1
10147,92,,4
10147,268,incoming,5
10147,300,outgoing,2
10147,328,outandin,1
10147,489,incoming,1
10147,574,,2
10147,685,,2
10147,786,,1
10147,826,,19
10147,963,,7
10147,970,,3
10147,982,,2
10147,984,,1
10147,1015,,4
10147,1086,,2
10147,1181,,6
10147,1190,,15
10147,1199,,1
10147,1340,,3
10147,1352,,5
10147,1363,,2
10147,1460,,4
10147,1634,,3
10147,1638,,16
10147,2141,incoming,3
10147,2276,,10
10147,2633,outandin,1
10147,2701,incoming,12
10147,2723,outgoing,4
10147,2969,,2
10147,3041,,4
10147,3196,,7
10147,3251,outandin,2
10147,3262,,14
10147,3288,outandin,1
10147,3572,outandin,1
10147,3577,,30
10147,3589,incoming,1
10147,3677,outandin,2
10147,3975,outandin,1
10147,4166,outgoing,2
10147,4172,,4
10147,4393,incoming,3
10147,4433,,2
10147,4437,incoming,1
10147,4459,,9
10147,4514,,7
10147,4753,outgoing,69
10147,4781,outandin,1
10147,4852,,10
10147,5007,,6
10147,5088,,1
10147,5092,outgoing,1
10147,5117,,2
10147,5255,,3
10147,5318,outandin,1
10147,5454,,16
10147,5484,,16
10147,5497,,1
10147,5585,incoming,4
10147,5806,,4
10147,5828,,3
10147,5870,,2
10147,5886,,13
10147,6018,,3
10147,6049,,15
10147,6099,outandin,1
10147,6123,outandin,1
10147,6211,,1
10147,6412,,6
10147,6428,,19
10147,6538,outgoing,1
10147,6564,,3
10147,6566,,3
10147,6602,,10
10147,6674,,4
10147,6710,outgoing,1
10147,6713,,8
10147,6738,,5
10147,6779,incoming,1
10147,6786,,7
10147,7037,outandin,1
10147,7110,outgoing,4
10147,7341,,10
10147,7380,,1
10147,7437,,7
10147,7563,,10
10147,7567,,3
10147,7587,,2
10147,7589,,7
10147,7610,,5
10147,7668,outandin,1
10147,7768,,25
10147,7956,incoming,1
10147,7963,outandin,1
10147,7993,,2
10147,7994,,15
10147,8140,incoming,17
10147,8155,,8
10147,8221,,5
10147,8243,,14
10147,8277,,2
10147,8829,outandin,1
10147,9110,incoming,1
10147,9318,incoming,2
10087,150,,6
10087,225,,8
10087,250,,6
10087,316,,7
10087,366,,10
10087,504,,6
10087,575,,5
10087,623,,4
10087,642,,9
10087,838,,6
10087,852,,6
10087,1049,,8
10087,1055,,8
10087,1071,,4
10087,1089,,5
10087,1223,,7
10087,1502,,7
10087,1525,,4
10087,1579,,6
10087,1617,,7
10087,1660,,6
10087,1669,,5
10087,2001,,9
10087,2154,,7
10087,2217,,3
10087,2506,,7
10087,2570,,6
10087,2579,,6
10087,2677,,9
10087,2693,,11
10087,2756,outgoing,1
10087,2831,,11
10087,2896,,7
10087,2952,,8
10087,2976,,9
10087,2979,,5
10087,3215,,6
10087,3441,,7
10087,3879,,6
10087,3974,,8
10087,4061,,7
10087,4073,,7
10087,4175,,6
10087,4233,,6
10087,4303,,7
10087,4326,,7
10087,4520,,8
10087,4525,,7
10087,4541,,6
10087,4542,,8
10087,4548,,8
10087,4579,,6
10087,4647,,7
10087,4667,,6
10087,4728,,5
10087,4738,,4
10087,4776,,6
10087,4954,,3
10087,5045,,7
10087,5225,,7
10087,5247,,8
10087,5766,,6
10087,5901,,9
10087,6015,,4
10087,8147,,9
10087,8793,incoming,7
10087,8856,outandin,3
10087,8885,incoming,8
10087,8940,incoming,8
10087,9014,incoming,3
10087,9208,incoming,3
10053,50,outandin,2
10053,75,,1
10053,85,outgoing,1
10053,135,outandin,1
10053,145,outandin,1
10053,196,outgoing,2
10053,242,outgoing,2
10053,279,,18
10053,410,outgoing,4
10053,435,outandin,1
10053,472,outandin,1
10053,491,,8
10053,518,outandin,1
10053,521,outandin,1
10053,577,outgoing,35
10053,778,,1
10053,781,,3
10053,788,outgoing,1
10053,965,outandin,82
10053,983,incoming,8
10053,1069,outandin,1
10053,1070,outgoing,1
10053,1119,,14
10053,1172,,15
10053,1260,incoming,2
10053,1291,,7
10053,1393,outandin,2
10053,1444,outandin,1
10053,1526,outgoing,2
10053,1616,,13
10053,1665,,2
10053,1750,,3
10053,1754,incoming,1
10053,1776,,8
10053,1817,outandin,2
10053,1878,,3
10053,1979,,3
10053,1985,outgoing,1
10053,2075,outgoing,1
10053,2099,outandin,1
10053,2191,outandin,1
10053,2369,incoming,2
10053,2410,,2
10053,2450,outgoing,1
10053,2504,outandin,1
10053,2530,incoming,1
10053,2543,outandin,3
10053,2615,,5
10053,2734,,5
10053,2744,outgoing,7
10053,2810,outandin,2
10053,2841,,7
10053,2913,,5
10053,2965,outandin,1
10053,2996,outgoing,1
10053,3025,outgoing,3
10053,3138,outandin,2
10053,3169,outandin,1
10053,3172,outandin,1
10053,3184,outandin,1
10053,3288,outandin,1
10053,3305,,2
10053,3354,outgoing,34
10053,3448,outandin,1
10053,3463,outgoing,1
10053,3526,outandin,1
10053,3572,outandin,1
10053,3584,,7
10053,3605,outandin,12
10053,3731,,12
10053,3789,outandin,1
10053,3863,,6
10053,3921,outandin,4
10053,3929,,2
10053,4039,,11
10053,4041,outandin,1
10053,4053,,13
10053,4093,outandin,1
10053,4176,outandin,1
10053,4229,outandin,1
10053,4346,outandin,1
10053,4423,outandin,1
10053,4561,,17
10053,4693,outandin,1
10053,4726,,2
10053,4830,outgoing,1
10053,4844,outandin,1
10053,5006,,4
10053,5008,,1
10053,5090,outandin,1
10053,5143,outandin,1
10053,5149,outandin,1
10053,5238,,11
10053,5252,outandin,1
10053,5273,,6
10053,5309,,12
10053,5350,,23
10053,5365,outgoing,5
10053,5390,outandin,1
10053,5422,,3
10053,5471,,6
10053,5491,,8
10053,5519,outandin,3
10053,5544,,22
10053,5549,,7
10053,5593,,17
10053,5639,outgoing,1
10053,5698,incoming,3
10053,5735,outandin,1
10053,5783,,34
10053,5787,outgoing,2
10053,5801,outandin,1
10053,5830,,5
10053,5893,,8
10053,5914,outandin,1
10053,6060,outandin,1
10053,6092,outandin,1
10053,6104,outandin,1
10053,6132,outandin,1
10053,6170,,7
10053,6171,outgoing,1
10053,6195,outgoing,21
10053,6305,,6
10053,6328,,1
10053,6415,outgoing,1
10053,6449,outandin,1
10053,6536,incoming,2
10053,6638,,12
10053,6703,outandin,1
10053,6808,,7
10053,6844,,2
10053,6861,,17
10053,6866,,10
10053,6882,,6
10053,6891,,15
10053,6908,outandin,6
10053,6917,,13
10053,6926,outandin,1
10053,6933,,5
10053,6935,outgoing,1
10053,7008,,8
10053,7072,,1
10053,7104,outgoing,9
10053,7206,outgoing,1
10053,7222,,3
10053,7511,,1
10053,7615,,13
10053,7629,outandin,1
10053,7714,,17
10053,7724,outandin,13
10053,7742,outandin,1
10053,7748,outgoing,3
10053,7772,outandin,1
10053,7789,outandin,1
10053,7834,outgoing,1
10053,7911,outandin,2
10053,8031,incoming,2
10053,8076,,3
10053,8096,outandin,11
10053,8123,,5
10053,8189,,11
10053,8248,,7
10053,8365,,15
10053,8383,,1
10053,8453,outandin,1
10053,8484,incoming,2
10053,8573,outandin,26
10053,8616,outandin,7
10053,8630,outandin,3
10053,8652,outandin,1
10053,8664,incoming,1
10053,8677,outandin,1
10053,8809,incoming,20
10053,8929,outandin,1
10053,9071,outandin,1
10053,9073,outandin,1
10053,9160,incoming,1
10053,9167,incoming,5
10053,9194,incoming,2
10025,39,,8
10025,127,outandin,1
10025,158,outgoing,1
10025,168,,3
10025,243,,15
10025,343,,3
10025,349,,2
10025,420,,5
10025,445,outandin,2
10025,482,outandin,9
10025,500,outandin,1
10025,501,,2
10025,554,incoming,2
10025,579,,2
10025,718,,13
10025,721,incoming,1
10025,811,,1
10025,861,outgoing,1
10025,934,outandin,5
10025,1047,outgoing,2
10025,1088,outgoing,7
10025,1092,incoming,2
10025,1097,incoming,3
10025,1100,,10
10025,1105,outgoing,2
10025,1322,outandin,1
10025,1342,,6
10025,1353,outandin,2
10025,1375,,3
10025,1448,,2
10025,1580,,3
10025,1625,,3
10025,1634,,1
10025,1640,incoming,3
10025,1649,,7
10025,1768,outgoing,2
10025,1775,outgoing,2
10025,1827,outgoing,1
10025,1881,,6
10025,1893,outandin,1
10025,1956,,2
10025,1995,incoming,1
10025,2014,incoming,4
10025,2236,,2
10025,2267,,4
10025,2328,incoming,1
10025,2351,outandin,1
10025,2445,outandin,1
10025,2448,,3
10025,2509,,9
10025,2622,,7
10025,2663,,4
10025,2737,outandin,1
10025,3014,,18
10025,3116,,3
10025,3132,outgoing,1
10025,3352,outandin,1
10025,3720,,3
10025,3786,incoming,2
10025,3792,outgoing,1
10025,3830,,1
10025,3831,,5
10025,3843,,2
10025,3993,,4
10025,4057,,6
10025,4105,outgoing,3
10025,4198,outandin,1
10025,4207,outandin,2
10025,4231,outandin,1
10025,4321,,4
10025,4373,,2
10025,4486,outgoing,4
10025,4527,incoming,1
10025,4593,,2
10025,4607,outandin,2
10025,4664,,8
10025,4715,outgoing,2
10025,4765,,4
10025,4892,outgoing,1
10025,4902,outandin,2
10025,5072,,7
10025,5113,outgoing,1
10025,5158,outgoing,5
10025,5208,,2
10025,5268,outandin,1
10025,5331,,1
10025,5400,outandin,1
10025,5712,outgoing,2
10025,5723,outandin,1
10025,5883,outgoing,2
10025,5902,incoming,1
10025,5913,,1
10025,5975,outgoing,2
10025,6008,,4
10025,6010,,1
10025,6047,outandin,1
10025,6058,,4
10025,6077,outandin,1
10025,6264,incoming,3
10025,6271,incoming,3
10025,6288,outgoing,2
10025,6345,outandin,3
10025,6491,,2
10025,6561,outandin,1
10025,6568,outgoing,1
10025,6611,incoming,1
10025,6630,outandin,1
10025,6643,,5
10025,6665,,7
10025,6728,incoming,1
10025,6732,outgoing,1
10025,6768,outgoing,1
10025,6836,outandin,1
10025,7084,incoming,9
10025,7205,outandin,1
10025,7342,incoming,5
10025,7343,outandin,1
10025,7571,outandin,2
10025,7651,,8
10025,7741,outandin,1
10025,7805,outandin,1
10025,7825,,15
10025,7868,,3
10025,7931,outandin,1
10025,7933,outandin,9
10025,8225,outandin,1
10025,8235,outandin,1
10025,8277,incoming,1
10025,8412,outandin,1
10025,8476,incoming,4
10025,8541,outandin,1
10025,8612,outandin,1
10025,8620,incoming,5
10025,8721,incoming,4
10108,186,,8
10108,191,,18
10108,219,outgoing,2
10108,376,,7
10108,435,incoming,5
10108,502,,15
10108,541,outgoing,1
10108,829,,4
10108,927,,9
10108,1046,,3
10108,1065,,6
10108,1243,,3
10108,1344,,17
10108,1375,incoming,1
10108,1380,outandin,1
10108,1658,outandin,1
10108,1817,outandin,2
10108,1945,outandin,3
10108,2162,,4
10108,2322,incoming,3
10108,2356,,7
10108,2370,,12
10108,2421,outandin,5
10108,2426,,7
10108,2572,outgoing,2
10108,2670,outgoing,1
10108,2905,,13
10108,2989,outandin,1
10108,3049,incoming,3
10108,3261,,11
10108,3429,,7
10108,3433,,2
10108,3590,,5
10108,3676,,5
10108,3694,incoming,2
10108,3937,,17
10108,4137,,1
10108,4239,outgoing,6
10108,4321,,3
10108,4417,,9
10108,4422,,8
10108,4455,,7
10108,4502,,4
10108,4619,,6
10108,4783,outandin,3
10108,4823,,5
10108,4855,,5
10108,4939,,39
10108,5089,,10
10108,5371,,9
10108,5496,,1
10108,6198,,10
10108,6256,,10
10108,6300,incoming,5
10108,6630,outgoing,4
10108,7024,,5
10108,7274,,10
10108,7301,outgoing,12
10108,7479,outandin,2
10108,7668,outandin,2
10108,7761,outandin,1
10108,7879,,3
10108,7923,outgoing,1
10108,8043,,11
10108,8068,,10
10108,8086,,4
10108,8126,,28
10108,8262,outandin,1
10108,8341,,10
10108,8363,incoming,1
10108,8375,incoming,6
10108,8380,incoming,3
10108,8478,,1
10108,8507,,13
10108,8660,outandin,1
10108,8676,incoming,26
10108,8772,incoming,7
10108,9028,incoming,5
10108,9181,incoming,5
10108,9239,incoming,4
10108,9299,outandin,1
10196,196,outgoing,1
10196,463,,78
10196,483,incoming,1
10196,650,,15
10196,712,,3
10196,898,outgoing,2
10196,963,,6
10196,1162,,1
10196,1199,,2
10196,1455,outandin,1
10196,1489,outgoing,1
10196,1566,,32
10196,1705,outgoing,3
10196,1743,,19
10196,1750,,4
10196,1845,,16
10196,1926,outgoing,1
10196,1955,outgoing,12
10196,2245,,13
10196,2310,,10
10196,2319,,5
10196,2369,incoming,2
10196,2466,,15
10196,2470,,2
10196,2496,,55
10196,2505,,3
10196,2539,,3
10196,2564,,4
10196,2572,,1
10196,2627,,7
10196,2633,,7
10196,2698,outgoing,4
10196,2750,outandin,1
10196,2863,,21
10196,2893,outandin,1
10196,2964,incoming,4
10196,2967,,10
10196,3008,outandin,1
10196,3031,incoming,4
10196,3050,,112
10196,3060,outgoing,1
10196,3075,,12
10196,3131,,7
10196,3158,outgoing,3
10196,3164,outandin,2
10196,3447,,5
10196,3495,outandin,1
10196,3502,,1
10196,3599,,14
10196,3617,,1
10196,3694,,1
10196,3789,outandin,3
10196,3791,,5
10196,3873,outandin,1
10196,4312,,18
10196,4437,incoming,2
10196,4540,,12
10196,4655,,6
10196,4753,outandin,1
10196,4780,,9
10196,4795,,9
10196,4918,outandin,1
10196,5074,outandin,4
10196,5092,outandin,1
10196,5318,incoming,2
10196,5430,,49
10196,5489,,6
10196,5530,,7
10196,5580,,3
10196,5607,,10
10196,5697,outandin,1
10196,5731,outandin,1
10196,5870,,4
10196,6063,,4
10196,6093,,11
10196,6128,outandin,1
10196,6180,,9
10196,6262,outgoing,4
10196,6287,,4
10196,6500,,9
10196,6674,incoming,1
10196,6710,,36
10196,6743,,11
10196,6762,incoming,3
10196,6813,outandin,1
10196,6979,,9
10196,7037,,4
10196,7068,outandin,1
10196,7094,outandin,1
10196,7128,outgoing,1
10196,7294,outandin,1
10196,7470,incoming,3
10196,7521,outandin,1
10196,7620,,3
10196,7718,outgoing,31
10196,7800,outandin,1
10196,7913,incoming,2
10196,8057,outandin,2
10196,8065,,14
10196,8127,,55
10196,8155,outandin,1
10196,8207,outandin,1
10196,8256,outandin,1
10196,8262,outandin,1
10196,8319,outgoing,1
10196,8355,outandin,1
10196,8579,outandin,2
10196,8643,outandin,1
10196,8767,incoming,1
10196,8794,outandin,1
10196,8908,incoming,12
10196,8954,outandin,1
10196,9201,incoming,1
10093,61,incoming,1
10093,123,outandin,1
10093,131,outgoing,1
10093,135,,5
10093,158,,1
10093,164,,3
10093,177,outandin,1
10093,193,,4
10093,242,,19
10093,264,outgoing,1
10093,269,,6
10093,296,outgoing,3
10093,301,outgoing,1
10093,305,outandin,1
10093,309,,18
10093,323,outandin,1
10093,333,,7
10093,348,outandin,2
10093,435,incoming,10
10093,479,,25
10093,483,outandin,1
10093,491,,24
10093,518,,16
10093,523,outandin,1
10093,543,outgoing,2
10093,549,outandin,4
10093,551,outgoing,1
10093,577,outgoing,13
10093,596,,2
10093,602,,3
10093,617,outandin,1
10093,646,incoming,2
10093,664,outgoing,1
10093,676,,2
10093,687,outandin,2
10093,700,outandin,1
10093,701,outandin,1
10093,760,,6
10093,765,outgoing,1
10093,767,outandin,1
10093,800,,1
10093,805,outandin,1
10093,834,outandin,1
10093,891,outandin,1
10093,1001,outgoing,1
10093,1016,outandin,1
10093,1026,outandin,1
10093,1044,outandin,2
10093,1060,outgoing,5
10093,1160,outandin,1
10093,1185,outandin,1
10093,1220,incoming,2
10093,1234,incoming,2
10093,1238,,7
10093,1239,,32
10093,1367,outgoing,6
10093,1373,outandin,1
10093,1409,outandin,2
10093,1415,outgoing,1
10093,1468,,9
10093,1517,,32
10093,1520,outgoing,4
10093,1526,outgoing,1
10093,1658,outgoing,1
10093,1739,outandin,1
10093,1754,outandin,1
10093,1776,incoming,6
10093,1777,,1
10093,1781,incoming,2
10093,1890,outandin,1
10093,1911,outandin,1
10093,1919,,3
10093,1920,outandin,1
10093,1949,,8
10093,2006,,7
10093,2010,incoming,2
10093,2088,incoming,2
10093,2093,outandin,3
10093,2134,outgoing,4
10093,2159,incoming,5
10093,2197,outgoing,2
10093,2236,outandin,1
10093,2247,outgoing,1
10093,2369,outandin,1
10093,2403,outandin,1
10093,2448,outandin,1
10093,2451,,3
10093,2464,incoming,2
10093,2492,,52
10093,2530,outandin,2
10093,2537,,4
10093,2594,outandin,1
10093,2612,outandin,1
10093,2620,,1
10093,2667,incoming,1
10093,2675,incoming,1
10093,2694,incoming,1
10093,2705,outgoing,2
10093,2754,outandin,2
10093,2786,outandin,1
10093,2804,outandin,1
10093,2845,outgoing,1
10093,2855,,23
10093,2866,outandin,1
10093,2881,outgoing,46
10093,2884,outgoing,9
10093,2892,outandin,1
10093,2904,,6
10093,2913,,3
10093,2990,outgoing,1
10093,3035,,4
10093,3046,,3
10093,3070,outgoing,2
10093,3078,outgoing,2
10093,3089,incoming,1
10093,3100,outgoing,7
10093,3134,,4
10093,3140,outgoing,1
10093,3164,outandin,1
10093,3169,incoming,1
10093,3172,outgoing,1
10093,3188,outandin,2
10093,3202,outandin,1
10093,3242,incoming,5
10093,3263,outandin,1
10093,3287,outandin,1
10093,3288,outandin,1
10093,3305,outandin,1
10093,3321,outgoing,8
10093,3365,,8
10093,3381,,2
10093,3448,outandin,1
10093,3454,outandin,3
10093,3498,incoming,2
10093,3559,outandin,3
10093,3560,incoming,1
10093,3589,outandin,1
10093,3594,,2
10093,3682,outgoing,1
10093,3697,incoming,1
10093,3737,outandin,1
10093,3783,outandin,1
10093,3788,incoming,1
10093,3789,,1
10093,3814,,6
10093,3839,outandin,1
10093,3873,,27
10093,3874,incoming,1
10093,3877,,3
10093,3927,,3
10093,3941,incoming,3
10093,3970,outgoing,2
10093,3977,incoming,1
10093,3979,outgoing,1
10093,3990,outandin,2
10093,3992,,2
10093,4055,outandin,1
10093,4117,,7
10093,4133,outgoing,1
10093,4176,outandin,1
10093,4256,outandin,1
10093,4270,outgoing,7
10093,4275,outandin,1
10093,4287,incoming,3
10093,4292,outandin,1
10093,4330,outandin,1
10093,4396,outandin,1
10093,4443,incoming,1
10093,4444,,1
10093,4450,outandin,1
10093,4452,outgoing,2
10093,4502,outgoing,1
10093,4531,,1
10093,4537,,1
10093,4559,outandin,1
10093,4585,outandin,1
10093,4694,outgoing,1
10093,4695,outandin,1
10093,4699,outandin,4
10093,4706,,1
10093,4750,incoming,1
10093,4753,outgoing,1
10093,4809,outandin,1
10093,4838,incoming,1
10093,4871,outandin,3
10093,4876,outandin,2
10093,4879,outandin,1
10093,4895,outgoing,2
10093,4915,outandin,1
10093,4934,outgoing,1
10093,4945,outandin,2
10093,5000,incoming,3
10093,5087,outandin,1
10093,5153,incoming,3
10093,5183,,10
10093,5186,outandin,1
10093,5195,outandin,4
10093,5204,outandin,1
10093,5218,outandin,1
10093,5219,outandin,1
10093,5226,outandin,1
10093,5269,outandin,1
10093,5287,,1
10093,5414,,1
10093,5416,outandin,1
10093,5452,outgoing,2
10093,5516,,3
10093,5585,outandin,2
10093,5590,outgoing,1
10093,5623,incoming,1
10093,5668,incoming,2
10093,5691,incoming,2
10093,5720,incoming,1
10093,5733,outgoing,1
10093,5740,outandin,2
10093,5749,outandin,2
10093,5833,outandin,1
10093,5838,outandin,1
10093,5863,,4
10093,5888,outandin,1
10093,5892,outandin,1
10093,5944,outandin,1
10093,5972,outandin,1
10093,6003,incoming,1
10093,6013,outgoing,1
10093,6101,outandin,1
10093,6135,outandin,1
10093,6158,,4
10093,6215,outgoing,1
10093,6220,incoming,1
10093,6223,outandin,1
10093,6242,outandin,1
10093,6262,,2
10093,6286,outandin,1
10093,6290,outandin,1
10093,6299,outandin,1
10093,6301,outandin,1
10093,6355,outandin,1
10093,6395,,2
10093,6467,outandin,1
10093,6480,incoming,1
10093,6487,outgoing,1
10093,6568,incoming,1
10093,6649,outandin,2
10093,6680,,24
10093,6682,outgoing,1
10093,6717,outandin,4
10093,6762,incoming,2
10093,6765,outandin,1
10093,6772,,2
10093,6865,outandin,1
10093,6872,outandin,1
10093,6910,,8
10093,6911,outandin,1
10093,7006,outandin,1
10093,7052,outandin,2
10093,7057,outgoing,7
10093,7074,outandin,1
10093,7080,,5
10093,7160,outandin,1
10093,7171,outgoing,1
10093,7239,outandin,1
10093,7289,,1
10093,7316,outandin,1
10093,7376,outandin,2
10093,7385,outandin,1
10093,7387,incoming,8
10093,7405,outandin,1
10093,7448,outgoing,2
10093,7458,outandin,1
10093,7470,outgoing,6
10093,7472,outandin,9
10093,7510,outandin,1
10093,7516,outandin,2
10093,7529,outandin,1
10093,7543,,1
10093,7574,outandin,1
10093,7584,outandin,1
10093,7609,outandin,1
10093,7695,outandin,4
10093,7743,incoming,1
10093,7818,,7
10093,7911,outandin,1
10093,7922,outgoing,1
10093,7963,,5
10093,7970,outgoing,1
10093,7971,outandin,4
10093,7973,outandin,3
10093,7975,incoming,2
10093,7988,outandin,1
10093,8017,outgoing,3
10093,8033,,3
10093,8034,outandin,1
10093,8041,outandin,1
10093,8167,outandin,1
10093,8226,incoming,1
10093,8256,incoming,4
10093,8307,incoming,1
10093,8333,incoming,1
10093,8355,outandin,1
10093,8359,incoming,3
10093,8364,outgoing,8
10093,8371,outgoing,1
10093,8379,outandin,1
10093,8394,outandin,3
10093,8410,outandin,2
10093,8425,incoming,2
10093,8433,outandin,1
10093,8436,,11
10093,8468,outandin,3
10093,8484,outandin,2
10093,8488,,12
10093,8491,outandin,2
10093,8519,incoming,1
10093,8580,outandin,2
10093,8613,outandin,2
10093,8637,incoming,2
10093,8641,outandin,3
10093,8659,incoming,5
10093,8660,outandin,4
10093,8683,outandin,12
10093,8691,outandin,1
10093,8694,outandin,1
10093,8739,incoming,1
10093,8748,outandin,3
10093,8775,outandin,1
10093,8803,outandin,4
10093,8819,outandin,2
10093,8839,outandin,1
10093,8848,incoming,3
10093,8853,outandin,4
10093,8870,incoming,4
10093,8903,outandin,1
10093,8904,incoming,2
10093,8936,outandin,1
10093,8945,outandin,3
10093,8964,outandin,2
10093,8972,outandin,2
10093,9032,outandin,2
10093,9052,outandin,1
10093,9065,outandin,3
10093,9075,outandin,1
10093,9080,outandin,1
10093,9092,incoming,6
10093,9098,outandin,1
10093,9117,outandin,4
10093,9123,outandin,2
10093,9138,outandin,2
10093,9159,outandin,1
10093,9162,incoming,2
10093,9217,outandin,1
10093,9302,outandin,2
10093,9331,outandin,1
10026,41,,15
10026,75,outandin,1
10026,124,,13
10026,196,outandin,1
10026,245,outandin,3
10026,289,,9
10026,444,,21
10026,765,outgoing,2
10026,881,,29
10026,1051,outgoing,1
10026,1113,outandin,4
10026,1179,,14
10026,1207,incoming,9
10026,1282,,5
10026,1429,,11
10026,1481,,4
10026,1633,outgoing,7
10026,1779,outgoing,1
10026,1830,outandin,1
10026,1896,incoming,11
10026,1926,,1
10026,2048,,4
10026,2093,,16
10026,2144,,7
10026,2173,,2
10026,2185,,11
10026,2482,outgoing,2
10026,2626,,4
10026,2672,,29
10026,2780,incoming,1
10026,2901,outgoing,3
10026,2923,outgoing,11
10026,3001,outgoing,1
10026,3009,,1
10026,3165,incoming,7
10026,3177,outandin,1
10026,3358,,40
10026,3574,,5
10026,3576,incoming,11
10026,3593,,9
10026,3808,,14
10026,3968,,10
10026,4049,,19
10026,4120,outandin,2
10026,4423,,7
10026,4552,incoming,1
10026,4594,,28
10026,4600,incoming,3
10026,4784,,8
10026,4860,incoming,4
10026,4898,,14
10026,5166,,7
10026,5741,,9
10026,5946,incoming,12
10026,5948,incoming,5
10026,5958,outandin,1
10026,6144,,2
10026,6358,,5
10026,6557,,8
10026,6904,incoming,6
10026,7032,,10
10026,7083,,4
10026,7325,outandin,3
10026,7470,,2
10026,7726,,2
10026,7867,,8
10026,7891,outgoing,2
10026,7977,,4
10026,8208,,6
10026,8405,incoming,1
10026,8586,incoming,2
10026,8954,incoming,7
10026,8963,outandin,1
10026,9044,incoming,10
10026,9089,incoming,3
10026,9127,outandin,7
10051,61,outandin,5
10051,121,,70
10051,123,outandin,2
10051,155,,4
10051,164,,11
10051,193,,9
10051,195,outandin,2
10051,242,,22
10051,289,outgoing,5
10051,296,outandin,1
10051,333,,1
10051,477,,12
10051,518,outgoing,1
10051,523,outandin,1
10051,545,outandin,1
10051,549,outgoing,1
10051,587,outgoing,3
10051,602,,1
10051,767,,1
10051,891,outandin,4
10051,924,incoming,5
10051,1026,incoming,2
10051,1044,outgoing,2
10051,1060,outgoing,1
10051,1125,outgoing,1
10051,1144,outandin,1
10051,1147,incoming,4
10051,1152,,2
10051,1219,,6
10051,1238,outgoing,94
10051,1345,incoming,1
10051,1367,,15
10051,1415,,5
10051,1468,outandin,2
10051,1524,outandin,1
10051,1569,outgoing,7
10051,1776,incoming,2
10051,1806,outandin,1
10051,1911,outandin,1
10051,1919,,1
10051,1949,,8
10051,2006,outandin,1
10051,2046,outgoing,7
10051,2127,,1
10051,2257,outgoing,1
10051,2267,outandin,1
10051,2355,incoming,1
10051,2380,,8
10051,2429,incoming,1
10051,2451,,4
10051,2476,outgoing,3
10051,2501,outandin,1
10051,2508,incoming,1
10051,2530,outandin,1
10051,2594,outandin,10
10051,2625,,16
10051,2681,,6
10051,2694,outandin,2
10051,2695,,8
10051,2705,outgoing,6
10051,2718,outandin,1
10051,2845,outandin,2
10051,2858,incoming,2
10051,2885,outgoing,4
10051,2938,,3
10051,3017,incoming,2
10051,3070,incoming,1
10051,3089,incoming,14
10051,3127,outgoing,2
10051,3134,outandin,1
10051,3169,incoming,2
10051,3239,outgoing,1
10051,3263,outandin,2
10051,3321,outandin,2
10051,3342,outandin,2
10051,3373,outandin,3
10051,3498,incoming,1
10051,3594,,1
10051,3753,outandin,1
10051,3941,incoming,3
10051,3944,incoming,2
10051,3990,,21
10051,4133,outandin,2
10051,4285,outgoing,1
10051,4293,outandin,1
10051,4396,outandin,2
10051,4699,outandin,1
10051,4706,,3
10051,4759,incoming,2
10051,4779,,9
10051,4876,,3
10051,4934,outandin,1
10051,5000,incoming,1
10051,5206,,3
10051,5218,incoming,5
10051,5226,outandin,1
10051,5287,outandin,2
10051,5360,incoming,1
10051,5441,outgoing,1
10051,5466,outandin,1
10051,5495,outandin,3
10051,5534,outandin,1
10051,5613,outandin,1
10051,5623,outandin,1
10051,5630,outandin,1
10051,5668,outandin,1
10051,5720,,1
10051,5798,outgoing,2
10051,5827,,8
10051,5888,outandin,1
10051,5929,,1
10051,5944,outgoing,1
10051,6003,,7
10051,6007,outgoing,1
10051,6013,outgoing,1
10051,6170,outgoing,3
10051,6220,outandin,1
10051,6395,incoming,2
10051,6446,outandin,2
10051,6503,outgoing,1
10051,6579,outgoing,1
10051,6585,outgoing,1
10051,6690,incoming,8
10051,6742,outandin,1
10051,6865,outgoing,1
10051,6868,outandin,2
10051,7052,,25
10051,7057,outgoing,10
10051,7067,outgoing,1
10051,7074,outandin,3
10051,7355,incoming,1
10051,7470,incoming,8
10051,7512,outandin,1
10051,7519,outandin,1
10051,7533,outgoing,5
10051,7561,incoming,1
10051,7695,outandin,4
10051,7797,outandin,1
10051,7814,outandin,1
10051,7883,,1
10051,7956,outandin,2
10051,7963,outandin,1
10051,7971,outandin,24
10051,7973,outandin,2
10051,8073,,1
10051,8204,outgoing,1
10051,8262,outandin,1
10051,8332,outandin,1
10051,8355,incoming,9
10051,8389,outandin,1
10051,8433,incoming,1
10051,8441,,2
10051,8468,outandin,1
10051,8491,outandin,1
10051,8519,,10
10051,8591,outandin,4
10051,8641,incoming,1
10051,8660,outandin,1
10051,8677,outandin,1
10051,8683,outandin,5
10051,8748,incoming,11
10051,8759,incoming,1
10051,8828,incoming,1
10051,8884,outandin,4
10051,8945,outandin,2
10051,8953,outandin,2
10051,8968,incoming,2
10051,9032,incoming,5
10051,9065,outandin,3
10051,9123,outandin,1
10051,9147,outandin,5
10051,9159,outandin,1
10051,9160,incoming,7
10051,9169,incoming,1
10051,9204,outandin,3
10051,9247,outandin,5
10051,9262,incoming,4
10051,9267,outandin,2
10051,9354,outandin,1
10088,153,,359
10088,195,outandin,1
10088,217,outgoing,4
10088,227,outgoing,4
10088,238,,102
10088,492,outgoing,1
10088,501,,1
10088,718,,2
10088,1066,incoming,5
10088,1099,outandin,1
10088,1158,,10
10088,1250,,4
10088,1307,,3
10088,1409,,3
10088,2066,outgoing,4
10088,2157,incoming,11
10088,2190,outgoing,2
10088,2317,outgoing,20
10088,2403,incoming,1
10088,2431,,6
10088,2709,outgoing,2
10088,2733,,12
10088,2862,,8
10088,2925,,4
10088,2972,,9
10088,3151,outgoing,2
10088,3306,,47
10088,3630,outandin,5
10088,3636,,5
10088,3954,outgoing,2
10088,3960,incoming,5
10088,4215,,3
10088,4264,,6
10088,4409,outandin,1
10088,4467,,3
10088,4507,,10
10088,4531,,1
10088,4807,,2
10088,4871,incoming,3
10088,5002,outgoing,3
10088,5076,,2
10088,5143,outandin,1
10088,5170,,11
10088,5197,,1
10088,5264,,6
10088,5416,outandin,4
10088,5705,,1
10088,5724,,3
10088,5863,outgoing,2
10088,5999,,1
10088,6060,,14
10088,6062,outandin,2
10088,6075,,5
10088,6110,,3
10088,6124,,1
10088,6223,incoming,5
10088,6506,,4
10088,6631,,1
10088,6635,outandin,2
10088,6924,,6
10088,6962,outandin,1
10088,6966,,1
10088,6993,incoming,9
10088,7122,incoming,3
10088,7311,outandin,1
10088,7371,outgoing,6
10088,7461,,3
10088,7721,,4
10088,7786,,8
10088,8025,outandin,2
10088,8040,,3
10088,8207,outgoing,2
10088,8249,incoming,60
10088,8454,incoming,3
10088,8523,,1
10088,8784,incoming,3
10088,8839,incoming,2
10088,8871,incoming,2
10088,8963,incoming,3
10088,9046,incoming,4
10088,9176,outandin,1
10088,9211,outandin,1
10088,9356,incoming,2
10037,60,,10
10037,156,outgoing,3
10037,203,,20
10037,254,,1
10037,421,incoming,6
10037,468,,12
10037,528,,7
10037,650,,14
10037,726,,4
10037,749,outgoing,1
10037,1164,,6
10037,1183,,2
10037,1201,,31
10037,1357,,2
10037,1477,,8
10037,1495,,8
10037,1856,outgoing,1
10037,2328,outgoing,2
10037,2491,outgoing,2
10037,2777,,2
10037,2877,,11
10037,2998,incoming,1
10037,3058,,8
10037,3060,incoming,1
10037,3176,,6
10037,3232,outgoing,4
10037,3502,,3
10037,3648,,7
10037,3679,,7
10037,3688,,1
10037,3845,,5
10037,3977,,1
10037,4054,outgoing,4
10037,4203,outandin,1
10037,4376,,7
10037,4473,,14
10037,4610,,1
10037,4657,,4
10037,4883,outandin,1
10037,5092,outandin,1
10037,5173,,8
10037,5356,outandin,1
10037,5638,outgoing,1
10037,5701,,21
10037,5920,outgoing,2
10037,5959,,16
10037,5987,,9
10037,6193,,15
10037,6288,outgoing,7
10037,6318,,21
10037,6460,outgoing,1
10037,7126,,4
10037,7244,incoming,2
10037,7358,,9
10037,7668,outandin,1
10037,7874,outandin,4
10037,8004,outandin,1
10037,8150,outandin,3
10037,8319,outandin,1
10037,8498,incoming,5
10037,8860,outandin,3
10037,9342,incoming,1
10177,111,outgoing,2
10177,135,outgoing,3
10177,164,,7
10177,193,,4
10177,242,,12
10177,289,outandin,1
10177,333,outgoing,1
10177,435,outandin,3
10177,477,,13
10177,495,outandin,1
10177,549,outgoing,1
10177,576,incoming,1
10177,587,outandin,1
10177,602,outgoing,2
10177,617,outandin,1
10177,767,,1
10177,845,incoming,2
10177,851,outgoing,3
10177,905,incoming,2
10177,924,outandin,4
10177,1026,incoming,3
10177,1044,outandin,1
10177,1060,outgoing,2
10177,1081,outandin,1
10177,1083,,6
10177,1096,,10
10177,1115,incoming,1
10177,1146,outandin,2
10177,1172,outandin,1
10177,1238,,10
10177,1313,,5
10177,1367,,19
10177,1415,,2
10177,1424,outandin,1
10177,1468,outgoing,5
10177,1496,outandin,1
10177,1527,,2
10177,1528,outandin,1
10177,1552,outandin,1
10177,1561,outgoing,2
10177,1569,outgoing,1
10177,1598,outandin,1
10177,1776,incoming,6
10177,1919,,2
10177,1949,,2
10177,2006,outandin,1
10177,2008,outandin,1
10177,2095,outandin,2
10177,2134,outandin,1
10177,2135,outandin,1
10177,2159,,3
10177,2163,outandin,3
10177,2197,outandin,1
10177,2210,outandin,1
10177,2247,outandin,1
10177,2261,outandin,2
10177,2346,outgoing,3
10177,2355,outandin,1
10177,2380,incoming,1
10177,2464,,5
10177,2479,incoming,1
10177,2492,,50
10177,2594,outandin,8
10177,2595,,6
10177,2612,incoming,1
10177,2625,,9
10177,2667,,1
10177,2675,outandin,1
10177,2695,,7
10177,2705,outgoing,8
10177,2728,outgoing,1
10177,2737,,2
10177,2829,incoming,2
10177,2884,outgoing,8
10177,2892,outandin,1
10177,2938,outandin,1
10177,3017,outandin,1
10177,3025,outandin,1
10177,3103,outgoing,1
10177,3127,outgoing,1
10177,3134,outgoing,1
10177,3140,outandin,1
10177,3169,outandin,1
10177,3172,outgoing,3
10177,3218,outandin,1
10177,3239,outandin,5
10177,3288,outgoing,2
10177,3316,outandin,1
10177,3321,outandin,4
10177,3342,outandin,1
10177,3361,outgoing,1
10177,3373,outandin,1
10177,3387,,6
10177,3468,outgoing,1
10177,3498,outandin,2
10177,3521,outandin,1
10177,3594,,1
10177,3604,outgoing,2
10177,3621,outandin,1
10177,3714,outandin,1
10177,3734,incoming,1
10177,3743,,1
10177,3839,outandin,3
10177,3873,,10
10177,3874,outandin,1
10177,3877,outandin,1
10177,3890,outgoing,1
10177,3970,outgoing,6
10177,3989,outandin,1
10177,3990,incoming,5
10177,4054,,1
10177,4063,outandin,1
10177,4270,outandin,6
10177,4287,incoming,3
10177,4396,outandin,1
10177,4409,outandin,2
10177,4423,,1
10177,4448,outgoing,2
10177,4585,outandin,3
10177,4607,,1
10177,4638,outandin,1
10177,4681,outandin,1
10177,4706,incoming,2
10177,4838,outandin,1
10177,4844,outandin,1
10177,4895,outandin,2
10177,4922,outandin,1
10177,4971,outgoing,1
10177,4982,incoming,1
10177,4984,outandin,1
10177,4992,,1
10177,5044,outgoing,2
10177,5120,outandin,1
10177,5143,outandin,2
10177,5195,outandin,2
10177,5206,incoming,1
10177,5322,outgoing,1
10177,5360,outandin,1
10177,5414,incoming,2
10177,5452,incoming,1
10177,5474,,13
10177,5486,,15
10177,5498,,6
10177,5516,incoming,1
10177,5520,,8
10177,5534,outgoing,1
10177,5550,outandin,1
10177,5613,outandin,1
10177,5623,outandin,2
10177,5630,,4
10177,5668,incoming,1
10177,5691,incoming,1
10177,5720,,1
10177,5729,,4
10177,5735,outandin,1
10177,5820,outgoing,2
10177,5862,,6
10177,5866,,1
10177,5876,outandin,1
10177,5888,outandin,5
10177,5892,outandin,1
10177,6215,outgoing,1
10177,6220,incoming,2
10177,6225,,1
10177,6276,outandin,6
10177,6355,outandin,2
10177,6365,,1
10177,6396,outgoing,2
10177,6463,outandin,1
10177,6467,outgoing,4
10177,6487,outgoing,1
10177,6606,,1
10177,6717,outandin,3
10177,6830,outgoing,1
10177,6940,outandin,1
10177,7045,incoming,1
10177,7052,,12
10177,7074,outandin,1
10177,7093,,4
10177,7135,outandin,2
10177,7171,outgoing,1
10177,7289,,2
10177,7318,outgoing,9
10177,7355,incoming,1
10177,7376,outandin,4
10177,7387,incoming,2
10177,7388,outandin,15
10177,7406,outandin,1
10177,7470,incoming,2
10177,7481,outgoing,1
10177,7498,outandin,1
10177,7501,outandin,1
10177,7641,,1
10177,7675,outandin,1
10177,7692,outgoing,3
10177,7741,outandin,2
10177,7781,,2
10177,7839,outandin,1
10177,7876,,1
10177,7910,outandin,3
10177,7926,incoming,5
10177,7963,outandin,1
10177,7970,outandin,1
10177,7973,outandin,1
10177,8017,,6
10177,8031,outgoing,8
10177,8033,,1
10177,8052,outgoing,1
10177,8112,outandin,1
10177,8134,,5
10177,8141,outandin,3
10177,8262,outandin,1
10177,8307,outandin,1
10177,8332,outandin,2
10177,8333,incoming,7
10177,8412,outandin,1
10177,8436,outandin,1
10177,8468,outandin,12
10177,8484,outandin,1
10177,8488,outandin,2
10177,8491,outandin,2
10177,8496,outandin,1
10177,8519,incoming,1
10177,8603,outandin,1
10177,8613,outandin,1
10177,8637,incoming,8
10177,8641,outandin,3
10177,8660,outandin,3
10177,8677,outandin,3
10177,8683,outandin,7
10177,8739,outandin,2
10177,8745,outandin,1
10177,8748,outandin,1
10177,8759,outandin,1
10177,8763,outandin,24
10177,8800,incoming,1
10177,8803,outandin,1
10177,8813,outandin,1
10177,8814,outandin,4
10177,8870,outandin,4
10177,8895,outandin,1
10177,8904,incoming,1
10177,8945,outandin,1
10177,8975,incoming,2
10177,9050,incoming,3
10177,9060,outandin,1
10177,9065,outandin,5
10177,9068,incoming,3
10177,9075,outandin,4
10177,9079,incoming,1
10177,9092,incoming,1
10177,9147,incoming,2
10177,9160,outandin,1
10177,9169,incoming,2
10177,9172,incoming,3
10177,9221,incoming,2
10177,9243,outandin,2
10177,9277,outandin,2
10177,9344,outandin,1
10009,11,,50
10009,57,outandin,1
10009,59,,6
10009,85,outgoing,1
10009,293,,5
10009,319,outandin,2
10009,498,,4
10009,534,outgoing,1
10009,599,outandin,2
10009,834,outandin,2
10009,978,outgoing,2
10009,1048,,15
10009,1061,,6
10009,1167,outandin,2
10009,1238,incoming,2
10009,1332,,5
10009,1436,outandin,1
10009,1474,outandin,1
10009,1583,outgoing,3
10009,1692,,2
10009,1724,,12
10009,1786,,4
10009,1866,outandin,6
10009,1872,,1
10009,2028,,3
10009,2511,,5
10009,2525,,12
10009,2624,,15
10009,3468,incoming,2
10009,3505,outgoing,1
10009,3531,outgoing,5
10009,3641,outandin,4
10009,3666,,3
10009,3699,,1
10009,3770,,3
10009,3831,outgoing,1
10009,3835,,5
10009,4085,,6
10009,4483,,7
10009,4637,,3
10009,4740,,7
10009,4857,,7
10009,5004,outandin,1
10009,5236,,1
10009,5545,outandin,6
10009,5772,,5
10009,5860,outandin,1
10009,5891,,4
10009,6119,,2
10009,6290,outandin,1
10009,6296,,18
10009,6311,outandin,1
10009,6417,,1
10009,6448,outandin,1
10009,6512,outandin,1
10009,6623,,6
10009,6626,,1
10009,6768,outandin,2
10009,6877,outgoing,2
10009,6888,outgoing,2
10009,7168,incoming,1
10009,7189,,11
10009,7244,outgoing,1
10009,7387,,3
10009,7405,outgoing,2
10009,7821,outandin,1
10009,7849,,8
10009,8178,outandin,1
10009,8213,outandin,5
10009,8354,outgoing,5
10009,8535,outandin,2
10009,8633,outandin,2
10009,8709,outandin,1
10009,8870,outandin,1
10191,98,outgoing,5
10191,359,outandin,1
10191,452,,11
10191,487,,13
10191,545,outandin,2
10191,710,outandin,1
10191,794,outgoing,4
10191,985,,9
10191,1054,outandin,1
10191,1224,,4
10191,1594,outandin,1
10191,1790,outgoing,1
10191,1899,,6
10191,2385,,3
10191,2390,,22
10191,2628,outgoing,1
10191,2639,outgoing,4
10191,2997,,3
10191,3350,,9
10191,3532,outgoing,4
10191,3853,outandin,5
10191,4182,,8
10191,4197,,12
10191,4203,outandin,1
10191,4625,outgoing,5
10191,4723,,9
10191,4732,outandin,1
10191,4775,outandin,1
10191,4842,outandin,5
10191,4963,outandin,1
10191,5058,outandin,1
10191,5063,outandin,1
10191,5141,,6
10191,5658,,4
10191,5740,outgoing,6
10191,5975,outgoing,8
10191,6210,outgoing,18
10191,6397,,32
10191,6508,,4
10191,6627,outgoing,2
10191,6700,outandin,6
10191,6705,outandin,1
10191,6961,outandin,2
10191,7133,outgoing,4
10191,7287,,7
10191,7373,outandin,8
10191,7557,,5
10191,7759,,5
10191,7981,incoming,1
10191,8137,,15
10191,8326,outgoing,1
10191,8549,,19
10191,8613,outandin,1
10191,8799,incoming,10
10191,8840,outandin,6
10191,9112,outandin,1
10191,9210,incoming,5
10191,9349,outandin,2
10070,116,,14
10070,130,incoming,7
10070,222,,7
10070,384,,6
10070,612,,7
10070,1180,,7
10070,1358,,2
10070,1471,incoming,7
10070,1527,outandin,2
10070,1673,,7
10070,1692,,2
10070,1792,,7
10070,1843,,12
10070,2227,outandin,1
10070,2423,,13
10070,2639,outgoing,8
10070,3044,,5
10070,3071,,4
10070,3167,,7
10070,3283,,5
10070,3626,,9
10070,3818,outgoing,1
10070,3853,outandin,1
10070,3951,outandin,4
10070,3998,,6
10070,4131,outgoing,1
10070,4142,,11
10070,4271,incoming,2
10070,4289,outandin,1
10070,4400,,11
10070,4476,,23
10070,4593,,6
10070,4962,,9
10070,4968,,6
10070,5023,outgoing,1
10070,5165,outandin,1
10070,5462,outgoing,1
10070,5463,incoming,2
10070,5786,,1
10070,5977,outgoing,1
10070,6233,,13
10070,6294,,7
10070,6311,,4
10070,6482,outgoing,1
10070,6705,,10
10070,6916,,7
10070,6930,,8
10070,7065,incoming,5
10070,7221,,2
10070,7750,,12
10070,7761,outandin,2
10070,8112,outandin,1
10070,8746,incoming,8
10070,8850,incoming,6
10019,25,,6
10019,108,,6
10019,329,,2
10019,483,outandin,1
10019,528,incoming,1
10019,682,outandin,1
10019,748,outandin,3
10019,1110,,8
10019,1554,,8
10019,1586,outandin,2
10019,2124,,12
10019,2321,outgoing,10
10019,2448,outandin,3
10019,2942,,3
10019,3218,outgoing,5
10019,3444,outandin,3
10019,3501,,13
10019,3566,incoming,2
10019,3604,,7
10019,3635,,13
10019,4194,outandin,1
10019,4240,outgoing,6
10019,4642,,13
10019,4665,outandin,1
10019,4788,outandin,1
10019,4851,outandin,3
10019,4961,,16
10019,5003,incoming,6
10019,5290,,9
10019,5388,outgoing,3
10019,5690,outandin,1
10019,5810,incoming,1
10019,5954,incoming,7
10019,6132,outandin,1
10019,6231,outgoing,7
10019,6704,,18
10019,6737,,7
10019,6867,outgoing,5
10019,6998,,5
10019,7163,incoming,4
10019,7252,outandin,1
10019,7339,,10
10019,7628,,4
10019,7658,,15
10019,7893,outandin,2
10019,7949,outgoing,6
10019,8088,,6
10019,8180,,6
10019,8288,incoming,2
10019,8325,,1
10019,8709,outandin,6
10019,8719,incoming,3
10019,8833,incoming,7
10019,9155,incoming,4
10036,55,,89
10036,90,outandin,1
10036,249,incoming,24
10036,462,,14
10036,546,,3
10036,698,,6
10036,827,,12
10036,1145,,11
10036,1539,,25
10036,1677,,27
10036,1794,,5
10036,2075,outgoing,2
10036,2085,,4
10036,2158,,8
10036,2165,,24
10036,2191,,31
10036,2192,incoming,4
10036,2262,outgoing,18
10036,2342,,16
10036,2458,,7
10036,2690,,14
10036,3004,outgoing,3
10036,3109,,10
10036,3145,,7
10036,3421,,14
10036,3533,,13
10036,3575,outgoing,2
10036,3642,,5
10036,4599,outgoing,1
10036,4656,,8
10036,4811,incoming,15
10036,5439,,4
10036,5447,,6
10036,5483,,14
10036,5519,outandin,6
10036,5681,,6
10036,6151,outandin,4
10036,6830,outandin,18
10036,6964,incoming,1
10036,6984,incoming,1
10036,7012,,5
10036,7085,outandin,1
10036,7471,outandin,2
10036,7661,outandin,1
10036,7681,outandin,2
10036,8152,,18
10036,8219,outgoing,1
10036,8630,outandin,1
10036,8651,incoming,2
10036,8664,incoming,1
10036,8896,incoming,7
10036,9154,incoming,6
10148,61,incoming,1
10148,113,outandin,1
10148,265,outandin,1
10148,302,,31
10148,410,outgoing,2
10148,421,,2
10148,611,,1
10148,692,,10
10148,705,outandin,1
10148,963,,2
10148,970,outgoing,1
10148,1038,outandin,1
10148,1078,outandin,1
10148,1183,,3
10148,1220,outandin,4
10148,1260,outandin,2
10148,1658,outandin,1
10148,1674,,6
10148,1684,outandin,1
10148,1867,outandin,2
10148,2282,outgoing,12
10148,2369,outgoing,3
10148,2446,,2
10148,2608,outgoing,9
10148,2969,,10
10148,3103,outgoing,2
10148,3142,outandin,1
10148,3147,,16
10148,3250,,8
10148,3331,outandin,1
10148,3348,outandin,1
10148,3525,,7
10148,3624,,2
10148,3696,,6
10148,3821,outgoing,2
10148,3975,outandin,1
10148,3982,,2
10148,4198,outandin,1
10148,4338,outandin,2
10148,4437,outandin,1
10148,4781,outandin,1
10148,4958,outgoing,5
10148,4981,,5
10148,5059,incoming,3
10148,5170,outandin,2
10148,5219,incoming,1
10148,5226,outandin,1
10148,5595,,2
10148,5880,incoming,1
10148,5889,,12
10148,5920,outgoing,1
10148,6237,,7
10148,6309,,5
10148,6338,,47
10148,6343,outandin,1
10148,6346,incoming,3
10148,6359,outandin,1
10148,6415,outandin,1
10148,6419,,5
10148,6445,,3
10148,6489,,4
10148,6548,,5
10148,6556,,7
10148,6707,outgoing,1
10148,6829,,21
10148,7161,,6
10148,7295,outandin,1
10148,7517,,7
10148,7580,incoming,2
10148,7587,incoming,5
10148,7763,outandin,2
10148,7767,,4
10148,7777,,5
10148,7786,outandin,1
10148,8004,outandin,1
10148,8132,outgoing,5
10148,8148,incoming,16
10148,8154,,5
10148,8482,outandin,2
10148,8496,outandin,2
10148,8498,incoming,12
10148,8715,incoming,4
10148,8777,outandin,2
10148,8964,outandin,2
10148,9122,incoming,3
10148,9146,outandin,1
10148,9279,outandin,1
10086,141,,8
10086,718,outgoing,1
10086,934,outandin,22
10086,1066,incoming,4
10086,1250,outgoing,1
10086,1409,,3
10086,1709,,7
10086,1916,outandin,1
10086,1973,,7
10086,2190,outgoing,1
10086,2311,outandin,1
10086,2403,incoming,1
10086,2563,outandin,1
10086,2573,,16
10086,2709,outgoing,1
10086,2885,,51
10086,2925,,5
10086,2972,outgoing,2
10086,3197,outgoing,4
10086,3536,outandin,2
10086,3554,outandin,1
10086,3597,,5
10086,3630,outandin,1
10086,3748,,28
10086,3789,outandin,1
10086,3960,outandin,1
10086,4000,,1
10086,4215,,1
10086,4440,,1
10086,4531,,1
10086,4587,outandin,1
10086,4807,,5
10086,4871,incoming,2
10086,5034,outandin,1
10086,5035,,3
10086,5143,outgoing,1
10086,5170,incoming,1
10086,5197,,1
10086,5264,outgoing,2
10086,5406,,2
10086,5441,outandin,1
10086,5724,,13
10086,5787,,4
10086,5983,,13
10086,6010,incoming,5
10086,6060,outgoing,2
10086,6110,,3
10086,6124,,1
10086,6299,outgoing,1
10086,6506,,1
10086,6631,outandin,2
10086,6924,,9
10086,6945,outandin,1
10086,6947,outandin,1
10086,6962,,5
10086,6966,outandin,2
10086,6975,outandin,1
10086,6988,,41
10086,7042,,2
10086,7228,,10
10086,7311,,7
10086,7461,outgoing,5
10086,7534,,13
10086,7721,incoming,3
10086,7963,outandin,1
10086,8056,outandin,1
10086,8207,outandin,4
10086,8239,incoming,5
10086,8249,outandin,31
10086,8495,outandin,1
10086,8523,incoming,2
10086,8664,outandin,1
10086,8693,incoming,11
10086,8784,incoming,3
10086,8839,incoming,5
10086,8871,incoming,4
10086,9094,outandin,2
10086,9265,incoming,1
10086,9356,incoming,1
10010,38,,7
10010,89,outandin,2
10010,147,outandin,1
10010,158,,1
10010,242,,4
10010,495,incoming,6
10010,551,outandin,3
10010,596,,1
10010,602,incoming,2
10010,825,outandin,3
10010,936,outgoing,1
10010,957,,1
10010,1021,,8
10010,1031,outgoing,1
10010,1044,outandin,2
10010,1140,outandin,1
10010,1187,outandin,1
10010,1214,outandin,1
10010,1745,,7
10010,1894,outandin,2
10010,2095,incoming,1
10010,2355,incoming,8
10010,2380,,2
10010,2492,,6
10010,2675,incoming,5
10010,2694,incoming,2
10010,2705,outgoing,2
10010,2772,,24
10010,2884,outandin,1
10010,3103,outandin,1
10010,3116,incoming,1
10010,3257,incoming,1
10010,3316,outandin,1
10010,3341,outandin,2
10010,3440,outgoing,1
10010,3452,outandin,1
10010,3478,outgoing,1
10010,3714,,3
10010,3860,outgoing,1
10010,3970,outgoing,2
10010,3990,outgoing,4
10010,4047,incoming,1
10010,4063,outandin,4
10010,4347,incoming,4
10010,4378,,2
10010,4431,outandin,1
10010,4554,outgoing,2
10010,4809,incoming,24
10010,4878,incoming,1
10010,5318,outandin,3
10010,5360,outandin,2
10010,5495,,5
10010,5876,outgoing,1
10010,5877,outandin,1
10010,5888,incoming,2
10010,6047,incoming,4
10010,6100,outgoing,1
10010,6146,incoming,1
10010,6534,outandin,1
10010,6549,incoming,1
10010,6568,incoming,2
10010,6582,outandin,1
10010,6659,outgoing,1
10010,6670,outgoing,2
10010,6671,outandin,2
10010,6682,outandin,1
10010,6740,outandin,1
10010,6754,,3
10010,7278,,4
10010,7482,outgoing,1
10010,7521,outandin,2
10010,7722,incoming,1
10010,7762,outandin,2
10010,7776,outandin,1
10010,7805,outandin,1
10010,7832,outandin,1
10010,7938,outandin,5
10010,8159,outandin,1
10010,8288,outandin,1
10010,8306,outandin,3
10010,8392,outandin,1
10010,8412,outandin,4
10010,8428,outandin,1
10010,8491,outandin,1
10010,9123,outandin,3
10052,53,outandin,1
10052,61,incoming,1
10052,75,outandin,3
10052,83,,11
10052,135,outandin,1
10052,182,outandin,1
10052,196,outgoing,1
10052,279,,18
10052,328,outandin,1
10052,333,incoming,2
10052,367,,15
10052,383,outgoing,3
10052,404,outgoing,4
10052,507,outandin,1
10052,765,,3
10052,767,,4
10052,779,outandin,1
10052,796,,7
10052,851,,4
10052,859,,15
10052,1070,outgoing,1
10052,1122,,35
10052,1147,outandin,1
10052,1238,incoming,1
10052,1291,incoming,1
10052,1444,outandin,1
10052,1454,,25
10052,1526,outandin,1
10052,1652,outgoing,3
10052,1750,,1
10052,1764,,22
10052,1845,outandin,2
10052,1887,,2
10052,1926,,28
10052,1979,outgoing,2
10052,2005,incoming,4
10052,2046,outgoing,1
10052,2128,incoming,2
10052,2219,,69
10052,2307,outandin,1
10052,2384,incoming,1
10052,2451,,1
10052,2492,outandin,1
10052,2564,,5
10052,2699,outandin,2
10052,2723,outandin,1
10052,2744,outandin,1
10052,2819,outgoing,13
10052,2893,,6
10052,2948,outandin,2
10052,2985,outgoing,1
10052,3089,incoming,3
10052,3138,outandin,1
10052,3169,incoming,1
10052,3174,incoming,3
10052,3180,outandin,1
10052,3256,outandin,1
10052,3259,incoming,3
10052,3288,outandin,1
10052,3331,outandin,1
10052,3388,outandin,1
10052,3405,outgoing,4
10052,3485,incoming,1
10052,3495,outandin,1
10052,3694,outandin,1
10052,3749,,7
10052,3788,outandin,3
10052,3789,outandin,2
10052,3936,,8
10052,4036,outandin,1
10052,4121,outgoing,1
10052,4209,outandin,1
10052,4442,,13
10052,4484,incoming,3
10052,4618,outandin,1
10052,4628,outandin,1
10052,4666,incoming,2
10052,4690,outandin,1
10052,4693,incoming,1
10052,4880,outandin,1
10052,4993,outgoing,2
10052,5153,outandin,1
10052,5200,,3
10052,5207,,11
10052,5318,incoming,2
10052,5386,,7
10052,5400,outandin,1
10052,5460,outandin,1
10052,5468,incoming,4
10052,5479,outandin,1
10052,5519,outandin,1
10052,5585,outgoing,1
10052,5630,outandin,1
10052,5638,incoming,1
10052,5735,outandin,1
10052,5745,outandin,1
10052,5929,,3
10052,5930,outandin,1
10052,5942,outandin,1
10052,5985,incoming,2
10052,6097,incoming,3
10052,6181,,9
10052,6229,,1
10052,6297,outgoing,19
10052,6425,outandin,1
10052,6702,outgoing,1
10052,6703,outandin,2
10052,6738,outgoing,1
10052,6813,,37
10052,6874,outandin,1
10052,6932,,13
10052,6964,outandin,1
10052,7068,incoming,3
10052,7080,outandin,1
10052,7094,outandin,1
10052,7110,outandin,1
10052,7206,outandin,1
10052,7295,outandin,1
10052,7300,,5
10052,7380,incoming,1
10052,7382,,16
10052,7470,incoming,10
10052,7587,,1
10052,7623,outandin,1
10052,7772,outandin,2
10052,7783,outgoing,3
10052,7800,outandin,1
10052,7810,,7
10052,7883,incoming,1
10052,8017,outandin,1
10052,8031,outandin,1
10052,8066,outandin,1
10052,8140,outandin,2
10052,8207,outandin,1
10052,8394,outandin,1
10052,8579,outandin,1
10052,8594,incoming,3
10052,8613,outandin,1
10052,8616,outandin,1
10052,8683,outandin,1
10052,8695,outandin,1
10052,8762,outandin,1
10052,8929,outandin,1
10052,8945,outandin,1
10052,8954,outandin,1
10052,8967,outandin,1
10052,9108,incoming,1
10052,9191,outandin,1
10054,134,,11
10054,135,,4
10054,139,incoming,1
10054,196,outgoing,1
10054,220,incoming,1
10054,398,incoming,3
10054,404,outandin,2
10054,497,outandin,1
10054,503,outgoing,1
10054,543,,2
10054,545,outandin,3
10054,587,outgoing,1
10054,596,,2
10054,721,outandin,1
10054,755,outandin,2
10054,851,outandin,10
10054,936,outandin,1
10054,1044,outandin,1
10054,1067,outandin,1
10054,1105,outgoing,1
10054,1144,outandin,1
10054,1219,outandin,2
10054,1238,,9
10054,1281,outgoing,4
10054,1309,outandin,1
10054,1428,outandin,2
10054,1510,incoming,1
10054,1520,outandin,3
10054,1598,outgoing,1
10054,1661,outandin,1
10054,1705,,1
10054,1781,incoming,1
10054,1793,outandin,1
10054,1872,outgoing,3
10054,1893,outandin,1
10054,1966,outandin,2
10054,1993,,1
10054,1995,incoming,1
10054,2040,,1
10054,2229,outandin,1
10054,2236,,2
10054,2268,incoming,2
10054,2327,outandin,1
10054,2355,outandin,2
10054,2402,outandin,1
10054,2404,outgoing,4
10054,2429,outandin,1
10054,2524,outandin,1
10054,2737,outgoing,3
10054,2786,outandin,1
10054,2829,outandin,1
10054,2840,,1
10054,2858,,3
10054,2948,outgoing,3
10054,3046,outgoing,2
10054,3089,outandin,1
10054,3155,outandin,1
10054,3169,incoming,1
10054,3177,,5
10054,3249,outgoing,1
10054,3254,outandin,2
10054,3399,outgoing,2
10054,3454,outandin,1
10054,3456,,1
10054,3612,,1
10054,3613,,4
10054,3714,outandin,1
10054,3770,,1
10054,3781,outgoing,2
10054,3933,outandin,1
10054,3989,outgoing,3
10054,4055,outandin,1
10054,4057,,1
10054,4152,outandin,1
10054,4309,,8
10054,4377,outandin,1
10054,4472,,1
10054,4486,incoming,1
10054,4498,outgoing,2
10054,4614,outgoing,3
10054,4637,incoming,1
10054,4696,,1
10054,4699,outandin,2
10054,4708,outandin,1
10054,4717,,1
10054,4757,outandin,4
10054,4768,,4
10054,4876,,2
10054,4878,outandin,1
10054,4934,outgoing,1
10054,4982,incoming,3
10054,5071,,5
10054,5106,outandin,1
10054,5107,incoming,1
10054,5158,outgoing,11
10054,5269,,11
10054,5449,,1
10054,5534,outgoing,3
10054,5554,,5
10054,5646,outandin,1
10054,5735,outandin,3
10054,5749,outandin,1
10054,5769,,72
10054,5833,,1
10054,5896,,4
10054,5902,incoming,1
10054,5944,outandin,1
10054,6001,incoming,1
10054,6005,incoming,1
10054,6013,outandin,1
10054,6182,,8
10054,6229,,6
10054,6262,outandin,1
10054,6271,outandin,1
10054,6290,outandin,2
10054,6345,outandin,4
10054,6361,outandin,1
10054,6422,incoming,2
10054,6427,outandin,1
10054,6446,outandin,1
10054,6485,incoming,1
10054,6491,,1
10054,6549,incoming,2
10054,6595,,1
10054,6626,outandin,1
10054,6649,outandin,2
10054,6716,outandin,1
10054,6723,,8
10054,6833,outandin,1
10054,6847,,7
10054,7024,outandin,1
10054,7045,,8
10054,7050,,1
10054,7061,outgoing,1
10054,7062,,9
10054,7393,outandin,1
10054,7405,outandin,1
10054,7464,outandin,1
10054,7743,outandin,1
10054,7800,outandin,1
10054,7802,incoming,1
10054,7891,incoming,1
10054,7926,outandin,1
10054,8006,outandin,1
10054,8034,outandin,1
10054,8077,outandin,1
10054,8239,outandin,1
10054,8247,outandin,1
10054,8398,incoming,1
10054,8423,incoming,2
10054,8425,incoming,1
10054,8436,outandin,1
10054,8468,outgoing,7
10054,8491,outandin,1
10054,8580,incoming,1
10054,8622,incoming,1
10054,8641,outandin,1
10054,8675,incoming,1
10054,8748,outandin,2
10054,8759,incoming,3
10054,8776,outandin,1
10054,8781,incoming,9
10054,8803,outandin,3
10054,8815,outandin,1
10054,8840,outandin,1
10054,8930,outandin,5
10054,8935,outandin,1
10054,8941,incoming,18
10054,8952,incoming,14
10054,8964,outandin,1
10054,8965,incoming,2
10054,9007,outandin,1
10054,9018,outandin,3
10054,9138,outandin,13
10054,9225,outandin,1
10054,9253,incoming,1
10054,9296,incoming,2
10056,22,outandin,2
10056,61,incoming,2
10056,75,incoming,1
10056,325,,16
10056,328,outgoing,1
10056,375,outandin,1
10056,412,outandin,1
10056,489,,4
10056,507,incoming,2
10056,530,incoming,2
10056,749,,1
10056,753,,2
10056,765,outandin,1
10056,786,,31
10056,851,incoming,6
10056,861,outandin,1
10056,934,outandin,1
10056,944,,4
10056,982,outgoing,1
10056,1172,outandin,1
10056,1497,,5
10056,1621,,7
10056,2046,outandin,1
10056,2723,,43
10056,2773,,14
10056,2807,outandin,1
10056,2825,outgoing,3
10056,2844,,44
10056,2998,,7
10056,3251,,5
10056,3314,outandin,1
10056,3331,incoming,8
10056,3495,,2
10056,3521,outandin,1
10056,3662,outandin,2
10056,3677,,2
10056,3788,outandin,1
10056,3789,outandin,1
10056,3796,,1
10056,3858,outandin,1
10056,3890,,3
10056,4166,,11
10056,4424,,2
10056,4437,,8
10056,4468,,9
10056,4484,outandin,1
10056,4638,outandin,1
10056,4753,outgoing,2
10056,4781,,5
10056,4928,incoming,1
10056,4956,outandin,1
10056,5074,outandin,8
10056,5092,outgoing,2
10056,5232,outgoing,1
10056,5489,incoming,1
10056,5519,outgoing,1
10056,5870,,17
10056,5920,outandin,2
10056,5942,outandin,1
10056,6090,,14
10056,6123,outgoing,1
10056,6331,outandin,1
10056,6385,,4
10056,6463,incoming,2
10056,6465,outandin,2
10056,6472,,5
10056,6702,outandin,2
10056,6710,outandin,1
10056,6779,incoming,1
10056,6887,outandin,1
10056,7022,,15
10056,7080,outandin,2
10056,7209,outgoing,2
10056,7295,outandin,2
10056,7308,incoming,4
10056,7341,outgoing,1
10056,7356,outgoing,5
10056,7380,outgoing,5
10056,7382,outandin,1
10056,7422,outgoing,1
10056,7470,outandin,1
10056,7486,,3
10056,7695,incoming,2
10056,8016,outandin,1
10056,8140,outandin,1
10056,8162,outandin,3
10056,8277,incoming,1
10056,8315,,3
10056,8664,outandin,1
10056,8791,outandin,1
10056,8825,incoming,1
10056,8863,incoming,27
10056,8875,incoming,9
10056,8883,outandin,1
10056,8903,outandin,1
10056,9271,outandin,3
10153,161,outgoing,2
10153,322,,4
10153,577,outgoing,8
10153,908,,5
10153,1207,incoming,1
10153,1234,outandin,4
10153,1238,,1
10153,1569,outandin,1
10153,1630,,2
10153,1652,outandin,2
10153,1761,,20
10153,1827,outandin,1
10153,1878,outandin,1
10153,2108,,29
10153,2569,outandin,1
10153,2764,,6
10153,3169,outandin,2
10153,3228,,10
10153,3365,,5
10153,3619,outandin,2
10153,3742,,10
10153,3874,outandin,1
10153,3970,outandin,2
10153,3992,,3
10153,4117,,1
10153,4176,outandin,1
10153,4736,outgoing,3
10153,4754,incoming,4
10153,4883,outandin,1
10153,5094,outandin,1
10153,5220,,10
10153,5233,,10
10153,5283,incoming,1
10153,5338,outandin,4
10153,5351,,9
10153,5477,incoming,2
10153,5502,,11
10153,5519,incoming,7
10153,6197,,15
10153,6372,outgoing,6
10153,6460,outandin,1
10153,6680,,13
10153,6703,outandin,1
10153,6818,,10
10153,6906,,11
10153,6978,,6
10153,7057,outgoing,1
10153,7068,incoming,1
10153,7085,outandin,1
10153,7272,,8
10153,7387,incoming,5
10153,7543,,7
10153,7680,,4
10153,7681,outandin,3
10153,7695,outandin,2
10153,7708,outgoing,6
10153,7988,,3
10153,8010,outandin,2
10153,8034,outandin,1
10153,8055,,1
10153,8115,,1
10153,8363,,7
10153,8381,,28
10153,8390,incoming,7
10153,8586,outandin,1
10153,8683,outandin,8
10153,8768,outandin,1
10153,8776,outandin,1
10153,8831,outandin,6
10153,8853,outandin,1
10153,8884,outandin,1
10153,8906,incoming,16
10153,9014,outandin,2
10153,9051,outandin,1
10153,9118,outandin,1
10153,9161,incoming,45
10066,107,outgoing,13
10066,110,outgoing,5
10066,260,outandin,2
10066,300,outgoing,1
10066,310,outandin,1
10066,427,outandin,2
10066,514,outgoing,7
10066,521,outgoing,3
10066,936,outandin,1
10066,1128,outgoing,1
10066,1230,outandin,1
10066,1284,outgoing,2
10066,1419,outgoing,1
10066,1448,outgoing,3
10066,1583,outgoing,8
10066,1637,outandin,2
10066,1776,outandin,4
10066,1790,outgoing,1
10066,1852,outandin,1
10066,1866,outandin,2
10066,2105,outandin,1
10066,2142,outandin,2
10066,2263,outandin,1
10066,2289,outandin,1
10066,2395,outgoing,12
10066,2468,outandin,1
10066,2487,outandin,2
10066,2589,outgoing,2
10066,2689,outandin,1
10066,2719,outandin,1
10066,2854,outgoing,19
10066,2987,outgoing,6
10066,3067,outandin,1
10066,3217,outgoing,5
10066,3380,outgoing,67
10066,3440,outgoing,1
10066,3692,outgoing,4
10066,3816,outandin,4
10066,4475,outandin,1
10066,4568,outandin,1
10066,4758,outgoing,2
10066,4813,outgoing,1
10066,4855,outandin,1
10066,4882,outandin,2
10066,4935,outgoing,6
10066,5000,outandin,1
10066,5178,outgoing,2
10066,5253,outandin,1
10066,5278,outgoing,7
10066,5420,outgoing,2
10066,5496,outgoing,2
10066,5666,outandin,3
10066,5696,outandin,1
10066,5739,outandin,1
10066,5813,outgoing,16
10066,5990,outandin,1
10066,6238,outgoing,7
10066,6277,outgoing,15
10066,6695,outgoing,5
10066,6789,outgoing,8
10066,6944,outgoing,3
10066,6961,outandin,1
10066,7198,outandin,1
10066,7282,outandin,2
10066,7370,outgoing,17
10066,7392,outandin,1
10066,7623,outandin,3
10066,8448,outandin,1
10066,8505,outgoing,7
10066,8527,outandin,1
10066,8631,outandin,15
10066,8810,outandin,1
10066,9074,outandin,1
10064,104,,6
10064,343,,9
10064,363,,1
10064,855,,10
10064,978,outgoing,1
10064,1116,,3
10064,1146,outgoing,1
10064,1406,,14
10064,1434,outgoing,2
10064,1469,,114
10064,1734,outgoing,1
10064,1793,outandin,6
10064,1796,,15
10064,1827,,3
10064,2124,,3
10064,2167,incoming,3
10064,2218,,6
10064,2273,incoming,2
10064,2378,incoming,32
10064,2430,,3
10064,2944,outgoing,4
10064,2957,incoming,1
10064,2992,outgoing,1
10064,3116,,8
10064,3142,outgoing,6
10064,3316,,2
10064,3537,outandin,2
10064,3732,,2
10064,3750,incoming,21
10064,3772,,4
10064,3824,,1
10064,4012,,7
10064,4094,,1
10064,4131,,4
10064,4227,,17
10064,4325,incoming,1
10064,4390,,6
10064,4474,incoming,25
10064,4486,,2
10064,4524,,3
10064,4532,incoming,2
10064,4743,outgoing,1
10064,4861,incoming,2
10064,5268,incoming,1
10064,5414,incoming,1
10064,5467,,1
10064,5793,,7
10064,6014,,3
10064,6020,outandin,4
10064,6047,outandin,3
10064,6626,outandin,1
10064,6752,outandin,2
10064,6833,outandin,1
10064,6849,outandin,1
10064,7392,,1
10064,7414,outgoing,1
10064,7426,outandin,1
10064,7501,outgoing,1
10064,7502,incoming,24
10064,7632,,8
10064,7828,,3
10064,8052,,2
10064,8130,,2
10064,8308,incoming,5
10064,8331,,17
10064,8514,incoming,3
10064,8570,outandin,23
10064,8626,outandin,5
10064,8719,incoming,9
10064,9248,outandin,1
10064,9285,incoming,2
10119,193,outandin,1
10119,214,,16
10119,342,,1
10119,658,,7
10119,680,,7
10119,962,outgoing,4
10119,995,outgoing,1
10119,1228,,14
10119,1310,,16
10119,1406,outandin,2
10119,1569,outandin,2
10119,1825,outandin,1
10119,1874,,6
10119,1931,,3
10119,2044,outgoing,2
10119,2227,outgoing,1
10119,2233,outandin,4
10119,2398,,4
10119,2536,outgoing,9
10119,2540,,20
10119,2623,outandin,1
10119,2626,,5
10119,2648,outandin,8
10119,2684,outandin,1
10119,2766,,4
10119,2892,outandin,2
10119,3197,outandin,1
10119,3478,outandin,1
10119,3766,,4
10119,4104,,35
10119,4176,outandin,1
10119,4398,,3
10119,4445,,19
10119,4645,outgoing,5
10119,4818,,22
10119,4833,,12
10119,4960,incoming,1
10119,5043,,6
10119,5622,,9
10119,5847,,8
10119,6439,,2
10119,6823,outgoing,7
10119,7147,,9
10119,7343,outandin,1
10119,7569,,9
10119,7758,outandin,1
10119,8088,incoming,5
10119,8112,outandin,2
10119,8333,incoming,4
10119,8439,outandin,2
10119,8697,outandin,11
10119,9047,incoming,1
10119,9118,incoming,3
10119,9178,outandin,1
10041,198,outgoing,1
10041,530,,16
10041,827,,11
10041,900,,6
10041,1427,,1
10041,1526,,7
10041,1539,,127
10041,1728,outgoing,1
10041,1763,,8
10041,1975,,4
10041,1987,outgoing,1
10041,2075,outgoing,1
10041,2099,,4
10041,2158,,3
10041,2195,,12
10041,2240,,7
10041,2307,outgoing,1
10041,2311,,6
10041,2454,,13
10041,2457,incoming,6
10041,2690,incoming,5
10041,2754,incoming,1
10041,2884,outgoing,1
10041,2945,,19
10041,2964,,3
10041,2965,outgoing,1
10041,3100,outgoing,9
10041,3109,incoming,2
10041,3169,incoming,7
10041,3414,,8
10041,3511,,8
10041,3521,outandin,1
10041,3678,outandin,2
10041,3691,outgoing,1
10041,3789,outandin,1
10041,3852,,3
10041,3854,,1
10041,3873,outandin,1
10041,4066,outandin,2
10041,4351,,8
10041,4373,,5
10041,4409,outandin,2
10041,4412,outgoing,1
10041,4437,outandin,1
10041,4444,,1
10041,4604,incoming,6
10041,4686,incoming,1
10041,4830,,1
10041,4844,,1
10041,5370,,6
10041,5396,,4
10041,5681,outandin,1
10041,5869,outandin,2
10041,5907,,7
10041,6055,,1
10041,6123,outgoing,1
10041,6308,outandin,1
10041,6415,outgoing,1
10041,6459,outgoing,1
10041,6579,,1
10041,6597,,3
10041,6777,incoming,1
10041,6782,outandin,1
10041,6830,outgoing,17
10041,6913,,6
10041,6933,,1
10041,6964,outandin,1
10041,6972,outgoing,2
10041,6984,,3
10041,7085,outandin,2
10041,7293,,23
10041,7294,outandin,3
10041,7305,incoming,5
10041,7444,,6
10041,7661,incoming,1
10041,7681,outgoing,2
10041,7695,outandin,1
10041,7951,outandin,1
10041,8050,outgoing,4
10041,8055,,3
10041,8057,,6
10041,8072,outgoing,1
10041,8177,outandin,3
10041,8333,outandin,3
10041,8350,outandin,1
10041,8624,incoming,13
10041,8630,incoming,3
10041,8664,outandin,1
10041,8716,incoming,2
10041,8898,outandin,15
10041,9029,outandin,1
10041,9301,outandin,1
10065,38,,4
10065,50,outandin,1
10065,61,outandin,3
10065,75,,5
10065,94,outandin,1
10065,158,,3
10065,196,incoming,4
10065,219,outandin,1
10065,277,,37
10065,314,outandin,1
10065,349,incoming,2
10065,383,outgoing,1
10065,410,outandin,2
10065,412,incoming,1
10065,435,outandin,1
10065,518,incoming,5
10065,528,outandin,1
10065,596,outandin,2
10065,617,,4
10065,700,outandin,1
10065,701,outandin,1
10065,755,outandin,1
10065,760,,6
10065,772,incoming,2
10065,800,outandin,1
10065,813,outgoing,2
10065,842,outandin,1
10065,931,outandin,2
10065,957,outgoing,1
10065,1060,outgoing,1
10065,1100,,7
10065,1147,outandin,1
10065,1194,outandin,2
10065,1238,outgoing,18
10065,1256,outgoing,2
10065,1258,outandin,1
10065,1281,outandin,1
10065,1286,outandin,1
10065,1322,,1
10065,1456,outandin,1
10065,1517,,10
10065,1528,incoming,1
10065,1531,outgoing,1
10065,1569,outandin,1
10065,1589,outandin,1
10065,1593,,2
10065,1598,outgoing,13
10065,1779,outgoing,1
10065,1931,outandin,1
10065,1950,incoming,6
10065,1970,,1
10065,2014,incoming,1
10065,2044,outandin,2
10065,2075,outgoing,2
10065,2104,outandin,1
10065,2145,outgoing,1
10065,2174,incoming,3
10065,2236,,1
10065,2369,outandin,1
10065,2460,,1
10065,2494,outgoing,1
10065,2699,,3
10065,2718,outandin,2
10065,2754,outandin,6
10065,2807,outandin,1
10065,2810,outandin,2
10065,2881,outandin,2
10065,2948,outgoing,1
10065,3089,outandin,1
10065,3128,outandin,1
10065,3169,incoming,2
10065,3198,,11
10065,3332,incoming,1
10065,3341,outandin,1
10065,3465,outandin,1
10065,3502,outgoing,3
10065,3552,outgoing,1
10065,3586,incoming,2
10065,3628,outandin,1
10065,3732,outandin,1
10065,3854,,2
10065,3941,incoming,1
10065,4005,outandin,1
10065,4024,outandin,1
10065,4043,outandin,1
10065,4057,,1
10065,4149,,1
10065,4192,outandin,1
10065,4198,,3
10065,4368,outandin,1
10065,4448,,12
10065,4452,outandin,1
10065,4534,,2
10065,4628,,2
10065,4734,,4
10065,4750,incoming,1
10065,4838,outandin,1
10065,4893,incoming,6
10065,5063,outandin,2
10065,5112,incoming,1
10065,5142,outgoing,5
10065,5165,outandin,1
10065,5195,outandin,1
10065,5223,,1
10065,5230,outandin,1
10065,5237,outandin,1
10065,5320,,5
10065,5406,outandin,1
10065,5443,outandin,1
10065,5477,outandin,1
10065,5490,outandin,1
10065,5623,incoming,3
10065,5639,outandin,1
10065,5691,outandin,2
10065,5707,outandin,3
10065,5737,outandin,1
10065,5752,outandin,6
10065,5790,outandin,1
10065,5808,,11
10065,5820,outandin,1
10065,5826,,2
10065,5849,incoming,1
10065,6007,outandin,1
10065,6029,outandin,1
10065,6030,outandin,1
10065,6103,outandin,1
10065,6128,outandin,2
10065,6147,outandin,1
10065,6161,incoming,2
10065,6173,outgoing,1
10065,6215,outandin,1
10065,6457,outandin,3
10065,6527,outgoing,3
10065,6552,incoming,1
10065,6579,outandin,2
10065,6585,,1
10065,6616,,2
10065,6626,outandin,1
10065,6779,incoming,1
10065,6843,outandin,1
10065,6984,incoming,1
10065,7042,outgoing,1
10065,7258,outandin,1
10065,7317,,1
10065,7356,outandin,3
10065,7444,outgoing,1
10065,7492,,1
10065,7510,incoming,3
10065,7623,outandin,1
10065,7637,,9
10065,7744,outgoing,2
10065,7748,outandin,1
10065,7772,outgoing,4
10065,7774,outgoing,1
10065,7789,outandin,2
10065,7811,,2
10065,7876,outandin,2
10065,7891,outandin,1
10065,7963,outandin,1
10065,8111,,21
10065,8123,outandin,1
10065,8262,outandin,1
10065,8272,incoming,2
10065,8333,outandin,2
10065,8355,outandin,1
10065,8404,incoming,1
10065,8501,outandin,1
10065,8516,outgoing,1
10065,8580,outandin,2
10065,8604,outandin,1
10065,8613,outandin,5
10065,8626,outandin,8
10065,8683,outandin,1
10065,8687,outandin,2
10065,8745,outandin,1
10065,8783,outandin,1
10065,8870,incoming,1
10065,8935,outandin,3
10065,8936,outandin,2
10065,8937,outandin,2
10065,8953,outandin,1
10065,8967,outandin,1
10065,8979,incoming,3
10065,9100,incoming,4
10065,9197,outandin,2
10014,18,,8
10014,286,outgoing,2
10014,1362,outgoing,2
10014,1591,,12
10014,1865,outgoing,12
10014,2177,,42
10014,2830,outgoing,5
10014,3799,incoming,2
10014,4051,,6
10014,4058,,3
10014,4083,,5
10014,4262,outgoing,2
10014,4282,,3
10014,4868,incoming,4
10014,4877,outgoing,2
10014,5127,,5
10014,5838,outandin,1
10014,6027,,2
10014,7058,outgoing,2
10014,7089,,4
10014,7264,,5
10014,7495,,4
10014,7549,,10
10014,7830,,6
10014,7866,outandin,15
10014,8039,outgoing,9
10014,8358,outgoing,3
10014,8417,outgoing,14
10014,8419,,5
10014,8638,outandin,15
10014,8792,outandin,6
10014,8801,incoming,2
10014,8832,incoming,1
10014,8990,incoming,3
10014,9041,incoming,5
10014,9078,incoming,6
10014,9156,incoming,5
10014,9187,incoming,1
10143,475,outandin,1
10143,483,outandin,4
10143,616,outgoing,3
10143,637,outgoing,13
10143,641,outandin,1
10143,1358,outgoing,2
10143,1380,outgoing,9
10143,1565,outandin,1
10143,1723,outgoing,2
10143,1769,outandin,2
10143,1792,outandin,4
10143,1889,outandin,2
10143,2000,outandin,1
10143,2256,outandin,1
10143,2589,outandin,2
10143,2628,outandin,1
10143,2689,outandin,8
10143,2934,outandin,2
10143,3708,outandin,8
10143,3727,outandin,3
10143,3853,outandin,1
10143,3898,outgoing,9
10143,4107,outgoing,3
10143,4222,outandin,2
10143,4652,outgoing,4
10143,4671,outgoing,4
10143,4872,outandin,3
10143,5079,outandin,2
10143,5084,outandin,6
10143,5165,outandin,1
10143,5282,outgoing,2
10143,5416,outandin,2
10143,5466,outandin,3
10143,5888,outandin,2
10143,5975,outandin,1
10143,5980,outandin,1
10143,6000,outgoing,5
10143,6002,outandin,1
10143,6332,outgoing,7
10143,6410,outgoing,19
10143,6576,outgoing,4
10143,6604,outgoing,1
10143,6634,outandin,17
10143,6836,outgoing,4
10143,6993,outandin,2
10143,7119,outandin,1
10143,7226,outgoing,1
10143,7239,outgoing,3
10143,7256,outandin,1
10143,7538,outandin,4
10143,7676,outandin,2
10143,7697,outgoing,8
10143,7744,outgoing,2
10143,7761,outandin,1
10143,7965,outgoing,17
10143,8052,outandin,1
10143,8070,outgoing,5
10143,8306,outandin,2
10143,8363,outandin,1
10143,8392,outandin,1
10143,8408,outgoing,2
10143,8441,outandin,1
10143,8452,outandin,2
10143,8495,outandin,1
10143,8505,outgoing,3
10143,8539,outandin,1
10143,9029,outandin,1
10031,22,outandin,1
10031,50,outandin,3
10031,188,outandin,1
10031,451,outandin,1
10031,521,outandin,1
10031,538,outandin,1
10031,616,outgoing,45
10031,723,outgoing,4
10031,763,outgoing,3
10031,1375,outandin,3
10031,2044,outgoing,1
10031,2261,outgoing,7
10031,2468,outandin,1
10031,2563,outandin,1
10031,2670,outgoing,3
10031,2729,outandin,1
10031,2852,outgoing,6
10031,2942,outandin,1
10031,2950,outandin,1
10031,3801,outgoing,1
10031,4063,outandin,1
10031,4072,outandin,1
10031,4079,outgoing,16
10031,4097,outandin,1
10031,4101,outgoing,5
10031,4159,outgoing,3
10031,4265,outgoing,1
10031,4280,outgoing,6
10031,4289,outandin,3
10031,4392,outgoing,12
10031,4622,outgoing,6
10031,4623,outgoing,6
10031,5073,outgoing,3
10031,5130,outandin,2
10031,5178,outgoing,6
10031,5441,outgoing,1
10031,5542,outandin,1
10031,5612,outgoing,7
10031,5646,outandin,2
10031,6114,outgoing,2
10031,6188,outgoing,4
10031,6451,outgoing,6
10031,6460,outandin,1
10031,6960,outgoing,10
10031,6985,outandin,3
10031,7107,outgoing,1
10031,7214,outandin,2
10031,7301,outgoing,4
10031,7510,outandin,1
10031,7673,outandin,3
10031,7677,outandin,1
10031,8085,outgoing,16
10031,8223,outgoing,5
10031,8390,outandin,2
10031,8448,outandin,1
10031,8660,outandin,1
10031,8787,outandin,2
10031,8878,outandin,1
10031,8971,outandin,3
10031,9018,outandin,1
10162,199,outandin,1
10162,242,,21
10162,280,outgoing,1
10162,357,,20
10162,456,,16
10162,467,incoming,1
10162,1507,outgoing,1
10162,1955,,2
10162,2241,outandin,2
10162,2796,outgoing,4
10162,3009,,4
10162,3311,incoming,3
10162,3499,,3
10162,4049,,11
10162,4894,outgoing,3
10162,5476,outandin,1
10162,5587,outandin,5
10162,6155,,1
10162,6257,incoming,6
10162,6281,outandin,1
10162,6378,outandin,2
10162,6782,incoming,2
10162,6929,outgoing,6
10162,7036,,10
10162,7649,,13
10162,7726,incoming,1
10162,7979,incoming,2
10162,8103,outandin,1
10162,8372,,19
10162,8456,outandin,3
10162,8465,,15
10162,8579,outandin,3
10162,8731,outandin,2
10162,8827,incoming,1
10162,8864,incoming,11
10162,9038,incoming,2
10162,9109,incoming,4
10162,9189,outandin,1
10013,17,,40
10013,127,outandin,1
10013,156,outandin,1
10013,372,outandin,1
10013,375,,11
10013,620,,3
10013,802,outandin,1
10013,1148,,43
10013,1151,,90
10013,1274,outgoing,2
10013,1528,outgoing,1
10013,1929,,17
10013,2383,outandin,2
10013,2537,,5
10013,2673,outandin,1
10013,2709,,23
10013,2922,,1
10013,2991,,34
10013,3486,incoming,4
10013,3557,,6
10013,4090,,15
10013,4409,outgoing,4
10013,4515,,22
10013,4523,outgoing,5
10013,4604,incoming,8
10013,4838,,3
10013,4853,,41
10013,4975,,4
10013,5568,,30
10013,5897,,10
10013,5998,,4
10013,6006,,5
10013,6064,outandin,1
10013,6122,,6
10013,6134,,3
10013,6272,outandin,1
10013,6383,incoming,1
10013,6399,,8
10013,6469,outandin,1
10013,6621,incoming,8
10013,6830,outgoing,4
10013,7017,,3
10013,7103,,2
10013,7131,,6
10013,7335,,8
10013,7559,outandin,3
10013,7605,,5
10013,7784,outgoing,1
10013,7898,,5
10013,8121,,9
10013,8173,incoming,3
10013,8257,,1
10013,8528,incoming,2
10013,8791,incoming,1
10013,8819,incoming,3
10013,9094,outandin,3
10060,93,outgoing,40
10060,251,outgoing,13
10060,427,outandin,1
10060,972,outandin,7
10060,1097,outandin,1
10060,1364,outgoing,3
10060,1413,outandin,7
10060,1419,outandin,1
10060,1499,outgoing,3
10060,1773,outandin,1
10060,2105,outandin,2
10060,2338,outandin,1
10060,2444,outgoing,5
10060,2468,outandin,9
10060,2628,outandin,1
10060,2689,outgoing,18
10060,2770,outgoing,4
10060,3002,outgoing,8
10060,3132,outgoing,1
10060,3217,outgoing,1
10060,3255,outandin,1
10060,4137,outandin,3
10060,4138,outandin,1
10060,4409,outandin,1
10060,4563,outgoing,1
10060,4568,outgoing,1
10060,4658,outandin,1
10060,4698,outandin,6
10060,5278,outandin,1
10060,5384,outandin,1
10060,5578,outgoing,7
10060,5694,outandin,1
10060,5818,outgoing,3
10060,5965,outandin,1
10060,5990,outandin,1
10060,6142,outgoing,7
10060,6975,outandin,5
10060,7282,outandin,1
10060,7501,outandin,1
10060,7520,outandin,1
10060,7553,outgoing,10
10060,7573,outandin,1
10060,8052,outandin,2
10060,8247,outgoing,2
10060,8326,outgoing,1
10060,8377,outgoing,2
10060,9207,outandin,1
10339,1007,outgoing,15
10339,1606,outgoing,7
10339,1636,outgoing,11
10339,1687,outgoing,5
10339,1916,outgoing,1
10339,1943,outgoing,17
10339,1957,outgoing,19
10339,2249,outgoing,6
10339,2264,outgoing,24
10339,2343,outgoing,7
10339,2450,outgoing,2
10339,2487,outandin,1
10339,2535,outgoing,10
10339,2581,outgoing,14
10339,2630,outgoing,8
10339,2661,outgoing,7
10339,2685,outgoing,3
10339,2876,outgoing,9
10339,3377,outandin,1
10339,3711,outgoing,2
10339,3716,outgoing,13
10339,3878,outgoing,7
10339,4020,outandin,6
10339,4120,outandin,1
10339,4775,outandin,1
10339,5524,outandin,2
10339,5580,outandin,1
10339,5598,outgoing,2
10339,6021,outgoing,17
10339,6870,outandin,1
10339,6969,outgoing,3
10339,7037,outandin,1
10339,7282,outandin,3
10339,7895,outgoing,19
10339,7906,outgoing,2
10339,8495,outandin,1
10339,8685,outandin,11
10030,48,outgoing,7
10030,127,outandin,2
10030,372,outgoing,18
10030,779,outandin,1
10030,802,outgoing,1
10030,1027,outgoing,10
10030,1151,outgoing,4
10030,1194,outandin,1
10030,1338,outandin,3
10030,1455,outandin,2
10030,1494,outandin,1
10030,1512,outgoing,9
10030,1740,outgoing,6
10030,2709,outandin,5
10030,2771,outgoing,15
10030,2832,outgoing,4
10030,2970,outgoing,1
10030,2972,outandin,1
10030,3139,outgoing,4
10030,3209,outandin,3
10030,3332,outandin,1
10030,3554,outgoing,8
10030,3701,outgoing,13
10030,3954,outgoing,14
10030,3979,outgoing,5
10030,4409,outgoing,18
10030,4587,outandin,4
10030,4689,outandin,1
10030,4866,outgoing,1
10030,4888,outgoing,9
10030,5147,outandin,1
10030,5390,outgoing,2
10030,5482,outgoing,1
10030,5636,outgoing,159
10030,6064,outgoing,5
10030,6084,outgoing,29
10030,6122,outgoing,4
10030,6383,outgoing,1
10030,6621,outandin,6
10030,6712,outandin,1
10030,6964,outandin,2
10030,6980,outandin,1
10030,6997,outgoing,2
10030,7372,outgoing,4
10030,7411,outandin,1
10030,7574,outgoing,3
10030,7655,outandin,2
10030,7661,outandin,1
10030,7784,outgoing,1
10030,7888,outgoing,1
10030,7900,outandin,7
10030,8143,outandin,3
10030,8173,outgoing,5
10030,8230,outgoing,4
10030,9018,outandin,2
10030,9054,outandin,1
10298,61,incoming,6
10298,135,incoming,2
10298,410,outandin,1
10298,472,outandin,20
10298,515,outandin,1
10298,724,incoming,12
10298,1100,outandin,1
10298,1750,incoming,1
10298,1867,outandin,2
10298,1926,outandin,2
10298,2005,outandin,3
10298,2010,outandin,1
10298,2146,incoming,46
10298,2163,outandin,1
10298,2201,incoming,10
10298,2285,outandin,1
10298,2383,outandin,3
10298,2711,incoming,4
10298,2880,outandin,1
10298,2913,incoming,1
10298,3135,outandin,1
10298,3223,incoming,18
10298,3301,incoming,17
10298,3585,outandin,2
10298,3778,incoming,1
10298,4235,outandin,1
10298,4437,outandin,1
10298,4485,incoming,5
10298,4545,incoming,7
10298,4578,outandin,1
10298,4666,incoming,2
10298,4993,outandin,1
10298,5068,incoming,13
10298,5517,incoming,7
10298,5539,outandin,1
10298,5745,outandin,1
10298,5767,incoming,5
10298,5909,incoming,6
10298,6063,incoming,3
10298,6097,incoming,15
10298,6104,incoming,5
10298,6220,outandin,1
10298,6343,outandin,1
10298,6690,outandin,2
10298,6707,outandin,1
10298,6835,incoming,15
10298,6843,outandin,1
10298,6870,incoming,5
10298,6881,incoming,6
10298,6995,incoming,7
10298,7046,incoming,3
10298,7098,incoming,7
10298,7166,incoming,2
10298,7183,incoming,8
10298,7222,outandin,1
10298,7361,incoming,1
10298,7374,incoming,5
10298,7470,outandin,2
10298,7629,incoming,2
10298,7834,incoming,3
10298,7909,outandin,7
10298,8168,incoming,5
10298,8472,outandin,6
10298,8696,incoming,7
10298,8798,outandin,3
10298,8909,outandin,3
10298,8925,incoming,23
10115,21,incoming,21
10115,61,outandin,2
10115,142,incoming,1
10115,158,outandin,1
10115,190,incoming,34
10115,237,incoming,8
10115,242,outandin,1
10115,294,outandin,2
10115,500,outandin,10
10115,511,outandin,2
10115,641,outandin,13
10115,714,outandin,1
10115,728,incoming,5
10115,753,outandin,2
10115,802,outandin,1
10115,814,incoming,6
10115,1026,incoming,1
10115,1084,incoming,11
10115,1135,incoming,2
10115,1183,incoming,2
10115,1741,incoming,2
10115,1812,incoming,8
10115,1824,outandin,4
10115,1920,outandin,1
10115,2014,incoming,23
10115,2229,outandin,1
10115,2492,outandin,1
10115,2834,outandin,1
10115,2934,incoming,1
10115,3209,incoming,7
10115,3377,incoming,3
10115,3528,incoming,4
10115,3612,outandin,3
10115,3774,outandin,1
10115,3851,outandin,2
10115,3899,incoming,3
10115,3956,incoming,7
10115,4325,outandin,1
10115,4409,outandin,1
10115,4486,incoming,4
10115,4601,incoming,1
10115,4614,outandin,1
10115,5051,incoming,1
10115,5106,incoming,3
10115,5120,incoming,19
10115,5237,outandin,1
10115,5525,incoming,8
10115,5526,incoming,4
10115,5852,incoming,7
10115,5964,incoming,1
10115,6047,incoming,10
10115,6173,outandin,1
10115,6344,incoming,2
10115,6386,incoming,4
10115,6459,outandin,1
10115,6485,incoming,1
10115,6700,outandin,1
10115,6833,incoming,1
10115,6874,incoming,2
10115,6889,outandin,1
10115,6940,outandin,1
10115,7343,outandin,2
10115,7360,incoming,7
10115,7454,outandin,1
10115,7574,outandin,1
10115,7741,outandin,2
10115,7758,outandin,1
10115,7812,outandin,1
10115,7951,outandin,1
10115,8004,incoming,2
10115,8322,incoming,4
10115,8333,outandin,1
10115,8391,outandin,1
10115,8401,outandin,1
10115,8491,outandin,1
10115,8498,incoming,7
10115,8880,outandin,1
10115,8883,outandin,2
10139,276,,19
10139,655,,5
10139,848,,3
10139,1102,,15
10139,1149,,41
10139,1196,,5
10139,1335,,24
10139,1567,,7
10139,1886,,16
10139,1909,,2
10139,1922,,13
10139,2079,,7
10139,2306,outgoing,2
10139,2529,,8
10139,2574,,12
10139,3193,outgoing,2
10139,3900,,10
10139,5040,outandin,1
10139,5161,,50
10139,5531,,6
10139,5816,,7
10139,6152,,5
10139,7575,,8
10139,7754,,3
10139,8140,outandin,1
10139,8260,outandin,1
10139,8323,,9
10139,9338,incoming,3
10057,89,outgoing,1
10057,127,outgoing,24
10057,135,outandin,3
10057,161,outgoing,4
10057,195,outandin,1
10057,196,outgoing,1
10057,333,outgoing,1
10057,397,outgoing,5
10057,404,outgoing,10
10057,451,outgoing,1
10057,472,outandin,11
10057,496,outgoing,5
10057,577,outandin,8
10057,603,outgoing,13
10057,622,outgoing,1
10057,676,outandin,2
10057,721,outandin,1
10057,757,outgoing,3
10057,781,outandin,1
10057,805,outgoing,17
10057,900,outandin,3
10057,954,outandin,1
10057,1022,outandin,2
10057,1060,outgoing,1
10057,1069,outgoing,3
10057,1187,outgoing,8
10057,1496,outgoing,1
10057,1701,outgoing,1
10057,1776,outandin,1
10057,1777,outgoing,2
10057,1894,outandin,1
10057,2237,outandin,1
10057,2247,outgoing,13
10057,2376,outandin,1
10057,2393,outandin,3
10057,2492,outgoing,13
10057,2623,outandin,1
10057,2729,outgoing,1
10057,2998,outandin,1
10057,3169,outandin,1
10057,3219,outandin,1
10057,3242,outgoing,1
10057,3594,outandin,1
10057,3612,outgoing,4
10057,3632,outgoing,12
10057,3641,outandin,1
10057,3746,outgoing,12
10057,3873,outgoing,1
10057,3956,outandin,2
10057,3997,outgoing,5
10057,4036,outandin,1
10057,4055,outgoing,1
10057,4082,outandin,1
10057,4136,outandin,1
10057,4174,outgoing,2
10057,4286,outandin,1
10057,4452,outandin,1
10057,4788,outandin,4
10057,4806,outgoing,2
10057,4931,outandin,1
10057,4982,outandin,1
10057,5153,outandin,3
10057,5218,outandin,2
10057,5229,outgoing,3
10057,5506,outgoing,3
10057,5876,outandin,2
10057,5904,outandin,6
10057,5972,outandin,1
10057,6047,outandin,1
10057,6173,outgoing,1
10057,6316,outgoing,1
10057,6322,outgoing,1
10057,6369,outgoing,1
10057,6388,outgoing,2
10057,6449,outandin,1
10057,6503,outandin,1
10057,6510,outandin,1
10057,6579,outandin,2
10057,6667,outandin,1
10057,6778,outgoing,3
10057,6826,outandin,2
10057,7174,outgoing,4
10057,7229,outgoing,4
10057,7317,outandin,1
10057,7355,outandin,1
10057,7470,outandin,1
10057,7691,outandin,1
10057,7774,outandin,1
10057,7883,outgoing,1
10057,7919,outandin,1
10057,8021,outandin,1
10057,8048,outgoing,5
10057,8225,outgoing,4
10057,8485,outandin,1
10057,8519,outandin,1
10057,8568,outandin,8
10057,8759,outandin,5
10058,124,incoming,10
10058,242,outandin,1
10058,289,incoming,4
10058,444,incoming,7
10058,881,incoming,7
10058,1051,outandin,1
10058,1113,outandin,1
10058,1207,incoming,21
10058,1282,incoming,1
10058,1350,outandin,3
10058,1474,incoming,7
10058,1779,outandin,4
10058,1825,outandin,1
10058,1896,incoming,10
10058,1982,outandin,2
10058,2093,incoming,11
10058,2144,outandin,1
10058,2173,incoming,4
10058,2530,outandin,2
10058,2619,incoming,8
10058,2672,outandin,7
10058,2780,incoming,7
10058,2796,outandin,1
10058,2825,incoming,1
10058,3001,outandin,1
10058,3165,incoming,4
10058,3285,outandin,6
10058,3358,incoming,20
10058,3574,outandin,1
10058,3576,incoming,12
10058,3593,incoming,5
10058,4049,incoming,5
10058,4594,incoming,1
10058,4606,outandin,5
10058,4790,outandin,6
10058,4860,incoming,9
10058,4898,incoming,7
10058,5166,incoming,9
10058,5353,outandin,2
10058,5603,incoming,10
10058,5668,incoming,13
10058,5741,incoming,2
10058,5801,outandin,2
10058,5898,outandin,1
10058,5946,incoming,3
10058,5948,incoming,3
10058,6358,incoming,3
10058,6401,outandin,1
10058,6481,incoming,6
10058,6557,outandin,2
10058,6874,incoming,5
10058,7083,incoming,10
10058,7435,outandin,1
10058,7470,outandin,1
10058,7539,incoming,5
10058,7726,incoming,1
10058,8027,incoming,16
10058,8208,incoming,1
10058,8405,incoming,16
10058,9089,incoming,1
10212,61,outandin,4
10212,196,outandin,8
10212,240,outandin,2
10212,262,outandin,1
10212,375,outandin,1
10212,405,outandin,1
10212,472,outandin,9
10212,476,outandin,1
10212,491,outandin,2
10212,515,outandin,1
10212,543,outandin,1
10212,577,outandin,36
10212,659,outandin,3
10212,694,outandin,7
10212,724,outandin,5
10212,757,outandin,2
10212,765,outandin,3
10212,767,outandin,34
10212,827,outandin,2
10212,851,outandin,1
10212,887,outandin,1
10212,898,outandin,4
10212,1022,outandin,2
10212,1172,outandin,3
10212,1221,outandin,66
10212,1238,outandin,1
10212,1258,outandin,1
10212,1455,outandin,1
10212,1483,outandin,1
10212,1652,outandin,1
10212,1920,outandin,1
10212,1947,outandin,1
10212,2044,outandin,2
10212,2075,outandin,6
10212,2185,outandin,1
10212,2376,outandin,2
10212,2403,outandin,2
10212,2601,outandin,2
10212,2656,outandin,1
10212,2744,outandin,1
10212,2817,outandin,2
10212,2950,outandin,3
10212,2998,outandin,4
10212,3082,outandin,1
10212,3135,outandin,1
10212,3153,outandin,1
10212,3291,outandin,1
10212,3496,outandin,1
10212,3526,outandin,1
10212,3611,outandin,1
10212,3677,outandin,2
10212,3821,outandin,2
10212,4101,outandin,7
10212,4203,outandin,1
10212,4256,outandin,1
10212,4346,outandin,1
10212,4484,outandin,1
10212,4578,outandin,3
10212,4693,outandin,3
10212,4846,outandin,1
10212,4919,outandin,11
10212,4937,outandin,4
10212,4956,outandin,8
10212,5191,outandin,7
10212,5249,outandin,7
10212,5272,outandin,3
10212,5422,outandin,1
10212,5626,outandin,1
10212,5920,outandin,1
10212,5965,outandin,1
10212,6041,outandin,1
10212,6063,outandin,1
10212,6079,outandin,2
10212,6099,outandin,1
10212,6111,outandin,5
10212,6120,outandin,1
10212,6123,outandin,4
10212,6242,outandin,1
10212,6327,outandin,1
10212,6343,outandin,1
10212,6359,outandin,19
10212,6361,outandin,1
10212,6428,outandin,1
10212,6448,outandin,2
10212,6464,outandin,3
10212,6478,outandin,2
10212,6485,outandin,1
10212,6577,outandin,1
10212,6627,outandin,1
10212,6644,outandin,1
10212,6716,outandin,2
10212,6823,outandin,1
10212,7026,outandin,1
10212,7046,outandin,1
10212,7313,outandin,2
10212,7317,outandin,1
10212,7374,outandin,2
10212,7461,outandin,1
10212,7492,outandin,1
10212,7609,outandin,1
10212,7657,outandin,4
10212,7691,outandin,1
10212,7761,outandin,1
10212,7783,outandin,3
10212,7789,outandin,5
10212,7834,outandin,1
10212,7995,outandin,1
10212,8034,outandin,1
10212,8054,outandin,1
10212,8076,outandin,2
10212,8149,outandin,1
10212,8198,outandin,1
10212,8262,outandin,1
10212,8394,outandin,3
10212,8457,outandin,6
10212,8498,outandin,1
10212,8539,outandin,2
10212,8620,outandin,1
10212,8687,outandin,1
10212,8708,outandin,5
10212,8747,outandin,1
10212,8791,outandin,2
10212,8861,outandin,1
10212,8877,outandin,9
10212,8979,outandin,1
10212,9018,outandin,2
10212,9068,outandin,1
