source,target,type
1,6,outandin
1,125,outandin
1,135,incoming
1,159,outandin
1,192,incoming
1,202,outandin
1,308,outandin
1,330,outandin
1,1217,outandin
1,1508,outandin
1,1565,outandin
1,1566,outandin
1,1620,outandin
1,1752,outandin
1,1810,incoming
1,1815,outandin
1,1953,outandin
1,2045,outandin
1,2125,incoming
1,2175,outandin
1,2244,outandin
1,2252,outandin
1,2266,outandin
1,2296,outandin
1,2303,outandin
1,2322,outgoing
1,2388,outandin
1,2642,outandin
1,2835,outandin
1,3366,outandin
1,3417,outandin
1,3527,incoming
1,3719,outandin
1,3830,outandin
1,4458,outandin
6,10,outandin
6,13,outandin
6,135,outandin
6,550,outandin
6,856,outandin
6,1018,outandin
6,1331,outandin
6,1363,incoming
6,1624,outandin
6,1752,outandin
6,1832,outandin
6,2028,outandin
6,2187,outandin
6,2188,outandin
6,2244,outandin
6,2642,outandin
6,3129,outandin
6,3810,outandin
135,13,outandin
135,25,outandin
135,167,outandin
135,178,outandin
135,192,outandin
135,204,outandin
135,223,outandin
135,245,outandin
135,330,outandin
135,342,outandin
135,361,outandin
135,395,outandin
135,1352,incoming
135,1363,outandin
135,1396,outandin
135,1453,outandin
135,1565,outandin
135,1815,outandin
135,2017,outandin
135,2158,outandin
135,2388,outandin
135,2498,outandin
135,2564,outandin
135,2848,outandin
135,2877,outandin
135,2943,outandin
135,2962,outandin
135,3025,outandin
135,3161,outandin
135,3314,outandin
135,3445,outandin
135,3545,outandin
135,3628,outandin
135,3636,outandin
135,3649,outandin
135,3903,incoming
135,3994,outandin
135,4163,outandin
135,4251,outandin
135,4275,outandin
135,4281,outandin
135,4304,outandin
135,4350,outandin
135,4406,outandin
135,4584,outandin
135,4590,outandin
159,2724,outandin
192,25,outandin
192,1318,outandin
192,1334,outandin
192,1352,outandin
192,1363,outandin
192,1386,outgoing
192,1396,outgoing
192,1615,outgoing
192,1810,outandin
192,2045,outgoing
192,2046,outgoing
192,2067,outandin
202,280,outandin
202,700,outandin
202,1018,outandin
202,1947,outandin
202,2188,outandin
202,3099,outandin
202,3101,outandin
202,3391,outandin
202,3730,outandin
202,3897,outandin
202,4096,outandin
202,4198,outandin
202,4478,outandin
202,4921,incoming
308,13,outandin
308,1018,outandin
308,2110,outandin
308,2388,outandin
308,2404,outandin
308,3099,outandin
308,3366,outandin
330,2056,outandin
330,3204,outandin
330,4157,outandin
1217,23,outandin
1217,39,outandin
1217,415,outandin
1217,1550,outandin
1217,1611,outandin
1217,1615,outgoing
1217,1998,outandin
1217,2313,outandin
1217,2470,outgoing
1217,2817,outandin
1217,2829,outandin
1217,2906,outandin
1217,3009,outandin
1217,3129,outandin
1217,3190,outandin
1217,3377,outandin
1217,3589,outandin
1217,4152,outandin
1217,4190,outandin
1508,280,outandin
1508,446,outandin
1508,1731,outandin
1508,2473,outandin
1508,2642,outandin
1508,3129,outandin
1508,3543,outandin
1508,3605,outandin
1508,3820,outandin
1508,3897,outandin
1508,3916,outandin
1508,4365,outandin
1508,4649,outandin
1565,17,outandin
1565,25,outandin
1565,96,outandin
1565,115,outandin
1565,215,outandin
1565,729,outgoing
1565,1018,outandin
1565,1318,outandin
1565,1334,outandin
1565,1386,outgoing
1565,1396,incoming
1565,1403,outandin
1565,1490,outandin
1565,1566,outgoing
1565,1620,outandin
1565,1656,outandin
1565,1719,outandin
1565,1764,outandin
1565,1771,outgoing
1565,1800,outandin
1565,1802,outandin
1565,1810,outandin
1565,1832,outandin
1565,1840,outandin
1565,1899,outandin
1565,1953,outandin
1565,1967,incoming
1565,1991,outandin
1565,2158,outandin
1565,2188,outandin
1565,2249,outandin
1565,2266,outandin
1565,2388,outandin
1565,2642,outandin
1565,2690,outandin
1565,2725,outandin
1565,2835,outandin
1565,2892,outandin
1565,2942,outandin
1565,3195,outandin
1565,3204,outandin
1565,3239,outandin
1565,3326,outandin
1565,3470,outandin
1565,3545,outandin
1565,3572,outandin
1565,3659,outandin
1565,3665,outandin
1565,3697,outandin
1565,3781,outandin
1565,3928,outandin
1565,3976,outandin
1565,4119,incoming
1565,4172,outandin
1565,4206,outandin
1565,4253,outandin
1565,4284,outandin
1565,4291,incoming
1565,4304,outandin
1565,4350,outandin
1565,4435,outandin
1565,4531,outandin
1565,4654,outandin
1565,4661,outandin
1565,4666,outandin
1565,4667,outandin
1565,4668,outandin
1565,4679,outandin
1565,4680,outandin
1565,4681,outandin
1565,4682,outandin
1565,4683,outandin
1565,4686,outandin
1566,545,outandin
1566,1352,outandin
1566,1396,outgoing
1620,1018,outandin
1620,1731,outandin
1620,1802,outandin
1620,2243,outandin
1620,2398,outandin
1620,2524,outandin
1620,2600,outandin
1620,2642,outandin
1620,2897,outandin
1620,3119,outandin
1620,3219,outandin
1620,3233,outandin
1620,3385,outandin
1620,3450,outandin
1752,309,outgoing
1752,1396,outgoing
1752,1585,outgoing
1752,1656,outgoing
1752,2165,incoming
1752,2885,outandin
1752,3744,outandin
1752,3921,outandin
1752,4224,outandin
1810,41,outandin
1810,57,incoming
1810,100,outandin
1810,270,outandin
1810,363,outandin
1810,395,outandin
1810,405,outandin
1810,592,outandin
1810,710,outandin
1810,905,incoming
1810,1018,outandin
1810,1258,outandin
1810,1267,outandin
1810,1502,outandin
1810,1512,outgoing
1810,1585,outgoing
1810,1629,outandin
1810,1675,outandin
1810,1693,outandin
1810,1719,outandin
1810,1746,outandin
1810,1754,outandin
1810,1764,outandin
1810,1765,outgoing
1810,1829,outgoing
1810,1911,outgoing
1810,1953,outgoing
1810,1967,incoming
1810,1975,outandin
1810,2003,outandin
1810,2012,outandin
1810,2019,outandin
1810,2028,outandin
1810,2050,outandin
1810,2067,incoming
1810,2083,outgoing
1810,2090,outgoing
1810,2098,outandin
1810,2110,outandin
1810,2125,outgoing
1810,2132,outgoing
1810,2187,outandin
1810,2249,outandin
1810,2252,outandin
1810,2262,outandin
1810,2266,incoming
1810,2296,incoming
1810,2333,outandin
1810,2402,outandin
1810,2494,outandin
1810,2498,outandin
1810,2518,outandin
1810,2536,outgoing
1810,2584,outandin
1810,2594,outandin
1810,2625,outandin
1810,2642,outandin
1810,2652,outandin
1810,2658,outandin
1810,2688,outandin
1810,2692,outandin
1810,2725,outandin
1810,2759,outandin
1810,2777,outandin
1810,2784,outandin
1810,2819,outandin
1810,2821,outandin
1810,2837,outandin
1810,2876,outandin
1810,2897,outandin
1810,2925,outandin
1810,2929,outandin
1810,2942,outandin
1810,2944,outandin
1810,2950,outandin
1810,2965,outandin
1810,2969,outandin
1810,2977,outandin
1810,2987,outandin
1810,2992,outandin
1810,3020,outandin
1810,3023,outandin
1810,3044,outandin
1810,3049,outandin
1810,3076,outandin
1810,3090,outandin
1810,3146,outandin
1810,3182,outandin
1810,3185,outandin
1810,3197,outandin
1810,3202,outandin
1810,3206,outandin
1810,3216,outandin
1810,3217,outandin
1810,3227,outandin
1810,3230,outandin
1810,3233,outandin
1810,3242,outandin
1810,3255,outandin
1810,3278,incoming
1810,3307,outandin
1810,3314,outandin
1810,3317,outandin
1810,3327,outandin
1810,3337,outandin
1810,3342,outandin
1810,3343,outandin
1810,3355,outandin
1810,3374,outandin
1810,3379,outandin
1810,3436,outandin
1810,3465,outandin
1810,3466,outandin
1810,3473,outandin
1810,3531,outandin
1810,3538,outandin
1810,3549,outandin
1810,3584,outandin
1810,3600,incoming
1810,3642,outandin
1810,3653,outandin
1810,3665,outandin
1810,3669,outandin
1810,3744,outandin
1810,3756,outandin
1810,3757,outandin
1810,3759,outandin
1810,3760,outandin
1810,3785,outandin
1810,3810,outandin
1810,3841,outandin
1810,3895,outandin
1810,3904,outandin
1810,3916,outandin
1810,4033,outandin
1810,4038,outandin
1810,4138,outandin
1810,4158,outandin
1810,4208,outandin
1810,4228,outandin
1810,4242,outandin
1810,4244,outandin
1810,4245,outandin
1810,4274,outandin
1810,4413,outandin
1810,4423,outandin
1810,4452,outandin
1810,4458,outandin
1810,4501,outandin
1810,4524,outandin
1810,4531,outandin
1810,4616,outandin
1810,4634,outandin
1810,4654,outandin
1810,4659,outandin
1810,4661,outandin
1810,4665,outandin
1810,4666,outandin
1810,4667,outandin
1810,4668,outandin
1810,4669,outandin
1810,4672,outandin
1810,4673,outandin
1810,4675,outandin
1810,4676,outandin
1810,4677,outandin
1810,4678,outandin
1810,4679,outandin
1810,4680,outandin
1810,4681,outandin
1810,4682,outandin
1810,4683,outandin
1810,4684,outandin
1810,4686,outandin
1810,4688,outandin
1810,4697,outandin
1810,4698,outandin
1810,4701,outandin
1810,4707,outandin
1810,4708,incoming
1810,4732,outandin
1810,4733,outandin
1810,4741,outandin
1810,4742,outandin
1810,4743,outandin
1810,4744,outandin
1810,4746,outandin
1810,4756,outandin
1810,4775,outandin
1810,4777,outandin
1810,4791,outandin
1810,4795,outandin
1810,4796,outandin
1810,4804,outandin
1810,4814,outandin
1810,4818,outandin
1810,4835,outandin
1810,4844,outandin
1810,4853,outandin
1810,4858,outandin
1810,4868,outandin
1810,4870,outandin
1815,905,outgoing
1815,2125,outandin
1815,2388,outandin
1815,2733,outgoing
1815,2861,outandin
1815,3345,outandin
1815,3578,outandin
1815,3744,outandin
1815,4531,outandin
1815,4654,outandin
1815,4661,outandin
1815,4666,outandin
1815,4667,outandin
1815,4668,outandin
1815,4669,outandin
1815,4672,outandin
1815,4673,outandin
1815,4675,outandin
1815,4676,outandin
1815,4677,outandin
1815,4678,outandin
1815,4679,outandin
1815,4680,outandin
1815,4681,outandin
1815,4682,outandin
1815,4683,outandin
1815,4684,outandin
1815,4686,outandin
1815,4688,outandin
1815,4701,outandin
1815,4707,outandin
1815,4733,outandin
1815,4743,outandin
1815,4744,outandin
1815,4747,outandin
1953,216,outandin
1953,304,outandin
1953,905,outgoing
1953,1396,outandin
1953,1693,outandin
1953,1890,outgoing
1953,1922,outgoing
1953,2045,outandin
1953,2118,outandin
1953,2125,outandin
1953,2343,outandin
1953,2363,outandin
1953,2371,outandin
1953,2378,outandin
1953,2388,outandin
1953,2392,outandin
1953,2416,outandin
1953,2511,outandin
1953,2558,outandin
1953,2624,outandin
1953,2635,outgoing
1953,2642,outandin
1953,2647,incoming
1953,2730,outandin
1953,2731,outandin
1953,2763,outandin
1953,2781,outandin
1953,2822,outandin
1953,2828,outandin
1953,2847,outandin
1953,2858,outandin
1953,2878,outandin
1953,2895,outandin
1953,2898,outandin
1953,2907,outandin
1953,2913,outandin
1953,2915,outandin
1953,2931,outgoing
1953,2949,outandin
1953,2952,outandin
1953,2954,outandin
1953,2959,outandin
1953,2963,outandin
1953,2966,outandin
1953,2975,outandin
1953,2991,outandin
1953,2997,outandin
1953,3003,outandin
1953,3006,outandin
1953,3010,outandin
1953,3011,outandin
1953,3016,outandin
1953,3031,outandin
1953,3033,outandin
1953,3035,outandin
1953,3037,outandin
1953,3038,outandin
1953,3042,outandin
1953,3043,outandin
1953,3063,outandin
1953,3069,outandin
1953,3070,outandin
1953,3072,outandin
1953,3074,outandin
1953,3075,outandin
1953,3077,outandin
1953,3079,outandin
1953,3083,outandin
1953,3084,outandin
1953,3085,outandin
1953,3086,outandin
1953,3088,outandin
1953,3091,outandin
1953,3093,outandin
1953,3094,outandin
1953,3096,outandin
1953,3100,outandin
1953,3104,outandin
1953,3136,outandin
1953,3165,outandin
1953,3184,outandin
1953,3189,outandin
1953,3192,outandin
1953,3204,outandin
1953,3207,outandin
1953,3210,outandin
1953,3260,outandin
1953,3323,outandin
1953,3353,outandin
1953,3400,outandin
1953,3409,outandin
1953,3422,outandin
1953,3501,outandin
1953,3521,outandin
1953,3579,outandin
1953,3620,outandin
1953,3641,outandin
1953,3652,outandin
1953,3694,outandin
1953,3765,outandin
1953,3852,outandin
1953,3863,outandin
1953,3865,outandin
1953,3903,outandin
1953,4075,outandin
1953,4099,outandin
1953,4107,outandin
1953,4133,outandin
1953,4172,incoming
1953,4266,incoming
1953,4314,outandin
1953,4323,outandin
1953,4638,outandin
1953,4735,outandin
1953,4770,outandin
2045,304,outandin
2045,492,outgoing
2045,900,outandin
2045,1018,outandin
2045,1363,outandin
2045,1792,outgoing
2045,2176,outandin
2045,2214,outgoing
2045,2306,outandin
2045,2318,outandin
2045,2861,outandin
2045,2880,outandin
2045,2901,outandin
2045,2962,outandin
2045,3029,outandin
2045,3315,outandin
2045,3318,outandin
2045,3319,outandin
2045,3410,outandin
2045,3445,outandin
2045,3578,outandin
2045,3582,outandin
2045,3714,outandin
2045,3719,outandin
2045,3744,outandin
2045,3756,outandin
2045,3757,outandin
2045,3759,outandin
2045,3760,outandin
2045,3781,outandin
2045,4107,outandin
2045,4362,outandin
2045,4531,outandin
2045,4654,outandin
2045,4661,outandin
2045,4666,outandin
2045,4667,outandin
2045,4668,outandin
2045,4672,outandin
2045,4673,outandin
2045,4675,outandin
2045,4921,outandin
2125,13,outandin
2125,141,outandin
2125,224,outandin
2125,363,outandin
2125,424,outandin
2125,533,outandin
2125,550,outandin
2125,1018,outandin
2125,1334,outgoing
2125,1639,outandin
2125,1731,outgoing
2125,1850,outandin
2125,1899,outandin
2125,2012,outandin
2125,2028,outandin
2125,2067,outgoing
2125,2110,outandin
2125,2124,outgoing
2125,2178,outgoing
2125,2266,outandin
2125,2269,outandin
2125,2296,outandin
2125,2351,outgoing
2125,2388,outandin
2125,2404,outandin
2125,2495,outgoing
2125,2552,outandin
2125,2593,outgoing
2125,2642,outandin
2125,2679,outandin
2125,2688,outandin
2125,2755,outandin
2125,2763,outandin
2125,2876,outandin
2125,2880,outandin
2125,2897,outandin
2125,2942,incoming
2125,2943,outandin
2125,2958,outandin
2125,2963,outandin
2125,2984,outandin
2125,3006,outandin
2125,3059,outandin
2125,3107,outandin
2125,3113,outandin
2125,3129,outandin
2125,3161,outandin
2125,3223,outandin
2125,3229,outandin
2125,3239,outandin
2125,3309,outandin
2125,3321,outandin
2125,3327,outandin
2125,3345,incoming
2125,3346,outandin
2125,3347,outandin
2125,3354,outandin
2125,3365,outandin
2125,3391,outandin
2125,3433,outandin
2125,3438,outandin
2125,3462,outandin
2125,3465,incoming
2125,3469,outandin
2125,3508,outandin
2125,3568,outandin
2125,3596,outandin
2125,3623,outandin
2125,3637,outandin
2125,3646,outandin
2125,3655,outandin
2125,3665,outandin
2125,3669,outandin
2125,3683,outandin
2125,3699,outandin
2125,3735,outandin
2125,3744,outandin
2125,3771,outandin
2125,3800,outandin
2125,3837,outandin
2125,3841,outandin
2125,3887,outandin
2125,3897,outandin
2125,3974,outandin
2125,4119,outandin
2125,4140,outandin
2125,4172,outandin
2125,4176,outandin
2125,4247,outandin
2125,4279,outandin
2125,4290,outandin
2125,4291,incoming
2125,4297,outandin
2125,4331,outandin
2125,4363,outandin
2125,4370,outandin
2125,4379,outandin
2125,4459,outandin
2125,4478,outandin
2125,4490,outandin
2125,4531,outandin
2125,4534,outandin
2125,4578,outandin
2125,4587,outandin
2125,4603,outandin
2125,4607,outandin
2125,4614,outandin
2125,4645,outandin
2125,4646,outandin
2125,4654,outandin
2125,4661,outandin
2125,4662,outandin
2125,4663,outandin
2125,4664,outandin
2125,4666,outandin
2125,4667,outandin
2125,4668,outandin
2125,4669,outandin
2125,4672,outandin
2125,4673,outandin
2125,4675,outandin
2125,4676,outandin
2125,4677,outandin
2125,4678,outandin
2125,4679,outandin
2125,4680,outandin
2125,4681,outandin
2125,4683,outandin
2125,4684,outandin
2125,4686,outandin
2125,4687,outandin
2125,4688,outandin
2125,4701,outandin
2125,4707,outandin
2125,4739,outandin
2125,4741,outandin
2125,4742,outandin
2125,4743,outandin
2125,4744,outandin
2125,4745,outandin
2125,4746,outandin
2125,4747,outandin
2125,4762,outandin
2125,4766,outandin
2125,4815,outandin
2125,4816,outandin
2125,4841,outandin
2125,4909,outandin
2125,4910,outandin
2125,4911,outandin
2125,4912,outandin
2125,4913,outandin
2125,4914,outandin
2175,4172,outandin
2175,4559,outandin
2175,4875,outandin
2244,481,outandin
2244,2388,outandin
2244,3191,outandin
2244,3369,outandin
2244,3602,outandin
2244,4123,outandin
2244,4304,outandin
2244,4329,outandin
2244,4335,outandin
2244,4368,outandin
2244,4390,outandin
2252,1018,outandin
2252,1334,outandin
2252,1656,outandin
2252,1958,outgoing
2252,2017,outandin
2252,2378,outandin
2252,2934,outandin
2252,3019,outandin
2252,3744,outandin
2252,3797,outandin
2252,4795,outandin
2266,144,outandin
2266,293,outandin
2266,418,outandin
2266,502,outandin
2266,642,outandin
2266,714,outandin
2266,1289,outandin
2266,1290,outandin
2266,1318,outandin
2266,1352,outandin
2266,1757,outgoing
2266,2017,outandin
2266,2063,outandin
2266,2090,outandin
2266,2103,outandin
2266,2192,outandin
2266,2291,outandin
2266,2296,outgoing
2266,2303,outgoing
2266,2306,outandin
2266,2343,outandin
2266,2344,outgoing
2266,2363,outandin
2266,2388,outandin
2266,2658,outandin
2266,2772,outandin
2266,2778,outandin
2266,2815,outandin
2266,2881,outgoing
2266,2887,outandin
2266,2897,outandin
2266,2934,incoming
2266,3003,outandin
2266,3027,outandin
2266,3059,outandin
2266,3062,outandin
2266,3108,outandin
2266,3109,outandin
2266,3116,outandin
2266,3193,outandin
2266,3223,outandin
2266,3233,outandin
2266,3237,outandin
2266,3258,outandin
2266,3259,outandin
2266,3287,outandin
2266,3314,outandin
2266,3319,outandin
2266,3326,outandin
2266,3333,outandin
2266,3341,outandin
2266,3349,outandin
2266,3354,outandin
2266,3373,outandin
2266,3374,outandin
2266,3376,outandin
2266,3378,outandin
2266,3431,outandin
2266,3432,outandin
2266,3463,outandin
2266,3498,outandin
2266,3553,outandin
2266,3554,outandin
2266,3555,outandin
2266,3556,outandin
2266,3557,outandin
2266,3558,outandin
2266,3562,outandin
2266,3563,outandin
2266,3564,outandin
2266,3565,outandin
2266,3566,outandin
2266,3569,outandin
2266,3570,outandin
2266,3593,outandin
2266,3619,outandin
2266,3653,outandin
2266,3689,outandin
2266,3699,outandin
2266,3711,outandin
2266,3727,outandin
2266,3797,outandin
2266,3821,outandin
2296,21,outandin
2296,57,outandin
2296,304,outgoing
2296,481,incoming
2296,486,outandin
2296,571,outandin
2296,640,outandin
2296,905,outandin
2296,1044,outandin
2296,1201,outandin
2296,1257,outandin
2296,1318,outandin
2296,1363,outandin
2296,1383,outandin
2296,1403,outandin
2296,1562,outandin
2296,1612,outandin
2296,1616,outandin
2296,1675,outandin
2296,1731,outandin
2296,1792,outandin
2296,1819,outandin
2296,2017,outandin
2296,2028,outgoing
2296,2063,outandin
2296,2080,outandin
2296,2262,outandin
2296,2388,outandin
2296,2392,outandin
2296,2563,outandin
2296,2590,outandin
2296,2609,outandin
2296,2642,incoming
2296,2688,outandin
2296,2725,outgoing
2296,2763,outandin
2296,2767,outandin
2296,2784,incoming
2296,2801,outandin
2296,2897,outandin
2296,2898,outandin
2296,2901,outgoing
2296,2929,outandin
2296,2934,outandin
2296,2942,outandin
2296,2944,outandin
2296,2961,outandin
2296,2969,outandin
2296,2977,outandin
2296,2987,outandin
2296,3054,outandin
2296,3114,outandin
2296,3145,outandin
2296,3161,outandin
2296,3182,outandin
2296,3195,outandin
2296,3197,outandin
2296,3219,outandin
2296,3253,outandin
2296,3254,outandin
2296,3273,outandin
2296,3311,outandin
2296,3316,outandin
2296,3326,outandin
2296,3341,outandin
2296,3353,outandin
2296,3366,outandin
2296,3410,outandin
2296,3414,outandin
2296,3436,outandin
2296,3449,outandin
2296,3496,outandin
2296,3543,outandin
2296,3549,outandin
2296,3571,outandin
2296,3621,outandin
2296,3626,outandin
2296,3640,incoming
2296,3643,outandin
2296,3648,outandin
2296,3661,outandin
2296,3670,outandin
2296,3676,outandin
2296,3682,outandin
2296,3706,outandin
2296,3714,outandin
2296,3715,outandin
2296,3729,outandin
2296,3744,outandin
2296,3767,outandin
2296,3810,incoming
2296,3825,outandin
2296,3828,outandin
2296,3929,outandin
2296,4011,outandin
2296,4119,outandin
2296,4275,outandin
2296,4278,outandin
2296,4363,outandin
2296,4375,outandin
2296,4379,outandin
2296,4383,outandin
2296,4387,outandin
2296,4421,outandin
2296,4432,outandin
2296,4450,outandin
2296,4456,outandin
2296,4519,outandin
2296,4531,outandin
2296,4535,outandin
2296,4649,outandin
2296,4800,outandin
2296,4802,outandin
2296,4870,outandin
2296,4907,outandin
2296,4926,outandin
2296,4986,outandin
2303,353,outandin
2303,383,outandin
2303,905,outandin
2303,3820,outandin
2303,3923,outandin
2303,4114,outandin
2303,4159,outandin
2303,4254,outandin
2303,4315,outandin
2322,1363,outandin
2322,2388,outandin
2322,3001,outandin
2322,3283,outandin
2322,3317,outandin
2322,3916,outandin
2322,4197,outandin
2322,4320,outandin
2322,4559,outandin
2322,4611,outandin
2322,4686,outandin
2322,4688,outandin
2322,4694,outandin
2322,4707,outandin
2322,4746,outandin
2322,4761,outandin
2322,4814,outandin
2322,4829,outandin
2322,4833,outandin
2322,4862,outandin
2322,4875,outandin
2322,4893,outandin
2388,25,outandin
2388,41,outandin
2388,57,outandin
2388,178,outandin
2388,353,outandin
2388,481,outandin
2388,539,outandin
2388,546,outandin
2388,592,outandin
2388,625,outandin
2388,1018,outandin
2388,1363,outandin
2388,1403,outandin
2388,1412,outandin
2388,1471,outandin
2388,1555,outandin
2388,1615,incoming
2388,1656,outandin
2388,1794,outandin
2388,1832,outandin
2388,1850,outandin
2388,1899,outandin
2388,2012,outandin
2388,2028,outandin
2388,2076,outgoing
2388,2110,outandin
2388,2158,outandin
2388,2176,outandin
2388,2262,outandin
2388,2328,outandin
2388,2397,outandin
2388,2430,outandin
2388,2442,outandin
2388,2484,outandin
2388,2642,outandin
2388,2658,outandin
2388,2690,outandin
2388,2724,outandin
2388,2725,outandin
2388,2733,outandin
2388,2775,outandin
2388,2780,outandin
2388,2795,outandin
2388,2835,outandin
2388,2837,outandin
2388,2848,outandin
2388,2880,outandin
2388,2898,outandin
2388,2901,outandin
2388,2903,outandin
2388,2929,outandin
2388,2948,outandin
2388,2950,outandin
2388,2987,outandin
2388,3020,outandin
2388,3025,outandin
2388,3044,outandin
2388,3071,outandin
2388,3105,outandin
2388,3106,outandin
2388,3107,outandin
2388,3129,outandin
2388,3142,outandin
2388,3146,outandin
2388,3162,outandin
2388,3208,outandin
2388,3219,outandin
2388,3265,outandin
2388,3273,outandin
2388,3288,outandin
2388,3315,outandin
2388,3319,outandin
2388,3326,outandin
2388,3333,outandin
2388,3341,outandin
2388,3366,outandin
2388,3378,outandin
2388,3449,outandin
2388,3465,outandin
2388,3473,outandin
2388,3485,outandin
2388,3489,outandin
2388,3528,outandin
2388,3541,outandin
2388,3545,outandin
2388,3552,outandin
2388,3560,outandin
2388,3562,outandin
2388,3567,outandin
2388,3592,outandin
2388,3596,outandin
2388,3600,outandin
2388,3644,outandin
2388,3707,incoming
2388,3715,outandin
2388,3719,outandin
2388,3724,outandin
2388,3728,outandin
2388,3735,outandin
2388,3744,incoming
2388,3756,outandin
2388,3757,outandin
2388,3759,outandin
2388,3760,outandin
2388,3807,outandin
2388,3829,outandin
2388,3903,outandin
2388,4098,outandin
2388,4131,outandin
2388,4158,outandin
2388,4205,outandin
2388,4236,outandin
2388,4298,outandin
2388,4346,outandin
2388,4404,outandin
2388,4636,outandin
2388,4649,outandin
2388,4694,outandin
2388,4851,outandin
2388,4891,outandin
2388,4898,outandin
2642,13,outandin
2642,41,outandin
2642,57,outandin
2642,146,outandin
2642,180,outandin
2642,188,outandin
2642,215,outandin
2642,238,outandin
2642,242,outandin
2642,304,outandin
2642,353,outandin
2642,363,outandin
2642,481,outandin
2642,540,outandin
2642,546,outandin
2642,550,outandin
2642,592,outandin
2642,700,outandin
2642,729,outandin
2642,792,outandin
2642,804,outandin
2642,856,outandin
2642,905,outandin
2642,1018,outandin
2642,1052,outandin
2642,1271,outandin
2642,1295,outandin
2642,1394,outandin
2642,1403,outandin
2642,1490,outandin
2642,1499,outandin
2642,1502,outandin
2642,1612,outandin
2642,1674,outandin
2642,1675,outandin
2642,1731,outandin
2642,1788,outandin
2642,1819,outandin
2642,1832,outandin
2642,1911,outandin
2642,1916,outandin
2642,1967,outandin
2642,1971,outandin
2642,1981,outandin
2642,1991,outandin
2642,1998,outandin
2642,2028,outandin
2642,2050,outandin
2642,2063,outandin
2642,2067,outandin
2642,2079,outandin
2642,2110,outandin
2642,2165,outandin
2642,2176,outandin
2642,2212,outandin
2642,2249,outandin
2642,2262,incoming
2642,2291,outandin
2642,2306,outandin
2642,2315,outandin
2642,2318,outandin
2642,2334,outandin
2642,2343,outandin
2642,2391,outandin
2642,2392,outandin
2642,2397,outandin
2642,2404,outandin
2642,2409,outandin
2642,2464,outandin
2642,2472,outandin
2642,2476,outandin
2642,2484,outandin
2642,2487,outandin
2642,2496,outandin
2642,2498,outandin
2642,2524,outgoing
2642,2552,outandin
2642,2600,outandin
2642,2610,outandin
2642,2612,outandin
2642,2625,outandin
2642,2661,outandin
2642,2688,incoming
2642,2725,outandin
2642,2728,outandin
2642,2731,outandin
2642,2733,outandin
2642,2755,outandin
2642,2758,outgoing
2642,2767,outandin
2642,2780,outandin
2642,2784,outandin
2642,2788,outandin
2642,2805,outandin
2642,2809,outandin
2642,2819,outandin
2642,2839,outandin
2642,2865,outandin
2642,2876,outandin
2642,2880,outandin
2642,2889,outandin
2642,2894,outandin
2642,2897,outandin
2642,2926,outandin
2642,2934,outandin
2642,2942,outandin
2642,2944,outandin
2642,2961,outandin
2642,2963,outandin
2642,2968,outandin
2642,2977,outandin
2642,2981,outandin
2642,2987,outandin
2642,2993,outandin
2642,2994,outandin
2642,3003,outandin
2642,3005,outandin
2642,3006,outandin
2642,3013,outandin
2642,3020,outandin
2642,3044,outandin
2642,3048,outandin
2642,3050,outandin
2642,3056,outandin
2642,3062,outandin
2642,3078,outandin
2642,3080,outandin
2642,3099,outandin
2642,3101,outandin
2642,3104,outandin
2642,3105,outandin
2642,3107,outandin
2642,3110,outandin
2642,3111,outandin
2642,3112,outandin
2642,3113,outandin
2642,3119,outandin
2642,3120,outandin
2642,3121,outandin
2642,3126,outandin
2642,3136,outandin
2642,3137,outandin
2642,3138,outandin
2642,3141,outandin
2642,3142,outandin
2642,3146,outandin
2642,3150,outandin
2642,3160,outandin
2642,3161,outandin
2642,3168,outandin
2642,3172,outandin
2642,3175,outandin
2642,3181,outandin
2642,3182,outandin
2642,3183,outandin
2642,3185,outandin
2642,3187,outandin
2642,3195,outandin
2642,3197,outandin
2642,3202,outandin
2642,3203,outandin
2642,3208,outandin
2642,3214,outandin
2642,3219,outandin
2642,3222,outandin
2642,3223,outandin
2642,3225,outandin
2642,3229,outandin
2642,3231,outandin
2642,3236,outandin
2642,3237,outandin
2642,3239,outandin
2642,3241,outandin
2642,3246,outandin
2642,3247,outandin
2642,3268,outandin
2642,3273,outandin
2642,3274,outandin
2642,3276,outandin
2642,3277,outandin
2642,3291,outandin
2642,3292,outandin
2642,3297,outandin
2642,3302,outandin
2642,3306,outandin
2642,3312,outandin
2642,3316,outandin
2642,3317,outandin
2642,3319,outandin
2642,3335,outandin
2642,3336,outandin
2642,3341,outandin
2642,3342,outandin
2642,3345,outandin
2642,3348,outandin
2642,3352,outandin
2642,3366,outandin
2642,3368,outandin
2642,3370,outandin
2642,3374,outandin
2642,3380,outandin
2642,3382,outandin
2642,3383,outandin
2642,3387,outandin
2642,3391,outandin
2642,3392,outandin
2642,3395,outandin
2642,3404,outandin
2642,3405,outandin
2642,3408,outandin
2642,3412,outandin
2642,3415,outandin
2642,3417,outandin
2642,3419,outandin
2642,3427,incoming
2642,3433,outandin
2642,3435,outandin
2642,3441,outandin
2642,3443,outandin
2642,3444,outandin
2642,3448,outandin
2642,3449,outandin
2642,3451,outandin
2642,3452,incoming
2642,3455,outandin
2642,3458,outandin
2642,3462,outandin
2642,3463,outandin
2642,3464,outandin
2642,3465,outandin
2642,3475,outandin
2642,3479,outandin
2642,3487,outandin
2642,3500,outandin
2642,3503,outandin
2642,3506,outandin
2642,3511,outandin
2642,3514,outandin
2642,3515,outandin
2642,3523,outandin
2642,3526,outandin
2642,3533,outandin
2642,3534,outandin
2642,3535,outandin
2642,3538,outandin
2642,3543,outandin
2642,3545,outandin
2642,3548,outandin
2642,3549,outandin
2642,3568,outandin
2642,3573,outandin
2642,3582,outandin
2642,3585,outandin
2642,3590,outandin
2642,3591,outandin
2642,3598,outandin
2642,3600,outandin
2642,3605,outandin
2642,3608,outandin
2642,3609,outandin
2642,3611,outandin
2642,3612,outandin
2642,3613,outandin
2642,3618,outandin
2642,3623,outandin
2642,3624,outandin
2642,3628,outandin
2642,3642,outandin
2642,3646,outandin
2642,3647,outandin
2642,3649,outandin
2642,3650,outandin
2642,3662,outandin
2642,3664,outandin
2642,3668,outandin
2642,3675,outandin
2642,3677,outandin
2642,3679,outandin
2642,3681,outandin
2642,3682,outandin
2642,3684,outandin
2642,3687,outandin
2642,3688,outandin
2642,3696,outandin
2642,3697,outandin
2642,3702,outandin
2642,3703,outandin
2642,3715,outandin
2642,3719,outandin
2642,3722,incoming
2642,3723,outandin
2642,3724,outandin
2642,3725,outandin
2642,3735,outandin
2642,3738,outandin
2642,3767,outandin
2642,3769,outandin
2642,3778,outandin
2642,3783,outandin
2642,3797,outandin
2642,3801,outandin
2642,3808,outandin
2642,3810,outandin
2642,3813,outandin
2642,3814,outandin
2642,3815,outandin
2642,3820,outandin
2642,3821,outandin
2642,3822,outandin
2642,3825,outandin
2642,3828,outandin
2642,3832,outandin
2642,3846,outandin
2642,3848,outandin
2642,3854,outandin
2642,3856,outandin
2642,3860,outandin
2642,3862,outandin
2642,3875,outandin
2642,3883,outandin
2642,3887,outandin
2642,3891,outandin
2642,3892,outandin
2642,3894,outandin
2642,3897,outandin
2642,3903,outandin
2642,3904,outandin
2642,3913,outandin
2642,3916,outandin
2642,3917,outandin
2642,3924,outandin
2642,3926,outandin
2642,3927,outandin
2642,3928,outandin
2642,3972,outandin
2642,3981,outandin
2642,3998,outandin
2642,4005,outandin
2642,4011,outandin
2642,4013,outandin
2642,4025,outandin
2642,4028,outandin
2642,4029,outandin
2642,4038,outandin
2642,4047,outandin
2642,4048,outandin
2642,4078,outandin
2642,4084,outandin
2642,4098,outandin
2642,4113,outandin
2642,4118,outandin
2642,4135,outandin
2642,4142,outandin
2642,4159,outandin
2642,4165,outandin
2642,4172,outandin
2642,4189,outandin
2642,4197,outandin
2642,4217,outandin
2642,4266,outandin
2642,4269,outandin
2642,4273,outandin
2642,4283,outandin
2642,4291,incoming
2642,4309,outandin
2642,4336,outandin
2642,4350,outandin
2642,4363,outandin
2642,4375,outandin
2642,4379,outandin
2642,4391,outandin
2642,4393,outandin
2642,4401,outandin
2642,4402,outandin
2642,4430,outandin
2642,4434,outandin
2642,4439,outandin
2642,4442,outandin
2642,4443,outandin
2642,4447,outandin
2642,4449,outandin
2642,4459,outandin
2642,4518,outandin
2642,4524,outandin
2642,4554,outandin
2642,4568,outandin
2642,4576,outandin
2642,4599,outandin
2642,4608,outandin
2642,4801,outandin
2642,4867,outandin
2835,13,outandin
2835,146,outandin
2835,361,incoming
2835,540,outandin
2835,664,outandin
2835,1159,outandin
2835,1334,outandin
2835,1363,outandin
2835,1629,outandin
2835,1802,outandin
2835,1947,outandin
2835,2028,outandin
2835,2110,outandin
2835,2176,outandin
2835,2262,outandin
2835,2397,outandin
2835,2498,outandin
2835,2538,outandin
2835,2600,outandin
2835,2725,incoming
2835,2763,outandin
2835,2780,outandin
2835,2848,outandin
2835,2897,outandin
2835,2961,outandin
2835,3002,outandin
2835,3020,outandin
2835,3050,outandin
2835,3099,outandin
2835,3119,outandin
2835,3159,outandin
2835,3161,outandin
2835,3225,outandin
2835,3349,outandin
2835,3531,outandin
2835,3598,outandin
2835,3649,outandin
2835,3744,outandin
2835,3815,outandin
2835,4084,outandin
2835,4284,outandin
2835,4546,outandin
2835,4694,outandin
2835,4841,outandin
2835,4965,outandin
3366,312,outandin
3366,537,outandin
3366,546,outandin
3366,1018,outandin
3366,1334,outandin
3366,1612,outandin
3366,1840,outandin
3366,1899,outandin
3366,1948,outandin
3366,2028,outandin
3366,2067,outandin
3366,2188,outandin
3366,2306,outandin
3366,2398,outandin
3366,2437,outandin
3366,2755,outandin
3366,2775,outandin
3366,2897,outandin
3366,3000,outandin
3366,3099,outandin
3366,3113,outandin
3366,3161,outandin
3366,3195,outandin
3366,3219,outandin
3366,3250,outandin
3366,3264,outandin
3366,3349,outandin
3366,3374,outandin
3366,3378,outandin
3366,3381,outandin
3366,3429,outandin
3366,3445,outandin
3366,3448,outandin
3366,3456,outandin
3366,3467,outandin
3366,3471,outandin
3366,3472,outandin
3366,3481,outandin
3366,3524,outandin
3366,3533,outandin
3366,3549,outandin
3366,3585,outandin
3366,3586,outandin
3366,3641,outandin
3366,3735,outandin
3366,3804,outandin
3366,4086,outandin
3366,4857,outandin
3417,1616,outandin
3417,3337,outandin
3417,3436,outandin
3527,2635,outandin
3527,3018,outandin
3527,3047,outandin
3527,3129,outandin
3527,3512,outandin
3527,3539,outandin
3527,3879,outandin
3527,3886,outandin
3527,3901,outandin
3527,3903,outandin
3527,3922,outandin
3527,4075,outandin
3527,4107,outandin
3527,4174,outandin
3527,4204,outandin
3527,4241,outandin
3527,4261,outandin
3527,4265,outandin
3527,4330,outandin
3527,4650,outandin
3527,4753,outandin
3527,4938,outandin
3719,13,outandin
3719,204,outandin
3719,905,outandin
3719,1334,incoming
3719,1612,outandin
3719,1639,outandin
3719,1916,outandin
3719,2028,outandin
3719,2306,outandin
3719,2319,outandin
3719,2404,outandin
3719,2661,outandin
3719,3345,outandin
3719,3465,outandin
3719,3545,outandin
3719,3598,outandin
3719,3600,outandin
3719,3649,outandin
3719,3656,outandin
3719,3735,outandin
3719,3770,outandin
3719,3815,outandin
3719,3916,outandin
3719,3976,outandin
3719,4038,outandin
3719,4118,outandin
3719,4119,outandin
3719,4172,outandin
3719,4209,outandin
3719,4231,outandin
3719,4244,outandin
3719,4270,outandin
3719,4273,outandin
3719,4283,outandin
3719,4290,outandin
3719,4291,outandin
3719,4334,outandin
3719,4353,outandin
3719,4370,outandin
3719,4400,outandin
3719,4409,outandin
3719,4410,outandin
3719,4412,outandin
3719,4492,outandin
3719,4499,outandin
3719,4501,outandin
3719,4502,outandin
3719,4531,outandin
3719,4534,outandin
3719,4535,outandin
3719,4544,outandin
3719,4545,outandin
3719,4556,outandin
3719,4590,outandin
3719,4651,outandin
3719,4831,outandin
3830,2085,outandin
3830,2404,outandin
3830,3129,outandin
3830,3735,outandin
3830,4266,outandin
3830,4363,outandin
4458,1899,outandin
4458,3649,outandin
4458,3795,outandin
4458,4281,outandin
4458,4509,outandin
4458,4531,outandin
4458,4635,outandin
4458,4637,outandin
4458,4654,outandin
4458,4655,outandin
4458,4659,outandin
4458,4661,outandin
4458,4666,outandin
4458,4667,outandin
4458,4668,outandin
4458,4669,outandin
4458,4672,outandin
4458,4673,outandin
4458,4675,outandin
4458,4676,outandin
4458,4677,outandin
4458,4678,outandin
4458,4679,outandin
4458,4680,outandin
4458,4681,outandin
4458,4682,outandin
4458,4683,outandin
4458,4684,outandin
4458,4686,outandin
4458,4688,outandin
4458,4701,outandin
4458,4707,outandin
4458,4729,outandin
4458,4733,outandin
4458,4735,outandin
4458,4737,outandin
4458,4738,outandin
4458,4743,outandin
4458,4744,outandin
4458,4747,outandin
4458,4748,outandin
2,41,outandin
2,1363,outgoing
2,3397,outandin
2,4590,outandin
41,13,outandin
41,1316,outgoing
41,1800,outandin
41,2028,outandin
41,2063,outandin
41,2110,outandin
41,2742,outandin
41,2805,outandin
41,3107,outandin
41,3274,outandin
41,3285,outandin
41,3316,outandin
41,3421,outandin
41,3442,outandin
41,3463,outandin
41,3476,outandin
41,3598,outandin
41,4197,outandin
41,4599,outandin
41,4635,outandin
1363,29,outandin
1363,57,outandin
1363,167,outandin
1363,178,outandin
1363,204,incoming
1363,223,outandin
1363,245,outandin
1363,1018,outandin
1363,1453,outandin
1363,1656,outandin
1363,1670,outandin
1363,1921,outandin
1363,2028,outandin
1363,2046,outandin
1363,2725,outandin
1363,2898,outandin
1363,2962,outandin
1363,2992,outandin
1363,3193,outandin
1363,3237,outandin
1363,3273,outandin
1363,3314,outandin
1363,3367,outandin
1363,3374,outandin
1363,3397,outandin
1363,3744,outandin
1363,3756,outandin
1363,3757,outandin
1363,3759,outandin
1363,3760,outandin
1363,4275,outandin
1363,4406,outandin
3397,13,outandin
3397,493,outandin
3397,1098,outandin
3397,1670,outandin
3397,2110,outandin
3397,3645,outandin
3397,4017,outandin
4590,1771,outandin
4590,2498,outandin
4590,2499,outandin
4590,3744,outandin
3,3445,outandin
3445,4,outandin
3445,13,outandin
3445,312,outandin
3445,363,outandin
3445,455,outandin
3445,1154,outandin
3445,1185,outandin
3445,1318,outandin
3445,1528,outandin
3445,2127,outandin
3445,2498,outandin
3445,2861,outandin
3445,2898,outandin
3445,3477,outandin
3445,3543,outandin
3445,3547,outandin
3445,3549,outandin
3445,3572,outandin
3445,3887,outandin
3445,3925,outandin
3445,4238,outandin
3445,4269,outandin
3445,4308,outandin
3445,4310,outandin
3445,4311,outandin
3445,4315,outandin
3445,4407,outandin
3445,4479,outandin
3445,4618,outandin
3445,4780,outandin
4,35,outandin
4,2470,outgoing
4,2998,outandin
4,3204,outandin
4,3699,outandin
35,13,outandin
35,36,outandin
35,115,outandin
35,149,outandin
35,415,outandin
35,436,outandin
35,872,outandin
35,900,incoming
35,905,outandin
35,1113,outandin
35,1453,outandin
35,1462,outandin
35,1615,outgoing
35,1675,outandin
35,1897,outgoing
35,1938,outandin
35,1957,outgoing
35,1998,incoming
35,2004,outgoing
35,2118,outgoing
35,2183,outandin
35,2313,outandin
35,2333,outandin
35,2413,outandin
35,2431,outandin
35,2470,outandin
35,2476,outandin
35,2484,outandin
35,2526,outandin
35,2563,outandin
35,2691,outandin
35,2710,outandin
35,2725,outandin
35,2763,outandin
35,2767,outandin
35,2772,outandin
35,2777,outandin
35,2784,outandin
35,2899,outandin
35,2943,outandin
35,2963,outandin
35,2971,outandin
35,2972,outandin
35,2976,outandin
35,2980,outandin
35,2982,outandin
35,2983,outandin
35,2985,outandin
35,2986,outandin
35,2989,outandin
35,2990,outandin
35,3002,outandin
35,3006,outandin
35,3008,outandin
35,3021,outandin
35,3028,outandin
35,3037,outandin
35,3040,incoming
35,3041,outandin
35,3051,outandin
35,3053,outandin
35,3064,outandin
35,3067,outandin
35,3095,outandin
35,3102,outandin
35,3105,outandin
35,3106,outandin
35,3107,outandin
35,3110,outandin
35,3113,outandin
35,3117,outandin
35,3118,outandin
35,3124,outandin
35,3128,outandin
35,3129,outandin
35,3137,outandin
35,3155,outandin
35,3156,outandin
35,3163,outandin
35,3170,outandin
35,3172,outandin
35,3175,outandin
35,3176,outandin
35,3177,outandin
35,3178,outandin
35,3179,outandin
35,3199,outandin
35,3200,outandin
35,3208,outandin
35,3209,outandin
35,3211,outandin
35,3212,outandin
35,3213,outandin
35,3214,outandin
35,3227,outandin
35,3228,outandin
35,3236,outandin
35,3242,outandin
35,3266,outandin
35,3269,outandin
35,3270,outandin
35,3274,outandin
35,3283,outandin
35,3284,outandin
35,3296,outandin
35,3300,outandin
35,3304,outandin
35,3305,outandin
35,3316,outandin
35,3324,outandin
35,3325,outandin
35,3328,outandin
35,3334,outandin
35,3362,outandin
35,3363,outandin
35,3364,outandin
35,3382,outandin
35,3385,outandin
35,3393,outandin
35,3405,outandin
35,3407,outandin
35,3412,outandin
35,3413,outandin
35,3414,outandin
35,3424,outandin
35,3425,outandin
35,3426,outandin
35,3435,outandin
35,3446,outandin
35,3447,outandin
35,3448,outandin
35,3453,outandin
35,3457,outandin
35,3458,outandin
35,3465,outandin
35,3480,outandin
35,3486,outandin
35,3489,outandin
35,3494,outandin
35,3504,outandin
35,3506,outandin
35,3507,outandin
35,3508,outandin
35,3514,outandin
35,3515,outandin
35,3526,outandin
35,3532,outandin
35,3533,outandin
35,3536,outandin
35,3577,outandin
35,3578,outandin
35,3587,outandin
35,3588,outandin
35,3594,outandin
35,3606,outandin
35,3614,outandin
35,3615,outandin
35,3616,outandin
35,3617,outandin
35,3618,outandin
35,3631,outandin
35,3632,outandin
35,3633,outandin
35,3634,outandin
35,3635,outandin
35,3648,outandin
35,3663,outandin
35,3666,outandin
35,3677,outandin
35,3690,outandin
35,3691,outandin
35,3692,outandin
35,3693,outandin
35,3696,outandin
35,3717,outandin
35,3718,outandin
35,3720,outandin
35,3735,outandin
35,3739,outandin
35,3740,outandin
35,3741,outandin
35,3742,outandin
35,3743,outandin
35,3750,outandin
35,3754,outandin
35,3758,outandin
35,3767,outandin
35,3773,outandin
35,3774,outandin
35,3803,outandin
35,3805,outandin
35,3806,outandin
35,3808,outandin
35,3811,outandin
35,3818,outandin
35,3819,outandin
35,3828,outandin
35,3835,outandin
35,3836,outandin
35,3839,outandin
35,3860,outandin
35,3862,incoming
35,3890,outandin
35,3906,outandin
35,3907,outandin
35,3908,outandin
35,3916,outandin
35,3920,outandin
35,3952,outandin
35,3979,outandin
35,3991,outandin
35,4002,outandin
35,4011,outandin
35,4017,outandin
35,4032,outandin
35,4049,outandin
35,4063,outandin
35,4064,outandin
35,4065,outandin
35,4066,outandin
35,4067,outandin
35,4079,outandin
35,4080,outandin
35,4090,outandin
35,4093,outandin
35,4102,outandin
35,4113,outandin
35,4117,outandin
35,4127,outandin
35,4206,outandin
35,4210,outandin
35,4216,outandin
35,4217,outandin
35,4219,outandin
35,4221,outandin
35,4231,outandin
35,4251,outandin
35,4274,outandin
35,4283,outandin
35,4294,outandin
35,4300,outandin
35,4320,outandin
35,4334,outandin
35,4343,outandin
35,4349,outandin
35,4360,outandin
35,4364,outandin
35,4373,outandin
35,4381,outandin
35,4424,outandin
35,4434,outandin
35,4435,outandin
35,4436,outandin
35,4446,outandin
35,4457,outandin
35,4461,outandin
35,4482,outandin
35,4487,outandin
35,4498,outandin
35,4499,outandin
35,4511,outandin
35,4518,outandin
35,4542,outandin
35,4553,outandin
35,4554,outandin
35,4555,outandin
35,4559,outandin
35,4562,incoming
35,4601,outandin
35,4606,outandin
35,4612,incoming
35,4640,outandin
35,4641,outandin
35,4644,outandin
35,4645,outandin
35,4671,outandin
35,4674,outandin
35,4767,outandin
35,4771,outandin
35,4772,outandin
35,4787,outandin
35,4790,outandin
35,4799,outandin
35,4820,outandin
35,4821,outandin
35,4822,outandin
35,4826,outandin
35,4837,outandin
35,4838,incoming
35,4844,outandin
35,4854,outandin
35,4859,outandin
35,4861,outandin
35,4864,outandin
35,4865,outandin
35,4877,outandin
35,4878,outandin
35,4883,outandin
35,4889,outandin
35,4895,outandin
35,4942,incoming
35,4972,outandin
35,4973,outandin
2470,2691,outandin
2470,4882,outandin
2998,1585,outandin
3204,29,outandin
3204,1352,outandin
3204,1735,outandin
3204,2056,outandin
3699,215,outandin
3699,366,outandin
3699,1113,outandin
3699,1645,outandin
3699,1764,outandin
3699,1832,outandin
3699,2063,outandin
3699,2262,outandin
3699,2318,outandin
3699,2404,outandin
3699,2600,outandin
3699,2942,outandin
3699,3013,outandin
3699,3223,outandin
3699,3270,outandin
3699,3547,outandin
3699,3653,outandin
3699,3669,outandin
3699,3735,outandin
3699,3828,outandin
3699,3837,outandin
3699,3897,outandin
3699,3916,outandin
3699,3985,outandin
3699,4172,outandin
3699,4235,outandin
3699,4254,outandin
3699,4258,outandin
3699,4290,outandin
3699,4293,outandin
3699,4328,outandin
3699,4337,outandin
3699,4355,outandin
3699,4361,outandin
3699,4363,outandin
3699,4375,outandin
3699,4419,outandin
3699,4450,outandin
3699,4537,outandin
3699,4762,outandin
13,25,outandin
13,160,outandin
13,606,outandin
13,732,outandin
13,791,outandin
13,910,outandin
13,1334,outandin
13,1352,outandin
13,1555,outgoing
13,1629,outandin
13,1656,outandin
13,1899,outandin
13,1916,outgoing
13,2028,outandin
13,2392,outandin
13,2498,outandin
13,2512,outandin
13,2618,outandin
13,2658,outandin
13,2784,outandin
13,2839,outandin
13,2897,outandin
13,2961,outandin
13,2962,outandin
13,3029,outandin
13,3120,outandin
13,3185,outandin
13,3219,outandin
13,3319,outandin
13,3405,outandin
13,3434,outandin
13,3453,outandin
13,3465,outandin
13,3472,outandin
13,3483,outandin
13,3545,outandin
13,3624,outandin
13,3628,outandin
13,3642,outandin
13,3649,outandin
13,3923,outandin
13,4124,outandin
13,4236,outandin
13,4238,outandin
13,4264,outandin
13,4301,outandin
13,4360,outandin
13,4384,outandin
13,4515,outandin
550,57,outandin
550,2028,outandin
550,3470,outandin
550,3744,outandin
550,4291,outandin
550,4320,outandin
550,4559,outandin
856,1396,outandin
856,1743,outandin
856,2498,outandin
856,3099,outandin
856,3105,outandin
856,3174,outandin
856,3345,outandin
856,3744,outandin
1018,17,outandin
1018,104,outandin
1018,171,outandin
1018,230,outandin
1018,256,outandin
1018,363,outandin
1018,546,outandin
1018,592,outandin
1018,729,outandin
1018,841,outandin
1018,1159,outandin
1018,1281,outandin
1018,1394,outandin
1018,1490,outandin
1018,1502,outandin
1018,1548,outandin
1018,1656,incoming
1018,1731,incoming
1018,1819,incoming
1018,1829,outandin
1018,1832,outandin
1018,1885,outandin
1018,1899,outandin
1018,1911,outandin
1018,1912,outandin
1018,1967,outandin
1018,2028,incoming
1018,2067,outandin
1018,2098,outandin
1018,2110,outandin
1018,2124,outandin
1018,2178,outandin
1018,2291,outandin
1018,2328,outandin
1018,2334,outandin
1018,2404,outandin
1018,2405,outandin
1018,2538,outandin
1018,2594,outandin
1018,2600,outandin
1018,2625,outandin
1018,2692,outandin
1018,2725,outandin
1018,2728,outandin
1018,2763,outandin
1018,2780,outandin
1018,2821,outandin
1018,2880,outandin
1018,2928,outandin
1018,2934,outandin
1018,2958,outandin
1018,2961,outandin
1018,2963,outandin
1018,2969,outandin
1018,3000,outandin
1018,3006,outandin
1018,3013,outandin
1018,3020,outandin
1018,3107,outandin
1018,3127,outandin
1018,3143,outandin
1018,3145,outandin
1018,3161,outandin
1018,3164,outandin
1018,3185,outandin
1018,3190,outandin
1018,3193,outandin
1018,3194,outandin
1018,3198,outandin
1018,3205,outandin
1018,3219,incoming
1018,3223,outandin
1018,3225,outandin
1018,3229,outandin
1018,3233,outandin
1018,3237,outandin
1018,3240,outandin
1018,3242,outandin
1018,3245,outandin
1018,3251,outandin
1018,3272,incoming
1018,3292,outandin
1018,3295,outandin
1018,3309,outandin
1018,3316,outandin
1018,3338,outandin
1018,3355,outandin
1018,3374,outandin
1018,3381,outandin
1018,3385,outandin
1018,3406,incoming
1018,3436,outandin
1018,3438,outandin
1018,3466,outandin
1018,3476,outandin
1018,3496,outandin
1018,3520,outandin
1018,3531,outandin
1018,3550,outandin
1018,3568,outandin
1018,3571,outandin
1018,3598,outandin
1018,3646,outandin
1018,3650,outandin
1018,3671,outandin
1018,3673,outandin
1018,3697,outandin
1018,3710,outandin
1018,3713,incoming
1018,3715,outandin
1018,3735,outandin
1018,3744,outandin
1018,3837,outandin
1018,3916,outandin
1018,3926,outandin
1018,3981,outandin
1018,4049,outandin
1018,4077,outandin
1018,4078,outandin
1018,4098,outandin
1018,4118,outandin
1018,4146,outandin
1018,4147,outandin
1018,4170,outandin
1018,4172,outandin
1018,4176,outandin
1018,4197,outandin
1018,4198,outandin
1018,4209,outandin
1018,4228,outandin
1018,4235,outandin
1018,4246,outandin
1018,4247,outandin
1018,4248,outandin
1018,4282,outandin
1018,4365,outandin
1018,4371,outandin
1018,4416,outandin
1018,4488,outandin
1018,4490,outandin
1018,4532,outandin
1018,4579,outandin
1018,4609,outandin
1018,4610,outandin
1018,4613,outandin
1018,4638,outandin
1018,4745,outandin
1018,4857,outandin
1018,4918,outandin
1018,4960,outandin
1331,1585,outandin
1331,2194,outandin
1624,1584,outandin
1624,2364,outandin
1624,2692,outandin
1624,3597,outandin
1832,215,outandin
1832,342,outandin
1832,481,outandin
1832,546,outandin
1832,664,outandin
1832,700,outandin
1832,732,outandin
1832,1396,outandin
1832,1731,incoming
1832,1802,outandin
1832,2028,outgoing
1832,2067,outandin
1832,2110,outandin
1832,2201,outandin
1832,2328,outandin
1832,2351,outandin
1832,2378,outgoing
1832,2600,outandin
1832,2607,outandin
1832,2625,outandin
1832,2725,outandin
1832,2733,outandin
1832,2775,outandin
1832,2880,outandin
1832,2897,outandin
1832,2934,outandin
1832,3005,outandin
1832,3107,outandin
1832,3225,outandin
1832,3239,outandin
1832,3276,outandin
1832,3319,outandin
1832,3465,outandin
1832,3578,outandin
1832,3714,outandin
1832,3735,outandin
1832,3893,outandin
1832,3926,outandin
1832,4038,outandin
1832,4331,outandin
1832,4478,outandin
1832,4499,outandin
1832,4505,outandin
1832,4578,outandin
1832,4694,outandin
1832,4698,outandin
1832,4757,outandin
1832,4762,outandin
1832,4828,outandin
1832,4963,outandin
2028,57,outgoing
2028,215,outgoing
2028,353,outandin
2028,361,outandin
2028,363,outgoing
2028,520,outandin
2028,540,outandin
2028,729,outandin
2028,905,outandin
2028,1052,outandin
2028,1201,outandin
2028,1318,outandin
2028,1334,outandin
2028,1528,outgoing
2028,1629,outandin
2028,1731,outandin
2028,1746,incoming
2028,1771,outgoing
2028,1802,outgoing
2028,1806,outandin
2028,1819,outandin
2028,1856,outandin
2028,1890,outandin
2028,1899,outandin
2028,2063,outgoing
2028,2067,outandin
2028,2110,outgoing
2028,2165,outandin
2028,2173,outgoing
2028,2176,outandin
2028,2178,outandin
2028,2194,outandin
2028,2230,outandin
2028,2249,outandin
2028,2306,outandin
2028,2328,incoming
2028,2343,outandin
2028,2351,outandin
2028,2484,outandin
2028,2498,outandin
2028,2558,outandin
2028,2610,outandin
2028,2625,outandin
2028,2652,outandin
2028,2686,outandin
2028,2688,outandin
2028,2710,outandin
2028,2725,outandin
2028,2728,outandin
2028,2733,outandin
2028,2751,outandin
2028,2762,outgoing
2028,2763,outandin
2028,2777,outandin
2028,2780,outandin
2028,2821,outandin
2028,2829,outandin
2028,2880,outgoing
2028,2897,outandin
2028,2901,outandin
2028,2929,outandin
2028,2942,outandin
2028,2943,outandin
2028,2944,outandin
2028,2961,outandin
2028,2977,outandin
2028,2980,outandin
2028,2993,outandin
2028,3002,outandin
2028,3013,outandin
2028,3020,outandin
2028,3032,outandin
2028,3036,outandin
2028,3045,outandin
2028,3050,outandin
2028,3054,outandin
2028,3062,outandin
2028,3103,outandin
2028,3107,outandin
2028,3113,outandin
2028,3161,outandin
2028,3172,outandin
2028,3185,outandin
2028,3195,outandin
2028,3196,outandin
2028,3198,outandin
2028,3209,outandin
2028,3219,outandin
2028,3221,outandin
2028,3237,outandin
2028,3257,outandin
2028,3265,outandin
2028,3272,outandin
2028,3275,outandin
2028,3287,outandin
2028,3289,outandin
2028,3292,outandin
2028,3293,outandin
2028,3311,outandin
2028,3333,outandin
2028,3335,outandin
2028,3336,outandin
2028,3343,outandin
2028,3348,outandin
2028,3367,outandin
2028,3378,outandin
2028,3390,outandin
2028,3392,outandin
2028,3408,outandin
2028,3412,outandin
2028,3413,outandin
2028,3416,outandin
2028,3435,outandin
2028,3440,outandin
2028,3453,outandin
2028,3462,outandin
2028,3464,outandin
2028,3465,outandin
2028,3466,outandin
2028,3476,outandin
2028,3490,outandin
2028,3494,outandin
2028,3531,outandin
2028,3545,outandin
2028,3572,incoming
2028,3598,outandin
2028,3601,outandin
2028,3610,outandin
2028,3649,outandin
2028,3658,outandin
2028,3660,outandin
2028,3689,outandin
2028,3744,outandin
2028,3756,outandin
2028,3757,outandin
2028,3759,outandin
2028,3760,outandin
2028,3909,outandin
2187,545,outandin
2187,2908,outandin
2187,2942,outandin
2187,3099,outandin
2187,3707,outandin
2187,3735,outandin
2187,3744,outandin
2187,4172,outandin
2187,4254,outandin
2188,155,outandin
2188,500,outandin
2188,522,outandin
2188,1383,outandin
2188,2064,outandin
2188,2119,outandin
2188,3099,outandin
2188,3492,outandin
2188,3593,outandin
2188,3744,outandin
2188,4150,outandin
2188,4153,outandin
2188,4280,outandin
2188,4302,outandin
3129,64,outandin
3129,111,outandin
3129,180,outandin
3129,265,outandin
3129,274,outandin
3129,350,outandin
3129,363,outandin
3129,408,outandin
3129,491,outandin
3129,563,outandin
3129,630,outandin
3129,709,outandin
3129,768,outandin
3129,943,outandin
3129,1098,outandin
3129,1272,outandin
3129,1277,outandin
3129,1295,outandin
3129,1615,outandin
3129,1743,outandin
3129,1849,outandin
3129,1851,outandin
3129,1933,outandin
3129,1957,outandin
3129,2013,outandin
3129,2064,outandin
3129,2113,outandin
3129,2167,outandin
3129,2246,outandin
3129,2281,outandin
3129,2289,outandin
3129,2419,outandin
3129,2430,outandin
3129,2484,outandin
3129,2538,outandin
3129,2580,outandin
3129,2600,outandin
3129,2635,outandin
3129,2647,outandin
3129,2656,outandin
3129,2686,outandin
3129,2733,outandin
3129,2755,outandin
3129,2770,outandin
3129,2779,outandin
3129,2817,outandin
3129,2825,outandin
3129,2840,outandin
3129,2878,outandin
3129,2903,outandin
3129,2945,outandin
3129,3018,outandin
3129,3060,outandin
3129,3065,outandin
3129,3086,outandin
3129,3107,outandin
3129,3130,outandin
3129,3131,outandin
3129,3132,outandin
3129,3133,outandin
3129,3134,outandin
3129,3135,outandin
3129,3191,outandin
3129,3208,outandin
3129,3214,outandin
3129,3219,outandin
3129,3256,outandin
3129,3270,outandin
3129,3377,outandin
3129,3391,outandin
3129,3422,outandin
3129,3459,outandin
3129,3470,outandin
3129,3504,outandin
3129,3510,outandin
3129,3519,outandin
3129,3551,outandin
3129,3626,outandin
3129,3632,outandin
3129,3646,outandin
3129,3656,outandin
3129,3669,outandin
3129,3729,outandin
3129,3735,outandin
3129,3743,outandin
3129,3748,outandin
3129,3807,outandin
3129,3817,outandin
3129,3837,outandin
3129,3869,outandin
3129,3885,outandin
3129,3901,outandin
3129,3916,outandin
3129,3926,outandin
3129,3930,outandin
3129,3931,outandin
3129,3932,outandin
3129,3933,outandin
3129,3934,outandin
3129,3935,outandin
3129,3936,outandin
3129,3937,outandin
3129,3938,outandin
3129,3939,outandin
3129,3940,outandin
3129,3941,outandin
3129,3942,outandin
3129,3943,outandin
3129,3944,outandin
3129,3945,outandin
3129,3946,outandin
3129,3947,outandin
3129,3948,outandin
3129,3949,outandin
3129,3950,outandin
3129,3951,outandin
3129,3952,outandin
3129,3953,outandin
3129,3954,outandin
3129,3955,outandin
3129,3956,outandin
3129,3957,outandin
3129,3958,outandin
3129,3959,outandin
3129,3960,outandin
3129,3961,outandin
3129,3962,outandin
3129,3963,outandin
3129,3964,outandin
3129,3965,outandin
3129,3966,outandin
3129,3967,outandin
3129,3968,outandin
3129,3969,outandin
3129,3970,outandin
3129,3971,outandin
3129,3995,outandin
3129,4031,outandin
3129,4036,outandin
3129,4058,outandin
3129,4067,outandin
3129,4068,outandin
3129,4069,outandin
3129,4070,outandin
3129,4071,outandin
3129,4072,outandin
3129,4073,outandin
3129,4074,outandin
3129,4107,outandin
3129,4179,outandin
3129,4188,outandin
3129,4197,outandin
3129,4211,outandin
3129,4266,outandin
3129,4281,outandin
3129,4285,outandin
3129,4289,outandin
3129,4308,outandin
3129,4315,outandin
3129,4317,outandin
3129,4322,outandin
3129,4330,outandin
3129,4338,outandin
3129,4340,outandin
3129,4341,outandin
3129,4355,outandin
3129,4357,outandin
3129,4358,outandin
3129,4359,outandin
3129,4370,outandin
3129,4379,outandin
3129,4417,outandin
3129,4504,outandin
3129,4554,outandin
3129,4579,outandin
3129,4648,outandin
3129,4710,outandin
3129,4711,outandin
3129,4712,outandin
3129,4713,outandin
3129,4714,outandin
3129,4715,outandin
3129,4716,outandin
3129,4717,outandin
3129,4718,outandin
3129,4719,outandin
3129,4720,outandin
3129,4721,outandin
3129,4722,outandin
3129,4723,outandin
3129,4724,outandin
3129,4725,outandin
3129,4726,outandin
3129,4727,outandin
3129,4728,outandin
3129,4753,outandin
3129,4778,outandin
3129,4779,outandin
3129,4780,outandin
3129,4781,outandin
3129,4782,outandin
3129,4783,outandin
3129,4784,outandin
3129,4785,outandin
3129,4786,outandin
3129,4857,outandin
3129,4956,outandin
3810,3649,outandin
3810,3783,outandin
3810,3797,outandin
3810,3980,outandin
7,1386,outandin
7,2174,outandin
7,2291,outandin
7,2943,outandin
7,3050,outandin
7,3161,outandin
7,4946,outandin
1386,1201,outgoing
1386,1334,outgoing
1386,1568,outgoing
1386,1905,outandin
1386,2110,outandin
1386,2194,outandin
1386,2306,outandin
1386,2762,outandin
1386,2880,outandin
1386,2962,outandin
1386,3759,outandin
1386,3760,outandin
1386,3859,outandin
1386,4350,outandin
1386,4406,outandin
2174,1615,outandin
2174,2165,outandin
2174,2498,outandin
2291,1802,outandin
2943,171,outandin
2943,1396,outandin
2943,1899,outandin
2943,2725,outandin
2943,2763,outandin
2943,2780,outandin
3161,729,outandin
3161,2328,outandin
3161,2725,outandin
3161,2942,outandin
3161,3219,outandin
3161,3374,outandin
3161,3388,outandin
3161,3396,outandin
3161,3420,outandin
3161,3689,outandin
3161,3715,outandin
3161,3744,outandin
3161,4024,outandin
3161,4244,outandin
3161,4379,outandin
3161,4987,outandin
25,113,outandin
25,342,outandin
25,353,outandin
25,547,outandin
25,625,outandin
25,2158,outandin
25,2165,outandin
25,2763,outandin
25,2845,outandin
25,2961,outandin
25,3045,outandin
25,3190,outandin
25,3233,outandin
25,3236,outandin
25,3250,outandin
25,3335,outandin
25,3429,outandin
25,3545,outandin
25,3642,outandin
25,3649,outandin
25,3659,outandin
25,3703,outandin
25,3828,outandin
25,3837,outandin
25,3838,outandin
25,3856,outandin
25,3916,outandin
25,3981,outandin
25,4163,outandin
25,4315,outandin
25,4363,outandin
25,4573,outandin
25,4791,outandin
160,2344,outandin
160,3545,outandin
606,2404,outandin
606,3735,outandin
606,3744,outandin
606,3767,outandin
732,1555,outandin
732,3314,outandin
732,3797,outandin
732,3904,outandin
732,4010,outandin
791,2658,outandin
1334,481,outandin
1334,493,outandin
1334,625,outandin
1334,905,incoming
1334,1316,outgoing
1334,1317,outandin
1334,1555,outandin
1334,1585,outandin
1334,1693,outandin
1334,1819,outandin
1334,1976,outandin
1334,2012,outandin
1334,2165,outandin
1334,2214,outgoing
1334,2243,outandin
1334,2262,outandin
1334,2306,outandin
1334,2404,outandin
1334,2455,outandin
1334,2555,outandin
1334,2600,outandin
1334,2625,outandin
1334,2688,outandin
1334,2763,outandin
1334,2775,outandin
1334,2780,outandin
1334,2822,outandin
1334,2897,outandin
1334,3015,outandin
1334,3062,outandin
1334,3099,outandin
1334,3107,incoming
1334,3110,outandin
1334,3113,outandin
1334,3160,outandin
1334,3273,outandin
1334,3293,outandin
1334,3319,incoming
1334,3341,outandin
1334,3349,outandin
1334,3367,outandin
1334,3373,outandin
1334,3376,outandin
1334,3399,outandin
1334,3453,outandin
1334,3549,outandin
1334,3578,outandin
1334,3600,outandin
1334,3649,outandin
1334,3653,outandin
1334,3714,outandin
1334,3735,outandin
1334,3744,outandin
1334,3756,outandin
1334,3760,outandin
1334,3776,outandin
1334,3815,outandin
1334,3828,outandin
1334,3897,outandin
1334,3923,outandin
1334,3976,outandin
1334,4060,outandin
1334,4075,outandin
1334,4107,outandin
1334,4119,outandin
1334,4158,outandin
1334,4172,outandin
1334,4197,outandin
1334,4198,outandin
1334,4203,outandin
1334,4217,outandin
1334,4238,outandin
1334,4244,outandin
1334,4279,outandin
1334,4284,outandin
1334,4291,outandin
1334,4304,outandin
1334,4395,outandin
1334,4400,outandin
1334,4437,outandin
1334,4440,outandin
1334,4444,outandin
1334,4451,outandin
1334,4584,outandin
1334,4635,outandin
1334,4659,outandin
1334,4694,outandin
1334,4729,outandin
1334,4755,outandin
1334,4791,outandin
1334,4816,outandin
1334,4828,outandin
1334,4840,outandin
1334,4843,outandin
1334,4923,outandin
1352,115,incoming
1352,177,outandin
1352,545,outandin
1352,870,outandin
1352,905,outgoing
1352,1396,outandin
1352,1512,outandin
1352,1528,outgoing
1352,1769,outandin
1352,1967,outgoing
1352,2004,outandin
1352,2040,outandin
1352,2053,outgoing
1352,2127,incoming
1352,2194,incoming
1352,2233,incoming
1352,2325,outandin
1352,2344,outandin
1352,2580,outandin
1352,2822,incoming
1352,2948,outandin
1352,3029,outandin
1352,3251,outandin
1352,3262,outandin
1352,3439,outandin
1352,3766,outandin
1352,4211,outandin
1352,4235,outandin
1352,4768,outandin
1352,4921,incoming
1555,408,outandin
1555,687,outandin
1555,2246,outandin
1555,2625,outandin
1555,2755,outandin
1555,3146,outandin
1555,3653,outandin
1555,3801,outandin
1555,3808,outandin
1555,3897,outandin
1555,4172,outandin
1555,4409,outandin
1555,4559,outandin
1555,4795,outandin
1629,664,outandin
1629,1712,outandin
1629,1719,outandin
1629,1885,outandin
1629,2392,outandin
1629,2404,outandin
1629,3453,outandin
1629,3546,outandin
1629,3571,outandin
1629,3649,outandin
1629,3656,outandin
1629,3740,outandin
1629,3744,outandin
1629,3904,outandin
1629,4172,outandin
1629,4197,outandin
1629,4302,outandin
1629,4354,outandin
1629,4596,outandin
1656,57,outandin
1656,96,outandin
1656,417,outandin
1656,823,outgoing
1656,905,outandin
1656,1316,outgoing
1656,1318,outgoing
1656,1396,outandin
1656,1512,outandin
1656,1731,outgoing
1656,1802,outandin
1656,1885,outandin
1656,2230,incoming
1656,2777,outandin
1656,2795,outandin
1656,2934,outandin
1656,3345,outandin
1656,4857,outandin
1899,57,outandin
1899,522,outandin
1899,540,outandin
1899,546,outgoing
1899,585,outandin
1899,1185,outandin
1899,1316,outandin
1899,1731,outandin
1899,1840,outandin
1899,1905,outandin
1899,2176,outandin
1899,2214,outandin
1899,2333,outandin
1899,2464,outandin
1899,2525,outandin
1899,2536,outgoing
1899,2710,outandin
1899,2725,outandin
1899,2726,outandin
1899,2755,outandin
1899,2795,outandin
1899,2803,outandin
1899,2819,outandin
1899,2848,outandin
1899,2934,outandin
1899,2942,outandin
1899,2963,outandin
1899,2992,outandin
1899,3006,outandin
1899,3062,outandin
1899,3073,outandin
1899,3123,outandin
1899,3139,outandin
1899,3185,outandin
1899,3193,outandin
1899,3194,outandin
1899,3297,outandin
1899,3317,outandin
1899,3381,outandin
1899,3735,outandin
1899,3797,outandin
1899,3916,outandin
1899,4363,outandin
1916,2710,outandin
1916,2988,outandin
1916,3099,outandin
1916,3113,outandin
1916,3233,outandin
1916,3735,outandin
1916,3744,outandin
1916,3815,outandin
1916,3916,outandin
1916,4291,outandin
1916,4381,outandin
1916,4559,outandin
2392,3897,outandin
2392,3916,outandin
2392,3926,outandin
2392,4266,outandin
2392,4604,outandin
2498,342,outandin
2498,1052,outandin
2498,2476,outandin
2498,2962,outandin
2498,3062,outandin
2498,3492,outandin
2498,3578,outandin
2498,3598,outandin
2498,3783,outandin
2498,4172,outandin
2498,4203,outandin
2512,2164,outandin
2658,1154,outandin
2658,1318,outandin
2658,1396,outandin
2658,1877,outandin
2658,2017,outandin
2658,2503,outandin
2658,2536,outandin
2658,2686,outandin
2658,2688,outandin
2658,2725,outandin
2658,2934,outandin
2658,2962,outandin
2658,3066,outandin
2658,3146,outandin
2658,3375,outandin
2658,3744,outandin
2658,3756,outandin
2658,3757,outandin
2658,3759,outandin
2658,3760,outandin
2784,141,outandin
2784,361,outandin
2784,1502,outandin
2784,1819,outandin
2784,2118,outandin
2784,3430,outandin
2784,3598,outandin
2839,3221,outandin
2839,3649,outandin
2839,3781,outandin
2839,4236,outandin
2839,4427,outandin
2897,96,outandin
2897,905,outandin
2897,1318,outandin
2897,1725,outandin
2897,1802,outandin
2897,2110,outandin
2897,2486,outandin
2897,2525,outandin
2897,2600,outandin
2897,2625,outandin
2897,2725,outandin
2897,2763,outandin
2897,2837,outandin
2897,2861,outandin
2897,2892,outandin
2897,2901,outandin
2897,2934,outandin
2897,2944,outgoing
2897,2958,outandin
2897,2973,outandin
2897,2977,outandin
2897,2987,outandin
2897,3027,outandin
2897,3036,outandin
2897,3059,outandin
2897,3076,outandin
2897,3113,outandin
2897,3140,outandin
2897,3144,outandin
2897,3173,outandin
2897,3219,outandin
2897,3258,outandin
2897,3268,outandin
2897,3272,outandin
2897,3335,outandin
2897,3345,outandin
2897,3408,outandin
2897,3456,outandin
2897,3465,outandin
2897,3474,outandin
2897,3488,outandin
2897,3491,outandin
2897,3493,outandin
2897,3497,outandin
2897,3498,outandin
2897,3504,outandin
2897,3505,outandin
2897,3516,outandin
2897,3518,outandin
2897,3528,outandin
2897,3531,outandin
2897,3559,outandin
2897,3615,outandin
2897,3655,outandin
2897,3656,outandin
2897,3657,outandin
2897,3711,outandin
2897,3714,outandin
2897,3744,outandin
2897,3831,outandin
2897,3844,outandin
2897,3846,outandin
2897,3878,outandin
2897,3892,outandin
2897,3900,outandin
2897,3909,outandin
2897,4191,outandin
2897,4203,outandin
2961,304,outandin
2961,687,outandin
2961,1764,outandin
2961,1922,outandin
2961,2538,outandin
2961,2625,outandin
2961,3099,outandin
2961,3219,outandin
2961,3669,outandin
2962,2370,outandin
2962,2647,outandin
2962,2725,outandin
2962,2733,outandin
2962,2780,outandin
2962,3744,outandin
2962,3756,outandin
2962,3757,outandin
2962,3759,outandin
2962,3760,outandin
3029,19,outandin
3029,1802,outandin
3029,2013,outandin
3029,2427,outandin
3029,2455,outandin
3029,2861,outandin
3029,3333,outandin
3120,1731,outandin
3120,1746,outandin
3120,4206,outandin
3185,2625,outandin
3185,2780,outandin
3185,3916,outandin
3219,17,outandin
3219,448,outandin
3219,493,outandin
3219,729,outandin
3219,1612,outandin
3219,1743,outandin
3219,2063,outandin
3219,2625,outandin
3219,2725,outandin
3219,2763,outandin
3219,2934,outandin
3219,2942,outandin
3219,2969,outandin
3219,3005,outandin
3219,3214,outandin
3219,3220,outandin
3219,3308,outandin
3219,3309,outandin
3219,3319,outandin
3219,3335,outandin
3219,3342,outandin
3219,3374,outandin
3219,3383,outandin
3219,3476,outandin
3219,3538,outandin
3219,3571,outandin
3219,3653,outandin
3219,3656,outandin
3219,3700,outandin
3219,3701,outandin
3219,3709,outandin
3219,3713,outandin
3219,3768,outandin
3219,3798,outandin
3219,4004,outandin
3219,4187,outandin
3319,905,outandin
3319,1289,outandin
3319,1528,outandin
3319,2848,outandin
3319,3318,outandin
3319,3649,outandin
3319,3988,outandin
3319,4075,outandin
3319,4172,incoming
3319,4231,outandin
3405,3976,outandin
3405,4893,outandin
3465,57,outandin
3465,353,outandin
3465,412,outandin
3465,905,incoming
3465,929,outandin
3465,1412,outandin
3465,1764,outandin
3465,1819,outandin
3465,2012,outandin
3465,2067,outandin
3465,2176,outandin
3465,2316,outandin
3465,2404,outandin
3465,2600,outandin
3465,3000,outandin
3465,3003,outandin
3465,3452,outandin
3465,3598,outandin
3465,3600,outandin
3465,3649,outandin
3465,3653,outandin
3465,3723,outandin
3465,3735,outandin
3465,3764,outandin
3465,3815,outandin
3465,4172,outandin
3465,4189,outandin
3465,4197,outandin
3465,4331,outandin
3465,4350,outandin
3465,4517,outandin
3465,4605,outandin
3465,4649,outandin
3465,4694,outandin
3465,4706,outandin
3465,4800,outandin
3483,3484,outandin
3545,395,outandin
3545,499,outandin
3545,1612,outandin
3545,2404,outandin
3545,2625,outandin
3545,3000,outandin
3545,3404,outandin
3545,3543,outandin
3545,3547,outandin
3545,3655,outandin
3545,3856,outandin
3545,3904,outandin
3545,4114,outandin
3545,4163,outandin
3545,4253,outandin
3545,4291,outandin
3545,4331,outandin
3545,4459,outandin
3545,4462,outandin
3545,4615,outandin
3545,4649,outandin
3624,312,outandin
3624,1675,outandin
3624,1991,outandin
3624,2625,outandin
3624,3451,outandin
3624,3698,outandin
3628,3738,outandin
3642,64,outandin
3642,215,outandin
3642,359,outandin
3642,481,outandin
3642,905,outandin
3642,1971,outandin
3642,2067,outandin
3642,2127,outandin
3642,2194,outandin
3642,2315,outandin
3642,2378,outandin
3642,2661,outandin
3642,2861,outandin
3642,3223,outandin
3642,3317,outandin
3642,3598,outandin
3642,3645,outandin
3642,3649,outandin
3642,3723,outandin
3642,4012,outandin
3642,4038,outandin
3642,4089,outandin
3642,4119,outandin
3642,4152,outandin
3642,4197,outandin
3642,4226,outandin
3642,4240,outandin
3642,4266,outandin
3642,4267,outandin
3642,4434,outandin
3642,4486,outandin
3642,4499,outandin
3642,4549,outandin
3642,4594,outandin
3642,4595,outandin
3642,4645,outandin
3649,33,outandin
3649,57,outandin
3649,625,outandin
3649,1394,outandin
3649,1453,outandin
3649,1731,outandin
3649,1912,outandin
3649,1967,outandin
3649,2067,outandin
3649,2202,outandin
3649,2404,outandin
3649,2472,outandin
3649,2661,outandin
3649,2777,outandin
3649,2848,outandin
3649,3229,outandin
3649,3585,outandin
3649,3590,outandin
3649,3611,outandin
3649,3720,outandin
3649,3735,outandin
3649,3767,outandin
3649,3799,outandin
3649,3903,outandin
3649,3904,outandin
3649,3916,outandin
3649,3924,outandin
3649,4038,outandin
3649,4078,outandin
3649,4082,outandin
3649,4084,outandin
3649,4107,outandin
3649,4160,outandin
3649,4197,outandin
3649,4251,outandin
3649,4254,outandin
3649,4273,outandin
3649,4291,outandin
3649,4305,outandin
3649,4334,outandin
3649,4344,outandin
3649,4350,outandin
3649,4424,outandin
3649,4444,outandin
3649,4459,outandin
3649,4489,outandin
3649,4569,outandin
3649,4584,outandin
3649,4599,outandin
3649,4604,outandin
3649,4611,outandin
3649,4636,outandin
3649,4645,outandin
3649,4708,incoming
3649,4732,outandin
3649,4746,outandin
3649,4760,outandin
3649,4836,outandin
3649,4867,outandin
3923,3552,outandin
3923,3735,outandin
3923,3815,outandin
3923,4163,outandin
3923,4167,outandin
3923,4197,outandin
3923,4453,outandin
4124,905,outandin
4124,2942,outandin
4124,3578,outandin
4124,3820,outandin
4236,640,outandin
4236,2063,outandin
4236,2164,outandin
4236,2262,outandin
4236,2661,outandin
4236,3451,outandin
4236,3488,outandin
4236,3735,outandin
4236,3820,outandin
4236,3854,outandin
4236,3904,outandin
4236,4030,outandin
4236,4217,outandin
4236,4227,outandin
4236,4238,outandin
4236,4252,outandin
4238,905,outandin
4238,1201,outandin
4238,1747,outandin
4238,2167,outandin
4238,4172,outandin
4238,4327,outandin
4238,4348,outandin
4238,4356,outandin
4264,3820,outandin
4301,3363,outandin
4301,3776,outandin
4301,3869,outandin
4301,3872,outandin
4301,4107,outandin
4301,4172,outandin
4301,4285,outandin
4301,4330,outandin
4301,4466,outandin
4301,4467,outandin
4301,4504,outandin
4301,4507,outandin
4301,4522,outandin
4301,4525,outandin
4301,4529,outandin
4301,4540,outandin
4301,4541,outandin
4301,4798,outandin
4301,4855,outandin
4301,4933,outandin
4301,4934,outandin
4301,4935,outandin
4301,4936,outandin
4301,4938,outandin
4360,905,outandin
4360,2565,outandin
4360,2942,outandin
4360,3578,outandin
4360,3892,outandin
4360,3897,outandin
4360,4339,outandin
4360,4554,outandin
4360,4559,outandin
4360,4635,outandin
4360,4890,outandin
4384,3404,outandin
4384,4844,outandin
4515,2067,outandin
4515,2538,outandin
4515,2942,outandin
4515,3828,outandin
4515,3897,outandin
4515,4197,incoming
4515,4209,outandin
4515,4365,outandin
4515,4527,outandin
4515,4605,outandin
4515,4638,outandin
4515,4642,outandin
4515,4645,outandin
4515,4654,outandin
17,1277,outandin
17,1859,outandin
17,2840,outandin
17,3744,outandin
17,3756,outandin
17,3757,outandin
17,3759,outandin
17,3760,outandin
17,3784,outandin
1277,265,outandin
1859,1612,outandin
1859,1693,outandin
1859,1802,outandin
1859,2625,outandin
1859,2840,outandin
1859,3779,outandin
2840,3744,outandin
2840,3797,outandin
2840,3799,outandin
2840,3856,outandin
2840,4698,outandin
3744,19,outandin
3744,23,outandin
3744,29,outandin
3744,215,outandin
3744,270,outandin
3744,346,outandin
3744,363,outandin
3744,446,outandin
3744,468,outandin
3744,481,outandin
3744,493,outandin
3744,535,outandin
3744,537,outandin
3744,546,outandin
3744,630,outandin
3744,687,outandin
3744,882,outandin
3744,988,outandin
3744,1001,outandin
3744,1316,outandin
3744,1318,outandin
3744,1383,outandin
3744,1528,outandin
3744,1584,outandin
3744,1670,incoming
3744,1689,outandin
3744,1743,outandin
3744,1802,outandin
3744,1840,outandin
3744,1885,outandin
3744,1905,outandin
3744,1948,outandin
3744,1967,outandin
3744,2017,outandin
3744,2067,outandin
3744,2070,outandin
3744,2113,outandin
3744,2141,outandin
3744,2173,outandin
3744,2194,outandin
3744,2262,outandin
3744,2351,outandin
3744,2397,outandin
3744,2438,outandin
3744,2600,outandin
3744,2647,outandin
3744,2733,outandin
3744,2934,outandin
3744,3018,outandin
3744,3113,outandin
3744,3374,outandin
3744,3394,outandin
3744,3408,outandin
3744,3736,outandin
3744,3756,outandin
3744,3757,outandin
3744,3759,outandin
3744,3760,outandin
3744,3786,outandin
3744,3787,outandin
3744,3788,outandin
3744,3789,outandin
3744,3790,outandin
3744,3791,outandin
3744,3792,outandin
3744,3813,outandin
3744,4075,outandin
3744,4402,outandin
3756,270,outandin
3756,481,outandin
3756,1316,outandin
3756,1318,outandin
3756,1383,outandin
3756,1948,outandin
3756,2017,outandin
3756,2067,outandin
3756,2194,outandin
3756,2351,outandin
3756,2647,outandin
3756,2934,outandin
3756,3757,outandin
3756,3759,outandin
3756,3760,outandin
3756,3786,outandin
3756,3787,outandin
3756,3788,outandin
3756,3789,outandin
3756,3790,outandin
3756,3791,outandin
3756,3792,outandin
3756,3793,outandin
3756,3794,outandin
3756,3795,outandin
3757,270,outandin
3757,481,outandin
3757,1316,outandin
3757,1318,outandin
3757,1948,outandin
3757,2017,outandin
3757,2067,outandin
3757,2194,outandin
3757,2351,outandin
3757,2647,outandin
3757,2934,outandin
3757,3759,outandin
3757,3760,outandin
3757,3786,outandin
3757,3787,outandin
3757,3788,outandin
3757,3789,outandin
3757,3790,outandin
3757,3791,outandin
3757,3792,outandin
3757,3793,outandin
3757,3794,outandin
3757,3795,outandin
3759,270,outandin
3759,481,outandin
3759,1318,outandin
3759,2017,outandin
3759,2067,outandin
3759,2194,outandin
3759,2351,outandin
3759,2647,outandin
3759,2934,outandin
3759,3760,outandin
3759,3786,outandin
3759,3787,outandin
3759,3788,outandin
3759,3789,outandin
3759,3790,outandin
3759,3791,outandin
3759,3792,outandin
3759,3793,outandin
3759,3794,outandin
3759,3795,outandin
3760,270,outandin
3760,481,outandin
3760,1316,outandin
3760,1318,outandin
3760,2017,outandin
3760,2067,outandin
3760,2194,outandin
3760,2351,outandin
3760,2647,outandin
3760,2934,outandin
3760,3786,outandin
3760,3787,outandin
3760,3788,outandin
3760,3789,outandin
3760,3790,outandin
3760,3791,outandin
3760,3792,outandin
3760,3793,outandin
3760,3794,outandin
3760,3795,outandin
3784,178,outandin
21,4244,outandin
4244,280,outandin
4244,3600,outandin
4244,4259,outandin
4244,4402,outandin
23,2524,outandin
2524,1693,outandin
113,171,outandin
113,1764,outandin
113,3735,outandin
113,4101,outandin
342,710,outandin
342,4249,outandin
353,57,outandin
353,905,outandin
353,1317,outandin
353,1502,outandin
353,1984,outandin
353,2942,outandin
353,3534,outandin
353,3578,outandin
353,3820,outandin
353,4172,outandin
353,4291,outandin
353,4361,outandin
353,4366,outandin
353,4554,outandin
353,4559,outandin
353,4562,outandin
353,4605,outandin
353,4887,outandin
547,2262,outandin
625,361,outandin
625,3451,outandin
625,3926,outandin
625,4136,outandin
625,4284,outandin
625,4291,outandin
625,4363,outandin
625,4546,outandin
625,4732,outandin
625,4875,outandin
2158,710,outgoing
2158,1731,outandin
2165,1792,outandin
2165,2214,outandin
2165,3027,outandin
2165,3214,incoming
2763,2017,outandin
2763,2070,outandin
2763,2127,outandin
2763,2688,outandin
2763,2725,outandin
2763,2963,outandin
2763,2976,outandin
2763,3006,outandin
2763,3136,outandin
2763,3198,outandin
2845,2625,outandin
3045,2861,outandin
3045,3078,outandin
3045,3089,outandin
3045,3231,outandin
3045,3598,outandin
3045,4011,outandin
3190,2378,outandin
3190,3044,outandin
3233,2325,outandin
3233,3119,outandin
3233,3197,outandin
3233,3223,outandin
3233,3234,outandin
3233,3236,outandin
3233,3239,outandin
3233,3303,outandin
3233,3697,outandin
3233,4172,outandin
3236,3119,outandin
3236,3237,outandin
3236,3316,outandin
3250,3119,outandin
3250,3653,outandin
3335,363,outandin
3335,2398,outandin
3335,3345,outandin
3335,3437,outandin
3335,3656,outandin
3335,4691,outandin
3429,1991,outandin
3429,2942,outandin
3429,3020,outandin
3429,3436,outandin
3429,3735,outandin
3429,3837,outandin
3429,4366,outandin
3429,4519,outandin
3429,4600,outandin
3429,4611,outandin
3703,2351,outandin
3703,2625,outandin
3703,2755,outandin
3828,590,outandin
3828,687,outandin
3828,905,outandin
3828,929,outandin
3828,1639,outandin
3828,1998,outandin
3828,2176,outandin
3828,2202,outandin
3828,2396,outandin
3828,2404,outandin
3828,2625,outandin
3828,2860,outandin
3828,2942,outandin
3828,3002,outandin
3828,3598,outandin
3828,3646,outandin
3828,3653,outandin
3828,3724,outandin
3828,3735,outandin
3828,3738,outandin
3828,3781,outandin
3828,3815,outandin
3828,3820,outandin
3828,3838,outandin
3828,3843,outandin
3828,3850,outandin
3828,3854,outandin
3828,3857,outandin
3828,3864,outandin
3828,3875,outandin
3828,3976,outandin
3828,3980,outandin
3828,4022,outandin
3828,4057,outandin
3828,4092,outandin
3828,4137,outandin
3828,4166,outandin
3828,4184,outandin
3828,4197,incoming
3828,4198,outandin
3828,4213,outandin
3828,4258,outandin
3837,57,outandin
3837,141,outandin
3837,481,outandin
3837,687,outandin
3837,2131,outandin
3837,2404,outandin
3837,2464,outandin
3837,2600,outandin
3837,2958,outandin
3837,3013,outandin
3837,3781,outandin
3837,3897,incoming
3837,3926,outandin
3837,4119,outandin
3837,4197,outandin
3837,4254,outandin
3837,4258,outandin
3837,4276,outandin
3837,4284,outandin
3837,4291,outandin
3837,4351,outandin
3837,4370,outandin
3837,4379,outandin
3837,4419,outandin
3837,4421,outandin
3837,4431,outandin
3837,4439,outandin
3837,4459,outandin
3837,4478,outandin
3837,4491,outandin
3837,4531,outandin
3837,4536,outandin
3837,4543,outandin
3837,4597,outandin
3837,4609,outandin
3916,280,outandin
3916,446,outandin
3916,540,outandin
3916,664,outandin
3916,1612,outandin
3916,2110,outandin
3916,2167,outandin
3916,2404,outandin
3916,2472,outandin
3916,2767,outandin
3916,2987,outandin
3916,3000,outandin
3916,3020,outandin
3916,3105,outandin
3916,3217,outandin
3916,3321,outandin
3916,3389,outandin
3916,3531,outandin
3916,3646,outandin
3916,3735,outandin
3916,3820,outandin
3916,3903,outandin
3916,3926,outandin
3916,4048,outandin
3916,4103,outandin
3916,4114,outandin
3916,4136,outandin
3916,4137,outandin
3916,4163,outandin
3916,4169,outandin
3916,4172,outandin
3916,4184,outandin
3916,4198,outandin
3916,4214,outandin
3916,4228,outandin
3916,4231,outandin
3916,4266,outandin
3916,4268,outandin
3916,4269,outandin
3916,4273,outandin
3916,4274,outandin
3916,4276,outandin
3916,4337,outandin
3916,4350,outandin
3916,4363,outandin
3916,4365,outandin
3916,4370,outandin
3916,4374,outandin
3916,4380,outandin
3916,4382,outandin
3916,4404,outandin
3916,4405,outandin
3916,4420,outandin
3916,4422,outandin
3916,4583,outandin
3916,4635,outandin
3916,4641,outandin
3981,1939,outandin
3981,2625,outandin
3981,2942,outandin
3981,3820,outandin
3981,3982,outandin
3981,4172,outandin
3981,4284,outandin
4163,230,outandin
4163,395,outandin
4163,905,outandin
4163,1689,outandin
4163,2080,outandin
4163,2142,outandin
4163,2822,outandin
4163,3408,outandin
4163,3547,outandin
4163,3743,outandin
4163,4107,outandin
4163,4119,outandin
4163,4180,outandin
4163,4181,outandin
4163,4210,outandin
4163,4251,outandin
4163,4297,outandin
4163,4455,outandin
4163,4611,outandin
4163,4905,outandin
4315,1185,outandin
4315,2167,incoming
4315,4222,incoming
4315,4269,outandin
4315,4392,outandin
4315,4403,outandin
4315,4407,outandin
4315,4460,outandin
4315,4787,incoming
4315,4789,outandin
4315,4975,outandin
4363,664,outandin
4363,1971,outandin
4363,1991,outandin
4363,2110,outandin
4363,2600,outandin
4363,2754,outandin
4363,2880,outandin
4363,2958,outandin
4363,3105,outandin
4363,4291,outandin
4363,4379,outandin
4363,4459,outandin
4363,4527,outandin
4363,4530,outandin
4363,4570,outandin
4363,4578,outandin
4363,4610,outandin
4573,2318,outandin
4573,2600,outandin
4573,4694,outandin
4573,4857,outandin
4791,2496,outandin
4791,3413,outandin
4791,3903,outandin
4791,3957,outandin
4791,4584,outandin
4791,4638,outandin
4791,4694,outandin
4791,4698,outandin
4791,4802,outandin
26,804,outandin
804,3479,outandin
29,2755,outandin
2755,357,outandin
2755,455,outandin
2755,546,outandin
2755,1396,outandin
2755,2004,outandin
2755,2262,outandin
2755,2404,outandin
2755,2472,outandin
2755,2625,outandin
2755,3342,outandin
2755,3345,outandin
2755,3733,outandin
2755,4434,outandin
33,57,outandin
57,1201,outgoing
57,1245,outandin
57,1396,outandin
57,1403,outandin
57,2397,outandin
57,2404,outandin
57,2861,outandin
57,2942,outandin
57,3278,incoming
57,4214,outandin
57,4291,incoming
57,4611,outandin
36,492,outandin
36,3450,outandin
36,3593,outandin
115,448,outandin
115,1947,outandin
149,1318,outandin
149,1615,outandin
415,2233,outandin
415,2289,outandin
415,2313,outandin
415,3279,outandin
415,3578,outandin
436,3737,outandin
436,4107,outandin
872,4291,outandin
900,2565,outandin
900,2625,outandin
900,3208,outandin
900,3489,outandin
900,4979,outandin
900,4984,outandin
905,64,outandin
905,215,outandin
905,304,outgoing
905,446,outandin
905,664,outandin
905,729,outandin
905,1316,outandin
905,1403,outgoing
905,1529,outgoing
905,1693,outgoing
905,1719,outgoing
905,2090,outandin
905,2110,outandin
905,2194,outgoing
905,2269,outgoing
905,2351,outandin
905,2404,outgoing
905,2565,outandin
905,2942,outandin
905,2948,outandin
905,2958,outandin
905,2977,outandin
905,3000,outandin
905,3487,outandin
905,3531,outandin
905,3578,outandin
905,3611,outandin
905,3738,outandin
905,3878,outandin
905,3919,outandin
905,4036,outandin
905,4038,outandin
905,4075,outandin
905,4084,outandin
905,4119,outandin
905,4126,outandin
905,4172,incoming
905,4184,outandin
905,4192,outandin
905,4198,outandin
905,4254,outandin
905,4281,outandin
905,4284,outandin
905,4286,outandin
905,4291,outandin
905,4320,outandin
905,4331,outandin
905,4334,outandin
905,4336,outandin
905,4400,outandin
905,4402,outandin
905,4406,outandin
905,4409,outandin
905,4415,outandin
905,4531,outandin
905,4554,outandin
905,4591,outandin
905,4608,outandin
905,4622,outandin
905,4645,outandin
905,4654,outandin
905,4661,outandin
905,4666,outandin
905,4667,outandin
905,4668,outandin
905,4672,outandin
905,4673,outandin
905,4675,outandin
905,4676,outandin
905,4678,outandin
905,4679,outandin
905,4680,outandin
905,4681,outandin
905,4682,outandin
905,4683,outandin
905,4686,outandin
905,4688,outandin
905,4693,outandin
905,4694,outandin
905,4707,outandin
905,4729,outandin
905,4733,outandin
905,4744,outandin
905,4883,outandin
1453,178,outandin
1615,1185,outandin
1615,1289,outandin
1615,1396,outgoing
1615,2233,outandin
1615,2281,outandin
1615,2313,outandin
1615,3058,outandin
1615,3060,outandin
1615,3155,outandin
1615,3340,outandin
1615,3398,outandin
1615,4331,outandin
1615,4939,outandin
1675,1731,outgoing
1675,1981,outandin
1675,2262,outgoing
1675,2625,outandin
1675,3000,outandin
1675,3653,outandin
1675,3656,outandin
1675,3669,outandin
1675,3803,outandin
1938,4254,outandin
1938,4554,outandin
1998,3223,outandin
1998,3735,outandin
1998,4409,outandin
1998,4559,outandin
1998,4898,outandin
2004,664,outandin
2004,3716,outandin
2118,546,outandin
2118,3047,outandin
2118,3281,outandin
2118,3377,outandin
2313,988,outgoing
2313,2080,outgoing
2313,2305,outandin
2313,2347,outgoing
2313,2377,outgoing
2313,2383,outgoing
2313,2859,outandin
2313,3267,outandin
2313,4516,incoming
2313,4689,outandin
2313,4767,incoming
2313,4915,outandin
2333,96,outgoing
2333,1746,outandin
2333,1764,outandin
2333,2484,outandin
2333,3103,outandin
2333,3428,outandin
2431,4038,outandin
2476,1502,outandin
2484,2710,outandin
2484,3367,outandin
2484,3800,outandin
2691,2934,outandin
2710,492,outandin
2710,729,outandin
2710,2775,outandin
2710,3254,outandin
2710,3298,outandin
2710,4172,outandin
2710,4197,outandin
2710,4559,outandin
2710,4965,outandin
2725,171,outandin
2725,214,outandin
2725,361,outandin
2725,492,outgoing
2725,1396,outandin
2725,1731,outandin
2725,1802,outandin
2725,1946,outandin
2725,2030,outandin
2725,2176,outandin
2725,2201,outandin
2725,2325,outandin
2725,2419,outandin
2725,2647,outandin
2725,2688,outandin
2725,2728,outgoing
2725,2733,outandin
2725,2795,outandin
2725,2805,outandin
2725,2812,outandin
2725,2821,outandin
2725,2843,outgoing
2725,2848,outandin
2725,2861,outandin
2725,2901,outandin
2725,2934,outandin
2725,2942,outandin
2725,2944,outandin
2725,2963,outandin
2725,2981,outandin
2725,3002,outandin
2725,3054,outandin
2725,3055,outandin
2725,3140,outandin
2725,3148,outandin
2725,3196,outandin
2725,3237,outandin
2725,3239,outandin
2725,3326,outandin
2767,2647,outandin
2767,4172,outandin
2777,171,outandin
2777,1612,outandin
2777,2176,outandin
2777,3578,outandin
2777,3669,outandin
2777,3781,outandin
2777,3928,outandin
2777,4038,outandin
2777,4253,outandin
2777,4304,outandin
2777,4367,outandin
2963,230,outandin
2963,2960,outandin
2971,2073,outandin
2982,2080,outandin
3002,2647,outandin
3002,2940,outandin
3006,452,outandin
3006,523,outandin
3006,2262,outandin
3006,2661,outandin
3006,3015,outandin
3006,3800,outandin
3006,3854,outandin
3006,3928,outandin
3008,3578,outandin
3021,2344,outandin
3037,2378,outandin
3037,2485,outandin
3037,2635,outandin
3040,2485,outandin
3040,2775,outandin
3041,2343,outandin
3067,2775,outandin
3102,2775,outandin
3105,2538,outandin
3105,2775,outandin
3105,2903,outandin
3105,3099,outandin
3105,3598,outandin
3106,492,outandin
3106,2070,outandin
3107,1396,outandin
3107,2625,outandin
3107,2775,outandin
3107,3542,outandin
3107,3595,outandin
3107,4031,outandin
3107,4172,outandin
3107,4350,outandin
3107,4380,outandin
3113,1802,outandin
3113,2625,outandin
3113,2775,outandin
3113,3326,outandin
3113,3346,outandin
3113,3347,outandin
3113,3735,outandin
3113,3976,outandin
3155,3422,outandin
3163,2485,outandin
3172,2110,outandin
3172,2404,outandin
3172,3239,outandin
3172,3333,outandin
3199,3201,outandin
3208,491,outandin
3208,2262,outandin
3208,3146,outandin
3208,3209,outandin
3208,3500,outandin
3208,3571,outandin
3209,3459,outandin
3211,3389,outandin
3211,4080,outandin
3242,2404,outandin
3242,4197,outandin
3269,3239,outandin
3269,3273,outandin
3270,2419,outandin
3270,3239,outandin
3270,4548,outandin
3283,4511,outandin
3296,1271,outandin
3296,3295,outandin
3296,3316,outandin
3300,2427,outandin
3300,3377,outandin
3304,1271,outandin
3316,230,outandin
3316,1396,outandin
3316,2565,outandin
3316,3329,outandin
3328,3313,outandin
3328,4169,outandin
3363,2485,outandin
3363,3086,outandin
3385,3653,outandin
3413,4554,outandin
3414,3738,outandin
3414,4233,outandin
3425,4511,incoming
3486,1198,outandin
3486,2405,outandin
3489,1396,outandin
3489,2625,outandin
3489,2838,outandin
3504,3520,outandin
3504,3666,outandin
3504,3797,outandin
3504,4217,incoming
3506,3086,outandin
3506,3509,outandin
3515,2625,outandin
3515,3451,outandin
3526,3976,outandin
3526,4197,outandin
3533,2775,outandin
3533,3669,outandin
3533,4875,outandin
3577,3573,outandin
3578,1584,outandin
3578,1670,outandin
3578,2328,outandin
3578,2404,outandin
3578,2552,outandin
3578,2565,outandin
3578,2942,outandin
3578,3024,outandin
3578,3104,outandin
3578,3252,outandin
3578,3580,outandin
3578,3604,outandin
3578,3615,outandin
3578,3625,outandin
3578,3764,outandin
3578,3803,outandin
3578,3820,outandin
3578,4084,outandin
3578,4172,outandin
3578,4233,outandin
3578,4284,outandin
3578,4353,outandin
3578,4382,outandin
3578,4400,outandin
3578,4459,outandin
3578,4461,outandin
3578,4481,outandin
3578,4489,outandin
3578,4538,outandin
3578,4554,outandin
3578,4559,outandin
3578,4580,outandin
3578,4592,outandin
3578,4601,outandin
3578,4606,outandin
3578,4643,outandin
3578,4645,outandin
3578,4695,outandin
3588,3099,outandin
3632,199,outandin
3648,3451,outandin
3648,3667,outandin
3648,3781,outandin
3663,2625,outandin
3666,1437,outandin
3666,3023,outandin
3666,3451,outandin
3666,3524,outandin
3666,3721,outandin
3666,3731,outandin
3666,3758,outandin
3666,3803,outandin
3696,4197,outandin
3735,64,outandin
3735,146,outandin
3735,256,outandin
3735,366,outandin
3735,700,outandin
3735,767,outandin
3735,1227,outandin
3735,1272,outandin
3735,1502,outandin
3735,1612,outandin
3735,1674,outandin
3735,1689,outandin
3735,1755,outandin
3735,1879,outandin
3735,2048,outandin
3735,2110,outandin
3735,2243,outandin
3735,2262,outandin
3735,2325,outandin
3735,2328,outandin
3735,2365,outandin
3735,2404,outandin
3735,2625,outandin
3735,2805,outandin
3735,2822,outandin
3735,2860,outandin
3735,3345,outandin
3735,3451,outandin
3735,3547,outandin
3735,3598,outandin
3735,3629,outandin
3735,3646,outandin
3735,3653,outandin
3735,3655,outandin
3735,3656,outandin
3735,3715,outandin
3735,3724,outandin
3735,3738,outandin
3735,3767,outandin
3735,3775,outandin
3735,3797,outandin
3735,3800,outandin
3735,3815,outandin
3735,3816,outandin
3735,3823,outandin
3735,3824,outandin
3735,3841,outandin
3735,3842,outandin
3735,3851,outandin
3735,3854,outandin
3735,3867,outandin
3735,3868,outandin
3735,3881,outandin
3735,3885,outandin
3735,3892,outandin
3735,3897,outandin
3735,3925,outandin
3735,3928,outandin
3735,3972,outandin
3735,3982,outandin
3735,3988,outandin
3735,3995,outandin
3735,4004,outandin
3735,4011,outandin
3735,4022,outandin
3735,4047,outandin
3735,4051,outandin
3735,4052,outandin
3735,4053,outandin
3735,4054,outandin
3735,4055,outandin
3735,4056,outandin
3735,4059,outandin
3735,4060,outandin
3735,4062,outandin
3735,4078,outandin
3735,4088,outandin
3735,4103,outandin
3735,4113,outandin
3735,4114,outandin
3735,4116,outandin
3735,4118,outandin
3735,4119,outandin
3735,4121,outandin
3735,4122,outandin
3735,4134,outandin
3735,4136,outandin
3735,4149,outandin
3735,4167,outandin
3735,4168,outandin
3735,4169,outandin
3735,4172,outandin
3735,4181,outandin
3735,4183,outandin
3735,4184,outandin
3735,4185,outandin
3735,4198,outandin
3735,4199,outandin
3735,4209,outandin
3735,4210,outandin
3735,4211,outandin
3735,4212,outandin
3735,4217,outandin
3735,4219,outandin
3735,4220,outandin
3735,4227,outandin
3735,4256,outandin
3735,4928,outandin
3739,3753,outandin
3743,4862,outandin
3750,546,outandin
3750,1612,outandin
3750,1948,outandin
3750,3122,outandin
3750,4197,outandin
3750,4457,outandin
3750,4482,outandin
3767,546,outandin
3767,2942,outandin
3767,3738,outandin
3767,3832,outandin
3767,4035,outandin
3767,4172,outandin
3767,4495,outandin
3803,3804,outandin
3803,3815,outandin
3803,4084,outandin
3806,2262,outandin
3991,3846,outandin
4011,3490,outandin
4011,3611,outandin
4011,3892,outandin
4017,3598,outandin
4017,3990,outandin
4032,3598,outandin
4032,3715,outandin
4032,3988,outandin
4064,1295,outandin
4065,3598,incoming
4090,988,incoming
4090,2070,outandin
4113,2625,outandin
4113,3892,outandin
4206,4169,outandin
4206,4198,outandin
4210,2110,outandin
4217,2600,outandin
4217,2942,outandin
4217,3451,outandin
4217,3820,outandin
4217,3897,outandin
4217,3976,outandin
4217,4038,outandin
4217,4197,outandin
4217,4237,outandin
4217,4250,outandin
4217,4277,outandin
4217,4459,outandin
4217,4495,outandin
4219,2942,outandin
4231,3600,outandin
4231,4197,outandin
4231,4211,outandin
4231,4235,outandin
4231,4302,outandin
4251,4204,outandin
4251,4249,outandin
4251,4402,outandin
4274,4291,outandin
4274,4571,outandin
4283,2397,outandin
4283,4281,outandin
4283,4287,outandin
4300,3820,outandin
4300,4385,outandin
4320,469,outandin
4320,2430,outandin
4320,2600,outandin
4320,2625,outandin
4320,3820,outandin
4320,3897,outandin
4320,4197,outandin
4320,4295,outandin
4320,4361,outandin
4320,4635,outandin
4320,4754,outandin
4320,4773,outandin
4320,4875,outandin
4320,4890,outandin
4320,4898,outandin
4334,546,outandin
4334,1991,outandin
4334,2262,outandin
4334,2942,outandin
4334,3897,outandin
4334,4172,outandin
4334,4361,incoming
4334,4559,outandin
4364,4266,outandin
4381,4284,outandin
4381,4397,outandin
4424,2942,outandin
4424,3629,outandin
4424,4281,outandin
4424,4400,outandin
4424,4402,outandin
4424,4487,outandin
4424,4635,outandin
4424,4709,outandin
4434,1971,outandin
4434,2942,outandin
4434,3892,outandin
4434,4172,incoming
4434,4291,outandin
4434,4304,outandin
4434,4402,outandin
4434,4511,outandin
4434,4554,outandin
4457,4559,outandin
4461,4635,outandin
4482,2565,outandin
4482,4480,outandin
4482,4521,outandin
4482,4539,outandin
4482,4915,outandin
4482,4924,outandin
4487,4084,outandin
4487,4197,outandin
4487,4402,outandin
4487,4694,outandin
4499,1403,outandin
4499,4196,outandin
4499,4400,outandin
4499,4559,outandin
4499,4635,outandin
4499,4674,outandin
4499,4694,outandin
4499,4875,outandin
4499,4881,outandin
4499,4890,outandin
4511,3487,outandin
4511,4337,outandin
4511,4531,outandin
4511,4553,outandin
4511,4593,outandin
4511,4838,outandin
4511,4872,outandin
4518,2942,outandin
4518,3926,outandin
4518,4291,outandin
4553,2600,outandin
4553,2906,outandin
4553,2942,outandin
4553,3897,outandin
4553,4172,outandin
4553,4402,outandin
4553,4554,outandin
4553,4625,outandin
4553,4635,outandin
4553,4787,outandin
4553,4844,outandin
4554,2565,outandin
4554,3168,outandin
4554,3451,outandin
4554,3598,outandin
4554,3823,outandin
4554,4172,outandin
4554,4252,outandin
4554,4254,outandin
4554,4400,outandin
4554,4402,outandin
4554,4539,outandin
4554,4559,outandin
4554,4586,outandin
4554,4597,outandin
4554,4621,outandin
4554,4644,outandin
4554,4693,outandin
4554,4734,incoming
4554,4890,outandin
4555,4635,outandin
4559,539,outandin
4559,546,outandin
4559,640,outandin
4559,1990,outandin
4559,2472,outandin
4559,2552,outandin
4559,2625,outandin
4559,3000,outandin
4559,3023,outandin
4559,3168,outandin
4559,3345,outandin
4559,3389,outandin
4559,3814,outandin
4559,3989,outandin
4559,4004,outandin
4559,4291,outandin
4559,4365,outandin
4559,4415,outandin
4559,4493,outandin
4559,4562,outandin
4559,4611,outandin
4559,4828,outandin
4559,4861,outandin
4559,4862,outandin
4559,4875,outandin
4559,4879,outandin
4559,4887,outandin
4559,4893,outandin
4559,4916,outandin
4559,4917,outandin
4559,4937,outandin
4559,4943,outandin
4559,4944,outandin
4559,4965,outandin
4562,1548,outandin
4562,4365,outandin
4601,1829,outandin
4601,2942,outandin
4601,4602,outandin
4606,3897,outandin
4641,2880,outandin
4645,2942,outandin
4645,3897,outandin
4645,4107,outandin
4645,4203,outandin
4645,4254,outandin
4645,4635,outandin
4645,4646,outandin
4674,4254,outandin
4771,4893,outandin
4787,664,outandin
4787,1034,outandin
4787,1185,outandin
4787,2127,outandin
4787,2167,outandin
4787,2430,outandin
4787,3598,outandin
4787,4172,outandin
4787,4338,outandin
4787,4365,outandin
4787,4608,outandin
4787,4780,outandin
4787,4839,outandin
4787,4840,outandin
4787,4842,outandin
4787,4852,outandin
4787,4861,outandin
4787,4884,outandin
4790,3005,outandin
4837,4875,outandin
4844,3897,outandin
4844,4397,outandin
4844,4611,outandin
4844,4833,outandin
4844,4846,outandin
4859,3646,outandin
4859,4869,outandin
4861,4830,outandin
4861,4863,outandin
4883,2942,outandin
4883,3903,outandin
4883,4197,outandin
4883,4862,outandin
4883,4875,outandin
4883,4884,outandin
4883,4885,outandin
492,2770,outgoing
492,2775,outandin
492,3182,outandin
492,4392,outandin
3450,2661,outandin
3450,3734,outandin
3593,545,outandin
3593,1289,outandin
3593,1948,outandin
3593,2064,outandin
3593,4086,outandin
3593,4426,outandin
3593,4429,outandin
37,3018,outandin
3018,332,outandin
3018,1396,outandin
3018,1922,outandin
3018,2363,outandin
3018,2378,outandin
3018,2635,outandin
3018,2647,outandin
3018,2825,outandin
3018,2852,outandin
3018,2861,outandin
3018,2889,outandin
3018,2905,outandin
3018,2913,outandin
3018,2966,outandin
3018,3016,outandin
3018,3047,outandin
3018,3077,outandin
3018,3081,outandin
3018,3082,outandin
3018,3085,outandin
3018,3093,outandin
3018,3115,outandin
3018,3116,outandin
3018,3136,outandin
3018,3180,outandin
3018,3189,outandin
3018,3207,outandin
3018,3218,outandin
3018,3248,outandin
3018,3249,outandin
3018,3280,outandin
3018,3286,outandin
3018,3323,outandin
3018,3357,outandin
3018,3468,outandin
3018,3495,outandin
3018,3525,outandin
3018,3561,outandin
3018,3620,outandin
3018,3639,outandin
3018,3641,outandin
3018,3651,outandin
3018,3712,outandin
3018,3751,outandin
3018,3765,outandin
3018,3766,outandin
3018,3776,incoming
3018,3872,outandin
3018,3884,outandin
3018,3903,outandin
3018,3914,outandin
3018,4023,outandin
3018,4026,outandin
3018,4027,outandin
3018,4042,outandin
3018,4075,outandin
3018,4107,outandin
3018,4112,outandin
3018,4145,outandin
3018,4172,outandin
3018,4195,outandin
3018,4204,outandin
3018,4266,outandin
3018,4299,outandin
3018,4319,outandin
3018,4330,outandin
3018,4398,outandin
3018,4648,outandin
3018,4779,outandin
1316,146,outandin
1316,1396,outgoing
1316,1802,outandin
1316,2625,outandin
1316,3000,outandin
1316,4114,outandin
1800,1271,outandin
1800,2780,outandin
2063,1396,outgoing
2063,2942,outandin
2063,3598,outandin
2063,4177,outandin
2063,4254,outandin
2063,4635,outandin
2063,4778,outandin
2110,585,outandin
2110,871,outandin
2110,1396,outgoing
2110,1689,outandin
2110,1923,outandin
2110,2397,outandin
2110,2600,outandin
2110,2625,outandin
2110,2661,outandin
2110,2880,outandin
2110,2944,outandin
2110,2977,outandin
2110,2992,outandin
2110,3027,outandin
2110,3036,outandin
2110,3059,outandin
2110,3153,outandin
2110,3182,outandin
2110,3299,outandin
2110,3463,outandin
2110,3738,outandin
2110,4053,outandin
2110,4350,outandin
2110,4431,outandin
2110,4543,outandin
2110,4635,outandin
2110,4971,outandin
2742,1612,outandin
2805,3046,outandin
3421,4800,outandin
3442,2176,outandin
3463,2565,outandin
3463,3380,outandin
3476,2625,outandin
3476,2898,outandin
3476,2977,outandin
3476,3581,outandin
3598,51,outandin
3598,361,outandin
3598,527,outandin
3598,590,outandin
3598,733,outandin
3598,1094,outandin
3598,1403,outandin
3598,1764,outandin
3598,1802,outandin
3598,2176,outandin
3598,2625,outandin
3598,2780,outandin
3598,2973,outandin
3598,3092,outandin
3598,3099,outandin
3598,3122,outandin
3598,3153,outandin
3598,3388,outandin
3598,3864,outandin
3598,3875,outandin
3598,3904,outandin
3598,3987,outandin
3598,3990,outandin
3598,3997,outandin
3598,4036,outandin
3598,4044,outandin
3598,4046,outandin
3598,4057,outandin
3598,4078,outandin
3598,4083,outandin
3598,4103,outandin
3598,4235,outandin
3598,4267,outandin
3598,4391,outandin
3598,4402,outandin
3598,4448,outandin
4197,363,outandin
4197,545,outandin
4197,546,outandin
4197,710,outandin
4197,1272,outandin
4197,1412,outandin
4197,1731,outandin
4197,1886,outandin
4197,2012,outandin
4197,2044,outandin
4197,2262,outandin
4197,2312,outandin
4197,2325,outandin
4197,2337,outandin
4197,2404,outandin
4197,2496,outandin
4197,2600,outandin
4197,2625,incoming
4197,2819,outandin
4197,2880,outandin
4197,2942,incoming
4197,2958,outandin
4197,3000,incoming
4197,3020,outandin
4197,3143,outandin
4197,3237,outandin
4197,3268,outandin
4197,3441,outandin
4197,3487,outandin
4197,3531,outandin
4197,3538,outandin
4197,3574,outandin
4197,3610,outandin
4197,3621,outandin
4197,3682,outandin
4197,3875,outandin
4197,3897,outandin
4197,3976,outandin
4197,3980,outandin
4197,4004,outandin
4197,4084,outandin
4197,4114,incoming
4197,4189,outandin
4197,4198,outandin
4197,4228,outandin
4197,4233,outandin
4197,4235,outandin
4197,4262,outandin
4197,4271,outandin
4197,4273,incoming
4197,4281,outandin
4197,4287,outandin
4197,4307,outandin
4197,4312,outandin
4197,4328,outandin
4197,4333,outandin
4197,4350,outandin
4197,4361,outandin
4197,4370,outandin
4197,4375,outandin
4197,4418,outandin
4197,4419,outandin
4197,4431,outandin
4197,4432,outandin
4197,4438,outandin
4197,4439,outandin
4197,4449,outandin
4197,4462,outandin
4197,4531,outandin
4197,4533,outandin
4197,4543,outandin
4197,4558,outandin
4197,4563,outandin
4197,4569,outandin
4197,4571,outandin
4197,4587,outandin
4197,4603,outandin
4197,4605,outandin
4197,4614,outandin
4197,4629,outandin
4197,4635,outandin
4197,4647,outandin
4197,4703,outandin
4197,4708,outandin
4197,4796,outandin
4197,4797,outandin
4197,4804,outandin
4197,4805,outandin
4197,4813,outandin
4197,4850,outandin
4197,4875,outandin
4197,4886,outandin
4197,4890,outandin
4197,4898,outandin
4197,4907,outandin
4197,4961,outandin
4197,4969,outandin
4599,1971,outandin
4599,2565,outandin
4599,4038,outandin
4599,4284,outandin
4599,4402,outandin
4635,664,outandin
4635,2496,outandin
4635,2552,outandin
4635,3321,outandin
4635,4209,outandin
4635,4281,outandin
4635,4291,outandin
4635,4337,outandin
4635,4353,outandin
4635,4361,outandin
4635,4531,outandin
4635,4604,outandin
4635,4654,outandin
4635,4661,outandin
4635,4665,outandin
4635,4666,outandin
4635,4667,outandin
4635,4668,outandin
4635,4669,outandin
4635,4670,outandin
4635,4672,outandin
4635,4673,outandin
4635,4675,outandin
4635,4676,outandin
4635,4678,outandin
4635,4679,outandin
4635,4680,outandin
4635,4681,outandin
4635,4682,outandin
4635,4683,outandin
4635,4684,outandin
4635,4686,outandin
4635,4687,outandin
4635,4688,outandin
4635,4698,outandin
4635,4699,outandin
4635,4701,outandin
4635,4707,outandin
4635,4733,outandin
4635,4755,outandin
4635,4761,outandin
4635,4762,outandin
4635,4776,outandin
4635,4803,outandin
4635,4828,incoming
51,538,outandin
538,3345,outandin
1201,1529,outgoing
1201,2194,outgoing
1201,4144,outandin
1201,4297,outandin
1201,4356,outandin
1245,3099,outandin
1245,4095,outandin
1245,4172,outandin
1396,104,outgoing
1396,171,outandin
1396,178,outandin
1396,539,outandin
1396,554,outandin
1396,729,outgoing
1396,1001,outandin
1396,1098,outandin
1396,1267,outandin
1396,1528,outandin
1396,1693,outandin
1396,1735,outandin
1396,2194,outandin
1396,2974,outandin
1396,2995,outandin
1396,3019,outandin
1396,3025,outandin
1396,3195,outandin
1396,3235,outandin
1396,3298,outandin
1396,3386,outandin
1396,3482,outandin
1396,3492,outandin
1403,540,outandin
1403,2404,outandin
1403,3273,outandin
1403,3723,outandin
1403,3903,outandin
1403,4249,outandin
1403,4543,outandin
1403,4546,outandin
1403,4703,outandin
2397,540,outandin
2397,1499,outandin
2397,1585,outandin
2397,2424,outgoing
2397,2733,outandin
2397,2942,outandin
2397,3391,outandin
2397,4172,outandin
2397,4213,outandin
2397,4287,outandin
2397,4577,outandin
2404,178,outandin
2404,1529,outandin
2404,1971,outandin
2404,2600,outandin
2404,2625,outandin
2404,2942,outandin
2404,3223,outandin
2404,3528,outandin
2404,3656,outandin
2404,3746,incoming
2404,3781,outandin
2404,3816,outandin
2404,3878,outandin
2404,3887,outandin
2404,3888,outandin
2404,3928,outandin
2404,3978,outandin
2404,4084,outandin
2404,4118,outandin
2404,4119,outandin
2404,4172,outandin
2404,4284,outandin
2404,4291,outandin
2404,4345,outandin
2404,4370,outandin
2404,4423,outandin
2404,4450,outandin
2861,493,outandin
2861,1366,outandin
2861,2955,outandin
2861,3723,outandin
2942,156,outandin
2942,274,outandin
2942,539,outandin
2942,640,outandin
2942,664,outandin
2942,1529,outandin
2942,1535,outandin
2942,1612,outandin
2942,1689,outandin
2942,1731,incoming
2942,1802,outandin
2942,2167,outandin
2942,2262,outandin
2942,2552,outandin
2942,2565,outandin
2942,2600,outandin
2942,2625,outandin
2942,2950,outandin
2942,3013,outandin
2942,3023,outandin
2942,3168,outandin
2942,3237,outandin
2942,3427,outandin
2942,3487,outandin
2942,3531,outandin
2942,3611,outandin
2942,3682,outandin
2942,3704,outandin
2942,3820,outandin
2942,4038,outandin
2942,4136,outandin
2942,4237,outandin
2942,4254,outandin
2942,4281,outandin
2942,4291,outandin
2942,4295,outandin
2942,4351,outandin
2942,4376,outandin
2942,4398,outandin
2942,4401,outandin
2942,4402,outandin
2942,4421,outandin
2942,4459,outandin
2942,4483,outandin
2942,4530,outandin
2942,4545,outandin
2942,4566,outandin
2942,4568,outandin
2942,4584,outandin
2942,4596,outandin
2942,4604,outandin
2942,4605,outandin
2942,4614,outandin
2942,4626,outandin
2942,4627,outandin
2942,4631,outandin
2942,4632,outandin
2942,4633,outandin
2942,4642,outandin
2942,4708,outandin
2942,4709,incoming
2942,4740,outandin
2942,4746,outandin
2942,4788,outandin
2942,4879,outandin
4214,1744,outandin
4214,3023,outandin
4291,1612,outandin
4291,1886,outandin
4291,2044,outandin
4291,2056,outandin
4291,2195,outandin
4291,2430,outandin
4291,2600,outandin
4291,2848,outandin
4291,2977,outandin
4291,3013,outandin
4291,3020,outandin
4291,3380,outandin
4291,3389,outandin
4291,3392,outandin
4291,3451,incoming
4291,3531,outandin
4291,3682,outandin
4291,3695,outandin
4291,3697,outandin
4291,3781,outandin
4291,3815,outandin
4291,3841,outandin
4291,3873,outandin
4291,4136,outandin
4291,4172,incoming
4291,4189,outandin
4291,4370,incoming
4291,4452,outandin
4291,4484,outandin
4291,4490,outandin
4291,4519,incoming
4291,4588,outandin
4291,4592,incoming
4291,4616,outandin
4291,4637,outandin
4291,4693,outandin
4291,4773,outandin
4291,4800,incoming
4291,4830,outandin
4291,4890,outandin
4291,4893,outandin
4291,4898,outandin
4291,4907,outandin
4291,4941,outandin
4611,486,outandin
4611,2600,outandin
4611,3321,outandin
4611,3854,outandin
4611,4284,outandin
4611,4379,outandin
4611,4490,outandin
4611,4524,outandin
4611,4598,outandin
4611,4694,outandin
4611,4706,outandin
4611,4795,outandin
4611,4806,outandin
4611,4816,outandin
4611,4825,outandin
4611,4834,outandin
4611,4875,outandin
4611,4890,outandin
62,204,outandin
62,1802,outandin
62,2194,outandin
204,1771,outgoing
1802,1890,outandin
1802,2201,outandin
1802,2762,outandin
1802,2822,outgoing
1802,3158,outandin
1802,3374,outandin
1802,3660,outandin
1802,3714,incoming
1802,3785,outandin
1802,3887,outandin
1802,4114,outandin
1802,4198,outandin
2194,112,outgoing
2194,870,outandin
2194,1154,outandin
2194,1185,outandin
2194,1383,outandin
2194,1528,outandin
2194,1693,outandin
2194,1735,outandin
2194,1948,outgoing
2194,2018,outgoing
2194,2067,outandin
2194,2427,incoming
2194,2455,outandin
2194,2661,outandin
2194,3572,outandin
2194,3935,incoming
64,3099,outandin
64,3160,outandin
64,3345,outandin
64,3571,outandin
3099,215,outandin
3099,340,outandin
3099,535,outandin
3099,546,outandin
3099,1001,outandin
3099,1185,outandin
3099,1271,outandin
3099,1289,outandin
3099,1412,outandin
3099,1701,outandin
3099,1733,outandin
3099,1746,outandin
3099,1840,outandin
3099,2040,outandin
3099,2610,outandin
3099,2625,outandin
3099,3013,outandin
3099,3036,outandin
3099,3111,outandin
3099,3146,outandin
3099,3148,outandin
3099,3194,outandin
3099,3374,outandin
3099,3653,outandin
3099,3849,outandin
3099,3877,outandin
3160,3389,outandin
3160,3745,outandin
3345,1318,outandin
3345,3000,outandin
3345,3902,outandin
3345,3903,outandin
3345,4172,incoming
3345,4254,outandin
3571,455,outandin
3571,546,outandin
3571,2328,outandin
3571,3619,outandin
3571,3623,outandin
3571,3626,outandin
3571,3629,outandin
3571,3730,outandin
3571,3748,outandin
3571,3815,outandin
3571,4018,outandin
3571,4022,outandin
72,2328,outandin
2328,3076,outandin
2328,3590,outandin
80,2877,outandin
2877,166,outandin
2877,200,outandin
2877,243,outandin
2877,257,outandin
2877,262,outandin
2877,273,outandin
2877,378,outandin
2877,387,outandin
2877,443,outandin
2877,462,outandin
2877,502,outandin
2877,522,outandin
2877,530,outandin
2877,630,outandin
2877,827,outandin
2877,853,outandin
2877,1196,outandin
2877,1332,outandin
2877,1368,outandin
2877,1674,outandin
2877,1773,outandin
2877,2103,outandin
2877,2135,outandin
2877,2871,outandin
93,1885,outandin
1885,230,outandin
1885,1612,outandin
1885,2503,outandin
96,242,outandin
96,2903,outandin
242,2635,outgoing
242,2775,outandin
2903,1933,outandin
2903,2902,outandin
2903,3123,outandin
2903,3322,outandin
2903,3351,outandin
2903,3401,outandin
2903,3861,outandin
2903,3898,outandin
100,3087,outandin
3087,493,outandin
3087,546,outandin
3087,1725,outandin
3087,2775,outandin
3087,3044,outandin
3087,3127,outandin
3087,3341,outandin
112,3026,outandin
171,1779,outandin
171,2437,outandin
171,3000,outandin
171,3023,outandin
171,3229,outandin
1764,1499,outandin
1764,1548,outandin
1764,1850,outandin
1764,2144,outandin
1764,2625,outandin
1764,2644,outandin
1764,2934,incoming
1764,2939,outgoing
1764,3359,outandin
1764,3454,outandin
1764,4987,outandin
114,4437,outandin
448,1743,outandin
1947,1697,outandin
1947,3359,outandin
1947,4369,outandin
133,4172,outandin
4172,180,outandin
4172,238,outandin
4172,363,outandin
4172,446,outandin
4172,540,outandin
4172,546,outandin
4172,1257,outandin
4172,1499,outandin
4172,1502,outandin
4172,1612,incoming
4172,1639,outandin
4172,1750,outandin
4172,1879,outandin
4172,2067,outandin
4172,2167,outandin
4172,2201,outandin
4172,2262,outandin
4172,2310,outandin
4172,2565,outandin
4172,2625,outandin
4172,2635,outandin
4172,2647,outandin
4172,2928,outandin
4172,3000,outandin
4172,3003,outandin
4172,3020,outandin
4172,3353,outandin
4172,3370,outandin
4172,3389,outandin
4172,3501,outandin
4172,3531,outandin
4172,3534,outandin
4172,3535,outandin
4172,3630,outandin
4172,3697,outandin
4172,3815,outandin
4172,3820,outandin
4172,3854,outandin
4172,3892,outandin
4172,3901,outandin
4172,3904,outandin
4172,3986,outandin
4172,4004,outandin
4172,4098,outandin
4172,4107,outandin
4172,4122,outandin
4172,4125,outandin
4172,4131,incoming
4172,4139,outandin
4172,4140,outandin
4172,4162,outandin
4172,4188,outandin
4172,4201,outandin
4172,4202,outandin
4172,4204,outandin
4172,4209,outandin
4172,4218,outandin
4172,4235,outandin
4172,4252,outandin
4172,4263,outandin
4172,4265,outandin
4172,4270,outandin
4172,4273,outandin
4172,4280,outandin
4172,4281,outandin
4172,4287,outandin
4172,4303,outandin
4172,4339,outandin
4172,4347,outandin
4172,4350,outandin
4172,4354,outandin
4172,4361,outandin
4172,4370,outandin
4172,4379,outandin
4172,4389,outandin
4172,4394,outandin
4172,4400,outandin
4172,4402,outandin
4172,4409,outandin
4172,4411,outandin
4172,4419,outandin
4172,4430,outandin
4172,4431,outandin
4172,4443,outandin
4172,4454,outandin
4172,4455,outandin
4172,4459,outandin
4172,4493,outandin
4172,4521,outandin
4172,4522,outandin
4172,4524,outandin
4172,4556,outandin
4172,4557,outandin
4172,4570,incoming
4172,4584,outandin
4172,4587,outandin
4172,4623,outandin
4172,4648,outandin
4172,4650,outandin
4172,4770,outandin
4172,4779,outandin
4172,4788,outandin
4172,4835,outandin
4172,4845,outandin
4172,4855,outandin
4172,4870,outandin
4172,4873,outandin
4172,4978,outandin
4172,4989,outandin
178,687,outandin
178,3669,outandin
178,3801,outandin
361,546,outandin
361,2067,outandin
361,2201,outandin
361,2214,outgoing
361,2396,outandin
361,2625,outandin
361,2901,outandin
361,3025,outandin
361,3237,outandin
361,3715,outandin
361,3769,outandin
361,3980,outandin
361,3996,outandin
361,4119,outandin
361,4281,outandin
361,4292,outandin
395,4649,outandin
395,4668,outandin
395,4673,outandin
395,4675,outandin
395,4679,outandin
395,4680,outandin
395,4681,outandin
395,4682,outandin
395,4683,outandin
395,4686,outandin
395,4688,outandin
2017,903,outandin
2017,1318,outandin
2017,2067,outandin
2017,2076,outandin
2017,2647,outandin
2017,2795,outandin
2017,3785,outandin
2017,3786,outandin
2017,3787,outandin
2017,3788,outandin
2017,3789,outandin
2017,3790,outandin
2017,3791,outandin
2017,3792,outandin
2017,3793,outandin
2017,3794,outandin
2017,3795,outandin
2848,2076,outandin
2848,2446,outandin
2848,2635,outandin
2848,2918,outgoing
2848,2934,outandin
2848,3171,outandin
3025,539,outandin
3025,1318,outandin
3314,1271,outandin
3314,1839,outandin
3314,3193,outandin
3314,3230,outandin
3903,363,outandin
3903,2198,outandin
3903,2600,outandin
3903,2647,outandin
3903,3451,outandin
3903,3854,outandin
3903,3878,outandin
3903,3897,outandin
3903,3902,outandin
3903,3904,outandin
3903,4284,outandin
3903,4304,outandin
3903,4365,outandin
3903,4642,outandin
3903,4649,outandin
3903,4694,outandin
3903,4698,outandin
3903,4763,outandin
4281,2176,outandin
4281,3704,outandin
4281,3820,outandin
4281,3897,outandin
4281,4119,outandin
4281,4135,outandin
4281,4385,outandin
4281,4419,outandin
4281,4539,outandin
4281,4625,outandin
4281,4637,outandin
4304,3641,incoming
4304,4353,outandin
4304,4546,outandin
4350,481,outandin
4350,1528,outandin
4350,3815,outandin
4406,2167,outandin
4406,4366,outandin
4406,4413,outandin
4406,4420,outandin
4584,2565,outandin
4584,3897,outandin
4584,4402,outandin
4584,4694,outandin
141,1731,outandin
141,2176,outandin
141,2318,outandin
1731,272,outandin
1731,729,outandin
1731,1967,outandin
1731,2173,outandin
1731,2538,outgoing
1731,2880,outandin
1731,2892,outandin
1731,3897,incoming
1731,3982,outandin
1731,4118,outandin
1731,4816,outandin
1731,4964,outandin
2176,1502,outandin
2176,2496,outandin
2176,2600,outandin
2176,2987,outandin
2176,3239,outandin
2176,3268,outandin
2176,3976,outandin
2318,304,outandin
2318,2892,outandin
2318,3326,outandin
2318,4519,outandin
143,1743,outandin
143,4597,outandin
1743,363,outandin
1743,2013,outandin
1743,3157,outandin
1743,3220,outandin
1743,3360,outandin
4597,4587,outandin
146,1295,outandin
146,3817,outandin
146,3915,outandin
146,3922,outandin
146,3986,outandin
146,4026,outandin
146,4169,outandin
146,4174,outandin
1295,1271,outandin
3915,3512,outandin
3915,3580,outandin
3915,3880,outandin
3915,4031,outandin
3915,4050,outandin
3922,3260,outandin
3922,4026,outandin
3986,2378,outandin
3986,4027,outandin
3986,4097,outandin
3986,4122,outandin
3986,4266,outandin
3986,4525,outandin
4026,2284,outandin
4026,2378,outandin
4026,2661,outandin
4026,2878,outandin
4026,3620,outandin
4026,3880,outandin
4026,3999,outandin
4026,4027,outandin
4026,4031,outandin
4026,4039,outandin
4026,4041,outandin
4026,4042,outandin
4026,4178,outandin
4169,1879,outandin
4169,3988,outandin
4174,3935,outandin
4174,4105,outandin
4174,4175,outandin
4174,4179,outandin
4174,4266,outandin
4174,4285,outandin
1318,687,outandin
1318,1185,outandin
1318,2880,outandin
1318,2934,outandin
1318,3436,outandin
1318,3473,outandin
1318,3797,outandin
1318,3813,outandin
1318,4389,outandin
1318,4492,outandin
152,3852,outandin
3852,3851,outandin
2344,2306,outandin
2344,2625,outandin
2344,3590,outandin
2344,3919,outandin
2344,4192,outandin
169,3611,outandin
3611,2625,outandin
3611,3062,outandin
3611,4045,outandin
3611,4490,outandin
2437,2398,outandin
2437,2944,outandin
2437,3197,outandin
2437,3255,outandin
2437,3344,outandin
2437,3456,outandin
2437,3581,outandin
2437,3680,outandin
3000,540,outandin
3000,2940,outandin
3000,2977,outandin
3000,3897,outandin
3000,3910,outandin
3000,4038,outandin
3000,4085,outandin
3023,3738,outandin
3023,4604,outandin
3229,2485,outandin
3229,4890,outandin
687,822,outandin
687,882,outandin
687,2860,outandin
687,3738,outandin
687,3801,outandin
687,3855,outandin
687,3874,outandin
687,3875,outandin
3669,363,outandin
3669,539,outandin
3669,664,outandin
3669,1412,outandin
3669,2625,outandin
3669,2801,outandin
3669,3223,outandin
3669,3329,outandin
3669,3349,outandin
3669,3389,outandin
3669,3404,outandin
3669,3475,outandin
3669,3583,outandin
3669,3600,outandin
3669,3630,outandin
3669,3661,outandin
3669,3670,outandin
3669,3685,outandin
3669,3686,outandin
3669,3695,outandin
3669,3704,outandin
3669,3705,outandin
3669,3738,outandin
3669,3752,outandin
3669,3755,outandin
3669,3764,outandin
3669,3780,outandin
3669,3820,outandin
3669,3973,outandin
3669,4006,outandin
3669,4094,outandin
3801,3273,outandin
180,2378,outandin
180,2406,outandin
180,3512,outandin
2378,1651,outandin
2378,2363,outandin
2378,2635,outandin
2378,2647,outandin
2378,2898,outandin
2378,3082,outandin
2378,3093,outandin
2378,3136,outandin
2378,3153,outandin
2378,3206,outandin
2378,3260,outandin
2378,3320,outandin
2378,3537,outandin
2378,3544,outandin
2378,3694,outandin
2378,3879,outandin
2378,3884,outandin
2378,3889,outandin
2378,3999,outandin
2378,4004,outandin
2378,4020,outandin
2378,4075,outandin
2378,4076,outandin
2378,4107,outandin
2378,4122,outandin
2378,4133,outandin
2378,4164,outandin
2378,4648,outandin
2378,4753,outandin
3512,2635,outandin
3512,2851,outandin
3512,3047,outandin
3512,3260,outandin
3512,3513,outandin
3512,3522,outandin
3512,3765,outandin
3512,4075,outandin
3512,4128,outandin
2067,215,outandin
2067,230,outandin
2067,1499,outgoing
2067,1765,outgoing
2067,3001,outandin
2067,3019,outandin
2067,3378,outandin
2067,3475,outandin
2067,3502,outandin
2067,3574,outandin
2067,3761,outandin
2067,3785,outandin
2067,3786,outandin
2067,3787,outandin
2067,3788,outandin
2067,3789,outandin
2067,3790,outandin
2067,3791,outandin
2067,3792,outandin
2067,3793,outandin
2067,3794,outandin
2067,3795,outandin
2067,4107,outandin
2067,4203,outandin
2067,4638,outandin
2067,4732,outandin
280,3815,outandin
280,4405,outandin
700,2733,outandin
700,3840,outandin
3391,3347,outandin
3897,546,outandin
3897,1612,outandin
3897,1689,outandin
3897,2430,outandin
3897,2472,outandin
3897,2600,outandin
3897,3257,outandin
3897,3389,outandin
3897,3451,outandin
3897,3926,outandin
3897,4000,outandin
3897,4084,outandin
3897,4125,outandin
3897,4136,outandin
3897,4328,outandin
3897,4370,outandin
3897,4400,outandin
3897,4417,outandin
3897,4418,incoming
3897,4423,outandin
3897,4427,outandin
3897,4452,outandin
3897,4531,outandin
3897,4588,outandin
3897,4632,outandin
3897,4654,outandin
3897,4661,outandin
3897,4666,outandin
3897,4667,outandin
3897,4668,outandin
3897,4669,outandin
3897,4672,outandin
3897,4673,outandin
3897,4675,outandin
3897,4676,outandin
3897,4678,outandin
3897,4679,outandin
3897,4680,outandin
3897,4681,outandin
3897,4682,outandin
3897,4683,outandin
3897,4684,outandin
3897,4686,outandin
3897,4688,outandin
3897,4693,outandin
3897,4694,outandin
3897,4699,outandin
3897,4701,outandin
3897,4707,outandin
3897,4731,outandin
3897,4733,outandin
3897,4743,outandin
3897,4744,outandin
3897,4748,outandin
3897,4870,outandin
3897,4875,outandin
3897,4879,outandin
3897,4884,outandin
4198,4004,outandin
4198,4181,outandin
4198,4184,outandin
4198,4459,outandin
4478,4659,outandin
4921,4107,outandin
4921,4922,outandin
214,3898,outandin
3898,1001,outandin
3898,1933,outandin
3898,4098,outandin
3898,4503,outandin
215,1383,outgoing
215,3957,incoming
215,4459,outandin
1383,363,outgoing
1383,1052,outandin
1383,1878,outandin
3957,2398,outandin
4459,2600,outandin
4459,2625,outandin
4459,3013,outandin
4459,3926,outandin
4459,4084,outandin
4459,4402,outandin
4459,4452,outandin
4459,4462,outandin
230,2124,outandin
230,2928,outandin
230,2934,outandin
230,3013,outandin
230,3309,outandin
230,3338,outandin
230,3381,outandin
230,3406,outandin
230,3671,outandin
230,4078,outandin
230,4246,outandin
230,4247,outandin
230,4416,outandin
230,4613,outandin
230,4857,outandin
230,4960,outandin
2934,537,outandin
2934,556,outandin
2934,1502,outandin
2934,1584,outandin
2934,2030,outandin
2934,2090,outandin
2934,2315,outandin
2934,2688,outandin
2934,3015,outandin
2934,3022,outandin
2934,3061,outandin
2934,3086,outandin
2934,3167,outandin
2934,3988,incoming
2934,4038,outandin
2934,4138,outandin
2934,4890,outandin
3013,2600,outandin
3013,3349,outandin
3013,3653,outandin
3013,3820,outandin
3013,3980,outandin
3013,4254,outandin
3013,4694,outandin
3013,4875,outandin
3309,274,outandin
3381,1850,outandin
3381,3384,outandin
3381,3466,outandin
3381,3543,outandin
4078,4100,outandin
4416,2167,outandin
4416,3746,outandin
4613,4616,outandin
4857,2013,outandin
4857,4870,outandin
2635,1922,outandin
2635,2558,outandin
2635,2647,outandin
2635,2730,outgoing
2635,2739,outandin
2635,2775,outandin
2635,2825,outandin
2635,2826,outgoing
2635,2862,outandin
2635,2867,outandin
2635,2874,outandin
2635,2889,outandin
2635,2890,outandin
2635,2952,outandin
2635,3017,outandin
2635,3030,outandin
2635,3033,outandin
2635,3035,outandin
2635,3047,outandin
2635,3072,outandin
2635,3086,outandin
2635,3169,outandin
2635,3243,outandin
2635,3260,outandin
2635,3261,outandin
2635,3310,outandin
2635,3394,outandin
2635,3460,outandin
2635,3517,outandin
2635,3826,outandin
2635,3871,outandin
2635,3872,outandin
2635,3880,outandin
2635,4076,outandin
2635,4107,outandin
2635,4145,outandin
2635,4204,outandin
2635,4266,outandin
2635,4325,outandin
2635,4753,outandin
2635,4896,outandin
2635,4920,outandin
2635,4927,outandin
2775,2830,outgoing
2775,3052,outandin
2775,3068,outandin
2775,3146,outandin
2775,3599,outandin
256,1693,outgoing
256,2819,outandin
256,3149,outandin
256,3824,outandin
256,4579,outandin
1693,522,outandin
1693,545,outandin
1693,1512,outgoing
1693,1528,outandin
1693,1735,outandin
1693,1967,outgoing
1693,2127,outgoing
1693,2580,outandin
1693,2822,incoming
1693,2948,outandin
1693,3640,incoming
3824,3655,outandin
4579,2600,outandin
4579,4574,outandin
4579,4604,outandin
274,3656,outandin
3656,1788,outandin
3656,1967,outandin
3656,2625,outandin
3656,3237,outandin
3656,3600,outandin
3656,3630,outandin
3656,3738,outandin
3656,3802,outandin
3656,3866,outandin
3656,4061,outandin
3815,2262,outandin
3815,2304,outandin
3815,2958,outandin
3815,3451,outandin
3815,3600,outandin
3815,4297,outandin
3815,4337,outandin
4405,4339,outandin
4405,4402,outandin
304,1819,outgoing
304,1905,outandin
304,2351,outandin
304,2485,outandin
304,2808,outgoing
304,2859,outgoing
304,4098,outandin
304,4519,outandin
1819,729,outandin
1819,1289,outandin
1819,3374,outandin
1905,1473,outandin
1905,4131,outandin
2351,452,outandin
2351,733,outandin
2351,962,outandin
2351,1043,outandin
2351,1377,outandin
2351,2230,outandin
2351,3560,outandin
2485,1894,outandin
2485,2284,outandin
2485,2402,outandin
2485,2647,outandin
2485,2858,outgoing
2485,2906,outandin
2485,2915,outandin
2485,2916,outandin
2485,3154,outandin
2485,3248,outandin
2485,3294,outandin
2485,3845,outandin
4098,3723,outandin
4098,4196,outandin
4519,4490,outandin
312,2688,outandin
312,3451,outandin
312,3653,outandin
2688,1317,outandin
2688,2402,outandin
2688,2733,outandin
2688,2795,outandin
2688,2866,outgoing
2688,2880,outandin
2688,3034,outandin
2688,3036,outandin
2688,3239,outandin
3451,481,outandin
3451,1267,outandin
3451,1612,outandin
3451,2625,incoming
3451,3455,outandin
3451,3490,outandin
3451,3509,outandin
3451,3510,outandin
3451,3630,outandin
3451,3655,outandin
3451,3668,outandin
3451,3678,outandin
3451,3713,outandin
3451,3781,outandin
3451,3882,outandin
3451,3892,outandin
3451,3904,outandin
3451,4038,outandin
3451,4269,outandin
3451,4558,outandin
3451,4563,outandin
3451,4731,outandin
3451,4970,outandin
3653,1412,outandin
3653,1967,outandin
3653,2409,outandin
3653,3475,outandin
3653,3490,outandin
3653,3547,outandin
3653,3654,outandin
3653,3674,outandin
3653,3714,outandin
3653,3746,outandin
3653,3749,outandin
3653,3768,outandin
3653,3796,outandin
3653,3807,outandin
3653,3849,outandin
3653,3851,outandin
3653,3993,outandin
4157,4086,outandin
332,3136,outandin
332,3513,outandin
3136,2647,outandin
3136,3086,outandin
3136,3165,outandin
3136,3171,outandin
3513,3539,outandin
3513,3826,outandin
3513,4074,outandin
3513,4204,outandin
3513,4398,outandin
710,2892,outandin
710,4386,outandin
710,4412,outandin
710,4893,outandin
710,4945,outandin
4249,4254,outandin
1317,1289,outandin
1317,2880,outandin
1502,664,outandin
1502,1529,outandin
1502,3003,outandin
1502,3086,outandin
1502,4159,outandin
3534,3548,outandin
3820,1272,outandin
3820,2012,outandin
3820,2625,outandin
3820,3223,outandin
3820,3452,outandin
3820,3511,outandin
3820,3610,outandin
3820,3843,outandin
3820,3844,outandin
3820,3854,outandin
3820,3976,outandin
3820,4004,outandin
3820,4181,outandin
3820,4189,outandin
3820,4302,outandin
3820,4336,outandin
3820,4339,outandin
3820,4342,outandin
3820,4377,outandin
3820,4400,outandin
4361,4038,outandin
4361,4254,outandin
4605,1612,outandin
4605,2600,outandin
4605,4402,outandin
4605,4624,outandin
4605,4642,outandin
4887,4888,outandin
546,2195,outandin
546,2472,outandin
546,3195,outandin
546,3388,outandin
546,3396,outandin
546,3511,outandin
546,3590,outandin
546,3841,outandin
546,3926,outandin
546,4353,outandin
546,4428,outandin
546,4899,outandin
546,4925,outandin
2201,3056,outandin
2214,2230,outandin
2214,2901,outandin
2214,2948,outandin
2396,3531,outandin
2625,1267,outandin
2625,1271,outandin
2625,1286,outandin
2625,1689,outandin
2625,1746,outandin
2625,1912,outandin
2625,2048,outandin
2625,2262,outandin
2625,2430,outandin
2625,2876,outandin
2625,2944,outandin
2625,2958,outandin
2625,2969,outandin
2625,2977,outandin
2625,3003,outandin
2625,3168,outandin
2625,3173,outandin
2625,3223,outandin
2625,3268,outandin
2625,3342,outandin
2625,3454,outandin
2625,3466,outandin
2625,3520,outandin
2625,3576,outandin
2625,3582,outandin
2625,3584,outandin
2625,3592,outandin
2625,3596,outandin
2625,3600,outandin
2625,3621,outandin
2625,3664,outandin
2625,3715,outandin
2625,3722,incoming
2625,3738,outandin
2625,3746,outandin
2625,3768,outandin
2625,3832,outandin
2625,3850,outandin
2625,3878,outandin
2625,3887,outandin
2625,3980,outandin
2625,4038,outandin
2625,4089,outandin
2625,4116,outandin
2625,4132,outandin
2625,4173,outandin
2625,4176,outandin
2625,4445,outandin
2625,4708,outandin
2625,4774,outandin
2625,4819,outandin
2625,4841,outandin
2625,4890,outandin
2625,4919,outandin
2625,4928,outandin
2625,4940,outandin
2901,3044,outandin
3237,3239,outandin
3237,3333,outandin
3237,3630,outandin
3237,4295,outandin
3237,4313,outandin
3715,3689,outandin
3715,3723,outandin
3715,3988,outandin
3715,4110,outandin
3715,4114,outandin
3769,3660,outandin
3769,3783,outandin
3980,3972,outandin
3980,4001,outandin
3980,4003,outandin
3980,4008,outandin
3980,4114,outandin
3996,3660,outandin
4119,2565,outandin
4119,3478,outandin
4119,3531,outandin
4119,3804,outandin
4119,4414,outandin
363,1366,outgoing
363,3621,outandin
363,4279,outandin
363,4524,outandin
363,4639,outandin
1366,535,outandin
3621,4365,outandin
3621,4402,outandin
3621,4530,outandin
3621,4543,outandin
4279,3723,outandin
4279,3926,outandin
4279,4107,outandin
4279,4139,outandin
4279,4278,outandin
4279,4402,outandin
4524,4604,outandin
366,3807,outandin
383,4122,outandin
4122,3880,outandin
4122,4107,outandin
4122,4128,outandin
4122,4156,outandin
4649,1849,outandin
4649,4402,outandin
4649,4890,outandin
4649,4893,outandin
4668,3330,outandin
4668,3789,outandin
4668,3790,outandin
4668,3791,outandin
4668,3792,outandin
4668,3793,outandin
4668,3794,outandin
4668,3795,outandin
4668,4427,outandin
4668,4654,outandin
4668,4667,outandin
4668,4669,outandin
4668,4673,outandin
4668,4675,outandin
4668,4676,outandin
4668,4677,outandin
4668,4683,outandin
4668,4701,outandin
4668,4707,outandin
4668,4729,outandin
4668,4733,outandin
4673,3330,outandin
4673,3786,outandin
4673,3787,outandin
4673,3788,outandin
4673,3789,outandin
4673,3790,outandin
4673,3791,outandin
4673,3792,outandin
4673,3793,outandin
4673,3794,outandin
4673,3795,outandin
4673,4427,outandin
4673,4531,outandin
4673,4654,outandin
4673,4661,outandin
4673,4666,outandin
4673,4667,outandin
4673,4672,outandin
4673,4683,outandin
4673,4707,outandin
4673,4751,outandin
4675,3330,outandin
4675,3788,outandin
4675,3789,outandin
4675,3790,outandin
4675,3791,outandin
4675,3792,outandin
4675,3793,outandin
4675,3794,outandin
4675,3795,outandin
4675,4531,outandin
4675,4654,outandin
4675,4661,outandin
4675,4666,outandin
4675,4667,outandin
4675,4683,outandin
4675,4707,outandin
4675,4739,outandin
4675,4751,outandin
4679,3330,outandin
4679,3786,outandin
4679,3787,outandin
4679,3788,outandin
4679,3789,outandin
4679,3790,outandin
4679,3791,outandin
4679,3792,outandin
4679,3793,outandin
4679,3794,outandin
4679,3795,outandin
4679,4678,outandin
4679,4680,outandin
4679,4681,outandin
4679,4682,outandin
4679,4683,outandin
4679,4684,outandin
4679,4686,outandin
4679,4688,outandin
4679,4707,outandin
4679,4733,outandin
4680,3330,outandin
4680,3786,outandin
4680,3787,outandin
4680,3788,outandin
4680,3789,outandin
4680,3790,outandin
4680,3791,outandin
4680,3792,outandin
4680,3793,outandin
4680,3794,outandin
4680,3795,outandin
4680,4678,outandin
4680,4681,outandin
4680,4682,outandin
4680,4683,outandin
4680,4684,outandin
4680,4686,outandin
4680,4688,outandin
4680,4694,outandin
4680,4707,outandin
4680,4733,outandin
4681,3330,outandin
4681,3786,outandin
4681,3787,outandin
4681,3788,outandin
4681,3789,outandin
4681,3790,outandin
4681,3791,outandin
4681,3792,outandin
4681,3793,outandin
4681,3794,outandin
4681,3795,outandin
4681,4678,outandin
4681,4682,outandin
4681,4683,outandin
4681,4684,outandin
4681,4686,outandin
4681,4688,outandin
4681,4694,outandin
4681,4707,outandin
4681,4733,outandin
4682,3330,outandin
4682,3786,outandin
4682,3787,outandin
4682,3788,outandin
4682,3789,outandin
4682,3790,outandin
4682,3791,outandin
4682,3792,outandin
4682,3793,outandin
4682,3794,outandin
4682,3795,outandin
4682,4678,outandin
4682,4683,outandin
4682,4684,outandin
4682,4686,outandin
4682,4688,outandin
4682,4694,outandin
4682,4707,outandin
4682,4733,outandin
4683,3330,outandin
4683,3786,outandin
4683,3787,outandin
4683,3788,outandin
4683,3789,outandin
4683,3790,outandin
4683,3791,outandin
4683,3792,outandin
4683,3793,outandin
4683,3794,outandin
4683,3795,outandin
4683,4531,outandin
4683,4654,outandin
4683,4661,outandin
4683,4666,outandin
4683,4667,outandin
4683,4672,outandin
4683,4676,outandin
4683,4678,outandin
4683,4684,outandin
4683,4686,outandin
4683,4688,outandin
4683,4704,outandin
4683,4733,outandin
4686,3786,outandin
4686,3787,outandin
4686,3788,outandin
4686,3789,outandin
4686,3790,outandin
4686,3791,outandin
4686,3792,outandin
4686,3793,outandin
4686,3794,outandin
4686,3795,outandin
4686,4676,outandin
4686,4678,outandin
4686,4688,outandin
4686,4694,outandin
4686,4707,outandin
4686,4733,outandin
4686,4743,outandin
4688,3786,outandin
4688,3787,outandin
4688,3788,outandin
4688,3789,outandin
4688,3790,outandin
4688,3791,outandin
4688,3792,outandin
4688,3793,outandin
4688,3794,outandin
4688,3795,outandin
4688,4694,outandin
4688,4707,outandin
4688,4733,outandin
4688,4739,outandin
4688,4743,outandin
4688,4751,outandin
396,3477,outandin
2233,491,outandin
2233,545,outandin
2233,2565,outandin
2233,3313,outandin
417,493,outandin
493,1098,outandin
493,2198,outandin
493,3667,outandin
4107,1639,outandin
4107,2878,outandin
4107,3353,outandin
4107,3357,outandin
4107,3539,outandin
4107,3561,outandin
4107,3764,outandin
4107,3854,outandin
4107,3872,outandin
4107,3880,outandin
4107,3971,outandin
4107,4031,outandin
4107,4075,outandin
4107,4097,outandin
4107,4151,outandin
4107,4159,outandin
4107,4171,outandin
4107,4188,outandin
4107,4204,outandin
4107,4252,outandin
4107,4265,outandin
4107,4285,outandin
4107,4296,outandin
4107,4306,outandin
4107,4316,outandin
4107,4322,outandin
4107,4411,outandin
4107,4441,outandin
4107,4514,outandin
4107,4522,outandin
4107,4540,outandin
4107,4572,outandin
4107,4630,outandin
4107,4648,outandin
4107,4690,outandin
4107,4702,outandin
4107,4753,outandin
4107,4779,outandin
4107,4792,outandin
446,3540,outandin
3540,3369,outandin
3540,3627,outandin
452,4004,outandin
4004,1517,incoming
4004,3918,outandin
4004,3982,outandin
4004,4037,outandin
4004,4875,outandin
4004,4940,outandin
476,3823,outandin
481,2343,outandin
481,2970,outandin
481,3258,outandin
481,3341,outandin
481,3892,outandin
481,4486,outandin
481,4492,outandin
481,4531,outandin
481,4544,outandin
481,4546,outandin
481,4591,outandin
481,4654,outandin
481,4661,outandin
481,4666,outandin
2343,3197,outandin
2970,2711,outandin
3341,3361,outandin
3892,640,outandin
3892,2472,outandin
3892,3001,outandin
3892,3630,outandin
3892,3764,outandin
3892,3854,outandin
3892,4008,outandin
3892,4038,outandin
3892,4139,outandin
3892,4382,outandin
3892,4388,outandin
3892,4394,outandin
3892,4397,outandin
3892,4423,outandin
3892,4489,outandin
4531,3330,outandin
4531,3786,outandin
4531,3787,outandin
4531,3788,outandin
4531,3789,outandin
4531,3790,outandin
4531,3791,outandin
4531,3792,outandin
4531,3793,outandin
4531,3794,outandin
4531,3795,outandin
4531,4522,outandin
4531,4622,outandin
4531,4654,outandin
4531,4656,outandin
4531,4661,outandin
4531,4666,outandin
4531,4667,outandin
4531,4678,outandin
4531,4707,outandin
4531,4733,outandin
4531,4748,outandin
4546,929,outandin
4546,1689,outandin
4546,4543,outandin
4546,4659,outandin
4546,4729,outandin
4654,1849,outandin
4654,3330,outandin
4654,3786,outandin
4654,3787,outandin
4654,3788,outandin
4654,3789,outandin
4654,3790,outandin
4654,3791,outandin
4654,3792,outandin
4654,3793,outandin
4654,3794,outandin
4654,3795,outandin
4654,4622,outandin
4654,4637,outandin
4654,4655,outandin
4654,4656,outandin
4654,4661,outandin
4654,4666,outandin
4654,4667,outandin
4654,4676,outandin
4654,4707,outandin
4654,4733,outandin
4661,3330,outandin
4661,3786,outandin
4661,3787,outandin
4661,3788,outandin
4661,3789,outandin
4661,3790,outandin
4661,3791,outandin
4661,3792,outandin
4661,3793,outandin
4661,3794,outandin
4661,3795,outandin
4661,3857,outandin
4661,4427,outandin
4661,4666,outandin
4661,4667,outandin
4661,4707,outandin
4661,4729,outandin
4661,4733,outandin
4661,4739,outandin
4666,3330,outandin
4666,3786,outandin
4666,3787,outandin
4666,3788,outandin
4666,3789,outandin
4666,3790,outandin
4666,3791,outandin
4666,3792,outandin
4666,3793,outandin
4666,3794,outandin
4666,3795,outandin
4666,3857,outandin
4666,4667,outandin
4666,4707,outandin
4666,4729,outandin
4666,4733,outandin
486,4284,outandin
4284,491,outandin
4284,4400,outandin
4284,4521,outandin
4284,4616,outandin
4284,4732,outandin
4284,4736,outandin
491,2141,outandin
2141,3646,outandin
2141,4902,incoming
2770,2427,outandin
2770,3377,outandin
3182,3188,outandin
4392,3389,outandin
4392,3724,outandin
4392,3813,outandin
1098,1670,outandin
1098,4243,outandin
1098,4331,outandin
2198,1719,outandin
500,4823,outandin
500,4824,outandin
4823,4824,outandin
4824,1191,outandin
522,4086,outandin
535,3251,outandin
535,4205,outandin
4205,3982,outandin
539,664,outandin
539,2880,outandin
539,4038,outandin
539,4608,outandin
664,1735,incoming
664,3749,outandin
2880,1271,outandin
2880,2728,outgoing
2880,2948,outandin
2880,3926,outandin
4038,882,outandin
4038,3573,outandin
4038,4084,outandin
4038,4211,outandin
4038,4235,outandin
4038,4370,outandin
4038,4400,outandin
4038,4489,outandin
4038,4528,outandin
4038,4565,outandin
4038,4582,outandin
4038,4595,outandin
4038,4659,outandin
4038,4694,outandin
4038,4752,outandin
4608,1829,outandin
4608,2565,outandin
540,1327,outandin
540,3031,outandin
545,1281,outandin
545,1651,outandin
545,1719,outandin
545,1948,outandin
545,1967,outandin
545,2565,outandin
545,3262,outandin
545,4408,outandin
1948,1185,outgoing
1948,1528,outandin
1948,3411,outandin
1948,3572,outandin
1948,3734,outandin
1967,1528,outandin
1967,1612,outandin
1967,3641,outandin
1967,3876,outandin
2565,2472,outandin
2565,2906,outandin
2565,3122,outandin
2565,4058,outandin
2565,4267,outandin
2565,4480,outandin
2565,4521,outandin
2565,4565,outandin
2565,4594,outandin
2195,4905,outandin
3195,1528,outandin
3195,1991,outandin
3195,2661,outandin
3195,3197,outandin
3195,3267,outandin
3195,3273,outandin
3195,3379,outandin
3396,3403,outandin
3511,3510,outandin
3590,3586,outandin
3590,3591,outandin
3926,1528,outandin
3926,1639,outandin
3926,2728,outandin
3926,3746,outandin
3926,4225,outandin
3926,4694,outandin
4353,2464,outandin
4353,2600,outandin
4353,4694,outandin
4353,4980,outandin
4899,4900,outandin
4925,2892,outandin
2262,2538,outandin
2262,2600,outandin
2262,2940,outandin
2262,3734,outandin
2262,3878,outandin
2262,3896,outandin
2262,4088,outandin
3470,3646,outandin
554,4040,outandin
563,3226,outandin
563,3622,outandin
3226,2093,outandin
570,2788,outandin
585,3975,outandin
585,4202,outandin
590,3904,outandin
590,3928,outandin
3904,1267,outandin
3904,1272,outandin
3904,2012,outandin
3904,2977,outandin
3904,3404,outandin
3904,3681,outandin
3904,3695,outandin
3904,3864,outandin
3904,3866,outandin
3904,3976,outandin
3904,4155,outandin
3904,4186,outandin
3928,1750,outandin
3928,3864,outandin
3928,3989,outandin
3928,4034,outandin
4136,3724,outandin
4136,4036,outandin
4136,4694,outandin
4732,2600,outandin
4732,4582,outandin
4732,4659,outandin
4732,4694,outandin
4732,4729,outandin
4732,4898,outandin
4875,2977,outandin
4875,3168,outandin
4875,3389,outandin
4875,3487,outandin
4875,3804,outandin
4875,4365,outandin
4875,4694,outandin
4875,4841,outandin
4875,4867,outandin
4875,4869,outandin
4875,4884,outandin
4875,4890,outandin
4875,4893,outandin
4875,4901,outandin
626,3380,outandin
3380,3738,outandin
640,3988,outandin
3988,1612,outandin
3988,1689,outandin
3988,3990,outandin
3988,4088,outandin
3988,4114,outandin
3988,4125,incoming
3988,4135,outandin
3988,4139,outandin
3988,4148,outandin
3988,4152,outandin
3988,4184,outandin
3988,4200,outandin
3988,4239,outandin
1735,1499,outandin
1735,1528,outandin
1735,2580,outandin
882,3197,outandin
3738,767,outandin
3738,1612,outandin
3738,2487,outandin
3738,3441,outandin
3738,3802,outandin
3738,3854,outandin
3738,3873,outandin
2733,1529,outandin
2733,3003,outandin
2733,3293,outandin
2892,2716,outandin
2892,4694,outandin
2892,4866,outandin
4893,2977,outandin
4893,3168,outandin
4893,3528,outandin
4893,4583,outandin
4893,4788,outandin
4893,4828,outandin
4893,4867,outandin
4893,4890,outandin
4945,4919,outandin
729,3119,outandin
3119,1412,outandin
3119,2178,outandin
3119,2610,outandin
3797,3574,outandin
770,2898,outandin
2898,3273,outandin
786,4454,outandin
4454,4432,outandin
819,4109,outandin
861,2582,outandin
2582,2978,outandin
3197,2906,outandin
3197,3223,outandin
3197,3232,outandin
3197,3239,outandin
3197,3246,outandin
894,2945,outandin
896,3665,outandin
3665,3428,outandin
3665,3672,outandin
1529,1528,outgoing
1529,4254,outandin
2090,2269,outgoing
2269,1786,outandin
2269,2878,outandin
2948,2960,outandin
2977,3389,outandin
2977,3995,outandin
3487,2167,outandin
3487,2600,outandin
3487,2661,outandin
3487,3878,outandin
3487,4907,outandin
3531,3600,outandin
3531,3764,outandin
3531,4421,outandin
3878,3500,outandin
3878,3610,outandin
3878,3918,outandin
3878,3919,outandin
3878,3990,outandin
3878,4014,outandin
3878,4016,outandin
4036,3630,outandin
4036,3724,outandin
4075,3103,outandin
4075,3539,outandin
4075,3723,outandin
4075,4106,outandin
4084,2600,outandin
4084,3976,outandin
4084,4185,outandin
4084,4370,outandin
4084,4402,outandin
4084,4570,outandin
4126,4158,outandin
4254,1612,outandin
4254,2316,outandin
4254,3427,outandin
4254,4402,outandin
4254,4592,outandin
4254,4622,outandin
4254,4685,outandin
4254,4687,outandin
4254,4693,outandin
4254,4694,outandin
4254,4788,outandin
4331,3781,outandin
4331,4131,outandin
4331,4687,outandin
4331,4730,outandin
4331,4731,outandin
4400,2464,outandin
4400,4295,outandin
4400,4389,outandin
4400,4402,outandin
4400,4452,outandin
4400,4483,outandin
4400,4489,outandin
4400,4520,outandin
4400,4543,outandin
4400,4552,outandin
4400,4621,outandin
4400,4630,outandin
4400,4638,outandin
4400,4657,outandin
4400,4659,outandin
4402,1689,outandin
4402,4189,outandin
4402,4233,outandin
4402,4382,outandin
4402,4409,outandin
4402,4440,outandin
4402,4485,outandin
4402,4493,outandin
4402,4494,outandin
4402,4497,outandin
4402,4502,outandin
4402,4566,outandin
4402,4588,outandin
4402,4589,outandin
4402,4592,outandin
4402,4594,outandin
4402,4595,outandin
4402,4596,outandin
4402,4617,outandin
4402,4622,outandin
4402,4624,outandin
4402,4643,outandin
4409,1612,outandin
4409,4489,outandin
4622,2600,outandin
4667,3330,outandin
4667,3789,outandin
4667,3790,outandin
4667,3791,outandin
4667,3792,outandin
4667,3793,outandin
4667,3794,outandin
4667,3795,outandin
4667,4669,outandin
4667,4672,outandin
4667,4676,outandin
4667,4677,outandin
4667,4707,outandin
4667,4729,outandin
4667,4733,outandin
4672,3330,outandin
4672,3786,outandin
4672,3787,outandin
4672,3788,outandin
4672,3789,outandin
4672,3790,outandin
4672,3791,outandin
4672,3792,outandin
4672,3793,outandin
4672,3794,outandin
4672,3795,outandin
4672,3857,outandin
4672,4427,outandin
4672,4707,outandin
4672,4739,outandin
4676,3330,outandin
4676,3786,outandin
4676,3787,outandin
4676,3788,outandin
4676,3789,outandin
4676,3790,outandin
4676,3791,outandin
4676,3792,outandin
4676,3793,outandin
4676,3794,outandin
4676,3795,outandin
4676,4701,outandin
4676,4707,outandin
4676,4733,outandin
4676,4739,outandin
4676,4744,outandin
4676,4745,outandin
4678,3330,outandin
4678,3786,outandin
4678,3787,outandin
4678,3788,outandin
4678,3789,outandin
4678,3790,outandin
4678,3791,outandin
4678,3792,outandin
4678,3793,outandin
4678,3794,outandin
4678,3795,outandin
4678,4684,outandin
4678,4707,outandin
4678,4733,outandin
4678,4745,outandin
4693,4830,outandin
4694,2230,outandin
4694,3317,outandin
4694,3427,outandin
4694,3924,outandin
4694,4209,outandin
4694,4295,outandin
4694,4379,outandin
4694,4420,outandin
4694,4570,outandin
4694,4616,outandin
4694,4632,outandin
4694,4698,outandin
4694,4708,outandin
4694,4729,outandin
4694,4745,outandin
4694,4765,outandin
4694,4778,outandin
4694,4814,outandin
4694,4825,outandin
4694,4830,outandin
4694,4848,outandin
4694,4880,outandin
4694,4881,outandin
4694,4898,outandin
4694,4907,outandin
4694,4918,outandin
4694,4919,outandin
4694,4988,outandin
4707,3786,outandin
4707,3788,outandin
4707,3789,outandin
4707,3790,outandin
4707,3791,outandin
4707,3792,outandin
4707,3793,outandin
4707,3794,outandin
4707,3795,outandin
4707,4751,outandin
4729,4569,outandin
4729,4637,outandin
4729,4735,outandin
4733,3786,outandin
4733,3787,outandin
4733,3788,outandin
4733,3789,outandin
4733,3790,outandin
4733,3791,outandin
4733,3792,outandin
4733,3793,outandin
4733,3794,outandin
4733,3795,outandin
4744,2600,outandin
4744,3786,outandin
4744,3787,outandin
4744,3788,outandin
4744,3789,outandin
4744,3790,outandin
4744,3791,outandin
4744,3792,outandin
4744,3793,outandin
4744,3794,outandin
4744,3795,outandin
4744,4751,outandin
963,3660,outandin
3660,3747,outandin
3660,3781,outandin
1001,3597,outandin
3597,2132,outandin
3597,2235,outandin
1005,1289,outandin
1289,2310,outandin
1289,3734,outandin
1159,3600,outandin
1394,1053,outgoing
1490,3607,outandin
1548,3972,outandin
1548,4430,outandin
2178,3223,outandin
2538,2213,outgoing
2538,3734,outandin
2600,1689,outandin
2600,2496,outandin
2600,2987,outandin
2600,3020,outandin
2600,3231,outandin
2600,3302,outandin
2600,3321,outandin
2600,3389,outandin
2600,3474,outandin
2600,3498,outandin
2600,3499,outandin
2600,4189,outandin
2600,4209,outandin
2600,4258,outandin
2600,4295,outandin
2600,4337,outandin
2600,4449,outandin
2600,4493,outandin
2600,4568,outandin
2600,4585,outandin
2600,4598,outandin
2600,4604,outandin
2600,4610,outandin
2600,4632,outandin
2600,4652,outandin
2600,4698,outandin
2600,4699,outandin
2600,4740,outandin
2600,4759,outandin
2600,4774,outandin
2600,4776,outandin
2600,4788,outandin
2600,4794,outandin
2600,4802,outandin
2728,1612,outandin
2728,2049,outandin
2728,3781,outandin
2780,2987,outandin
2780,3282,outandin
3127,2593,outandin
3193,1271,outandin
3193,3224,outandin
3193,3259,outandin
3223,2878,outandin
3223,3238,outandin
3223,3246,outandin
3223,3592,outandin
3223,3679,outandin
3223,3713,outandin
3223,3725,outandin
3223,3864,outandin
3295,3257,outandin
3374,2306,outandin
3374,2661,outandin
3374,3449,outandin
3466,1976,outandin
3646,4149,outandin
3697,4560,outandin
3697,4698,outandin
4209,4625,outandin
4235,4211,outandin
4235,4212,outandin
4365,2104,outandin
4490,4413,outandin
4490,4421,outandin
4490,4604,outandin
4490,4625,outandin
4490,4697,outandin
4609,4603,outandin
4609,4614,outandin
4609,4830,outandin
4638,4295,outandin
4745,4748,outandin
1034,4618,outandin
4618,4308,outandin
4618,4460,outandin
1054,2836,outgoing
1094,3798,outandin
3798,3724,outandin
3798,4003,outandin
1670,3024,outandin
1670,4266,outandin
1128,4970,outandin
1154,2661,outandin
1154,3439,outandin
2661,3273,outandin
2661,3352,outandin
2661,3481,outandin
2661,3734,outandin
1185,1840,outandin
1185,2064,outandin
1185,3708,outandin
1185,3726,outandin
1185,4222,outandin
1185,4352,outandin
1840,2536,outandin
1840,3215,outandin
1840,3326,outandin
1840,3478,outandin
2064,2147,outandin
2064,3551,outandin
4222,2127,outandin
4222,4479,outandin
1198,3993,outandin
4297,1809,outandin
4297,2167,outandin
4297,2552,outandin
4297,2726,outandin
4356,4348,outandin
1204,2131,outgoing
2131,4565,outandin
1550,3377,outandin
1550,4549,outandin
1611,2070,outandin
3377,2429,outandin
3377,2430,outandin
3377,3854,outandin
1227,3036,outandin
3036,2762,outandin
3036,3103,outandin
3036,3140,outandin
1258,3183,outandin
1267,2012,outandin
2012,3781,outandin
1271,2306,outandin
1271,2803,outandin
1271,2823,outandin
1271,3146,outandin
1271,3203,outandin
1271,3257,outandin
2306,2042,outandin
3146,3221,outandin
1272,3781,outandin
1272,4266,outandin
3781,3500,outandin
3781,3736,outandin
3781,3782,outandin
3781,3783,outandin
3781,3850,outandin
3781,3851,outandin
3781,3910,outandin
3781,4154,outandin
3781,4155,outandin
4266,3252,outandin
4266,3260,outandin
4266,3630,outandin
4266,3971,outandin
4266,4088,outandin
4266,4267,outandin
4266,4288,outandin
4266,4289,outandin
4266,4372,outandin
4266,4398,outandin
4266,4764,outandin
3734,1976,outandin
3734,3103,outandin
4114,4115,outandin
3813,4245,outandin
4389,4839,outandin
1585,1846,outandin
1585,3005,outandin
1976,3935,outandin
2822,1512,outandin
2822,2580,outandin
3015,2933,outandin
3273,1528,outandin
3273,2502,outandin
3273,3246,outandin
3273,3259,outandin
3349,3367,outandin
3349,3410,outandin
3367,3462,outandin
3399,3462,outandin
3549,1639,outandin
3549,2132,outandin
3549,3574,outandin
3549,4181,outandin
3714,4963,outandin
3714,4986,outandin
3776,3086,outandin
3776,3826,outandin
3776,3863,outandin
3776,4076,outandin
3776,4204,outandin
3976,1744,outandin
3976,2552,outandin
3976,2626,outandin
3976,3001,outandin
3976,3168,outandin
3976,3641,outandin
3976,4033,outandin
3976,4139,outandin
3976,4255,outandin
3976,4278,outandin
3976,4419,outandin
3976,4421,outandin
3976,4443,outandin
3976,4565,outandin
3976,4569,outandin
4060,3704,outandin
4060,4081,outandin
4203,1639,outandin
4395,4396,outandin
4444,4731,outandin
4659,4569,outandin
4659,4651,outandin
4659,4735,outandin
4659,4736,outandin
1528,1475,outandin
1528,1846,outandin
1528,2299,outgoing
1528,3358,outandin
1528,4758,outandin
1769,4339,outandin
2053,1846,outandin
2053,3977,outandin
3766,3260,outandin
3766,4175,outandin
2992,3027,outandin
3723,3689,outandin
4543,4547,outandin
4543,4550,outandin
1437,3834,outandin
1499,1612,outandin
1499,1616,outgoing
1499,1753,outgoing
1499,4548,outandin
1499,4551,outandin
1612,2552,outandin
1612,3630,outandin
1612,4189,outandin
1612,4267,outandin
1612,4269,outandin
1612,4382,outandin
4551,4841,outandin
3086,2419,outandin
3086,2647,outandin
3086,2825,outandin
3086,3260,outandin
3086,3332,outandin
3086,3394,outandin
3086,3521,outandin
3086,3539,outandin
3086,4700,outandin
3086,4779,outandin
3086,4858,outandin
1504,2202,outandin
1504,3870,outandin
3543,3493,outandin
1511,3918,outandin
3918,4014,outandin
1846,2385,outgoing
1543,2552,outandin
2552,4890,outandin
3972,2079,outandin
3972,4058,outandin
4795,2044,outandin
4795,3217,outandin
4795,4773,outandin
4795,4832,outandin
1991,4088,outandin
3239,3241,outandin
3239,3244,outandin
3239,3252,outandin
3239,3263,outandin
3239,3264,outandin
3239,3268,outandin
3239,3271,outandin
3326,3299,outandin
3326,3331,outandin
3572,4922,outandin
4253,4115,outandin
4253,4985,outandin
2070,3142,outandin
2070,3301,outandin
3630,3408,outandin
4267,4598,outandin
4269,2167,outandin
2281,2080,outandin
2281,2427,outandin
3060,3065,outandin
2398,2132,outandin
2398,3574,outandin
2398,3581,outandin
2398,4604,outandin
4354,3490,outandin
4354,4393,outandin
1635,2427,outandin
2427,2430,outgoing
2427,4385,outandin
1639,4324,outandin
1689,4339,outandin
3982,1939,outandin
3982,3844,outandin
3982,3983,outandin
1746,2940,outandin
2940,2918,outandin
2940,2999,outandin
1751,3481,outandin
3481,1850,outandin
3481,3541,outandin
1755,4215,outandin
2644,4024,outandin
2939,2888,outandin
1775,2973,outandin
3887,3925,outandin
3887,4001,outandin
2050,2876,outandin
2050,4290,outandin
2536,3196,outandin
2929,2981,outandin
2950,3012,outandin
2987,4110,outandin
3317,3361,outandin
3379,2255,outandin
4452,4746,outandin
4452,4761,outandin
4669,3330,outandin
4669,3786,outandin
4669,3787,outandin
4669,3788,outandin
4669,3789,outandin
4669,3790,outandin
4669,3791,outandin
4669,3792,outandin
4669,3793,outandin
4669,3794,outandin
4669,3795,outandin
4669,4746,outandin
4677,3330,outandin
4677,3786,outandin
4677,3787,outandin
4677,3788,outandin
4677,3789,outandin
4677,3790,outandin
4677,3791,outandin
4677,3792,outandin
4677,3793,outandin
4677,3794,outandin
4677,3795,outandin
4684,3786,outandin
4684,3787,outandin
4684,3788,outandin
4684,3789,outandin
4684,3790,outandin
4684,3791,outandin
4684,3792,outandin
4684,3793,outandin
4684,3794,outandin
4684,3795,outandin
4697,4698,outandin
4698,3746,outandin
4701,3786,outandin
4701,3787,outandin
4701,3788,outandin
4701,3789,outandin
4701,3790,outandin
4701,3791,outandin
4701,3792,outandin
4701,3793,outandin
4701,3794,outandin
4701,3795,outandin
4701,4748,outandin
4708,4814,outandin
4741,4742,outandin
4743,3786,outandin
4743,3787,outandin
4743,3789,outandin
4743,3790,outandin
4743,3791,outandin
4743,3792,outandin
4743,3793,outandin
4743,3794,outandin
4743,3795,outandin
4743,4751,outandin
4746,4740,outandin
4746,4750,outandin
4746,4756,outandin
4746,4760,outandin
4756,4570,outandin
4756,4775,outandin
4756,4777,outandin
4814,4818,outandin
4835,4858,outandin
4870,3452,outandin
4870,4871,outandin
4747,3786,outandin
4747,3787,outandin
4747,3788,outandin
4747,3789,outandin
4747,3790,outandin
4747,3791,outandin
4747,3792,outandin
4747,3793,outandin
4747,3794,outandin
4747,3795,outandin
3893,3641,outandin
4505,3746,outandin
1849,2712,outandin
1849,4619,outandin
1851,2656,outgoing
2464,2465,outandin
1919,3854,outandin
3854,3851,outandin
3854,3905,outandin
1922,3063,outandin
1922,4179,outandin
4179,2284,outandin
4179,2693,outandin
4179,3826,outandin
4179,4097,outandin
4179,4178,outandin
4179,4188,outandin
4179,4204,outandin
4179,4325,outandin
1923,3683,outandin
1933,3861,outandin
2363,3210,outandin
2647,2867,outandin
2647,2916,outandin
2647,3047,outandin
2647,3084,outandin
2647,3125,outandin
2647,3165,outandin
2647,3166,outandin
2647,3207,outandin
2647,3290,outandin
2647,3323,outandin
2647,3394,outandin
2647,3418,outandin
2647,3641,outandin
2647,3845,outandin
2647,3869,outandin
2647,4141,outandin
2647,4514,outandin
2647,4779,outandin
2647,4906,outandin
2781,4779,outandin
2878,3260,outandin
2878,3353,outandin
2878,3357,outandin
2878,3847,outandin
2878,4055,outandin
2915,3260,outandin
2952,3260,outandin
2952,3641,outandin
2952,3935,outandin
2952,4076,outandin
2966,2693,outandin
2966,4522,outandin
3016,2933,outandin
3016,3357,outandin
3016,3539,outandin
3033,3260,outandin
3043,3353,outandin
3165,3620,outandin
3165,3641,outandin
3165,4779,outandin
3189,3353,outandin
3189,4027,outandin
3207,3320,outandin
3260,2419,outandin
3260,2867,outandin
3260,3261,outandin
3260,3310,outandin
3260,3394,outandin
3260,3641,outandin
3260,3865,outandin
3260,3935,outandin
3260,4204,outandin
3260,4325,outandin
3260,4525,outandin
3260,4764,outandin
3260,4812,outandin
3260,4956,outandin
3353,2284,outandin
3353,4042,outandin
3353,4055,outandin
3353,4161,outandin
3353,4201,outandin
3353,4463,outandin
3353,4650,outandin
3353,4904,outandin
3422,3519,outandin
3501,3641,outandin
3521,3522,outandin
3620,3765,outandin
3641,3517,outandin
3641,3971,outandin
3641,4097,outandin
1971,4594,outandin
4594,4530,outandin
3935,3357,outandin
3935,3522,outandin
3935,3880,outandin
3935,4120,outandin
3935,4128,outandin
3935,4399,outandin
3935,4464,outandin
3935,4465,outandin
3935,4466,outandin
3935,4467,outandin
3935,4468,outandin
3935,4469,outandin
3935,4470,outandin
3935,4471,outandin
3935,4472,outandin
3935,4473,outandin
3935,4474,outandin
3935,4475,outandin
3935,4476,outandin
3935,4477,outandin
3935,4506,outandin
3935,4507,outandin
3935,4529,outandin
3935,4764,outandin
4898,4566,outandin
4898,4890,outandin
4898,4919,outandin
4898,4937,outandin
2993,2981,outandin
3054,2275,outandin
3275,4658,outandin
3287,3259,outandin
3287,3333,outandin
3287,3378,outandin
3333,3378,outandin
3408,2693,outandin
3408,3423,outandin
3408,3777,outandin
3408,3812,outandin
3462,3575,outandin
3490,3529,outandin
3490,3846,outandin
3490,4393,outandin
2042,3097,outandin
2042,4232,outandin
2048,4025,outandin
2049,3254,outandin
3001,2590,outandin
3574,3583,outandin
3574,3603,outandin
3761,3885,outandin
3027,2887,outandin
4431,2167,outandin
2113,3147,outandin
2113,4317,outandin
3047,3166,outandin
3047,4162,outandin
2495,3974,outandin
3346,3347,outandin
3433,3746,outandin
3655,3500,outandin
3800,3629,outandin
3800,3724,outandin
4370,4031,outandin
4370,4521,outandin
4379,4696,outandin
4603,2496,outandin
4646,4604,outandin
4646,4660,outandin
4646,4662,outandin
4646,4663,outandin
4646,4664,outandin
4662,4663,outandin
4662,4664,outandin
4663,4664,outandin
4687,4277,outandin
4687,4692,outandin
4565,4567,outandin
2167,4257,outandin
2167,4378,outandin
2167,4398,outandin
2167,4425,outandin
4398,4330,outandin
4398,4399,outandin
3268,4007,outandin
2235,2964,outandin
2235,4525,outandin
2964,2857,outandin
4525,4504,outandin
4525,4526,outandin
3498,3552,outandin
3498,3553,outandin
3498,3554,outandin
3498,3555,outandin
3498,3556,outandin
3498,3557,outandin
3498,3558,outandin
3553,3552,outandin
3554,3552,outandin
3556,3552,outandin
3556,3562,outandin
3556,3563,outandin
3556,3564,outandin
3556,3565,outandin
3556,3566,outandin
3557,3552,outandin
3558,3552,outandin
3562,3552,outandin
3562,3563,outandin
3563,3552,outandin
3564,3552,outandin
3565,3552,outandin
3565,3567,outandin
3565,3569,outandin
3565,3570,outandin
3566,3552,outandin
3569,3552,outandin
3570,3552,outandin
3821,3899,outandin
2284,4164,outandin
4164,3971,outandin
4164,4105,outandin
2801,3452,outandin
2801,3548,outandin
4375,4383,outandin
4432,4433,outandin
4450,3850,outandin
4450,4455,outandin
4450,4512,outandin
4535,3452,outandin
4907,4788,outandin
4907,4926,outandin
4986,4983,outandin
4986,4991,outandin
2315,2981,outandin
4862,4839,outandin
4862,4890,outandin
2352,4000,outandin
2352,4111,outandin
2370,3066,outandin
3879,3869,outandin
3884,3847,outandin
3884,4105,outandin
3884,4522,outandin
4076,3561,outandin
4076,3827,outandin
4076,4087,outandin
4648,3880,outandin
4648,4769,outandin
4648,4892,outandin
4753,3901,outandin
4753,4322,outandin
4753,4974,outandin
3552,3567,outandin
3724,3984,outandin
3724,4005,outandin
4851,4847,outandin
4604,4417,outandin
4287,3404,outandin
3746,3858,outandin
3746,4774,outandin
3746,4807,outandin
3746,4856,outandin
3816,2796,outandin
3888,3500,outandin
2419,2825,outandin
2419,3971,outandin
3971,4296,outandin
3971,4325,outandin
3845,3847,outandin
4890,4903,outandin
3231,4632,outandin
3168,4030,outandin
3850,3853,outandin
2889,4779,outandin
3394,3736,outandin
3826,3827,outandin
3826,4129,outandin
3826,4130,outandin
3826,4195,outandin
3871,3872,outandin
3880,3539,outandin
3880,3914,outandin
3880,4031,outandin
3880,4779,outandin
4145,3989,outandin
4204,2851,outandin
4204,3522,outandin
4204,4207,outandin
4204,4506,outandin
4204,4702,outandin
4204,4876,outandin
4325,2851,outandin
4325,4188,outandin
4325,4288,outandin
4325,4359,outandin
4896,4897,outandin
4920,4779,outandin
4927,4929,outandin
4927,4930,outandin
4927,4931,outandin
4927,4932,outandin
3277,2693,outandin
3352,3383,outandin
3404,4115,outandin
3404,4318,outandin
3404,4615,outandin
3404,4628,outandin
3452,3455,outandin
3452,4538,outandin
3452,4874,outandin
3500,4035,outandin
3846,3989,outandin
3917,4007,outandin
3927,4134,outandin
4005,4007,outandin
4135,4182,outandin
4024,4044,outandin
4024,4091,outandin
4514,4188,outandin
4779,3901,outandin
4779,4151,outandin
4779,4175,outandin
4779,4466,outandin
4779,4474,outandin
4779,4529,outandin
4779,4540,outandin
4779,4650,outandin
4779,4792,outandin
4779,4808,outandin
4779,4809,outandin
4779,4810,outandin
4779,4892,outandin
4779,4904,outandin
4779,4932,outandin
4779,4934,outandin
4779,4938,outandin
4779,4947,outandin
4779,4948,outandin
4779,4949,outandin
4779,4950,outandin
4779,4951,outandin
4779,4952,outandin
4779,4953,outandin
4779,4954,outandin
4779,4955,outandin
4779,4956,outandin
4779,4957,outandin
4779,4959,outandin
4779,4976,outandin
4965,4966,outandin
4965,4967,outandin
4965,4968,outandin
4965,4977,incoming
2711,2996,outandin
3148,3151,outandin
2857,3098,outandin
2896,3092,outandin
3488,4233,outandin
3488,4234,outandin
4530,4570,outandin
4522,4285,outandin
4522,4288,outandin
4522,4523,outandin
4522,4556,outandin
4522,4557,outandin
4522,4653,outandin
4522,4705,outandin
3539,4105,outandin
3914,4143,outandin
4027,4031,outandin
4195,4411,outandin
4031,4388,outandin
3459,3519,outandin
3510,3509,outandin
3885,4019,outandin
3948,4074,outandin
3960,4714,outandin
4074,4104,outandin
4285,4411,outandin
4285,4467,outandin
4285,4764,outandin
4285,4908,outandin
4308,4460,outandin
4308,4789,outandin
4308,4793,outandin
4322,4728,outandin
4504,4467,outandin
4956,4897,outandin
4956,4938,outandin
4956,4958,outandin
4812,4288,outandin
4812,4411,outandin
4812,4506,outandin
4007,4008,outandin
3361,3371,outandin
3361,3372,outandin
3330,4326,outandin
4650,4930,outandin
4650,4935,outandin
4115,4615,outandin
4600,4656,outandin
3547,3583,outandin
3547,3764,outandin
3547,4229,outandin
3547,4230,outandin
4563,4564,outandin
4563,4570,outandin
4035,4016,outandin
4035,4043,outandin
4462,4570,outandin
3583,4108,outandin
4229,4230,outandin
4181,4125,outandin
3629,4508,outandin
3990,4015,outandin
4595,4625,outandin
3731,3732,outandin
4419,4513,outandin
4419,4846,outandin
4537,4620,outandin
4651,4647,outandin
4227,4321,outandin
3762,3763,outandin
4495,4496,outandin
4748,4751,outandin
4884,4894,outandin
4884,4982,outandin
4884,4983,outandin
3911,3912,outandin
4582,4625,outandin
4570,4571,outandin
4570,4574,outandin
4252,4277,outandin
4411,4523,outandin
4411,4962,outandin
4630,4749,outandin
4571,4581,outandin
4980,4981,outandin
4980,4982,outandin
4832,4847,outandin
4832,4849,outandin
4983,4990,outandin
