source,target,type,weight
10003,3,,12
10003,9,,19
10003,16,,21
10003,23,,6
10003,31,incoming,20
10003,32,,24
10003,34,,11
10003,35,,2
10003,37,,14
10003,49,outgoing,20
10003,56,outandin,5
10003,65,,14
10003,76,,20
10003,77,,16
10003,78,,18
10003,79,,5
10003,91,,19
10003,99,,19
10003,112,,20
10003,118,,18
10003,143,,11
10003,148,outgoing,5
10003,162,,27
10003,180,,19
10003,211,,10
10003,212,,6
10003,216,incoming,1
10003,239,,9
10003,256,,9
10003,257,incoming,12
10003,260,,18
10003,263,,10
10003,266,,15
10003,280,,16
10003,281,,31
10003,290,,7
10003,300,,18
10003,307,incoming,7
10003,317,outgoing,2
10003,321,,18
10003,329,,6
10003,330,,5
10003,331,,11
10003,334,,7
10003,340,,16
10003,358,,19
10003,361,,6
10003,374,,16
10003,378,,7
10003,379,,13
10003,380,,17
10003,385,,12
10003,399,,18
10003,403,,21
10003,430,outgoing,3
10003,431,,18
10003,440,,18
10003,449,,12
10003,454,,3
10003,465,incoming,11
10003,481,,33
10003,509,,13
10003,516,,5
10003,517,,7
10003,557,,1
10003,563,,14
10003,569,,11
10003,572,,23
10003,578,,18
10003,591,,10
10003,592,,5
10003,598,,10
10003,605,,2
10003,607,,13
10003,608,,19
10003,636,,7
10003,638,,18
10003,663,,15
10003,665,,13
10003,675,,15
10003,677,,7
10003,702,,11
10003,722,incoming,6
10003,727,,18
10003,741,outgoing,2
10003,759,,17
10003,769,,14
10003,812,outgoing,12
10003,821,,5
10003,823,,14
10003,841,,8
10003,854,outgoing,2
10003,866,incoming,20
10003,869,,16
10003,872,,8
10003,876,,11
10003,877,,7
10003,889,outgoing,7
10003,919,,24
10003,920,,12
10003,921,,20
10003,939,,4
10003,987,,14
10003,1002,,15
10003,1009,,10
10003,1013,,4
10003,1018,,5
10003,1020,incoming,20
10003,1036,,5
10003,1040,,7
10003,1045,,18
10003,1058,outandin,14
10003,1063,,3
10003,1075,,13
10003,1093,,9
10003,1129,,14
10003,1131,,14
10003,1153,,19
10003,1203,incoming,17
10003,1211,outgoing,3
10003,1217,,7
10003,1230,,22
10003,1235,,12
10003,1237,,16
10003,1246,,10
10003,1251,,18
10003,1262,,5
10003,1268,,5
10003,1273,,7
10003,1277,,13
10003,1278,,14
10003,1284,,14
10003,1285,,13
10003,1299,,12
10003,1301,,9
10003,1317,,14
10003,1318,,4
10003,1319,,19
10003,1328,,25
10003,1337,,25
10003,1351,,12
10003,1376,,13
10003,1378,,5
10003,1379,,12
10003,1382,,9
10003,1383,incoming,7
10003,1387,,15
10003,1403,incoming,15
10003,1405,,20
10003,1419,outgoing,4
10003,1420,,12
10003,1425,,10
10003,1432,,6
10003,1433,,3
10003,1440,,8
10003,1461,outgoing,13
10003,1476,,8
10003,1478,,23
10003,1484,,15
10003,1492,,13
10003,1505,,19
10003,1518,,18
10003,1532,,16
10003,1544,outgoing,6
10003,1545,,5
10003,1559,,19
10003,1571,,2
10003,1590,,8
10003,1601,,10
10003,1604,,15
10003,1611,,12
10003,1614,,21
10003,1615,,15
10003,1622,,21
10003,1627,outgoing,8
10003,1628,,20
10003,1635,,6
10003,1637,,4
10003,1642,outgoing,14
10003,1643,,10
10003,1666,,4
10003,1686,,7
10003,1691,,18
10003,1708,,17
10003,1710,,17
10003,1716,,29
10003,1719,outgoing,3
10003,1733,,20
10003,1748,,20
10003,1751,,9
10003,1753,,21
10003,1759,,12
10003,1765,,7
10003,1766,,8
10003,1773,,17
10003,1780,,15
10003,1782,,11
10003,1789,,11
10003,1795,outgoing,9
10003,1797,,5
10003,1801,,18
10003,1804,outgoing,3
10003,1805,,12
10003,1809,,13
10003,1829,,19
10003,1833,,13
10003,1834,,15
10003,1837,,2
10003,1838,,20
10003,1841,,5
10003,1842,,17
10003,1844,,10
10003,1849,,7
10003,1852,,25
10003,1855,,20
10003,1857,,16
10003,1860,,17
10003,1861,outgoing,5
10003,1864,,18
10003,1871,outgoing,2
10003,1873,,15
10003,1875,,3
10003,1877,,12
10003,1879,,12
10003,1882,,29
10003,1883,outgoing,1
10003,1884,,7
10003,1888,,10
10003,1900,,14
10003,1902,,19
10003,1912,,11
10003,1914,,19
10003,1917,,8
10003,1921,,18
10003,1925,,5
10003,1927,,11
10003,1928,,12
10003,1932,,11
10003,1933,,19
10003,1944,,16
10003,1952,,5
10003,1953,,3
10003,1958,,7
10003,1962,,17
10003,1963,,23
10003,1964,,3
10003,1972,,27
10003,1977,,16
10003,1978,,12
10003,1980,,18
10003,1986,,20
10003,1992,,17
10003,1994,,12
10003,1999,,14
10003,2002,,18
10003,2003,,10
10003,2007,,18
10003,2009,,3
10003,2011,,15
10003,2012,,20
10003,2013,,12
10003,2016,,4
10003,2023,,18
10003,2025,,9
10003,2027,,18
10003,2030,,8
10003,2032,,16
10003,2038,,16
10003,2045,,4
10003,2047,,1
10003,2051,,21
10003,2054,,10
10003,2056,outgoing,1
10003,2057,,1
10003,2059,,10
10003,2060,,8
10003,2061,incoming,18
10003,2067,,15
10003,2072,outgoing,6
10003,2080,,16
10003,2081,,9
10003,2083,,16
10003,2084,,5
10003,2090,,20
10003,2100,,17
10003,2105,outgoing,1
10003,2116,,13
10003,2119,,10
10003,2120,,17
10003,2121,,24
10003,2126,,7
10003,2136,,3
10003,2138,,9
10003,2139,outgoing,9
10003,2143,,10
10003,2148,,13
10003,2152,,4
10003,2153,,13
10003,2155,outgoing,8
10003,2161,,16
10003,2169,,6
10003,2179,,14
10003,2180,,6
10003,2182,,18
10003,2184,,10
10003,2186,,3
10003,2193,,11
10003,2200,,10
10003,2203,,13
10003,2205,,10
10003,2206,,16
10003,2221,,17
10003,2222,,13
10003,2230,,20
10003,2232,,10
10003,2235,incoming,2
10003,2239,,13
10003,2248,,12
10003,2250,,15
10003,2252,,17
10003,2253,,7
10003,2254,,14
10003,2255,,7
10003,2260,,16
10003,2265,,21
10003,2270,,21
10003,2271,,8
10003,2275,,3
10003,2277,outgoing,1
10003,2281,,14
10003,2286,,9
10003,2288,,19
10003,2291,,15
10003,2292,,17
10003,2297,,7
10003,2298,,20
10003,2301,,15
10003,2315,,11
10003,2320,,16
10003,2323,,11
10003,2324,outgoing,13
10003,2330,,18
10003,2332,,20
10003,2333,,12
10003,2335,,3
10003,2340,,11
10003,2341,,16
10003,2354,,19
10003,2357,,10
10003,2359,,7
10003,2361,,15
10003,2372,outgoing,8
10003,2375,,2
10003,2377,outgoing,5
10003,2382,,11
10003,2387,,15
10003,2389,,20
10003,2396,,4
10003,2397,,20
10003,2399,,19
10003,2400,,17
10003,2405,,10
10003,2408,,6
10003,2409,,14
10003,2411,,10
10003,2413,,9
10003,2414,,9
10003,2418,,4
10003,2424,,18
10003,2432,,13
10003,2435,,13
10003,2442,,7
10003,2452,,19
10003,2455,,8
10003,2456,,19
10003,2461,,3
10003,2462,outgoing,5
10003,2467,,10
10003,2472,,19
10003,2474,incoming,3
10003,2478,,16
10003,2480,,24
10003,2486,,19
10003,2495,,11
10003,2502,,15
10003,2507,,19
10003,2510,,19
10003,2512,,15
10003,2513,,5
10003,2518,,23
10003,2522,,13
10003,2523,,12
10003,2526,outgoing,7
10003,2528,,20
10003,2531,,17
10003,2538,,3
10003,2542,outgoing,9
10003,2553,,18
10003,2577,,10
10003,2586,outgoing,8
10003,2587,,20
10003,2591,,13
10003,2593,,17
10003,2606,,8
10003,2611,,9
10003,2613,,14
10003,2616,,13
10003,2621,,18
10003,2629,,14
10003,2638,,12
10003,2646,,14
10003,2649,,9
10003,2652,,16
10003,2664,,21
10003,2668,,19
10003,2679,,8
10003,2680,outgoing,5
10003,2682,,10
10003,2683,,10
10003,2686,,11
10003,2691,outgoing,10
10003,2692,,11
10003,2697,,20
10003,2700,,9
10003,2702,,7
10003,2704,,19
10003,2712,,17
10003,2715,,20
10003,2716,outgoing,6
10003,2719,,19
10003,2727,,9
10003,2730,,30
10003,2739,,9
10003,2743,,14
10003,2752,,11
10003,2755,,18
10003,2760,,15
10003,2762,,12
10003,2763,,13
10003,2781,,10
10003,2784,,7
10003,2812,,9
10003,2828,,21
10003,2837,,17
10003,2839,,21
10003,2847,,5
10003,2848,incoming,3
10003,2849,,17
10003,2850,,4
10003,2857,,16
10003,2867,,14
10003,2871,,14
10003,2872,,3
10003,2886,,16
10003,2895,,13
10003,2897,,26
10003,2900,,17
10003,2911,outgoing,7
10003,2918,,14
10003,2919,,23
10003,2932,,14
10003,2935,,3
10003,2937,,2
10003,2939,,5
10003,2946,,13
10003,2947,incoming,12
10003,2949,,17
10003,2961,,11
10003,2966,,17
10003,2977,,7
10003,2978,outgoing,1
10003,2981,,18
10003,2986,,12
10003,2987,,17
10003,2988,,4
10003,2993,,7
10003,2994,incoming,12
10003,2995,,9
10003,3007,,19
10003,3018,,13
10003,3021,,20
10003,3023,,25
10003,3024,,9
10003,3029,outandin,10
10003,3032,,21
10003,3039,,11
10003,3062,,14
10003,3077,,10
10003,3079,,9
10003,3085,,3
10003,3092,,8
10003,3093,,2
10003,3099,,8
10003,3101,,8
10003,3105,,15
10003,3108,,3
10003,3111,,12
10003,3113,incoming,14
10003,3118,,16
10003,3121,,3
10003,3148,,13
10003,3159,,12
10003,3166,,8
10003,3178,outgoing,5
10003,3191,outandin,7
10003,3193,,12
10003,3195,,17
10003,3199,,14
10003,3200,,12
10003,3203,outandin,8
10003,3205,incoming,11
10003,3214,,22
10003,3216,,7
10003,3220,,16
10003,3221,,19
10003,3224,outgoing,2
10003,3237,,14
10003,3260,,5
10003,3265,,9
10003,3274,,8
10003,3275,,12
10003,3293,,19
10003,3297,,15
10003,3304,,20
10003,3310,,20
10003,3322,,19
10003,3325,,8
10003,3326,,10
10003,3327,,17
10003,3359,,13
10003,3368,,13
10003,3371,,25
10003,3392,,21
10003,3395,,21
10003,3402,,18
10003,3404,,15
10003,3412,,8
10003,3413,,25
10003,3419,,9
10003,3422,,2
10003,3424,,27
10003,3432,,19
10003,3437,outgoing,4
10003,3439,,22
10003,3442,,25
10003,3457,,7
10003,3492,,9
10003,3493,,27
10003,3507,,6
10003,3512,,3
10003,3518,,9
10003,3519,,21
10003,3520,,8
10003,3527,,28
10003,3546,,15
10003,3561,,20
10003,3571,,8
10003,3592,,6
10003,3614,outgoing,4
10003,3644,,7
10003,3653,,12
10003,3669,,5
10003,3671,,11
10003,3673,,10
10003,3685,,10
10003,3693,,17
10003,3704,,14
10003,3715,,16
10003,3717,,6
10003,3719,,20
10003,3723,incoming,2
10003,3739,,7
10003,3741,,17
10003,3747,,6
10003,3752,,1
10003,3754,,16
10003,3758,,6
10003,3782,,7
10003,3787,,4
10003,3805,,17
10003,3816,,12
10003,3819,,20
10003,3820,,12
10003,3833,,9
10003,3836,,16
10003,3844,,26
10003,3846,,10
10003,3870,,10
10003,3881,,7
10003,3889,,3
10003,3891,,4
10003,3893,outgoing,5
10003,3903,,1
10003,3904,,7
10003,3907,outgoing,4
10003,3913,,14
10003,3938,,12
10003,3965,,22
10003,3966,,16
10003,3978,,15
10003,3985,,7
10003,3991,,13
10003,3994,,19
10003,3995,outgoing,4
10003,4007,,10
10003,4014,,19
10003,4052,,18
10003,4067,,5
10003,4070,,23
10003,4087,,4
10003,4089,,19
10003,4091,,22
10003,4116,,15
10003,4143,,13
10003,4155,,4
10003,4160,,13
10003,4164,,13
10003,4184,,7
10003,4196,,11
10003,4200,,25
10003,4201,,15
10003,4213,,6
10003,4218,,22
10003,4225,,5
10003,4251,,7
10003,4257,,7
10003,4260,,15
10003,4269,outgoing,7
10003,4273,,6
10003,4288,,4
10003,4298,,10
10003,4299,,7
10003,4307,,23
10003,4308,,13
10003,4360,,8
10003,4365,,8
10003,4387,incoming,8
10003,4388,,15
10003,4394,,8
10003,4401,,19
10003,4405,,27
10003,4408,,8
10003,4411,,9
10003,4453,incoming,14
10003,4456,,5
10003,4460,,16
10003,4487,,5
10003,4491,,7
10003,4493,,3
10003,4505,,22
10003,4536,,6
10003,4539,outgoing,1
10003,4550,,7
10003,4553,,15
10003,4564,outgoing,3
10003,4571,,22
10003,4576,,20
10003,4577,outgoing,6
10003,4591,,4
10003,4592,incoming,15
10003,4602,,1
10003,4605,,1
10003,4675,,5
10003,4737,outgoing,2
10003,4744,,11
10003,4751,,10
10003,4769,outgoing,12
10003,4798,,5
10003,4808,,7
10003,4812,,15
10003,4822,,5
10003,4845,,10
10003,4848,,27
10003,4882,,12
10003,4897,,11
10003,4901,,2
10003,4925,,7
10003,4944,,4
10003,5012,,13
10003,5054,outgoing,15
10003,5057,,5
10003,5081,,23
10003,5103,,15
10003,5104,,16
10003,5137,,9
10003,5140,,12
10003,5157,,11
10003,5243,,14
10003,5253,,17
10003,5260,,11
10003,5266,,5
10003,5303,,16
10003,5306,,4
10003,5311,,4
10003,5324,,15
10003,5367,,9
10003,5376,,17
10003,5398,,4
10003,5408,,10
10003,5429,,12
10003,5434,,5
10003,5464,,1
10003,5470,,14
10003,5478,,7
10003,5485,incoming,10
10003,5501,,13
10003,5523,,9
10003,5527,,3
10003,5571,outgoing,17
10003,5604,,8
10003,5616,,26
10003,5650,,12
10003,5661,,7
10003,5676,,14
10003,5687,,4
10003,5694,,3
10003,5695,,19
10003,5696,,18
10003,5708,,7
10003,5739,,18
10003,5750,,4
10003,5756,,17
10003,5760,,7
10003,5775,,14
10003,5795,,18
10003,5812,,5
10003,5814,,1
10003,5819,,11
10003,5884,,18
10003,5939,,16
10003,5960,,7
10003,5962,,7
10003,5967,,10
10003,5990,,10
10003,6026,,13
10003,6037,,8
10003,6044,,7
10003,6059,,14
10003,6095,,15
10003,6126,,23
10003,6154,outgoing,4
10003,6178,,24
10003,6187,outgoing,6
10003,6201,,16
10003,6205,,8
10003,6228,,4
10003,6230,,22
10003,6246,,6
10003,6253,incoming,3
10003,6254,,2
10003,6259,incoming,4
10003,6260,,13
10003,6267,,13
10003,6273,,8
10003,6315,outgoing,10
10003,6352,,19
10003,6356,,13
10003,6366,incoming,1
10003,6373,,10
10003,6376,,18
10003,6411,,20
10003,6436,,14
10003,6456,,15
10003,6462,,7
10003,6484,,14
10003,6497,,15
10003,6524,,8
10003,6569,,14
10003,6573,,12
10003,6583,,13
10003,6603,,4
10003,6672,,7
10003,6725,,24
10003,6764,,24
10003,6800,,6
10003,6852,,2
10003,6858,,11
10003,6900,,3
10003,6931,,10
10003,6951,,9
10003,7048,,5
10003,7063,,17
10003,7099,,23
10003,7106,,12
10003,7144,incoming,10
10003,7170,,14
10003,7175,,12
10003,7182,,11
10003,7184,,4
10003,7198,,9
10003,7202,,10
10003,7208,,11
10003,7211,,9
10003,7215,,11
10003,7217,,15
10003,7220,,24
10003,7231,,11
10003,7243,,21
10003,7255,,13
10003,7268,,8
10003,7302,,14
10003,7304,outgoing,22
10003,7306,,11
10003,7312,,12
10003,7346,,22
10003,7359,,15
10003,7362,,23
10003,7378,,9
10003,7379,outgoing,4
10003,7392,incoming,1
10003,7407,,13
10003,7410,,12
10003,7418,,7
10003,7425,,13
10003,7440,,12
10003,7447,,17
10003,7469,,10
10003,7474,,10
10003,7493,,10
10003,7507,incoming,7
10003,7527,,13
10003,7530,,5
10003,7564,,10
10003,7670,outgoing,10
10003,7678,,12
10003,7687,,18
10003,7717,incoming,16
10003,7725,,7
10003,7753,,14
10003,7757,,6
10003,7785,,12
10003,7806,incoming,25
10003,7813,,8
10003,7833,,12
10003,7845,outgoing,1
10003,7846,,4
10003,7854,,3
10003,7902,,19
10003,7904,,8
10003,7908,,13
10003,7943,outgoing,7
10003,7954,incoming,14
10003,7968,,19
10003,8035,incoming,8
10003,8069,,18
10003,8071,,13
10003,8091,incoming,11
10003,8107,,5
10003,8109,,5
10003,8129,,11
10003,8131,,17
10003,8165,outgoing,17
10003,8169,,16
10003,8184,,6
10003,8197,,17
10003,8203,,13
10003,8209,,11
10003,8218,,11
10003,8245,,16
10003,8252,,7
10003,8255,outgoing,19
10003,8266,incoming,12
10003,8275,,19
10003,8279,,3
10003,8285,,12
10003,8290,,11
10003,8302,,21
10003,8303,,13
10003,8320,,15
10003,8327,,10
10003,8344,,3
10003,8347,,2
10003,8348,,11
10003,8362,,5
10003,8366,,10
10003,8367,,15
10003,8368,,10
10003,8374,,17
10003,8378,,14
10003,8385,,11
10003,8407,,6
10003,8418,,19
10003,8424,,19
10003,8427,,4
10003,8442,incoming,11
10003,8446,,14
10003,8455,,6
10003,8459,,10
10003,8461,incoming,11
10003,8480,,7
10003,8486,,19
10003,8497,,8
10003,8499,outgoing,6
10003,8503,outgoing,15
10003,8504,,8
10003,8510,,9
10003,8527,,8
10003,8530,,8
10003,8533,,23
10003,8534,outgoing,4
10003,8537,,26
10003,8538,,8
10003,8561,,11
10003,8572,outgoing,5
10003,8577,,16
10003,8581,,1
10003,8582,,4
10003,8587,,9
10003,8589,,9
10003,8596,,24
10003,8601,,16
10003,8605,,11
10003,8617,,23
10003,8621,,6
10003,8632,,9
10003,8648,,13
10003,8658,outgoing,3
10003,8671,,3
10003,8674,,19
10003,8681,,14
10003,8686,,18
10003,8688,,13
10003,8690,,8
10003,8698,outgoing,3
10003,8707,,3
10003,8714,,16
10003,8729,,10
10003,8735,incoming,8
10003,8736,,7
10003,8751,,15
10003,8753,,9
10003,8756,,19
10003,8760,,17
10003,8770,,7
10003,8771,,6
10003,8773,outgoing,14
10003,8774,outgoing,1
10003,8780,,1
10003,8806,,8
10003,8812,,5
10003,8822,,12
10003,8834,,6
10003,8835,,16
10003,8838,,17
10003,8847,,13
10003,8852,,12
10003,8869,,9
10003,8905,,11
10003,8920,outgoing,21
10003,8939,,15
10003,8947,,19
10003,8955,,8
10003,8962,,11
10003,8973,,4
10003,8974,outgoing,8
10003,8985,,16
10003,8995,,15
10003,9000,,22
10003,9008,,5
10003,9033,,10
10003,9040,,14
10003,9045,,21
10003,9048,,10
10003,9049,,15
10003,9074,,17
10003,9082,,15
10003,9084,,13
10003,9090,,16
10003,9115,,21
10003,9116,,8
10003,9153,,7
10003,9163,,16
10003,9180,,13
10003,9182,,1
10003,9190,,17
10003,9199,,16
10003,9203,,15
10003,9212,outgoing,2
10003,9219,,16
10003,9233,,13
10003,9237,,15
10003,9270,,18
10003,9280,,15
10003,9288,,21
10003,9292,,22
10003,9303,,25
10003,9306,,14
10003,9308,,14
10003,9321,,22
10003,9380,,12
10003,9382,,15
10003,9416,,17
10003,9430,,6
10003,9439,,18
10003,9441,,18
10003,9451,outgoing,20
10003,9462,,12
10003,9483,,15
10003,9524,,20
10003,9529,,18
10003,9531,,16
10003,9539,,12
10003,9545,,20
10003,9549,,13
10003,9557,,7
10003,9560,,20
10003,9580,,9
10003,9587,,23
10003,9591,,15
10003,9601,outandin,15
10003,9608,,14
10003,9616,,11
10003,9627,,16
10003,9654,,10
10003,9655,outgoing,14
10003,9661,,16
10003,9690,,14
10003,9714,,26
10003,9751,,20
10003,9754,,21
10003,9757,,14
10003,9791,incoming,24
10003,9831,incoming,10
10003,9872,incoming,9
10003,9933,incoming,4
10033,10,,21
10033,52,,3
10033,85,,5
10033,87,,4
10033,90,outandin,1
10033,105,incoming,1
10033,106,,1
10033,137,,9
10033,138,incoming,5
10033,139,,4
10033,158,incoming,3
10033,168,,3
10033,171,,5
10033,172,incoming,1
10033,175,,3
10033,176,,17
10033,185,,5
10033,188,,9
10033,205,,11
10033,217,outgoing,1
10033,219,incoming,2
10033,220,outgoing,2
10033,230,,2
10033,254,,1
10033,259,outandin,2
10033,269,,4
10033,305,incoming,4
10033,312,incoming,5
10033,319,,1
10033,324,outandin,3
10033,328,incoming,3
10033,337,,50
10033,341,,22
10033,343,,11
10033,349,,4
10033,350,,3
10033,351,,12
10033,363,,3
10033,383,outgoing,1
10033,391,,9
10033,396,,1
10033,412,outgoing,1
10033,413,,66
10033,421,outandin,1
10033,429,outgoing,3
10033,436,outandin,1
10033,447,,3
10033,448,,3
10033,451,,3
10033,460,,54
10033,466,outandin,1
10033,475,,1
10033,488,incoming,2
10033,493,outandin,1
10033,498,,1
10033,501,outandin,2
10033,506,,16
10033,512,,1
10033,534,outandin,3
10033,539,incoming,7
10033,543,,74
10033,545,incoming,2
10033,549,outandin,2
10033,556,outgoing,4
10033,560,,10
10033,568,outgoing,5
10033,585,,2
10033,589,incoming,2
10033,596,,1
10033,611,outgoing,3
10033,612,outandin,1
10033,626,,28
10033,630,,3
10033,643,outandin,1
10033,645,,6
10033,646,outgoing,1
10033,647,outgoing,4
10033,672,outgoing,3
10033,684,,6
10033,700,outgoing,3
10033,705,incoming,3
10033,718,outgoing,31
10033,720,outgoing,1
10033,721,outgoing,1
10033,733,outgoing,1
10033,735,,17
10033,749,,15
10033,755,,1
10033,756,outandin,1
10033,758,outgoing,3
10033,762,,11
10033,770,,1
10033,772,outgoing,2
10033,781,outandin,1
10033,785,outgoing,114
10033,798,outandin,3
10033,800,,6
10033,811,outgoing,3
10033,813,outgoing,2
10033,814,outgoing,2
10033,822,outandin,2
10033,824,,102
10033,834,,39
10033,842,outgoing,2
10033,844,incoming,7
10033,846,,16
10033,860,,1
10033,890,,9
10033,901,,3
10033,905,,3
10033,931,,4
10033,941,,6
10033,943,,6
10033,945,,5
10033,949,,6
10033,951,outandin,2
10033,960,,8
10033,977,outandin,4
10033,980,incoming,2
10033,994,,13
10033,1001,,27
10033,1006,,26
10033,1016,outandin,2
10033,1031,outandin,1
10033,1043,,9
10033,1044,outgoing,1
10033,1047,outgoing,2
10033,1056,,11
10033,1062,,21
10033,1088,outgoing,4
10033,1095,outgoing,9
10033,1105,incoming,1
10033,1107,incoming,1
10033,1120,outandin,1
10033,1132,,1
10033,1144,outandin,1
10033,1146,outandin,1
10033,1154,outandin,2
10033,1157,,6
10033,1160,outandin,3
10033,1164,,1
10033,1169,outandin,3
10033,1183,outandin,2
10033,1189,,44
10033,1194,incoming,14
10033,1207,incoming,1
10033,1219,incoming,1
10033,1238,,22
10033,1239,,4
10033,1248,outgoing,6
10033,1253,,16
10033,1265,outandin,2
10033,1266,,5
10033,1293,,13
10033,1305,,8
10033,1306,outandin,1
10033,1308,outgoing,2
10033,1322,,6
10033,1350,,7
10033,1353,,4
10033,1361,outgoing,2
10033,1375,outgoing,2
10033,1390,incoming,1
10033,1402,,1
10033,1409,outandin,1
10033,1439,,10
10033,1471,outandin,2
10033,1487,,19
10033,1497,outgoing,3
10033,1506,,2
10033,1509,,10
10033,1517,outandin,1
10033,1527,,3
10033,1530,,10
10033,1542,,36
10033,1546,incoming,3
10033,1547,,3
10033,1557,,10
10033,1568,incoming,1
10033,1583,incoming,1
10033,1589,,3
10033,1593,,10
10033,1594,incoming,1
10033,1598,outandin,3
10033,1613,outandin,1
10033,1634,,2
10033,1639,incoming,2
10033,1645,,13
10033,1657,,91
10033,1661,incoming,1
10033,1662,,21
10033,1680,outandin,2
10033,1682,,4
10033,1693,outandin,1
10033,1695,,24
10033,1705,,1
10033,1720,,3
10033,1734,,4
10033,1737,outandin,2
10033,1745,,5
10033,1756,,23
10033,1769,,4
10033,1774,,6
10033,1775,outandin,1
10033,1785,incoming,3
10033,1792,outandin,1
10033,1796,,8
10033,1799,,4
10033,1806,outandin,2
10033,1810,,46
10033,1811,,2
10033,1818,,1
10033,1824,outandin,2
10033,1830,outandin,8
10033,1851,,9
10033,1856,,2
10033,1866,outandin,1
10033,1872,outgoing,1
10033,1889,,6
10033,1893,,11
10033,1897,,16
10033,1909,incoming,3
10033,1911,incoming,1
10033,1939,outgoing,2
10033,1945,outandin,1
10033,1946,outgoing,1
10033,1956,,11
10033,1966,outandin,2
10033,1970,,5
10033,1988,,49
10033,1991,outandin,1
10033,1995,outandin,1
10033,1996,,23
10033,1998,,6
10033,2008,,3
10033,2010,incoming,6
10033,2028,outandin,1
10033,2037,outgoing,6
10033,2040,outandin,1
10033,2052,outgoing,3
10033,2053,,18
10033,2058,outgoing,2
10033,2069,outandin,1
10033,2070,,1
10033,2071,,12
10033,2073,,1
10033,2086,outandin,1
10033,2091,outgoing,2
10033,2101,outgoing,1
10033,2104,incoming,1
10033,2121,,1
10033,2122,,4
10033,2145,,1
10033,2159,outgoing,1
10033,2162,,53
10033,2174,,11
10033,2176,outgoing,1
10033,2178,,14
10033,2195,,12
10033,2196,,2
10033,2197,outgoing,1
10033,2198,outandin,2
10033,2207,,24
10033,2208,outandin,1
10033,2210,outgoing,4
10033,2212,,8
10033,2213,,7
10033,2214,,5
10033,2218,,12
10033,2228,outgoing,4
10033,2244,,5
10033,2256,,5
10033,2268,,6
10033,2269,,7
10033,2272,,5
10033,2294,,9
10033,2311,,7
10033,2327,outandin,1
10033,2337,outandin,3
10033,2346,outgoing,12
10033,2362,outandin,2
10033,2378,,8
10033,2391,incoming,16
10033,2393,outgoing,1
10033,2398,,1
10033,2402,,3
10033,2430,outgoing,4
10033,2433,,1
10033,2439,,2
10033,2448,outgoing,1
10033,2459,outgoing,3
10033,2475,,4
10033,2503,outgoing,1
10033,2511,outgoing,2
10033,2524,,4
10033,2527,,6
10033,2547,,17
10033,2552,,1
10033,2558,,52
10033,2568,,9
10033,2569,incoming,24
10033,2575,,4
10033,2612,outandin,1
10033,2626,incoming,3
10033,2644,outgoing,4
10033,2646,outandin,1
10033,2663,,1
10033,2667,,4
10033,2678,outgoing,6
10033,2713,,23
10033,2718,,4
10033,2736,incoming,2
10033,2737,,6
10033,2751,,1
10033,2756,outandin,1
10033,2766,,26
10033,2767,outandin,2
10033,2768,,3
10033,2769,,8
10033,2777,outandin,2
10033,2799,,5
10033,2803,,4
10033,2804,outgoing,10
10033,2826,,21
10033,2833,incoming,3
10033,2840,outgoing,3
10033,2858,,5
10033,2866,,4
10033,2875,,7
10033,2878,outgoing,11
10033,2885,outandin,1
10033,2887,,1
10033,2888,outandin,1
10033,2921,,10
10033,2934,outandin,2
10033,2942,,1
10033,2951,outgoing,3
10033,2984,,12
10033,2989,outandin,2
10033,3013,incoming,7
10033,3014,,7
10033,3025,outandin,1
10033,3037,,6
10033,3038,,1
10033,3046,,12
10033,3070,outgoing,1
10033,3073,outandin,2
10033,3136,outandin,6
10033,3140,outandin,1
10033,3141,outgoing,3
10033,3144,,1
10033,3149,outgoing,7
10033,3153,,3
10033,3155,,5
10033,3157,,6
10033,3204,outgoing,1
10033,3210,incoming,14
10033,3222,outgoing,1
10033,3231,,6
10033,3239,outandin,1
10033,3243,outgoing,3
10033,3245,,7
10033,3249,incoming,7
10033,3251,outgoing,1
10033,3276,,2
10033,3286,,5
10033,3316,incoming,3
10033,3318,outandin,2
10033,3332,,1
10033,3342,incoming,1
10033,3365,,160
10033,3372,,7
10033,3375,outandin,1
10033,3376,,1
10033,3379,,9
10033,3393,outgoing,1
10033,3399,,2
10033,3406,,2
10033,3408,,7
10033,3415,,9
10033,3425,,13
10033,3443,outandin,3
10033,3465,outgoing,1
10033,3467,outgoing,16
10033,3477,,23
10033,3505,,1
10033,3506,,8
10033,3513,,8
10033,3531,outgoing,150
10033,3552,outgoing,6
10033,3567,outgoing,9
10033,3572,,1
10033,3579,outandin,3
10033,3598,,5
10033,3603,outgoing,1
10033,3627,,16
10033,3639,outandin,1
10033,3643,,11
10033,3645,outandin,1
10033,3649,incoming,17
10033,3651,,13
10033,3652,,7
10033,3662,,12
10033,3666,,4
10033,3680,,10
10033,3682,,1
10033,3687,,5
10033,3688,outandin,3
10033,3720,,2
10033,3722,outandin,7
10033,3724,,16
10033,3730,,21
10033,3732,,3
10033,3734,,3
10033,3744,,6
10033,3750,,2
10033,3751,,25
10033,3770,,13
10033,3772,outgoing,1
10033,3790,,3
10033,3796,,19
10033,3804,outandin,2
10033,3809,outgoing,1
10033,3823,,6
10033,3830,outgoing,1
10033,3841,,7
10033,3843,,1
10033,3854,,3
10033,3858,,5
10033,3859,,6
10033,3860,outandin,4
10033,3862,,6
10033,3864,,2
10033,3871,,8
10033,3874,,7
10033,3896,outandin,1
10033,3899,outgoing,3
10033,3916,incoming,4
10033,3919,,17
10033,3927,,2
10033,3933,outgoing,1
10033,3935,outgoing,2
10033,3939,incoming,1
10033,3945,,15
10033,3952,,6
10033,3972,outgoing,1
10033,3977,,3
10033,3989,outandin,2
10033,3992,outgoing,1
10033,3996,,6
10033,4002,,6
10033,4017,outandin,2
10033,4019,,7
10033,4022,outandin,1
10033,4048,outgoing,3
10033,4055,outandin,1
10033,4057,,17
10033,4075,,6
10033,4076,outgoing,7
10033,4078,outgoing,4
10033,4085,,2
10033,4094,,8
10033,4096,,19
10033,4097,,5
10033,4098,,1
10033,4099,,13
10033,4103,,2
10033,4105,,5
10033,4107,outandin,1
10033,4109,,5
10033,4123,incoming,2
10033,4127,outandin,2
10033,4132,outandin,5
10033,4133,outandin,2
10033,4159,,5
10033,4171,incoming,5
10033,4187,,4
10033,4191,outgoing,2
10033,4198,outgoing,2
10033,4205,outandin,1
10033,4223,outgoing,1
10033,4231,,26
10033,4238,outgoing,2
10033,4242,outgoing,2
10033,4249,,7
10033,4259,,6
10033,4271,,2
10033,4275,,8
10033,4293,outandin,1
10033,4302,,19
10033,4321,incoming,1
10033,4323,,4
10033,4325,,1
10033,4327,,26
10033,4329,,6
10033,4339,,6
10033,4364,outandin,2
10033,4368,,13
10033,4382,outandin,1
10033,4410,outgoing,2
10033,4418,outandin,1
10033,4431,,2
10033,4433,,4
10033,4457,,22
10033,4497,,7
10033,4498,incoming,1
10033,4532,outandin,1
10033,4537,,2
10033,4554,outandin,1
10033,4568,,2
10033,4574,,16
10033,4586,,3
10033,4589,incoming,18
10033,4597,,6
10033,4607,,7
10033,4608,outandin,9
10033,4609,,5
10033,4628,,12
10033,4636,outandin,2
10033,4640,,11
10033,4641,,7
10033,4644,,53
10033,4648,,8
10033,4650,,3
10033,4671,outandin,2
10033,4694,,2
10033,4695,,8
10033,4712,outandin,2
10033,4717,outandin,2
10033,4718,,10
10033,4733,outandin,1
10033,4739,incoming,3
10033,4749,outgoing,5
10033,4750,outgoing,3
10033,4757,,30
10033,4758,,5
10033,4759,,4
10033,4773,outgoing,7
10033,4783,,8
10033,4789,,2
10033,4794,,2
10033,4814,outgoing,7
10033,4820,outgoing,2
10033,4832,,3
10033,4850,,4
10033,4857,,1
10033,4861,incoming,1
10033,4864,outgoing,1
10033,4872,outandin,1
10033,4878,outandin,1
10033,4879,incoming,1
10033,4891,outandin,1
10033,4893,outgoing,6
10033,4906,,6
10033,4913,,4
10033,4915,incoming,8
10033,4924,outgoing,4
10033,4928,,3
10033,4934,,2
10033,4945,outgoing,7
10033,4946,,9
10033,4951,,11
10033,4953,,4
10033,4955,outandin,5
10033,4967,,8
10033,4970,outgoing,9
10033,4981,,13
10033,4990,outandin,2
10033,4994,outgoing,1
10033,5004,,2
10033,5013,,4
10033,5021,,8
10033,5029,,5
10033,5033,incoming,8
10033,5036,,15
10033,5037,outgoing,1
10033,5059,outgoing,2
10033,5071,,4
10033,5076,,9
10033,5090,outgoing,1
10033,5107,,3
10033,5110,outandin,2
10033,5111,incoming,1
10033,5112,outandin,1
10033,5122,outandin,4
10033,5130,,12
10033,5138,,7
10033,5150,outgoing,2
10033,5152,outandin,1
10033,5156,,4
10033,5158,incoming,7
10033,5160,outandin,1
10033,5181,incoming,1
10033,5186,incoming,4
10033,5192,,10
10033,5203,,16
10033,5219,outandin,1
10033,5226,,4
10033,5229,outandin,1
10033,5236,outgoing,4
10033,5268,,7
10033,5287,outgoing,1
10033,5290,,9
10033,5295,,8
10033,5305,,2
10033,5322,outgoing,3
10033,5330,,4
10033,5331,outandin,1
10033,5338,,8
10033,5348,incoming,1
10033,5362,,5
10033,5363,outgoing,3
10033,5414,incoming,1
10033,5415,,15
10033,5416,outandin,1
10033,5426,outgoing,2
10033,5433,,10
10033,5449,incoming,2
10033,5453,,7
10033,5460,,4
10033,5467,,3
10033,5477,outandin,2
10033,5497,outgoing,2
10033,5500,incoming,27
10033,5512,,5
10033,5536,,14
10033,5556,,9
10033,5565,,7
10033,5574,outgoing,1
10033,5591,incoming,2
10033,5597,incoming,27
10033,5601,outandin,2
10033,5627,,5
10033,5659,outgoing,1
10033,5691,outandin,2
10033,5709,outandin,2
10033,5714,,2
10033,5720,outgoing,7
10033,5723,outandin,1
10033,5737,outandin,1
10033,5738,outandin,1
10033,5747,outandin,1
10033,5749,,2
10033,5751,,20
10033,5754,incoming,1
10033,5758,,6
10033,5769,outandin,1
10033,5790,incoming,1
10033,5793,,24
10033,5796,outgoing,1
10033,5802,,6
10033,5809,outandin,3
10033,5826,,1
10033,5831,,22
10033,5849,incoming,5
10033,5854,,8
10033,5875,outgoing,7
10033,5891,outgoing,1
10033,5896,outandin,1
10033,5913,outandin,1
10033,5916,,14
10033,5918,outandin,1
10033,5919,outandin,1
10033,5940,,13
10033,5950,outgoing,4
10033,5957,,3
10033,5976,outgoing,6
10033,5980,outandin,2
10033,6003,outandin,1
10033,6004,,18
10033,6007,outandin,2
10033,6018,outandin,1
10033,6019,outandin,1
10033,6023,,6
10033,6030,outgoing,2
10033,6033,outgoing,1
10033,6052,outandin,4
10033,6057,,3
10033,6058,outandin,1
10033,6067,outgoing,27
10033,6077,outgoing,1
10033,6092,outandin,1
10033,6094,,2
10033,6096,,2
10033,6098,outgoing,3
10033,6101,outgoing,2
10033,6106,,7
10033,6112,,4
10033,6119,,4
10033,6127,,17
10033,6128,outgoing,3
10033,6129,,11
10033,6141,outandin,4
10033,6147,incoming,1
10033,6161,,1
10033,6164,outgoing,2
10033,6168,outgoing,3
10033,6179,,13
10033,6185,,24
10033,6189,outgoing,4
10033,6217,outgoing,2
10033,6223,outandin,1
10033,6233,outandin,4
10033,6241,outgoing,1
10033,6271,outandin,3
10033,6286,,1
10033,6290,outandin,5
10033,6295,,4
10033,6296,incoming,1
10033,6298,,3
10033,6321,,46
10033,6324,outgoing,8
10033,6339,,7
10033,6346,outandin,2
10033,6354,incoming,2
10033,6355,outgoing,1
10033,6360,incoming,3
10033,6361,,5
10033,6370,,1
10033,6382,,6
10033,6389,,3
10033,6390,outandin,1
10033,6394,,10
10033,6395,,1
10033,6406,,55
10033,6417,,1
10033,6422,outandin,1
10033,6427,outgoing,3
10033,6429,outandin,2
10033,6438,,10
10033,6447,outandin,4
10033,6448,,4
10033,6454,,2
10033,6461,outandin,1
10033,6463,outgoing,1
10033,6468,,7
10033,6477,,3
10033,6509,outandin,1
10033,6513,,7
10033,6515,incoming,2
10033,6543,,6
10033,6547,,9
10033,6550,,5
10033,6554,,2
10033,6562,,9
10033,6565,,3
10033,6568,,35
10033,6572,outgoing,5
10033,6574,,16
10033,6576,outandin,1
10033,6585,outgoing,1
10033,6594,,3
10033,6595,,8
10033,6598,,4
10033,6611,,8
10033,6612,,1
10033,6615,outandin,1
10033,6626,,6
10033,6627,outandin,2
10033,6629,,7
10033,6654,incoming,1
10033,6655,,12
10033,6656,,2
10033,6658,,5
10033,6687,,3
10033,6689,outgoing,13
10033,6701,,3
10033,6728,outandin,3
10033,6737,,1
10033,6742,incoming,2
10033,6746,outandin,2
10033,6748,incoming,15
10033,6751,outgoing,32
10033,6761,incoming,1
10033,6763,incoming,3
10033,6767,outgoing,7
10033,6771,,20
10033,6783,outandin,1
10033,6790,outgoing,14
10033,6802,outandin,1
10033,6803,incoming,3
10033,6810,,3
10033,6817,outgoing,3
10033,6846,,1
10033,6847,,39
10033,6855,outandin,1
10033,6865,outgoing,2
10033,6869,,3
10033,6872,,6
10033,6877,,8
10033,6878,,13
10033,6902,,9
10033,6968,,5
10033,6977,,4
10033,6980,,11
10033,6994,,5
10033,7007,outandin,5
10033,7013,outandin,1
10033,7044,,3
10033,7050,,2
10033,7059,,3
10033,7061,,5
10033,7094,,14
10033,7105,outandin,2
10033,7109,outandin,2
10033,7110,,5
10033,7113,,4
10033,7116,,16
10033,7119,incoming,3
10033,7128,,5
10033,7136,,6
10033,7137,incoming,2
10033,7154,,1
10033,7163,outandin,1
10033,7167,outgoing,3
10033,7168,,1
10033,7187,outandin,1
10033,7190,outandin,2
10033,7199,incoming,2
10033,7226,outgoing,1
10033,7228,,37
10033,7244,,1
10033,7256,,2
10033,7258,outandin,1
10033,7260,incoming,4
10033,7273,outandin,3
10033,7280,,2
10033,7283,,4
10033,7309,,8
10033,7316,outgoing,1
10033,7327,incoming,1
10033,7337,,5
10033,7349,outandin,20
10033,7352,incoming,7
10033,7355,,21
10033,7367,incoming,3
10033,7383,,6
10033,7406,outandin,2
10033,7415,outgoing,23
10033,7422,incoming,10
10033,7426,,14
10033,7427,,72
10033,7451,,2
10033,7453,outgoing,4
10033,7454,incoming,1
10033,7455,,6
10033,7460,outgoing,4
10033,7464,incoming,2
10033,7482,outgoing,1
10033,7486,,6
10033,7492,,18
10033,7498,,1
10033,7503,,2
10033,7505,,1
10033,7506,,2
10033,7511,,1
10033,7512,outgoing,2
10033,7514,outandin,6
10033,7519,outgoing,2
10033,7525,,13
10033,7529,,2
10033,7537,,3
10033,7547,incoming,4
10033,7561,outgoing,12
10033,7573,outgoing,3
10033,7607,,2
10033,7630,,5
10033,7641,,3
10033,7675,,3
10033,7688,outandin,1
10033,7694,outgoing,1
10033,7712,,3
10033,7731,,3
10033,7742,outandin,1
10033,7763,outgoing,7
10033,7774,outandin,1
10033,7795,outgoing,2
10033,7797,outandin,6
10033,7800,outgoing,1
10033,7804,,1
10033,7812,outandin,1
10033,7822,,11
10033,7832,,1
10033,7835,incoming,5
10033,7844,,9
10033,7850,outgoing,3
10033,7862,outgoing,2
10033,7863,,1
10033,7869,,17
10033,7878,incoming,6
10033,7885,,6
10033,7889,,3
10033,7896,,26
10033,7901,,4
10033,7905,,16
10033,7910,outgoing,2
10033,7914,,6
10033,7919,,2
10033,7922,outandin,5
10033,7923,,4
10033,7928,,4
10033,7932,,5
10033,7942,incoming,3
10033,7956,outgoing,1
10033,7974,,4
10033,7976,,20
10033,7986,,12
10033,8001,,4
10033,8002,,1
10033,8009,,15
10033,8010,,2
10033,8018,incoming,4
10033,8019,,4
10033,8024,,2
10033,8026,,30
10033,8034,outandin,3
10033,8037,incoming,2
10033,8041,,2
10033,8042,,8
10033,8046,,1
10033,8075,outgoing,6
10033,8077,,10
10033,8078,,13
10033,8114,,1
10033,8135,,2
10033,8151,,19
10033,8162,outgoing,1
10033,8163,incoming,6
10033,8176,outandin,2
10033,8178,,5
10033,8193,outgoing,11
10033,8215,,7
10033,8225,incoming,3
10033,8226,,7
10033,8229,outgoing,4
10033,8232,,5
10033,8233,outgoing,3
10033,8256,incoming,1
10033,8259,,3
10033,8260,outandin,4
10033,8261,outandin,1
10033,8265,,5
10033,8272,,1
10033,8273,outgoing,8
10033,8281,,7
10033,8294,outandin,6
10033,8305,outgoing,1
10033,8306,outandin,1
10033,8308,,5
10033,8312,,5
10033,8318,incoming,6
10033,8330,,40
10033,8338,outgoing,2
10033,8340,,2
10033,8343,,6
10033,8350,outandin,1
10033,8359,outandin,2
10033,8360,,9
10033,8361,,12
10033,8369,outgoing,2
10033,8371,outgoing,1
10033,8388,incoming,1
10033,8396,,14
10033,8398,,3
10033,8402,outgoing,2
10033,8404,,3
10033,8408,,6
10033,8420,,3
10033,8423,outgoing,1
10033,8425,outgoing,4
10033,8428,,8
10033,8429,outandin,1
10033,8430,,5
10033,8450,outgoing,2
10033,8469,,11
10033,8477,,5
10033,8479,outandin,6
10033,8483,incoming,21
10033,8487,outandin,2
10033,8501,,16
10033,8508,,2
10033,8512,,1
10033,8520,outgoing,13
10033,8521,incoming,14
10033,8529,,4
10033,8535,,4
10033,8540,,5
10033,8541,,3
10033,8566,outgoing,1
10033,8575,,1
10033,8612,outandin,1
10033,8620,,1
10033,8623,incoming,1
10033,8633,,2
10033,8635,incoming,2
10033,8656,outgoing,5
10033,8663,outandin,1
10033,8667,incoming,2
10033,8675,outandin,1
10033,8680,incoming,13
10033,8694,outgoing,1
10033,8697,outgoing,1
10033,8702,outandin,7
10033,8703,,44
10033,8708,outandin,1
10033,8712,outgoing,2
10033,8719,outgoing,1
10033,8732,outandin,1
10033,8733,,1
10033,8740,,35
10033,8741,,14
10033,8769,,20
10033,8775,outgoing,11
10033,8781,,1
10033,8788,outgoing,1
10033,8808,outgoing,1
10033,8818,outandin,1
10033,8825,incoming,15
10033,8826,,8
10033,8828,outgoing,1
10033,8841,,10
10033,8849,outgoing,4
10033,8861,,1
10033,8862,outandin,1
10033,8868,incoming,3
10033,8876,outandin,7
10033,8887,,4
10033,8888,,4
10033,8889,,8
10033,8890,,15
10033,8892,,1
10033,8895,,1
10033,8904,,1
10033,8910,,92
10033,8912,outgoing,14
10033,8923,,7
10033,8926,,3
10033,8948,,26
10033,8949,,22
10033,8953,outgoing,1
10033,8958,,2
10033,8975,,8
10033,8991,,14
10033,8996,,11
10033,9002,incoming,7
10033,9011,outgoing,16
10033,9019,incoming,3
10033,9024,incoming,4
10033,9026,,5
10033,9042,,139
10033,9047,outgoing,16
10033,9066,outandin,3
10033,9076,,14
10033,9081,incoming,1
10033,9095,outandin,1
10033,9105,incoming,5
10033,9114,,5
10033,9118,,6
10033,9129,outgoing,8
10033,9130,,7
10033,9147,outgoing,1
10033,9148,,3
10033,9157,incoming,2
10033,9169,outgoing,4
10033,9173,outgoing,4
10033,9183,incoming,22
10033,9193,outgoing,1
10033,9210,outgoing,4
10033,9213,,2
10033,9215,,8
10033,9217,,14
10033,9242,outandin,1
10033,9244,incoming,10
10033,9256,outandin,3
10033,9258,,5
10033,9260,outgoing,16
10033,9262,outgoing,1
10033,9267,,19
10033,9278,outgoing,1
10033,9279,outgoing,1
10033,9284,incoming,40
10033,9286,incoming,20
10033,9302,outgoing,6
10033,9304,incoming,3
10033,9305,incoming,3
10033,9334,outgoing,4
10033,9335,,5
10033,9339,outandin,3
10033,9346,outgoing,6
10033,9351,,4
10033,9355,incoming,16
10033,9357,,28
10033,9363,,11
10033,9365,,212
10033,9373,,1
10033,9374,,6
10033,9385,outgoing,2
10033,9411,,39
10033,9424,outgoing,1
10033,9429,outgoing,22
10033,9435,outandin,7
10033,9446,,5
10033,9449,outandin,1
10033,9452,outgoing,1
10033,9453,outandin,5
10033,9455,outgoing,13
10033,9459,,19
10033,9463,outgoing,9
10033,9475,,15
10033,9476,outgoing,2
10033,9490,outgoing,4
10033,9491,outgoing,6
10033,9496,,20
10033,9501,,6
10033,9508,,4
10033,9516,incoming,4
10033,9519,outandin,2
10033,9525,outgoing,2
10033,9532,,24
10033,9535,,15
10033,9540,,14
10033,9553,outandin,24
10033,9555,outgoing,7
10033,9559,,14
10033,9566,,1
10033,9569,outandin,20
10033,9572,outgoing,24
10033,9582,outandin,1
10033,9584,outandin,1
10033,9588,outandin,1
10033,9590,incoming,1
10033,9592,,13
10033,9603,outandin,2
10033,9610,outgoing,2
10033,9612,outandin,3
10033,9620,outgoing,8
10033,9621,,6
10033,9624,incoming,3
10033,9629,,7
10033,9638,outgoing,2
10033,9640,outandin,4
10033,9643,outandin,5
10033,9646,,3
10033,9649,outgoing,22
10033,9651,outgoing,10
10033,9653,outgoing,1
10033,9662,outgoing,8
10033,9663,,7
10033,9664,,22
10033,9673,incoming,17
10033,9676,,40
10033,9681,,24
10033,9692,outgoing,12
10033,9698,,37
10033,9720,outgoing,15
10033,9737,,14
10033,9742,incoming,5
10033,9750,outgoing,5
10033,9759,outandin,15
10033,9761,incoming,37
10033,9763,outandin,15
10033,9765,outandin,9
10033,9766,outandin,12
10033,9769,outandin,1
10033,9774,incoming,29
10033,9777,outandin,44
10033,9784,incoming,30
10033,9788,outandin,4
10033,9793,incoming,8
10033,9797,incoming,13
10033,9798,incoming,10
10033,9800,incoming,74
10033,9803,incoming,28
10033,9807,incoming,7
10033,9822,incoming,25
10033,9824,outandin,59
10033,9825,outandin,14
10033,9826,incoming,5
10033,9828,incoming,19
10033,9829,incoming,16
10033,9837,outandin,9
10033,9843,outandin,3
10033,9848,incoming,9
10033,9852,outandin,12
10033,9855,outandin,1
10033,9856,incoming,16
10033,9859,outandin,37
10033,9863,incoming,6
10033,9865,incoming,10
10033,9874,incoming,7
10033,9875,incoming,5
10033,9877,incoming,13
10033,9878,incoming,2
10033,9883,incoming,23
10033,9884,incoming,7
10033,9891,incoming,1
10033,9894,incoming,22
10033,9902,incoming,2
10033,9903,incoming,36
10033,9904,incoming,2
10033,9908,incoming,20
10033,9919,incoming,8
10033,9920,incoming,2
10033,9926,incoming,2
10033,9928,incoming,2
10033,9929,incoming,5
10033,9939,outandin,2
10033,9945,incoming,1
10007,8,,9
10007,14,,134
10007,21,outgoing,6
10007,45,,17
10007,62,,5
10007,74,outgoing,3
10007,75,,30
10007,85,outgoing,3
10007,89,incoming,1
10007,97,,8
10007,109,,36
10007,142,,4
10007,173,,69
10007,189,,9
10007,206,,6
10007,241,,194
10007,242,,9
10007,252,,6
10007,267,,8
10007,271,,50
10007,287,,20
10007,296,outandin,1
10007,315,,29
10007,318,,28
10007,332,,77
10007,345,outgoing,3
10007,352,,26
10007,356,,124
10007,371,,18
10007,372,,5
10007,382,,14
10007,389,,6
10007,397,,6
10007,406,outgoing,8
10007,414,,1
10007,416,,18
10007,429,outandin,1
10007,432,,124
10007,437,,45
10007,438,,5
10007,478,,90
10007,492,,7
10007,503,outandin,2
10007,532,,3
10007,542,,6
10007,562,,6
10007,573,,2
10007,582,,5
10007,583,,44
10007,588,,1
10007,593,,11
10007,596,,6
10007,601,outandin,1
10007,609,,2
10007,620,,8
10007,621,,13
10007,631,,114
10007,633,,82
10007,645,outandin,1
10007,648,,40
10007,649,,12
10007,661,outgoing,1
10007,673,outgoing,20
10007,678,,20
10007,700,,5
10007,704,,9
10007,706,,14
10007,709,,6
10007,717,,5
10007,731,incoming,23
10007,736,,44
10007,742,,11
10007,746,,8
10007,774,outgoing,2
10007,776,,8
10007,789,,16
10007,790,outgoing,2
10007,797,,90
10007,801,,5
10007,835,outgoing,3
10007,837,,45
10007,861,outandin,1
10007,863,,31
10007,870,,8
10007,888,,11
10007,893,,15
10007,903,incoming,6
10007,904,,9
10007,913,,30
10007,917,,5
10007,933,,2
10007,946,,9
10007,957,,42
10007,966,,5
10007,969,,6
10007,973,,3
10007,977,outandin,1
10007,990,,9
10007,1011,,11
10007,1023,,6
10007,1025,outgoing,4
10007,1028,,51
10007,1032,,21
10007,1067,,7
10007,1078,,18
10007,1084,,17
10007,1108,,15
10007,1126,,22
10007,1127,,6
10007,1133,,19
10007,1134,,11
10007,1136,,8
10007,1141,,6
10007,1143,,9
10007,1170,,114
10007,1175,,14
10007,1176,,10
10007,1182,,3
10007,1184,,4
10007,1188,outandin,6
10007,1197,incoming,4
10007,1204,,130
10007,1205,,18
10007,1206,,2
10007,1215,,18
10007,1220,outandin,1
10007,1227,,16
10007,1241,,49
10007,1259,,10
10007,1263,outandin,3
10007,1286,,4
10007,1320,,7
10007,1333,,3
10007,1347,,1
10007,1368,,8
10007,1386,,17
10007,1389,,8
10007,1416,,5
10007,1417,,18
10007,1441,,4
10007,1446,,250
10007,1447,,25
10007,1449,,12
10007,1490,,14
10007,1494,,11
10007,1515,,6
10007,1526,,5
10007,1528,,32
10007,1529,,2
10007,1549,,4
10007,1552,incoming,12
10007,1568,incoming,3
10007,1577,,5
10007,1584,,1
10007,1602,,17
10007,1618,,31
10007,1629,,72
10007,1631,,9
10007,1650,,80
10007,1671,,11
10007,1675,,10
10007,1676,,21
10007,1678,,32
10007,1680,,18
10007,1681,,43
10007,1688,,2
10007,1701,,1
10007,1713,,5
10007,1714,,9
10007,1813,,7
10007,1853,,11
10007,1867,,13
10007,1885,,6
10007,1907,outandin,1
10007,1913,,9
10007,1929,outgoing,1
10007,1941,outgoing,1
10007,1942,,7
10007,1959,,6
10007,2033,,6
10007,2036,,7
10007,2043,,13
10007,2082,,5
10007,2089,outgoing,11
10007,2115,,23
10007,2199,,2
10007,2208,outandin,1
10007,2209,,7
10007,2212,outandin,1
10007,2234,,17
10007,2300,,17
10007,2304,,5
10007,2328,outgoing,1
10007,2446,,51
10007,2448,outandin,1
10007,2499,,32
10007,2537,,7
10007,2545,,11
10007,2562,,26
10007,2590,incoming,8
10007,2641,,10
10007,2643,,18
10007,2645,,15
10007,2708,,13
10007,2771,,38
10007,2775,,71
10007,2791,incoming,1
10007,2822,,22
10007,2843,incoming,1
10007,2851,,10
10007,2859,,6
10007,2885,outandin,1
10007,2891,,4
10007,2898,,19
10007,2968,,8
10007,2971,,25
10007,2990,,2
10007,3005,,4
10007,3035,,51
10007,3045,,18
10007,3048,,47
10007,3051,,17
10007,3065,outandin,3
10007,3095,,5
10007,3120,,17
10007,3160,,10
10007,3175,,99
10007,3181,,2
10007,3182,,67
10007,3206,,17
10007,3208,,15
10007,3209,,3
10007,3266,,60
10007,3296,,22
10007,3308,,36
10007,3333,,20
10007,3338,,9
10007,3339,,15
10007,3344,,12
10007,3347,,12
10007,3360,,3
10007,3363,outgoing,79
10007,3385,,9
10007,3393,,2
10007,3430,,25
10007,3433,outgoing,2
10007,3455,,6
10007,3459,,16
10007,3461,,14
10007,3470,,2
10007,3474,,6
10007,3486,,32
10007,3489,,19
10007,3494,,13
10007,3495,outandin,1
10007,3504,outgoing,1
10007,3508,,17
10007,3564,,10
10007,3565,,11
10007,3580,,7
10007,3581,,11
10007,3600,,38
10007,3639,,38
10007,3642,,4
10007,3657,,16
10007,3658,,56
10007,3664,,7
10007,3674,,8
10007,3697,,4
10007,3709,,28
10007,3718,,4
10007,3777,,5
10007,3797,incoming,8
10007,3803,,17
10007,3804,outgoing,2
10007,3815,,38
10007,3817,,22
10007,3818,,10
10007,3827,,6
10007,3829,,16
10007,3838,,11
10007,3840,,3
10007,3852,outandin,2
10007,3869,,9
10007,3908,,15
10007,3918,,4
10007,3922,,1
10007,3923,,8
10007,3948,,11
10007,3963,incoming,1
10007,3973,,6
10007,3976,,10
10007,4006,,28
10007,4010,,10
10007,4024,,15
10007,4042,,5
10007,4050,,14
10007,4064,,36
10007,4069,,11
10007,4100,,16
10007,4113,,6
10007,4125,,4
10007,4129,outgoing,4
10007,4140,,2
10007,4157,,24
10007,4169,outgoing,1
10007,4170,,3
10007,4189,,2
10007,4204,outgoing,5
10007,4208,,13
10007,4245,,1
10007,4247,,53
10007,4254,,3
10007,4261,outgoing,21
10007,4276,,7
10007,4284,,4
10007,4295,,4
10007,4310,,33
10007,4315,,9
10007,4337,,15
10007,4340,,9
10007,4342,,9
10007,4346,,12
10007,4348,,8
10007,4352,,9
10007,4355,,8
10007,4356,,11
10007,4359,,3
10007,4381,,10
10007,4382,,5
10007,4407,,9
10007,4416,,3
10007,4425,,7
10007,4436,,5
10007,4447,,26
10007,4471,outandin,3
10007,4477,,6
10007,4486,,4
10007,4510,,36
10007,4519,,7
10007,4521,,3
10007,4523,,13
10007,4526,,11
10007,4557,,64
10007,4575,,5
10007,4604,outgoing,2
10007,4614,incoming,5
10007,4616,,2
10007,4626,,2
10007,4631,,11
10007,4639,,6
10007,4645,,13
10007,4658,,3
10007,4668,,26
10007,4673,,7
10007,4680,,11
10007,4681,,27
10007,4707,,8
10007,4715,,2
10007,4721,,17
10007,4727,,6
10007,4752,outandin,2
10007,4788,,10
10007,4792,outgoing,26
10007,4796,,9
10007,4811,,9
10007,4828,,9
10007,4829,,46
10007,4834,,11
10007,4863,,23
10007,4866,,5
10007,4905,,32
10007,4911,,10
10007,4932,,4
10007,4969,,3
10007,4971,,64
10007,4974,,8
10007,4977,,11
10007,4983,,10
10007,4986,,16
10007,5009,,2
10007,5018,,18
10007,5022,outandin,2
10007,5031,incoming,3
10007,5046,,11
10007,5066,,3
10007,5069,,9
10007,5083,,36
10007,5096,,4
10007,5108,incoming,2
10007,5113,outandin,2
10007,5125,,8
10007,5131,,16
10007,5141,,5
10007,5152,,12
10007,5167,,11
10007,5175,,10
10007,5176,,5
10007,5198,,21
10007,5211,,14
10007,5228,,8
10007,5252,,17
10007,5284,,19
10007,5291,,4
10007,5294,,4
10007,5296,,27
10007,5301,incoming,8
10007,5307,,6
10007,5335,,23
10007,5347,,19
10007,5394,,5
10007,5417,,48
10007,5458,,23
10007,5461,,7
10007,5477,outgoing,1
10007,5508,,15
10007,5518,,38
10007,5525,outgoing,6
10007,5526,,7
10007,5529,,10
10007,5564,,10
10007,5576,,10
10007,5586,,1
10007,5600,,5
10007,5601,,9
10007,5605,,9
10007,5606,,10
10007,5609,,13
10007,5615,,20
10007,5617,,4
10007,5620,,15
10007,5634,,43
10007,5641,outgoing,15
10007,5645,,3
10007,5659,,1
10007,5669,,18
10007,5684,,10
10007,5689,,15
10007,5703,,7
10007,5717,outgoing,6
10007,5719,,33
10007,5725,incoming,1
10007,5730,,5
10007,5732,,4
10007,5747,,2
10007,5764,,6
10007,5777,,88
10007,5789,,14
10007,5792,incoming,1
10007,5799,,3
10007,5837,,13
10007,5845,incoming,1
10007,5878,,7
10007,5881,incoming,2
10007,5882,,18
10007,5895,,6
10007,5903,,29
10007,5915,,18
10007,5925,,6
10007,5932,outgoing,1
10007,5933,,4
10007,5945,,8
10007,5952,,6
10007,5958,,4
10007,5964,,5
10007,5966,,15
10007,5971,,4
10007,5973,,8
10007,5978,,8
10007,5981,,30
10007,6006,,30
10007,6017,,8
10007,6038,,9
10007,6039,,4
10007,6051,,13
10007,6070,,20
10007,6071,,4
10007,6088,,8
10007,6092,,14
10007,6113,incoming,3
10007,6116,,10
10007,6122,,6
10007,6137,,1
10007,6138,,7
10007,6140,,17
10007,6150,outandin,1
10007,6163,,15
10007,6190,,3
10007,6194,,7
10007,6199,incoming,5
10007,6202,,5
10007,6206,,5
10007,6232,,27
10007,6247,outandin,1
10007,6251,outandin,1
10007,6264,outandin,1
10007,6265,,26
10007,6269,,12
10007,6270,,4
10007,6271,outgoing,1
10007,6272,,8
10007,6279,,6
10007,6304,,5
10007,6312,incoming,4
10007,6336,outgoing,1
10007,6337,,8
10007,6340,,55
10007,6341,,4
10007,6342,incoming,10
10007,6349,,11
10007,6357,,7
10007,6359,,1
10007,6371,,3
10007,6374,outandin,2
10007,6375,,7
10007,6383,,3
10007,6384,,8
10007,6399,,3
10007,6401,,18
10007,6413,,22
10007,6423,incoming,8
10007,6450,,7
10007,6453,,1
10007,6469,,11
10007,6470,,2
10007,6471,,14
10007,6478,outandin,1
10007,6492,,2
10007,6495,,2
10007,6516,incoming,15
10007,6519,,5
10007,6531,incoming,5
10007,6537,incoming,10
10007,6546,,7
10007,6580,,5
10007,6596,outandin,3
10007,6608,outgoing,1
10007,6609,,8
10007,6610,,27
10007,6633,,43
10007,6637,,2
10007,6645,,14
10007,6659,,2
10007,6661,outgoing,5
10007,6666,,5
10007,6676,,10
10007,6683,,8
10007,6686,,10
10007,6696,,9
10007,6698,,5
10007,6699,,13
10007,6711,incoming,1
10007,6724,,12
10007,6729,outandin,1
10007,6731,,12
10007,6753,,6
10007,6759,,4
10007,6774,,10
10007,6775,,20
10007,6778,,7
10007,6779,,3
10007,6797,incoming,5
10007,6806,,4
10007,6848,,7
10007,6859,,10
10007,6889,,13
10007,6905,,10
10007,6938,,12
10007,6984,outandin,1
10007,7039,,4
10007,7064,,5
10007,7073,,12
10007,7080,,13
10007,7103,,27
10007,7141,,8
10007,7143,,7
10007,7150,,8
10007,7154,outgoing,5
10007,7164,,23
10007,7178,,2
10007,7190,,4
10007,7201,,6
10007,7227,,9
10007,7229,,12
10007,7276,outgoing,9
10007,7286,,14
10007,7298,,23
10007,7307,,19
10007,7314,,31
10007,7391,,4
10007,7397,,39
10007,7398,,13
10007,7402,,9
10007,7432,,8
10007,7439,,11
10007,7454,,13
10007,7513,,59
10007,7533,,7
10007,7550,,4
10007,7555,,6
10007,7574,outgoing,2
10007,7576,,11
10007,7606,,1
10007,7636,,11
10007,7679,,12
10007,7688,,9
10007,7755,,4
10007,7796,,86
10007,7802,,2
10007,7815,,9
10007,7820,,8
10007,7852,,36
10007,7864,,19
10007,7871,outgoing,1
10007,7881,,9
10007,7888,,19
10007,7891,,2
10007,7892,,7
10007,7893,,7
10007,7898,,1
10007,7900,,11
10007,7919,,14
10007,7935,,14
10007,7936,,16
10007,7944,,2
10007,7951,outandin,1
10007,7961,,7
10007,7972,,32
10007,7978,,4
10007,7990,,13
10007,7997,,17
10007,7999,,8
10007,8014,,6
10007,8030,,10
10007,8032,,13
10007,8093,,20
10007,8121,outgoing,3
10007,8161,,2
10007,8162,outgoing,2
10007,8170,,6
10007,8175,,14
10007,8181,,26
10007,8188,,81
10007,8201,,1
10007,8227,incoming,7
10007,8230,,13
10007,8246,outandin,1
10007,8253,,11
10007,8256,,4
10007,8257,,3
10007,8267,,17
10007,8286,,11
10007,8301,,2
10007,8311,,5
10007,8316,,19
10007,8329,,2
10007,8337,outgoing,4
10007,8353,outandin,1
10007,8382,,9
10007,8401,,1
10007,8421,,8
10007,8438,,2
10007,8470,,8
10007,8498,outgoing,1
10007,8500,outandin,1
10007,8508,,4
10007,8509,incoming,4
10007,8515,,15
10007,8525,,8
10007,8543,,9
10007,8551,,10
10007,8552,,6
10007,8568,incoming,4
10007,8571,,17
10007,8609,,24
10007,8645,,6
10007,8728,,3
10007,8737,,10
10007,8817,incoming,3
10007,8819,,1
10007,8825,incoming,5
10007,8862,,7
10007,8938,,5
10007,8943,,41
10007,8944,,46
10007,8950,,6
10007,8959,,25
10007,8981,,42
10007,8989,incoming,1
10007,9011,,10
10007,9012,,21
10007,9034,,43
10007,9063,,1
10007,9123,outgoing,5
10007,9125,outgoing,30
10007,9211,,6
10007,9220,outgoing,3
10007,9231,,12
10007,9240,,22
10007,9242,outgoing,1
10007,9245,,47
10007,9265,,7
10007,9275,outandin,1
10007,9279,outgoing,47
10007,9305,,42
10007,9310,,19
10007,9329,incoming,8
10007,9332,,17
10007,9336,,43
10007,9364,outgoing,5
10007,9366,incoming,2
10007,9409,,145
10007,9423,,2
10007,9445,,16
10007,9478,,2
10007,9479,,8
10007,9492,outgoing,12
10007,9495,,3
10007,9500,,20
10007,9502,,14
10007,9511,,27
10007,9516,incoming,8
10007,9527,,24
10007,9547,,1
10007,9576,outandin,3
10007,9588,,15
10007,9611,,16
10007,9617,outandin,1
10007,9625,incoming,49
10007,9640,outandin,1
10007,9641,outgoing,2
10007,9694,,4
10007,9738,incoming,14
10007,9752,,17
10007,9772,incoming,25
10007,9775,incoming,33
10007,9797,incoming,3
10007,9804,incoming,16
10007,9815,incoming,9
10007,9836,incoming,1
10007,9845,incoming,1
10007,9850,incoming,4
10007,9915,outandin,1
10007,9920,outandin,1
10007,9924,incoming,3
10007,9927,outandin,1
10032,66,,6
10032,75,,62
10032,100,,8
10032,140,,49
10032,158,,3
10032,177,outandin,1
10032,182,,9
10032,184,incoming,8
10032,193,outandin,1
10032,195,,70
10032,197,outandin,1
10032,223,incoming,3
10032,242,incoming,1
10032,264,,1
10032,265,outandin,1
10032,270,,11
10032,274,outgoing,1
10032,297,,37
10032,335,,2
10032,338,outgoing,4
10032,388,outandin,1
10032,410,,12
10032,428,outgoing,4
10032,471,,35
10032,492,outgoing,1
10032,530,,514
10032,537,,61
10032,555,,306
10032,568,outandin,1
10032,573,outgoing,2
10032,581,,4
10032,587,outandin,1
10032,594,,18
10032,606,,1
10032,618,,6
10032,645,,1
10032,659,,3
10032,660,,13
10032,705,outandin,3
10032,765,,3
10032,778,outandin,3
10032,779,outandin,1
10032,787,,28
10032,864,,17
10032,887,outandin,1
10032,888,outandin,1
10032,914,outgoing,10
10032,922,,2
10032,932,,113
10032,947,outgoing,4
10032,950,,17
10032,955,,7
10032,986,,35
10032,999,,64
10032,1001,incoming,1
10032,1085,,12
10032,1090,,15
10032,1100,,3
10032,1137,,15
10032,1170,,1
10032,1174,,17
10032,1188,outandin,4
10032,1193,,11
10032,1204,incoming,1
10032,1221,,51
10032,1238,,5
10032,1272,,4
10032,1290,outgoing,1
10032,1303,,25
10032,1354,,3
10032,1355,outandin,1
10032,1381,,1
10032,1408,,49
10032,1430,,6
10032,1435,outandin,1
10032,1483,,6
10032,1491,outandin,3
10032,1522,,12
10032,1539,incoming,4
10032,1540,,3
10032,1588,outandin,1
10032,1616,,4
10032,1663,,10
10032,1684,,3
10032,1698,outgoing,2
10032,1711,,71
10032,1714,outandin,1
10032,1717,,9
10032,1722,,250
10032,1736,outandin,2
10032,1763,outandin,1
10032,1890,,2
10032,1892,,1
10032,1909,outandin,1
10032,1916,,5
10032,1926,,3
10032,1935,incoming,2
10032,1960,,38
10032,1965,,29
10032,2005,,3
10032,2008,incoming,5
10032,2041,,18
10032,2064,,6
10032,2065,outandin,3
10032,2128,,48
10032,2132,,7
10032,2149,,7
10032,2159,,7
10032,2166,,1
10032,2175,,164
10032,2214,,6
10032,2285,,7
10032,2302,,7
10032,2314,,5
10032,2365,incoming,2
10032,2398,outandin,1
10032,2446,,5
10032,2517,,12
10032,2520,,5
10032,2530,outgoing,1
10032,2537,,9
10032,2620,incoming,2
10032,2634,,42
10032,2653,,49
10032,2663,,1
10032,2674,outandin,1
10032,2707,,25
10032,2734,,1
10032,2744,incoming,4
10032,2782,outgoing,5
10032,2785,,4
10032,2807,,7
10032,2811,,4
10032,2817,outgoing,2
10032,2865,,5
10032,2888,outandin,1
10032,2916,,8
10032,2922,outandin,1
10032,2923,outandin,2
10032,2926,,9
10032,2945,outgoing,8
10032,2958,,15
10032,2964,outandin,1
10032,3011,outgoing,3
10032,3025,,40
10032,3089,outgoing,1
10032,3090,outandin,1
10032,3134,,1
10032,3169,,3
10032,3174,outandin,1
10032,3198,,13
10032,3232,outandin,1
10032,3235,outgoing,10
10032,3246,,7
10032,3281,,7
10032,3284,,4
10032,3287,outandin,1
10032,3300,,19
10032,3305,,1
10032,3331,,1
10032,3362,outandin,1
10032,3378,,18
10032,3382,outandin,1
10032,3423,outandin,1
10032,3426,,7
10032,3438,,8
10032,3456,outandin,2
10032,3461,incoming,1
10032,3502,outandin,1
10032,3552,outandin,1
10032,3563,incoming,3
10032,3569,,20
10032,3572,,5
10032,3575,incoming,1
10032,3583,outandin,2
10032,3608,,18
10032,3620,,1
10032,3625,,8
10032,3640,,1
10032,3674,outandin,1
10032,3675,,6
10032,3678,incoming,4
10032,3684,,8
10032,3698,,34
10032,3699,outandin,1
10032,3702,outandin,2
10032,3807,,17
10032,3852,outandin,1
10032,3929,,11
10032,3935,outgoing,6
10032,4005,,4
10032,4031,outandin,1
10032,4112,outandin,1
10032,4136,,4
10032,4146,,8
10032,4165,incoming,1
10032,4168,incoming,4
10032,4169,,17
10032,4171,,1
10032,4228,outandin,1
10032,4229,outgoing,3
10032,4235,,5
10032,4426,outandin,1
10032,4442,outgoing,11
10032,4452,outandin,1
10032,4484,,25
10032,4586,incoming,1
10032,4618,,2
10032,4674,,3
10032,4683,incoming,3
10032,4693,incoming,2
10032,4782,,13
10032,4839,,32
10032,4844,,8
10032,4850,,1
10032,4876,outgoing,4
10032,4896,,3
10032,4923,,60
10032,4926,incoming,13
10032,4993,,4
10032,4996,,10
10032,5010,,12
10032,5022,incoming,3
10032,5028,,10
10032,5041,,10
10032,5048,,10
10032,5065,,52
10032,5082,,5
10032,5085,,23
10032,5093,,8
10032,5094,,7
10032,5095,,19
10032,5132,outandin,2
10032,5142,outgoing,4
10032,5150,outandin,1
10032,5183,outandin,1
10032,5189,,22
10032,5190,,13
10032,5194,,6
10032,5215,,4
10032,5223,outgoing,3
10032,5224,,5
10032,5257,,51
10032,5258,,2
10032,5263,outandin,1
10032,5308,,8
10032,5315,,9
10032,5319,incoming,18
10032,5321,outgoing,3
10032,5326,,9
10032,5333,incoming,2
10032,5361,,6
10032,5380,outgoing,7
10032,5391,,12
10032,5407,outandin,1
10032,5410,outgoing,2
10032,5411,,15
10032,5423,outgoing,2
10032,5437,,23
10032,5438,,8
10032,5468,outgoing,9
10032,5482,,1
10032,5511,,7
10032,5516,outgoing,1
10032,5519,outandin,1
10032,5541,,8
10032,5552,,18
10032,5556,outandin,2
10032,5563,,5
10032,5573,incoming,1
10032,5618,,5
10032,5649,,12
10032,5663,,5
10032,5711,outgoing,1
10032,5722,outandin,4
10032,5725,outgoing,1
10032,5726,,20
10032,5747,outandin,1
10032,5784,,1
10032,5796,incoming,1
10032,5801,,8
10032,5802,outandin,2
10032,5823,,1
10032,5830,,2
10032,5864,,7
10032,5880,,5
10032,5890,,23
10032,5909,incoming,1
10032,6002,outgoing,2
10032,6040,,4
10032,6050,,3
10032,6052,incoming,1
10032,6053,,10
10032,6065,,13
10032,6072,,9
10032,6076,outandin,9
10032,6099,,2
10032,6107,incoming,6
10032,6125,,8
10032,6132,outgoing,1
10032,6170,incoming,1
10032,6200,outgoing,4
10032,6207,,8
10032,6212,,9
10032,6278,incoming,1
10032,6297,outandin,5
10032,6298,outandin,1
10032,6304,outandin,1
10032,6312,,3
10032,6328,,1
10032,6347,outgoing,1
10032,6369,incoming,1
10032,6414,,7
10032,6429,incoming,1
10032,6430,,9
10032,6432,,6
10032,6459,,1
10032,6509,,8
10032,6510,outandin,1
10032,6527,incoming,1
10032,6536,outandin,1
10032,6545,,11
10032,6585,outgoing,1
10032,6589,outandin,3
10032,6596,incoming,3
10032,6702,incoming,3
10032,6738,,1
10032,6766,,4
10032,6779,outgoing,5
10032,6804,,4
10032,6819,outgoing,1
10032,6827,,14
10032,6830,incoming,13
10032,6843,outgoing,2
10032,6845,outgoing,2
10032,6875,,16
10032,6885,,7
10032,6895,,6
10032,6907,,8
10032,6909,incoming,28
10032,6911,incoming,2
10032,6914,,20
10032,6915,,228
10032,6921,,7
10032,6946,,74
10032,6948,,12
10032,6955,outgoing,1
10032,6986,,4
10032,6990,,11
10032,7006,,6
10032,7010,,5
10032,7035,,6
10032,7049,,12
10032,7067,outgoing,1
10032,7072,outgoing,3
10032,7077,,6
10032,7083,outandin,1
10032,7087,,5
10032,7096,outandin,2
10032,7123,,4
10032,7180,,15
10032,7222,,3
10032,7240,,11
10032,7303,,26
10032,7344,,20
10032,7363,,1
10032,7365,,12
10032,7389,outandin,2
10032,7448,incoming,1
10032,7491,outgoing,2
10032,7583,outandin,1
10032,7587,outandin,2
10032,7612,,1
10032,7618,incoming,1
10032,7661,outgoing,1
10032,7663,outandin,1
10032,7674,,5
10032,7681,outandin,1
10032,7691,outandin,1
10032,7719,,8
10032,7734,,5
10032,7742,outandin,2
10032,7769,,6
10032,7772,,4
10032,7773,,8
10032,7774,,6
10032,7782,,22
10032,7803,incoming,2
10032,7836,outgoing,2
10032,7860,,21
10032,7891,incoming,2
10032,7917,outgoing,1
10032,7960,,15
10032,8022,outgoing,1
10032,8049,,5
10032,8059,outgoing,2
10032,8076,,9
10032,8090,,7
10032,8116,,2
10032,8118,outgoing,2
10032,8142,incoming,2
10032,8167,outandin,2
10032,8181,outandin,1
10032,8183,outgoing,2
10032,8188,outandin,2
10032,8189,,1
10032,8198,,7
10032,8200,,6
10032,8206,,4
10032,8219,incoming,1
10032,8228,,8
10032,8231,,2
10032,8244,outandin,3
10032,8260,,31
10032,8264,,1
10032,8337,outandin,1
10032,8346,,15
10032,8350,outandin,3
10032,8403,,1
10032,8440,outandin,1
10032,8467,incoming,5
10032,8524,,9
10032,8528,,1
10032,8539,,2
10032,8588,,27
10032,8592,,2
10032,8599,incoming,7
10032,8623,incoming,4
10032,8652,outgoing,2
10032,8656,outandin,1
10032,8659,,2
10032,8695,outgoing,3
10032,8768,,12
10032,8778,,5
10032,8786,,172
10032,8800,incoming,2
10032,8816,incoming,2
10032,8843,outandin,1
10032,8866,,41
10032,8902,outgoing,6
10032,8903,,9
10032,8917,,39
10032,8918,,9
10032,8919,outandin,8
10032,8942,outgoing,2
10032,8952,outgoing,1
10032,8961,,11
10032,9017,,41
10032,9019,outandin,1
10032,9023,incoming,1
10032,9032,outgoing,1
10032,9036,,8
10032,9039,outandin,2
10032,9064,,5
10032,9071,outandin,1
10032,9072,incoming,45
10032,9073,,103
10032,9133,,6
10032,9140,outandin,3
10032,9151,,189
10032,9160,outandin,1
10032,9169,outgoing,2
10032,9188,,13
10032,9191,outgoing,2
10032,9194,,13
10032,9197,outgoing,3
10032,9202,incoming,12
10032,9205,,37
10032,9231,outgoing,8
10032,9242,outandin,1
10032,9244,incoming,2
10032,9268,outgoing,15
10032,9271,,40
10032,9275,outgoing,1
10032,9279,outandin,1
10032,9281,outgoing,1
10032,9287,,44
10032,9297,incoming,11
10032,9302,outgoing,2
10032,9353,outgoing,2
10032,9358,incoming,1
10032,9364,outgoing,1
10032,9368,,8
10032,9396,outgoing,3
10032,9398,incoming,1
10032,9405,outgoing,1
10032,9440,incoming,4
10032,9460,,17
10032,9479,outandin,1
10032,9485,,22
10032,9486,,17
10032,9497,,5
10032,9576,outandin,5
10032,9579,,67
10032,9588,outandin,1
10032,9589,,5
10032,9630,,15
10032,9640,outandin,1
10032,9641,outandin,3
10032,9646,outandin,1
10032,9648,,13
10032,9660,,42
10032,9662,outandin,1
10032,9663,incoming,3
10032,9670,,3
10032,9673,outgoing,1
10032,9708,,32
10032,9720,outandin,4
10032,9743,,14
10032,9744,incoming,2
10032,9763,outandin,5
10032,9766,outandin,8
10032,9779,incoming,22
10032,9781,outandin,2
10032,9783,outandin,1
10032,9795,outandin,3
10032,9810,incoming,2
10032,9818,incoming,7
10032,9834,incoming,4
10032,9840,incoming,18
10032,9843,outandin,2
10032,9845,incoming,6
10032,9868,incoming,38
10032,9876,incoming,25
10032,9886,incoming,4
10032,9895,incoming,1
10032,9897,incoming,1
10032,9910,outandin,1
10032,9916,incoming,1
10032,9921,incoming,15
10032,9923,incoming,12
10032,9924,outandin,1
10032,9928,outandin,1
10032,9934,incoming,1
10032,9943,incoming,3
10034,8,outgoing,4
10034,10,outandin,1
10034,53,,13
10034,69,,5
10034,82,outandin,1
10034,90,,1
10034,131,outandin,2
10034,142,outandin,1
10034,158,,1
10034,170,,11
10034,177,incoming,2
10034,184,,8
10034,217,outgoing,4
10034,223,outandin,1
10034,232,,11
10034,240,,35
10034,248,incoming,1
10034,264,,1
10034,267,outandin,1
10034,274,outgoing,3
10034,298,,5
10034,314,outgoing,19
10034,315,outgoing,1
10034,335,,1
10034,338,outgoing,1
10034,375,outgoing,1
10034,397,outandin,1
10034,412,,11
10034,445,outgoing,1
10034,462,outandin,1
10034,491,outgoing,4
10034,493,,6
10034,496,outandin,6
10034,515,,7
10034,526,outgoing,26
10034,530,,41
10034,546,incoming,2
10034,558,,20
10034,565,outandin,1
10034,585,incoming,1
10034,588,,1
10034,621,outandin,2
10034,622,outgoing,4
10034,659,,16
10034,690,,9
10034,696,,18
10034,724,,16
10034,765,outgoing,2
10034,778,incoming,1
10034,779,incoming,3
10034,781,,14
10034,809,outgoing,1
10034,888,outandin,2
10034,900,,13
10034,911,,19
10034,914,,5
10034,916,,20
10034,954,,3
10034,995,outandin,1
10034,997,outandin,4
10034,1001,outgoing,5
10034,1005,,22
10034,1037,outgoing,3
10034,1054,outandin,1
10034,1096,outandin,1
10034,1100,,1
10034,1106,,11
10034,1118,,3
10034,1126,outandin,7
10034,1137,,21
10034,1170,outandin,1
10034,1188,outgoing,10
10034,1236,,32
10034,1290,,40
10034,1291,,6
10034,1347,,21
10034,1355,outgoing,1
10034,1381,,24
10034,1389,,4
10034,1391,,4
10034,1407,,12
10034,1424,outgoing,1
10034,1427,,1
10034,1483,,1
10034,1491,,50
10034,1529,incoming,1
10034,1539,incoming,2
10034,1540,,1
10034,1563,,24
10034,1568,incoming,1
10034,1588,incoming,6
10034,1616,,22
10034,1647,,10
10034,1665,,3
10034,1679,,32
10034,1701,outgoing,1
10034,1740,,18
10034,1785,,17
10034,1794,,1
10034,1850,,11
10034,1878,,8
10034,1916,outgoing,5
10034,1920,outandin,4
10034,1987,,12
10034,2008,,13
10034,2073,,2
10034,2123,,4
10034,2135,,5
10034,2150,outandin,1
10034,2173,incoming,3
10034,2191,,1
10034,2337,outandin,1
10034,2369,,4
10034,2376,,1
10034,2383,outandin,1
10034,2398,,4
10034,2433,outandin,2
10034,2460,,16
10034,2500,outgoing,3
10034,2530,outgoing,1
10034,2620,,13
10034,2640,,8
10034,2656,,7
10034,2684,outgoing,1
10034,2729,incoming,2
10034,2734,,11
10034,2744,,24
10034,2765,,10
10034,2795,,4
10034,2809,,2
10034,2811,,11
10034,2865,incoming,3
10034,2880,outgoing,1
10034,2902,,25
10034,2913,,9
10034,2915,,6
10034,2973,,30
10034,2982,outgoing,6
10034,3025,,9
10034,3045,outandin,1
10034,3063,,1
10034,3089,outgoing,1
10034,3116,outandin,1
10034,3117,,7
10034,3180,,22
10034,3201,,1
10034,3219,,15
10034,3232,outandin,8
10034,3236,,9
10034,3256,incoming,2
10034,3284,,44
10034,3305,,3
10034,3307,,27
10034,3314,,3
10034,3317,,36
10034,3319,,16
10034,3331,outandin,3
10034,3362,,27
10034,3382,,5
10034,3423,,11
10034,3448,,7
10034,3504,outandin,1
10034,3524,,11
10034,3538,outgoing,4
10034,3552,outgoing,1
10034,3572,,6
10034,3575,,2
10034,3580,,3
10034,3609,,20
10034,3620,incoming,2
10034,3625,,17
10034,3677,,10
10034,3678,incoming,3
10034,3699,,6
10034,3702,outandin,1
10034,3753,,8
10034,3778,,23
10034,3783,incoming,1
10034,3797,outandin,1
10034,3866,,16
10034,3897,,1
10034,3906,outgoing,1
10034,3929,incoming,6
10034,3931,,29
10034,3963,incoming,2
10034,3975,,5
10034,3997,,6
10034,4013,incoming,1
10034,4029,,10
10034,4093,,8
10034,4136,,13
10034,4165,,13
10034,4177,,9
10034,4199,,7
10034,4209,,4
10034,4222,incoming,3
10034,4286,outgoing,3
10034,4305,,14
10034,4346,,5
10034,4426,,10
10034,4484,,12
10034,4614,incoming,1
10034,4618,,2
10034,4632,outgoing,4
10034,4683,outandin,1
10034,4686,,3
10034,4689,,4
10034,4731,incoming,1
10034,4785,,11
10034,4844,,14
10034,4850,,11
10034,4971,,3
10034,4979,,9
10034,4999,outandin,1
10034,5022,outandin,1
10034,5025,outgoing,1
10034,5063,incoming,3
10034,5121,outgoing,10
10034,5169,,7
10034,5198,outandin,1
10034,5219,,8
10034,5229,outgoing,10
10034,5252,outandin,4
10034,5300,outandin,3
10034,5359,,41
10034,5479,outandin,5
10034,5482,,6
10034,5490,,11
10034,5513,outgoing,2
10034,5519,outgoing,4
10034,5626,,2
10034,5631,incoming,2
10034,5639,,10
10034,5698,,2
10034,5707,outandin,4
10034,5718,,10
10034,5722,outandin,1
10034,5725,outandin,1
10034,5747,outandin,1
10034,5767,,12
10034,5778,incoming,2
10034,5801,,4
10034,5817,,16
10034,5823,,17
10034,5853,,8
10034,5866,outgoing,9
10034,5880,,13
10034,5909,outandin,1
10034,5912,,7
10034,5942,outgoing,8
10034,5956,,15
10034,5970,outandin,4
10034,5992,,1
10034,5994,,14
10034,6002,,10
10034,6011,,6
10034,6029,,1
10034,6034,,7
10034,6040,,7
10034,6045,outgoing,4
10034,6052,,3
10034,6081,outgoing,5
10034,6086,,7
10034,6094,outgoing,1
10034,6097,,4
10034,6099,,3
10034,6117,,6
10034,6122,,4
10034,6123,,11
10034,6149,,6
10034,6160,,10
10034,6162,outgoing,4
10034,6171,incoming,5
10034,6200,,31
10034,6218,,14
10034,6224,outandin,1
10034,6247,outandin,1
10034,6263,,4
10034,6278,,14
10034,6307,,6
10034,6312,incoming,1
10034,6331,,9
10034,6336,,3
10034,6347,,33
10034,6359,incoming,10
10034,6369,,3
10034,6388,,6
10034,6390,,1
10034,6392,,13
10034,6408,outgoing,2
10034,6459,,4
10034,6465,,15
10034,6469,outgoing,1
10034,6475,,6
10034,6503,,7
10034,6510,,2
10034,6536,,1
10034,6555,outandin,2
10034,6585,outandin,1
10034,6596,incoming,6
10034,6626,outandin,1
10034,6662,,3
10034,6668,incoming,5
10034,6681,,5
10034,6702,incoming,3
10034,6706,,4
10034,6729,,2
10034,6772,,2
10034,6793,,12
10034,6804,,3
10034,6807,outandin,5
10034,6830,incoming,35
10034,6887,outandin,1
10034,6905,outgoing,1
10034,6911,,6
10034,6972,outgoing,2
10034,6990,,57
10034,7010,,13
10034,7030,,6
10034,7046,,1
10034,7072,outandin,1
10034,7075,,12
10034,7080,outgoing,2
10034,7091,,2
10034,7096,,21
10034,7103,,12
10034,7132,,7
10034,7174,outgoing,4
10034,7213,outgoing,3
10034,7218,outgoing,6
10034,7240,,11
10034,7254,,5
10034,7279,,9
10034,7288,,22
10034,7317,,1
10034,7324,outandin,1
10034,7331,,8
10034,7363,outgoing,3
10034,7389,incoming,2
10034,7404,,1
10034,7445,,16
10034,7448,outgoing,1
10034,7454,outandin,1
10034,7566,,3
10034,7574,outandin,4
10034,7591,incoming,3
10034,7661,,1
10034,7681,outgoing,4
10034,7691,incoming,5
10034,7694,,9
10034,7695,outgoing,9
10034,7769,,1
10034,7775,,5
10034,7781,,4
10034,7784,incoming,2
10034,7787,,5
10034,7799,,9
10034,7836,outgoing,3
10034,7883,outandin,1
10034,7911,outandin,4
10034,7917,,3
10034,7925,outgoing,1
10034,8022,,17
10034,8092,,33
10034,8103,,18
10034,8116,outandin,1
10034,8118,outandin,1
10034,8167,outgoing,2
10034,8183,,16
10034,8188,outandin,1
10034,8198,,7
10034,8206,,2
10034,8216,incoming,1
10034,8231,outgoing,2
10034,8256,,1
10034,8264,,7
10034,8276,outgoing,9
10034,8337,outandin,1
10034,8350,outandin,2
10034,8383,outgoing,1
10034,8432,,21
10034,8453,outgoing,1
10034,8477,incoming,17
10034,8539,incoming,3
10034,8545,,5
10034,8552,outandin,1
10034,8571,outandin,1
10034,8591,outgoing,5
10034,8600,outandin,1
10034,8623,incoming,15
10034,8630,outandin,1
10034,8636,outgoing,17
10034,8652,outandin,1
10034,8695,outgoing,2
10034,8699,,4
10034,8708,outandin,1
10034,8716,,7
10034,8739,,8
10034,8788,outgoing,5
10034,8942,outandin,1
10034,8965,outandin,2
10034,8976,,17
10034,8989,incoming,6
10034,9022,outandin,1
10034,9023,,6
10034,9060,,2
10034,9080,outgoing,5
10034,9085,outandin,1
10034,9095,,3
10034,9100,outandin,1
10034,9122,outgoing,11
10034,9140,incoming,4
10034,9147,,18
10034,9169,outgoing,12
10034,9191,outgoing,3
10034,9209,,22
10034,9231,outgoing,1
10034,9258,outandin,1
10034,9261,incoming,10
10034,9266,,12
10034,9271,,38
10034,9273,outgoing,16
10034,9281,outgoing,2
10034,9315,outgoing,2
10034,9353,incoming,1
10034,9364,outgoing,1
10034,9366,outgoing,7
10034,9368,outgoing,2
10034,9398,incoming,1
10034,9421,outgoing,2
10034,9436,,5
10034,9437,outgoing,9
10034,9461,outandin,1
10034,9473,outandin,1
10034,9475,incoming,1
10034,9485,incoming,5
10034,9509,outgoing,3
10034,9518,,8
10034,9576,outandin,2
10034,9582,,4
10034,9588,outandin,1
10034,9589,,5
10034,9614,outandin,1
10034,9625,outandin,2
10034,9630,incoming,4
10034,9640,incoming,47
10034,9641,outandin,7
10034,9652,,7
10034,9665,,21
10034,9682,incoming,9
10034,9694,outandin,1
10034,9718,outandin,1
10034,9720,incoming,11
10034,9744,outandin,5
10034,9752,outandin,1
10034,9763,outandin,1
10034,9766,incoming,3
10034,9814,outandin,2
10034,9834,incoming,15
10034,9840,incoming,8
10034,9845,incoming,2
10034,9878,incoming,4
10034,9886,incoming,5
10034,9892,incoming,14
10034,9895,incoming,6
10034,9897,incoming,4
10034,9915,incoming,5
10034,9927,outandin,1
10034,9942,incoming,5
10034,9946,incoming,1
10020,7,,6
10020,83,incoming,1
10020,109,,1
10020,126,outandin,1
10020,158,,1
10020,164,,10
10020,171,,4
10020,177,outandin,1
10020,193,incoming,2
10020,292,,6
10020,320,,36
10020,333,incoming,1
10020,336,,55
10020,353,,3
10020,388,outandin,1
10020,394,outandin,1
10020,410,outandin,1
10020,415,outandin,1
10020,507,,2
10020,515,outandin,2
10020,534,outandin,1
10020,541,incoming,4
10020,543,,7
10020,594,outandin,1
10020,599,outandin,2
10020,606,outandin,5
10020,632,incoming,1
10020,646,,1
10020,659,,2
10020,679,,4
10020,701,outgoing,1
10020,721,outandin,2
10020,724,,1
10020,729,,3
10020,747,outandin,2
10020,755,outandin,1
10020,758,outgoing,3
10020,766,,16
10020,779,outandin,1
10020,780,,26
10020,796,,2
10020,800,incoming,1
10020,817,outandin,1
10020,851,outandin,2
10020,873,outandin,1
10020,875,incoming,1
10020,887,outandin,1
10020,902,incoming,39
10020,922,,17
10020,936,outgoing,1
10020,961,outgoing,3
10020,976,,18
10020,984,outandin,1
10020,1016,outandin,1
10020,1038,incoming,1
10020,1062,incoming,1
10020,1100,,2
10020,1152,,1
10020,1155,,1
10020,1157,outandin,1
10020,1164,outandin,1
10020,1165,,3
10020,1174,outgoing,1
10020,1183,outandin,1
10020,1194,outandin,1
10020,1219,outandin,1
10020,1220,outgoing,2
10020,1238,,6
10020,1253,outandin,1
10020,1258,,13
10020,1263,incoming,10
10020,1298,outandin,3
10020,1311,outandin,1
10020,1313,,3
10020,1316,outgoing,1
10020,1355,,3
10020,1406,incoming,1
10020,1422,,25
10020,1431,outandin,1
10020,1452,,2
10020,1483,outgoing,2
10020,1489,outgoing,1
10020,1524,outandin,1
10020,1573,,15
10020,1684,outandin,1
10020,1685,outgoing,8
10020,1721,,11
10020,1736,,11
10020,1763,outandin,1
10020,1776,,4
10020,1781,outgoing,1
10020,1794,,4
10020,1808,,11
10020,1817,outgoing,1
10020,1825,,9
10020,1831,incoming,6
10020,1858,outgoing,1
10020,1894,outandin,7
10020,1909,,1
10020,1911,outgoing,2
10020,1935,incoming,4
10020,2000,incoming,3
10020,2004,,12
10020,2022,,14
10020,2024,,25
10020,2044,,22
10020,2046,outandin,1
10020,2057,outandin,1
10020,2088,outandin,2
10020,2107,,20
10020,2135,,3
10020,2147,,13
10020,2156,outandin,1
10020,2162,,1
10020,2197,outandin,2
10020,2214,,2
10020,2223,,1
10020,2266,,5
10020,2267,,1
10020,2350,outandin,4
10020,2353,,11
10020,2355,outgoing,1
10020,2381,incoming,4
10020,2391,incoming,3
10020,2393,,1
10020,2427,,6
10020,2447,,6
10020,2492,,10
10020,2497,,6
10020,2498,,6
10020,2514,,4
10020,2516,outandin,1
10020,2527,outandin,1
10020,2597,,6
10020,2601,outgoing,1
10020,2609,,15
10020,2612,,4
10020,2614,outgoing,2
10020,2670,incoming,1
10020,2687,outandin,1
10020,2699,outandin,2
10020,2703,,6
10020,2718,,1
10020,2734,outandin,1
10020,2786,outandin,1
10020,2788,,13
10020,2836,,16
10020,2880,incoming,1
10020,2882,,4
10020,2921,outandin,1
10020,2964,outandin,1
10020,2967,outandin,1
10020,2975,outgoing,4
10020,2998,incoming,1
10020,3012,,6
10020,3014,outandin,1
10020,3037,outandin,2
10020,3040,incoming,1
10020,3043,incoming,2
10020,3060,incoming,2
10020,3114,,11
10020,3209,incoming,1
10020,3234,outandin,1
10020,3235,outgoing,1
10020,3239,outandin,3
10020,3242,outgoing,2
10020,3337,,1
10020,3342,incoming,8
10020,3348,outgoing,4
10020,3352,outandin,1
10020,3365,,4
10020,3367,,12
10020,3369,incoming,2
10020,3397,outandin,2
10020,3399,incoming,1
10020,3403,,10
10020,3434,,1
10020,3436,outandin,1
10020,3440,incoming,5
10020,3445,outgoing,14
10020,3448,outgoing,2
10020,3473,outandin,1
10020,3496,outgoing,1
10020,3586,incoming,1
10020,3594,,5
10020,3610,,11
10020,3611,,5
10020,3615,,3
10020,3623,incoming,4
10020,3631,,6
10020,3634,,26
10020,3638,incoming,5
10020,3659,outgoing,1
10020,3686,,2
10020,3689,,17
10020,3692,outandin,2
10020,3725,,2
10020,3732,outandin,1
10020,3757,,8
10020,3763,,1
10020,3768,outgoing,3
10020,3792,outandin,1
10020,3912,outgoing,1
10020,3932,,8
10020,3947,,2
10020,3955,,9
10020,3963,,3
10020,3989,outandin,1
10020,4003,incoming,1
10020,4025,,2
10020,4031,,11
10020,4043,outandin,1
10020,4045,,1
10020,4054,incoming,1
10020,4057,,2
10020,4093,outandin,1
10020,4119,outandin,1
10020,4121,,5
10020,4138,,3
10020,4228,outandin,1
10020,4238,outgoing,2
10020,4246,,2
10020,4270,,4
10020,4285,,10
10020,4286,,1
10020,4294,outandin,1
10020,4318,outgoing,22
10020,4364,outandin,1
10020,4380,outandin,1
10020,4404,,1
10020,4444,,1
10020,4458,outandin,1
10020,4484,outandin,1
10020,4544,outgoing,4
10020,4551,outandin,1
10020,4585,incoming,1
10020,4586,incoming,1
10020,4600,,14
10020,4628,outandin,1
10020,4646,,9
10020,4665,incoming,4
10020,4682,,6
10020,4695,,6
10020,4729,,2
10020,4739,outandin,1
10020,4755,,10
10020,4756,outgoing,2
10020,4821,outandin,2
10020,4834,outandin,1
10020,4850,,3
10020,4866,,4
10020,4876,,4
10020,4878,outandin,2
10020,4893,outandin,2
10020,5022,incoming,2
10020,5025,outgoing,1
10020,5039,outgoing,2
10020,5044,,14
10020,5053,outandin,1
10020,5073,outandin,1
10020,5111,incoming,2
10020,5128,outandin,3
10020,5197,,1
10020,5204,incoming,2
10020,5219,outandin,1
10020,5277,,8
10020,5279,,5
10020,5310,outandin,1
10020,5321,outandin,2
10020,5338,outgoing,2
10020,5339,,3
10020,5353,,6
10020,5358,outandin,1
10020,5364,outandin,1
10020,5387,incoming,3
10020,5416,incoming,2
10020,5444,,3
10020,5463,outandin,1
10020,5489,outgoing,1
10020,5492,,11
10020,5557,incoming,1
10020,5561,outandin,10
10020,5569,,4
10020,5582,outandin,1
10020,5585,incoming,1
10020,5591,incoming,1
10020,5628,,14
10020,5638,outandin,1
10020,5640,outandin,1
10020,5722,outandin,1
10020,5737,outandin,6
10020,5802,outandin,2
10020,5827,,6
10020,5831,outandin,1
10020,5832,incoming,2
10020,5842,,16
10020,5856,,5
10020,5892,,2
10020,5929,incoming,1
10020,5936,,3
10020,5944,outgoing,5
10020,5950,,1
10020,5974,,12
10020,5980,outandin,1
10020,5988,,23
10020,5989,incoming,2
10020,6001,outgoing,8
10020,6003,outandin,1
10020,6006,outandin,3
10020,6016,outandin,1
10020,6020,,2
10020,6030,outandin,1
10020,6052,incoming,1
10020,6092,outgoing,4
10020,6130,,11
10020,6132,outandin,1
10020,6150,outgoing,1
10020,6170,outandin,2
10020,6214,incoming,1
10020,6215,incoming,2
10020,6223,incoming,2
10020,6225,outgoing,8
10020,6247,,17
10020,6262,outandin,2
10020,6265,outandin,1
10020,6268,,2
10020,6303,incoming,22
10020,6317,outandin,1
10020,6353,outandin,1
10020,6354,outandin,1
10020,6365,,27
10020,6369,outandin,1
10020,6386,incoming,2
10020,6403,,17
10020,6408,outandin,3
10020,6421,outgoing,1
10020,6440,,11
10020,6444,,13
10020,6475,incoming,1
10020,6485,outgoing,1
10020,6549,outgoing,4
10020,6552,outandin,1
10020,6566,outgoing,2
10020,6575,,3
10020,6579,outgoing,2
10020,6586,,8
10020,6596,incoming,2
10020,6619,outandin,23
10020,6628,outandin,2
10020,6716,incoming,1
10020,6746,outandin,1
10020,6758,,3
10020,6763,outandin,1
10020,6772,,3
10020,6777,outgoing,2
10020,6778,outgoing,2
10020,6779,outandin,1
10020,6793,outgoing,3
10020,6807,outandin,1
10020,6830,incoming,4
10020,6844,,1
10020,6865,,2
10020,6872,outandin,1
10020,6887,outandin,1
10020,6902,outandin,1
10020,6910,outgoing,3
10020,6937,incoming,2
10020,6977,incoming,6
10020,7007,outgoing,2
10020,7042,outandin,1
10020,7068,outgoing,2
10020,7071,outgoing,4
10020,7118,,2
10020,7127,,7
10020,7135,,2
10020,7205,outandin,1
10020,7228,outgoing,3
10020,7247,outgoing,9
10020,7269,outandin,1
10020,7332,outandin,1
10020,7333,outgoing,10
10020,7336,,4
10020,7360,,2
10020,7393,incoming,1
10020,7411,outgoing,2
10020,7421,incoming,3
10020,7423,,7
10020,7434,outgoing,2
10020,7457,outgoing,3
10020,7491,,17
10020,7507,incoming,1
10020,7509,incoming,6
10020,7583,outandin,1
10020,7599,,17
10020,7646,outgoing,4
10020,7657,,7
10020,7695,outgoing,3
10020,7730,,3
10020,7732,,1
10020,7743,,3
10020,7744,outandin,1
10020,7758,outandin,1
10020,7763,outandin,2
10020,7865,outandin,6
10020,7883,outandin,2
10020,7896,outandin,2
10020,7915,incoming,7
10020,7924,outgoing,1
10020,7941,outgoing,4
10020,7969,incoming,2
10020,8034,incoming,1
10020,8073,outandin,3
10020,8080,outgoing,1
10020,8103,outgoing,1
10020,8174,,9
10020,8181,outgoing,1
10020,8187,outandin,7
10020,8207,outgoing,1
10020,8217,,12
10020,8233,outandin,1
10020,8260,,1
10020,8272,outgoing,2
10020,8289,,7
10020,8292,incoming,4
10020,8334,outandin,1
10020,8370,,1
10020,8391,outandin,1
10020,8400,,7
10020,8435,,33
10020,8445,outgoing,1
10020,8457,outandin,2
10020,8464,,1
10020,8467,outandin,1
10020,8477,outgoing,1
10020,8479,outandin,1
10020,8481,,15
10020,8490,outandin,1
10020,8519,outgoing,1
10020,8531,outandin,6
10020,8585,incoming,4
10020,8586,outandin,3
10020,8594,,11
10020,8597,outandin,1
10020,8600,outandin,2
10020,8616,,2
10020,8649,,1
10020,8667,outandin,7
10020,8677,outgoing,1
10020,8687,outgoing,5
10020,8738,,3
10020,8739,,3
10020,8761,,3
10020,8775,outandin,4
10020,8789,incoming,1
10020,8811,outandin,1
10020,8813,outgoing,1
10020,8818,outgoing,1
10020,8823,incoming,1
10020,8945,outgoing,1
10020,8956,,27
10020,8957,incoming,5
10020,8975,,4
10020,9019,outandin,1
10020,9022,,6
10020,9026,outandin,1
10020,9034,outandin,1
10020,9060,outgoing,4
10020,9061,outgoing,3
10020,9070,,20
10020,9100,,6
10020,9103,,4
10020,9111,,7
10020,9113,,6
10020,9114,outgoing,2
10020,9159,outgoing,1
10020,9226,,35
10020,9247,outandin,1
10020,9256,,3
10020,9258,incoming,5
10020,9277,outandin,1
10020,9278,outandin,1
10020,9291,outgoing,7
10020,9294,,35
10020,9301,outandin,1
10020,9309,,4
10020,9348,,1
10020,9349,incoming,1
10020,9372,incoming,3
10020,9377,,1
10020,9397,outandin,2
10020,9398,,3
10020,9406,outgoing,6
10020,9413,,14
10020,9424,outgoing,5
10020,9435,outgoing,7
10020,9442,,57
10020,9453,incoming,2
10020,9463,outgoing,1
10020,9480,outandin,1
10020,9511,incoming,1
10020,9515,outgoing,3
10020,9516,incoming,1
10020,9520,incoming,1
10020,9533,,1
10020,9548,outgoing,1
10020,9569,outandin,23
10020,9575,,7
10020,9581,,4
10020,9588,outandin,1
10020,9598,outgoing,6
10020,9603,outandin,12
10020,9609,incoming,2
10020,9612,incoming,4
10020,9615,,13
10020,9617,outgoing,3
10020,9619,incoming,19
10020,9646,incoming,1
10020,9677,incoming,2
10020,9689,outgoing,6
10020,9693,outandin,1
10020,9705,outandin,2
10020,9728,outandin,2
10020,9750,incoming,1
10020,9764,incoming,2
10020,9765,outandin,10
10020,9777,outandin,2
10020,9783,outandin,1
10020,9787,outandin,2
10020,9794,incoming,2
10020,9795,incoming,8
10020,9799,incoming,5
10020,9807,incoming,1
10020,9809,incoming,13
10020,9810,incoming,1
10020,9813,incoming,9
10020,9819,outandin,4
10020,9827,outandin,1
10020,9834,outandin,1
10020,9839,incoming,2
10020,9841,incoming,2
10020,9851,incoming,2
10020,9864,incoming,1
10020,9874,incoming,1
10020,9875,outandin,1
10020,9890,incoming,15
10020,9902,incoming,1
10020,9927,outandin,4
10020,9931,incoming,4
10047,72,,6
10047,96,,8
10047,152,,25
10047,199,,2
10047,213,,8
10047,286,,3
10047,355,,7
10047,362,outgoing,13
10047,392,incoming,20
10047,422,,3
10047,467,,2
10047,505,,11
10047,670,,5
10047,799,,5
10047,804,,3
10047,1059,outandin,4
10047,1112,,6
10047,1159,incoming,17
10047,1168,,5
10047,1191,,1
10047,1208,,12
10047,1247,,15
10047,1283,,2
10047,1324,outandin,4
10047,1362,,4
10047,1410,,23
10047,1450,,4
10047,1503,outgoing,2
10047,1558,,43
10047,1641,,10
10047,1656,,4
10047,1660,,27
10047,1732,outgoing,7
10047,1821,,2
10047,2217,,3
10047,2225,,3
10047,2358,outgoing,9
10047,2363,incoming,4
10047,2434,,3
10047,2756,,9
10047,3042,,1
10047,3189,,8
10047,3329,outgoing,2
10047,3355,,6
10047,3654,,3
10047,3655,,31
10047,3799,,4
10047,3811,outgoing,7
10047,3999,outandin,3
10047,4015,,7
10047,4059,,3
10047,4086,,8
10047,4106,,20
10047,4147,,5
10047,4262,outandin,3
10047,4277,outgoing,2
10047,4282,,2
10047,4492,,6
10047,4547,,4
10047,4549,,2
10047,4596,,8
10047,4697,,9
10047,4799,,13
10047,4810,incoming,1
10047,4824,,3
10047,4835,,4
10047,4868,,7
10047,4877,,5
10047,4927,,10
10047,4980,,15
10047,5019,,5
10047,5024,,5
10047,5127,,7
10047,5187,,7
10047,5267,outgoing,10
10047,5589,outgoing,50
10047,5674,outgoing,3
10047,5700,,7
10047,5721,,5
10047,5838,outandin,2
10047,6015,,1
10047,6115,,3
10047,6153,,9
10047,6364,,17
10047,6431,incoming,2
10047,6455,,5
10047,6684,incoming,1
10047,6685,outgoing,3
10047,6726,,9
10047,6770,,10
10047,6776,incoming,2
10047,6839,outgoing,17
10047,6853,outgoing,19
10047,6871,,2
10047,7038,,2
10047,7125,,17
10047,7191,,8
10047,7223,,3
10047,7267,outgoing,2
10047,7270,,8
10047,7320,incoming,25
10047,7375,,26
10047,7467,,7
10047,7485,outandin,2
10047,7562,,10
10047,7572,,16
10047,7603,,2
10047,7616,,21
10047,7625,outandin,6
10047,7643,,2
10047,7654,,6
10047,7660,,5
10047,7669,,7
10047,7705,,7
10047,7824,,6
10047,7830,,1
10047,7987,,4
10047,8028,,24
10047,8146,,10
10047,8164,outgoing,5
10047,8242,,9
10047,8293,,4
10047,8298,outgoing,5
10047,8419,outgoing,2
10047,8463,,2
10047,8547,outgoing,3
10047,8638,incoming,9
10047,8717,incoming,4
10047,8722,,11
10047,8731,,4
10047,8792,outandin,4
10047,8801,outgoing,3
10047,8820,,10
10047,8827,outgoing,2
10047,8832,outandin,1
10047,8854,incoming,35
10047,8856,,4
10047,8885,outgoing,2
10047,8978,,24
10047,8987,outandin,5
10047,8990,incoming,17
10047,9001,,1
10047,9004,,11
10047,9013,,3
10047,9030,outandin,1
10047,9037,,2
10047,9043,,3
10047,9056,outgoing,6
10047,9066,outandin,4
10047,9083,outgoing,6
10047,9101,,6
10047,9131,,2
10047,9164,,2
10047,9179,,7
10047,9187,,3
10047,9235,,4
10047,9238,outgoing,5
10047,9251,outgoing,7
10047,9327,,13
10047,9333,,23
10047,9347,,5
10047,9391,,6
10047,9417,,10
10047,9425,outgoing,3
10047,9477,,3
10047,9507,incoming,13
10047,9517,incoming,2
10047,9550,,14
10047,9561,,1
10047,9565,,14
10047,9593,,6
10047,9613,outgoing,9
10047,9623,,16
10047,9631,,20
10047,9642,outgoing,1
10047,9671,outgoing,8
10047,9687,,23
10047,9699,,23
10047,9713,outandin,15
10047,9735,,20
10047,9739,outandin,1
10047,9740,outandin,1
10047,9745,outandin,1
10047,9755,outgoing,41
10047,9762,outandin,1
10047,9785,outandin,9
10047,9790,outandin,9
10047,9801,incoming,40
10047,9805,incoming,7
10047,9827,outandin,2
10047,9861,outandin,1
10047,9870,incoming,9
10047,9879,incoming,22
10047,9881,incoming,10
10047,9887,incoming,25
10047,9893,incoming,21
10047,9935,incoming,4
10011,13,outgoing,2
10011,19,,16
10011,42,,82
10011,149,,5
10011,159,,7
10011,171,incoming,1
10011,179,,1
10011,218,incoming,4
10011,255,,11
10011,275,,117
10011,304,,33
10011,323,,3
10011,370,,31
10011,474,outgoing,8
10011,486,incoming,15
10011,501,,7
10011,510,,26
10011,533,,4
10011,553,,28
10011,561,,20
10011,564,,60
10011,579,incoming,1
10011,635,incoming,2
10011,647,incoming,2
10011,682,incoming,2
10011,711,,7
10011,715,,5
10011,720,outandin,1
10011,733,,42
10011,756,,52
10011,774,,29
10011,803,,32
10011,825,,5
10011,853,incoming,2
10011,856,outgoing,25
10011,885,,3
10011,886,,13
10011,910,,31
10011,937,outgoing,1
10011,942,incoming,11
10011,949,outgoing,1
10011,997,outgoing,2
10011,1008,,7
10011,1017,,1
10011,1034,,33
10011,1107,,13
10011,1120,,7
10011,1232,,14
10011,1240,,7
10011,1249,outandin,1
10011,1311,,1
10011,1336,,14
10011,1384,,13
10011,1504,,19
10011,1535,,11
10011,1555,,58
10011,1565,,8
10011,1632,,6
10011,1664,,9
10011,1771,,22
10011,1776,,18
10011,1798,,37
10011,2000,outandin,4
10011,2062,,13
10011,2069,,4
10011,2242,outgoing,10
10011,2273,,1
10011,2326,,6
10011,2347,,21
10011,2366,,2
10011,2469,,9
10011,2508,,4
10011,2669,,26
10011,2917,,1
10011,3053,outgoing,10
10011,3055,outandin,2
10011,3098,,2
10011,3107,,13
10011,3253,,8
10011,3292,,7
10011,3391,,3
10011,3400,,11
10011,3475,,9
10011,3606,,18
10011,3660,,17
10011,3721,,13
10011,3848,outandin,1
10011,3887,,108
10011,3984,,10
10011,4141,,22
10011,4151,,2
10011,4152,,13
10011,4230,,8
10011,4333,,2
10011,4466,,8
10011,4495,,29
10011,4546,,6
10011,4617,outgoing,2
10011,4651,,8
10011,4700,,12
10011,4786,,12
10011,4821,outandin,1
10011,4885,outgoing,32
10011,4908,outgoing,7
10011,4998,,3
10011,5023,,1
10011,5047,outandin,2
10011,5051,outgoing,3
10011,5056,outgoing,1
10011,5087,,15
10011,5293,,35
10011,5325,,10
10011,5424,,9
10011,5452,outgoing,2
10011,5567,outgoing,4
10011,5938,,8
10011,5955,,10
10011,6293,,1
10011,6299,,4
10011,6561,,6
10011,6571,,7
10011,6675,outandin,1
10011,6801,,4
10011,6803,,1
10011,6805,incoming,11
10011,6877,,12
10011,6934,,14
10011,7137,outandin,1
10011,7246,outgoing,9
10011,7259,,5
10011,7330,,1
10011,7337,outandin,1
10011,7508,,7
10011,7520,,14
10011,7531,,9
10011,7535,,3
10011,7570,incoming,45
10011,7604,,3
10011,7686,,1
10011,7829,,12
10011,7832,,2
10011,7886,,10
10011,7934,,1
10011,7951,outandin,1
10011,8053,,27
10011,8190,incoming,23
10011,8274,,10
10011,8325,,6
10011,8392,outandin,1
10011,8409,,4
10011,8450,,1
10011,8672,,3
10011,8721,,4
10011,8844,,45
10011,8859,,19
10011,8882,,14
10011,8982,,8
10011,8997,incoming,19
10011,9007,,12
10011,9093,incoming,1
10011,9102,,8
10011,9119,outgoing,1
10011,9128,,11
10011,9256,outgoing,3
10011,9339,,21
10011,9350,outandin,2
10011,9397,incoming,1
10011,9407,,10
10011,9420,,26
10011,9447,,11
10011,9503,outgoing,5
10011,9504,,4
10011,9510,,27
10011,9520,incoming,1
10011,9715,outgoing,1
10011,9833,incoming,13
10011,9855,incoming,25
10011,9898,incoming,10
10011,9937,incoming,5
10039,63,,3
10039,75,,1
10039,85,outgoing,3
10039,90,outandin,1
10039,115,,47
10039,129,,325
10039,158,,5
10039,164,,2
10039,170,,12
10039,184,outandin,1
10039,242,incoming,1
10039,258,,41
10039,264,incoming,1
10039,314,outgoing,3
10039,338,outandin,1
10039,375,outgoing,1
10039,383,incoming,1
10039,410,,4
10039,515,outgoing,2
10039,530,,123
10039,594,,4
10039,634,,9
10039,772,,5
10039,778,,1
10039,781,,2
10039,832,,36
10039,834,,9
10039,906,,17
10039,914,,17
10039,922,,2
10039,947,,2
10039,1037,outgoing,1
10039,1070,,30
10039,1100,outandin,1
10039,1106,outandin,2
10039,1148,,13
10039,1172,,18
10039,1188,outandin,2
10039,1204,outandin,1
10039,1216,,1
10039,1236,,62
10039,1238,incoming,2
10039,1276,,5
10039,1290,,7
10039,1291,,11
10039,1374,,11
10039,1381,,3
10039,1424,outandin,2
10039,1427,,2
10039,1539,,21
10039,1540,outandin,1
10039,1588,outandin,1
10039,1616,,1
10039,1634,outgoing,6
10039,1647,,2
10039,1679,incoming,7
10039,1683,,35
10039,1763,,6
10039,1803,,6
10039,1814,,35
10039,1878,,2
10039,1892,outandin,1
10039,1916,,7
10039,1935,incoming,2
10039,1968,,9
10039,2008,incoming,1
10039,2075,,12
10039,2077,outgoing,3
10039,2079,,2
10039,2099,outgoing,1
10039,2109,,5
10039,2113,,26
10039,2135,outgoing,3
10039,2156,outandin,2
10039,2158,outandin,1
10039,2197,outandin,1
10039,2223,outgoing,3
10039,2279,incoming,6
10039,2365,,6
10039,2368,incoming,3
10039,2388,outandin,1
10039,2446,outgoing,1
10039,2504,,3
10039,2530,outgoing,8
10039,2555,,9
10039,2563,outandin,1
10039,2601,,4
10039,2674,incoming,1
10039,2698,outandin,1
10039,2699,outgoing,3
10039,2706,,21
10039,2714,outgoing,1
10039,2734,,3
10039,2744,,6
10039,2765,outandin,1
10039,2785,outgoing,2
10039,2795,,3
10039,2802,,4
10039,2809,,9
10039,2845,,3
10039,2865,,19
10039,2874,,13
10039,2880,incoming,2
10039,2913,,22
10039,2945,,29
10039,3011,outandin,1
10039,3025,outgoing,1
10039,3063,outgoing,3
10039,3100,incoming,1
10039,3116,outandin,7
10039,3122,,7
10039,3169,incoming,3
10039,3182,outandin,1
10039,3184,outandin,8
10039,3219,,5
10039,3256,outandin,1
10039,3284,,1
10039,3305,outgoing,1
10039,3317,outgoing,5
10039,3335,,5
10039,3353,outandin,2
10039,3369,,3
10039,3382,,7
10039,3451,,3
10039,3572,,3
10039,3583,,1
10039,3625,,5
10039,3649,outandin,2
10039,3667,outandin,1
10039,3678,incoming,7
10039,3711,,9
10039,3753,,2
10039,3763,outandin,1
10039,3800,,9
10039,3852,outandin,1
10039,3866,outgoing,1
10039,3906,,5
10039,3929,outandin,3
10039,4013,incoming,1
10039,4036,,8
10039,4080,incoming,4
10039,4092,,5
10039,4121,outandin,1
10039,4209,outandin,1
10039,4255,outgoing,1
10039,4263,,3
10039,4426,incoming,1
10039,4437,,1
10039,4484,,9
10039,4545,,1
10039,4626,,5
10039,4666,,4
10039,4750,outgoing,2
10039,4794,,2
10039,4830,,13
10039,4844,,4
10039,4880,,3
10039,4890,outandin,1
10039,4928,outandin,1
10039,5022,incoming,1
10039,5115,,5
10039,5200,,8
10039,5202,outandin,3
10039,5223,outgoing,1
10039,5339,,12
10039,5352,,13
10039,5407,outgoing,5
10039,5492,outandin,2
10039,5513,outgoing,4
10039,5516,outgoing,1
10039,5528,,24
10039,5531,,1
10039,5556,outandin,1
10039,5573,,2
10039,5602,,1
10039,5603,outandin,3
10039,5631,,1
10039,5633,,6
10039,5641,outandin,1
10039,5643,,47
10039,5646,outandin,2
10039,5707,outandin,1
10039,5743,,3
10039,5801,incoming,10
10039,5830,incoming,2
10039,5834,,7
10039,5880,,2
10039,5907,incoming,2
10039,6029,,4
10039,6050,,3
10039,6072,,11
10039,6107,incoming,6
10039,6123,incoming,3
10039,6132,outgoing,1
10039,6152,outandin,1
10039,6167,outandin,1
10039,6170,,6
10039,6171,,6
10039,6214,incoming,2
10039,6234,outgoing,10
10039,6235,,7
10039,6274,,8
10039,6298,outandin,1
10039,6331,outandin,1
10039,6337,outandin,1
10039,6347,outandin,2
10039,6359,,4
10039,6400,,9
10039,6485,outgoing,2
10039,6596,incoming,5
10039,6690,outgoing,2
10039,6702,outandin,2
10039,6706,,3
10039,6729,outandin,1
10039,6777,outandin,1
10039,6779,incoming,2
10039,6827,outandin,1
10039,6857,,15
10039,6887,outgoing,1
10039,6911,incoming,1
10039,6945,,6
10039,6964,incoming,1
10039,6972,,17
10039,6984,,4
10039,6990,,4
10039,7001,incoming,1
10039,7010,,3
10039,7013,,2
10039,7030,incoming,4
10039,7062,incoming,5
10039,7072,,6
10039,7174,outgoing,1
10039,7222,outgoing,1
10039,7240,outgoing,2
10039,7294,,7
10039,7305,,3
10039,7421,,21
10039,7429,,1
10039,7481,,9
10039,7661,,3
10039,7691,incoming,1
10039,7694,incoming,1
10039,7721,outandin,1
10039,7769,incoming,1
10039,7803,,3
10039,7804,,8
10039,7836,outandin,1
10039,7891,,12
10039,7922,outandin,1
10039,7972,outandin,1
10039,8089,,7
10039,8092,,1
10039,8103,outgoing,5
10039,8116,,2
10039,8168,,3
10039,8186,outandin,1
10039,8200,outgoing,2
10039,8219,incoming,5
10039,8244,outandin,1
10039,8248,outgoing,1
10039,8276,,3
10039,8295,,19
10039,8350,outandin,1
10039,8359,outandin,1
10039,8360,outgoing,1
10039,8383,outgoing,7
10039,8425,outandin,1
10039,8432,outandin,1
10039,8440,incoming,3
10039,8453,outgoing,1
10039,8477,incoming,3
10039,8508,incoming,1
10039,8539,,4
10039,8563,,17
10039,8571,outandin,2
10039,8595,outandin,1
10039,8600,outgoing,1
10039,8604,outgoing,1
10039,8611,,42
10039,8623,incoming,2
10039,8630,outgoing,7
10039,8636,,21
10039,8652,,12
10039,8659,,7
10039,8699,,10
10039,8788,outgoing,1
10039,8816,,5
10039,8818,outgoing,1
10039,8942,,4
10039,9023,,1
10039,9060,outgoing,1
10039,9069,outandin,6
10039,9071,outandin,3
10039,9121,,68
10039,9133,,11
10039,9140,incoming,8
10039,9169,outgoing,1
10039,9192,,7
10039,9202,outandin,1
10039,9211,,10
10039,9217,outgoing,1
10039,9220,,14
10039,9231,outandin,1
10039,9275,outgoing,2
10039,9278,outgoing,2
10039,9281,,3
10039,9291,outandin,5
10039,9329,outandin,2
10039,9364,outgoing,1
10039,9366,,15
10039,9367,,11
10039,9368,,3
10039,9398,incoming,2
10039,9421,outandin,1
10039,9436,,5
10039,9437,outandin,1
10039,9461,outandin,1
10039,9497,,1
10039,9511,,2
10039,9516,incoming,1
10039,9518,,4
10039,9576,outandin,16
10039,9582,,3
10039,9588,outandin,4
10039,9625,outandin,1
10039,9650,,39
10039,9662,outgoing,23
10039,9705,outandin,1
10039,9720,incoming,13
10039,9744,incoming,13
10039,9750,outandin,1
10039,9753,,112
10039,9763,outandin,2
10039,9766,outandin,1
10039,9778,outandin,6
10039,9783,incoming,15
10039,9795,incoming,6
10039,9818,incoming,1
10039,9840,incoming,7
10039,9845,incoming,4
10039,9849,incoming,259
10039,9850,outandin,1
10039,9851,outandin,55
10039,9854,outandin,26
10039,9866,incoming,11
10039,9878,incoming,1
10039,9897,incoming,5
10039,9916,incoming,3
10039,9924,outandin,1
10039,9927,outandin,1
10071,117,,8
10071,259,,12
10071,268,,4
10071,273,,8
10071,299,,13
10071,311,,180
10071,364,,14
10071,519,outgoing,2
10071,614,,11
10071,624,,5
10071,663,outandin,1
10071,693,,1
10071,719,outandin,4
10071,750,,4
10071,851,outandin,2
10071,909,,5
10071,918,,2
10071,963,,1
10071,971,,4
10071,975,,5
10071,1019,,4
10071,1046,,1
10071,1224,outgoing,4
10071,1231,,7
10071,1254,,7
10071,1480,,17
10071,1544,outandin,1
10071,1743,outandin,1
10071,1816,incoming,8
10071,1868,,6
10071,1891,outgoing,1
10071,1962,outandin,1
10071,1983,,50
10071,2017,,3
10071,2181,,9
10071,2187,,7
10071,2189,,11
10071,2227,,6
10071,2290,,18
10071,2309,,4
10071,2379,,7
10071,2443,outgoing,3
10071,2491,,4
10071,2554,,7
10071,2584,,1
10071,2646,outgoing,1
10071,2698,,14
10071,2774,,7
10071,2846,,4
10071,2960,,7
10071,3008,,13
10071,3158,,6
10071,3164,,2
10071,3185,,5
10071,3192,,5
10071,3194,,16
10071,3204,,9
10071,3233,,1
10071,3241,,17
10071,3449,,10
10071,3487,,5
10071,3562,,10
10071,3617,incoming,1
10071,3721,incoming,5
10071,3729,,8
10071,3767,,4
10071,3794,,7
10071,3816,,2
10071,3934,,12
10071,3969,,2
10071,4102,,9
10071,4144,,1
10071,4180,,23
10071,4224,,4
10071,4300,,2
10071,4320,,6
10071,4370,,11
10071,4399,,2
10071,4403,,6
10071,4420,,5
10071,4475,,5
10071,4478,,8
10071,4489,,11
10071,4494,,13
10071,4504,,2
10071,4562,,9
10071,4572,,20
10071,4588,incoming,7
10071,4590,,5
10071,4598,outgoing,1
10071,4610,,2
10071,4612,,15
10071,4662,,4
10071,4663,,9
10071,4670,,6
10071,4672,,4
10071,4713,,6
10071,4795,outgoing,4
10071,4804,,3
10071,4907,,1
10071,5119,,17
10071,5144,,1
10071,5196,,3
10071,5323,,13
10071,5327,outandin,1
10071,5329,,5
10071,5383,,12
10071,5405,,7
10071,5418,,5
10071,5462,,6
10071,5538,,17
10071,5543,,3
10071,5692,,11
10071,5697,,10
10071,5786,,8
10071,5894,,8
10071,5911,,13
10071,6131,,3
10071,6148,,8
10071,6262,,7
10071,6379,,12
10071,6437,,6
10071,6439,outgoing,3
10071,6530,,12
10071,6628,,2
10071,6652,outgoing,11
10071,6660,,16
10071,6758,,1
10071,6878,outandin,1
10071,6887,outgoing,3
10071,6999,,11
10071,7004,,16
10071,7252,,11
10071,7297,,2
10071,7321,,5
10071,7480,,6
10071,7489,,11
10071,7590,,5
10071,7700,,1
10071,7752,,13
10071,7770,,13
10071,7884,,12
10071,7957,,7
10071,7981,,7
10071,8061,,8
10071,8128,,6
10071,8339,,7
10071,8397,,6
10071,8399,,18
10071,8429,,12
10071,8434,,10
10071,9124,,12
10071,9143,,15
10071,9825,outandin,1
10071,9837,outandin,5
10016,1,incoming,88
10016,136,,383
10016,151,,437
10016,158,,3
10016,164,,1
10016,192,,183
10016,208,incoming,2
10016,219,outandin,1
10016,383,incoming,1
10016,388,outandin,3
10016,425,incoming,1
10016,469,outgoing,1
10016,483,,3
10016,506,outandin,1
10016,534,outandin,1
10016,545,outandin,1
10016,568,outgoing,1
10016,577,outandin,28
10016,599,outandin,2
10016,611,outandin,1
10016,612,outandin,1
10016,637,incoming,4
10016,647,outandin,1
10016,655,outandin,1
10016,676,outgoing,1
10016,683,incoming,1
10016,711,incoming,1
10016,781,outandin,1
10016,785,,3
10016,800,,1
10016,803,outandin,1
10016,828,outandin,2
10016,865,,4
10016,1031,outandin,2
10016,1091,,115
10016,1128,incoming,2
10016,1152,outgoing,1
10016,1189,outandin,1
10016,1224,outandin,1
10016,1238,,12
10016,1249,outandin,1
10016,1289,outgoing,1
10016,1349,,11
10016,1355,outgoing,1
10016,1364,outgoing,1
10016,1367,incoming,1
10016,1396,outandin,2
10016,1436,outandin,1
10016,1456,outandin,1
10016,1457,incoming,6
10016,1521,,12
10016,1530,outandin,1
10016,1575,outandin,1
10016,1645,,1
10016,1744,outgoing,5
10016,1745,,3
10016,1769,outgoing,1
10016,1781,outandin,1
10016,1866,outandin,1
10016,1870,,4
10016,1872,outgoing,1
10016,1894,outandin,2
10016,1918,,6
10016,1930,,14
10016,1934,,5
10016,1949,outgoing,1
10016,1956,outgoing,1
10016,1981,,5
10016,2006,incoming,1
10016,2074,,12
10016,2129,,11
10016,2163,outgoing,15
10016,2166,,1
10016,2197,outgoing,4
10016,2207,outandin,1
10016,2268,incoming,2
10016,2328,outandin,1
10016,2393,incoming,1
10016,2402,incoming,1
10016,2422,outgoing,3
10016,2429,outandin,1
10016,2441,outandin,1
10016,2479,outandin,1
10016,2607,outgoing,2
10016,2670,outandin,1
10016,2687,outandin,2
10016,2711,,9
10016,2724,incoming,1
10016,2742,,7
10016,2913,outgoing,2
10016,2942,outandin,1
10016,3035,outandin,2
10016,3089,,3
10016,3141,outgoing,6
10016,3154,outandin,1
10016,3155,outandin,2
10016,3187,,8
10016,3234,outandin,2
10016,3238,outgoing,1
10016,3255,,9
10016,3283,outandin,1
10016,3440,outandin,3
10016,3478,outandin,1
10016,3568,,6
10016,3612,,1
10016,3615,outgoing,1
10016,3678,outandin,1
10016,3682,outandin,1
10016,3688,outandin,1
10016,3706,outgoing,1
10016,3804,outandin,1
10016,3812,outandin,2
10016,3848,outgoing,1
10016,3875,outandin,1
10016,3880,,3
10016,3929,,2
10016,3935,outandin,1
10016,3949,outandin,2
10016,3990,outandin,1
10016,4003,incoming,2
10016,4025,,4
10016,4035,,3
10016,4039,,2
10016,4057,,1
10016,4104,outandin,1
10016,4107,,1
10016,4138,outandin,1
10016,4195,outandin,1
10016,4202,,6
10016,4252,outgoing,1
10016,4265,outandin,2
10016,4267,,4
10016,4350,,10
10016,4501,,7
10016,4516,outandin,1
10016,4552,outgoing,1
10016,4559,,4
10016,4635,incoming,4
10016,4718,outandin,1
10016,4729,incoming,1
10016,4736,outandin,2
10016,4759,,9
10016,4780,outandin,1
10016,4854,outandin,1
10016,4876,,2
10016,4906,incoming,1
10016,5008,,4
10016,5036,incoming,2
10016,5053,incoming,4
10016,5079,outgoing,1
10016,5128,outandin,1
10016,5160,incoming,1
10016,5186,outgoing,1
10016,5192,outandin,1
10016,5218,outandin,1
10016,5235,outgoing,4
10016,5236,incoming,1
10016,5283,outandin,1
10016,5300,,1
10016,5358,incoming,5
10016,5397,outandin,1
10016,5561,outandin,1
10016,5720,outandin,1
10016,5754,outandin,1
10016,5757,outandin,9
10016,5798,outandin,2
10016,5820,outandin,4
10016,5822,,3
10016,5873,outandin,1
10016,5892,outgoing,1
10016,6000,outandin,1
10016,6006,incoming,1
10016,6139,outandin,1
10016,6147,outandin,1
10016,6150,outandin,1
10016,6167,outgoing,1
10016,6175,,13
10016,6196,incoming,6
10016,6215,incoming,2
10016,6262,outandin,1
10016,6295,outandin,1
10016,6303,incoming,8
10016,6337,outandin,1
10016,6386,outandin,1
10016,6396,,5
10016,6421,outgoing,2
10016,6422,outandin,2
10016,6444,,2
10016,6460,outgoing,4
10016,6533,outandin,2
10016,6599,outandin,1
10016,6627,outgoing,3
10016,6687,outgoing,1
10016,6758,,1
10016,6819,outandin,1
10016,6893,outgoing,4
10016,6905,outandin,1
10016,6936,outgoing,1
10016,6984,,1
10016,7025,,5
10016,7086,incoming,6
10016,7109,incoming,1
10016,7137,outandin,1
10016,7163,outandin,3
10016,7169,outandin,1
10016,7214,outandin,1
10016,7240,outandin,1
10016,7256,outgoing,1
10016,7262,outgoing,1
10016,7327,incoming,1
10016,7336,outgoing,2
10016,7342,outandin,1
10016,7355,outandin,3
10016,7366,outandin,1
10016,7367,outandin,1
10016,7390,outandin,5
10016,7423,,4
10016,7500,outandin,3
10016,7523,,3
10016,7573,outandin,1
10016,7583,,3
10016,7601,,20
10016,7645,outandin,1
10016,7646,outandin,13
10016,7663,,6
10016,7677,,13
10016,7680,outgoing,3
10016,7702,,5
10016,7741,,4
10016,7795,outandin,1
10016,7865,outandin,1
10016,7906,outandin,1
10016,7924,outgoing,4
10016,7971,outandin,1
10016,8002,incoming,3
10016,8010,outandin,1
10016,8041,outandin,2
10016,8074,outgoing,4
10016,8103,outandin,1
10016,8124,outandin,1
10016,8150,outandin,3
10016,8194,outgoing,3
10016,8289,incoming,3
10016,8292,outandin,1
10016,8326,outgoing,5
10016,8394,,5
10016,8402,,1
10016,8410,,4
10016,8430,outgoing,1
10016,8445,incoming,1
10016,8539,outandin,1
10016,8583,incoming,8
10016,8585,incoming,3
10016,8656,outgoing,3
10016,8661,outgoing,1
10016,8679,outandin,1
10016,8738,outandin,1
10016,8777,outgoing,2
10016,8811,outandin,1
10016,8823,outandin,24
10016,8829,outandin,1
10016,8848,outgoing,2
10016,8876,outandin,1
10016,8879,outandin,1
10016,8921,,6
10016,8970,incoming,1
10016,9061,outgoing,4
10016,9112,incoming,6
10016,9119,incoming,1
10016,9185,,10
10016,9210,outgoing,1
10016,9228,outandin,3
10016,9244,incoming,4
10016,9256,outgoing,1
10016,9258,outandin,2
10016,9318,outandin,1
10016,9334,outandin,1
10016,9346,outgoing,5
10016,9349,incoming,1
10016,9371,incoming,4
10016,9372,incoming,4
10016,9424,outgoing,4
10016,9452,outandin,2
10016,9480,incoming,5
10016,9492,outandin,5
10016,9494,incoming,2
10016,9511,outandin,1
10016,9515,outandin,1
10016,9533,,3
10016,9564,outgoing,2
10016,9571,incoming,1
10016,9590,incoming,4
10016,9606,outandin,9
10016,9658,incoming,1
10016,9673,outgoing,1
10016,9677,,13
10016,9689,outgoing,5
10016,9715,outandin,1
10016,9719,outgoing,2
10016,9732,outandin,3
10016,9736,outandin,1
10016,9742,outandin,1
10016,9747,outandin,4
10016,9756,outgoing,27
10016,9759,outandin,2
10016,9765,outandin,1
10016,9777,outandin,1
10016,9795,outandin,2
10016,9797,outandin,1
10016,9807,incoming,2
10016,9813,incoming,32
10016,9816,outandin,11
10016,9819,incoming,28
10016,9837,outandin,6
10016,9839,incoming,22
10016,9840,incoming,1
10016,9844,outandin,22
10016,9864,incoming,4
10016,9877,incoming,1
10016,9888,outandin,15
10016,9927,outandin,1
10016,9936,incoming,2
10016,9939,outandin,1
10016,9941,incoming,1
10073,1,incoming,76
10073,10,outandin,1
10073,75,incoming,2
10073,120,,595
10073,126,outandin,2
10073,139,outgoing,1
10073,242,,12
10073,270,outgoing,2
10073,296,,5
10073,305,incoming,1
10073,308,,71
10073,328,outandin,1
10073,333,,1
10073,345,outgoing,8
10073,363,outandin,1
10073,365,,134
10073,388,outandin,2
10073,477,,7
10073,512,outandin,2
10073,515,outandin,1
10073,539,outandin,2
10073,551,outandin,1
10073,556,outgoing,1
10073,577,outandin,7
10073,632,incoming,2
10073,647,,3
10073,676,outgoing,2
10073,708,outgoing,1
10073,764,outandin,3
10073,785,outgoing,1
10073,814,outandin,2
10073,844,outandin,1
10073,891,outandin,2
10073,931,outandin,1
10073,1014,incoming,2
10073,1031,incoming,3
10073,1076,outandin,2
10073,1083,outandin,1
10073,1146,outandin,1
10073,1152,,2
10073,1219,,4
10073,1234,outandin,1
10073,1239,outandin,1
10073,1248,outandin,1
10073,1286,outandin,1
10073,1345,outgoing,1
10073,1409,outgoing,4
10073,1443,outandin,3
10073,1526,outandin,1
10073,1540,incoming,1
10073,1568,outandin,1
10073,1576,,67
10073,1613,outandin,7
10073,1645,,5
10073,1670,,46
10073,1693,incoming,5
10073,1705,,1
10073,1720,outandin,3
10073,1728,,1
10073,1776,,3
10073,1777,,2
10073,1781,,1
10073,1806,incoming,1
10073,1835,outandin,2
10073,1893,outandin,1
10073,1909,outandin,1
10073,1911,,5
10073,1996,outgoing,1
10073,2006,,2
10073,2018,,12
10073,2065,outandin,1
10073,2088,outgoing,4
10073,2130,outandin,6
10073,2147,outandin,1
10073,2207,outgoing,1
10073,2210,,2
10073,2257,incoming,2
10073,2269,outandin,1
10073,2289,outandin,1
10073,2295,outandin,1
10073,2318,outandin,2
10073,2350,outandin,1
10073,2362,outandin,3
10073,2383,outandin,2
10073,2393,incoming,1
10073,2503,incoming,2
10073,2563,incoming,1
10073,2590,incoming,1
10073,2595,,3
10073,2612,,2
10073,2625,,6
10073,2663,incoming,1
10073,2667,,2
10073,2675,incoming,1
10073,2681,,3
10073,2710,outandin,2
10073,2736,outgoing,1
10073,2737,incoming,1
10073,2766,incoming,1
10073,2786,outandin,2
10073,2799,outandin,1
10073,2805,outandin,1
10073,2861,,2
10073,2887,outandin,1
10073,2888,outgoing,1
10073,2903,outandin,1
10073,2913,incoming,2
10073,3017,,4
10073,3025,outandin,1
10073,3070,outandin,1
10073,3082,,4
10073,3137,,3
10073,3169,,2
10073,3171,outandin,2
10073,3234,outandin,4
10073,3287,outgoing,5
10073,3352,outandin,1
10073,3372,outandin,1
10073,3381,incoming,1
10073,3406,outandin,1
10073,3410,outgoing,1
10073,3436,outandin,1
10073,3468,incoming,1
10073,3531,outandin,1
10073,3613,outgoing,1
10073,3682,,14
10073,3702,outandin,1
10073,3711,outgoing,1
10073,3839,outandin,1
10073,3858,outandin,2
10073,3860,incoming,1
10073,3874,,4
10073,3877,outgoing,3
10073,3927,,1
10073,3935,outandin,1
10073,3949,outandin,1
10073,3977,incoming,1
10073,3990,outandin,1
10073,3997,outandin,1
10073,4050,incoming,2
10073,4065,outandin,1
10073,4115,outgoing,2
10073,4119,incoming,2
10073,4149,incoming,1
10073,4181,outandin,3
10073,4221,,3
10073,4242,outandin,2
10073,4246,outandin,1
10073,4265,outandin,1
10073,4285,outandin,1
10073,4287,outgoing,3
10073,4330,outandin,2
10073,4350,outgoing,2
10073,4410,outandin,1
10073,4544,outgoing,1
10073,4585,incoming,1
10073,4614,incoming,1
10073,4638,outandin,1
10073,4695,incoming,3
10073,4706,,6
10073,4708,outandin,1
10073,4739,outandin,1
10073,4749,outandin,1
10073,4758,outandin,2
10073,4768,outgoing,1
10073,4821,outandin,1
10073,4846,,4
10073,4866,outgoing,1
10073,4872,outandin,1
10073,4880,outgoing,2
10073,4883,,9
10073,4934,outandin,2
10073,4950,outandin,1
10073,4969,outandin,1
10073,5044,outgoing,1
10073,5047,outandin,1
10073,5049,outandin,2
10073,5053,outandin,1
10073,5122,outandin,1
10073,5128,outandin,1
10073,5186,,7
10073,5204,incoming,2
10073,5218,outgoing,2
10073,5287,,5
10073,5313,outandin,1
10073,5321,outandin,1
10073,5400,,1
10073,5444,,1
10073,5445,outgoing,4
10073,5452,outgoing,2
10073,5468,outgoing,7
10073,5497,outandin,1
10073,5506,outgoing,1
10073,5535,incoming,9
10073,5550,outandin,1
10073,5627,incoming,1
10073,5640,,4
10073,5646,,6
10073,5720,,12
10073,5731,,2
10073,5737,outandin,2
10073,5752,,1
10073,5794,,3
10073,5801,outandin,1
10073,5802,,4
10073,5832,,1
10073,5845,incoming,1
10073,5885,outandin,1
10073,5924,outgoing,2
10073,5952,incoming,2
10073,5977,incoming,6
10073,6092,outandin,1
10073,6110,outandin,1
10073,6116,outandin,2
10073,6170,incoming,16
10073,6262,incoming,1
10073,6266,,8
10073,6303,incoming,9
10073,6318,,3
10073,6393,outgoing,1
10073,6403,outgoing,1
10073,6433,outandin,3
10073,6444,,3
10073,6447,incoming,1
10073,6448,incoming,1
10073,6458,,2
10073,6463,,1
10073,6494,outandin,2
10073,6552,,1
10073,6563,outandin,1
10073,6566,incoming,1
10073,6599,outgoing,1
10073,6614,,4
10073,6659,incoming,1
10073,6669,incoming,2
10073,6687,outandin,1
10073,6733,,6
10073,6811,,1
10073,6843,outandin,1
10073,6865,,3
10073,6867,incoming,2
10073,6881,,7
10073,6898,,5
10073,7007,outandin,1
10073,7010,incoming,2
10073,7052,,4
10073,7110,outandin,1
10073,7116,outgoing,1
10073,7135,incoming,2
10073,7163,outandin,1
10073,7176,incoming,3
10073,7237,incoming,3
10073,7240,outandin,2
10073,7289,outgoing,2
10073,7295,outandin,1
10073,7326,outandin,1
10073,7327,outandin,1
10073,7336,,3
10073,7342,outandin,1
10073,7352,outgoing,1
10073,7355,outgoing,4
10073,7360,outandin,1
10073,7385,,10
10073,7390,outgoing,2
10073,7393,incoming,3
10073,7406,outandin,1
10073,7423,incoming,3
10073,7434,outgoing,1
10073,7470,,3
10073,7479,outgoing,1
10073,7482,,2
10073,7486,outgoing,1
10073,7506,outgoing,2
10073,7516,outgoing,1
10073,7581,,17
10073,7711,outandin,1
10073,7762,outandin,1
10073,7763,outandin,2
10073,7795,outandin,1
10073,7910,incoming,2
10073,7922,outandin,1
10073,7966,incoming,1
10073,7969,outgoing,4
10073,7986,outandin,2
10073,8002,,14
10073,8010,outgoing,1
10073,8012,,47
10073,8074,outgoing,2
10073,8103,,2
10073,8112,outandin,1
10073,8233,,4
10073,8292,incoming,2
10073,8306,outandin,1
10073,8333,outgoing,1
10073,8334,outandin,2
10073,8359,,5
10073,8391,,4
10073,8402,outgoing,1
10073,8423,outgoing,2
10073,8430,outandin,1
10073,8433,outgoing,6
10073,8435,,1
10073,8445,outandin,1
10073,8464,,4
10073,8469,,6
10073,8490,incoming,3
10073,8566,,3
10073,8586,,1
10073,8636,outandin,1
10073,8643,outandin,1
10073,8656,outgoing,5
10073,8661,outgoing,1
10073,8667,incoming,3
10073,8669,outgoing,1
10073,8675,outandin,2
10073,8679,outandin,11
10073,8680,outandin,3
10073,8684,outgoing,3
10073,8687,outandin,4
10073,8724,,9
10073,8728,outandin,3
10073,8739,outandin,2
10073,8761,,4
10073,8789,outandin,1
10073,8795,outgoing,1
10073,8810,outandin,1
10073,8815,outandin,5
10073,8837,outandin,1
10073,8851,outandin,1
10073,8868,,1
10073,8884,outandin,1
10073,8904,outgoing,1
10073,8958,incoming,4
10073,8970,outandin,1
10073,9019,incoming,1
10073,9027,outandin,1
10073,9032,outgoing,6
10073,9042,outandin,4
10073,9052,outandin,4
10073,9061,outgoing,3
10073,9112,incoming,3
10073,9118,outgoing,1
10073,9140,outandin,2
10073,9141,outgoing,3
10073,9157,outgoing,5
10073,9162,outgoing,3
10073,9169,outgoing,2
10073,9171,outandin,1
10073,9172,outgoing,6
10073,9177,outgoing,5
10073,9191,outgoing,1
10073,9193,incoming,3
10073,9202,outandin,1
10073,9228,outandin,6
10073,9244,incoming,14
10073,9256,,4
10073,9258,incoming,8
10073,9262,outgoing,2
10073,9279,outgoing,3
10073,9297,outandin,1
10073,9299,,16
10073,9309,outgoing,1
10073,9315,outgoing,2
10073,9322,,2
10073,9326,outgoing,2
10073,9339,outandin,3
10073,9349,outandin,1
10073,9355,,1
10073,9373,outandin,2
10073,9397,incoming,1
10073,9405,outgoing,1
10073,9453,,1
10073,9463,outgoing,2
10073,9464,outandin,3
10073,9519,outandin,2
10073,9520,incoming,2
10073,9533,,3
10073,9556,outgoing,9
10073,9567,,4
10073,9569,outandin,14
10073,9571,outandin,1
10073,9572,outgoing,2
10073,9575,outgoing,8
10073,9584,outgoing,17
10073,9590,outandin,3
10073,9596,outgoing,6
10073,9603,outgoing,1
10073,9610,outgoing,5
10073,9612,incoming,1
10073,9619,outandin,2
10073,9620,outandin,1
10073,9644,,2
10073,9652,outgoing,1
10073,9653,outandin,1
10073,9656,outandin,1
10073,9662,outandin,2
10073,9663,,3
10073,9676,outgoing,1
10073,9681,outandin,1
10073,9693,outandin,4
10073,9705,outandin,8
10073,9719,outandin,4
10073,9720,outandin,8
10073,9726,outgoing,8
10073,9734,,49
10073,9742,incoming,6
10073,9747,outandin,3
10073,9759,outandin,5
10073,9763,outandin,3
10073,9765,outandin,1
10073,9766,outandin,2
10073,9767,incoming,23
10073,9769,incoming,14
10073,9777,outandin,1
10073,9783,outandin,10
10073,9795,outandin,3
10073,9799,incoming,7
10073,9800,outandin,1
10073,9810,incoming,2
10073,9819,outandin,3
10073,9824,outandin,5
10073,9829,incoming,11
10073,9843,outandin,4
10073,9864,incoming,1
10073,9874,incoming,2
10073,9883,incoming,3
10073,9884,incoming,1
10073,9888,outandin,6
10073,9909,outandin,1
10073,9924,incoming,1
10073,9928,incoming,1
10006,7,,1
10006,101,,19
10006,114,,4
10006,126,,4
10006,145,,24
10006,242,outgoing,1
10006,248,incoming,7
10006,388,outandin,2
10006,418,,30
10006,483,outandin,1
10006,491,,7
10006,594,incoming,1
10006,781,,6
10006,827,outandin,1
10006,884,outandin,1
10006,887,,45
10006,892,,32
10006,903,,15
10006,938,,24
10006,956,,78
10006,1037,outandin,1
10006,1054,outgoing,34
10006,1084,,2
10006,1099,,16
10006,1188,,33
10006,1204,,6
10006,1206,,2
10006,1209,,4
10006,1399,,3
10006,1455,,4
10006,1494,outgoing,3
10006,1540,,2
10006,1680,,1
10006,1728,,37
10006,1929,incoming,5
10006,1935,outandin,12
10006,1941,,26
10006,1974,,3
10006,1987,incoming,2
10006,2042,incoming,11
10006,2110,outandin,1
10006,2115,,2
10006,2123,outgoing,2
10006,2212,incoming,1
10006,2268,outandin,1
10006,2500,,2
10006,2516,,5
10006,2537,,4
10006,2544,outgoing,2
10006,2735,incoming,10
10006,2851,,4
10006,2856,,4
10006,2922,,5
10006,3063,,13
10006,3065,outandin,1
10006,3089,incoming,2
10006,3090,,3
10006,3103,outandin,1
10006,3174,outgoing,1
10006,3212,outandin,2
10006,3365,,2
10006,3376,outgoing,1
10006,3448,outandin,1
10006,3570,,12
10006,3580,outandin,1
10006,3620,,8
10006,3657,outandin,1
10006,3680,outandin,1
10006,3702,outandin,2
10006,3724,incoming,1
10006,3785,,5
10006,3857,,5
10006,3861,,6
10006,3865,,13
10006,3923,outandin,1
10006,4036,,2
10006,4041,outandin,4
10006,4241,,14
10006,4245,,1
10006,4380,outgoing,6
10006,4440,,7
10006,4477,,4
10006,4508,,15
10006,4518,,10
10006,4626,,7
10006,4632,,51
10006,4836,,9
10006,4871,outgoing,7
10006,4907,,1
10006,4951,,3
10006,4971,outandin,1
10006,5009,outandin,1
10006,5027,incoming,6
10006,5059,outgoing,1
10006,5385,,5
10006,5401,,8
10006,5575,,2
10006,5639,,30
10006,5641,outgoing,1
10006,5663,,12
10006,5747,,1
10006,5784,,3
10006,5881,outandin,2
10006,5892,incoming,1
10006,5903,outandin,1
10006,6017,,4
10006,6051,,4
10006,6056,,17
10006,6064,incoming,2
10006,6096,outandin,1
10006,6122,,9
10006,6183,,76
10006,6199,,14
10006,6244,,15
10006,6269,outandin,1
10006,6292,outgoing,1
10006,6295,outandin,2
10006,6312,,23
10006,6317,outandin,1
10006,6337,incoming,2
10006,6374,outandin,1
10006,6384,outandin,1
10006,6401,outgoing,4
10006,6469,outandin,1
10006,6525,incoming,2
10006,6536,incoming,1
10006,6544,,55
10006,6552,,7
10006,6608,outgoing,6
10006,6659,,2
10006,6708,,12
10006,6729,,1
10006,6778,incoming,3
10006,6923,,9
10006,6945,incoming,1
10006,6955,,3
10006,6964,outgoing,3
10006,7100,,26
10006,7134,,8
10006,7145,,6
10006,7178,incoming,1
10006,7213,,6
10006,7240,outandin,1
10006,7324,incoming,5
10006,7334,,4
10006,7411,outandin,2
10006,7421,,6
10006,7438,outandin,1
10006,7456,,2
10006,7498,,2
10006,7519,,4
10006,7554,,12
10006,7656,outandin,5
10006,7685,,3
10006,7730,outandin,1
10006,7951,outgoing,1
10006,7982,,2
10006,8007,,14
10006,8014,,1
10006,8113,incoming,8
10006,8181,incoming,1
10006,8186,,28
10006,8206,incoming,1
10006,8216,,1
10006,8349,outgoing,7
10006,8401,,5
10006,8514,,3
10006,8516,outgoing,6
10006,8552,incoming,3
10006,8558,,7
10006,8571,,15
10006,8630,outgoing,4
10006,8728,incoming,2
10006,8818,outgoing,3
10006,8819,outgoing,4
10006,8830,,14
10006,8843,outgoing,6
10006,8945,,5
10006,9018,outgoing,1
10006,9023,incoming,1
10006,9122,,4
10006,9135,,3
10006,9211,outgoing,1
10006,9234,,27
10006,9242,outandin,1
10006,9279,outgoing,19
10006,9316,,3
10006,9329,incoming,5
10006,9346,,1
10006,9393,outandin,1
10006,9394,outgoing,4
10006,9511,incoming,4
10006,9568,,16
10006,9614,,11
10006,9625,incoming,1
10006,9641,outgoing,12
10006,9719,outandin,1
10006,9742,,1
10006,9752,outandin,1
10006,9888,outandin,1
10006,9895,incoming,1
10006,9924,incoming,3
10055,15,incoming,1
10055,89,outandin,1
10055,94,outandin,3
10055,139,,4
10055,158,outandin,2
10055,196,outgoing,3
10055,209,incoming,3
10055,217,outandin,1
10055,230,outgoing,4
10055,231,,2
10055,265,outandin,4
10055,306,outgoing,1
10055,363,,2
10055,388,outandin,1
10055,412,incoming,1
10055,448,outgoing,3
10055,451,,1
10055,497,,1
10055,498,,2
10055,545,incoming,1
10055,554,,1
10055,568,outgoing,1
10055,579,outgoing,1
10055,587,outandin,1
10055,589,,1
10055,596,incoming,2
10055,646,outandin,1
10055,647,outandin,1
10055,654,outandin,1
10055,683,outandin,1
10055,691,,2
10055,703,outgoing,1
10055,719,incoming,1
10055,720,outgoing,1
10055,721,outandin,1
10055,755,,1
10055,785,outandin,2
10055,800,outgoing,2
10055,814,outandin,1
10055,885,outandin,1
10055,892,outandin,1
10055,930,,1
10055,941,outandin,1
10055,949,outandin,3
10055,951,incoming,4
10055,960,incoming,1
10055,1038,outandin,1
10055,1043,,2
10055,1048,,2
10055,1088,outandin,2
10055,1128,outandin,2
10055,1132,outandin,1
10055,1140,outandin,1
10055,1154,outgoing,1
10055,1157,incoming,3
10055,1160,outandin,1
10055,1185,outandin,1
10055,1238,outgoing,40
10055,1248,outgoing,2
10055,1253,,33
10055,1266,,2
10055,1306,outandin,1
10055,1350,outandin,1
10055,1402,,2
10055,1414,outandin,3
10055,1421,outandin,1
10055,1456,outgoing,2
10055,1471,outgoing,5
10055,1510,,1
10055,1527,,7
10055,1528,outandin,1
10055,1530,,2
10055,1554,,5
10055,1557,outandin,1
10055,1580,incoming,1
10055,1583,outandin,1
10055,1589,outandin,1
10055,1593,,5
10055,1598,incoming,1
10055,1613,incoming,7
10055,1667,outandin,1
10055,1682,outgoing,4
10055,1693,outandin,1
10055,1720,incoming,2
10055,1723,outandin,1
10055,1745,outandin,1
10055,1774,outandin,1
10055,1781,outgoing,1
10055,1786,outandin,1
10055,1793,,2
10055,1796,,1
10055,1799,outgoing,4
10055,1818,,4
10055,1830,outandin,1
10055,1872,,2
10055,1893,,3
10055,1915,,1
10055,1920,outandin,1
10055,1939,incoming,3
10055,1947,outandin,1
10055,1973,outandin,1
10055,1996,,2
10055,2040,,4
10055,2044,outgoing,1
10055,2124,outgoing,1
10055,2145,,1
10055,2162,,1
10055,2167,outandin,1
10055,2196,incoming,1
10055,2198,outandin,1
10055,2210,outgoing,9
10055,2227,outandin,1
10055,2236,outandin,1
10055,2256,outandin,1
10055,2268,outandin,1
10055,2328,outandin,1
10055,2337,outandin,2
10055,2433,,1
10055,2437,,2
10055,2446,,1
10055,2459,incoming,1
10055,2494,,13
10055,2511,,8
10055,2568,outgoing,3
10055,2662,outgoing,2
10055,2667,outandin,3
10055,2717,,1
10055,2718,,6
10055,2736,,2
10055,2737,,1
10055,2756,outandin,1
10055,2769,,5
10055,2786,outandin,2
10055,2799,,1
10055,2804,outgoing,4
10055,2825,,2
10055,2826,outandin,1
10055,2840,outgoing,1
10055,2875,incoming,6
10055,2885,outandin,1
10055,2887,outandin,1
10055,2888,outgoing,1
10055,2948,,2
10055,3014,outandin,1
10055,3037,outgoing,1
10055,3046,outgoing,4
10055,3049,outandin,1
10055,3116,outandin,1
10055,3128,,1
10055,3141,outgoing,2
10055,3142,outandin,1
10055,3171,,73
10055,3173,outandin,1
10055,3174,,10
10055,3222,outandin,1
10055,3239,outandin,1
10055,3276,outandin,1
10055,3292,incoming,2
10055,3316,,1
10055,3332,outgoing,1
10055,3342,incoming,1
10055,3345,outandin,1
10055,3352,outandin,1
10055,3365,,27
10055,3372,incoming,3
10055,3399,,1
10055,3448,outandin,2
10055,3465,outgoing,3
10055,3473,outandin,2
10055,3505,,3
10055,3506,incoming,2
10055,3517,incoming,1
10055,3531,outandin,2
10055,3589,outandin,1
10055,3598,outandin,2
10055,3612,outandin,1
10055,3613,,2
10055,3621,outgoing,2
10055,3682,,6
10055,3687,outgoing,1
10055,3722,outgoing,5
10055,3724,incoming,2
10055,3732,outgoing,1
10055,3770,incoming,1
10055,3792,,3
10055,3804,outgoing,1
10055,3830,outandin,2
10055,3831,,3
10055,3854,outandin,1
10055,3858,incoming,4
10055,3859,outgoing,1
10055,3875,outandin,1
10055,3890,,1
10055,3896,outandin,2
10055,3911,,5
10055,3916,,2
10055,3919,outgoing,176
10055,3935,outandin,2
10055,3957,outandin,1
10055,3972,,5
10055,3977,incoming,1
10055,4055,outandin,1
10055,4057,,15
10055,4075,,1
10055,4096,,1
10055,4109,,1
10055,4132,outandin,1
10055,4205,outandin,1
10055,4222,outandin,1
10055,4238,outandin,4
10055,4242,,2
10055,4250,outandin,1
10055,4271,outgoing,1
10055,4304,,3
10055,4323,,4
10055,4342,outandin,1
10055,4395,outandin,3
10055,4410,outandin,1
10055,4461,outgoing,1
10055,4472,,6
10055,4503,,3
10055,4554,incoming,1
10055,4641,outgoing,1
10055,4701,outandin,1
10055,4717,outandin,3
10055,4720,outandin,3
10055,4761,outandin,1
10055,4794,,2
10055,4801,,4
10055,4821,outgoing,12
10055,4854,outandin,1
10055,4856,incoming,1
10055,4876,outandin,2
10055,4879,incoming,1
10055,4891,incoming,3
10055,4902,outgoing,1
10055,4913,,1
10055,4922,outandin,1
10055,4924,outandin,1
10055,4928,outgoing,2
10055,4951,,1
10055,4955,outandin,3
10055,4967,,8
10055,4970,outandin,1
10055,4977,outandin,1
10055,4981,,2
10055,4992,,1
10055,5004,incoming,2
10055,5023,outandin,1
10055,5031,incoming,1
10055,5053,incoming,5
10055,5076,outgoing,1
10055,5106,outgoing,6
10055,5107,,2
10055,5139,,1
10055,5160,outandin,2
10055,5236,outandin,1
10055,5239,incoming,4
10055,5242,outgoing,5
10055,5265,incoming,3
10055,5330,,3
10055,5331,,1
10055,5360,,1
10055,5414,outandin,1
10055,5423,outgoing,1
10055,5443,outgoing,4
10055,5449,outandin,1
10055,5467,outgoing,1
10055,5477,outgoing,3
10055,5512,,4
10055,5550,outandin,5
10055,5574,incoming,2
10055,5585,outandin,1
10055,5714,outgoing,2
10055,5723,outandin,4
10055,5738,outandin,1
10055,5749,,3
10055,5759,,8
10055,5769,,1
10055,5790,,2
10055,5820,,3
10055,5825,incoming,19
10055,5831,,1
10055,5849,outandin,5
10055,5860,outgoing,1
10055,5896,outgoing,1
10055,5916,,1
10055,6077,incoming,3
10055,6094,,2
10055,6119,outgoing,1
10055,6141,outandin,3
10055,6161,,16
10055,6215,outandin,2
10055,6229,outgoing,2
10055,6262,outgoing,1
10055,6275,outgoing,3
10055,6286,,2
10055,6298,incoming,1
10055,6302,outgoing,2
10055,6321,outandin,1
10055,6345,outandin,1
10055,6354,outandin,3
10055,6360,,2
10055,6382,,1
10055,6422,outgoing,1
10055,6454,outandin,1
10055,6463,outgoing,1
10055,6494,outandin,1
10055,6533,outandin,4
10055,6546,incoming,1
10055,6549,outandin,1
10055,6577,outandin,1
10055,6583,outandin,1
10055,6589,outandin,1
10055,6594,,7
10055,6595,,1
10055,6611,outandin,1
10055,6612,incoming,2
10055,6626,outgoing,2
10055,6649,,3
10055,6659,outandin,1
10055,6687,outgoing,6
10055,6691,,10
10055,6728,outandin,1
10055,6737,outgoing,1
10055,6746,outandin,2
10055,6810,incoming,2
10055,6817,outgoing,1
10055,6823,outandin,1
10055,6841,outandin,1
10055,6865,outandin,1
10055,6869,,3
10055,6872,outgoing,3
10055,6877,,4
10055,6980,,2
10055,7007,outgoing,10
10055,7044,,2
10055,7050,,14
10055,7154,incoming,1
10055,7163,outgoing,1
10055,7168,,2
10055,7205,outandin,1
10055,7226,outgoing,4
10055,7237,incoming,1
10055,7257,,2
10055,7260,outandin,1
10055,7298,outgoing,2
10055,7343,incoming,1
10055,7350,outandin,1
10055,7351,incoming,17
10055,7355,outandin,3
10055,7367,outandin,1
10055,7415,outandin,2
10055,7455,,2
10055,7479,outgoing,2
10055,7503,outandin,1
10055,7506,outandin,1
10055,7511,incoming,2
10055,7538,outandin,2
10055,7573,outgoing,1
10055,7584,,2
10055,7686,outandin,2
10055,7688,outandin,1
10055,7696,incoming,10
10055,7763,outandin,1
10055,7802,incoming,1
10055,7814,outandin,1
10055,7822,,4
10055,7862,outgoing,3
10055,7889,outgoing,5
10055,7910,outandin,1
10055,7922,outandin,1
10055,7923,,1
10055,7950,outandin,2
10055,7963,,1
10055,7986,,1
10055,8002,,3
10055,8010,incoming,1
10055,8037,,3
10055,8052,outandin,1
10055,8077,outandin,1
10055,8088,outandin,1
10055,8101,incoming,3
10055,8112,incoming,1
10055,8114,outandin,1
10055,8124,outandin,1
10055,8205,outandin,1
10055,8213,outandin,2
10055,8215,,1
10055,8226,outgoing,1
10055,8233,outgoing,1
10055,8247,incoming,3
10055,8305,outandin,1
10055,8354,outandin,2
10055,8398,outgoing,1
10055,8404,outgoing,1
10055,8430,outandin,1
10055,8476,outandin,2
10055,8501,incoming,3
10055,8520,outandin,19
10055,8540,,7
10055,8733,outandin,1
10055,8769,,1
10055,8808,,3
10055,8813,,9
10055,8867,,1
10055,8870,outgoing,2
10055,8952,,1
10055,8958,,3
10055,9011,outandin,2
10055,9081,incoming,2
10055,9129,outgoing,3
10055,9157,outandin,1
10055,9171,outandin,1
10055,9217,incoming,3
10055,9240,outandin,1
10055,9244,incoming,3
10055,9258,incoming,1
10055,9309,outandin,1
10055,9350,,3
10055,9374,outgoing,1
10055,9399,,4
10055,9459,outgoing,1
10055,9535,,3
10055,9541,outandin,1
10055,9559,incoming,2
10055,9584,outandin,1
10055,9663,outandin,1
10055,9720,outandin,1
10055,9769,incoming,10
10055,9777,outandin,1
10055,9783,outandin,1
10055,9800,outandin,1
10055,9825,outandin,13
10055,9837,outandin,36
10055,9856,outandin,1
10055,9863,incoming,3
10077,15,outandin,1
10077,171,,3
10077,181,outgoing,1
10077,333,outandin,1
10077,359,incoming,1
10077,408,,8
10077,469,,9
10077,497,outandin,1
10077,534,outandin,2
10077,549,incoming,3
10077,587,outandin,1
10077,589,outandin,1
10077,643,,22
10077,647,outandin,1
10077,651,,19
10077,653,,5
10077,720,,1
10077,721,outandin,3
10077,764,incoming,2
10077,791,outandin,3
10077,811,,2
10077,840,,6
10077,930,outandin,3
10077,936,outgoing,1
10077,977,outandin,2
10077,1144,outandin,1
10077,1185,incoming,1
10077,1218,,3
10077,1248,outandin,2
10077,1270,,20
10077,1311,outandin,1
10077,1390,,1
10077,1510,,14
10077,1511,,3
10077,1594,,5
10077,1613,outandin,1
10077,1774,incoming,1
10077,1894,outandin,1
10077,2019,outgoing,3
10077,2069,outgoing,1
10077,2098,,22
10077,2176,outandin,3
10077,2196,,4
10077,2261,incoming,1
10077,2321,,3
10077,2378,,7
10077,2429,outgoing,3
10077,2445,outandin,1
10077,2481,,3
10077,2490,,12
10077,2508,outgoing,1
10077,2590,,2
10077,2717,outgoing,2
10077,2766,,10
10077,2860,,3
10077,2934,outgoing,2
10077,2957,outgoing,2
10077,3020,,3
10077,3134,outgoing,1
10077,3186,,9
10077,3271,incoming,1
10077,3336,,7
10077,3436,,9
10077,3452,,3
10077,3478,outandin,1
10077,3543,outgoing,5
10077,3548,incoming,6
10077,3573,outandin,3
10077,3649,incoming,1
10077,3700,,12
10077,3706,outgoing,4
10077,3711,outandin,1
10077,3714,outgoing,1
10077,3748,outandin,1
10077,3750,,6
10077,3771,outgoing,3
10077,3855,,1
10077,3873,,4
10077,3919,outandin,1
10077,3933,outandin,1
10077,3975,outandin,1
10077,4047,,4
10077,4193,outgoing,9
10077,4206,,7
10077,4279,outgoing,10
10077,4281,,8
10077,4293,outandin,1
10077,4361,,5
10077,4367,,4
10077,4371,outgoing,4
10077,4415,,3
10077,4471,outgoing,7
10077,4532,,3
10077,4634,outgoing,1
10077,4687,,18
10077,4695,outandin,1
10077,4733,outandin,4
10077,4748,,1
10077,4752,outandin,1
10077,4758,outandin,1
10077,4797,,16
10077,4816,,5
10077,4915,outandin,1
10077,4960,,2
10077,4989,,12
10077,5020,outgoing,5
10077,5047,outandin,2
10077,5181,outandin,2
10077,5242,outgoing,1
10077,5567,outgoing,1
10077,5590,outandin,1
10077,5677,,2
10077,5738,outgoing,7
10077,5744,incoming,3
10077,5802,incoming,4
10077,5855,incoming,1
10077,5877,,2
10077,5924,outgoing,2
10077,5927,outgoing,1
10077,5977,incoming,1
10077,6054,,1
10077,6074,outgoing,3
10077,6146,,13
10077,6159,,6
10077,6458,incoming,1
10077,6461,outandin,1
10077,6515,,2
10077,6549,,7
10077,6654,outandin,2
10077,6657,,4
10077,6670,,2
10077,6752,incoming,2
10077,6802,incoming,2
10077,6993,outandin,1
10077,7028,,5
10077,7053,outandin,1
10077,7327,,2
10077,7355,outgoing,1
10077,7385,outgoing,2
10077,7386,outgoing,9
10077,7392,,2
10077,7465,incoming,13
10077,7521,,3
10077,7573,outandin,1
10077,7604,incoming,11
10077,7716,,39
10077,7722,,1
10077,7737,outandin,1
10077,7762,outgoing,3
10077,7812,outandin,19
10077,7827,,6
10077,7832,outandin,1
10077,7837,outandin,2
10077,7841,incoming,1
10077,7876,outandin,1
10077,7934,outandin,1
10077,7948,incoming,1
10077,8003,,6
10077,8013,incoming,1
10077,8073,outandin,1
10077,8116,outandin,1
10077,8205,,2
10077,8206,incoming,1
10077,8236,incoming,4
10077,8306,outandin,2
10077,8388,outandin,1
10077,8496,outgoing,1
10077,8718,,11
10077,8810,outandin,1
10077,8837,outandin,3
10077,8861,outandin,2
10077,8867,,8
10077,8876,incoming,1
10077,8879,,14
10077,8922,,3
10077,8949,outandin,1
10077,9119,,4
10077,9250,outandin,3
10077,9275,outgoing,3
10077,9285,incoming,1
10077,9313,,2
10077,9438,,12
10077,9489,,1
10077,9541,,18
10077,9584,,36
10077,9596,outgoing,1
10077,9643,,48
10077,9653,,4
10077,9666,outandin,1
10077,9704,outandin,1
10077,9705,outandin,1
10077,9781,outandin,1
10077,9785,outandin,1
10077,9788,incoming,7
10077,9820,incoming,53
10077,9826,outandin,3
10077,9863,outandin,2
10077,9888,outandin,3
10077,9911,incoming,7
10077,9920,incoming,2
10147,92,,1
10147,113,outandin,2
10147,268,,3
10147,300,outandin,1
10147,325,,1
10147,328,incoming,4
10147,463,incoming,10
10147,489,,6
10147,514,incoming,4
10147,574,,30
10147,685,,11
10147,765,outgoing,2
10147,786,,3
10147,826,,23
10147,851,outandin,1
10147,944,,1
10147,963,,16
10147,970,,11
10147,982,,12
10147,984,,4
10147,1015,,22
10147,1032,,5
10147,1086,,11
10147,1181,,10
10147,1190,,7
10147,1199,,3
10147,1201,outandin,1
10147,1340,,12
10147,1352,,3
10147,1363,,9
10147,1394,outgoing,1
10147,1414,outandin,2
10147,1460,,8
10147,1609,,5
10147,1621,,4
10147,1634,outgoing,5
10147,1638,,33
10147,2141,outgoing,5
10147,2276,,5
10147,2701,,27
10147,2759,incoming,4
10147,2893,outgoing,2
10147,3041,,10
10147,3196,,6
10147,3433,outandin,2
10147,3495,incoming,2
10147,3577,,48
10147,3589,,4
10147,3658,outgoing,3
10147,3890,,2
10147,3897,,3
10147,4112,outandin,3
10147,4166,outandin,1
10147,4172,,4
10147,4236,,5
10147,4393,,4
10147,4424,,4
10147,4433,,4
10147,4459,,35
10147,4514,,8
10147,4638,outgoing,2
10147,4725,,5
10147,4852,,4
10147,4928,,4
10147,5007,,8
10147,5088,,9
10147,5117,,12
10147,5255,,10
10147,5280,outgoing,3
10147,5454,,6
10147,5481,,3
10147,5484,outgoing,2
10147,5497,outgoing,1
10147,5585,outgoing,1
10147,5806,,12
10147,5828,,7
10147,5846,outgoing,4
10147,5870,,3
10147,5886,,15
10147,6010,outandin,1
10147,6018,,9
10147,6049,,12
10147,6099,outandin,1
10147,6211,,8
10147,6392,outandin,4
10147,6412,,7
10147,6428,outgoing,2
10147,6538,incoming,3
10147,6564,,7
10147,6566,,13
10147,6674,,2
10147,6710,incoming,1
10147,6713,,14
10147,6738,outgoing,1
10147,6744,outandin,1
10147,6783,outandin,3
10147,6786,,3
10147,7155,,16
10147,7235,,16
10147,7317,outandin,1
10147,7341,,4
10147,7380,,1
10147,7437,,20
10147,7442,outgoing,3
10147,7470,incoming,1
10147,7563,,8
10147,7567,,22
10147,7589,,9
10147,7610,,6
10147,7890,outandin,1
10147,7950,outandin,1
10147,7993,,12
10147,7994,,7
10147,8216,outandin,2
10147,8221,,10
10147,8243,,10
10147,8277,,3
10147,8380,outandin,1
10147,8482,outgoing,1
10147,8656,outandin,1
10147,8680,incoming,1
10147,8829,outandin,1
10147,8979,outgoing,2
10147,9110,,21
10147,9122,outgoing,2
10147,9318,,36
10147,9482,,8
10147,9484,outgoing,11
10147,9523,outgoing,8
10147,9563,outgoing,15
10147,9590,outandin,1
10147,9628,incoming,17
10147,9723,,21
10147,9808,incoming,9
10147,9810,incoming,25
10147,9837,outandin,5
10147,9938,incoming,2
10017,75,,6
10017,105,incoming,1
10017,146,,26
10017,170,outandin,1
10017,171,outandin,1
10017,196,,2
10017,240,outgoing,3
10017,279,,2
10017,328,outandin,1
10017,483,incoming,2
10017,498,outandin,1
10017,541,incoming,4
10017,577,outandin,9
10017,646,,3
10017,659,,1
10017,705,,1
10017,724,,19
10017,739,,56
10017,767,,110
10017,914,outandin,2
10017,1003,,50
10017,1053,,26
10017,1054,outgoing,1
10017,1172,,1
10017,1236,outandin,1
10017,1238,,6
10017,1258,outandin,1
10017,1263,,2
10017,1287,,9
10017,1431,outandin,3
10017,1435,incoming,6
10017,1598,outandin,2
10017,1667,outandin,2
10017,1698,,1
10017,1776,outandin,1
10017,1794,,1
10017,1827,outandin,1
10017,1840,,10
10017,1866,outandin,2
10017,1979,,13
10017,1987,,2
10017,2075,,6
10017,2173,,7
10017,2228,outandin,1
10017,2293,,6
10017,2313,,16
10017,2364,outgoing,2
10017,2369,outgoing,1
10017,2384,,3
10017,2429,outandin,1
10017,2585,outgoing,1
10017,2601,outandin,1
10017,2607,outgoing,10
10017,2642,,2
10017,2718,outandin,2
10017,2731,,9
10017,2744,incoming,1
10017,2775,outgoing,1
10017,2795,outandin,1
10017,2807,outgoing,1
10017,2819,,14
10017,2880,outandin,1
10017,2888,,2
10017,2990,incoming,1
10017,3027,outandin,1
10017,3123,,1
10017,3207,outandin,3
10017,3234,outandin,3
10017,3278,outgoing,5
10017,3448,outandin,1
10017,3511,,2
10017,3583,,1
10017,3611,,10
10017,3677,outgoing,2
10017,3725,incoming,3
10017,3771,outandin,2
10017,3773,,13
10017,3792,outandin,1
10017,3841,,7
10017,3929,outandin,1
10017,4068,,6
10017,4096,outandin,1
10017,4117,outandin,1
10017,4136,outandin,1
10017,4380,outandin,4
10017,4428,outandin,4
10017,4446,,12
10017,4484,,2
10017,4614,outandin,1
10017,4678,,12
10017,4906,,2
10017,4953,outandin,1
10017,5063,outandin,2
10017,5128,outandin,2
10017,5132,outandin,1
10017,5150,outgoing,4
10017,5219,,3
10017,5285,outgoing,32
10017,5369,,32
10017,5423,outgoing,3
10017,5479,outgoing,4
10017,5504,incoming,1
10017,5548,,12
10017,5551,,18
10017,5585,,1
10017,5638,outgoing,1
10017,5811,outandin,1
10017,5822,,6
10017,5825,incoming,1
10017,5849,outandin,1
10017,5860,outandin,1
10017,5871,,5
10017,5891,outandin,2
10017,5992,outandin,2
10017,6033,outandin,2
10017,6043,,14
10017,6056,outandin,1
10017,6063,,1
10017,6076,outandin,2
10017,6079,,8
10017,6139,outandin,2
10017,6167,outandin,2
10017,6359,,5
10017,6403,,15
10017,6406,outgoing,1
10017,6428,outgoing,1
10017,6445,outandin,1
10017,6460,outandin,1
10017,6498,,2
10017,6555,outgoing,5
10017,6588,,5
10017,6589,outandin,3
10017,6644,incoming,2
10017,6659,outandin,1
10017,6702,outandin,1
10017,6707,incoming,4
10017,6716,incoming,1
10017,6778,outandin,2
10017,6830,outandin,1
10017,6851,,2
10017,6872,outgoing,3
10017,6884,,10
10017,6974,,19
10017,6989,,3
10017,7026,,7
10017,7044,outandin,1
10017,7068,outgoing,1
10017,7126,outandin,2
10017,7179,,29
10017,7183,,17
10017,7244,outandin,1
10017,7265,incoming,1
10017,7317,outandin,1
10017,7374,outgoing,5
10017,7380,,2
10017,7399,,5
10017,7491,,4
10017,7539,incoming,1
10017,7584,,1
10017,7618,,13
10017,7630,outandin,2
10017,7691,outandin,1
10017,7730,,1
10017,7834,outgoing,1
10017,7909,incoming,1
10017,7940,,1
10017,8002,,3
10017,8051,,17
10017,8103,outgoing,1
10017,8114,outgoing,1
10017,8118,outandin,1
10017,8256,,8
10017,8321,outandin,2
10017,8394,outandin,1
10017,8568,outandin,1
10017,8625,,1
10017,8633,incoming,2
10017,8636,outandin,3
10017,8649,outgoing,7
10017,8738,,1
10017,8796,,12
10017,8931,,10
10017,8979,,3
10017,9132,,7
10017,9202,incoming,3
10017,9242,outgoing,2
10017,9259,,20
10017,9275,outgoing,1
10017,9289,outandin,1
10017,9340,outandin,1
10017,9375,outgoing,11
10017,9424,outgoing,1
10017,9453,outgoing,1
10017,9457,outandin,1
10017,9473,,3
10017,9513,outandin,1
10017,9516,outandin,1
10017,9589,outandin,1
10017,9603,outandin,2
10017,9612,incoming,1
10017,9646,outandin,1
10017,9662,outandin,1
10017,9700,,40
10017,9721,,315
10017,9732,incoming,6
10017,9795,incoming,2
10017,9810,outandin,1
10017,9845,outandin,1
10017,9886,incoming,16
10017,9917,incoming,5
10149,303,,16
10149,393,,2
10149,491,,4
10149,555,,534
10149,772,outgoing,2
10149,836,,27
10149,850,,18
10149,1054,outandin,10
10149,1214,,2
10149,1271,,10
10149,1451,,125
10149,1486,,12
10149,1526,outgoing,2
10149,1644,,19
10149,1668,,5
10149,1725,,21
10149,1779,,3
10149,1800,,28
10149,1845,,1
10149,1869,,2
10149,1939,,8
10149,1975,,14
10149,2145,,1
10149,2223,,13
10149,2246,,52
10149,2311,outgoing,5
10149,2407,,33
10149,2425,,74
10149,2504,,5
10149,2521,,75
10149,2536,outandin,2
10149,2576,,6
10149,2585,outgoing,2
10149,2659,outgoing,2
10149,2672,outandin,1
10149,2925,outgoing,1
10149,2965,,1
10149,3063,,10
10149,3073,outgoing,12
10149,3091,,2
10149,3298,,6
10149,3337,incoming,1
10149,3374,,21
10149,3491,incoming,6
10149,3711,,7
10149,3764,,14
10149,4030,outgoing,2
10149,4054,,2
10149,4171,outandin,1
10149,4248,,12
10149,4499,,4
10149,4846,,5
10149,4990,outgoing,1
10149,5060,,4
10149,5162,incoming,2
10149,5164,,7
10149,5275,,21
10149,5322,outgoing,3
10149,5339,,3
10149,5357,,20
10149,5362,,1
10149,5451,,22
10149,5479,incoming,1
10149,5503,,3
10149,5591,incoming,1
10149,5639,,1
10149,6103,incoming,1
10149,6107,outandin,1
10149,6167,outgoing,2
10149,6209,,6
10149,6777,outandin,1
10149,6815,,21
10149,6819,,5
10149,6837,,5
10149,6870,,1
10149,6876,outandin,1
10149,6925,,5
10149,6926,,3
10149,6949,,13
10149,7001,,8
10149,7013,,3
10149,7055,,8
10149,7103,outandin,1
10149,7332,incoming,5
10149,7429,,30
10149,7647,,6
10149,7723,,5
10149,7732,,2
10149,7735,,7
10149,8072,outgoing,3
10149,8079,,7
10149,8092,,70
10149,8102,incoming,20
10149,8276,outandin,1
10149,8450,incoming,1
10149,8595,outgoing,10
10149,8691,,10
10149,8749,,6
10149,8898,outgoing,9
10149,9039,,2
10149,9059,outgoing,25
10149,9071,,6
10149,9358,incoming,5
10149,9421,outgoing,1
10149,9433,,17
10149,9440,outgoing,1
10149,9518,incoming,2
10149,9536,,10
10149,9575,outandin,2
10149,9696,,21
10149,9744,outandin,1
10025,13,outgoing,2
10025,15,outandin,2
10025,39,,7
10025,142,outandin,1
10025,167,outandin,1
10025,168,,4
10025,243,,8
10025,341,,1
10025,343,outgoing,2
10025,420,,7
10025,498,outandin,2
10025,501,,1
10025,552,,2
10025,554,,1
10025,579,,4
10025,596,outandin,1
10025,718,outgoing,5
10025,721,outgoing,2
10025,755,outgoing,6
10025,861,outandin,1
10025,872,outandin,1
10025,940,outandin,2
10025,949,outandin,1
10025,1047,outandin,1
10025,1088,incoming,2
10025,1100,,24
10025,1265,,2
10025,1306,outandin,2
10025,1322,outandin,2
10025,1342,,4
10025,1580,,1
10025,1768,incoming,1
10025,1775,outandin,1
10025,1827,incoming,2
10025,1830,outandin,3
10025,1881,,11
10025,1956,outgoing,2
10025,1995,outgoing,1
10025,2052,outgoing,1
10025,2159,outandin,1
10025,2167,outgoing,1
10025,2176,outandin,1
10025,2236,outgoing,4
10025,2267,,3
10025,2328,outgoing,3
10025,2448,outgoing,2
10025,2459,,4
10025,2509,,6
10025,2622,,6
10025,2663,,2
10025,2737,incoming,2
10025,3014,,13
10025,3037,outandin,1
10025,3053,outandin,1
10025,3116,outgoing,1
10025,3144,incoming,3
10025,3222,outgoing,2
10025,3276,,2
10025,3292,outandin,1
10025,3352,outandin,3
10025,3375,outandin,1
10025,3444,outandin,1
10025,3504,,2
10025,3720,,1
10025,3786,outgoing,1
10025,3790,outandin,1
10025,3801,incoming,1
10025,3830,,2
10025,3831,,6
10025,3843,,6
10025,3945,outgoing,1
10025,3957,outandin,3
10025,3993,,12
10025,4041,outandin,1
10025,4057,,9
10025,4103,,1
10025,4105,incoming,2
10025,4207,incoming,2
10025,4231,incoming,2
10025,4258,outandin,1
10025,4321,,4
10025,4378,outgoing,4
10025,4486,incoming,2
10025,4527,,4
10025,4586,outandin,1
10025,4593,,3
10025,4664,,7
10025,4758,outandin,1
10025,4765,outgoing,1
10025,4785,outgoing,1
10025,4999,outandin,2
10025,5072,,16
10025,5113,outandin,1
10025,5158,incoming,1
10025,5208,,8
10025,5331,,1
10025,5526,incoming,1
10025,5723,outandin,4
10025,5913,,3
10025,5919,outgoing,1
10025,5969,outandin,1
10025,5975,incoming,7
10025,6010,,1
10025,6058,outgoing,3
10025,6132,outandin,1
10025,6189,outandin,1
10025,6241,outgoing,3
10025,6264,,1
10025,6271,outgoing,2
10025,6491,,1
10025,6543,incoming,2
10025,6581,outandin,2
10025,6611,outgoing,1
10025,6643,,10
10025,6665,,6
10025,6728,outgoing,1
10025,6761,outandin,1
10025,6763,incoming,1
10025,6801,outgoing,1
10025,6802,outandin,1
10025,7084,,3
10025,7342,,1
10025,7343,incoming,1
10025,7383,incoming,1
10025,7401,outgoing,7
10025,7406,outandin,1
10025,7686,outgoing,1
10025,7825,,25
10025,7868,outgoing,4
10025,7933,incoming,5
10025,8215,outandin,1
10025,8277,outgoing,3
10025,8305,outandin,2
10025,8476,,4
10025,8514,outandin,1
10025,8580,,4
10025,8620,,4
10025,8721,,2
10025,8991,outandin,1
10025,9249,,1
10025,9258,outgoing,7
10025,9363,outgoing,2
10025,9502,outgoing,1
10025,9736,outandin,2
10091,171,,6
10091,233,outandin,1
10091,451,,4
10091,549,outandin,2
10091,596,,3
10091,641,outgoing,3
10091,647,,27
10091,651,incoming,1
10091,682,outandin,1
10091,708,outandin,1
10091,711,incoming,1
10091,731,outandin,3
10091,764,incoming,8
10091,774,,18
10091,853,outandin,1
10091,941,,6
10091,957,outgoing,6
10091,973,,4
10091,1120,outandin,1
10091,1125,,5
10091,1128,,4
10091,1144,,5
10091,1185,incoming,2
10091,1245,,4
10091,1249,outandin,3
10091,1304,outandin,1
10091,1316,outgoing,3
10091,1331,outgoing,24
10091,1373,incoming,2
10091,1687,outandin,1
10091,2019,outandin,1
10091,2086,outandin,1
10091,2098,outandin,1
10091,2415,outandin,2
10091,2445,outgoing,3
10091,2503,outgoing,4
10091,2590,outgoing,3
10091,2724,,3
10091,2805,outandin,1
10091,2843,,14
10091,2868,outandin,7
10091,2869,incoming,2
10091,2934,,2
10091,2942,outgoing,1
10091,2957,,3
10091,3036,outandin,5
10091,3106,,6
10091,3345,outgoing,1
10091,3389,,4
10091,3398,incoming,2
10091,3452,,2
10091,3478,outgoing,2
10091,3495,outgoing,1
10091,3528,outgoing,1
10091,3540,,4
10091,3645,outgoing,1
10091,3706,,3
10091,3714,outgoing,2
10091,3926,outandin,1
10091,4022,incoming,6
10091,4055,outandin,2
10091,4127,outandin,1
10091,4195,outandin,1
10091,4197,outgoing,3
10091,4240,outandin,1
10091,4358,outandin,2
10091,4359,,2
10091,4364,,6
10091,4516,outgoing,2
10091,4517,,1
10091,4586,incoming,1
10091,4614,incoming,1
10091,4634,outgoing,6
10091,4729,outgoing,2
10091,4752,outandin,2
10091,4759,outandin,7
10091,4787,outgoing,3
10091,4819,,10
10091,4851,outgoing,4
10091,4904,incoming,1
10091,4971,outandin,2
10091,5047,outandin,2
10091,5049,outandin,2
10091,5052,outgoing,1
10091,5106,outandin,2
10091,5131,outandin,1
10091,5283,,5
10091,5349,,17
10091,5388,,8
10091,5400,outgoing,2
10091,5506,outgoing,2
10091,5709,,3
10091,5731,outandin,3
10091,5820,outandin,1
10091,5873,,2
10091,5924,outgoing,4
10091,5927,outandin,3
10091,5963,outgoing,1
10091,6012,incoming,3
10091,6074,outandin,8
10091,6100,incoming,1
10091,6112,outandin,2
10091,6259,,11
10091,6354,outandin,1
10091,6433,outandin,1
10091,6461,outandin,1
10091,6511,,2
10091,6532,outgoing,7
10091,6541,outgoing,1
10091,6649,incoming,1
10091,6657,,4
10091,6711,,2
10091,6841,incoming,2
10091,7053,incoming,1
10091,7119,incoming,3
10091,7130,outandin,1
10091,7169,,4
10091,7385,outgoing,3
10091,7454,outandin,1
10091,7479,outandin,1
10091,7604,incoming,2
10091,7711,incoming,4
10091,7812,outandin,1
10091,7841,incoming,3
10091,7863,,5
10091,7948,incoming,1
10091,7949,outgoing,1
10091,7950,,9
10091,7966,,1
10091,8130,outgoing,1
10091,8176,outandin,1
10091,8205,incoming,2
10091,8349,outandin,4
10091,8469,outandin,2
10091,8496,,1
10091,8570,,3
10091,8808,outandin,1
10091,8810,incoming,10
10091,8815,outandin,1
10091,8867,,3
10091,8876,incoming,1
10091,8883,incoming,3
10091,8904,outandin,2
10091,9093,,2
10091,9112,outandin,1
10091,9123,outandin,3
10091,9174,,9
10091,9206,outgoing,2
10091,9244,incoming,2
10091,9250,outgoing,2
10091,9256,outandin,2
10091,9326,outgoing,2
10091,9339,outandin,1
10091,9489,,2
10091,9584,outandin,2
10091,9590,outandin,1
10091,9635,,25
10091,9666,outandin,2
10091,9681,incoming,2
10091,9704,outgoing,13
10091,9777,outandin,1
10091,9877,incoming,6
10091,9888,outandin,6
10091,9909,outandin,1
10053,75,outgoing,1
10053,177,incoming,2
10053,184,incoming,2
10053,242,outandin,1
10053,264,outandin,1
10053,279,,15
10053,338,outandin,1
10053,388,outandin,1
10053,410,incoming,10
10053,577,outandin,37
10053,765,,1
10053,771,outandin,2
10053,778,,1
10053,1070,outandin,1
10053,1119,,15
10053,1137,incoming,4
10053,1172,,8
10053,1236,outandin,3
10053,1288,outandin,1
10053,1291,,6
10053,1353,outandin,1
10053,1444,outandin,1
10053,1528,outandin,1
10053,1616,,15
10053,1679,incoming,6
10053,1684,,1
10053,1776,,3
10053,1892,outandin,1
10053,1916,outandin,3
10053,2008,incoming,1
10053,2075,outandin,2
10053,2150,outandin,1
10053,2410,,2
10053,2446,incoming,1
10053,2615,outgoing,1
10053,2714,outandin,1
10053,2734,outgoing,2
10053,2841,,6
10053,2845,incoming,1
10053,2913,,4
10053,2964,outandin,1
10053,3025,incoming,1
10053,3073,outgoing,1
10053,3089,outandin,1
10053,3169,incoming,2
10053,3305,,3
10053,3462,outandin,1
10053,3543,outandin,1
10053,3584,,2
10053,3605,outandin,9
10053,3615,outandin,1
10053,3620,,4
10053,3625,outandin,1
10053,3667,outandin,2
10053,3731,,10
10053,3832,,1
10053,3863,,8
10053,3866,outandin,1
10053,3929,,1
10053,3948,outandin,1
10053,4016,outandin,1
10053,4039,,14
10053,4053,,14
10053,4092,outandin,1
10053,4138,outandin,1
10053,4461,outandin,1
10053,4484,,1
10053,4556,outandin,1
10053,4561,,14
10053,4626,outgoing,1
10053,4693,outandin,2
10053,4704,outandin,1
10053,5006,,7
10053,5219,incoming,1
10053,5238,,7
10053,5273,,5
10053,5309,outgoing,2
10053,5336,outandin,1
10053,5350,,23
10053,5390,outandin,2
10053,5407,outandin,1
10053,5422,,3
10053,5471,,4
10053,5482,outandin,2
10053,5491,,7
10053,5544,,29
10053,5549,,4
10053,5593,,15
10053,5639,incoming,1
10053,5698,,3
10053,5707,outandin,2
10053,5722,outandin,1
10053,5778,incoming,2
10053,5783,,15
10053,5830,,13
10053,5893,,3
10053,5965,incoming,2
10053,6002,incoming,1
10053,6123,outandin,2
10053,6167,outandin,1
10053,6170,,17
10053,6195,outandin,5
10053,6196,outgoing,3
10053,6305,,4
10053,6401,outandin,1
10053,6461,outandin,1
10053,6547,incoming,2
10053,6577,outandin,1
10053,6596,incoming,2
10053,6638,,23
10053,6702,outandin,1
10053,6734,outandin,1
10053,6808,,4
10053,6819,,3
10053,6837,incoming,1
10053,6861,,7
10053,6866,,6
10053,6882,,7
10053,6891,,5
10053,6908,incoming,3
10053,6917,,10
10053,6933,,4
10053,6972,outandin,2
10053,6990,outandin,1
10053,7008,,2
10053,7013,incoming,4
10053,7072,outgoing,5
10053,7091,outandin,3
10053,7104,incoming,7
10053,7366,outandin,5
10053,7438,outandin,2
10053,7511,outgoing,3
10053,7615,,8
10053,7724,incoming,6
10053,7803,outandin,1
10053,7911,outandin,1
10053,8189,outgoing,13
10053,8220,outandin,1
10053,8248,outgoing,5
10053,8365,,5
10053,8387,,8
10053,8539,incoming,1
10053,8573,incoming,8
10053,8630,outandin,2
10053,8659,outgoing,1
10053,8789,outandin,1
10053,8809,,30
10053,8811,outgoing,6
10053,8872,outandin,30
10053,8942,outandin,1
10053,9071,incoming,1
10053,9167,,2
10053,9194,,1
10053,9202,incoming,2
10053,9244,outandin,1
10053,9268,outandin,1
10053,9289,incoming,1
10053,9291,outandin,11
10053,9322,outgoing,56
10053,9358,incoming,1
10053,9393,outandin,1
10053,9518,outandin,1
10053,9576,outandin,2
10053,9634,,18
10053,9662,outandin,1
10053,9665,incoming,4
10053,9716,outandin,1
10053,9764,outandin,1
10053,9809,outandin,1
10053,9844,outandin,8
10053,9910,incoming,3
10053,9942,incoming,1
10087,150,,8
10087,225,,6
10087,250,,5
10087,316,,7
10087,366,,10
10087,504,,9
10087,575,,9
10087,623,outgoing,7
10087,642,,6
10087,838,,7
10087,852,,6
10087,1049,,8
10087,1055,,9
10087,1071,,7
10087,1089,,10
10087,1223,,8
10087,1502,,6
10087,1525,,7
10087,1579,,8
10087,1617,,6
10087,1660,,8
10087,1669,,7
10087,2001,,9
10087,2154,,6
10087,2217,,5
10087,2506,,6
10087,2570,,3
10087,2579,,5
10087,2677,,4
10087,2693,,9
10087,2756,incoming,2
10087,2831,,8
10087,2896,,8
10087,2952,,4
10087,2976,,9
10087,2979,,9
10087,3213,,9
10087,3215,,7
10087,3441,,8
10087,3879,,7
10087,3974,,6
10087,4061,,6
10087,4073,,5
10087,4175,,8
10087,4233,,7
10087,4303,,5
10087,4326,,6
10087,4520,,7
10087,4525,,8
10087,4541,,5
10087,4542,,7
10087,4548,,7
10087,4579,,6
10087,4647,,7
10087,4667,,5
10087,4728,,4
10087,4738,,5
10087,4776,,5
10087,4954,,10
10087,5045,,9
10087,5225,,3
10087,5247,,6
10087,5766,,5
10087,6015,,5
10087,7357,,4
10087,8147,,7
10087,8793,,9
10087,8885,,2
10087,8940,,8
10087,9208,,8
10087,9235,outandin,3
10087,9362,,11
10087,9391,,8
10087,9709,outandin,1
10087,9739,outandin,1
10093,75,,1
10093,126,outandin,2
10093,131,outandin,4
10093,158,,4
10093,164,,24
10093,193,,10
10093,234,,6
10093,242,,19
10093,265,outandin,1
10093,269,,4
10093,296,incoming,3
10093,301,outandin,2
10093,309,outgoing,21
10093,333,,8
10093,363,outandin,1
10093,394,,2
10093,479,,18
10093,483,incoming,1
10093,488,incoming,1
10093,491,,17
10093,497,incoming,3
10093,518,,11
10093,534,outandin,1
10093,549,incoming,1
10093,573,outandin,2
10093,577,outandin,17
10093,596,,4
10093,635,outandin,1
10093,647,outandin,1
10093,676,outgoing,2
10093,731,outandin,1
10093,760,,6
10093,800,outgoing,4
10093,817,incoming,2
10093,850,outandin,1
10093,936,outandin,2
10093,957,outandin,1
10093,977,outandin,1
10093,1031,outandin,2
10093,1054,outandin,1
10093,1056,incoming,1
10093,1096,outandin,2
10093,1157,,2
10093,1172,outgoing,1
10093,1207,outandin,1
10093,1238,,47
10093,1239,,21
10093,1316,outandin,1
10093,1350,outandin,3
10093,1367,incoming,2
10093,1396,outandin,1
10093,1402,outandin,1
10093,1421,outandin,1
10093,1435,outandin,1
10093,1489,outgoing,2
10093,1517,,5
10093,1546,outandin,1
10093,1613,incoming,5
10093,1693,incoming,2
10093,1776,,2
10093,1890,outandin,2
10093,1909,,1
10093,1911,outandin,1
10093,1935,incoming,4
10093,1949,outgoing,10
10093,1990,outandin,3
10093,2006,,8
10093,2010,outgoing,1
10093,2065,outandin,1
10093,2086,incoming,1
10093,2088,outgoing,1
10093,2093,outandin,3
10093,2135,incoming,1
10093,2159,,3
10093,2210,,1
10093,2267,outandin,1
10093,2289,incoming,1
10093,2362,outandin,7
10093,2364,outgoing,1
10093,2448,outandin,2
10093,2451,,7
10093,2460,outgoing,1
10093,2464,outgoing,1
10093,2492,,54
10093,2500,outandin,1
10093,2537,,6
10093,2625,outandin,2
10093,2675,outgoing,1
10093,2705,outandin,1
10093,2804,outandin,3
10093,2855,,23
10093,2875,incoming,1
10093,2888,outandin,1
10093,2904,,6
10093,2913,,1
10093,2990,incoming,1
10093,2998,outandin,1
10093,3013,outandin,1
10093,3025,outandin,1
10093,3035,,3
10093,3038,outandin,1
10093,3046,,1
10093,3049,outandin,2
10093,3078,outandin,1
10093,3089,,1
10093,3100,incoming,2
10093,3134,,10
10093,3137,,2
10093,3141,outandin,1
10093,3169,,4
10093,3287,outandin,3
10093,3317,outandin,1
10093,3352,outandin,1
10093,3365,,5
10093,3381,,1
10093,3406,outandin,1
10093,3410,incoming,2
10093,3425,outandin,1
10093,3440,incoming,1
10093,3682,incoming,10
10093,3692,incoming,2
10093,3697,outgoing,1
10093,3742,,5
10093,3743,outandin,1
10093,3783,outandin,1
10093,3854,outgoing,2
10093,3873,,33
10093,3874,,8
10093,3877,,3
10093,3880,outandin,1
10093,3912,outgoing,5
10093,3927,outgoing,1
10093,3929,outandin,1
10093,3941,,5
10093,3972,outandin,3
10093,3990,outandin,2
10093,3992,,2
10093,4055,outandin,1
10093,4057,outandin,1
10093,4065,,8
10093,4076,outandin,1
10093,4108,outgoing,1
10093,4109,,1
10093,4117,,2
10093,4133,incoming,2
10093,4181,outandin,1
10093,4194,,1
10093,4242,outandin,1
10093,4250,outandin,1
10093,4444,outgoing,1
10093,4452,incoming,1
10093,4534,incoming,1
10093,4586,incoming,1
10093,4706,,1
10093,4708,outandin,1
10093,4718,outandin,3
10093,4729,incoming,2
10093,4750,outgoing,2
10093,4754,outandin,1
10093,4838,outgoing,1
10093,4850,,10
10093,4872,outandin,3
10093,4876,outandin,2
10093,4883,outandin,2
10093,4893,outandin,1
10093,4934,incoming,1
10093,4948,outandin,2
10093,4950,outandin,2
10093,5029,outandin,1
10093,5107,outandin,1
10093,5113,outandin,2
10093,5128,outandin,4
10093,5132,,12
10093,5183,,6
10093,5204,outandin,1
10093,5218,outandin,2
10093,5219,incoming,1
10093,5263,outandin,2
10093,5287,outgoing,1
10093,5410,outgoing,1
10093,5414,,1
10093,5516,outgoing,1
10093,5539,outandin,1
10093,5582,outandin,4
10093,5613,incoming,1
10093,5749,outandin,1
10093,5798,outandin,1
10093,5827,outgoing,2
10093,5845,outandin,7
10093,5944,incoming,3
10093,5981,outandin,2
10093,5996,outgoing,5
10093,6000,outandin,1
10093,6007,outandin,1
10093,6016,incoming,2
10093,6099,outandin,1
10093,6100,outandin,3
10093,6132,outgoing,1
10093,6147,outandin,1
10093,6158,outgoing,2
10093,6262,,4
10093,6263,outandin,1
10093,6369,incoming,2
10093,6382,incoming,1
10093,6395,,1
10093,6421,outandin,2
10093,6429,outandin,3
10093,6438,outandin,1
10093,6447,outandin,1
10093,6480,,3
10093,6549,outgoing,2
10093,6552,outgoing,1
10093,6568,outgoing,2
10093,6579,outgoing,1
10093,6608,outandin,1
10093,6680,,13
10093,6682,outandin,1
10093,6772,outgoing,1
10093,6797,outandin,1
10093,6830,outandin,1
10093,6910,,15
10093,6918,outandin,1
10093,7080,,3
10093,7289,,4
10093,7294,outandin,1
10093,7317,outgoing,1
10093,7326,,3
10093,7355,outgoing,2
10093,7385,incoming,2
10093,7393,outandin,3
10093,7413,outgoing,1
10093,7448,outandin,3
10093,7454,outandin,1
10093,7464,outgoing,1
10093,7470,incoming,4
10093,7506,outandin,2
10093,7529,outandin,1
10093,7541,outandin,1
10093,7543,,3
10093,7573,outandin,1
10093,7584,outandin,1
10093,7637,outandin,1
10093,7646,outandin,1
10093,7743,outgoing,5
10093,7818,,7
10093,7876,outgoing,2
10093,7883,outgoing,2
10093,7896,incoming,1
10093,7910,outandin,1
10093,7963,outgoing,1
10093,7975,outgoing,1
10093,8034,incoming,1
10093,8046,outandin,1
10093,8073,outgoing,1
10093,8103,outandin,2
10093,8157,incoming,1
10093,8239,outandin,1
10093,8264,outandin,2
10093,8321,outgoing,3
10093,8334,incoming,14
10093,8343,outandin,1
10093,8359,outgoing,3
10093,8425,outgoing,2
10093,8428,incoming,1
10093,8435,incoming,3
10093,8436,outgoing,1
10093,8464,outgoing,1
10093,8602,outandin,1
10093,8637,outgoing,3
10093,8661,outandin,1
10093,8679,outandin,6
10093,8739,,2
10093,8759,outgoing,2
10093,8788,outgoing,1
10093,8828,,2
10093,8868,incoming,3
10093,8870,,2
10093,8878,outandin,1
10093,8904,outgoing,2
10093,8957,outandin,1
10093,8958,incoming,2
10093,8968,outandin,7
10093,9011,outandin,1
10093,9042,outgoing,1
10093,9052,outandin,1
10093,9118,outandin,2
10093,9140,outandin,3
10093,9162,outgoing,1
10093,9193,outandin,1
10093,9244,incoming,1
10093,9258,incoming,11
10093,9260,incoming,1
10093,9318,outandin,1
10093,9340,,4
10093,9424,outgoing,1
10093,9429,outandin,1
10093,9450,,2
10093,9463,outandin,1
10093,9491,,1
10093,9511,incoming,1
10093,9553,outandin,1
10093,9555,outgoing,3
10093,9564,,13
10093,9569,outandin,6
10093,9584,outandin,2
10093,9588,outandin,1
10093,9590,incoming,2
10093,9598,outandin,1
10093,9612,outandin,1
10093,9620,outandin,1
10093,9653,outgoing,2
10093,9658,,10
10093,9662,outandin,3
10093,9676,outandin,1
10093,9677,outgoing,1
10093,9693,outandin,6
10093,9719,outgoing,6
10093,9720,outandin,1
10093,9726,outandin,3
10093,9761,incoming,11
10093,9763,outandin,1
10093,9766,outandin,1
10093,9769,outandin,1
10093,9783,outandin,1
10093,9795,outandin,1
10093,9799,outandin,2
10093,9837,outandin,1
10093,9840,outandin,1
10093,9841,incoming,3
10093,9843,outandin,2
10093,9865,incoming,4
10093,9874,incoming,2
10093,9878,outandin,2
10093,9888,outandin,5
10093,9891,incoming,3
10093,9903,outandin,1
10093,9918,incoming,3
10093,9920,incoming,1
10093,9931,incoming,15
10093,9936,incoming,1
10105,177,outgoing,2
10105,410,outandin,1
10105,491,outgoing,1
10105,594,,4
10105,875,outandin,1
10105,1620,,4
10105,1969,,12
10105,2075,incoming,3
10105,2311,incoming,3
10105,2360,outgoing,4
10105,2369,,1
10105,2615,,4
10105,2654,,11
10105,2913,,1
10105,2959,incoming,8
10105,3027,outandin,2
10105,3431,,6
10105,3583,outandin,1
10105,3921,,13
10105,4054,incoming,1
10105,4844,,1
10105,5190,,3
10105,5205,,7
10105,5215,,11
10105,5234,,10
10105,5254,,16
10105,5275,outandin,1
10105,5302,,6
10105,5326,outandin,1
10105,5355,,4
10105,5395,,5
10105,5407,outandin,3
10105,5422,,3
10105,5558,outgoing,5
10105,5559,outgoing,1
10105,5566,,9
10105,5592,,7
10105,5625,,7
10105,5644,,18
10105,5688,,23
10105,5698,outandin,1
10105,5722,outandin,1
10105,5767,,2
10105,5774,,5
10105,5843,,7
10105,6195,outandin,4
10105,6328,,1
10105,6551,,46
10105,6668,incoming,1
10105,6837,incoming,1
10105,6838,,6
10105,6854,,18
10105,6860,,11
10105,6863,,7
10105,6883,,11
10105,6886,,21
10105,6890,,15
10105,6922,incoming,20
10105,6928,,3
10105,6941,,7
10105,6943,incoming,1
10105,6947,outgoing,6
10105,6957,incoming,3
10105,6963,outandin,3
10105,6972,outgoing,2
10105,6976,,75
10105,6984,,2
10105,7023,incoming,18
10105,7092,,8
10105,7102,,6
10105,7311,outandin,1
10105,7347,outandin,2
10105,7622,,7
10105,7626,,3
10105,7629,,10
10105,7653,,7
10105,7682,,12
10105,7683,outgoing,5
10105,7689,,6
10105,7694,outandin,1
10105,7698,,3
10105,7699,incoming,5
10105,7707,incoming,10
10105,7708,incoming,2
10105,8049,,1
10105,8104,,7
10105,8142,,12
10105,8167,outandin,1
10105,8271,outgoing,9
10105,8383,outgoing,1
10105,8578,outandin,1
10105,8628,,23
10105,8795,outandin,1
10105,8934,,8
10105,9025,,23
10105,9136,,13
10105,9140,outandin,1
10105,9268,outandin,1
10105,9290,,16
10105,9341,outandin,1
10105,9376,outandin,1
10105,9585,,3
10105,9656,outandin,1
10105,9902,incoming,3
10105,9914,incoming,10
10051,121,,83
10051,123,outandin,2
10051,155,,2
10051,164,,20
10051,193,,13
10051,242,,14
10051,477,,7
10051,596,incoming,3
10051,647,outandin,1
10051,676,outandin,2
10051,767,outgoing,1
10051,817,outandin,1
10051,924,,5
10051,977,outandin,2
10051,1016,outandin,2
10051,1146,outandin,1
10051,1152,outgoing,1
10051,1161,outandin,2
10051,1194,incoming,2
10051,1219,,20
10051,1222,incoming,3
10051,1316,outandin,2
10051,1367,,28
10051,1489,outgoing,3
10051,1613,incoming,10
10051,1693,incoming,9
10051,1776,,3
10051,1894,outandin,19
10051,1949,outgoing,5
10051,2006,incoming,4
10051,2046,incoming,5
10051,2150,outandin,2
10051,2207,outandin,1
10051,2257,incoming,1
10051,2350,outandin,1
10051,2429,outgoing,1
10051,2451,,4
10051,2464,outandin,1
10051,2479,outandin,2
10051,2527,outandin,1
10051,2625,,9
10051,2667,outandin,1
10051,2681,,11
10051,2705,outandin,1
10051,2714,outgoing,5
10051,2852,outandin,1
10051,2885,outandin,1
10051,2913,outgoing,1
10051,2938,outgoing,8
10051,2959,outandin,1
10051,3017,outgoing,2
10051,3070,outgoing,1
10051,3169,,3
10051,3320,incoming,12
10051,3342,outandin,1
10051,3353,incoming,17
10051,3410,outgoing,2
10051,3415,,1
10051,3659,,6
10051,3682,,2
10051,3839,outandin,1
10051,3873,incoming,8
10051,3912,outgoing,15
10051,3926,outandin,1
10051,3935,outandin,1
10051,3941,,5
10051,3990,,8
10051,4057,outandin,1
10051,4108,outandin,2
10051,4380,outgoing,1
10051,4537,outandin,1
10051,4695,incoming,3
10051,4706,,6
10051,4779,,7
10051,4850,outandin,2
10051,4876,outgoing,1
10051,4950,outgoing,5
10051,4963,outandin,2
10051,5039,outgoing,1
10051,5128,outandin,5
10051,5204,incoming,1
10051,5219,incoming,1
10051,5287,outandin,1
10051,5336,outandin,2
10051,5358,outandin,1
10051,5416,outandin,1
10051,5463,outgoing,1
10051,5613,incoming,5
10051,5720,,14
10051,5731,outandin,1
10051,5798,outandin,1
10051,5801,outandin,1
10051,5827,outgoing,1
10051,5944,outandin,1
10051,6003,,5
10051,6052,outgoing,1
10051,6099,outandin,2
10051,6147,outandin,1
10051,6170,outandin,3
10051,6223,outandin,1
10051,6229,outandin,2
10051,6447,outandin,2
10051,6480,outgoing,1
10051,6491,outandin,1
10051,6549,outandin,2
10051,6577,,2
10051,6579,outandin,4
10051,6615,incoming,1
10051,6843,outandin,1
10051,6865,outandin,2
10051,7007,outandin,1
10051,7052,,5
10051,7168,outandin,1
10051,7289,outandin,2
10051,7355,outgoing,1
10051,7470,,3
10051,7732,outandin,1
10051,7795,outandin,2
10051,7883,outgoing,4
10051,8002,incoming,1
10051,8101,outandin,1
10051,8157,incoming,4
10051,8321,outgoing,21
10051,8334,incoming,10
10051,8388,outandin,3
10051,8402,outandin,1
10051,8425,outgoing,1
10051,8428,outandin,1
10051,8435,outandin,2
10051,8519,outgoing,4
10051,8656,outgoing,4
10051,8659,outandin,1
10051,8661,outandin,1
10051,8680,outandin,1
10051,8761,outandin,1
10051,8828,,4
10051,8848,outgoing,3
10051,8954,outandin,2
10051,8968,outgoing,24
10051,9019,outandin,1
10051,9027,outandin,1
10051,9032,outgoing,5
10051,9066,outandin,12
10051,9140,outandin,2
10051,9162,,3
10051,9169,outgoing,2
10051,9339,outandin,2
10051,9429,outandin,1
10051,9450,,26
10051,9452,,1
10051,9476,outandin,15
10051,9510,outandin,1
10051,9519,,14
10051,9553,outandin,1
10051,9564,,27
10051,9596,outgoing,1
10051,9610,outgoing,1
10051,9646,outandin,1
10051,9653,outandin,1
10051,9658,outandin,1
10051,9693,,8
10051,9705,outgoing,11
10051,9720,outandin,2
10051,9747,outandin,5
10051,9763,outandin,1
10051,9766,outandin,1
10051,9769,incoming,1
10051,9787,outandin,12
10051,9799,outandin,1
10051,9816,outandin,2
10051,9819,outandin,3
10051,9939,outandin,1
10008,10,,14
10008,94,outandin,1
10008,193,,4
10008,196,outgoing,1
10008,264,outandin,1
10008,322,outandin,1
10008,324,outgoing,1
10008,391,outgoing,2
10008,541,outandin,1
10008,543,,14
10008,560,,7
10008,587,outandin,1
10008,589,outgoing,1
10008,673,outandin,1
10008,767,,3
10008,875,outandin,1
10008,954,outandin,1
10008,1039,outandin,1
10008,1076,,5
10008,1085,incoming,1
10008,1139,,21
10008,1146,outandin,2
10008,1183,outandin,1
10008,1238,incoming,2
10008,1244,incoming,1
10008,1289,,1
10008,1605,,29
10008,1698,outandin,1
10008,1723,outandin,1
10008,1738,,144
10008,1997,,3
10008,2040,outandin,1
10008,2128,outandin,3
10008,2133,,5
10008,2135,,1
10008,2168,,23
10008,2174,incoming,1
10008,2188,outandin,2
10008,2299,outgoing,2
10008,2334,,8
10008,2362,outandin,1
10008,2369,,5
10008,2463,,61
10008,2520,outgoing,1
10008,2548,outgoing,2
10008,2584,outandin,1
10008,2744,outandin,3
10008,2811,outandin,1
10008,2990,incoming,3
10008,2998,,2
10008,3030,,3
10008,3198,outandin,1
10008,3235,outgoing,1
10008,3331,outandin,1
10008,3348,outgoing,3
10008,3399,outandin,1
10008,3444,outandin,1
10008,3583,outgoing,1
10008,3623,incoming,2
10008,3662,outandin,1
10008,3792,outandin,1
10008,3841,,8
10008,3949,outandin,3
10008,3982,,7
10008,4003,outgoing,2
10008,4057,outgoing,1
10008,4060,,16
10008,4092,outandin,1
10008,4133,outandin,2
10008,4217,,15
10008,4238,outandin,1
10008,4325,outandin,1
10008,4380,outandin,1
10008,4484,outandin,1
10008,4545,outandin,3
10008,4584,,1
10008,4600,outandin,1
10008,4682,outandin,4
10008,4695,outandin,1
10008,4816,incoming,1
10008,4820,outandin,2
10008,4864,outandin,1
10008,4878,outandin,2
10008,5013,,3
10008,5059,,3
10008,5181,outandin,3
10008,5310,outgoing,1
10008,5336,,6
10008,5436,,11
10008,5585,incoming,13
10008,5595,outgoing,4
10008,5621,,17
10008,5648,outgoing,4
10008,5723,outandin,1
10008,5788,,79
10008,5799,outandin,1
10008,5923,,11
10008,6001,outgoing,2
10008,6020,outandin,1
10008,6057,,3
10008,6092,outandin,2
10008,6164,outandin,1
10008,6214,outandin,1
10008,6353,outgoing,5
10008,6386,outandin,1
10008,6445,incoming,1
10008,6504,outgoing,3
10008,6694,,8
10008,6711,outandin,1
10008,6766,incoming,1
10008,6851,,11
10008,6862,,3
10008,6865,outgoing,1
10008,6872,outgoing,1
10008,6993,outandin,1
10008,7037,outandin,1
10008,7351,incoming,7
10008,7390,outandin,2
10008,7429,outandin,1
10008,7442,outandin,1
10008,7514,outandin,6
10008,7539,outandin,1
10008,7573,outandin,1
10008,7630,outandin,1
10008,7803,outandin,1
10008,7896,outandin,1
10008,7967,,15
10008,8055,incoming,1
10008,8132,outandin,2
10008,8167,outgoing,1
10008,8312,outandin,1
10008,8667,outandin,3
10008,8702,outandin,9
10008,8733,outandin,3
10008,8759,outandin,1
10008,8787,incoming,3
10008,8789,incoming,5
10008,8800,outandin,1
10008,8828,,3
10008,9042,outgoing,1
10008,9146,,16
10008,9289,outandin,2
10008,9304,incoming,3
10008,9398,outandin,1
10008,9414,outandin,1
10008,9436,outandin,2
10008,9499,outandin,1
10008,9520,outandin,1
10008,9556,outandin,1
10008,9631,outandin,1
10008,9742,incoming,4
10008,9795,outandin,4
10008,9834,outandin,1
10008,9837,outandin,1
10008,9927,outandin,1
10008,9931,incoming,1
10108,179,outandin,1
10108,186,,2
10108,219,outandin,3
10108,376,,7
10108,445,outgoing,4
10108,829,,8
10108,927,,11
10108,1046,,4
10108,1065,,7
10108,1096,outandin,1
10108,1322,incoming,1
10108,1344,,3
10108,1347,outandin,1
10108,2162,,1
10108,2356,,4
10108,2370,,10
10108,2421,outandin,7
10108,2426,,5
10108,2670,outandin,2
10108,3261,,4
10108,3389,outandin,2
10108,3433,outgoing,8
10108,3504,,7
10108,3590,,4
10108,3624,outgoing,2
10108,3676,,2
10108,3937,,12
10108,3941,outgoing,1
10108,4241,outandin,1
10108,4321,,4
10108,4361,outandin,2
10108,4417,,6
10108,4422,,6
10108,4455,,6
10108,4619,,25
10108,4658,outandin,1
10108,4783,outandin,1
10108,4803,incoming,3
10108,4823,,5
10108,4832,,2
10108,4855,,1
10108,4939,,48
10108,5063,outandin,2
10108,5089,,23
10108,5371,,10
10108,5426,incoming,1
10108,5496,,1
10108,5848,outandin,4
10108,6020,outandin,8
10108,6198,,13
10108,6256,,1
10108,6300,,6
10108,6783,incoming,1
10108,7007,outgoing,2
10108,7024,,7
10108,7274,,4
10108,7301,incoming,1
10108,7540,outgoing,1
10108,7677,,11
10108,7879,outgoing,1
10108,7916,,3
10108,8043,,3
10108,8068,,12
10108,8086,,11
10108,8341,,3
10108,8375,,5
10108,8380,,2
10108,8478,,17
10108,8481,incoming,4
10108,8507,,6
10108,8772,,7
10108,8787,incoming,1
10108,8789,incoming,8
10108,9028,,10
10108,9181,outgoing,22
10108,9239,,21
10108,9431,,8
10108,9569,outandin,1
10108,9571,,13
10108,9583,,8
10108,9689,incoming,14
10108,9780,outandin,2
10108,9825,outandin,1
10108,9837,outandin,1
10108,9847,outandin,1
10108,9852,incoming,4
10108,9927,outandin,1
10088,141,outandin,1
10088,153,,356
10088,227,incoming,1
10088,238,,107
10088,423,outandin,5
10088,708,outandin,1
10088,718,outgoing,10
10088,771,,11
10088,810,outgoing,6
10088,1066,,4
10088,1158,,10
10088,1250,,12
10088,1307,outgoing,4
10088,1409,,3
10088,1680,outandin,2
10088,2066,incoming,2
10088,2157,outgoing,3
10088,2160,outandin,4
10088,2190,incoming,5
10088,2344,incoming,3
10088,2431,,4
10088,2563,outgoing,1
10088,2709,outandin,2
10088,2733,,3
10088,2862,,7
10088,2925,,1
10088,2972,,8
10088,3094,outandin,1
10088,3306,,46
10088,3483,incoming,2
10088,3630,incoming,2
10088,3636,,5
10088,3650,outandin,1
10088,3748,outandin,1
10088,3954,incoming,7
10088,3960,,6
10088,4000,,6
10088,4215,outgoing,3
10088,4264,,7
10088,4440,outandin,1
10088,4467,,4
10088,4507,,8
10088,4531,,2
10088,4807,,8
10088,4863,outandin,1
10088,4871,outgoing,1
10088,5002,outandin,1
10088,5039,outgoing,3
10088,5076,,2
10088,5170,,12
10088,5197,,1
10088,5264,,3
10088,5327,incoming,9
10088,5416,outandin,1
10088,5505,outandin,3
10088,5646,outandin,1
10088,5653,outandin,1
10088,5705,,5
10088,5724,,1
10088,5999,,10
10088,6060,outgoing,3
10088,6075,,3
10088,6110,,2
10088,6124,,4
10088,6251,outgoing,3
10088,6506,,1
10088,6631,,8
10088,6966,outgoing,24
10088,6993,,3
10088,7053,,3
10088,7193,,1
10088,7285,incoming,1
10088,7371,incoming,10
10088,7434,outandin,2
10088,7461,,1
10088,7656,incoming,4
10088,7721,,5
10088,7998,outandin,9
10088,8249,,115
10088,8454,,4
10088,8523,,2
10088,8839,,1
10088,8871,,5
10088,8963,,5
10088,9046,,7
10088,9124,outandin,1
10088,9176,incoming,32
10088,9356,,7
10088,9404,,2
10088,9421,outandin,1
10088,9454,outgoing,4
10088,9514,outandin,4
10088,9781,incoming,11
10196,299,outgoing,2
10196,463,,294
10196,546,outgoing,2
10196,650,,6
10196,712,,7
10196,963,,2
10196,1162,,10
10196,1199,,1
10196,1566,,21
10196,1743,,4
10196,1868,outgoing,1
10196,2005,outandin,3
10196,2245,,10
10196,2310,,8
10196,2319,,3
10196,2388,incoming,1
10196,2466,,16
10196,2496,,69
10196,2539,,5
10196,2564,,2
10196,2572,,1
10196,2627,,7
10196,2633,,12
10196,2698,incoming,1
10196,2759,outandin,1
10196,2777,outandin,4
10196,2846,outgoing,1
10196,2863,,17
10196,2893,outandin,2
10196,2959,outandin,1
10196,2964,,1
10196,2967,,8
10196,3031,outgoing,5
10196,3050,,117
10196,3060,incoming,1
10196,3075,,12
10196,3131,,6
10196,3158,incoming,1
10196,3388,,1
10196,3447,outgoing,12
10196,3599,,21
10196,3617,,2
10196,3694,,2
10196,3791,,9
10196,3873,outandin,2
10196,4036,outandin,1
10196,4312,,16
10196,4540,,14
10196,4655,,15
10196,4780,outgoing,10
10196,4795,,1
10196,5074,outandin,1
10196,5390,outandin,1
10196,5430,,1
10196,5489,,6
10196,5530,,10
10196,5580,,3
10196,5607,outgoing,5
10196,5691,outandin,1
10196,5731,outandin,1
10196,5870,outgoing,1
10196,6063,,2
10196,6093,,11
10196,6180,,7
10196,6262,incoming,1
10196,6287,,4
10196,6500,,20
10196,6566,outandin,1
10196,6710,,11
10196,6743,,10
10196,6979,,7
10196,6984,,3
10196,7061,outgoing,1
10196,7094,outandin,2
10196,7470,outgoing,2
10196,7480,,2
10196,7542,incoming,24
10196,7620,,19
10196,7747,,16
10196,7913,,4
10196,8065,,7
10196,8319,incoming,4
10196,8434,outgoing,1
10196,8604,outgoing,1
10196,8767,,5
10196,8811,,18
10196,8908,,13
10196,9169,outandin,1
10196,9201,,3
10196,9275,outandin,1
10196,9289,outandin,1
10196,9519,outgoing,1
10196,9537,,16
10196,9538,,8
10196,9555,outgoing,1
10196,9730,incoming,9
10196,9845,incoming,1
10064,104,outgoing,3
10064,220,outgoing,1
10064,343,,4
10064,363,,1
10064,466,outandin,1
10064,855,,9
10064,978,outandin,1
10064,1116,,2
10064,1146,outandin,1
10064,1406,,3
10064,1469,,27
10064,1546,outgoing,1
10064,1793,incoming,13
10064,1796,,9
10064,1827,,2
10064,1915,incoming,8
10064,1988,outgoing,1
10064,2086,incoming,1
10064,2124,,5
10064,2176,outgoing,3
10064,2218,,4
10064,2273,outgoing,1
10064,2378,,16
10064,2430,outgoing,2
10064,3316,,2
10064,3732,,1
10064,3750,outgoing,2
10064,3772,,18
10064,3824,outgoing,2
10064,3851,incoming,1
10064,4012,,8
10064,4017,outandin,2
10064,4094,outgoing,1
10064,4131,,4
10064,4227,,22
10064,4238,outgoing,1
10064,4390,outgoing,2
10064,4486,outgoing,1
10064,4524,,3
10064,4554,incoming,6
10064,4636,outandin,3
10064,4752,outgoing,1
10064,4861,,8
10064,4999,outandin,7
10064,5026,incoming,3
10064,5192,incoming,1
10064,5268,outgoing,1
10064,5557,,2
10064,5754,outandin,2
10064,5793,,2
10064,5927,,19
10064,5980,outgoing,1
10064,6014,outgoing,2
10064,6159,outgoing,1
10064,6213,outandin,1
10064,6417,,8
10064,6626,outandin,4
10064,6728,incoming,1
10064,6740,outandin,1
10064,6785,,6
10064,6849,outandin,1
10064,6958,outgoing,28
10064,7260,,12
10064,7285,,3
10064,7392,outgoing,2
10064,7502,,32
10064,7545,incoming,6
10064,7588,,37
10064,7632,,1
10064,7686,,3
10064,7812,outandin,1
10064,7850,,1
10064,8108,incoming,1
10064,8130,outgoing,2
10064,8308,outgoing,1
10064,8331,,5
10064,8402,outandin,1
10064,8404,incoming,3
10064,8514,outgoing,1
10064,8570,incoming,1
10064,8575,outgoing,2
10064,8719,outgoing,16
10064,9260,outandin,1
10064,9285,,9
10064,9390,,17
10064,9543,,15
10064,9566,outgoing,15
10064,9637,,6
10064,9703,outgoing,24
10064,9774,outandin,1
10026,41,,25
10026,124,,14
10026,193,,4
10026,242,outandin,1
10026,245,outandin,2
10026,289,outgoing,8
10026,444,,23
10026,765,outandin,3
10026,881,,28
10026,1113,outandin,6
10026,1179,,6
10026,1207,,6
10026,1429,,10
10026,1481,outgoing,5
10026,1806,outandin,1
10026,1896,,6
10026,1926,,9
10026,1990,outandin,18
10026,2048,,10
10026,2070,outgoing,1
10026,2075,incoming,7
10026,2093,,9
10026,2173,,1
10026,2185,outgoing,3
10026,2557,outandin,2
10026,2626,,8
10026,2672,,29
10026,2780,,3
10026,2888,outandin,1
10026,2901,outandin,2
10026,3015,incoming,6
10026,3070,incoming,5
10026,3165,,7
10026,3177,incoming,3
10026,3358,,10
10026,3576,outgoing,2
10026,3593,,4
10026,3808,,14
10026,3968,,25
10026,4049,outgoing,16
10026,4379,incoming,7
10026,4380,outandin,2
10026,4552,,4
10026,4600,,2
10026,4784,,9
10026,4860,,1
10026,4898,,10
10026,5128,outandin,21
10026,5166,,2
10026,5594,outandin,2
10026,5603,,1
10026,5741,,19
10026,5946,,22
10026,5948,outgoing,1
10026,6144,,8
10026,6280,,5
10026,6358,,4
10026,6566,outandin,1
10026,6904,outgoing,1
10026,7032,,18
10026,7083,,6
10026,7357,outandin,1
10026,7470,,9
10026,7867,,5
10026,8405,,12
10026,8586,outgoing,2
10026,8600,outgoing,3
10026,8602,incoming,5
10026,8954,,14
10026,9022,incoming,5
10026,9044,,26
10026,9089,,5
10026,9127,outandin,49
10026,9440,outgoing,4
10026,9569,outandin,2
10026,9600,,5
10026,9644,,1
10026,9886,incoming,3
10026,9920,incoming,3
10086,54,outandin,1
10086,141,,5
10086,226,outandin,2
10086,708,outandin,1
10086,718,outandin,2
10086,771,,3
10086,810,outandin,1
10086,1066,outgoing,2
10086,1250,incoming,2
10086,1288,outandin,1
10086,1409,,2
10086,1435,outandin,1
10086,1680,,6
10086,1709,,4
10086,1749,outandin,2
10086,2065,outandin,1
10086,2066,outandin,1
10086,2072,outandin,1
10086,2077,outandin,1
10086,2160,outandin,4
10086,2198,outandin,1
10086,2278,,10
10086,2573,,26
10086,2603,,3
10086,2885,,38
10086,2922,incoming,1
10086,2925,outgoing,1
10086,2938,outgoing,1
10086,2972,outandin,1
10086,3094,outandin,5
10086,3536,outandin,1
10086,3584,outandin,1
10086,3597,,7
10086,3743,outgoing,3
10086,3748,,12
10086,3960,outandin,1
10086,4000,,7
10086,4127,outandin,1
10086,4215,outgoing,3
10086,4407,,1
10086,4418,outandin,1
10086,4440,,1
10086,4527,outandin,1
10086,4531,,1
10086,4556,outandin,1
10086,4807,,4
10086,4867,incoming,4
10086,4871,outgoing,1
10086,4874,outgoing,1
10086,4934,outgoing,2
10086,5003,outandin,1
10086,5035,,2
10086,5039,outandin,1
10086,5170,,6
10086,5197,,2
10086,5290,outgoing,1
10086,5327,outandin,8
10086,5406,,4
10086,5441,incoming,1
10086,5574,outandin,1
10086,5599,,5
10086,5646,,14
10086,5653,incoming,2
10086,5705,,1
10086,5724,,3
10086,5787,,2
10086,5983,,14
10086,5999,outandin,1
10086,6010,,3
10086,6110,,8
10086,6124,,4
10086,6506,,2
10086,6690,outandin,1
10086,6924,outgoing,3
10086,6962,,5
10086,6966,outandin,7
10086,6980,outandin,1
10086,6988,,31
10086,6993,incoming,1
10086,7042,,7
10086,7053,,1
10086,7193,,1
10086,7228,outgoing,5
10086,7311,outgoing,4
10086,7434,outandin,1
10086,7461,incoming,3
10086,7534,,1
10086,7721,,4
10086,7940,outandin,2
10086,8041,outandin,1
10086,8239,,4
10086,8454,incoming,1
10086,8523,,3
10086,8693,,21
10086,8839,,6
10086,8851,,7
10086,8871,,5
10086,9046,outgoing,9
10086,9302,outgoing,1
10086,9341,outandin,1
10086,9356,,3
10086,9404,,13
10086,9454,outandin,2
10086,9781,incoming,28
10086,9927,incoming,2
10054,134,,9
10054,158,outgoing,1
10054,164,outgoing,1
10054,196,outandin,1
10054,209,incoming,1
10054,265,,3
10054,306,outandin,1
10054,413,outandin,4
10054,498,incoming,1
10054,545,incoming,1
10054,556,outandin,1
10054,596,,6
10054,635,outandin,2
10054,647,outandin,1
10054,721,outandin,1
10054,754,outandin,2
10054,813,outandin,2
10054,851,outandin,1
10054,861,outgoing,1
10054,949,outandin,1
10054,1236,,28
10054,1238,,8
10054,1350,outandin,1
10054,1390,incoming,1
10054,1546,outandin,1
10054,1561,outandin,1
10054,1598,outandin,1
10054,1613,incoming,10
10054,1661,incoming,6
10054,1700,outandin,1
10054,1705,outgoing,1
10054,1720,incoming,2
10054,1781,outgoing,1
10054,1798,outandin,1
10054,1893,incoming,1
10054,1909,outgoing,1
10054,2040,,3
10054,2076,outandin,1
10054,2208,outgoing,1
10054,2210,outgoing,1
10054,2236,,7
10054,2289,incoming,2
10054,2364,outandin,1
10054,2395,outandin,1
10054,2429,outandin,1
10054,2459,outandin,1
10054,2475,outgoing,1
10054,2590,outandin,1
10054,2750,,11
10054,2840,outgoing,1
10054,2948,incoming,1
10054,3140,outandin,1
10054,3141,outgoing,2
10054,3142,outandin,1
10054,3169,,1
10054,3171,incoming,16
10054,3177,,4
10054,3252,outgoing,2
10054,3287,outgoing,2
10054,3316,incoming,1
10054,3365,incoming,15
10054,3388,incoming,1
10054,3399,outandin,1
10054,3456,,1
10054,3531,outandin,2
10054,3613,,3
10054,3682,outgoing,1
10054,3714,outandin,1
10054,3770,outgoing,2
10054,3935,outgoing,1
10054,4055,outandin,2
10054,4139,outandin,2
10054,4149,outandin,1
10054,4309,,10
10054,4364,incoming,1
10054,4584,outandin,2
10054,4614,incoming,1
10054,4641,incoming,2
10054,4699,outandin,1
10054,4717,outgoing,4
10054,4759,outandin,2
10054,4768,,9
10054,4848,incoming,2
10054,4854,outandin,1
10054,4864,outandin,2
10054,4876,outgoing,1
10054,4934,incoming,1
10054,4981,,1
10054,4982,outgoing,1
10054,5071,,5
10054,5076,outgoing,1
10054,5106,outandin,2
10054,5158,incoming,5
10054,5269,outgoing,1
10054,5554,,4
10054,5557,outandin,1
10054,5585,outgoing,1
10054,5609,outandin,1
10054,5627,incoming,1
10054,5723,outandin,2
10054,5754,incoming,1
10054,5769,,63
10054,5790,outandin,1
10054,5833,,1
10054,5855,outandin,1
10054,5896,,6
10054,6141,outandin,1
10054,6161,,2
10054,6182,,3
10054,6229,,2
10054,6311,outandin,1
10054,6354,outandin,1
10054,6386,outgoing,2
10054,6423,outandin,6
10054,6433,incoming,1
10054,6448,incoming,5
10054,6468,,2
10054,6491,outgoing,1
10054,6626,incoming,1
10054,6649,incoming,1
10054,6667,outgoing,1
10054,6723,,5
10054,6737,outandin,2
10054,6849,outandin,1
10054,6877,outandin,1
10054,7044,outgoing,1
10054,7050,,1
10054,7062,,5
10054,7163,outandin,1
10054,7256,outandin,1
10054,7283,outgoing,1
10054,7316,outgoing,1
10054,7367,outandin,1
10054,7454,outandin,1
10054,7479,outandin,1
10054,7498,outandin,2
10054,7579,outgoing,6
10054,7688,outandin,1
10054,7731,outgoing,1
10054,7825,incoming,6
10054,7889,incoming,1
10054,7949,outandin,1
10054,7986,incoming,2
10054,8002,incoming,2
10054,8052,outgoing,2
10054,8077,outandin,4
10054,8101,,3
10054,8178,incoming,1
10054,8325,outandin,1
10054,8398,outgoing,1
10054,8423,outgoing,2
10054,8425,outgoing,2
10054,8680,outandin,1
10054,8759,outgoing,1
10054,8776,outandin,1
10054,8789,outandin,1
10054,8813,,5
10054,8870,incoming,1
10054,8952,,2
10054,9009,outgoing,15
10054,9193,outgoing,3
10054,9228,outandin,1
10054,9240,outgoing,2
10054,9253,,52
10054,9269,outandin,2
10054,9275,outgoing,3
10054,9296,,9
10054,9311,outandin,1
10054,9315,outgoing,1
10054,9339,outandin,1
10054,9385,outgoing,1
10054,9437,outandin,1
10054,9449,outandin,1
10054,9453,outandin,4
10054,9492,outandin,1
10054,9501,outgoing,5
10054,9515,outgoing,1
10054,9530,,6
10054,9584,outgoing,1
10054,9715,outandin,1
10054,9747,outandin,4
10054,9765,outandin,2
10054,9769,outandin,2
10054,9777,outandin,5
10054,9784,outandin,3
10054,9807,outandin,1
10054,9920,incoming,5
10037,60,,9
10037,203,,13
10037,254,,5
10037,421,outgoing,1
10037,462,outandin,1
10037,468,,16
10037,528,,2
10037,616,incoming,2
10037,650,,8
10037,749,incoming,1
10037,1164,,6
10037,1183,,6
10037,1201,,21
10037,1298,outandin,1
10037,1357,,18
10037,1477,,5
10037,1495,,17
10037,1568,outandin,2
10037,1856,outandin,3
10037,2491,outandin,1
10037,2777,,5
10037,2877,,17
10037,2878,outgoing,1
10037,2901,outandin,3
10037,2998,,3
10037,3058,,14
10037,3060,,3
10037,3176,,5
10037,3648,,5
10037,3679,,8
10037,3688,outgoing,2
10037,3845,,6
10037,3896,outandin,4
10037,3950,,16
10037,3977,,2
10037,4219,,18
10037,4338,outandin,2
10037,4376,,1
10037,4382,incoming,1
10037,4428,outandin,2
10037,4473,,5
10037,4610,,4
10037,4657,,24
10037,4669,outandin,1
10037,4781,outandin,1
10037,5031,outandin,1
10037,5063,outandin,2
10037,5173,,15
10037,5638,outandin,1
10037,5701,,19
10037,5987,,20
10037,6193,,2
10037,6288,incoming,6
10037,6318,,27
10037,6830,outandin,3
10037,7126,outgoing,6
10037,7244,,4
10037,7336,incoming,4
10037,7358,,7
10037,7505,outandin,1
10037,7584,incoming,1
10037,7811,,2
10037,8150,outandin,3
10037,8207,outgoing,1
10037,8246,outandin,1
10037,8319,incoming,14
10037,8825,incoming,1
10037,9342,,10
10037,9759,outandin,5
10070,116,,11
10070,130,,4
10070,222,,9
10070,384,,6
10070,490,incoming,1
10070,794,incoming,3
10070,829,outgoing,1
10070,842,outandin,1
10070,861,outandin,1
10070,940,outandin,7
10070,1358,,3
10070,1476,outandin,1
10070,1673,,7
10070,1692,outgoing,1
10070,1700,outandin,2
10070,1775,outandin,2
10070,1792,,4
10070,1843,,2
10070,2295,outandin,3
10070,2423,,17
10070,2488,incoming,10
10070,3071,,2
10070,3167,,7
10070,3283,,4
10070,3626,,7
10070,3818,incoming,3
10070,3998,,4
10070,4137,,5
10070,4142,,5
10070,4271,outgoing,1
10070,4400,,3
10070,4476,,32
10070,4496,outandin,4
10070,4593,,2
10070,4803,incoming,1
10070,4962,,16
10070,4968,,3
10070,5058,incoming,2
10070,5463,outgoing,1
10070,5919,incoming,3
10070,5977,incoming,1
10070,6233,outgoing,10
10070,6264,,2
10070,6294,,5
10070,6311,,7
10070,6541,,2
10070,6705,outgoing,1
10070,6916,,6
10070,6930,,6
10070,7065,outgoing,3
10070,7221,,19
10070,7277,outandin,6
10070,7645,,4
10070,7750,outgoing,2
10070,8746,,6
10070,8850,,18
10070,9181,outandin,1
10070,9825,outandin,2
10148,171,incoming,1
10148,302,,42
10148,410,incoming,2
10148,483,outandin,1
10148,692,,7
10148,765,outandin,1
10148,796,incoming,1
10148,984,outgoing,2
10148,1183,,5
10148,1589,outandin,2
10148,1674,outgoing,2
10148,2086,incoming,5
10148,2369,incoming,1
10148,2446,outgoing,3
10148,2563,incoming,1
10148,2608,outandin,4
10148,2969,,1
10148,3147,,18
10148,3250,,9
10148,3348,outandin,3
10148,3525,,7
10148,3624,,8
10148,3696,,2
10148,3774,outandin,2
10148,3821,incoming,2
10148,3975,incoming,1
10148,3982,,5
10148,4049,outandin,1
10148,4152,outandin,1
10148,4258,incoming,3
10148,4294,outgoing,1
10148,4556,incoming,2
10148,4600,outgoing,3
10148,4861,outandin,1
10148,4958,incoming,7
10148,4981,,3
10148,5053,outandin,1
10148,5349,outandin,1
10148,5595,outgoing,1
10148,5880,outgoing,1
10148,5889,,13
10148,6000,outandin,1
10148,6180,outandin,1
10148,6237,,8
10148,6309,,9
10148,6338,,23
10148,6346,,6
10148,6419,,15
10148,6445,,4
10148,6548,,6
10148,6556,,7
10148,6566,,6
10148,6707,outandin,1
10148,6836,outandin,1
10148,6862,incoming,2
10148,7161,,4
10148,7540,outgoing,2
10148,7580,outgoing,2
10148,7587,,9
10148,7763,outandin,3
10148,7767,,4
10148,7777,,4
10148,8132,incoming,13
10148,8154,,7
10148,8453,outandin,1
10148,8496,outandin,1
10148,8498,,1
10148,8715,,5
10148,8798,outandin,1
10148,8979,incoming,2
10148,9108,outgoing,3
10148,9376,outgoing,4
10148,9405,outgoing,1
10148,9414,outgoing,1
10148,9481,,12
10148,9520,outandin,1
10148,9546,,4
10148,9556,outandin,1
10148,9759,outandin,3
10148,9834,incoming,3
10148,9863,incoming,1
10148,9944,incoming,5
10177,75,outgoing,1
10177,164,outgoing,13
10177,193,,2
10177,242,,17
10177,296,outandin,2
10177,477,,13
10177,479,outandin,2
10177,483,incoming,3
10177,488,incoming,1
10177,496,outandin,1
10177,497,outandin,1
10177,518,outandin,1
10177,528,outandin,1
10177,549,incoming,3
10177,676,outandin,1
10177,700,outandin,2
10177,850,outandin,1
10177,891,,1
10177,931,outgoing,2
10177,1031,outandin,1
10177,1083,,8
10177,1096,,27
10177,1238,,15
10177,1313,,4
10177,1367,,11
10177,1401,outandin,1
10177,1424,outandin,1
10177,1517,outandin,1
10177,1613,incoming,6
10177,1693,incoming,1
10177,1729,outandin,1
10177,1774,,2
10177,1776,,8
10177,1781,outandin,1
10177,1819,incoming,2
10177,1835,outandin,5
10177,1889,outandin,2
10177,1949,outgoing,1
10177,2006,outandin,1
10177,2031,outandin,2
10177,2065,incoming,3
10177,2088,outgoing,1
10177,2159,,7
10177,2173,incoming,1
10177,2208,outandin,1
10177,2257,incoming,1
10177,2355,outandin,1
10177,2362,outgoing,8
10177,2460,outgoing,3
10177,2464,outgoing,9
10177,2492,,40
10177,2575,outandin,1
10177,2595,,3
10177,2612,,2
10177,2625,,4
10177,2714,outgoing,5
10177,2737,,3
10177,2786,outandin,1
10177,2805,outandin,1
10177,2892,outandin,1
10177,2913,outgoing,1
10177,2938,outandin,1
10177,3025,outandin,1
10177,3035,outgoing,3
10177,3137,outgoing,1
10177,3169,incoming,2
10177,3239,outandin,3
10177,3352,outandin,1
10177,3387,,6
10177,3406,incoming,1
10177,3443,,7
10177,3573,outandin,3
10177,3682,,7
10177,3722,outgoing,1
10177,3742,outandin,4
10177,3743,outgoing,2
10177,3780,outandin,1
10177,3809,outandin,2
10177,3873,outgoing,5
10177,3874,incoming,2
10177,3912,outandin,2
10177,3926,outandin,1
10177,3990,,4
10177,4139,outandin,1
10177,4194,,1
10177,4205,incoming,2
10177,4238,outandin,1
10177,4287,outgoing,1
10177,4293,outandin,3
10177,4415,outandin,1
10177,4600,outandin,2
10177,4607,,4
10177,4638,outandin,1
10177,4706,,3
10177,4742,,2
10177,4821,outgoing,1
10177,4915,outandin,1
10177,4948,outandin,1
10177,4950,outgoing,3
10177,4971,outandin,2
10177,4992,,2
10177,5022,incoming,5
10177,5044,incoming,1
10177,5242,outandin,1
10177,5364,outandin,1
10177,5400,outandin,1
10177,5460,outandin,1
10177,5474,,13
10177,5486,,15
10177,5490,outandin,1
10177,5498,,15
10177,5520,,15
10177,5720,,3
10177,5802,,7
10177,5820,incoming,1
10177,5833,outandin,2
10177,5845,incoming,3
10177,5862,,7
10177,6003,,1
10177,6007,outandin,1
10177,6012,outandin,5
10177,6271,outandin,2
10177,6480,incoming,1
10177,6549,outandin,1
10177,6563,outandin,1
10177,6566,outandin,1
10177,6579,outgoing,1
10177,6626,outandin,1
10177,6649,outandin,1
10177,6830,outandin,3
10177,6841,outandin,1
10177,6843,outandin,1
10177,6918,outandin,1
10177,6977,,2
10177,7030,outandin,1
10177,7052,,3
10177,7053,outandin,1
10177,7093,outgoing,11
10177,7137,outgoing,5
10177,7215,outandin,1
10177,7289,outgoing,1
10177,7327,outgoing,1
10177,7351,outandin,6
10177,7355,outgoing,1
10177,7406,outandin,2
10177,7506,outandin,1
10177,7512,outandin,1
10177,7585,incoming,2
10177,7641,,1
10177,7646,outgoing,3
10177,7658,outandin,2
10177,7781,outgoing,2
10177,7804,incoming,1
10177,7814,outandin,2
10177,8017,outgoing,1
10177,8101,outandin,1
10177,8103,outgoing,1
10177,8233,outandin,1
10177,8251,outandin,1
10177,8307,outandin,3
10177,8436,outandin,1
10177,8464,outgoing,2
10177,8479,outandin,3
10177,8586,outgoing,1
10177,8602,outandin,1
10177,8637,outgoing,2
10177,8656,outandin,1
10177,8661,outgoing,2
10177,8675,outandin,14
10177,8679,outandin,4
10177,8680,outandin,1
10177,8684,outgoing,2
10177,8741,outandin,1
10177,8788,outandin,1
10177,8790,outgoing,3
10177,8828,incoming,3
10177,8867,outgoing,1
10177,8876,outandin,1
10177,8958,incoming,1
10177,9022,outandin,1
10177,9032,outandin,2
10177,9042,outgoing,4
10177,9140,outandin,1
10177,9171,outandin,1
10177,9247,outandin,1
10177,9258,incoming,3
10177,9344,incoming,1
10177,9398,outandin,1
10177,9414,outgoing,3
10177,9424,outgoing,1
10177,9435,outgoing,5
10177,9450,,6
10177,9453,,3
10177,9464,outandin,2
10177,9476,outandin,2
10177,9501,outgoing,1
10177,9508,,13
10177,9564,,18
10177,9569,outgoing,14
10177,9584,outandin,2
10177,9588,outandin,1
10177,9590,incoming,5
10177,9596,outandin,3
10177,9598,outandin,1
10177,9610,outgoing,1
10177,9644,,4
10177,9649,outgoing,2
10177,9663,outandin,3
10177,9693,outandin,6
10177,9719,outgoing,1
10177,9726,outgoing,2
10177,9728,,11
10177,9747,outandin,1
10177,9763,outandin,1
10177,9765,outandin,1
10177,9768,incoming,23
10177,9777,outandin,1
10177,9795,outandin,1
10177,9810,incoming,1
10177,9816,outandin,4
10177,9822,outandin,1
10177,9824,outandin,2
10177,9825,outandin,1
10177,9837,outandin,2
10177,9843,outandin,2
10177,9888,outandin,1
10177,9922,incoming,1
10177,9927,outandin,1
10177,9936,outandin,1
10065,75,,1
10065,87,outandin,1
10065,138,outandin,3
10065,164,,2
10065,171,outgoing,1
10065,277,,32
10065,383,outandin,3
10065,410,outandin,4
10065,466,outandin,1
10065,501,outandin,2
10065,541,outandin,2
10065,612,outandin,1
10065,664,outandin,1
10065,687,outgoing,2
10065,691,outandin,1
10065,755,outandin,1
10065,760,,6
10065,800,outandin,1
10065,1001,outgoing,2
10065,1099,outgoing,2
10065,1100,,9
10065,1132,outandin,1
10065,1140,outandin,1
10065,1157,outandin,1
10065,1238,incoming,15
10065,1364,outandin,1
10065,1568,outandin,1
10065,1593,,4
10065,1598,incoming,6
10065,1613,outandin,7
10065,1729,outandin,1
10065,1911,outgoing,1
10065,1935,outandin,2
10065,1950,,6
10065,1970,,1
10065,2040,incoming,1
10065,2044,outandin,1
10065,2174,outgoing,13
10065,2339,incoming,6
10065,2364,outandin,2
10065,2440,,2
10065,2552,outandin,1
10065,2674,outandin,1
10065,2687,outandin,1
10065,2699,outgoing,5
10065,2710,outandin,1
10065,2718,incoming,2
10065,2825,outandin,4
10065,2869,outandin,4
10065,2948,incoming,4
10065,3037,,1
10065,3060,incoming,1
10065,3128,incoming,2
10065,3169,,1
10065,3198,,11
10065,3287,outgoing,1
10065,3332,outgoing,1
10065,3342,outandin,1
10065,3436,outandin,2
10065,3465,outandin,1
10065,3567,outandin,2
10065,3694,outandin,2
10065,3783,outandin,1
10065,3804,outgoing,3
10065,3852,outandin,2
10065,3854,,1
10065,3858,incoming,1
10065,3859,outandin,1
10065,3941,,1
10065,3962,outgoing,1
10065,4043,outandin,1
10065,4054,outandin,1
10065,4055,outandin,2
10065,4057,,1
10065,4123,outandin,1
10065,4149,,10
10065,4238,outandin,1
10065,4242,,3
10065,4368,outandin,2
10065,4380,outandin,1
10065,4410,outgoing,1
10065,4448,outgoing,1
10065,4534,,1
10065,4614,outandin,3
10065,4628,outgoing,2
10065,4734,outgoing,3
10065,4768,incoming,1
10065,4838,outandin,1
10065,4890,outgoing,1
10065,4893,outgoing,1
10065,5072,outandin,1
10065,5142,incoming,2
10065,5320,,23
10065,5443,outandin,1
10065,5550,outandin,1
10065,5582,outandin,1
10065,5591,outandin,1
10065,5640,outandin,1
10065,5691,incoming,2
10065,5720,outgoing,1
10065,5808,,11
10065,5826,outgoing,3
10065,5849,,1
10065,6030,outandin,2
10065,6057,outandin,1
10065,6271,outgoing,1
10065,6382,outandin,2
10065,6510,,2
10065,6547,outandin,1
10065,6576,outandin,1
10065,6579,outandin,1
10065,6581,outandin,1
10065,6589,outandin,3
10065,6595,outandin,1
10065,6616,,19
10065,6667,outandin,4
10065,6669,outandin,1
10065,6746,outandin,1
10065,6777,outandin,1
10065,6786,outandin,1
10065,6840,outandin,1
10065,6843,outandin,3
10065,6846,outandin,2
10065,6984,,1
10065,7007,outandin,1
10065,7209,outandin,1
10065,7317,,2
10065,7327,outandin,1
10065,7406,outandin,1
10065,7438,outandin,2
10065,7492,outgoing,1
10065,7511,outandin,1
10065,7514,outandin,1
10065,7637,,17
10065,7739,outandin,3
10065,7772,outandin,1
10065,7800,outgoing,1
10065,7963,outandin,1
10065,7988,outandin,2
10065,8117,outandin,1
10065,8247,incoming,2
10065,8616,outandin,1
10065,8694,outgoing,1
10065,8712,outandin,1
10065,8958,outandin,2
10065,9011,outgoing,1
10065,9026,incoming,3
10065,9027,outandin,2
10065,9047,outandin,1
10065,9081,incoming,1
10065,9107,outandin,4
10065,9157,outandin,3
10065,9217,outandin,1
10065,9231,outandin,3
10065,9258,outandin,1
10065,9301,outandin,1
10065,9350,outandin,2
10065,9414,outgoing,3
10065,9450,outandin,1
10065,9513,,13
10065,9515,outgoing,2
10065,9518,outgoing,2
10065,9553,outandin,1
10065,9598,outgoing,2
10065,9643,outandin,7
10065,9742,outandin,1
10065,9769,incoming,8
10065,9783,outandin,2
10065,9794,outandin,1
10065,9795,outandin,2
10065,9816,outandin,1
10065,9843,outandin,5
10065,9884,incoming,3
10065,9902,incoming,3
10065,9916,outandin,1
10065,9927,incoming,2
10010,89,outandin,1
10010,158,,2
10010,171,outandin,1
10010,193,outandin,2
10010,242,,5
10010,324,outandin,4
10010,333,outandin,1
10010,479,outandin,1
10010,495,,8
10010,539,incoming,1
10010,817,outandin,2
10010,957,,3
10010,1021,,2
10010,1165,outandin,2
10010,1214,outandin,1
10010,1253,outandin,1
10010,1391,outandin,1
10010,1421,outandin,2
10010,1745,outgoing,3
10010,1777,outandin,2
10010,1894,outandin,1
10010,1947,outandin,1
10010,2176,outandin,2
10010,2350,outandin,1
10010,2355,outgoing,6
10010,2477,outandin,1
10010,2492,,1
10010,2612,outandin,1
10010,2675,,6
10010,2772,,13
10010,2805,outandin,2
10010,3031,outandin,1
10010,3106,incoming,1
10010,3137,,1
10010,3169,outandin,1
10010,3249,incoming,2
10010,3365,,2
10010,3440,outandin,1
10010,3548,outandin,1
10010,3645,outgoing,2
10010,3706,outandin,1
10010,3714,outgoing,2
10010,3722,outandin,3
10010,3750,,2
10010,3860,outandin,1
10010,3912,outandin,1
10010,3933,outandin,1
10010,3990,outandin,2
10010,4047,outgoing,2
10010,4378,,3
10010,4554,incoming,2
10010,4555,outgoing,1
10010,4600,outandin,3
10010,4614,outandin,1
10010,4809,,5
10010,4904,,1
10010,4999,outandin,1
10010,5049,outandin,2
10010,5444,outandin,1
10010,5582,outandin,1
10010,5648,outandin,1
10010,5888,outgoing,1
10010,6032,outgoing,1
10010,6047,outgoing,5
10010,6092,outandin,2
10010,6100,incoming,2
10010,6146,outgoing,1
10010,6159,outandin,1
10010,6213,outandin,1
10010,6355,outandin,2
10010,6491,outgoing,3
10010,6579,outandin,6
10010,6682,outandin,3
10010,7278,,5
10010,7310,outgoing,1
10010,7316,outandin,2
10010,7327,outandin,1
10010,7479,outandin,2
10010,7506,outgoing,1
10010,7521,incoming,1
10010,7659,outandin,2
10010,7722,,4
10010,7762,outandin,2
10010,7814,incoming,1
10010,8313,outgoing,7
10010,8428,incoming,1
10010,8661,outgoing,3
10010,8679,outandin,3
10010,8712,outandin,2
10010,8807,outandin,4
10010,8837,outgoing,4
10010,8842,incoming,46
10010,9435,outgoing,1
10010,9450,outandin,1
10010,9559,incoming,1
10010,9569,outandin,5
10010,9596,outandin,1
10010,9666,outandin,1
10010,9719,outandin,2
10010,9816,outandin,1
10153,219,outandin,1
10153,322,,6
10153,577,outandin,10
10153,817,,1
10153,908,,4
10153,1088,outandin,1
10153,1207,,2
10153,1613,incoming,1
10153,1630,,6
10153,1761,,10
10153,2108,,25
10153,2198,outandin,3
10153,2362,outandin,1
10153,2569,outandin,1
10153,2764,,7
10153,2821,outandin,2
10153,3100,outandin,2
10153,3228,,5
10153,3735,outandin,1
10153,3742,,7
10153,3927,outgoing,3
10153,3992,,3
10153,4736,incoming,2
10153,4754,,2
10153,4791,outandin,2
10153,4797,outandin,3
10153,4856,outandin,1
10153,5153,,3
10153,5220,,10
10153,5233,,10
10153,5283,outgoing,2
10153,5351,,12
10153,5397,,7
10153,5502,,2
10153,5519,outgoing,3
10153,5892,,1
10153,6197,,12
10153,6427,outandin,2
10153,6680,,12
10153,6818,,1
10153,6906,,5
10153,6978,,14
10153,7272,,7
10153,7543,,3
10153,7680,outgoing,2
10153,7708,incoming,1
10153,7823,outandin,5
10153,7988,outgoing,5
10153,8017,outandin,1
10153,8055,,3
10153,8115,,39
10153,8363,outgoing,3
10153,8381,,23
10153,8390,,5
10153,8810,outandin,1
10153,8906,,14
10153,9066,outandin,2
10153,9161,,68
10153,9185,outandin,1
10153,9726,outgoing,3
10153,9794,outandin,1
10153,9799,outandin,2
10153,9829,outandin,1
10153,9837,outandin,1
10153,9864,outandin,2
10153,9918,incoming,6
10009,11,,57
10009,59,,9
10009,498,,1
10009,534,outandin,2
10009,755,outandin,1
10009,834,incoming,4
10009,1048,,3
10009,1061,,6
10009,1105,incoming,2
10009,1238,outgoing,2
10009,1322,outgoing,2
10009,1332,,5
10009,1444,outandin,1
10009,1657,,2
10009,1692,,2
10009,1724,,6
10009,1866,outandin,2
10009,1872,,1
10009,2028,,15
10009,2207,outgoing,2
10009,2339,outandin,1
10009,2511,,8
10009,2525,,1
10009,2624,,17
10009,3169,outandin,1
10009,3222,outandin,2
10009,3531,outandin,2
10009,3586,outandin,1
10009,3666,,4
10009,3831,outandin,1
10009,3835,,4
10009,4085,,1
10009,4194,outandin,2
10009,4410,outandin,1
10009,4483,,15
10009,4637,,6
10009,4740,,6
10009,4951,outandin,1
10009,5037,,5
10009,5236,outgoing,2
10009,5310,,2
10009,5772,,10
10009,5891,,4
10009,5940,incoming,3
10009,6007,outandin,1
10009,6119,outgoing,4
10009,6296,,9
10009,6345,outandin,4
10009,6354,incoming,1
10009,6417,outgoing,3
10009,6527,outgoing,1
10009,6595,outgoing,1
10009,6598,,1
10009,6623,,10
10009,6626,,2
10009,6670,outandin,1
10009,6877,incoming,3
10009,7189,,10
10009,7298,outandin,1
10009,7479,outandin,1
10009,7797,outandin,1
10009,7849,outgoing,17
10009,7878,outandin,2
10009,8037,outandin,1
10009,8226,outgoing,1
10009,8265,outandin,2
10009,8354,outandin,1
10009,8398,outandin,2
10009,8428,outandin,2
10009,8501,outandin,1
10009,8633,incoming,2
10009,8680,outandin,2
10009,9351,incoming,2
10009,9501,outandin,1
10009,9624,,3
10009,9716,outandin,1
10052,75,outandin,1
10052,83,,24
10052,279,,17
10052,367,,6
10052,388,outandin,1
10052,415,outandin,1
10052,559,outandin,1
10052,577,outandin,1
10052,765,outgoing,2
10052,767,,4
10052,796,,12
10052,851,outgoing,2
10052,859,,27
10052,1122,,56
10052,1165,outandin,1
10052,1188,outandin,1
10052,1222,,1
10052,1238,,2
10052,1444,outandin,1
10052,1454,,25
10052,1764,,23
10052,1832,incoming,12
10052,1887,,12
10052,1926,,18
10052,1979,outandin,4
10052,2046,outandin,2
10052,2219,,74
10052,2266,outandin,1
10052,2893,,5
10052,2925,incoming,1
10052,2948,outandin,1
10052,3174,outgoing,3
10052,3259,,22
10052,3485,,1
10052,3625,outgoing,1
10052,3749,,8
10052,3768,outandin,4
10052,3774,outandin,1
10052,3936,,32
10052,3990,incoming,1
10052,4021,,13
10052,4285,outandin,1
10052,4442,,17
10052,4484,,2
10052,4666,,2
10052,4993,incoming,1
10052,5022,incoming,4
10052,5074,outandin,1
10052,5128,outandin,4
10052,5200,outgoing,1
10052,5207,,11
10052,5319,outandin,1
10052,5386,,3
10052,5399,outandin,2
10052,5468,outgoing,5
10052,5585,incoming,1
10052,5794,incoming,2
10052,5929,,9
10052,6097,,7
10052,6099,outandin,3
10052,6123,incoming,1
10052,6181,,11
10052,6297,incoming,11
10052,6566,incoming,6
10052,6707,outandin,1
10052,6813,,30
10052,6857,outgoing,1
10052,6932,,4
10052,7068,outgoing,2
10052,7080,outandin,1
10052,7300,,11
10052,7382,,10
10052,7437,outandin,1
10052,7470,,8
10052,7587,outgoing,2
10052,7623,incoming,2
10052,7800,outandin,1
10052,7810,,9
10052,7834,outgoing,1
10052,7891,outandin,2
10052,8076,outgoing,1
10052,8168,outgoing,1
10052,8430,outandin,1
10052,8541,outandin,1
10052,8594,,11
10052,8679,outandin,1
10052,8695,outandin,2
10052,8795,outandin,2
10052,8800,,8
10052,8811,outandin,2
10052,9042,outandin,1
10052,9081,outandin,1
10052,9108,outgoing,1
10052,9140,outandin,1
10052,9141,outandin,1
10052,9169,outandin,1
10052,9244,outandin,1
10052,9268,outgoing,4
10052,9289,outandin,1
10052,9304,incoming,6
10052,9350,outandin,1
10052,9398,,1
10052,9437,outgoing,1
10052,9440,incoming,1
10052,9610,outandin,1
10052,9656,outandin,1
10052,9662,outandin,1
10052,9716,outandin,1
10052,9742,outandin,2
10052,9744,incoming,2
10052,9795,outandin,1
10052,9808,outandin,1
10052,9810,incoming,7
10052,9818,incoming,1
10052,9825,outandin,1
10052,9837,outandin,1
10052,9840,outandin,1
10052,9845,incoming,1
10052,9874,incoming,2
10014,286,outandin,3
10014,1591,,6
10014,1696,,1
10014,2177,,18
10014,2434,,1
10014,3799,,2
10014,4051,,8
10014,4058,outgoing,2
10014,4083,,2
10014,4262,outandin,1
10014,4800,outgoing,8
10014,4868,,5
10014,5127,,7
10014,6027,,3
10014,6685,,6
10014,6727,outandin,2
10014,7264,,1
10014,7364,outgoing,1
10014,7384,incoming,3
10014,7495,outgoing,3
10014,7549,,3
10014,7830,,2
10014,8358,incoming,3
10014,8419,,20
10014,8638,incoming,8
10014,8792,outandin,8
10014,8801,outgoing,4
10014,8832,,3
10014,8990,outgoing,1
10014,9078,,4
10014,9187,outgoing,1
10014,9218,,2
10014,9470,,11
10014,9561,incoming,7
10014,9593,,2
10014,9633,,21
10014,9709,outandin,2
10014,9713,outgoing,24
10014,9739,outandin,2
10014,9740,,18
10014,9805,incoming,4
10014,9817,outandin,1
10014,9861,outandin,1
10041,353,outgoing,5
10041,410,,1
10041,530,,65
10041,827,,5
10041,900,,5
10041,906,incoming,5
10041,1427,outgoing,1
10041,1526,outgoing,1
10041,1539,,81
10041,1763,,13
10041,1776,outandin,1
10041,1975,,7
10041,1987,outandin,3
10041,2075,incoming,4
10041,2123,outandin,1
10041,2156,outandin,1
10041,2158,outgoing,8
10041,2195,,13
10041,2240,,6
10041,2311,,4
10041,2454,,9
10041,2945,,31
10041,2964,outgoing,6
10041,3063,outgoing,2
10041,3100,incoming,7
10041,3109,,3
10041,3169,,3
10041,3414,,6
10041,3448,,1
10041,3488,,2
10041,3511,,7
10041,3678,outandin,2
10041,3694,,4
10041,3852,,3
10041,3854,,2
10041,4295,outgoing,2
10041,4351,,7
10041,4373,,7
10041,4444,,7
10041,4604,outgoing,4
10041,4626,,1
10041,4830,,7
10041,5370,,9
10041,5396,,5
10041,5513,outgoing,5
10041,5778,incoming,2
10041,5907,,11
10041,5965,outandin,1
10041,6032,outgoing,1
10041,6055,,2
10041,6123,outandin,1
10041,6224,,2
10041,6478,outandin,1
10041,6597,,4
10041,6830,incoming,33
10041,6913,,9
10041,6923,outandin,1
10041,6933,,2
10041,6972,outandin,1
10041,6984,,3
10041,7012,,2
10041,7072,outandin,1
10041,7293,,5
10041,7411,outandin,1
10041,7444,,12
10041,7661,outgoing,1
10041,7879,outgoing,1
10041,8055,,2
10041,8219,incoming,3
10041,8440,incoming,5
10041,8445,,2
10041,8568,outandin,1
10041,8604,,1
10041,8624,,8
10041,8630,outgoing,4
10041,8651,outandin,1
10041,8659,outgoing,1
10041,8679,outandin,1
10041,8716,,2
10041,8816,outandin,3
10041,9301,incoming,16
10041,9465,outgoing,3
10041,9511,outandin,4
10041,9576,outandin,8
10041,9744,outandin,1
10041,9877,incoming,2
10267,64,outandin,2
10267,104,outandin,1
10267,226,outgoing,22
10267,441,,16
10267,703,,6
10267,952,,13
10267,1047,outandin,2
10267,1094,,17
10267,1114,incoming,3
10267,1448,,4
10267,1713,outandin,1
10267,1771,outandin,1
10267,2366,outandin,1
10267,2792,,19
10267,3255,,15
10267,3270,outandin,3
10267,3400,,1
10267,3452,outandin,1
10267,3490,outandin,10
10267,3566,incoming,2
10267,3618,,17
10267,3666,outandin,1
10267,3708,outandin,2
10267,4364,outgoing,1
10267,4371,incoming,1
10267,4621,,14
10267,4636,outandin,2
10267,4669,outandin,9
10267,4935,outandin,9
10267,5070,,15
10267,5108,outgoing,1
10267,5738,,7
10267,5791,,21
10267,5954,outandin,5
10267,6019,outgoing,1
10267,6255,outandin,5
10267,6532,,2
10267,6752,outgoing,4
10267,6789,incoming,3
10267,6836,incoming,7
10267,7196,outandin,5
10267,7817,outandin,3
10267,8240,,12
10267,8377,,11
10267,8618,,16
10267,8665,,7
10267,8678,,4
10267,8880,incoming,7
10267,9057,,13
10267,9097,,76
10267,9566,incoming,1
10267,9684,,21
10056,325,,76
10056,328,outandin,1
10056,460,outandin,1
10056,530,outgoing,1
10056,753,outgoing,1
10056,767,,1
10056,786,,28
10056,851,outgoing,3
10056,944,,3
10056,982,outandin,2
10056,1172,outandin,1
10056,1199,outgoing,1
10056,1497,outgoing,3
10056,1546,outandin,1
10056,1621,,8
10056,1638,incoming,1
10056,1929,outandin,1
10056,2046,incoming,1
10056,2723,,21
10056,2759,outandin,2
10056,2773,,12
10056,2825,incoming,2
10056,2844,,45
10056,2893,outgoing,1
10056,3251,outgoing,11
10056,3331,,6
10056,3495,outgoing,2
10056,3658,outgoing,1
10056,3662,outandin,1
10056,3677,outgoing,1
10056,3770,,2
10056,3890,,3
10056,3975,incoming,1
10056,4112,outandin,3
10056,4169,outandin,1
10056,4424,outgoing,3
10056,4437,outgoing,2
10056,4468,,1
10056,4780,outandin,1
10056,4781,,3
10056,4850,outandin,1
10056,5002,outandin,1
10056,5074,outandin,10
10056,5091,outandin,2
10056,5151,,2
10056,5219,outandin,1
10056,5280,outgoing,2
10056,5489,outgoing,1
10056,5846,,2
10056,5870,,8
10056,6010,outgoing,1
10056,6090,outgoing,3
10056,6123,incoming,2
10056,6385,,4
10056,6428,outandin,1
10056,6472,,8
10056,6779,,1
10056,7209,incoming,4
10056,7265,outandin,1
10056,7295,incoming,1
10056,7308,outgoing,3
10056,7356,outandin,3
10056,7380,outandin,1
10056,7422,incoming,1
10056,7442,outgoing,1
10056,7486,,2
10056,7514,outandin,2
10056,7695,outgoing,1
10056,8022,outandin,1
10056,8118,outgoing,1
10056,8127,outgoing,1
10056,8135,outandin,1
10056,8216,outandin,1
10056,8236,outandin,1
10056,8315,,10
10056,8800,outandin,1
10056,8825,,10
10056,8863,,22
10056,8875,,6
10056,9108,outandin,2
10056,9228,outandin,1
10056,9278,outgoing,1
10056,9376,outandin,2
10056,9482,outgoing,5
10056,9563,,3
10056,9611,outandin,1
10056,9646,outandin,2
10056,9814,outandin,1
10019,25,outgoing,2
10019,108,,5
10019,329,outgoing,1
10019,483,outandin,1
10019,682,incoming,1
10019,719,incoming,2
10019,1110,,8
10019,1554,,8
10019,2448,outandin,3
10019,2942,,3
10019,3444,outandin,1
10019,3501,,2
10019,3566,,5
10019,3604,,4
10019,3635,,8
10019,3727,outandin,2
10019,3732,outandin,1
10019,4139,outandin,1
10019,4194,incoming,1
10019,4240,incoming,2
10019,4642,,1
10019,4961,,13
10019,5003,,17
10019,5290,,4
10019,5388,outandin,1
10019,5390,outandin,1
10019,6132,outandin,2
10019,6487,outandin,1
10019,6704,,4
10019,6737,,7
10019,6867,outandin,1
10019,6998,,5
10019,7339,,5
10019,7348,outandin,1
10019,7628,,16
10019,7658,,8
10019,7949,incoming,1
10019,8088,outgoing,5
10019,8180,,7
10019,8288,outgoing,1
10019,8719,outgoing,1
10019,8833,,12
10019,9155,,3
10036,55,,98
10036,428,incoming,1
10036,462,,13
10036,483,outandin,1
10036,546,,1
10036,698,,10
10036,827,,2
10036,1145,,84
10036,1539,,9
10036,1677,,27
10036,1794,,14
10036,2075,incoming,2
10036,2085,,13
10036,2158,,17
10036,2165,,9
10036,2191,,12
10036,2342,,21
10036,2458,,9
10036,2690,,11
10036,3004,incoming,3
10036,3063,outandin,1
10036,3065,outandin,1
10036,3109,,1
10036,3145,,7
10036,3421,,10
10036,3488,outandin,1
10036,3533,,26
10036,3642,,6
10036,3649,incoming,6
10036,3678,outandin,5
10036,4358,outandin,1
10036,4496,,19
10036,4626,outgoing,3
10036,4656,,12
10036,4811,,7
10036,4830,outandin,1
10036,5439,,2
10036,5447,,4
10036,5483,,19
10036,5519,outandin,1
10036,5681,,5
10036,6151,outandin,5
10036,6214,incoming,1
10036,6830,incoming,24
10036,6984,outgoing,1
10036,7012,,6
10036,7681,outandin,1
10036,7918,outandin,1
10036,8152,,11
10036,8219,incoming,4
10036,8256,outandin,1
10036,8630,outandin,1
10036,8636,outandin,1
10036,8651,,6
10036,9154,,22
10036,9364,outandin,2
10036,9368,outandin,1
10036,9421,outandin,2
10036,9576,outandin,13
10036,9778,incoming,24
10115,21,,11
10115,142,outgoing,1
10115,158,incoming,1
10115,190,outgoing,1
10115,731,incoming,12
10115,736,,1
10115,803,outandin,1
10115,814,,14
10115,936,outgoing,1
10115,1084,,8
10115,1135,outgoing,1
10115,1183,,3
10115,1310,outandin,1
10115,1364,outandin,2
10115,1373,outandin,1
10115,1421,outandin,1
10115,1562,incoming,1
10115,1701,outandin,1
10115,1741,,6
10115,1812,,2
10115,1824,incoming,4
10115,2362,outandin,1
10115,2508,outandin,1
10115,2705,outandin,1
10115,2934,,1
10115,3181,incoming,1
10115,3209,,9
10115,3377,,3
10115,3528,outgoing,5
10115,3779,outandin,1
10115,3926,outandin,3
10115,3933,outandin,3
10115,4205,,3
10115,4359,outandin,1
10115,4486,,10
10115,4524,incoming,1
10115,4600,incoming,2
10115,4720,outandin,1
10115,5049,,7
10115,5106,,4
10115,5120,,10
10115,5211,outandin,1
10115,5525,,20
10115,5792,incoming,2
10115,5852,,1
10115,5964,,4
10115,6006,outandin,3
10115,6047,,3
10115,6247,outandin,1
10115,6317,outandin,1
10115,6386,,4
10115,6485,outgoing,4
10115,6836,incoming,1
10115,6937,outandin,1
10115,7135,outandin,2
10115,7360,outgoing,2
10115,7454,incoming,7
10115,7574,outandin,1
10115,7766,outandin,1
10115,7784,outgoing,1
10115,7812,outandin,2
10115,8034,outandin,1
10115,8093,incoming,2
10115,8322,,3
10115,8732,outandin,3
10115,8824,outandin,1
10115,8870,,3
10115,9034,outgoing,3
10115,9242,outandin,1
10115,9279,outgoing,5
10115,9520,incoming,2
10115,9522,outgoing,57
10115,9567,,2
10115,9575,,3
10115,9752,outandin,4
10115,9759,outandin,1
10115,9850,incoming,1
10035,54,incoming,21
10035,248,incoming,8
10035,298,incoming,1
10035,410,incoming,4
10035,491,incoming,6
10035,513,incoming,10
10035,527,incoming,136
10035,530,incoming,48
10035,621,outandin,1
10035,724,incoming,9
10035,731,incoming,50
10035,906,incoming,7
10035,1005,outandin,2
10035,1099,outandin,1
10035,1588,incoming,1
10035,1935,incoming,27
10035,2042,incoming,11
10035,2075,incoming,2
10035,2369,incoming,1
10035,2537,incoming,3
10035,2791,incoming,21
10035,2795,outandin,1
10035,2913,incoming,1
10035,3027,incoming,46
10035,3212,incoming,21
10035,3230,outandin,1
10035,3335,outandin,8
10035,3575,outandin,1
10035,3667,outandin,5
10035,3775,outandin,2
10035,3837,outandin,2
10035,3865,incoming,11
10035,4488,incoming,18
10035,4604,outandin,4
10035,4626,incoming,4
10035,4836,incoming,3
10035,5027,incoming,19
10035,5401,incoming,1
10035,5663,incoming,9
10035,5778,incoming,9
10035,6050,incoming,2
10035,6247,outandin,1
10035,6525,incoming,7
10035,6596,outandin,1
10035,6706,outandin,1
10035,6830,incoming,15
10035,6945,incoming,1
10035,6972,incoming,7
10035,6984,incoming,1
10035,7661,outandin,1
10035,7685,incoming,4
10035,7691,incoming,9
10035,7918,outandin,1
10035,8219,incoming,2
10035,8557,incoming,6
10035,8604,outandin,1
10035,8630,outandin,1
10035,8653,outandin,5
10035,9023,incoming,3
10035,9192,incoming,1
10035,9211,incoming,4
10035,9276,incoming,41
10035,9281,outandin,4
10035,9393,incoming,10
10035,9576,outandin,12
10035,9718,outandin,1
10035,9744,outandin,1
10035,9932,incoming,7
10143,130,outandin,1
10143,483,incoming,3
10143,637,incoming,7
10143,1380,incoming,4
10143,1565,outandin,4
10143,1723,incoming,2
10143,1769,incoming,5
10143,1792,incoming,3
10143,2687,outandin,2
10143,3226,outandin,6
10143,3352,outandin,1
10143,3495,outandin,1
10143,3515,outandin,1
10143,3662,incoming,1
10143,3708,outandin,2
10143,3732,incoming,2
10143,3812,outandin,1
10143,3898,incoming,4
10143,4107,incoming,3
10143,4279,outandin,1
10143,4389,outandin,6
10143,4595,outandin,10
10143,4652,incoming,5
10143,4671,incoming,5
10143,4723,incoming,2
10143,4724,outandin,2
10143,4855,outandin,1
10143,4872,outandin,2
10143,5063,outandin,1
10143,5079,outandin,1
10143,5084,incoming,9
10143,5358,incoming,2
10143,5590,outandin,2
10143,5738,incoming,1
10143,5754,outandin,11
10143,5919,outandin,2
10143,5975,outandin,1
10143,6000,outandin,1
10143,6332,incoming,6
10143,6350,outandin,1
10143,6410,incoming,5
10143,6595,outandin,1
10143,6604,incoming,2
10143,6634,incoming,3
10143,7391,outandin,1
10143,7585,incoming,1
10143,7676,incoming,4
10143,7697,incoming,10
10143,7731,incoming,1
10143,7965,outandin,15
10143,8052,incoming,1
10143,8070,incoming,7
10143,8086,outandin,1
10143,8392,incoming,5
10143,8408,incoming,2
10143,8505,incoming,3
10143,9011,outandin,1
10143,9480,outandin,1
10143,9533,incoming,1
10143,9736,outandin,1
10143,9825,outandin,2
10143,9864,incoming,7
10066,32,outandin,1
10066,107,incoming,5
10066,110,outandin,1
10066,226,outandin,5
10066,300,incoming,1
10066,483,outandin,1
10066,514,incoming,13
10066,521,outandin,6
10066,866,outandin,1
10066,1128,outandin,5
10066,1262,outandin,1
10066,1419,incoming,2
10066,1583,outandin,8
10066,1748,outandin,1
10066,1790,incoming,9
10066,2105,incoming,1
10066,2142,outandin,1
10066,2263,incoming,1
10066,2395,incoming,16
10066,2483,incoming,7
10066,2621,outandin,1
10066,2698,outandin,1
10066,2987,incoming,4
10066,3067,incoming,2
10066,3193,incoming,1
10066,3217,incoming,5
10066,3440,incoming,1
10066,3492,outandin,3
10066,3536,incoming,3
10066,3546,outandin,1
10066,3571,outandin,1
10066,3692,incoming,12
10066,4116,outandin,1
10066,4148,incoming,5
10066,4758,incoming,4
10066,4808,outandin,1
10066,4813,incoming,6
10066,4935,incoming,2
10066,4958,outandin,1
10066,5063,outandin,1
10066,5072,outandin,1
10066,5178,incoming,1
10066,5278,incoming,7
10066,5313,outandin,1
10066,5420,incoming,7
10066,5496,incoming,1
10066,5791,outandin,1
10066,5813,incoming,5
10066,6238,incoming,10
10066,6277,incoming,2
10066,6356,outandin,1
10066,6411,outandin,1
10066,6695,incoming,8
10066,6764,outandin,1
10066,6789,incoming,7
10066,6918,outandin,2
10066,6952,incoming,2
10066,7282,outandin,1
10066,7370,incoming,29
10066,7507,outandin,2
10066,7854,outandin,1
10066,8169,outandin,1
10066,8445,outandin,1
10066,8486,outandin,1
10066,8631,incoming,16
10066,8810,outandin,1
10066,9034,outandin,1
10066,9049,incoming,1
10066,9061,outandin,1
10066,9074,outandin,1
10066,9480,outandin,1
10066,9531,outandin,1
10066,9583,incoming,3
10066,9756,incoming,6
10339,290,outandin,2
10339,483,outandin,1
10339,1007,incoming,8
10339,1566,outandin,1
10339,1606,incoming,10
10339,1636,incoming,6
10339,1687,incoming,6
10339,1916,outandin,1
10339,1943,incoming,1
10339,1957,incoming,4
10339,2249,incoming,9
10339,2264,incoming,29
10339,2343,incoming,5
10339,2450,incoming,15
10339,2535,incoming,19
10339,2581,incoming,7
10339,2630,incoming,5
10339,2661,incoming,4
10339,2685,incoming,7
10339,3388,incoming,2
10339,3711,incoming,2
10339,3716,outandin,1
10339,3878,outandin,2
10339,4516,outandin,1
10339,5467,incoming,1
10339,5580,outandin,1
10339,5598,incoming,1
10339,6969,incoming,5
10339,7282,outandin,4
10339,7354,incoming,1
10339,7895,incoming,59
10339,7906,incoming,12
10339,8519,outandin,1
10339,8685,incoming,6
10339,9653,incoming,22
10339,9667,incoming,10
10139,276,,6
10139,655,,29
10139,848,,10
10139,957,outandin,1
10139,1102,,13
10139,1149,,17
10139,1196,,11
10139,1335,,25
10139,1562,outgoing,1
10139,1567,,5
10139,1599,outandin,3
10139,1886,,3
10139,1909,,4
10139,1922,,16
10139,2079,,6
10139,2529,,6
10139,2574,,7
10139,3900,,8
10139,4583,,13
10139,5161,,43
10139,5531,,2
10139,5816,,16
10139,6152,,2
10139,6846,,5
10139,7575,,9
10139,7754,,11
10139,9338,,41
10139,9341,incoming,8
10139,9518,outandin,1
10139,9845,outandin,2
10002,2,,18
10002,204,,21
10002,491,outgoing,1
10002,751,,7
10002,1298,incoming,1
10002,1924,,4
10002,2585,incoming,4
10002,2880,incoming,4
10002,3027,outandin,1
10002,3063,,7
10002,3100,incoming,6
10002,3471,,5
10002,3488,outandin,1
10002,3809,,9
10002,4098,outandin,1
10002,4153,,14
10002,4324,outandin,1
10002,4427,,6
10002,5111,incoming,4
10002,5366,,12
10002,5421,,5
10002,5629,,9
10002,5727,,13
10002,6048,,1
10002,6221,,2
10002,6608,outandin,1
10002,7345,outandin,2
10002,8440,incoming,5
10002,8608,,12
10002,8700,outandin,6
10002,9465,,11
10002,9647,,8
10002,9795,outandin,1
10002,9927,outandin,1
10159,279,outandin,1
10159,491,outandin,4
10159,577,outandin,20
10159,778,outandin,1
10159,923,outandin,16
10159,1556,outandin,10
10159,1588,outandin,1
10159,1906,outandin,37
10159,1975,outandin,1
10159,2005,outandin,3
10159,2489,outandin,13
10159,2674,outandin,1
10159,2714,outandin,2
10159,2827,outandin,42
10159,2915,outandin,1
10159,3184,outandin,8
10159,3360,outandin,1
10159,3620,outandin,1
10159,3784,outandin,1
10159,4036,outandin,1
10159,4440,outandin,1
10159,4506,outandin,27
10159,4551,outandin,2
10159,5011,outandin,8
10159,5345,outandin,7
10159,5407,outandin,1
10159,5596,outandin,9
10159,5909,outandin,2
10159,6690,outandin,2
10159,6816,outandin,10
10159,6824,outandin,4
10159,6840,outandin,10
10159,6870,outandin,1
10159,6904,outandin,1
10159,6991,outandin,6
10159,7029,outandin,1
10159,7067,outandin,1
10159,7072,outandin,1
10159,7206,outandin,1
10159,7490,outandin,17
10159,7633,outandin,9
10159,7635,outandin,3
10159,8058,outandin,1
10159,8102,outandin,6
10159,9027,outandin,3
10159,9202,outandin,7
10159,9446,outandin,6
10159,9497,outandin,10
10159,9576,outandin,3
10159,9640,outandin,1
10159,9656,outandin,26
10159,9765,outandin,1
10159,9818,outandin,1
10159,9897,outandin,1
10031,616,incoming,30
10031,632,incoming,1
10031,723,incoming,13
10031,1638,outandin,3
10031,2044,incoming,4
10031,2071,incoming,3
10031,2092,outandin,1
10031,2261,incoming,6
10031,2509,outandin,1
10031,2670,incoming,3
10031,2766,outandin,1
10031,2852,incoming,15
10031,2950,incoming,2
10031,3504,incoming,1
10031,3947,outandin,1
10031,4079,incoming,2
10031,4101,incoming,8
10031,4159,outandin,1
10031,4280,incoming,7
10031,4318,outandin,1
10031,4392,incoming,48
10031,4608,outandin,1
10031,4622,incoming,6
10031,4623,incoming,6
10031,4773,outandin,2
10031,4823,outandin,2
10031,4832,incoming,4
10031,4891,outandin,2
10031,5108,outandin,1
10031,5178,incoming,3
10031,5441,outandin,2
10031,5612,incoming,2
10031,6106,outandin,1
10031,6114,incoming,9
10031,6247,outandin,1
10031,6355,outandin,1
10031,6451,incoming,6
10031,6887,outandin,1
10031,6937,outandin,2
10031,6960,incoming,13
10031,6985,incoming,4
10031,7258,incoming,3
10031,7453,outandin,2
10031,7677,incoming,3
10031,7963,outandin,1
10031,8085,incoming,3
10031,8204,outandin,2
10031,8223,incoming,12
10031,8583,outandin,1
10031,8667,incoming,3
10031,8777,outandin,1
10031,8957,incoming,2
10031,9242,incoming,1
10031,9397,outandin,2
10031,9435,outandin,1
10031,9736,outandin,1
10031,9795,outandin,3
10031,9808,outandin,1
10031,9927,outandin,1
10119,193,outandin,1
10119,214,outgoing,23
10119,231,outandin,1
10119,342,outgoing,7
10119,658,outgoing,1
10119,929,outandin,4
10119,1154,outgoing,1
10119,1228,outgoing,2
10119,1263,outandin,1
10119,1310,outgoing,18
10119,1527,outandin,1
10119,1554,outandin,1
10119,1575,outandin,2
10119,1874,outgoing,11
10119,2031,outandin,1
10119,2398,outgoing,5
10119,2540,outgoing,19
10119,2551,outandin,9
10119,2626,outgoing,4
10119,2766,outgoing,2
10119,3617,outandin,1
10119,3766,outgoing,5
10119,4057,outandin,1
10119,4104,outgoing,23
10119,4195,outgoing,8
10119,4398,outgoing,14
10119,4445,outgoing,6
10119,4636,outandin,1
10119,4706,outandin,1
10119,4833,outgoing,8
10119,4960,outgoing,1
10119,4971,outandin,2
10119,5622,outgoing,5
10119,5847,outgoing,16
10119,5992,outandin,2
10119,6224,outandin,1
10119,6439,outgoing,2
10119,6823,outandin,3
10119,7147,outgoing,1
10119,7298,outandin,1
10119,7569,outgoing,6
10119,7609,outandin,3
10119,8088,outgoing,1
10119,8223,outandin,1
10119,8265,outandin,1
10119,8392,outandin,1
10119,8697,outandin,6
10119,9118,outgoing,2
10119,9284,outandin,1
10119,9769,outandin,9
10119,9800,outandin,2
10013,17,,42
10013,375,outgoing,4
10013,620,outgoing,1
10013,731,incoming,8
10013,1148,,72
10013,1151,,74
10013,1274,outandin,3
10013,1528,outandin,2
10013,1529,,3
10013,1549,outgoing,1
10013,1867,outgoing,1
10013,1913,incoming,1
10013,1929,,26
10013,2208,outandin,1
10013,2537,,5
10013,2709,,6
10013,2922,,1
10013,2991,,28
10013,3209,outgoing,1
10013,3382,incoming,1
10013,3486,,6
10013,3557,,9
10013,3658,outandin,1
10013,3664,incoming,1
10013,4090,,11
10013,4436,,1
10013,4515,,16
10013,4604,outgoing,3
10013,4853,,53
10013,4971,outandin,1
10013,4975,,13
10013,5568,,36
10013,5897,,6
10013,5998,,8
10013,6006,,1
10013,6122,,2
10013,6134,,8
10013,6383,outgoing,2
10013,6596,outandin,1
10013,6830,incoming,17
10013,7103,,4
10013,7131,,8
10013,7335,,7
10013,7605,,6
10013,7784,incoming,2
10013,7898,,11
10013,7900,outandin,2
10013,8188,incoming,12
10013,8200,,5
10013,8257,,5
10013,8337,outgoing,1
10013,8568,outandin,3
10013,8819,,4
10013,9123,outandin,1
10013,9364,outandin,1
10013,9421,outandin,1
10013,9460,incoming,3
10162,41,,11
10162,242,,17
10162,357,,27
10162,456,,12
10162,1073,,1
10162,1233,incoming,2
10162,1242,incoming,1
10162,1423,outandin,2
10162,1507,outandin,2
10162,1896,outandin,3
10162,2557,outandin,1
10162,3248,,3
10162,3499,,5
10162,4049,outgoing,12
10162,4353,outgoing,19
10162,5128,outandin,5
10162,5590,outandin,5
10162,5594,outandin,8
10162,6155,,2
10162,6257,outgoing,6
10162,7060,incoming,23
10162,7649,,12
10162,7726,outgoing,2
10162,7887,,6
10162,7947,,4
10162,7979,,2
10162,8047,outandin,1
10162,8372,outgoing,11
10162,8415,outandin,1
10162,8456,incoming,4
10162,8864,,5
10162,9038,,8
10162,9230,outandin,6
10162,9452,incoming,1
10162,9838,outandin,19
10162,9861,outandin,1
10162,9947,outandin,1
10219,226,outandin,1
10219,540,incoming,9
10219,899,,14
10219,1289,,14
10219,1340,incoming,1
10219,1426,,2
10219,1775,outandin,1
10219,1880,,7
10219,1961,,3
10219,3136,,4
10219,3334,outgoing,5
10219,3981,,10
10219,4148,,4
10219,4252,outgoing,2
10219,4698,incoming,4
10219,5108,,5
10219,5358,outandin,1
10219,5666,,6
10219,5786,outgoing,1
10219,5867,,5
10219,6019,,1
10219,6022,,3
10219,6479,,13
10219,6952,outandin,3
10219,6985,incoming,5
10219,7056,,9
10219,7174,outandin,1
10219,7386,outandin,1
10219,7478,,1
10219,7485,,6
10219,7765,incoming,2
10219,8349,outandin,6
10219,8380,,4
10219,8985,outandin,1
10219,8992,,25
10219,9088,,6
10219,9620,outandin,2
10219,9825,outandin,1
10219,9927,outandin,1
10130,233,outandin,15
10130,347,outandin,1
10130,840,outandin,1
10130,873,outandin,3
10130,1249,outandin,1
10130,1304,outandin,5
10130,1530,outandin,1
10130,2069,outandin,1
10130,2626,outandin,1
10130,2724,outandin,1
10130,2789,outandin,9
10130,2868,outandin,2
10130,3125,outandin,1
10130,3141,outandin,2
10130,3169,outandin,1
10130,3173,outandin,6
10130,3222,outandin,2
10130,3246,outandin,1
10130,3270,outandin,4
10130,3747,outandin,1
10130,4057,outandin,10
10130,4195,outandin,1
10130,4227,outandin,2
10130,4347,outandin,2
10130,4819,outandin,1
10130,4826,outandin,5
10130,4971,outandin,1
10130,5063,outandin,1
10130,5332,outandin,1
10130,6210,outandin,8
10130,6217,outandin,2
10130,6334,outandin,3
10130,6533,outandin,9
10130,6579,outandin,1
10130,6590,outandin,11
10130,6651,outandin,3
10130,6841,outandin,1
10130,7050,outandin,3
10130,7405,outandin,1
10130,7556,outandin,7
10130,7579,outandin,7
10130,7684,outandin,6
10130,8002,outandin,6
10130,8711,outandin,9
10130,9112,outandin,1
10130,9174,outandin,2
10130,9252,outandin,10
10130,9311,outandin,2
10130,9681,outandin,1
10130,9719,outandin,1
10165,242,outandin,22
10165,289,outandin,1
10165,357,outandin,7
10165,1113,outandin,7
10165,1233,outandin,9
10165,1242,outandin,5
10165,1423,outandin,13
10165,1481,outandin,6
10165,1641,outandin,1
10165,1656,outandin,1
10165,1896,outandin,3
10165,2557,outandin,14
10165,2738,outandin,1
10165,2892,outandin,2
10165,2956,outandin,5
10165,4049,outandin,11
10165,4250,outandin,20
10165,4790,outandin,1
10165,4887,outandin,29
10165,5128,outandin,21
10165,5372,outandin,19
10165,5589,outandin,13
10165,5594,outandin,9
10165,5651,outandin,11
10165,5741,outandin,2
10165,6157,outandin,5
10165,6553,outandin,3
10165,7060,outandin,3
10165,7192,outandin,4
10165,7364,outandin,1
10165,7600,outandin,4
10165,7649,outandin,2
10165,7715,outandin,6
10165,7947,outandin,2
10165,8047,outandin,1
10165,8210,outandin,8
10165,8222,outandin,3
10165,8456,outandin,2
10165,8801,outandin,2
10165,9187,outandin,10
10165,9230,outandin,3
10165,9327,outandin,3
10165,9435,outandin,1
10165,9565,outandin,1
10165,9709,outandin,1
10165,9739,outandin,1
10165,9762,outandin,1
10165,9861,outandin,1
10298,724,,10
10298,1435,outandin,1
10298,2005,outandin,2
10298,2146,,51
10298,2201,,21
10298,2383,outandin,1
10298,2537,outandin,1
10298,2711,,2
10298,2714,outandin,1
10298,2880,outandin,1
10298,3089,outgoing,3
10298,3223,outgoing,1
10298,3301,,18
10298,3456,outgoing,2
10298,4485,,9
10298,4545,,7
10298,4618,outandin,1
10298,4666,,2
10298,4699,outandin,1
10298,4844,outandin,2
10298,5068,,9
10298,5112,outandin,1
10298,5319,outandin,1
10298,5390,outandin,1
10298,5517,,7
10298,5711,outandin,3
10298,5767,,6
10298,5856,incoming,1
10298,5909,,5
10298,6063,,4
10298,6097,,21
10298,6104,,7
10298,6707,outandin,2
10298,6830,outandin,1
10298,6835,outgoing,3
10298,6870,,7
10298,6881,,2
10298,6995,,3
10298,7046,,1
10298,7072,,4
10298,7098,,6
10298,7166,,10
10298,7183,,1
10298,7374,outgoing,8
10298,7629,,3
10298,7769,,4
10298,7909,incoming,7
10298,8168,,1
10298,8472,outandin,4
10298,8795,outandin,1
10298,8800,incoming,1
10298,8925,,1
10298,9027,outandin,1
10298,9427,,18
10298,9440,,1
10298,9497,,5
10298,9630,incoming,3
10298,9728,incoming,2
10298,9777,outandin,1
10298,9810,incoming,1
10298,9818,incoming,2
10298,9845,incoming,3
10298,9886,outandin,1
10058,124,,4
10058,289,outgoing,2
10058,444,,22
10058,861,,1
10058,881,,14
10058,1113,outandin,2
10058,1207,,13
10058,1779,incoming,4
10058,1896,,3
10058,1982,incoming,3
10058,1990,outandin,1
10058,2070,outgoing,1
10058,2075,incoming,8
10058,2093,,7
10058,2173,,3
10058,2619,,4
10058,2672,incoming,1
10058,2780,,9
10058,2825,,1
10058,2888,,16
10058,3165,,7
10058,3358,,5
10058,3576,,3
10058,3593,,4
10058,3808,,1
10058,3961,outandin,4
10058,3968,outgoing,1
10058,4049,outgoing,11
10058,4706,outgoing,1
10058,4728,,1
10058,4790,incoming,2
10058,4860,,2
10058,4898,,4
10058,5128,outandin,1
10058,5166,,3
10058,5448,outandin,2
10058,5594,outandin,2
10058,5603,,5
10058,5741,,8
10058,5946,,5
10058,5948,,2
10058,6280,,1
10058,6481,,7
10058,7083,,2
10058,7357,,9
10058,7726,outgoing,3
10058,8027,,27
10058,8208,,1
10058,8405,,24
10058,8602,outgoing,3
10058,9089,,1
10058,9171,outandin,1
10058,9388,,7
10058,9499,,20
10058,9600,,8
10061,98,incoming,6
10061,719,outandin,1
10061,1109,incoming,1
10061,1155,outandin,1
10061,1240,outandin,1
10061,1700,outandin,1
10061,2105,incoming,1
10061,2164,incoming,6
10061,2873,outandin,4
10061,3872,incoming,1
10061,4400,incoming,3
10061,4636,outandin,1
10061,4688,outandin,3
10061,4692,incoming,4
10061,4767,incoming,4
10061,4803,incoming,3
10061,4842,incoming,2
10061,5061,incoming,9
10061,5084,outandin,10
10061,5859,incoming,2
10061,5943,incoming,6
10061,5977,incoming,1
10061,6032,outandin,1
10061,6624,incoming,7
10061,6756,outandin,1
10061,7163,incoming,3
10061,7474,incoming,1
10061,7666,incoming,7
10061,7907,incoming,8
10061,8261,incoming,4
10061,9222,incoming,4
10061,9314,incoming,3
10061,9339,outandin,1
10061,9349,incoming,2
10114,56,outandin,4
10114,218,outandin,4
10114,226,outandin,1
10114,280,outandin,1
10114,288,outgoing,1
10114,940,outandin,1
10114,1084,outandin,1
10114,1172,outandin,1
10114,1364,outandin,5
10114,1401,outgoing,6
10114,1436,outgoing,4
10114,1700,outandin,3
10114,1737,outandin,6
10114,1967,outandin,1
10114,2166,outgoing,1
10114,2422,outgoing,2
10114,2429,outandin,1
10114,2662,outgoing,1
10114,3238,outandin,1
10114,3469,outandin,1
10114,3667,outandin,1
10114,3690,outgoing,7
10114,4321,outandin,1
10114,4420,outandin,1
10114,4461,outgoing,5
10114,4600,outandin,3
10114,4635,outandin,1
10114,4855,outandin,1
10114,4872,outgoing,1
10114,4958,outgoing,1
10114,5020,outandin,1
10114,5055,outgoing,1
10114,5063,outandin,1
10114,5313,outandin,2
10114,5358,outandin,2
10114,5504,outgoing,2
10114,5522,outandin,2
10114,5919,outandin,3
10114,5954,outgoing,1
10114,6300,outandin,1
10114,6541,outandin,1
10114,6577,outandin,1
10114,6599,outgoing,9
10114,6647,outgoing,1
10114,7109,outandin,5
10114,7128,outgoing,1
10114,7214,outandin,2
10114,7355,outgoing,1
10114,7466,outgoing,4
10114,7573,outandin,1
10114,7820,outandin,1
10114,8248,outgoing,2
10114,8508,outandin,1
10114,8732,outandin,1
10114,8970,outandin,2
10114,9185,outandin,1
10114,9434,outgoing,12
10114,9480,outandin,1
10114,9736,outgoing,3
10004,5,outgoing,28
10004,197,outgoing,8
10004,306,outgoing,2
10004,388,outandin,1
10004,433,outgoing,8
10004,494,outandin,2
10004,559,outgoing,9
10004,659,outandin,1
10004,666,outgoing,7
10004,680,outandin,2
10004,1022,outandin,3
10004,1177,outgoing,6
10004,1856,outgoing,2
10004,2500,outgoing,2
10004,2883,outgoing,2
10004,3059,outgoing,7
10004,3251,outandin,1
10004,3277,outgoing,8
10004,3625,outgoing,2
10004,3890,outgoing,1
10004,4112,outandin,1
10004,4165,outandin,1
10004,5091,outandin,2
10004,5390,outandin,1
10004,5982,outgoing,8
10004,6123,outgoing,4
10004,6566,outgoing,1
10004,6572,outandin,2
10004,6744,outgoing,11
10004,7319,outandin,3
10004,7442,outgoing,3
10004,7514,outgoing,4
10004,7560,outgoing,1
10004,7861,outgoing,4
10004,7890,outgoing,17
10004,8246,outandin,1
10004,8825,outandin,6
10004,9523,outgoing,1
