node,centrality,community,density,eign,betwness,closeness,volatility,name,type
9,1,0,0.0162484863845005,0.0128807951550124,0.0,0.2900441204680606,0.3333333333333333,User_9,outandin
16,1,0,0.0162484863845005,0.0032876088968421,0.0,0.2710648978128361,0.3333333333333333,User_16,outandin
46,1,0,0.0162484863845005,0.0027559654352186,0.0,0.24609375,0.3333333333333333,User_46,outandin
55,1,0,0.0162484863845005,0.0212856348731298,0.0,0.2984014209591474,0.3333333333333333,User_55,outandin
66,1,0,0.0162484863845005,0.004783055911884,0.0,0.26517011574886,0.3333333333333333,User_66,outandin
71,1,0,0.0162484863845005,0.0128807951550124,0.0,0.2900441204680606,0.3333333333333333,User_71,outandin
74,1,0,0.0162484863845005,0.0128807951550124,0.0,0.2900441204680606,0.3333333333333333,User_74,outandin
83,1,0,0.0162484863845005,0.0055466765091324,0.0,0.266713706121009,0.3333333333333333,User_83,outandin
86,1,0,0.0162484863845005,0.0055466765091324,0.0,0.266713706121009,0.3333333333333333,User_86,outandin
99,1,0,0.0162484863845005,0.000946346425699,0.0,0.2235363690124187,0.3333333333333333,User_99,outandin
103,1,0,0.0162484863845005,0.0004923865140643,0.0,0.228364295423652,0.3333333333333333,User_103,outandin
106,1,0,0.0162484863845005,0.0015265311030639,0.0,0.2367308595584781,0.3333333333333333,User_106,outandin
116,1,0,0.0162484863845005,0.0212856348731298,0.0,0.2984014209591474,0.3333333333333333,User_116,outandin
131,1,0,0.0162484863845005,0.0011224028701833,0.0,0.2465753424657534,0.3333333333333333,User_131,outandin
133,1,0,0.0162484863845005,0.0212856348731298,0.0,0.2984014209591474,1.0,User_133,outandin
140,1,0,0.0162484863845005,0.0055466765091324,0.0,0.266713706121009,0.3333333333333333,User_140,outandin
145,1,0,0.0162484863845005,0.0128807951550124,0.0,0.2900441204680606,0.3333333333333333,User_145,outandin
168,1,0,0.0162484863845005,0.0055466765091324,0.0,0.266713706121009,0.3333333333333333,User_168,outandin
169,1,0,0.0162484863845005,0.005856742094337,0.0,0.2605548854041013,1.0,User_169,outandin
170,1,0,0.0162484863845005,0.00320401981007,0.0,0.2437530227309366,0.3333333333333333,User_170,outandin
172,1,0,0.0162484863845005,0.0077513954220355,0.0,0.2697110239029611,0.3333333333333333,User_172,outandin
175,1,0,0.0162484863845005,0.0212856348731298,0.0,0.2984014209591474,0.3333333333333333,User_175,outandin
182,1,0,0.0162484863845005,0.0007079957333346,0.0,0.2191621974199159,0.3333333333333333,User_182,outandin
188,1,0,0.0162484863845005,0.0212856348731298,0.0,0.2984014209591474,1.0,User_188,outandin
189,1,0,0.0162484863845005,0.0050104431875075,0.0,0.2605997931747673,0.3333333333333333,User_189,incoming
190,1,0,0.0162484863845005,0.0050104431875075,0.0,0.2605997931747673,0.3333333333333333,User_190,outandin
192,1,0,0.0162484863845005,0.0036507126517859,0.0,0.2508294625082946,0.3333333333333333,User_192,incoming
195,1,0,0.0162484863845005,0.0212856348731298,0.0,0.2984014209591474,0.3333333333333333,User_195,outandin
196,1,0,0.0162484863845005,0.0030136404712968,0.0,0.2515806988352745,0.3333333333333333,User_196,outandin
205,1,0,0.0162484863845005,0.0038756977110177,0.0,0.2697110239029611,0.3333333333333333,User_205,outandin
210,1,0,0.0162484863845005,0.0212856348731298,0.0,0.2984014209591474,0.3333333333333333,User_210,outandin
213,1,0,0.0162484863845005,0.0077513954220355,0.0,0.2697110239029611,0.3333333333333333,User_213,outandin
220,1,0,0.0162484863845005,0.000388493618368,0.0,0.2175852640667722,0.3333333333333333,User_220,outandin
232,1,0,0.0162484863845005,0.0212856348731298,0.0,0.2984014209591474,0.3333333333333333,User_232,outandin
247,1,0,0.0162484863845005,0.0128807951550124,0.0,0.2900441204680606,0.3333333333333333,User_247,outandin
252,1,0,0.0162484863845005,0.0077513954220355,0.0,0.2697110239029611,0.3333333333333333,User_252,outandin
255,1,0,0.0162484863845005,0.0077513954220355,0.0,0.2697110239029611,0.3333333333333333,User_255,incoming
291,1,0,0.0162484863845005,0.000656991995239,0.0,0.2295778924992408,0.3333333333333333,User_291,outandin
294,1,0,0.0162484863845005,0.0212856348731298,0.0,0.2984014209591474,0.3333333333333333,User_294,outandin
311,1,0,0.0162484863845005,0.0128807951550124,0.0,0.2900441204680606,0.3333333333333333,User_311,outandin
326,1,0,0.0162484863845005,0.0212856348731298,0.0,0.2984014209591474,0.3333333333333333,User_326,outandin
354,1,0,0.0162484863845005,0.0212856348731298,0.0,0.2984014209591474,0.3333333333333333,User_354,outandin
368,1,0,0.0162484863845005,0.0212856348731298,0.0,0.2984014209591474,0.3333333333333333,User_368,outandin
370,1,0,0.0162484863845005,0.0014528594407063,0.0,0.2343822663152999,0.3333333333333333,User_370,outandin
388,1,0,0.0162484863845005,0.0007079957333346,0.0,0.2191621974199159,0.3333333333333333,User_388,outandin
403,1,0,0.0162484863845005,0.0022980109115891,0.0,0.2520840280093364,0.3333333333333333,User_403,outandin
429,1,0,0.0162484863845005,0.0212856348731298,0.0,0.2984014209591474,0.3333333333333333,User_429,outandin
442,1,0,0.0162484863845005,0.0128807951550124,0.0,0.2900441204680606,0.3333333333333333,User_442,outandin
473,1,0,0.0162484863845005,0.0212856348731298,0.0,0.2984014209591474,0.3333333333333333,User_473,outandin
486,1,0,0.0162484863845005,0.0128807951550124,0.0,0.2900441204680606,1.0,User_486,outandin
498,1,0,0.0162484863845005,0.0212856348731298,0.0,0.2984014209591474,0.3333333333333333,User_498,incoming
505,1,0,0.0162484863845005,0.0128807951550124,0.0,0.2900441204680606,0.3333333333333333,User_505,outandin
506,1,0,0.0162484863845005,0.0040484604278843,0.0,0.2564885496183206,0.3333333333333333,User_506,incoming
511,1,0,0.0162484863845005,0.0128807951550124,0.0,0.2900441204680606,0.3333333333333333,User_511,outandin
527,1,0,0.0162484863845005,0.0026781136586636,0.0,0.2436744560838034,1.0,User_527,outandin
584,1,0,0.0162484863845005,0.0212856348731298,0.0,0.2984014209591474,0.3333333333333333,User_584,outandin
596,1,0,0.0162484863845005,0.0015674093077671,0.0,0.241958713394143,0.3333333333333333,User_596,outandin
607,1,0,0.0162484863845005,0.0019474682953475,0.0,0.2409177820267686,0.3333333333333333,User_607,outandin
612,1,0,0.0162484863845005,0.0065752177936842,0.0,0.2710648978128361,0.3333333333333333,User_612,outandin
618,1,0,0.0162484863845005,0.0040484604278843,0.0,0.2564885496183206,0.3333333333333333,User_618,outandin
624,1,0,0.0162484863845005,0.0024688662777954,0.0,0.2456140350877192,0.3333333333333333,User_624,outandin
712,1,0,0.0162484863845005,0.0050104431875075,0.0,0.2605997931747673,0.3333333333333333,User_712,outandin
713,1,0,0.0162484863845005,0.002391527955942,0.0,0.26517011574886,0.3333333333333333,User_713,outandin
758,1,0,0.0162484863845005,0.0066986314815888,0.0,0.2710648978128361,0.3333333333333333,User_758,outandin
765,1,0,0.0162484863845005,0.0065752177936842,0.0,0.2710648978128361,0.3333333333333333,User_765,outandin
852,1,0,0.0162484863845005,0.005856742094337,0.0,0.2605548854041013,0.3333333333333333,User_852,outandin
859,1,0,0.0162484863845005,0.0055466765091324,0.0,0.266713706121009,0.3333333333333333,User_859,outandin
878,1,0,0.0162484863845005,0.0212856348731298,0.0,0.2984014209591474,0.3333333333333333,User_878,outandin
881,1,0,0.0162484863845005,0.0212856348731298,0.0,0.2984014209591474,0.3333333333333333,User_881,outandin
887,1,0,0.0162484863845005,0.0065752177936842,0.0,0.2710648978128361,0.3333333333333333,User_887,outandin
892,1,0,0.0162484863845005,0.0212856348731298,0.0,0.2984014209591474,1.0,User_892,outandin
893,1,0,0.0162484863845005,0.0001775066430657,0.0,0.2014120154522445,0.3333333333333333,User_893,outandin
924,1,0,0.0162484863845005,0.0008310688397233,0.0,0.224699063753901,0.3333333333333333,User_924,outandin
964,1,0,0.0162484863845005,0.0212856348731298,0.0,0.2984014209591474,0.3333333333333333,User_964,outandin
998,1,0,0.0162484863845005,0.0007467600631926,0.0,0.2332613390928725,0.3333333333333333,User_998,outandin
1035,1,0,0.0162484863845005,0.0006078124431804,0.0,0.2342007434944238,0.3333333333333333,User_1035,outandin
1041,1,0,0.0162484863845005,0.0106428174365649,0.0,0.2984014209591474,0.3333333333333333,User_1041,outandin
1069,1,0,0.0162484863845005,0.0007889809983528,0.0,0.2307692307692307,0.3333333333333333,User_1069,incoming
1123,1,0,0.0162484863845005,0.0002868430695233,0.0,0.218370883882149,0.3333333333333333,User_1123,outandin
1184,1,0,0.0162484863845005,0.0008892091461738,0.0,0.2421136909527622,0.3333333333333333,User_1184,outandin
1191,1,0,0.0162484863845005,0.000178822540226,0.0,0.205574439157036,0.3333333333333333,User_1191,incoming
1228,1,0,0.0162484863845005,0.0027559654352186,0.0,0.24609375,0.3333333333333333,User_1228,outandin
1240,1,0,0.0162484863845005,0.0014875817430239,0.0,0.2425798171025188,0.3333333333333333,User_1240,outandin
1246,1,0,0.0162484863845005,0.002391527955942,0.0,0.26517011574886,0.3333333333333333,User_1246,outandin
1273,1,0,0.0162484863845005,7.068570182782145e-05,0.0,0.1893076248904469,0.3333333333333333,User_1273,outandin
1335,1,0,0.0162484863845005,0.0106428174365649,0.0,0.2984014209591474,0.3333333333333333,User_1335,outandin
1369,1,0,0.0162484863845005,0.0128807951550124,0.0,0.2900441204680606,0.3333333333333333,User_1369,incoming
1428,1,0,0.0162484863845005,0.0106428174365649,0.0,0.2984014209591474,0.3333333333333333,User_1428,outandin
1489,1,0,0.0162484863845005,0.0001710584187327,0.0,0.2205689277899343,0.3333333333333333,User_1489,outandin
1501,1,0,0.0162484863845005,0.0009660140207157,0.0,0.2382603214623384,0.3333333333333333,User_1501,outandin
1519,1,0,0.0162484863845005,0.001595155699768,0.0,0.2435567010309278,0.3333333333333333,User_1519,incoming
1537,1,0,0.0162484863845005,0.0065752177936842,0.0,0.2710648978128361,0.3333333333333333,User_1537,outandin
1551,1,0,0.0162484863845005,0.0050104431875075,0.0,0.2605997931747673,0.3333333333333333,User_1551,outandin
31,2,0,0.0162484863845005,0.0176638510668965,0.0,0.2988732951176122,0.3333333333333333,User_31,outandin
47,2,0,0.0162484863845005,0.0341664300281422,0.0,0.313627878033603,0.3333333333333333,User_47,outandin
53,2,0,0.0162484863845005,0.0222831762032987,0.0,0.299168975069252,0.3333333333333333,User_53,outandin
87,2,0,0.0162484863845005,0.0125344513339195,0.0,0.2852292020373514,0.3333333333333333,User_87,outandin
89,2,0,0.0162484863845005,0.0268323113822622,0.0,0.3058252427184466,0.3333333333333333,User_89,outandin
105,2,0,0.0162484863845005,0.007210836913975,0.0,0.2788124654250415,0.3333333333333333,User_105,outandin
107,2,0,0.0162484863845005,0.002732788523816,8.754145087699026e-07,0.2469781117281934,0.3333333333333333,User_107,outandin
115,2,0,0.0162484863845005,0.0030423835902506,0.0,0.2528005350275873,1.0,User_115,outandin
122,2,0,0.0162484863845005,0.022858585279407,0.0,0.2985781990521327,0.3333333333333333,User_122,outandin
137,2,0,0.0162484863845005,0.0268323113822622,0.0,0.3058252427184466,0.3333333333333333,User_137,outandin
138,2,0,0.0162484863845005,0.0187375372493495,0.0,0.294335215106093,0.3333333333333333,User_138,outandin
155,2,0,0.0162484863845005,0.0253484077889404,0.0,0.2991097922848664,1.0,User_155,outandin
157,2,0,0.0162484863845005,0.0114034186034695,0.0,0.2754600109309528,0.3333333333333333,User_157,outandin
162,2,0,0.0162484863845005,0.0114034186034695,0.0,0.2754600109309528,0.3333333333333333,User_162,outandin
165,2,0,0.0162484863845005,0.014029800610807,0.0,0.2923999226455231,0.3333333333333333,User_165,outandin
174,2,0,0.0162484863845005,0.0071418322089005,0.0,0.2691349234603061,0.3333333333333333,User_174,incoming
185,2,0,0.0162484863845005,0.0223087561204037,0.0,0.2988732951176122,0.3333333333333333,User_185,outandin
193,2,0,0.0162484863845005,0.0290370302951653,0.0,0.3059490084985836,0.3333333333333333,User_193,outandin
208,2,0,0.0162484863845005,0.0107650358933323,0.0,0.2767203513909224,0.3333333333333333,User_208,outandin
218,2,0,0.0162484863845005,0.0094155558268781,0.0,0.2780945374287291,0.3333333333333333,User_218,outandin
258,2,0,0.0162484863845005,0.0036769672860635,3.629270164253894e-05,0.2619996534396118,0.3333333333333333,User_258,outandin
259,2,0,0.0162484863845005,0.0040099372769287,5.247939444781652e-06,0.253563642461848,0.3333333333333333,User_259,incoming
263,2,0,0.0162484863845005,0.0028272771234801,0.0,0.2437137330754352,0.3333333333333333,User_263,outandin
275,2,0,0.0162484863845005,0.0052592228866763,2.673404738590367e-05,0.2716005029638944,0.3333333333333333,User_275,outandin
279,2,0,0.0162484863845005,0.0094155558268781,0.0,0.2780945374287291,0.3333333333333333,User_279,outandin
286,2,0,0.0162484863845005,0.0125742181028816,0.0,0.2769230769230769,0.3333333333333333,User_286,outandin
313,2,0,0.0162484863845005,0.0025174020681368,1.883421905080765e-05,0.259838460216532,1.0,User_313,outandin
315,2,0,0.0162484863845005,0.0009911571791488,0.0001218161065094,0.239089184060721,0.3333333333333333,User_315,outandin
352,2,0,0.0162484863845005,0.0056072643905584,6.408664330249023e-06,0.2706282441381779,0.3333333333333333,User_352,outandin
360,2,0,0.0162484863845005,0.003825003318476,8.780412318717293e-05,0.2654028436018957,0.3333333333333333,User_360,outandin
389,2,0,0.0162484863845005,0.0051629681771631,1.9261487738686694e-06,0.2672322375397667,0.3333333333333333,User_389,outandin
431,2,0,0.0162484863845005,0.014544955559855,0.0,0.3007159904534606,0.3333333333333333,User_431,outandin
435,2,0,0.0162484863845005,0.0035668689942681,4.418758949029032e-06,0.2536912751677852,0.3333333333333333,User_435,outandin
440,2,0,0.0162484863845005,0.0213907271523461,0.0,0.2985192497532083,0.3333333333333333,User_440,outandin
444,2,0,0.0162484863845005,0.0020433880033449,5.050632167504644e-05,0.2511627906976744,0.3333333333333333,User_444,outandin
451,2,0,0.0162484863845005,0.0023116599148925,7.825233025615407e-06,0.2507046924224838,0.3333333333333333,User_451,outandin
453,2,0,0.0162484863845005,0.0011672002542618,2.918048362566342e-06,0.2313695485845447,0.3333333333333333,User_453,incoming
481,2,0,0.0162484863845005,0.0222284803673522,0.0,0.2996432818073721,0.6666666666666666,User_481,outandin
551,2,0,0.0162484863845005,0.0145729050269192,0.0008130397188905,0.3090128755364807,0.3333333333333333,User_551,outandin
619,2,0,0.0162484863845005,0.0080298512411861,0.0,0.2711135018827326,0.3333333333333333,User_619,outandin
699,2,0,0.0162484863845005,0.007005532176397,2.8180118771352553e-05,0.2730720606826801,0.3333333333333333,User_699,outandin
934,2,0,0.0162484863845005,0.0071072742178329,1.214803724828748e-05,0.2814070351758794,0.3333333333333333,User_934,outandin
1164,2,0,0.0162484863845005,0.0026866566428772,4.571628049719928e-05,0.2529274004683841,0.3333333333333333,User_1164,outandin
1218,2,0,0.0162484863845005,0.0014882202941482,0.0,0.2437137330754352,0.3333333333333333,User_1218,outandin
1220,2,0,0.0162484863845005,0.0035111282764119,3.6077576829523615e-06,0.2531391260673029,0.3333333333333333,User_1220,outandin
1223,2,0,0.0162484863845005,0.027860852666814,0.0,0.3083826228839486,0.3333333333333333,User_1223,outandin
1272,2,0,0.0162484863845005,0.0013739825685308,0.0013227513227513,0.2334774552192711,1.0,User_1272,incoming
1442,2,0,0.0162484863845005,0.005368210969953,0.0,0.2677053824362606,0.3333333333333333,User_1442,incoming
1533,2,0,0.0162484863845005,0.0128332728732154,0.0,0.2903225806451613,0.3333333333333333,User_1533,outandin
5,3,0,0.0162484863845005,0.0376371457800714,0.0,0.3154600459002712,0.3333333333333333,User_5,outandin
8,3,0,0.0162484863845005,0.0155966444824,5.07397634348574e-05,0.2945645821157218,0.3333333333333333,User_8,outandin
34,3,0,0.0162484863845005,0.0407416478218265,0.0,0.3220447284345047,0.3333333333333333,User_34,outandin
44,3,0,0.0162484863845005,0.0049205904597145,4.7324298504482894e-05,0.2653097034567468,0.3333333333333333,User_44,outandin
76,3,0,0.0162484863845005,0.0382292029439528,0.0,0.3136929460580913,0.3333333333333333,User_76,outandin
127,3,0,0.0162484863845005,0.0117268464733075,2.741447806542107e-05,0.279637506935454,0.3333333333333333,User_127,outandin
146,3,0,0.0162484863845005,0.00793049533157,9.886340347134178e-06,0.2728256946950559,1.0,User_146,outandin
147,3,0,0.0162484863845005,0.0104377822262863,3.4344844155052456e-06,0.2807799442896936,0.3333333333333333,User_147,outandin
250,3,0,0.0162484863845005,0.0100725478221172,3.048208776444374e-05,0.2789667896678967,0.3333333333333333,User_250,outandin
265,3,0,0.0162484863845005,0.0149622323360105,0.0,0.2867437891143561,1.0,User_265,outandin
330,3,0,0.0162484863845005,0.0297450171219485,0.0,0.3063209076175041,0.3333333333333333,User_330,incoming
340,3,0,0.0162484863845005,0.0096469873280791,0.0025827567708096,0.2836772983114446,0.3333333333333333,User_340,incoming
351,3,0,0.0162484863845005,0.0266005079297584,0.0003824163907284,0.3083826228839486,0.3333333333333333,User_351,outandin
409,3,0,0.0162484863845005,0.0076406203674615,2.997679813773559e-05,0.274310595065312,0.3333333333333333,User_409,outandin
454,3,0,0.0162484863845005,0.0023364376965176,0.0001289337096321,0.2454147054049667,0.3333333333333333,User_454,outandin
478,3,0,0.0162484863845005,0.0011280367718638,0.000112180386286,0.2431650048247024,0.3333333333333333,User_478,outandin
490,3,0,0.0162484863845005,0.0066117102826747,9.028310749111694e-05,0.2708221386351424,0.3333333333333333,User_490,outandin
500,3,0,0.0162484863845005,0.0034766815770044,0.0013589018996454,0.2587268993839836,0.3333333333333333,User_500,incoming
558,3,0,0.0162484863845005,0.0045628429665177,0.0002614461805881,0.2630480167014614,0.3333333333333333,User_558,outandin
559,3,0,0.0162484863845005,0.0083648219703298,6.273251600868888e-05,0.2739626743975358,0.3333333333333333,User_559,outandin
569,3,0,0.0162484863845005,0.0176411348360431,1.279553793055448e-05,0.3007159904534606,0.3333333333333333,User_569,outandin
620,3,0,0.0162484863845005,0.0282739100093401,7.157939839254535e-05,0.3084455324357405,0.3333333333333333,User_620,outandin
1219,3,0,0.0162484863845005,0.0029000778134406,0.0,0.2437530227309366,0.3333333333333333,User_1219,outandin
32,4,0,0.0162484863845005,0.0200715094701131,3.030280991895817e-06,0.2989914969349416,1.0,User_32,outandin
97,4,0,0.0162484863845005,0.0034510701514906,0.0013481676011105,0.2521681120747164,0.3333333333333333,User_97,outandin
119,4,0,0.0162484863845005,0.0142291579946921,0.0008294351389221,0.2969946965232763,0.3333333333333333,User_119,outandin
139,4,0,0.0162484863845005,0.0290329493690873,0.0013227513227513,0.304164152082076,0.3333333333333333,User_139,outandin
173,4,0,0.0162484863845005,0.0127430047727425,4.162356415202936e-05,0.2838370565045992,0.3333333333333333,User_173,outandin
176,4,0,0.0162484863845005,0.0151045369382639,0.0013250176736462,0.2780433983082015,0.3333333333333333,User_176,outandin
217,4,0,0.0162484863845005,0.0133842803575754,0.0003490827989872,0.2847993972499529,0.3333333333333333,User_217,outandin
241,4,0,0.0162484863845005,0.0067336642638827,0.002839194247654,0.2920610392118988,0.3333333333333333,User_241,incoming
242,4,0,0.0162484863845005,0.0137221350061037,6.783325487896186e-05,0.2800518614558251,0.3333333333333333,User_242,incoming
348,4,0,0.0162484863845005,0.0082148984581128,0.0001221113057111,0.2754600109309528,0.3333333333333333,User_348,outandin
356,4,0,0.0162484863845005,0.0282421733329076,0.0013227513227513,0.3060728744939271,0.3333333333333333,User_356,outandin
375,4,0,0.0162484863845005,0.0050647027992627,0.0004167267912224,0.2723342939481268,0.3333333333333333,User_375,outandin
594,4,0,0.0162484863845005,0.0156671161980225,0.0005234260595448,0.3005366726296959,0.3333333333333333,User_594,outandin
643,4,0,0.0162484863845005,0.0298991452600209,0.000513245655898,0.3104722792607803,0.3333333333333333,User_643,outandin
861,4,0,0.0162484863845005,0.0210504882292694,6.004904802610517e-06,0.3096457096047512,0.3333333333333333,User_861,incoming
935,4,0,0.0162484863845005,0.0289134768020229,0.0013227513227513,0.3202033036848793,0.3333333333333333,User_935,incoming
68,5,0,0.0162484863845005,0.0477507883610491,0.0004125017240706,0.3293400130690481,0.3333333333333333,User_68,outandin
70,5,0,0.0162484863845005,0.0144699586572047,5.126178297612475e-05,0.2893226176808266,0.3333333333333333,User_70,incoming
111,5,0,0.0162484863845005,0.0433279582797186,3.4476087314680757e-06,0.3214969168615777,1.0,User_111,outandin
129,5,0,0.0162484863845005,0.0179823468429317,0.0011851736268987,0.3073795486887579,0.3333333333333333,User_129,incoming
148,5,0,0.0162484863845005,0.0137639685381954,0.0026942989556132,0.2806236080178174,0.3333333333333333,User_148,outandin
199,5,0,0.0162484863845005,0.0198899992973495,0.0006019004255456,0.2949093036863663,1.0,User_199,outandin
223,5,0,0.0162484863845005,0.0135562237956178,0.0034784253908756,0.3069427527405602,1.0,User_223,incoming
225,5,0,0.0162484863845005,0.0153368558300614,0.0031962488598846,0.299940487998413,0.3333333333333333,User_225,incoming
231,5,0,0.0162484863845005,0.0111533150115594,0.001432930488737,0.2793275447995566,0.3333333333333333,User_231,outandin
449,5,0,0.0162484863845005,0.0236279177288497,0.0023205189886725,0.3057633973710819,0.3333333333333333,User_449,outandin
460,5,0,0.0162484863845005,0.0232987447695484,0.0002704107584744,0.3007159904534606,0.3333333333333333,User_460,outandin
33,6,0,0.0162484863845005,0.0479891024946203,0.0013267851930161,0.3255113024757804,0.6666666666666666,User_33,outandin
51,6,0,0.0162484863845005,0.0203530393341764,0.0015789338480012,0.2991097922848664,0.6666666666666666,User_51,outandin
96,6,0,0.0162484863845005,0.0296714476196618,0.0016539973274119,0.3100902378999179,0.0,User_96,incoming
108,6,0,0.0162484863845005,0.0378526382585901,0.0010106467657159,0.310919185687847,0.3333333333333333,User_108,outandin
125,6,0,0.0162484863845005,0.0161564650249534,0.001401818152213,0.2897661939440398,0.3333333333333333,User_125,incoming
153,6,0,0.0162484863845005,0.0450328381885424,0.0003387865775896,0.3188528047237453,0.3333333333333333,User_153,outandin
244,6,0,0.0162484863845005,0.0201495151389169,0.002918319569651,0.298932384341637,0.3333333333333333,User_244,outandin
254,6,0,0.0162484863845005,0.0342511052811179,0.0017365682186748,0.3113673805601318,0.3333333333333333,User_254,outandin
285,6,0,0.0162484863845005,0.0420038487461697,4.346722444380735e-06,0.3145412939463283,0.3333333333333333,User_285,outandin
293,6,0,0.0162484863845005,0.0305089032143138,0.0003196829252935,0.3093922651933701,1.0,User_293,outandin
296,6,0,0.0162484863845005,0.0320412696612799,0.0041206162693305,0.3189200590592702,0.3333333333333333,User_296,outandin
54,7,0,0.0162484863845005,0.0523765886287309,4.089020813768928e-06,0.327485380116959,0.3333333333333333,User_54,outandin
56,7,0,0.0162484863845005,0.0657449449037963,0.0001046145227491,0.342701722574796,0.3333333333333333,User_56,outandin
69,7,0,0.0162484863845005,0.0183980167186756,0.0013238336570606,0.287835522558538,1.0,User_69,incoming
88,7,0,0.0162484863845005,0.0375553515073971,0.0016045758604614,0.3127197518097208,0.3333333333333333,User_88,incoming
109,7,0,0.0162484863845005,0.034568744962196,0.0023985295126456,0.3193916349809886,0.3333333333333333,User_109,outandin
179,7,0,0.0162484863845005,0.0197377520577914,0.0037966144692815,0.3100902378999179,0.3333333333333333,User_179,outandin
239,7,0,0.0162484863845005,0.0160895053471849,0.0009242430321086,0.2891013384321224,0.3333333333333333,User_239,incoming
245,7,0,0.0162484863845005,0.0127718150814663,0.0019896501263159,0.2979310344827586,0.6666666666666666,User_245,incoming
251,7,0,0.0162484863845005,0.0447198148567854,0.0006787025461954,0.3294835476138592,0.3333333333333333,User_251,incoming
308,7,0,0.0162484863845005,0.0222145360673806,0.0022092475807089,0.3116883116883117,1.0,User_308,outandin
312,7,0,0.0162484863845005,0.0343251678120164,0.0005602393177559,0.3208147676639083,1.0,User_312,outandin
439,7,0,0.0162484863845005,0.0066513389405552,0.0030333800760609,0.2829341317365269,0.3333333333333333,User_439,outandin
455,7,0,0.0162484863845005,0.020793657175525,0.0011844522492924,0.2927395934172314,1.0,User_455,outandin
579,7,0,0.0162484863845005,0.0461208064285657,5.617987671552531e-06,0.3320887327037118,0.3333333333333333,User_579,incoming
10,8,0,0.0162484863845005,0.02688977279675,0.0020268316633921,0.314868804664723,0.3333333333333333,User_10,incoming
20,8,0,0.0162484863845005,0.0257411170277528,0.0062143278113342,0.3217705894871249,0.3333333333333333,User_20,incoming
61,8,0,0.0162484863845005,0.0203921284591794,0.0007655813488591,0.3065071964321914,0.3333333333333333,User_61,incoming
81,8,0,0.0162484863845005,0.0234484713924507,0.0013979597940814,0.2992874109263658,0.3333333333333333,User_81,incoming
93,8,0,0.0162484863845005,0.0130812589489057,0.0016613748082927,0.2917229403820181,0.3333333333333333,User_93,incoming
101,8,0,0.0162484863845005,0.0191439598811679,0.0031718090350472,0.2958904109589041,0.3333333333333333,User_101,incoming
114,8,0,0.0162484863845005,0.0279017802001524,0.0004334008504556,0.3057633973710819,1.0,User_114,outandin
177,8,0,0.0162484863845005,0.0219488513973353,0.006963097909239,0.316781898177247,0.3333333333333333,User_177,incoming
28,9,0,0.0162484863845005,0.0332205467254795,0.0005436690320148,0.3050847457627119,0.3333333333333333,User_28,incoming
72,9,0,0.0162484863845005,0.0348698444657498,0.0022919760987123,0.3285528031290743,0.3333333333333333,User_72,incoming
75,9,0,0.0162484863845005,0.0408499362559928,0.0027280239685339,0.3281962231387019,0.3333333333333333,User_75,incoming
78,9,0,0.0162484863845005,0.0611526375441185,0.0003910353027197,0.3302031011137803,1.0,User_78,outandin
100,9,0,0.0162484863845005,0.0636454723830818,0.0019421213800933,0.3345132743362832,1.0,User_100,outandin
15,10,0,0.0162484863845005,0.0164681635195345,0.0032649006788732,0.3075671277461351,1.0,User_15,incoming
19,10,0,0.0162484863845005,0.0517103790296474,0.0005708503298126,0.3341436464088397,1.0,User_19,outandin
37,10,0,0.0162484863845005,0.0159482890839434,0.0003297729652967,0.2764673614920461,0.3333333333333333,User_37,incoming
134,11,0,0.0162484863845005,0.0562540650425218,0.0013263970581282,0.3269896193771626,0.3333333333333333,User_134,incoming
142,11,0,0.0162484863845005,0.0622839573186263,0.0013547500911187,0.3222506393861892,0.3333333333333333,User_142,outandin
167,11,0,0.0162484863845005,0.0272346039435744,0.0026849520383025,0.3086344151867728,0.3333333333333333,User_167,incoming
235,11,0,0.0162484863845005,0.037855527835129,0.0028760535527758,0.3173137460650577,0.3333333333333333,User_235,incoming
396,11,0,0.0162484863845005,0.0337883091958631,0.0001149612677655,0.3144758735440932,1.0,User_396,outandin
325,12,0,0.0162484863845005,0.0266400337197326,0.0029675244685563,0.3044091000603986,0.3333333333333333,User_325,outandin
384,12,0,0.0162484863845005,0.0304684312609558,0.0015125747251223,0.3191219924018573,0.3333333333333333,User_384,incoming
3,13,0,0.0162484863845005,0.0323858123829036,0.0134434497225389,0.3319429198682766,0.6666666666666666,User_3,outandin
45,13,0,0.0162484863845005,0.0193938209131995,0.0035843265157183,0.2891566265060241,0.3333333333333333,User_45,outandin
25,14,0,0.0162484863845005,0.0137646219852815,0.022262245526861,0.3180479596129575,0.3333333333333333,User_25,incoming
17,15,0,0.0162484863845005,0.0524442117971538,0.0017710276660666,0.332892998678996,0.3333333333333333,User_17,incoming
110,15,0,0.0162484863845005,0.0789778632558494,0.0030922534601032,0.3464711274060495,0.3333333333333333,User_110,outandin
112,15,0,0.0162484863845005,0.031009463518466,0.0104086104432681,0.3219076005961251,0.3333333333333333,User_112,incoming
141,15,0,0.0162484863845005,0.0698833148975051,0.0025675177676447,0.3385579937304075,0.3333333333333333,User_141,incoming
36,16,0,0.0162484863845005,0.0535723978457208,0.0051241502682944,0.3263544139866177,0.3333333333333333,User_36,incoming
23,19,0,0.0162484863845005,0.0520586509732713,0.0083057949122698,0.3221133361738389,0.3333333333333333,User_23,incoming
80,19,0,0.0162484863845005,0.0446699562851726,0.0104658715144854,0.3369734789391576,0.3333333333333333,User_80,incoming
143,20,0,0.0162484863845005,0.070967204470128,0.0041259193671646,0.3347354438786805,0.3333333333333333,User_143,incoming
219,21,0,0.0162484863845005,0.0742714259489451,0.0083496914232874,0.3394701392007184,0.3333333333333333,User_219,incoming
6,22,0,0.0162484863845005,0.0674652818542497,0.0180801330039733,0.3547630220553731,0.3333333333333333,User_6,incoming
77,22,0,0.0162484863845005,0.0436395281616673,0.0099923400354888,0.3272019043497078,0.3333333333333333,User_77,incoming
39,23,0,0.0162484863845005,0.0677281702650393,0.0039644554988655,0.3342913995135971,0.3333333333333333,User_39,incoming
21,25,0,0.0162484863845005,0.0786990825266992,0.0114629286464524,0.3448905109489051,0.3333333333333333,User_21,incoming
62,26,0,0.0162484863845005,0.0585840837339052,0.02267152698356,0.3360746832629473,0.3333333333333333,User_62,incoming
149,26,0,0.0162484863845005,0.0609572191392217,0.0064174867437069,0.3319429198682766,0.3333333333333333,User_149,incoming
132,32,0,0.0162484863845005,0.1138543165384664,0.0080539218764303,0.3522833178005591,0.3333333333333333,User_132,incoming
4,36,0,0.0162484863845005,0.0929767001238442,0.0187124542816233,0.360773085182534,0.3333333333333333,User_4,incoming
104,39,0,0.0162484863845005,0.097403601708018,0.023792773643728,0.3523654159869494,0.3333333333333333,User_104,incoming
2,40,0,0.0162484863845005,0.1302149323424808,0.020127569219358,0.3717728055077453,0.3333333333333333,User_2,incoming
13,51,0,0.0162484863845005,0.1278146501306867,0.0234615127932239,0.3717728055077453,0.0,User_13,incoming
41,53,0,0.0162484863845005,0.107821023629455,0.0315759439289007,0.3636363636363636,0.0,User_41,incoming
60,75,0,0.0162484863845005,0.1506886656883497,0.040652748262799,0.3692307692307692,0.3333333333333333,User_60,outandin
1,128,0,0.0162484863845005,0.2504077948776048,0.1758224683175054,0.4084278768233387,0.3333333333333333,User_1,incoming
7,189,0,0.0162484863845005,0.4138424305053743,0.1469960734374028,0.4251968503937008,0.3333333333333333,User_7,incoming
52,1,1,0.0225353900844283,0.005232209608832,0.0,0.2648913805185704,0.3333333333333333,User_52,outandin
94,1,1,0.0225353900844283,0.0078601751807086,0.0,0.2771769019248395,0.3333333333333333,User_94,outandin
287,1,1,0.0225353900844283,0.0031292237053873,0.0,0.250289687137891,0.3333333333333333,User_287,outandin
290,1,1,0.0225353900844283,0.0026324999202379,0.0,0.2413022661985317,0.3333333333333333,User_290,outandin
302,1,1,0.0225353900844283,0.002616104804416,0.0,0.2648913805185704,0.3333333333333333,User_302,outandin
323,1,1,0.0225353900844283,0.0025641285040085,0.0,0.2461738847281016,0.3333333333333333,User_323,outandin
327,1,1,0.0225353900844283,0.0014230333947837,0.0,0.240496262128201,0.3333333333333333,User_327,outandin
349,1,1,0.0225353900844283,0.0025641285040085,0.0,0.2461738847281016,0.3333333333333333,User_349,outandin
367,1,1,0.0225353900844283,0.0025641285040085,0.0,0.2461738847281016,0.3333333333333333,User_367,outandin
395,1,1,0.0225353900844283,0.0006923609752215,0.0,0.2315821718486751,0.3333333333333333,User_395,incoming
430,1,1,0.0225353900844283,0.0009297267624947,0.0,0.2311573153951995,0.3333333333333333,User_430,outandin
434,1,1,0.0225353900844283,0.0026324999202379,0.0,0.2413022661985317,0.3333333333333333,User_434,outandin
450,1,1,0.0225353900844283,0.0012006886209611,0.0,0.2360655737704918,0.3333333333333333,User_450,outandin
482,1,1,0.0225353900844283,0.002161691933355,0.0,0.2454545454545454,0.3333333333333333,User_482,outandin
541,1,1,0.0225353900844283,0.0078601751807086,0.0,0.2771769019248395,0.3333333333333333,User_541,outandin
543,1,1,0.0225353900844283,0.001378296717884,0.0,0.2331893892658852,0.3333333333333333,User_543,outandin
556,1,1,0.0225353900844283,0.0017075824017206,0.0,0.2395816827761052,1.0,User_556,outandin
590,1,1,0.0225353900844283,0.0014383369712079,0.0,0.2322937471193731,1.0,User_590,outandin
591,1,1,0.0225353900844283,0.0078601751807086,0.0,0.2771769019248395,0.3333333333333333,User_591,incoming
595,1,1,0.0225353900844283,0.0014288713335066,0.0,0.2346732888406022,1.0,User_595,outandin
603,1,1,0.0225353900844283,0.0038028123492488,0.0,0.2581085694776374,0.3333333333333333,User_603,outandin
631,1,1,0.0225353900844283,0.0022689590475503,0.0,0.2542458382377669,0.3333333333333333,User_631,outandin
648,1,1,0.0225353900844283,0.0031811562677596,0.0,0.253904282115869,0.3333333333333333,User_648,outandin
682,1,1,0.0225353900844283,0.0007144356667533,0.0,0.2346732888406022,0.3333333333333333,User_682,outandin
719,1,1,0.0225353900844283,1.5314222006894072e-05,0.0,0.1707509881422925,0.3333333333333333,User_719,outandin
721,1,1,0.0225353900844283,0.0078601751807086,0.0,0.2771769019248395,0.3333333333333333,User_721,outandin
752,1,1,0.0225353900844283,0.000203545329592,0.0,0.2041036717062635,0.3333333333333333,User_752,outandin
772,1,1,0.0225353900844283,0.0025641285040085,0.0,0.2461738847281016,0.3333333333333333,User_772,outandin
789,1,1,0.0225353900844283,0.0038028123492488,0.0,0.2581085694776374,0.3333333333333333,User_789,outandin
808,1,1,0.0225353900844283,0.0025641285040085,0.0,0.2461738847281016,0.3333333333333333,User_808,outandin
860,1,1,0.0225353900844283,0.0024186127560603,0.0,0.2546740778170793,0.3333333333333333,User_860,outandin
955,1,1,0.0225353900844283,0.0004352315620545,0.0,0.2174288179465056,0.3333333333333333,User_955,outandin
971,1,1,0.0225353900844283,0.0010245722094667,0.0,0.2484390404206375,0.3333333333333333,User_971,outandin
985,1,1,0.0225353900844283,0.0024186127560603,0.0,0.2546740778170793,0.3333333333333333,User_985,outandin
1058,1,1,0.0225353900844283,0.0038028123492488,0.0,0.2581085694776374,0.3333333333333333,User_1058,outandin
1091,1,1,0.0225353900844283,0.0012093063780301,0.0,0.2546740778170793,0.3333333333333333,User_1091,outandin
1101,1,1,0.0225353900844283,0.0019207166068481,0.0,0.248316636557727,0.3333333333333333,User_1101,outandin
1102,1,1,0.0225353900844283,0.002161691933355,0.0,0.2454545454545454,0.3333333333333333,User_1102,outandin
1103,1,1,0.0225353900844283,0.0020491444189335,0.0,0.2484390404206375,0.3333333333333333,User_1103,outandin
1108,1,1,0.0225353900844283,0.0019207166068481,0.0,0.248316636557727,0.3333333333333333,User_1108,outandin
1111,1,1,0.0225353900844283,0.0001322327402619,0.0,0.1976212259835315,0.3333333333333333,User_1111,outandin
1117,1,1,0.0225353900844283,0.0019207166068481,0.0,0.248316636557727,0.3333333333333333,User_1117,outandin
1118,1,1,0.0225353900844283,0.0016781129719168,0.0,0.2411098708339977,0.3333333333333333,User_1118,outandin
1120,1,1,0.0225353900844283,0.0038028123492488,0.0,0.2581085694776374,0.3333333333333333,User_1120,outandin
1150,1,1,0.0225353900844283,0.0023393970681413,0.0,0.2460136674259681,0.3333333333333333,User_1150,outandin
1151,1,1,0.0225353900844283,0.0011696985340706,0.0,0.2460136674259681,0.3333333333333333,User_1151,outandin
1161,1,1,0.0225353900844283,0.0017075824017206,0.0,0.2395816827761052,0.3333333333333333,User_1161,outandin
1172,1,1,0.0225353900844283,0.002616104804416,0.0,0.2648913805185704,0.3333333333333333,User_1172,outandin
1173,1,1,0.0225353900844283,0.0012043376441369,0.0,0.2508294625082946,0.3333333333333333,User_1173,outandin
1189,1,1,0.0225353900844283,0.0010734251397083,0.0,0.2309454712081869,0.3333333333333333,User_1189,outandin
1298,1,1,0.0225353900844283,0.0024086752882738,0.0,0.2508294625082946,0.3333333333333333,User_1298,outandin
1364,1,1,0.0225353900844283,0.0012006886209611,0.0,0.2360655737704918,0.3333333333333333,User_1364,outandin
1395,1,1,0.0225353900844283,0.0002327400836029,0.0,0.2239668197304103,0.3333333333333333,User_1395,outandin
197,2,1,0.0225353900844283,0.0066613620102556,0.0009668644603366,0.2904341144832885,0.3333333333333333,User_197,incoming
328,2,1,0.0225353900844283,0.0068963700136746,0.0,0.2782480677217519,1.0,User_328,outandin
371,2,1,0.0225353900844283,0.005693156043774,0.0006403646173233,0.278196872125115,0.3333333333333333,User_371,outandin
457,2,1,0.0225353900844283,0.0068301838102143,2.737001584080676e-05,0.2731707317073171,0.3333333333333333,User_457,outandin
487,2,1,0.0225353900844283,0.0050109335570318,0.0007707764380715,0.2798963346908552,0.3333333333333333,User_487,outandin
503,2,1,0.0225353900844283,0.0092890465142152,0.0,0.2793791574279379,0.3333333333333333,User_503,outandin
553,2,1,0.0225353900844283,0.0010845739449744,0.0001708829701488,0.2393920202659911,0.3333333333333333,User_553,outandin
555,2,1,0.0225353900844283,0.0017729510731888,5.6857986504861816e-05,0.2411867921518583,0.3333333333333333,User_555,outandin
562,2,1,0.0225353900844283,0.0023271554799258,1.7136902201980516e-06,0.240879400987733,0.3333333333333333,User_562,outandin
589,2,1,0.0225353900844283,0.0055227794492009,1.6961156107416862e-06,0.266384778012685,0.3333333333333333,User_589,outandin
597,2,1,0.0225353900844283,0.0002976646952381,0.0013227513227513,0.2058823529411764,1.0,User_597,outandin
629,2,1,0.0225353900844283,0.0049326842197505,6.454445068628884e-07,0.261501210653753,0.3333333333333333,User_629,outandin
676,2,1,0.0225353900844283,0.0041559343295546,2.052847023065421e-05,0.2648913805185704,0.3333333333333333,User_676,outandin
702,2,1,0.0225353900844283,0.0084303303847799,0.0,0.2761643835616438,0.3333333333333333,User_702,outandin
764,2,1,0.0225353900844283,0.0057452847717681,5.732108092575775e-05,0.2668078348332451,0.3333333333333333,User_764,outandin
774,2,1,0.0225353900844283,0.0043894848299015,4.238458764291878e-05,0.2600171969045571,0.3333333333333333,User_774,outandin
790,2,1,0.0225353900844283,0.0052780890835373,0.0,0.2607795791652293,0.3333333333333333,User_790,outandin
817,2,1,0.0225353900844283,0.0025709316539367,0.0013227513227513,0.2462540716612377,0.3333333333333333,User_817,outandin
828,2,1,0.0225353900844283,0.0038008956251067,2.71071395627169e-05,0.2632770329096291,0.3333333333333333,User_828,outandin
829,2,1,0.0225353900844283,0.0026643183254415,0.0008903880888943,0.2659630606860158,0.3333333333333333,User_829,outandin
833,2,1,0.0225353900844283,0.0016413757991634,0.0,0.2470588235294117,0.3333333333333333,User_833,outandin
845,2,1,0.0225353900844283,0.0042380439113034,0.0,0.2597491839890053,0.3333333333333333,User_845,outandin
891,2,1,0.0225353900844283,0.0073939015421871,0.0,0.2689912826899128,0.3333333333333333,User_891,outandin
897,2,1,0.0225353900844283,0.0018629940005144,1.0572019597337204e-05,0.2549747048903878,0.3333333333333333,User_897,outandin
1296,2,1,0.0225353900844283,0.0027638188177872,3.7555697652210384e-05,0.2644281217208814,0.3333333333333333,User_1296,outandin
1389,2,1,0.0225353900844283,0.00884907286578,0.0,0.2987551867219917,1.0,User_1389,outandin
248,3,1,0.0225353900844283,0.0085910906906677,2.5991881748082313e-05,0.2766697163769442,0.3333333333333333,User_248,outandin
316,3,1,0.0225353900844283,0.0090555326974634,0.0003638878202725,0.2828811973807296,0.3333333333333333,User_316,outandin
339,3,1,0.0225353900844283,0.009365710454058,7.720587109730857e-05,0.2824056779977587,0.3333333333333333,User_339,outandin
411,3,1,0.0225353900844283,0.0127718776639457,0.0,0.2793791574279379,0.3333333333333333,User_411,outandin
428,3,1,0.0225353900844283,0.0082658050172338,5.901524398387248e-05,0.2806236080178174,0.3333333333333333,User_428,incoming
477,3,1,0.0225353900844283,0.0068942358240687,0.0001128846341332,0.2820369334079463,0.3333333333333333,User_477,outandin
497,3,1,0.0225353900844283,0.0057720686371956,0.0026448252414184,0.2591259640102827,0.3333333333333333,User_497,incoming
517,3,1,0.0225353900844283,0.0045582449055873,1.368668898056563e-05,0.2581967213114754,0.3333333333333333,User_517,outandin
542,3,1,0.0225353900844283,0.0075308354260221,2.816551028216208e-06,0.265496049165935,0.3333333333333333,User_542,outandin
700,3,1,0.0225353900844283,0.0039572165790591,0.0013231306690384,0.2564015601153129,0.3333333333333333,User_700,incoming
791,3,1,0.0225353900844283,0.0051737348211406,6.721313855241769e-05,0.2674212946586487,1.0,User_791,outandin
926,3,1,0.0225353900844283,0.0030537590053109,5.18300971065355e-06,0.253012048192771,0.3333333333333333,User_926,outandin
941,3,1,0.0225353900844283,0.0054513267595471,0.0003580386661292,0.268037581989009,0.3333333333333333,User_941,outandin
994,3,1,0.0225353900844283,0.0074184472714393,2.822441016696218e-05,0.2730227518959913,0.3333333333333333,User_994,outandin
1046,3,1,0.0225353900844283,0.0090485800387974,0.0013772705671007,0.2885496183206107,0.3333333333333333,User_1046,outandin
1299,3,1,0.0225353900844283,0.0105874469746531,0.0,0.290266845843732,0.3333333333333333,User_1299,outandin
317,4,1,0.0225353900844283,0.0171471646728151,1.842659189187226e-05,0.2931937172774869,0.3333333333333333,User_317,outandin
345,4,1,0.0225353900844283,0.0252984740711814,1.558470320448849e-06,0.3070674248578391,0.3333333333333333,User_345,outandin
501,4,1,0.0225353900844283,0.0112617570463321,1.7952888792911055e-05,0.2898217366302473,0.3333333333333333,User_501,outandin
532,4,1,0.0225353900844283,0.0060428894992511,8.431877951824275e-05,0.2622268470343392,0.3333333333333333,User_532,outandin
593,4,1,0.0225353900844283,0.0316851219092288,0.0014732115921305,0.3105998356614626,0.3333333333333333,User_593,outandin
718,4,1,0.0225353900844283,0.0092481908635433,5.794986140897819e-05,0.2740123233055455,0.3333333333333333,User_718,outandin
150,5,1,0.0225353900844283,0.0141622418310381,0.0006935549132693,0.29513956666016,0.3333333333333333,User_150,outandin
324,5,1,0.0225353900844283,0.0286784601031434,4.12231964019046e-05,0.3065693430656934,0.3333333333333333,User_324,outandin
433,5,1,0.0225353900844283,0.0095768663318601,0.0001437273877829,0.2793791574279379,0.3333333333333333,User_433,outandin
518,5,1,0.0225353900844283,0.0181619088728217,5.127878587766972e-05,0.2969363707776905,0.3333333333333333,User_518,outandin
851,5,1,0.0225353900844283,0.0122048165595008,0.0014335773002637,0.2898217366302473,0.3333333333333333,User_851,outandin
262,6,1,0.0225353900844283,0.013069383612615,0.0002626942802814,0.2755604155276107,1.0,User_262,outandin
269,6,1,0.0225353900844283,0.0308478962882529,0.0010892015870323,0.3120743034055727,0.3333333333333333,User_269,outandin
276,6,1,0.0225353900844283,0.0199754834457991,0.0005807201626371,0.297579216689628,0.3333333333333333,User_276,outandin
321,6,1,0.0225353900844283,0.0204266842120481,0.0002178053800449,0.2908811081185071,0.3333333333333333,User_321,outandin
404,6,1,0.0225353900844283,0.009597128267462,3.670259080235561e-05,0.2637822749476622,0.3333333333333333,User_404,outandin
421,6,1,0.0225353900844283,0.0253113901442572,0.0004037800536763,0.3092656985068521,0.3333333333333333,User_421,outandin
479,6,1,0.0225353900844283,0.0121453623873263,7.601326664145206e-05,0.2918355529820498,0.3333333333333333,User_479,outandin
539,6,1,0.0225353900844283,0.0213379577315369,9.298403714815588e-05,0.3053311793214863,1.0,User_539,incoming
689,6,1,0.0225353900844283,0.0084595701760217,0.0023402844789422,0.2777879845673341,0.3333333333333333,User_689,outandin
701,6,1,0.0225353900844283,0.0128738433138622,0.0002901507544499,0.2888252148997134,0.3333333333333333,User_701,outandin
156,7,1,0.0225353900844283,0.0486514456272907,4.8760030749628064e-05,0.3191893603546548,1.0,User_156,outandin
207,7,1,0.0225353900844283,0.0336657949619971,0.000506097994097,0.3188528047237453,0.3333333333333333,User_207,outandin
224,7,1,0.0225353900844283,0.027961905971958,0.0017998940274733,0.3025210084033613,1.0,User_224,outandin
288,7,1,0.0225353900844283,0.030481187001628,0.0010604248168156,0.299940487998413,0.3333333333333333,User_288,incoming
342,7,1,0.0225353900844283,0.0134585117502834,0.0019363507577781,0.301315265045835,0.3333333333333333,User_342,incoming
347,7,1,0.0225353900844283,0.021056512693834,0.000799864339723,0.3004172461752434,1.0,User_347,outandin
423,7,1,0.0225353900844283,0.0180307035306751,0.0018981367722001,0.2997026759167492,0.3333333333333333,User_423,outandin
493,7,1,0.0225353900844283,0.024501206334414,0.0003630738502269,0.3037364403374849,0.3333333333333333,User_493,incoming
538,7,1,0.0225353900844283,0.0381118610017878,0.0002656303928815,0.3213602550478214,1.0,User_538,outandin
425,8,1,0.0225353900844283,0.0103421746889251,0.0075961824632566,0.3078175895765472,0.3333333333333333,User_425,incoming
1290,8,1,0.0225353900844283,0.0210082867683006,0.0001284339197695,0.3066315149056986,0.3333333333333333,User_1290,incoming
221,9,1,0.0225353900844283,0.0296255151597807,0.0003325075135626,0.3010752688172043,0.3333333333333333,User_221,outandin
363,9,1,0.0225353900844283,0.0233397154114228,0.0042015359361955,0.3089497343686146,0.3333333333333333,User_363,incoming
378,9,1,0.0225353900844283,0.0366793238026532,0.0027547609616669,0.313627878033603,1.0,User_378,outandin
441,9,1,0.0225353900844283,0.0306677005369996,0.0013126999644776,0.3086974275214373,0.3333333333333333,User_441,outandin
488,9,1,0.0225353900844283,0.0321684694115014,0.0013832100484063,0.3078175895765472,0.3333333333333333,User_488,outandin
494,9,1,0.0225353900844283,0.0473657257308736,0.0003182192286431,0.3274144651364227,0.3333333333333333,User_494,outandin
1026,9,1,0.0225353900844283,0.0177331353990451,0.0002060063262677,0.3001190948789202,1.0,User_1026,outandin
203,10,1,0.0225353900844283,0.0376505843217933,0.0003330891890729,0.3163841807909605,0.3333333333333333,User_203,outandin
386,10,1,0.0225353900844283,0.0474580194366478,7.212555648461058e-05,0.3232150491663104,0.3333333333333333,User_386,incoming
489,10,1,0.0225353900844283,0.0448374172562791,0.000774737442429,0.3251612903225806,0.3333333333333333,User_489,outandin
521,10,1,0.0225353900844283,0.0313885613363859,0.0009635755910764,0.3170475990773747,0.3333333333333333,User_521,incoming
530,10,1,0.0225353900844283,0.0218782517997955,0.0002116232173728,0.3039806996381182,1.0,User_530,outandin
547,10,1,0.0225353900844283,0.0432113461983094,0.001528282805827,0.3253012048192771,1.0,User_547,outandin
651,10,1,0.0225353900844283,0.0208665928586548,0.0016758596943805,0.3002382843526608,0.3333333333333333,User_651,outandin
186,11,1,0.0225353900844283,0.0323782021039463,0.0004141253173581,0.3126550868486352,0.3333333333333333,User_186,incoming
534,11,1,0.0225353900844283,0.0190318988804949,0.0103415526807535,0.32,0.3333333333333333,User_534,outandin
222,12,1,0.0225353900844283,0.0350540087608415,0.0008405159022671,0.3247422680412371,0.3333333333333333,User_222,incoming
274,12,1,0.0225353900844283,0.0276631001279551,0.0060952301821725,0.3165829145728643,0.3333333333333333,User_274,incoming
393,12,1,0.0225353900844283,0.0421310967743224,0.0019523115247563,0.3215652913653764,0.3333333333333333,User_393,outandin
394,12,1,0.0225353900844283,0.0180739752782191,0.0034739134097375,0.3005964214711729,0.3333333333333333,User_394,outandin
408,12,1,0.0225353900844283,0.0251097031406162,0.0029213292601255,0.3073795486887579,1.0,User_408,outandin
491,12,1,0.0225353900844283,0.0267938169956586,0.0051864472038078,0.304041825859642,0.3333333333333333,User_491,incoming
166,13,1,0.0225353900844283,0.0527621498621982,0.0005187959417967,0.324254771606262,1.0,User_166,outandin
283,14,1,0.0225353900844283,0.0467792767024014,0.0036974218824261,0.3327464788732394,0.3333333333333333,User_283,incoming
472,15,1,0.0225353900844283,0.0366551509255035,0.024747171027374,0.3351806694746176,0.3333333333333333,User_472,outandin
215,16,1,0.0225353900844283,0.0511750690310066,0.0029460332444935,0.317981072555205,0.0,User_215,incoming
427,16,1,0.0225353900844283,0.0277756748295863,0.0055489834932714,0.3065693430656934,0.3333333333333333,User_427,outandin
1043,16,1,0.0225353900844283,0.0326207094611758,0.0038990041243686,0.3176470588235294,1.0,User_1043,outandin
383,17,1,0.0225353900844283,0.0420184296430597,0.006102466976264,0.3252312325231232,1.0,User_383,outandin
387,17,1,0.0225353900844283,0.0383239766594114,0.0023457541970396,0.3184498736310025,0.3333333333333333,User_387,incoming
399,18,1,0.0225353900844283,0.0532328465953647,0.0019577802246209,0.3308533916849015,0.3333333333333333,User_399,outandin
476,18,1,0.0225353900844283,0.0188110503982665,0.0052535913106501,0.3010153294843719,1.0,User_476,outandin
520,18,1,0.0225353900844283,0.033193644386158,0.0056304488330294,0.315,1.0,User_520,outandin
405,19,1,0.0225353900844283,0.0454739287062044,0.0046165034484802,0.3262135922330097,0.3333333333333333,User_405,incoming
714,19,1,0.0225353900844283,0.0398319799760604,0.0084321237542376,0.3304918032786885,1.0,User_714,outandin
249,20,1,0.0225353900844283,0.0498422235742663,0.0102381717428634,0.3264953573742172,0.3333333333333333,User_249,incoming
350,23,1,0.0225353900844283,0.0618807316383904,0.0015325173923733,0.3395463732315293,0.3333333333333333,User_350,incoming
256,24,1,0.0225353900844283,0.0608305260729985,0.0065205107370246,0.3337748344370861,0.3333333333333333,User_256,incoming
295,25,1,0.0225353900844283,0.0470127405466462,0.011462018569235,0.3416177135110709,0.3333333333333333,User_295,outandin
630,26,1,0.0225353900844283,0.0648860282301825,0.0010759552205729,0.3348837209302325,1.0,User_630,outandin
729,26,1,0.0225353900844283,0.0663046412405685,0.0033838334406807,0.3550962893377172,0.3333333333333333,User_729,incoming
484,27,1,0.0225353900844283,0.0739213852042759,0.0183989354688356,0.3478260869565217,0.3333333333333333,User_484,outandin
492,28,1,0.0225353900844283,0.0373311885957155,0.0113823673390718,0.3302752293577982,0.3333333333333333,User_492,incoming
647,28,1,0.0225353900844283,0.0618369245339128,0.0119352552344122,0.3402340234023402,0.3333333333333333,User_647,incoming
171,29,1,0.0225353900844283,0.0756334166147452,0.0046529746226315,0.3443406968799817,0.3333333333333333,User_171,incoming
1094,31,1,0.0225353900844283,0.0468191698230005,0.0100530314663035,0.3347354438786805,1.0,User_1094,outandin
353,35,1,0.0225353900844283,0.1004373157530659,0.0127066280086847,0.3649529326574945,0.3333333333333333,User_353,incoming
29,36,1,0.0225353900844283,0.1017108670798736,0.0221763957524845,0.3602573266619013,0.3333333333333333,User_29,incoming
523,39,1,0.0225353900844283,0.0441028906796048,0.0298903580006007,0.3408476104598738,0.3333333333333333,User_523,incoming
198,49,1,0.0225353900844283,0.1197733821318483,0.0160738020051879,0.3550962893377172,0.3333333333333333,User_198,incoming
64,73,1,0.0225353900844283,0.1527938569773582,0.0646352640861449,0.383367139959432,0.3333333333333333,User_64,incoming
65,1,2,0.0153444903281895,0.0062580550795311,0.0,0.2723342939481268,0.3333333333333333,User_65,outandin
79,1,2,0.0153444903281895,0.0062580550795311,0.0,0.2723342939481268,0.3333333333333333,User_79,outandin
267,1,2,0.0153444903281895,0.0062580550795311,0.0,0.2723342939481268,0.3333333333333333,User_267,outandin
281,1,2,0.0153444903281895,0.0015349435623758,0.0,0.2551898734177215,0.3333333333333333,User_281,outandin
485,1,2,0.0153444903281895,0.0026344139082696,0.0,0.2570991328005441,0.3333333333333333,User_485,outandin
528,1,2,0.0153444903281895,0.0062580550795311,0.0,0.2723342939481268,0.3333333333333333,User_528,outandin
552,1,2,0.0153444903281895,0.0010247551170251,0.0,0.2334774552192711,0.3333333333333333,User_552,outandin
615,1,2,0.0153444903281895,0.0026344139082696,0.0,0.2570991328005441,0.3333333333333333,User_615,outandin
636,1,2,0.0153444903281895,0.001436830636412,0.0,0.2438316400580551,0.3333333333333333,User_636,outandin
694,1,2,0.0153444903281895,0.0005123775585125,0.0,0.2334774552192711,0.3333333333333333,User_694,outandin
836,1,2,0.0153444903281895,0.0062580550795311,0.0,0.2723342939481268,0.3333333333333333,User_836,outandin
884,1,2,0.0153444903281895,0.0046470966650301,0.0,0.2696629213483146,0.3333333333333333,User_884,outandin
970,1,2,0.0153444903281895,0.0023441617951641,0.0,0.2491349480968858,0.3333333333333333,User_970,outandin
976,1,2,0.0153444903281895,0.0062580550795311,0.0,0.2723342939481268,0.3333333333333333,User_976,outandin
1125,1,2,0.0153444903281895,0.0046470966650301,0.0,0.2696629213483146,0.3333333333333333,User_1125,outandin
1136,1,2,0.0153444903281895,0.0031290275397655,0.0,0.2723342939481268,0.3333333333333333,User_1136,outandin
1137,1,2,0.0153444903281895,0.0031290275397655,0.0,0.2723342939481268,0.3333333333333333,User_1137,outandin
1256,1,2,0.0153444903281895,0.0046470966650301,0.0,0.2696629213483146,0.3333333333333333,User_1256,outandin
1294,1,2,0.0153444903281895,0.0031290275397655,0.0,0.2723342939481268,0.3333333333333333,User_1294,outandin
1303,1,2,0.0153444903281895,0.0012134429055532,0.0,0.2478688524590163,0.3333333333333333,User_1303,outandin
1304,1,2,0.0153444903281895,0.0018798135689122,0.0,0.2434390597327322,0.3333333333333333,User_1304,outandin
1305,1,2,0.0153444903281895,0.0062580550795311,0.0,0.2723342939481268,0.3333333333333333,User_1305,outandin
1314,1,2,0.0153444903281895,0.0031290275397655,0.0,0.2723342939481268,0.3333333333333333,User_1314,outandin
1331,1,2,0.0153444903281895,0.0046470966650301,0.0,0.2696629213483146,0.3333333333333333,User_1331,incoming
1350,1,2,0.0153444903281895,0.0002345413156457,0.0,0.2093602880088618,0.3333333333333333,User_1350,outandin
1351,1,2,0.0153444903281895,0.0054600378602362,0.0,0.2614107883817427,0.3333333333333333,User_1351,outandin
1357,1,2,0.0153444903281895,0.0002345413156457,0.0,0.2093602880088618,0.3333333333333333,User_1357,incoming
1360,1,2,0.0153444903281895,0.0007075426827603,0.0,0.2392026578073089,0.3333333333333333,User_1360,outandin
1361,1,2,0.0153444903281895,0.0031290275397655,0.0,0.2723342939481268,0.3333333333333333,User_1361,outandin
1365,1,2,0.0153444903281895,0.0002345413156457,0.0,0.2093602880088618,0.3333333333333333,User_1365,outandin
1367,1,2,0.0153444903281895,0.0002665745575225,0.0,0.2193211488250653,0.3333333333333333,User_1367,outandin
1372,1,2,0.0153444903281895,0.001436830636412,0.0,0.2438316400580551,0.3333333333333333,User_1372,outandin
1378,1,2,0.0153444903281895,0.0007596708359445,0.0,0.2325438326668717,0.3333333333333333,User_1378,outandin
1380,1,2,0.0153444903281895,8.189108338805044e-05,0.0,0.1984772906274612,0.3333333333333333,User_1380,outandin
1382,1,2,0.0153444903281895,0.0062580550795311,0.0,0.2723342939481268,0.3333333333333333,User_1382,outandin
1387,1,2,0.0153444903281895,0.0003798354179722,0.0,0.2325438326668717,0.3333333333333333,User_1387,outandin
1388,1,2,0.0153444903281895,0.0007596708359445,0.0,0.2325438326668717,0.3333333333333333,User_1388,outandin
1390,1,2,0.0153444903281895,0.0007596708359445,0.0,0.2325438326668717,0.3333333333333333,User_1390,outandin
1397,1,2,0.0153444903281895,0.0008022477071968,0.0,0.2302070645554202,0.3333333333333333,User_1397,outandin
1399,1,2,0.0153444903281895,0.0011794998292109,0.0,0.2359550561797752,0.3333333333333333,User_1399,outandin
1403,1,2,0.0153444903281895,0.0006067214527766,0.0,0.2478688524590163,0.3333333333333333,User_1403,incoming
1405,1,2,0.0153444903281895,0.0062580550795311,0.0,0.2723342939481268,0.3333333333333333,User_1405,outandin
1414,1,2,0.0153444903281895,0.0031290275397655,0.0,0.2723342939481268,0.3333333333333333,User_1414,outandin
1416,1,2,0.0153444903281895,0.0054600378602362,0.0,0.2614107883817427,0.3333333333333333,User_1416,outandin
1418,1,2,0.0153444903281895,0.0003751063485418,0.0,0.2127180641530669,0.3333333333333333,User_1418,outandin
1419,1,2,0.0153444903281895,0.0008022477071968,0.0,0.2302070645554202,0.3333333333333333,User_1419,outandin
1423,1,2,0.0153444903281895,0.0054600378602362,0.0,0.2614107883817427,0.3333333333333333,User_1423,outandin
1429,1,2,0.0153444903281895,0.0054600378602362,0.0,0.2614107883817427,0.3333333333333333,User_1429,outandin
1430,1,2,0.0153444903281895,0.0054600378602362,0.0,0.2614107883817427,0.3333333333333333,User_1430,outandin
1431,1,2,0.0153444903281895,0.0022767236119878,0.0,0.2504140443855581,0.3333333333333333,User_1431,outandin
1433,1,2,0.0153444903281895,0.0003227893430927,0.0,0.214133975357598,0.3333333333333333,User_1433,outandin
1434,1,2,0.0153444903281895,0.0062580550795311,0.0,0.2723342939481268,0.3333333333333333,User_1434,outandin
1440,1,2,0.0153444903281895,0.0031290275397655,0.0,0.2723342939481268,0.3333333333333333,User_1440,outandin
1445,1,2,0.0153444903281895,0.0031290275397655,0.0,0.2723342939481268,0.3333333333333333,User_1445,outandin
1448,1,2,0.0153444903281895,0.0012321489079528,0.0,0.2408410321758521,0.3333333333333333,User_1448,outandin
1450,1,2,0.0153444903281895,0.0031290275397655,0.0,0.2723342939481268,0.3333333333333333,User_1450,outandin
1452,1,2,0.0153444903281895,0.0062580550795311,0.0,0.2723342939481268,0.3333333333333333,User_1452,outandin
1453,1,2,0.0153444903281895,0.0005331491150451,0.0,0.2193211488250653,0.3333333333333333,User_1453,incoming
1455,1,2,0.0153444903281895,0.0004676901380806,0.0,0.2212143379663496,0.3333333333333333,User_1455,outandin
1459,1,2,0.0153444903281895,0.0031290275397655,0.0,0.2723342939481268,0.3333333333333333,User_1459,outandin
1460,1,2,0.0153444903281895,0.0031290275397655,0.0,0.2723342939481268,0.3333333333333333,User_1460,outandin
1466,1,2,0.0153444903281895,0.001099098838537,0.0,0.2338385400556758,0.3333333333333333,User_1466,outandin
1470,1,2,0.0153444903281895,0.002025761808268,0.0,0.2514551804423748,0.3333333333333333,User_1470,outandin
1471,1,2,0.0153444903281895,0.002025761808268,0.0,0.2514551804423748,1.0,User_1471,outandin
1472,1,2,0.0153444903281895,0.0002105055006484,0.0,0.2067833698030634,0.3333333333333333,User_1472,outandin
1474,1,2,0.0153444903281895,0.0062580550795311,0.0,0.2723342939481268,0.3333333333333333,User_1474,outandin
1476,1,2,0.0153444903281895,0.0026174631501387,0.0,0.2519580069988335,0.3333333333333333,User_1476,incoming
1483,1,2,0.0153444903281895,0.0062580550795311,0.0,0.2723342939481268,0.3333333333333333,User_1483,outandin
1484,1,2,0.0153444903281895,0.0062580550795311,0.0,0.2723342939481268,0.3333333333333333,User_1484,outandin
1488,1,2,0.0153444903281895,0.0024902607858859,0.0,0.2638283022160181,0.3333333333333333,User_1488,outandin
1491,1,2,0.0153444903281895,0.0030698871247517,0.0,0.2551898734177215,0.3333333333333333,User_1491,outandin
1493,1,2,0.0153444903281895,0.0030698871247517,0.0,0.2551898734177215,0.3333333333333333,User_1493,outandin
1494,1,2,0.0153444903281895,0.0022767236119878,0.0,0.2504140443855581,0.3333333333333333,User_1494,outandin
1495,1,2,0.0153444903281895,0.0008256149952245,0.0,0.2310866574965612,0.3333333333333333,User_1495,outandin
1497,1,2,0.0153444903281895,0.0031290275397655,0.0,0.2723342939481268,0.3333333333333333,User_1497,outandin
1498,1,2,0.0153444903281895,0.0031290275397655,0.0,0.2723342939481268,0.3333333333333333,User_1498,outandin
1502,1,2,0.0153444903281895,0.0024902607858859,0.0,0.2638283022160181,0.3333333333333333,User_1502,incoming
1505,1,2,0.0153444903281895,0.0031290275397655,0.0,0.2723342939481268,0.3333333333333333,User_1505,outandin
1509,1,2,0.0153444903281895,0.0001398206987392,0.0,0.216123499142367,0.3333333333333333,User_1509,outandin
1511,1,2,0.0153444903281895,0.0012451303929429,0.0,0.2638283022160181,1.0,User_1511,outandin
1514,1,2,0.0153444903281895,0.000135095810156,0.0,0.2095924591072913,0.3333333333333333,User_1514,outandin
1516,1,2,0.0153444903281895,0.0024902607858859,0.0,0.2638283022160181,0.3333333333333333,User_1516,outandin
1522,1,2,0.0153444903281895,0.0012451303929429,0.0,0.2638283022160181,0.3333333333333333,User_1522,incoming
1523,1,2,0.0153444903281895,0.0031290275397655,0.0,0.2723342939481268,0.3333333333333333,User_1523,outandin
1528,1,2,0.0153444903281895,0.0024902607858859,0.0,0.2638283022160181,0.3333333333333333,User_1528,incoming
1530,1,2,0.0153444903281895,0.002025761808268,0.0,0.2514551804423748,0.3333333333333333,User_1530,outandin
1532,1,2,0.0153444903281895,9.397711636891762e-05,0.0,0.2073220896750308,0.3333333333333333,User_1532,outandin
1534,1,2,0.0153444903281895,0.0031290275397655,0.0,0.2723342939481268,0.3333333333333333,User_1534,outandin
1536,1,2,0.0153444903281895,0.0012451303929429,0.0,0.2638283022160181,0.3333333333333333,User_1536,incoming
1538,1,2,0.0153444903281895,0.0007075426827603,0.0,0.2392026578073089,0.3333333333333333,User_1538,outandin
1540,1,2,0.0153444903281895,0.0031290275397655,0.0,0.2723342939481268,0.3333333333333333,User_1540,outandin
1542,1,2,0.0153444903281895,0.0011002555700295,0.0,0.2359550561797752,0.3333333333333333,User_1542,incoming
1546,1,2,0.0153444903281895,0.0024902607858859,0.0,0.2638283022160181,1.0,User_1546,incoming
1547,1,2,0.0153444903281895,0.0062580550795311,0.0,0.2723342939481268,0.3333333333333333,User_1547,outandin
1552,1,2,0.0153444903281895,0.0062580550795311,0.0,0.2723342939481268,0.3333333333333333,User_1552,outandin
1553,1,2,0.0153444903281895,0.0024902607858859,0.0,0.2638283022160181,0.3333333333333333,User_1553,outandin
1554,1,2,0.0153444903281895,0.001012880904134,0.0,0.2514551804423748,0.3333333333333333,User_1554,incoming
1558,1,2,0.0153444903281895,0.0031290275397655,0.0,0.2723342939481268,0.3333333333333333,User_1558,outandin
246,2,2,0.0153444903281895,0.0079222154843737,0.0006044965783015,0.2906015760138382,0.3333333333333333,User_246,incoming
438,2,2,0.0153444903281895,0.0139055502720376,0.0,0.29021113243762,0.3333333333333333,User_438,outandin
470,2,2,0.0153444903281895,0.006751664628274,3.852772507667452e-06,0.2684182496005681,0.3333333333333333,User_470,outandin
639,2,2,0.0153444903281895,0.026745672733366,0.0,0.3086974275214373,0.3333333333333333,User_639,outandin
659,2,2,0.0153444903281895,0.0024875293186792,0.0,0.2600619195046439,0.3333333333333333,User_659,outandin
939,2,2,0.0153444903281895,0.002970715002751,0.0001161115128114,0.2646595483983896,0.3333333333333333,User_939,outandin
945,2,2,0.0153444903281895,0.027543689952661,0.0,0.3112391930835735,0.3333333333333333,User_945,outandin
1115,2,2,0.0153444903281895,0.0050064098971121,5.617243097940208e-06,0.2708706556789681,0.3333333333333333,User_1115,outandin
1238,2,2,0.0153444903281895,0.0005301850561242,0.0002782042382942,0.2356975837879968,0.3333333333333333,User_1238,outandin
1279,2,2,0.0153444903281895,0.0022614351740389,1.5232805053454252e-05,0.2545026089883858,0.3333333333333333,User_1279,outandin
1318,2,2,0.0153444903281895,0.0037135542483999,0.0,0.2601514108740537,0.3333333333333333,User_1318,incoming
1356,2,2,0.0153444903281895,0.0064925963951768,8.179168932209626e-05,0.2734177215189873,0.3333333333333333,User_1356,outandin
1371,2,2,0.0153444903281895,0.00091434910148,7.377673735525061e-05,0.2424242424242424,0.3333333333333333,User_1371,outandin
1385,2,2,0.0153444903281895,0.005283091607783,0.0,0.2723342939481268,0.3333333333333333,User_1385,outandin
1391,2,2,0.0153444903281895,0.0028813579832066,0.0,0.2517482517482518,0.3333333333333333,User_1391,outandin
1392,2,2,0.0153444903281895,0.005892227057973,0.0,0.2815642458100558,0.3333333333333333,User_1392,outandin
1404,2,2,0.0153444903281895,0.0063703712715266,0.0,0.2811976938813464,0.3333333333333333,User_1404,incoming
1411,2,2,0.0153444903281895,0.0030576817475336,7.614182238366789e-06,0.2605099931082012,0.3333333333333333,User_1411,outandin
1415,2,2,0.0153444903281895,0.0110067143693686,0.0,0.2859304084720121,0.3333333333333333,User_1415,outandin
1432,2,2,0.0153444903281895,0.0062746643385483,0.0013227513227513,0.2724324324324324,0.3333333333333333,User_1432,outandin
1446,2,2,0.0153444903281895,0.0051547893480336,0.0,0.2819317546149543,0.3333333333333333,User_1446,outandin
1457,2,2,0.0153444903281895,0.0028403646676151,0.0,0.2647522325337069,0.3333333333333333,User_1457,outandin
1463,2,2,0.0153444903281895,0.0073583106495607,1.0221105376743614e-05,0.2787610619469026,0.3333333333333333,User_1463,incoming
1468,2,2,0.0153444903281895,0.0028513768034925,0.0,0.2559241706161137,0.3333333333333333,User_1468,outandin
1479,2,2,0.0153444903281895,0.00483442258105,0.0,0.272678088367899,0.3333333333333333,User_1479,outandin
1482,2,2,0.0153444903281895,0.0073583106495607,1.0221105376743614e-05,0.2787610619469026,0.3333333333333333,User_1482,incoming
1500,2,2,0.0153444903281895,0.0061424537179006,0.0,0.2728749323226854,0.3333333333333333,User_1500,outandin
1506,2,2,0.0153444903281895,0.0063809244765118,2.9083215346911208e-05,0.2730720606826801,0.3333333333333333,User_1506,outandin
1510,2,2,0.0153444903281895,0.0038625935430817,0.0,0.2715029628299515,0.3333333333333333,User_1510,incoming
1524,2,2,0.0153444903281895,0.0034831292765266,0.0,0.2690870261612386,0.3333333333333333,User_1524,outandin
1531,2,2,0.0153444903281895,0.0025278120530165,0.0,0.2641970994233793,0.3333333333333333,User_1531,outandin
1535,2,2,0.0153444903281895,0.0027263181454983,2.084058801258357e-05,0.2640586797066014,1.0,User_1535,outandin
1541,2,2,0.0153444903281895,0.0151575187670003,0.0,0.2984014209591474,0.3333333333333333,User_1541,incoming
1556,2,2,0.0153444903281895,0.0010665555385239,3.711988055637273e-05,0.249669749009247,0.3333333333333333,User_1556,incoming
927,3,2,0.0153444903281895,0.0086789254919959,0.0,0.2819843342036554,0.3333333333333333,User_927,outandin
1286,3,2,0.0153444903281895,0.0088417354309437,0.0,0.2854984894259819,0.3333333333333333,User_1286,incoming
1342,3,2,0.0153444903281895,0.0069575393686061,0.0002174496340785,0.2815118227518153,0.3333333333333333,User_1342,outandin
1362,3,2,0.0153444903281895,0.0068735124648854,0.000180342838362,0.2778390297684674,0.3333333333333333,User_1362,outandin
1375,3,2,0.0153444903281895,0.0056351673781091,6.8261733695610766e-06,0.2725306416726748,0.3333333333333333,User_1375,incoming
1394,3,2,0.0153444903281895,0.0025843883655257,0.0014923758819577,0.2748591165242683,0.3333333333333333,User_1394,incoming
1426,3,2,0.0153444903281895,0.007025745510222,0.0001270835694448,0.2761139517896274,0.3333333333333333,User_1426,outandin
1507,3,2,0.0153444903281895,0.0083165786924969,1.3104077741183406e-05,0.2848530519969857,0.3333333333333333,User_1507,outandin
1512,3,2,0.0153444903281895,0.0014159740780516,0.0026233190650125,0.2665726375176304,0.3333333333333333,User_1512,incoming
1513,3,2,0.0153444903281895,0.0026263759691237,0.0013227513227513,0.2651236191478169,0.3333333333333333,User_1513,outandin
1529,3,2,0.0153444903281895,0.0036534353333589,0.0013227513227513,0.261501210653753,0.3333333333333333,User_1529,incoming
1544,3,2,0.0153444903281895,0.0069611447521272,1.1818095868393685e-06,0.2728256946950559,0.3333333333333333,User_1544,incoming
1557,3,2,0.0153444903281895,0.019360496927427,0.0001764543474285,0.3045930701047542,1.0,User_1557,incoming
467,4,2,0.0153444903281895,0.0106234225461789,8.490271621216387e-05,0.2857142857142857,0.3333333333333333,User_467,outandin
1315,4,2,0.0153444903281895,0.0115061195581202,3.1599934888517025e-05,0.2850678733031674,0.3333333333333333,User_1315,incoming
1370,4,2,0.0153444903281895,0.0056914710233095,0.0,0.2695187165775401,0.3333333333333333,User_1370,outandin
1393,4,2,0.0153444903281895,0.005207882607112,0.0045937265952318,0.2958325180982195,0.3333333333333333,User_1393,outandin
1400,4,2,0.0153444903281895,0.0112132625136271,0.0,0.2904341144832885,0.3333333333333333,User_1400,incoming
1401,4,2,0.0153444903281895,0.0072899975202395,0.0015683190186053,0.270144720385921,0.3333333333333333,User_1401,outandin
1402,4,2,0.0153444903281895,0.0085316060776509,1.8289483934279247e-05,0.272678088367899,0.3333333333333333,User_1402,outandin
1406,4,2,0.0153444903281895,0.0071462288723358,0.0002187585749261,0.2742110990206746,0.3333333333333333,User_1406,outandin
1436,4,2,0.0153444903281895,0.0144214715006567,0.000179019116428,0.2957168003129278,0.3333333333333333,User_1436,outandin
1438,4,2,0.0153444903281895,0.0085584016949485,0.0001641339218061,0.2912733577345405,0.3333333333333333,User_1438,outandin
1447,4,2,0.0153444903281895,0.017000488689742,0.0001107380952669,0.3104722792607803,0.3333333333333333,User_1447,incoming
1456,4,2,0.0153444903281895,0.0068053130478736,0.0001122784419778,0.2809364548494983,0.3333333333333333,User_1456,outandin
1458,4,2,0.0153444903281895,0.0040909668301177,0.0013428481124797,0.260644716428202,0.3333333333333333,User_1458,outandin
1469,4,2,0.0153444903281895,0.0115601677986619,0.0,0.2924564796905222,0.3333333333333333,User_1469,outandin
1490,4,2,0.0153444903281895,0.0161172676072776,0.0,0.2981660422007494,0.3333333333333333,User_1490,incoming
1499,4,2,0.0153444903281895,0.0023878194847161,0.0001165081082656,0.2532239155920281,0.3333333333333333,User_1499,incoming
1517,4,2,0.0153444903281895,0.0129990421613082,0.0,0.2915541843424604,0.3333333333333333,User_1517,incoming
1520,4,2,0.0153444903281895,0.0026759268881908,0.0007602565951735,0.2676106194690265,0.3333333333333333,User_1520,incoming
1548,4,2,0.0153444903281895,0.0086171002321226,3.402747620597967e-05,0.2753596794755054,0.3333333333333333,User_1548,incoming
463,5,2,0.0153444903281895,0.0077838610572541,0.0001405314560989,0.2754098360655738,0.3333333333333333,User_463,outandin
464,5,2,0.0153444903281895,0.0199200953737267,0.0026446272309938,0.3045317220543806,0.3333333333333333,User_464,outandin
1222,5,2,0.0153444903281895,0.0160431291192074,0.0001739830018335,0.2927962819519752,0.3333333333333333,User_1222,incoming
1292,5,2,0.0153444903281895,0.0131312269742991,0.0001763350699083,0.2839969947407963,0.3333333333333333,User_1292,outandin
1328,5,2,0.0153444903281895,0.0117384893518235,0.0002251252758273,0.2932505818463926,0.3333333333333333,User_1328,outandin
1345,5,2,0.0153444903281895,0.0015914075396046,0.0013944140578422,0.2475847388243,0.3333333333333333,User_1345,incoming
1413,5,2,0.0153444903281895,0.0267111912366439,0.0001710560457697,0.3151969981238274,0.3333333333333333,User_1413,outandin
1439,5,2,0.0153444903281895,0.0084099875347507,0.0002111778634041,0.2864721485411141,0.3333333333333333,User_1439,outandin
1451,5,2,0.0153444903281895,0.0090908160180553,0.0014497454787062,0.2839969947407963,0.3333333333333333,User_1451,incoming
1464,5,2,0.0153444903281895,0.0097301821233233,0.0003405345252599,0.2961222091656874,0.3333333333333333,User_1464,incoming
1486,5,2,0.0153444903281895,0.014842963353255,7.81827994274601e-06,0.3050847457627119,0.3333333333333333,User_1486,outandin
1487,5,2,0.0153444903281895,0.0065011598379526,5.403978880107328e-05,0.2747592222424132,0.3333333333333333,User_1487,incoming
1539,5,2,0.0153444903281895,0.0071367490603428,0.0004999868569616,0.2888803974016048,0.3333333333333333,User_1539,incoming
823,6,2,0.0153444903281895,0.0115803371524811,0.0001562228838777,0.2936492522819965,0.3333333333333333,User_823,incoming
1379,6,2,0.0153444903281895,0.0087429737245651,0.0007173234769553,0.2890460714968457,0.3333333333333333,User_1379,outandin
1478,6,2,0.0153444903281895,0.0119144281070984,0.0007213454985517,0.2978723404255319,0.3333333333333333,User_1478,incoming
1508,6,2,0.0153444903281895,0.0054350110386251,0.0013692786250789,0.2756608933454877,0.3333333333333333,User_1508,incoming
1525,6,2,0.0153444903281895,0.0128713271495929,1.1733103944453518e-05,0.2951971885982038,0.3333333333333333,User_1525,incoming
1543,6,2,0.0153444903281895,0.0050490123667065,0.0005472304429645,0.2685135855087906,0.3333333333333333,User_1543,incoming
1034,7,2,0.0153444903281895,0.0402599223856733,7.433702084495073e-05,0.3375753516409913,0.3333333333333333,User_1034,incoming
1384,7,2,0.0153444903281895,0.0123622018039136,0.0001843407566582,0.291161178509532,0.3333333333333333,User_1384,outandin
621,8,2,0.0153444903281895,0.0365376801571412,0.0015118447700276,0.3217021276595744,0.3333333333333333,User_621,incoming
1332,8,2,0.0153444903281895,0.014806598168806,0.0007071363106956,0.3007758106226377,1.0,User_1332,outandin
1366,9,2,0.0153444903281895,0.0103614814086919,0.0033597445826116,0.2808842652795839,0.3333333333333333,User_1366,incoming
1477,9,2,0.0153444903281895,0.0160485388049151,0.0018274983760063,0.3004769475357711,0.3333333333333333,User_1477,outandin
465,10,2,0.0153444903281895,0.0387844249727119,0.0015904638221768,0.3294835476138592,0.3333333333333333,User_465,incoming
1302,10,2,0.0153444903281895,0.015573495268403,0.0029137550038306,0.2963543708349667,0.3333333333333333,User_1302,outandin
1353,10,2,0.0153444903281895,0.0137512555677714,0.0056375123012949,0.3143451143451143,0.3333333333333333,User_1353,incoming
921,12,2,0.0153444903281895,0.0229254829429884,0.0014843506196972,0.3087604655911782,0.3333333333333333,User_921,outandin
1207,12,2,0.0153444903281895,0.0320563007527969,0.0009970253930621,0.314214463840399,0.3333333333333333,User_1207,incoming
1252,12,2,0.0153444903281895,0.0213602486204967,0.001808852555427,0.305146316851665,0.3333333333333333,User_1252,incoming
1267,12,2,0.0153444903281895,0.0155931088320841,0.002897408518062,0.2989914969349416,0.3333333333333333,User_1267,incoming
1312,12,2,0.0153444903281895,0.0045582252453334,0.0046493840607128,0.2647522325337069,0.3333333333333333,User_1312,outandin
1473,12,2,0.0153444903281895,0.0193002271620639,0.0044540048735528,0.314018691588785,0.3333333333333333,User_1473,incoming
1377,13,2,0.0153444903281895,0.0147666567340795,0.0056187506272943,0.302945301542777,1.0,User_1377,outandin
1348,15,2,0.0153444903281895,0.021386106595083,0.0041683789472981,0.3087604655911782,1.0,User_1348,incoming
1352,16,2,0.0153444903281895,0.0336799554176471,0.0126956798933196,0.3362989323843416,0.0,User_1352,incoming
204,17,2,0.0153444903281895,0.0508779713928593,0.0104788782618829,0.3367483296213808,0.3333333333333333,User_204,incoming
540,18,2,0.0153444903281895,0.0235857137795428,0.0163102926811178,0.3294835476138592,0.3333333333333333,User_540,incoming
635,18,2,0.0153444903281895,0.0279269819703452,0.0105716109534715,0.3223880597014925,0.3333333333333333,User_635,incoming
304,22,2,0.0153444903281895,0.0512091389945925,0.0231942327675682,0.3459954233409611,0.3333333333333333,User_304,incoming
1383,23,2,0.0153444903281895,0.0239506484475386,0.0119157874598666,0.3171806167400881,0.3333333333333333,User_1383,incoming
280,24,2,0.0153444903281895,0.0596707228244392,0.0076670694505084,0.342546443135478,1.0,User_280,outandin
905,27,2,0.0153444903281895,0.0333051299599911,0.010825876976722,0.3241852487135506,0.0,User_905,incoming
546,30,2,0.0153444903281895,0.0455631738173353,0.0136216265656155,0.3317244405440983,0.0,User_546,incoming
1396,34,2,0.0153444903281895,0.0393766208590074,0.0266571413314016,0.3358507330075522,0.0,User_1396,incoming
1317,35,2,0.0153444903281895,0.0442506708290336,0.0210638253450346,0.3339960238568588,0.3333333333333333,User_1317,incoming
882,45,2,0.0153444903281895,0.0903238612775682,0.0419599035589048,0.369140625,0.3333333333333333,User_882,incoming
1386,53,2,0.0153444903281895,0.0484026235865516,0.0884713248983828,0.3582938388625592,0.3333333333333333,User_1386,incoming
468,59,2,0.0153444903281895,0.1061314046898508,0.018897341757387,0.3538497542710039,1.0,User_468,outandin
35,112,2,0.0153444903281895,0.1216391941545242,0.0970529537348987,0.3741648106904232,0.0,User_35,incoming
187,1,3,0.0329670329670329,0.0030397214759359,0.0,0.2554054054054054,0.3333333333333333,User_187,outandin
237,1,3,0.0329670329670329,0.0102762071912925,0.0,0.2694226657163222,0.3333333333333333,User_237,outandin
289,1,3,0.0329670329670329,0.0102762071912925,0.0,0.2694226657163222,0.3333333333333333,User_289,outandin
292,1,3,0.0329670329670329,0.0102762071912925,0.0,0.2694226657163222,0.3333333333333333,User_292,incoming
303,1,3,0.0329670329670329,0.0030397214759359,0.0,0.2554054054054054,0.3333333333333333,User_303,outandin
305,1,3,0.0329670329670329,0.0007866229152291,0.0,0.2225165562913907,0.3333333333333333,User_305,outandin
306,1,3,0.0329670329670329,0.0007866229152291,0.0,0.2225165562913907,0.3333333333333333,User_306,outandin
329,1,3,0.0329670329670329,0.0023643214342806,0.0,0.2506631299734748,0.3333333333333333,User_329,outandin
355,1,3,0.0329670329670329,0.0030397214759359,0.0,0.2554054054054054,0.3333333333333333,User_355,outandin
379,1,3,0.0329670329670329,0.0023643214342806,0.0,0.2506631299734748,0.3333333333333333,User_379,outandin
445,1,3,0.0329670329670329,0.0009523114294235,0.0,0.2275052663256093,0.3333333333333333,User_445,outandin
704,1,3,0.0329670329670329,0.0102762071912925,0.0,0.2694226657163222,0.3333333333333333,User_704,outandin
759,1,3,0.0329670329670329,0.0102762071912925,0.0,0.2694226657163222,0.3333333333333333,User_759,outandin
785,1,3,0.0329670329670329,0.0102762071912925,0.0,0.2694226657163222,0.3333333333333333,User_785,outandin
807,1,3,0.0329670329670329,0.0102762071912925,0.0,0.2694226657163222,0.3333333333333333,User_807,outandin
825,1,3,0.0329670329670329,0.0102762071912925,0.0,0.2694226657163222,0.3333333333333333,User_825,outandin
840,1,3,0.0329670329670329,0.0008579210991672,0.0,0.2354773399781965,0.3333333333333333,User_840,outandin
843,1,3,0.0329670329670329,0.0025091499998115,0.0,0.2523785678517776,0.3333333333333333,User_843,outandin
1049,1,3,0.0329670329670329,0.0010548596542481,0.0,0.2363977485928705,0.3333333333333333,User_1049,outandin
1070,1,3,0.0329670329670329,0.0025091499998115,0.0,0.2523785678517776,0.3333333333333333,User_1070,outandin
1126,1,3,0.0329670329670329,0.0025091499998115,0.0,0.2523785678517776,0.3333333333333333,User_1126,outandin
1182,1,3,0.0329670329670329,0.0010548596542481,0.0,0.2363977485928705,0.3333333333333333,User_1182,outandin
1280,1,3,0.0329670329670329,0.0001094625852676,0.0,0.1978021978021978,0.3333333333333333,User_1280,outandin
1374,1,3,0.0329670329670329,0.0016324064692318,0.0,0.2343096234309623,0.3333333333333333,User_1374,outandin
1435,1,3,0.0329670329670329,0.0016324064692318,0.0,0.2343096234309623,0.3333333333333333,User_1435,outandin
1518,1,3,0.0329670329670329,0.0051381035956462,0.0,0.2694226657163222,0.3333333333333333,User_1518,incoming
211,2,3,0.0329670329670329,0.0109766668758148,7.307846230102235e-06,0.2749090909090909,0.3333333333333333,User_211,outandin
271,2,3,0.0329670329670329,0.0231570023463049,0.0,0.3010153294843719,0.3333333333333333,User_271,outandin
307,2,3,0.0329670329670329,0.0036526768869009,2.4803411081813902e-06,0.2473417307377719,0.3333333333333333,User_307,outandin
358,2,3,0.0329670329670329,0.0315618420644223,0.0,0.305701577031945,0.3333333333333333,User_358,outandin
437,2,3,0.0329670329670329,0.0037150200407114,6.858446897708863e-05,0.2666666666666666,0.3333333333333333,User_437,incoming
515,2,3,0.0329670329670329,0.0041840833596354,6.925154060447623e-07,0.2581967213114754,0.3333333333333333,User_515,outandin
638,2,3,0.0329670329670329,0.0104008044756738,4.130531926902749e-05,0.270096463022508,0.3333333333333333,User_638,outandin
773,2,3,0.0329670329670329,0.0159205166309483,0.0,0.2956011730205278,0.3333333333333333,User_773,outandin
792,2,3,0.0329670329670329,0.0315618420644223,0.0,0.305701577031945,1.0,User_792,outandin
1052,2,3,0.0329670329670329,0.0049305573652658,0.0,0.2736156351791531,0.0,User_1052,incoming
1196,2,3,0.0329670329670329,0.0001359742123667,7.508362902141856e-06,0.2016,1.0,User_1196,outandin
1197,2,3,0.0329670329670329,0.0002211029778662,0.0010295740150482,0.2260089686098654,0.3333333333333333,User_1197,outandin
1253,2,3,0.0329670329670329,0.0006830159939033,9.016769440329996e-06,0.2296825155704086,0.3333333333333333,User_1253,outandin
1291,2,3,0.0329670329670329,0.0010868134135242,8.754145087699026e-07,0.245295262816353,0.3333333333333333,User_1291,outandin
1293,2,3,0.0329670329670329,0.0021466916858561,0.0,0.2637822749476622,0.3333333333333333,User_1293,incoming
161,3,3,0.0329670329670329,0.0289051871838446,0.0,0.3088235294117647,0.3333333333333333,User_161,outandin
183,3,3,0.0329670329670329,0.0061920419660226,3.931785943068286e-06,0.258505727474782,0.3333333333333333,User_183,outandin
191,3,3,0.0329670329670329,0.00894205488473,0.000528621969788,0.2773802971931756,0.3333333333333333,User_191,outandin
194,3,3,0.0329670329670329,0.0091556299952944,1.969682644732281e-06,0.273863430537946,0.3333333333333333,User_194,outandin
233,3,3,0.0329670329670329,0.0070929367462143,0.0002465970194489,0.2754600109309528,0.3333333333333333,User_233,outandin
234,3,3,0.0329670329670329,0.0174136473978666,2.764232927725695e-05,0.3028239535349489,0.3333333333333333,User_234,outandin
377,3,3,0.0329670329670329,0.0143819454207028,6.411156956056548e-05,0.2856063468077068,0.3333333333333333,User_377,outandin
447,3,3,0.0329670329670329,0.0333296293224968,0.0,0.3078175895765472,0.3333333333333333,User_447,outandin
818,3,3,0.0329670329670329,0.0066260873045481,8.27584293771325e-05,0.2750090942160785,0.3333333333333333,User_818,outandin
830,3,3,0.0329670329670329,0.0012574241286673,3.501044070867853e-05,0.2420749279538905,0.3333333333333333,User_830,outandin
1165,3,3,0.0329670329670329,0.0021277545748368,0.0013227513227513,0.2465351377792271,0.3333333333333333,User_1165,outandin
180,4,3,0.0329670329670329,0.0185127400293437,0.0013245171024098,0.2944498539435248,1.0,User_180,outandin
201,4,3,0.0329670329670329,0.0067926020614277,0.0009691590604547,0.2728749323226854,0.3333333333333333,User_201,outandin
240,4,3,0.0329670329670329,0.0360946943072766,0.0001136303142579,0.3142797755144461,0.3333333333333333,User_240,outandin
301,4,3,0.0329670329670329,0.019147854379518,2.9017585184970105e-05,0.2916104146576663,0.3333333333333333,User_301,outandin
697,4,3,0.0329670329670329,0.0207430672898551,2.50118431077115e-07,0.2862010221465076,0.3333333333333333,User_697,outandin
753,4,3,0.0329670329670329,0.0333516896874366,0.0013227513227513,0.3079429735234216,0.3333333333333333,User_753,outandin
842,4,3,0.0329670329670329,0.0086379293342983,0.0011536812204065,0.2927395934172314,0.3333333333333333,User_842,outandin
948,4,3,0.0329670329670329,0.03172974010118,0.0026446272309938,0.3059490084985836,0.3333333333333333,User_948,outandin
795,5,3,0.0329670329670329,0.0151225982617659,0.0003896270150438,0.2933074684772066,0.3333333333333333,User_795,outandin
181,6,3,0.0329670329670329,0.0170263236077202,0.0003940319936357,0.2859304084720121,0.3333333333333333,User_181,outandin
282,6,3,0.0329670329670329,0.015292847752769,0.0026563369405466,0.2861468584405753,0.3333333333333333,User_282,outandin
768,6,3,0.0329670329670329,0.0024222436320995,0.0003239445557907,0.2422688671687229,1.0,User_768,outandin
212,7,3,0.0329670329670329,0.0508668617713072,0.0003508568320199,0.3192567567567567,0.3333333333333333,User_212,outandin
1277,7,3,0.0329670329670329,0.0121836486016592,0.0010179560390025,0.3052695336159903,1.0,User_1277,outandin
230,8,3,0.0329670329670329,0.0236273059315104,0.0028012366532515,0.3055780113177041,0.3333333333333333,User_230,incoming
401,8,3,0.0329670329670329,0.0224100171126971,6.294497886937607e-05,0.2961802154750245,0.3333333333333333,User_401,outandin
310,9,3,0.0329670329670329,0.0415858656522478,0.008830988631393,0.3272727272727272,0.3333333333333333,User_310,outandin
322,10,3,0.0329670329670329,0.0459575442356338,0.0044238380681955,0.3344392833443928,0.3333333333333333,User_322,incoming
57,13,3,0.0329670329670329,0.0429337770170593,0.0105612506919177,0.3360746832629473,0.3333333333333333,User_57,incoming
178,15,3,0.0329670329670329,0.0205059114006994,0.0056531420222918,0.3095189355168884,0.3333333333333333,User_178,incoming
206,15,3,0.0329670329670329,0.0557632850829089,0.0008457786305201,0.3225255972696246,0.3333333333333333,User_206,incoming
535,16,3,0.0329670329670329,0.034364414866748,0.0040200681847276,0.319459116839214,0.3333333333333333,User_535,incoming
135,25,3,0.0329670329670329,0.0590892417775019,0.0159289570479331,0.3429349058743479,0.3333333333333333,User_135,incoming
209,27,3,0.0329670329670329,0.0487712125449139,0.0127161605460147,0.3375,0.3333333333333333,User_209,incoming
144,44,3,0.0329670329670329,0.1261653588782082,0.0120965783869027,0.3631996156617824,1.0,User_144,outandin
202,85,3,0.0329670329670329,0.1997756028832878,0.0265565393550466,0.3686905632772495,0.3333333333333333,User_202,incoming
154,1,4,0.0158408190862551,0.0010377485308173,0.0,0.2359182399750351,0.3333333333333333,User_154,outandin
711,1,4,0.0158408190862551,0.0010314287610961,0.0,0.2370277472958143,0.3333333333333333,User_711,outandin
731,1,4,0.0158408190862551,0.0010314287610961,0.0,0.2370277472958143,0.3333333333333333,User_731,outandin
736,1,4,0.0158408190862551,0.0039923400203553,0.0,0.2606896551724137,0.3333333333333333,User_736,outandin
746,1,4,0.0158408190862551,0.0025812347893997,0.0,0.2515388454500083,0.3333333333333333,User_746,outandin
747,1,4,0.0158408190862551,0.0018430662050809,0.0,0.245017015070491,0.3333333333333333,User_747,outandin
749,1,4,0.0158408190862551,0.0018430662050809,0.0,0.245017015070491,0.3333333333333333,User_749,outandin
750,1,4,0.0158408190862551,0.0012906173946998,0.0,0.2515388454500083,0.3333333333333333,User_750,outandin
771,1,4,0.0158408190862551,0.0009028411640731,0.0,0.2446206115515288,0.3333333333333333,User_771,outandin
797,1,4,0.0158408190862551,0.0007159151139332,0.0,0.2256716417910447,0.3333333333333333,User_797,outandin
800,1,4,0.0158408190862551,0.0007159151139332,0.0,0.2256716417910447,0.3333333333333333,User_800,outandin
809,1,4,0.0158408190862551,0.0018430662050809,0.0,0.245017015070491,0.3333333333333333,User_809,outandin
821,1,4,0.0158408190862551,0.0025812347893997,0.0,0.2515388454500083,0.3333333333333333,User_821,outandin
822,1,4,0.0158408190862551,0.0009215331025404,0.0,0.245017015070491,0.3333333333333333,User_822,incoming
841,1,4,0.0158408190862551,0.0051598059224853,0.0,0.2720892567932337,0.3333333333333333,User_841,incoming
848,1,4,0.0158408190862551,0.0051598059224853,0.0,0.2720892567932337,0.3333333333333333,User_848,outandin
855,1,4,0.0158408190862551,0.0025812347893997,0.0,0.2515388454500083,0.3333333333333333,User_855,outandin
858,1,4,0.0158408190862551,7.347853242782826e-05,0.0,0.2011173184357542,0.3333333333333333,User_858,outandin
868,1,4,0.0158408190862551,0.0051598059224853,0.0,0.2720892567932337,0.3333333333333333,User_868,outandin
869,1,4,0.0158408190862551,0.0010523916293726,0.0,0.2336578581363004,0.3333333333333333,User_869,incoming
871,1,4,0.0158408190862551,0.0002916768312631,0.0,0.2148032390964625,0.3333333333333333,User_871,incoming
873,1,4,0.0158408190862551,0.0051598059224853,0.0,0.2720892567932337,0.3333333333333333,User_873,incoming
890,1,4,0.0158408190862551,0.0019961700101776,0.0,0.2606896551724137,0.3333333333333333,User_890,outandin
895,1,4,0.0158408190862551,0.0009215331025404,0.0,0.245017015070491,0.3333333333333333,User_895,outandin
901,1,4,0.0158408190862551,0.0006729530721438,0.0,0.2274710395667218,0.3333333333333333,User_901,outandin
909,1,4,0.0158408190862551,0.0022110441668065,0.0,0.2575809199318569,0.3333333333333333,User_909,outandin
916,1,4,0.0158408190862551,0.0025693276640992,0.0,0.2481943532501641,0.3333333333333333,User_916,outandin
919,1,4,0.0158408190862551,0.0022110441668065,0.0,0.2575809199318569,0.3333333333333333,User_919,outandin
933,1,4,0.0158408190862551,0.001104284605803,0.0,0.2328661635607577,0.3333333333333333,User_933,outandin
938,1,4,0.0158408190862551,0.0026153704052475,0.0,0.2565755981673172,0.3333333333333333,User_938,incoming
949,1,4,0.0158408190862551,0.0001761680354884,0.0,0.2180874080484638,0.3333333333333333,User_949,outandin
956,1,4,0.0158408190862551,0.0051598059224853,0.0,0.2720892567932337,0.3333333333333333,User_956,outandin
965,1,4,0.0158408190862551,0.0009028411640731,0.0,0.2446206115515288,0.3333333333333333,User_965,outandin
974,1,4,0.0158408190862551,0.0025799493018175,0.0,0.2557510148849797,0.3333333333333333,User_974,outandin
979,1,4,0.0158408190862551,0.0004673588743574,0.0,0.2248995983935743,0.3333333333333333,User_979,outandin
990,1,4,0.0158408190862551,0.0025799493018175,0.0,0.2557510148849797,0.3333333333333333,User_990,outandin
992,1,4,0.0158408190862551,0.0011055220834032,0.0,0.2575809199318569,1.0,User_992,outandin
1015,1,4,0.0158408190862551,0.0007368298996909,0.0,0.2268567141785446,0.3333333333333333,User_1015,outandin
1016,1,4,0.0158408190862551,0.0022110441668065,0.0,0.2575809199318569,0.3333333333333333,User_1016,outandin
1017,1,4,0.0158408190862551,0.0022110441668065,0.0,0.2575809199318569,0.3333333333333333,User_1017,outandin
1027,1,4,0.0158408190862551,0.0051598059224853,0.0,0.2720892567932337,0.3333333333333333,User_1027,outandin
1032,1,4,0.0158408190862551,0.0051598059224853,0.0,0.2720892567932337,0.3333333333333333,User_1032,outandin
1033,1,4,0.0158408190862551,0.0051598059224853,0.0,0.2720892567932337,0.3333333333333333,User_1033,outandin
1039,1,4,0.0158408190862551,0.0004759757115254,0.0,0.2202797202797203,0.3333333333333333,User_1039,outandin
1044,1,4,0.0158408190862551,0.0051598059224853,0.0,0.2720892567932337,0.3333333333333333,User_1044,incoming
1047,1,4,0.0158408190862551,0.0051598059224853,0.0,0.2720892567932337,0.3333333333333333,User_1047,outandin
1054,1,4,0.0158408190862551,0.0010762173061585,0.0,0.2381102362204724,0.3333333333333333,User_1054,incoming
1059,1,4,0.0158408190862551,0.0001867054680983,0.0,0.2133784928027095,0.3333333333333333,User_1059,outandin
1097,1,4,0.0158408190862551,1.652569950836372e-05,0.0,0.1858407079646017,0.3333333333333333,User_1097,outandin
1109,1,4,0.0158408190862551,0.0026153704052475,0.0,0.2565755981673172,0.3333333333333333,User_1109,outandin
1135,1,4,0.0158408190862551,0.0011013169481961,0.0,0.2343822663152999,0.3333333333333333,User_1135,outandin
1138,1,4,0.0158408190862551,0.0012899746509087,0.0,0.2557510148849797,0.3333333333333333,User_1138,outandin
1153,1,4,0.0158408190862551,5.64880819450447e-05,0.0,0.1950464396284829,0.3333333333333333,User_1153,outandin
1157,1,4,0.0158408190862551,0.0039923400203553,0.0,0.2606896551724137,0.3333333333333333,User_1157,outandin
1171,1,4,0.0158408190862551,9.63291700321176e-06,0.0,0.1759162303664921,0.3333333333333333,User_1171,outandin
1178,1,4,0.0158408190862551,0.0001746139264178,0.0,0.2173975557153127,0.3333333333333333,User_1178,outandin
1188,1,4,0.0158408190862551,1.9049099339767964e-06,0.0,0.1556195965417867,0.3333333333333333,User_1188,outandin
1194,1,4,0.0158408190862551,0.0003758851840476,0.0,0.227300060132291,0.3333333333333333,User_1194,outandin
1232,1,4,0.0158408190862551,0.0026153704052475,0.0,0.2565755981673172,0.3333333333333333,User_1232,outandin
1234,1,4,0.0158408190862551,0.0004425224308092,0.0,0.2241660489251297,0.3333333333333333,User_1234,outandin
1283,1,4,0.0158408190862551,0.0039923400203553,0.0,0.2606896551724137,0.3333333333333333,User_1283,outandin
1285,1,4,0.0158408190862551,0.0026153704052475,0.0,0.2565755981673172,0.3333333333333333,User_1285,outandin
1326,1,4,0.0158408190862551,0.0002792801670384,0.0,0.222680412371134,0.3333333333333333,User_1326,outandin
1475,1,4,0.0158408190862551,0.0006841603613456,0.0,0.2435959400676655,0.3333333333333333,User_1475,incoming
1555,1,4,0.0158408190862551,0.0006729530721438,0.0,0.2274710395667218,0.3333333333333333,User_1555,incoming
407,2,4,0.0158408190862551,0.0059262576005319,0.0005067283586741,0.2865264354747015,0.3333333333333333,User_407,outandin
727,2,4,0.0158408190862551,0.0041046294288783,6.899487755640041e-05,0.261139896373057,0.3333333333333333,User_727,outandin
728,2,4,0.0158408190862551,0.0021825542953977,6.773490967521545e-06,0.2436351917499194,0.3333333333333333,User_728,outandin
748,2,4,0.0158408190862551,0.0032965679144491,3.646613034908393e-06,0.2593481989708405,0.3333333333333333,User_748,outandin
778,2,4,0.0158408190862551,0.0032859489153849,1.5227001651948862e-05,0.2568370986920333,0.3333333333333333,User_778,outandin
826,2,4,0.0158408190862551,0.00121620903284,0.0,0.2342007434944238,0.3333333333333333,User_826,outandin
857,2,4,0.0158408190862551,0.0053067629873409,8.965611751494294e-05,0.2722852512155591,0.3333333333333333,User_857,outandin
865,2,4,0.0158408190862551,0.0037905411674299,3.505231446915831e-05,0.2668549241087187,0.3333333333333333,User_865,outandin
872,2,4,0.0158408190862551,0.0059988624084437,0.0002539476031682,0.2784530386740331,1.0,User_872,outandin
876,2,4,0.0158408190862551,0.0036358396255479,6.43877808082499e-05,0.2717469446441409,0.3333333333333333,User_876,outandin
877,2,4,0.0158408190862551,0.0033965534245367,4.757277080501538e-06,0.2584615384615384,0.3333333333333333,User_877,outandin
880,2,4,0.0158408190862551,0.00572328168087,0.0,0.2738138355668236,0.3333333333333333,User_880,outandin
886,2,4,0.0158408190862551,0.0058327589946291,0.0,0.2733682878322184,0.3333333333333333,User_886,outandin
898,2,4,0.0158408190862551,0.0056391850556343,0.0,0.2725797728501893,0.3333333333333333,User_898,outandin
913,2,4,0.0158408190862551,0.0044584366103285,1.3083973039011747e-05,0.2657293497363796,0.3333333333333333,User_913,incoming
932,2,4,0.0158408190862551,0.002501722432304,0.0,0.2581526378692163,0.3333333333333333,User_932,outandin
954,2,4,0.0158408190862551,0.0029269592807397,0.0001240238768208,0.2617275402458023,1.0,User_954,outandin
960,2,4,0.0158408190862551,0.0056271647968428,0.0,0.2744599745870394,0.3333333333333333,User_960,outandin
968,2,4,0.0158408190862551,0.0018742065716131,4.188513903543186e-05,0.2461338108416083,0.3333333333333333,User_968,outandin
986,2,4,0.0158408190862551,0.0039370834365077,5.627664699235088e-07,0.2638283022160181,0.3333333333333333,User_986,outandin
1004,2,4,0.0158408190862551,0.0006553014663812,1.653902781086503e-05,0.238561060271379,0.3333333333333333,User_1004,outandin
1006,2,4,0.0158408190862551,0.0070805225293334,0.0,0.276366295010053,0.3333333333333333,User_1006,outandin
1022,2,4,0.0158408190862551,0.0001372585626745,0.0001161337536986,0.2134086097388849,0.3333333333333333,User_1022,outandin
1023,2,4,0.0158408190862551,0.0035182115693206,5.807179198031411e-05,0.2686567164179104,0.3333333333333333,User_1023,outandin
1024,2,4,0.0158408190862551,0.0073708500892918,0.0,0.2802075611564121,0.3333333333333333,User_1024,outandin
1042,2,4,0.0158408190862551,0.00119916187302,1.0083941412925688e-05,0.2364716922114482,0.3333333333333333,User_1042,outandin
1045,2,4,0.0158408190862551,0.0004026349692736,7.998027947900686e-05,0.2297523172770095,0.3333333333333333,User_1045,outandin
1051,2,4,0.0158408190862551,0.0021310769604066,6.419706397645952e-06,0.2505800464037123,0.3333333333333333,User_1051,outandin
1055,2,4,0.0158408190862551,0.0003138472305503,3.496842720840281e-05,0.2267206477732793,0.3333333333333333,User_1055,outandin
1056,2,4,0.0158408190862551,0.0001872012572625,0.0013227513227513,0.2134387351778656,0.3333333333333333,User_1056,outandin
1057,2,4,0.0158408190862551,0.0040582531155515,1.1330477198779656e-05,0.2673267326732673,0.3333333333333333,User_1057,outandin
1060,2,4,0.0158408190862551,0.0054546339160912,0.0,0.2736156351791531,0.3333333333333333,User_1060,outandin
1093,2,4,0.0158408190862551,0.0014208698648829,0.0,0.2595708154506437,0.3333333333333333,User_1093,outandin
1095,2,4,0.0158408190862551,0.0017362176463626,0.0,0.2595708154506437,0.3333333333333333,User_1095,incoming
1099,2,4,0.0158408190862551,0.0051730018946831,4.529092240450774e-06,0.2746095168906647,0.3333333333333333,User_1099,outandin
1106,2,4,0.0158408190862551,0.0028417397297659,0.0,0.2595708154506437,0.3333333333333333,User_1106,outandin
1114,2,4,0.0158408190862551,0.0025514121698075,0.0,0.2553622698868434,0.3333333333333333,User_1114,outandin
1116,2,4,0.0158408190862551,0.0011432222494869,6.862521434926993e-05,0.2519580069988335,0.3333333333333333,User_1116,outandin
1132,2,4,0.0158408190862551,0.0044348624511645,4.309821424868883e-05,0.26517011574886,0.3333333333333333,User_1132,outandin
1154,2,4,0.0158408190862551,0.0020324488575656,6.406702051682341e-06,0.2455741432515835,0.3333333333333333,User_1154,incoming
1180,2,4,0.0158408190862551,0.002596428660751,0.00160545061633,0.2728256946950559,0.3333333333333333,User_1180,outandin
1181,2,4,0.0158408190862551,0.0044596988947127,5.615921915533488e-06,0.2647058823529412,0.3333333333333333,User_1181,outandin
1186,2,4,0.0158408190862551,0.0007178200238672,0.0026437518164851,0.2258064516129032,0.3333333333333333,User_1186,outandin
1187,2,4,0.0158408190862551,3.702789336100353e-05,0.0013227513227513,0.1842778793418647,0.3333333333333333,User_1187,outandin
1245,2,4,0.0158408190862551,0.0016995077823103,2.997192912262721e-06,0.2470588235294117,0.3333333333333333,User_1245,incoming
1359,2,4,0.0158408190862551,0.0015187086700914,4.132128674933933e-05,0.2462540716612377,0.3333333333333333,User_1359,outandin
236,3,4,0.0158408190862551,0.0114911881973918,0.000142721636968,0.2749590834697217,0.3333333333333333,User_236,outandin
567,3,4,0.0158408190862551,0.0157733866087692,0.0001618943162277,0.3017964071856287,0.3333333333333333,User_567,outandin
583,3,4,0.0158408190862551,0.0060514859594278,0.0007287888174796,0.2779411764705882,0.3333333333333333,User_583,incoming
709,3,4,0.0158408190862551,0.0232215293776447,4.377072543849513e-07,0.3037364403374849,1.0,User_709,outandin
724,3,4,0.0158408190862551,0.0077572755797548,1.4840993516937884e-05,0.2789667896678967,0.3333333333333333,User_724,outandin
793,3,4,0.0158408190862551,0.005053840117894,6.583350059390375e-06,0.2707251566696508,0.3333333333333333,User_793,outandin
794,3,4,0.0158408190862551,0.0053799000410101,0.0001500708179898,0.2725306416726748,0.3333333333333333,User_794,outandin
856,3,4,0.0158408190862551,0.0028561758699002,0.001336404807507,0.2517063426002996,0.3333333333333333,User_856,incoming
864,3,4,0.0158408190862551,0.0056687156289397,0.0013227513227513,0.2735166425470333,0.3333333333333333,User_864,outandin
867,3,4,0.0158408190862551,0.005294167869883,0.0001946008377161,0.2719913653534808,0.3333333333333333,User_867,outandin
896,3,4,0.0158408190862551,0.0049054407406329,0.0017397812391697,0.2887149131181974,0.3333333333333333,User_896,incoming
900,3,4,0.0158408190862551,0.0032752672898486,1.6390831297204173e-05,0.2557077625570776,1.0,User_900,outandin
912,3,4,0.0158408190862551,0.0022703838456895,0.0003000610052236,0.2462941847206385,0.3333333333333333,User_912,outandin
915,3,4,0.0158408190862551,0.0070823049044409,0.0001930399831772,0.2738138355668236,0.3333333333333333,User_915,outandin
957,3,4,0.0158408190862551,0.0072316832738885,0.0001761177835315,0.2842105263157894,0.3333333333333333,User_957,outandin
959,3,4,0.0158408190862551,0.0114615062847911,0.0001003314024277,0.2917792358162872,0.3333333333333333,User_959,outandin
961,3,4,0.0158408190862551,0.0041392998154499,1.7528514551460185e-05,0.2688477951635846,0.3333333333333333,User_961,incoming
1009,3,4,0.0158408190862551,0.0090058671809783,8.647497367781423e-06,0.2892119357306809,0.3333333333333333,User_1009,outandin
1021,3,4,0.0158408190862551,0.000914771562666,0.0010468590092979,0.2394678492239468,0.3333333333333333,User_1021,outandin
1036,3,4,0.0158408190862551,0.0015775615817653,1.49165326751914e-05,0.2466960352422907,0.3333333333333333,User_1036,outandin
1050,3,4,0.0158408190862551,0.0073141093988805,1.094733657507838e-05,0.2845849802371542,0.3333333333333333,User_1050,outandin
1063,3,4,0.0158408190862551,0.0036673821014161,1.5808242778713296e-05,0.2636442894507411,0.3333333333333333,User_1063,outandin
1096,3,4,0.0158408190862551,0.000321151308922,0.0013264280636881,0.2282264150943396,0.3333333333333333,User_1096,outandin
1105,3,4,0.0158408190862551,0.0018285720984684,3.744871873073959e-05,0.2584173645530678,0.3333333333333333,User_1105,outandin
1112,3,4,0.0158408190862551,0.006788452812479,0.0013227513227513,0.2777369581190301,0.3333333333333333,User_1112,outandin
1127,3,4,0.0158408190862551,0.0023221851280903,3.115776849300794e-05,0.256968048946295,0.3333333333333333,User_1127,outandin
557,4,4,0.0158408190862551,0.0043669873968687,0.0003812263502064,0.2753095411507647,0.3333333333333333,User_557,outandin
769,4,4,0.0158408190862551,0.0104043131013979,5.159379913258623e-05,0.2931937172774869,0.3333333333333333,User_769,outandin
799,4,4,0.0158408190862551,0.0068479349666232,0.0017809943061765,0.2788638878642567,0.3333333333333333,User_799,outandin
911,4,4,0.0158408190862551,0.0054280448285529,0.0023575465095874,0.2864178821746543,0.3333333333333333,User_911,outandin
995,4,4,0.0158408190862551,0.0010978410160172,0.0015599045659966,0.2422688671687229,0.3333333333333333,User_995,outandin
1048,4,4,0.0158408190862551,0.0038243773262608,4.00364631694943e-05,0.26610348468849,0.3333333333333333,User_1048,outandin
1074,4,4,0.0158408190862551,0.0044994954495649,0.0001130345995185,0.2696148359486447,0.3333333333333333,User_1074,outandin
1084,4,4,0.0158408190862551,0.0005198443844397,0.0002591841998117,0.2299619771863117,0.3333333333333333,User_1084,outandin
1113,4,4,0.0158408190862551,0.0037073143638567,0.0,0.2687522218272307,1.0,User_1113,outandin
1358,4,4,0.0158408190862551,0.0037799228630528,0.0003225294497825,0.260644716428202,0.3333333333333333,User_1358,outandin
1422,4,4,0.0158408190862551,0.0097045157941053,0.0005492215943165,0.2841037204058624,0.3333333333333333,User_1422,outandin
238,5,4,0.0158408190862551,0.0150939910705894,5.50495089765217e-05,0.2916666666666667,0.3333333333333333,User_238,incoming
846,5,4,0.0158408190862551,0.008098724783719,0.0007786916721229,0.2866350710900474,0.3333333333333333,User_846,incoming
847,5,4,0.0158408190862551,0.0069598872999768,2.1591134678494065e-05,0.2774311926605504,0.3333333333333333,User_847,outandin
875,5,4,0.0158408190862551,0.0095995356072861,5.274729110017751e-05,0.2851754055073557,0.3333333333333333,User_875,outandin
975,5,4,0.0158408190862551,0.0069087338036274,0.0014495454002462,0.2942206654991243,0.3333333333333333,User_975,outandin
1010,5,4,0.0158408190862551,0.0168015054033305,0.0005036479255314,0.3197293296680059,0.3333333333333333,User_1010,outandin
1020,5,4,0.0158408190862551,0.0024081062978106,0.0019119176308154,0.2670434475450371,0.3333333333333333,User_1020,outandin
1040,5,4,0.0158408190862551,0.0034566176239224,0.0005484277392244,0.2723833543505675,0.3333333333333333,User_1040,outandin
1073,5,4,0.0158408190862551,0.0145742503480358,4.009990691445872e-05,0.2933074684772066,0.3333333333333333,User_1073,outandin
227,6,4,0.0158408190862551,0.0235829848683395,1.8256160915469574e-05,0.3118811881188119,0.3333333333333333,User_227,outandin
984,6,4,0.0158408190862551,0.0181994524240269,0.0002967176534787,0.2875618105743628,0.3333333333333333,User_984,outandin
1019,6,4,0.0158408190862551,0.004942100936148,0.0013866240333563,0.2714542190305206,0.3333333333333333,User_1019,outandin
802,7,4,0.0158408190862551,0.0130804932924535,0.0027378371830853,0.2943925233644859,0.3333333333333333,User_802,outandin
820,7,4,0.0158408190862551,0.0190942403930167,0.0012860383570447,0.3085714285714285,0.3333333333333333,User_820,outandin
827,7,4,0.0158408190862551,0.0093170662467142,0.0009644482244233,0.2900441204680606,0.3333333333333333,User_827,incoming
907,7,4,0.0158408190862551,0.0080106412306609,0.0003613803270221,0.279637506935454,0.3333333333333333,User_907,outandin
928,7,4,0.0158408190862551,0.0112986787849122,0.0016527011818125,0.2876712328767123,0.3333333333333333,User_928,outandin
1008,7,4,0.0158408190862551,0.0036286827783272,0.005638098576084,0.2712107623318385,0.3333333333333333,User_1008,outandin
1104,7,4,0.0158408190862551,0.0071078921544729,0.0010118451963776,0.2879451533041325,0.3333333333333333,User_1104,outandin
402,8,4,0.0158408190862551,0.0135305139509414,0.0001260984539689,0.2913294797687861,0.3333333333333333,User_402,outandin
726,8,4,0.0158408190862551,0.0109518217839547,0.0160525794576941,0.3019772318753744,0.3333333333333333,User_726,outandin
733,8,4,0.0158408190862551,0.0280445175149222,0.0011554175661412,0.3127197518097208,1.0,User_733,outandin
735,8,4,0.0158408190862551,0.0149374946179389,0.0002430427722229,0.2988732951176122,0.3333333333333333,User_735,incoming
824,8,4,0.0158408190862551,0.0143221571800696,0.0020401478135559,0.2933643771827706,0.3333333333333333,User_824,outandin
853,8,4,0.0158408190862551,0.0082629374115128,0.0024971289382748,0.2873432155074116,1.0,User_853,outandin
904,8,4,0.0158408190862551,0.0136329951947595,0.0031596770227592,0.3058252427184466,0.3333333333333333,User_904,outandin
953,8,4,0.0158408190862551,0.0102211022053789,0.0006256794467228,0.2936492522819965,0.3333333333333333,User_953,outandin
1018,8,4,0.0158408190862551,0.0068868867076487,0.0029844447009786,0.2882195958825772,0.0,User_1018,incoming
417,9,4,0.0158408190862551,0.026596115895211,0.0074730291573324,0.3219761499148211,1.0,User_417,outandin
920,9,4,0.0158408190862551,0.020917735173467,0.0017149779589895,0.3124612523248605,0.3333333333333333,User_920,outandin
962,9,4,0.0158408190862551,0.0214062724436622,0.0013549616913966,0.3060728744939271,0.3333333333333333,User_962,incoming
152,10,4,0.0158408190862551,0.0201721478314215,0.0114849163503246,0.3086974275214373,1.0,User_152,outandin
469,10,4,0.0158408190862551,0.0200484629229285,0.0026875994442901,0.3105998356614626,0.3333333333333333,User_469,incoming
757,10,4,0.0158408190862551,0.01391656116812,0.0068606501703567,0.2913856234341877,0.3333333333333333,User_757,incoming
767,10,4,0.0158408190862551,0.0214654663917733,0.0014175686703471,0.3034925732637495,1.0,User_767,outandin
862,10,4,0.0158408190862551,0.0204561376238818,0.0016450961817104,0.3048387096774193,0.3333333333333333,User_862,incoming
906,10,4,0.0158408190862551,0.0437715646588112,0.0063989879344629,0.3410782765621475,0.3333333333333333,User_906,outandin
967,11,4,0.0158408190862551,0.0152363029259465,0.0013967698904124,0.3011352320254929,0.3333333333333333,User_967,outandin
1013,11,4,0.0158408190862551,0.0092503801743486,0.0023480235657991,0.2824584345226975,0.3333333333333333,User_1013,outandin
779,12,4,0.0158408190862551,0.0597360842295228,0.0016868365193367,0.338255033557047,0.3333333333333333,User_779,outandin
781,12,4,0.0158408190862551,0.0282535260114295,0.0045265962183592,0.3185169580787866,0.3333333333333333,User_781,outandin
1100,12,4,0.0158408190862551,0.0086010135337055,0.0039993601650364,0.2888803974016048,0.3333333333333333,User_1100,incoming
1005,13,4,0.0158408190862551,0.0073055211604126,0.0067552488781632,0.2941062050184789,1.0,User_1005,outandin
416,15,4,0.0158408190862551,0.0477253405325263,0.0008887165968871,0.3419267299864315,1.0,User_416,outandin
480,16,4,0.0158408190862551,0.049942131457436,0.0037743059839143,0.3300589390962672,0.3333333333333333,User_480,outandin
978,16,4,0.0158408190862551,0.009084006443789,0.0035390832456131,0.2900997697620875,0.3333333333333333,User_978,outandin
925,21,4,0.0158408190862551,0.0418341667394674,0.002015915161493,0.3310707247646157,0.3333333333333333,User_925,incoming
1092,22,4,0.0158408190862551,0.0122583727591095,0.0119790475523905,0.3052695336159903,0.3333333333333333,User_1092,outandin
732,23,4,0.0158408190862551,0.0358262650744116,0.014246460919332,0.3244635193133047,0.3333333333333333,User_732,incoming
770,24,4,0.0158408190862551,0.0350987731411392,0.0060964168814553,0.3237687366167023,0.3333333333333333,User_770,incoming
725,27,4,0.0158408190862551,0.0501448775144654,0.0132908757052942,0.3435582822085889,0.3333333333333333,User_725,outandin
923,32,4,0.0158408190862551,0.0508346342411478,0.0166020460763144,0.3450479233226837,0.3333333333333333,User_923,incoming
537,37,4,0.0158408190862551,0.077606405490077,0.0204871496759541,0.3525297272091396,0.3333333333333333,User_537,incoming
687,41,4,0.0158408190862551,0.0501740977061866,0.0364164143295398,0.336,0.3333333333333333,User_687,incoming
908,51,4,0.0158408190862551,0.0429726427144142,0.0360288376749673,0.3468685478320715,1.0,User_908,incoming
832,93,4,0.0158408190862551,0.1002908344130563,0.1034806064405928,0.3737024221453287,0.3333333333333333,User_832,incoming
332,1,5,0.0342261904761904,0.0016641604048426,0.0,0.2573179033356024,1.0,User_332,outandin
333,1,5,0.0342261904761904,0.0033283208096852,0.0,0.2573179033356024,0.3333333333333333,User_333,outandin
334,1,5,0.0342261904761904,0.0016641604048426,0.0,0.2573179033356024,0.3333333333333333,User_334,outandin
335,1,5,0.0342261904761904,0.0016641604048426,0.0,0.2573179033356024,0.3333333333333333,User_335,outandin
336,1,5,0.0342261904761904,0.0016641604048426,0.0,0.2573179033356024,0.3333333333333333,User_336,outandin
337,1,5,0.0342261904761904,0.0016641604048426,0.0,0.2573179033356024,0.3333333333333333,User_337,outandin
338,1,5,0.0342261904761904,0.0016641604048426,0.0,0.2573179033356024,0.3333333333333333,User_338,outandin
341,1,5,0.0342261904761904,0.0016641604048426,0.0,0.2573179033356024,0.3333333333333333,User_341,outandin
343,1,5,0.0342261904761904,0.0016641604048426,0.0,0.2573179033356024,0.3333333333333333,User_343,outandin
344,1,5,0.0342261904761904,0.0016641604048426,0.0,0.2573179033356024,0.3333333333333333,User_344,outandin
362,1,5,0.0342261904761904,0.0016641604048426,0.0,0.2573179033356024,0.3333333333333333,User_362,outandin
364,1,5,0.0342261904761904,0.0016641604048426,0.0,0.2573179033356024,0.3333333333333333,User_364,outandin
369,1,5,0.0342261904761904,0.0016641604048426,0.0,0.2573179033356024,0.3333333333333333,User_369,outandin
373,1,5,0.0342261904761904,0.0016641604048426,0.0,0.2573179033356024,0.3333333333333333,User_373,outandin
376,1,5,0.0342261904761904,0.0016641604048426,0.0,0.2573179033356024,0.3333333333333333,User_376,outandin
381,1,5,0.0342261904761904,0.0016641604048426,0.0,0.2573179033356024,0.3333333333333333,User_381,outandin
385,1,5,0.0342261904761904,0.0005769087681935,0.0,0.2238341968911917,0.3333333333333333,User_385,outandin
400,1,5,0.0342261904761904,0.0033283208096852,0.0,0.2573179033356024,0.3333333333333333,User_400,outandin
413,1,5,0.0342261904761904,0.0016641604048426,0.0,0.2573179033356024,0.3333333333333333,User_413,outandin
420,1,5,0.0342261904761904,0.0016641604048426,0.0,0.2573179033356024,0.3333333333333333,User_420,outandin
422,1,5,0.0342261904761904,0.0016641604048426,0.0,0.2573179033356024,0.3333333333333333,User_422,outandin
426,1,5,0.0342261904761904,0.0016641604048426,0.0,0.2573179033356024,0.3333333333333333,User_426,outandin
504,1,5,0.0342261904761904,0.0004762362595712,0.0,0.2384481942911212,0.3333333333333333,User_504,outandin
524,1,5,0.0342261904761904,0.0009524725191424,0.0,0.2384481942911212,0.3333333333333333,User_524,outandin
671,1,5,0.0342261904761904,0.0003795434932722,0.0,0.2196397443346891,0.3333333333333333,User_671,outandin
690,1,5,0.0342261904761904,0.0003795434932722,0.0,0.2196397443346891,1.0,User_690,outandin
737,1,5,0.0342261904761904,0.0008244120732586,0.0,0.2261780104712042,0.3333333333333333,User_737,outandin
947,1,5,0.0342261904761904,0.0002270488096972,0.0,0.2179616548940464,0.3333333333333333,User_947,outandin
969,1,5,0.0342261904761904,0.0002270488096972,0.0,0.2179616548940464,0.3333333333333333,User_969,outandin
1077,1,5,0.0342261904761904,0.0002270488096972,0.0,0.2179616548940464,0.3333333333333333,User_1077,outandin
1250,1,5,0.0342261904761904,0.0011838768588643,0.0,0.2353307392996109,0.3333333333333333,User_1250,outandin
264,2,5,0.0342261904761904,0.0055398581158603,0.0003803246996707,0.2780945374287291,0.3333333333333333,User_264,outandin
314,2,5,0.0342261904761904,0.024613955682815,0.0,0.3075671277461351,0.3333333333333333,User_314,outandin
331,2,5,0.0342261904761904,0.0019835681361319,0.0002990020529958,0.2577565632458234,0.3333333333333333,User_331,outandin
414,2,5,0.0342261904761904,0.0055398581158603,0.0003803246996707,0.2780945374287291,0.3333333333333333,User_414,outandin
519,2,5,0.0342261904761904,0.0055398581158603,0.0003803246996707,0.2780945374287291,0.3333333333333333,User_519,outandin
525,2,5,0.0342261904761904,0.0008377613491601,1.4506869002472667e-05,0.2333693471214693,0.3333333333333333,User_525,outandin
670,2,5,0.0342261904761904,0.0049479616373654,1.3443865670394935e-05,0.2666196438017986,0.3333333333333333,User_670,outandin
1131,2,5,0.0342261904761904,0.0003199310537033,0.0,0.2239668197304103,0.3333333333333333,User_1131,outandin
1190,2,5,0.0342261904761904,0.0005994115825587,9.921364432725563e-07,0.2285368802902055,0.3333333333333333,User_1190,incoming
1327,2,5,0.0342261904761904,4.860392559529729e-05,4.056673358659542e-05,0.1982170949134766,1.0,User_1327,outandin
1329,2,5,0.0342261904761904,0.0001035072439051,0.00049253208651,0.210467706013363,0.3333333333333333,User_1329,outandin
260,3,5,0.0342261904761904,0.0172510125067259,0.0010357658017528,0.3155258764607679,0.3333333333333333,User_260,outandin
297,3,5,0.0342261904761904,0.0031394041452192,5.494926211353876e-05,0.2654494382022472,0.3333333333333333,User_297,outandin
365,3,5,0.0342261904761904,0.0230106746541533,0.0014087393077319,0.3076923076923077,0.3333333333333333,User_365,outandin
406,3,5,0.0342261904761904,0.0053066266959797,0.0006568115200727,0.2664786746563271,0.3333333333333333,User_406,outandin
730,3,5,0.0342261904761904,0.0050967680753265,0.0023870389568914,0.2837837837837837,0.3333333333333333,User_730,outandin
1301,3,5,0.0342261904761904,0.0063456672063033,0.0006651811101043,0.277992277992278,0.3333333333333333,User_1301,incoming
1320,3,5,0.0342261904761904,0.0039746549973557,0.0018552081827593,0.266431718061674,0.3333333333333333,User_1320,outandin
229,4,5,0.0342261904761904,0.0122095497037976,0.0001289549943648,0.2808842652795839,0.3333333333333333,User_229,outandin
380,4,5,0.0342261904761904,0.009022151462431,0.000355542753304,0.2862552063612268,0.3333333333333333,User_380,outandin
508,4,5,0.0342261904761904,0.0062098903595587,4.018948426625462e-06,0.261636961412009,0.3333333333333333,User_508,outandin
536,4,5,0.0342261904761904,0.0035679904727309,3.561300915078149e-05,0.2662909475167312,0.3333333333333333,User_536,outandin
1176,4,5,0.0342261904761904,0.001785996245531,0.0008861281301741,0.2470991992155581,0.3333333333333333,User_1176,outandin
278,5,5,0.0342261904761904,0.0160262657720697,0.0018825460102932,0.292230382682644,0.3333333333333333,User_278,outandin
361,5,5,0.0342261904761904,0.0397779887494901,0.0001763040372249,0.3214285714285714,0.0,User_361,incoming
397,5,5,0.0342261904761904,0.0065241199126353,0.0004893592244684,0.2782480677217519,0.3333333333333333,User_397,outandin
1185,5,5,0.0342261904761904,0.0018051233505033,0.0015246215950194,0.2612301313061506,0.3333333333333333,User_1185,incoming
372,6,5,0.0342261904761904,0.0112153493269898,0.0021256530603987,0.2883295194508009,0.3333333333333333,User_372,outandin
359,7,5,0.0342261904761904,0.0185148311140941,0.0030548385232287,0.3130434782608696,0.3333333333333333,User_359,incoming
284,9,5,0.0342261904761904,0.0135965894827412,0.0021938537978564,0.3008356545961003,1.0,User_284,outandin
319,9,5,0.0342261904761904,0.0073778148280098,0.003651694681165,0.2814070351758794,0.3333333333333333,User_319,outandin
801,9,5,0.0342261904761904,0.0044134834312916,0.0047845539020813,0.2786583118319203,1.0,User_801,outandin
257,93,5,0.0342261904761904,0.0647056634193118,0.1086887132023311,0.3463917525773196,0.3333333333333333,User_257,incoming
448,1,6,0.0735632183908046,0.0002748412433298,0.0,0.2115572967678746,1.0,User_448,outandin
461,1,6,0.0735632183908046,0.0005308192838892,0.0,0.2221242838254737,0.3333333333333333,User_461,outandin
474,1,6,0.0735632183908046,0.0005308192838892,0.0,0.2221242838254737,0.3333333333333333,User_474,outandin
483,1,6,0.0735632183908046,0.0002654096419446,0.0,0.2221242838254737,0.3333333333333333,User_483,outandin
675,1,6,0.0735632183908046,0.0005308192838892,0.0,0.2221242838254737,0.3333333333333333,User_675,outandin
951,1,6,0.0735632183908046,0.0013515614653679,0.0,0.2400381012859184,0.3333333333333333,User_951,outandin
1211,1,6,0.0735632183908046,3.909199661930361e-06,0.0,0.1731760393998396,0.3333333333333333,User_1211,outandin
1343,1,6,0.0735632183908046,0.0005118150485769,0.0,0.2187183567192246,0.3333333333333333,User_1343,outandin
1545,1,6,0.0735632183908046,7.075336842674212e-06,0.0,0.1746765249537892,0.3333333333333333,User_1545,outandin
549,2,6,0.0735632183908046,0.0017170644190742,2.58237940321593e-05,0.2408410321758521,0.3333333333333333,User_549,outandin
572,2,6,0.0735632183908046,0.000184338099694,9.891693463644198e-05,0.2144072603516733,0.3333333333333333,User_572,outandin
660,2,6,0.0735632183908046,0.0002750231615488,0.0013227513227513,0.2116165150454863,0.3333333333333333,User_660,outandin
669,2,6,0.0735632183908046,0.0006034264751997,0.0084882420483881,0.2360287230721199,0.3333333333333333,User_669,outandin
720,2,6,0.0735632183908046,0.0077758122116855,1.9987912552455663e-06,0.2687044606362182,0.3333333333333333,User_720,outandin
318,3,6,0.0735632183908046,0.0019784614678752,3.454861222349655e-05,0.2445414847161572,0.3333333333333333,User_318,incoming
652,3,6,0.0735632183908046,0.0011292545779788,7.684746682099427e-06,0.2342007434944238,0.3333333333333333,User_652,outandin
655,3,6,0.0735632183908046,0.0226527119453658,0.0097170093635963,0.3042865767760113,0.3333333333333333,User_655,outandin
1110,3,6,0.0735632183908046,0.0001519866107481,0.0023395606223985,0.2094182825484764,0.3333333333333333,User_1110,outandin
415,4,6,0.0735632183908046,0.0018661681319502,0.0039546749927665,0.2638283022160181,0.3333333333333333,User_415,incoming
496,4,6,0.0735632183908046,0.0029223976291075,0.003846579014857,0.2641048034934498,0.3333333333333333,User_496,outandin
507,4,6,0.0735632183908046,0.0018187374259953,0.0002151874959695,0.2515806988352745,0.3333333333333333,User_507,incoming
164,5,6,0.0735632183908046,0.0099496470978197,0.0016670153322673,0.2798963346908552,0.3333333333333333,User_164,outandin
184,6,6,0.0735632183908046,0.0249833489907094,0.001202869271976,0.3049001814882032,1.0,User_184,incoming
499,6,6,0.0735632183908046,0.0170470829914791,0.0010949535177393,0.3067559342665855,1.0,User_499,outandin
576,6,6,0.0735632183908046,0.0046638481710247,0.0008328164738513,0.2659162856137883,0.3333333333333333,User_576,outandin
216,7,6,0.0735632183908046,0.0069685458245583,0.0008026303136843,0.2773294203961849,1.0,User_216,outandin
261,8,6,0.0735632183908046,0.0262734710092976,0.0036844264656237,0.3157894736842105,0.3333333333333333,User_261,outandin
436,8,6,0.0735632183908046,0.0053435603175506,0.0041084496999061,0.2682753726046841,0.3333333333333333,User_436,incoming
163,9,6,0.0735632183908046,0.0137252085106778,0.000812571086112,0.2977550216620717,0.3333333333333333,User_163,outandin
462,15,6,0.0735632183908046,0.0103187361102344,0.0067536592826531,0.2854984894259819,1.0,User_462,outandin
382,1,7,0.0331053351573187,0.0022563635889589,0.0,0.2632770329096291,0.3333333333333333,User_382,outandin
471,1,7,0.0331053351573187,0.0007392955132848,0.0,0.2275395033860045,0.3333333333333333,User_471,outandin
531,1,7,0.0331053351573187,0.0003893992272349,0.0,0.2193211488250653,0.3333333333333333,User_531,outandin
613,1,7,0.0331053351573187,0.0003893992272349,0.0,0.2193211488250653,0.3333333333333333,User_613,outandin
668,1,7,0.0331053351573187,0.002901813307273,0.0,0.2546311889525092,0.3333333333333333,User_668,outandin
738,1,7,0.0331053351573187,0.0018594281580522,0.0,0.2435174746335963,0.3333333333333333,User_738,outandin
745,1,7,0.0331053351573187,0.0009077412204712,0.0,0.2262118491921005,0.3333333333333333,User_745,outandin
766,1,7,0.0331053351573187,0.0007392955132848,0.0,0.2275395033860045,0.3333333333333333,User_766,outandin
783,1,7,0.0331053351573187,0.0039061543270825,0.0,0.2640586797066014,0.3333333333333333,User_783,outandin
803,1,7,0.0331053351573187,0.0032090369540914,0.0,0.2548887390424814,0.3333333333333333,User_803,outandin
813,1,7,0.0331053351573187,0.0039061543270825,0.0,0.2640586797066014,0.3333333333333333,User_813,outandin
952,1,7,0.0331053351573187,0.000462863002402,0.0,0.2286405564796612,0.3333333333333333,User_952,outandin
1149,1,7,0.0331053351573187,0.0001415902777275,0.0,0.2130777903043968,0.3333333333333333,User_1149,outandin
1155,1,7,0.0331053351573187,0.0011281817944794,0.0,0.2632770329096291,0.3333333333333333,User_1155,outandin
1170,1,7,0.0331053351573187,0.0005936923980395,0.0,0.2245322245322245,0.3333333333333333,User_1170,incoming
1175,1,7,0.0331053351573187,0.000462863002402,0.0,0.2286405564796612,0.3333333333333333,User_1175,outandin
1287,1,7,0.0331053351573187,7.079513886379263e-05,0.0,0.2130777903043968,0.3333333333333333,User_1287,outandin
1309,1,7,0.0331053351573187,0.000728858110852,0.0,0.2295081967213114,0.3333333333333333,User_1309,outandin
1311,1,7,0.0331053351573187,0.000728858110852,0.0,0.2295081967213114,0.3333333333333333,User_1311,outandin
1381,1,7,0.0331053351573187,0.0013242639124979,0.0,0.2439890269485234,0.3333333333333333,User_1381,outandin
1408,1,7,0.0331053351573187,0.0013242639124979,0.0,0.2439890269485234,0.3333333333333333,User_1408,outandin
1467,1,7,0.0331053351573187,0.0013242639124979,0.0,0.2439890269485234,0.3333333333333333,User_1467,outandin
277,2,7,0.0331053351573187,0.0055703147319251,0.0001298151178478,0.2830400599026582,0.3333333333333333,User_277,outandin
299,2,7,0.0331053351573187,0.0081407946492704,1.7500551850128882e-05,0.2721382289416846,0.3333333333333333,User_299,outandin
544,2,7,0.0331053351573187,0.0069435228603178,1.2545541410860456e-05,0.2660566602146753,0.3333333333333333,User_544,outandin
625,2,7,0.0331053351573187,0.0026152091197902,0.0,0.2727764748331228,1.0,User_625,outandin
674,2,7,0.0331053351573187,0.0060829695750326,7.737638130629213e-07,0.2687044606362182,0.3333333333333333,User_674,outandin
782,2,7,0.0331053351573187,0.0042292564038839,0.0,0.2644743746720308,0.3333333333333333,User_782,incoming
850,2,7,0.0331053351573187,0.002541796625382,0.0004609051779145,0.2551468106648666,0.3333333333333333,User_850,outandin
870,2,7,0.0331053351573187,0.0014410217897859,4.160455810711435e-05,0.2474631751227496,1.0,User_870,incoming
1141,2,7,0.0331053351573187,0.0002708457003841,0.0,0.2345276872964169,0.3333333333333333,User_1141,outandin
1142,2,7,0.0331053351573187,0.0002708457003841,0.0,0.2345276872964169,0.3333333333333333,User_1142,outandin
1144,2,7,0.0331053351573187,0.0002930556395008,0.0,0.2381852551984877,0.3333333333333333,User_1144,outandin
1206,2,7,0.0331053351573187,0.0002498474674422,3.063950780694659e-06,0.2203760384783559,0.3333333333333333,User_1206,outandin
1209,2,7,0.0331053351573187,6.04087939937619e-05,3.525207695945041e-05,0.1979057591623036,0.3333333333333333,User_1209,outandin
1214,2,7,0.0331053351573187,0.0008826597104082,2.354239961151247e-05,0.2322223928735985,0.3333333333333333,User_1214,outandin
392,3,7,0.0331053351573187,0.0041415857342145,0.0004673075331589,0.2695667676947763,0.3333333333333333,User_392,outandin
672,3,7,0.0331053351573187,0.0072510456864123,0.0014850763189243,0.2907133243606998,0.3333333333333333,User_672,outandin
681,3,7,0.0331053351573187,0.0089746194392262,1.0367061581436588e-05,0.2781456953642384,0.3333333333333333,User_681,outandin
763,3,7,0.0331053351573187,0.0054942051431093,0.000505685471669,0.2778900937327697,0.3333333333333333,User_763,outandin
787,3,7,0.0331053351573187,0.0044592130872527,6.930364861095062e-07,0.2570117287098419,0.3333333333333333,User_787,outandin
811,3,7,0.0331053351573187,0.0044922340168565,1.0526164694538412e-05,0.2609145815358067,0.3333333333333333,User_811,outandin
1129,3,7,0.0331053351573187,0.0026367703708625,1.9705981685374716e-05,0.2524628485556854,0.3333333333333333,User_1129,outandin
1168,3,7,0.0331053351573187,0.0029134057927163,0.0001492260042497,0.2599724896836313,0.3333333333333333,User_1168,outandin
1174,3,7,0.0331053351573187,0.0084394551936719,0.0,0.2824056779977587,0.3333333333333333,User_1174,outandin
1227,3,7,0.0331053351573187,0.0039073141298411,0.000590419821884,0.2557510148849797,1.0,User_1227,outandin
1308,3,7,0.0331053351573187,0.0048299409080845,0.0003134646278417,0.291161178509532,0.3333333333333333,User_1308,outandin
617,4,7,0.0331053351573187,0.0089941243012648,0.0003760972006708,0.2908811081185071,0.3333333333333333,User_617,outandin
653,4,7,0.0331053351573187,0.011135639764325,6.5794869934262295e-06,0.2770753161077515,0.3333333333333333,User_653,outandin
666,4,7,0.0331053351573187,0.0298407217037899,1.6716401909886594e-05,0.3222506393861892,0.3333333333333333,User_666,outandin
784,4,7,0.0331053351573187,0.0062812227829999,0.0002213929411634,0.2747093023255814,0.3333333333333333,User_784,outandin
788,4,7,0.0331053351573187,0.0041155612586397,0.0002282508511391,0.2669491525423729,0.3333333333333333,User_788,incoming
805,4,7,0.0331053351573187,0.0102722551083013,0.0001147286186371,0.28125,0.3333333333333333,User_805,outandin
958,4,7,0.0331053351573187,0.0055018252954185,0.000495666382678,0.2735661299077257,0.3333333333333333,User_958,outandin
1128,4,7,0.0331053351573187,0.0065307798812435,0.0001880481482304,0.2837305310564834,0.6666666666666666,User_1128,incoming
1133,4,7,0.0331053351573187,0.001633088241869,0.0002613911512936,0.248316636557727,0.3333333333333333,User_1133,outandin
1140,4,7,0.0331053351573187,0.0043621686878439,6.521328717786882e-05,0.2786069651741293,0.3333333333333333,User_1140,outandin
1147,4,7,0.0331053351573187,0.0027519866006041,0.0032324418160784,0.2707251566696508,0.3333333333333333,User_1147,outandin
1244,4,7,0.0331053351573187,0.0055990132473262,0.0011615947185866,0.2747093023255814,0.3333333333333333,User_1244,incoming
357,5,7,0.0331053351573187,0.0065133594170437,0.0021787860898768,0.2834645669291338,1.0,User_357,outandin
616,5,7,0.0331053351573187,0.0273101439783417,0.0008460025091442,0.310536044362292,0.3333333333333333,User_616,incoming
1065,5,7,0.0331053351573187,0.0010980520100264,0.0004040725253872,0.2439890269485234,0.3333333333333333,User_1065,incoming
688,6,7,0.0331053351573187,0.0107337678852628,0.0002422786943417,0.2863094110963832,0.3333333333333333,User_688,outandin
1107,6,7,0.0331053351573187,0.0131324634603689,0.0005723108919957,0.2936492522819965,0.3333333333333333,User_1107,incoming
1119,6,7,0.0331053351573187,0.0115413871314751,0.0018134347242381,0.2894887995404939,0.3333333333333333,User_1119,outandin
1145,6,7,0.0331053351573187,0.0062984663200112,0.0017547478612586,0.2928529924462522,0.3333333333333333,User_1145,outandin
1412,6,7,0.0331053351573187,0.0126522655916197,5.5198095939887336e-06,0.2981660422007494,0.3333333333333333,User_1412,incoming
633,7,7,0.0331053351573187,0.0176456774324998,0.00166377962028,0.2922868741542625,0.3333333333333333,User_633,incoming
412,8,7,0.0331053351573187,0.0143712544100029,0.0027205201034363,0.2945072068562524,1.0,User_412,outandin
446,8,7,0.0331053351573187,0.0152044469820059,0.0010583585614808,0.2971698113207547,0.3333333333333333,User_446,incoming
804,8,7,0.0331053351573187,0.0091228543282946,0.0017282956530372,0.2950819672131147,1.0,User_804,outandin
1340,8,7,0.0331053351573187,0.005124448848117,0.0028693402930502,0.2866894197952218,0.3333333333333333,User_1340,outandin
929,9,7,0.0331053351573187,0.014165630246862,0.0027495635509306,0.2978136694898562,1.0,User_929,outandin
1139,9,7,0.0331053351573187,0.0054048754304149,0.0019211762923622,0.285014137606032,0.3333333333333333,User_1139,outandin
1143,9,7,0.0331053351573187,0.0062683670096511,0.0020938028901604,0.2934782608695652,0.3333333333333333,User_1143,outandin
298,10,7,0.0331053351573187,0.0075697522935281,0.0034964913445282,0.2808842652795839,0.3333333333333333,User_298,outandin
710,10,7,0.0331053351573187,0.0110324921011339,0.0019956213749324,0.299880999603332,0.3333333333333333,User_710,incoming
917,10,7,0.0331053351573187,0.0089969305947696,0.0053111414018868,0.2963543708349667,0.3333333333333333,User_917,incoming
228,13,7,0.0331053351573187,0.0485206670029266,0.0101727790802476,0.3410013531799729,0.3333333333333333,User_228,incoming
654,14,7,0.0331053351573187,0.0361453435497977,0.0024642582608701,0.3218390804597701,0.3333333333333333,User_654,incoming
266,18,7,0.0331053351573187,0.0564050235656198,0.0110375631980562,0.3415405466455839,0.3333333333333333,User_266,incoming
1368,22,7,0.0331053351573187,0.025740309537189,0.0253890718429644,0.322663252240717,1.0,User_1368,outandin
309,25,7,0.0331053351573187,0.0438602365440242,0.0319210962454217,0.3572778827977316,0.3333333333333333,User_309,incoming
592,28,7,0.0331053351573187,0.0661042379517296,0.0027689182851056,0.3539325842696629,0.3333333333333333,User_592,incoming
270,33,7,0.0331053351573187,0.0759253334906719,0.0154562472708301,0.3587188612099644,0.3333333333333333,User_270,incoming
634,34,7,0.0331053351573187,0.0623808526597427,0.0142864347171807,0.3420040714770413,0.3333333333333333,User_634,incoming
456,1,8,0.0454227812718378,0.0007204163914158,0.0,0.2241328194485621,0.3333333333333333,User_456,outandin
575,1,8,0.0454227812718378,0.0007204163914158,0.0,0.2241328194485621,0.3333333333333333,User_575,outandin
739,1,8,0.0454227812718378,9.73574897199944e-05,0.0,0.1978798586572438,0.3333333333333333,User_739,outandin
756,1,8,0.0454227812718378,4.953657425771682e-05,0.0,0.1993145267598207,0.3333333333333333,User_756,incoming
819,1,8,0.0454227812718378,0.0003602081957079,0.0,0.2241328194485621,1.0,User_819,outandin
936,1,8,0.0454227812718378,0.0003602081957079,0.0,0.2241328194485621,0.3333333333333333,User_936,outandin
944,1,8,0.0454227812718378,0.0001205292949312,0.0,0.2034993270524899,0.3333333333333333,User_944,outandin
966,1,8,0.0454227812718378,0.0001205292949312,0.0,0.2034993270524899,0.3333333333333333,User_966,outandin
989,1,8,0.0454227812718378,4.413148411842521e-05,0.0,0.1919025257012311,0.3333333333333333,User_989,outandin
996,1,8,0.0454227812718378,4.413148411842521e-05,0.0,0.1919025257012311,0.3333333333333333,User_996,outandin
1075,1,8,0.0454227812718378,5.307092567776425e-05,0.0,0.2017614091273018,0.3333333333333333,User_1075,outandin
1148,1,8,0.0454227812718378,0.0003602081957079,0.0,0.2241328194485621,0.3333333333333333,User_1148,outandin
1152,1,8,0.0454227812718378,0.0005429971237819,0.0,0.2271975957926371,0.3333333333333333,User_1152,outandin
1167,1,8,0.0454227812718378,0.0005429971237819,0.0,0.2271975957926371,0.3333333333333333,User_1167,outandin
1210,1,8,0.0454227812718378,0.0003492133842656,0.0,0.2162162162162162,0.3333333333333333,User_1210,outandin
1212,1,8,0.0454227812718378,0.0003492133842656,0.0,0.2162162162162162,0.3333333333333333,User_1212,outandin
1274,1,8,0.0454227812718378,9.338169031335092e-05,0.0,0.1972088170079561,0.3333333333333333,User_1274,outandin
1276,1,8,0.0454227812718378,9.338169031335092e-05,0.0,0.1972088170079561,0.3333333333333333,User_1276,outandin
466,2,8,0.0454227812718378,0.0050439084928507,0.0,0.267752789091553,0.3333333333333333,User_466,outandin
560,2,8,0.0454227812718378,0.0009344706060716,0.0006089927130782,0.2315821718486751,0.3333333333333333,User_560,outandin
839,2,8,0.0454227812718378,9.22080579376463e-05,8.27266710787558e-06,0.1981651376146789,0.3333333333333333,User_839,outandin
874,2,8,0.0454227812718378,0.0006190695774228,4.7249936947708845e-06,0.2253017434063478,0.3333333333333333,User_874,outandin
879,2,8,0.0454227812718378,0.0026766145962561,2.2247877255752896e-05,0.2589928057553957,0.3333333333333333,User_879,outandin
889,2,8,0.0454227812718378,0.0007469518542547,0.0001197596308647,0.228364295423652,0.3333333333333333,User_889,outandin
946,2,8,0.0454227812718378,0.000525085721026,1.443492916508378e-05,0.2265507941264609,0.3333333333333333,User_946,outandin
977,2,8,0.0454227812718378,0.0030344604115523,4.568514201575457e-06,0.2590815627141878,0.3333333333333333,User_977,outandin
987,2,8,0.0454227812718378,0.0024819471924997,4.170807433652391e-06,0.2512045190230935,0.3333333333333333,User_987,outandin
734,3,8,0.0454227812718378,0.0018922066146071,0.0014635539119385,0.2466557911908646,0.3333333333333333,User_734,outandin
834,3,8,0.0454227812718378,0.0006935215630811,0.0031833126733271,0.250289687137891,0.3333333333333333,User_834,outandin
432,4,8,0.0454227812718378,0.0029937685899736,0.0003913952234274,0.2623633524206142,0.3333333333333333,User_432,outandin
459,4,8,0.0454227812718378,0.001926030753597,0.0014573497631181,0.2488888888888888,0.3333333333333333,User_459,outandin
586,4,8,0.0454227812718378,0.0123741964547713,3.226162306756166e-05,0.29513956666016,0.3333333333333333,User_586,outandin
835,4,8,0.0454227812718378,0.002541927396028,2.045573765658226e-05,0.2604651162790697,0.3333333333333333,User_835,outandin
866,4,8,0.0454227812718378,0.0079228828685649,0.0022815656787739,0.282089552238806,0.3333333333333333,User_866,outandin
902,4,8,0.0454227812718378,0.0039393001939412,0.0011415682755432,0.2756608933454877,0.3333333333333333,User_902,outandin
903,4,8,0.0454227812718378,0.0005808874144311,6.848514236137274e-05,0.2321154436598096,0.3333333333333333,User_903,incoming
1064,4,8,0.0454227812718378,0.0018153339222802,0.0026449190358301,0.2456140350877192,0.3333333333333333,User_1064,outandin
516,5,8,0.0454227812718378,0.0198387505600639,5.129176003814319e-05,0.2969946965232763,0.3333333333333333,User_516,outandin
1200,5,8,0.0454227812718378,0.00678771166268,0.0026453119301989,0.2758117475373951,0.3333333333333333,User_1200,outandin
1322,5,8,0.0454227812718378,0.0038131508853954,0.0004383035077591,0.2630480167014614,0.3333333333333333,User_1322,incoming
320,6,8,0.0454227812718378,0.0237043174530595,0.0017388930157463,0.3100266557309821,0.3333333333333333,User_320,outandin
610,6,8,0.0454227812718378,0.0081463189316432,0.000253996285099,0.2818266542404473,0.3333333333333333,User_610,outandin
885,6,8,0.0454227812718378,0.0016047572838111,0.0004028935264707,0.2440284054228534,0.3333333333333333,User_885,outandin
410,7,8,0.0454227812718378,0.0264195725942984,0.0047169688673104,0.3085084676596613,0.3333333333333333,User_410,outandin
755,7,8,0.0454227812718378,0.000857714563803,0.0034140073351022,0.2374371859296482,0.3333333333333333,User_755,outandin
943,7,8,0.0454227812718378,0.0023429671902841,0.0028680965878436,0.2554485554992397,1.0,User_943,outandin
972,8,8,0.0454227812718378,0.0034038194140011,0.0037430455717163,0.2703862660944206,0.3333333333333333,User_972,outandin
475,9,8,0.0454227812718378,0.0050710315060368,0.0039337903242445,0.2755604155276107,0.3333333333333333,User_475,outandin
578,9,8,0.0454227812718378,0.0069636086441332,0.0006682743788948,0.2692307692307692,0.3333333333333333,User_578,outandin
760,10,8,0.0454227812718378,0.0010315148347308,0.0044349319307796,0.2527160287481196,0.3333333333333333,User_760,incoming
1028,11,8,0.0454227812718378,0.0105532443511175,0.0033696585429505,0.2939346811819596,0.3333333333333333,User_1028,incoming
214,12,8,0.0454227812718378,0.0268387873890084,0.0066399236331315,0.3078802687843616,1.0,User_214,outandin
495,13,8,0.0454227812718378,0.0224482487190604,0.0023777848751177,0.313627878033603,0.3333333333333333,User_495,outandin
443,16,8,0.0454227812718378,0.0140051052942312,0.0076261424576792,0.2888252148997134,1.0,User_443,outandin
662,1,9,0.0386317907444668,0.0004606593434071,0.0,0.2227788419036393,0.3333333333333333,User_662,outandin
684,1,9,0.0386317907444668,0.0004846001667428,0.0,0.2195121951219512,0.3333333333333333,User_684,outandin
693,1,9,0.0386317907444668,0.0008984189119932,0.0,0.2275737507525587,0.3333333333333333,User_693,outandin
698,1,9,0.0386317907444668,0.0007043080603765,0.0,0.2353673723536737,0.3333333333333333,User_698,outandin
796,1,9,0.0386317907444668,0.0045684181440931,0.0,0.2649842271293375,0.3333333333333333,User_796,outandin
831,1,9,0.0386317907444668,0.0003201995061858,0.0,0.222680412371134,0.3333333333333333,User_831,outandin
918,1,9,0.0386317907444668,0.0045684181440931,0.0,0.2649842271293375,0.3333333333333333,User_918,outandin
1061,1,9,0.0386317907444668,0.0013062701944166,0.0,0.2430086788813886,0.3333333333333333,User_1061,outandin
1204,1,9,0.0386317907444668,0.0036493228881978,0.0,0.2624088858035404,0.3333333333333333,User_1204,incoming
1258,1,9,0.0386317907444668,0.0045684181440931,0.0,0.2649842271293375,0.3333333333333333,User_1258,incoming
1297,1,9,0.0386317907444668,0.0006323268610627,0.0,0.24,0.3333333333333333,User_1297,outandin
1313,1,9,0.0386317907444668,0.00117345287894,0.0,0.2329379140348174,0.3333333333333333,User_1313,outandin
1321,1,9,0.0386317907444668,0.0036493228881978,0.0,0.2624088858035404,0.3333333333333333,User_1321,outandin
1347,1,9,0.0386317907444668,0.002555646548185,0.0,0.2511627906976744,0.3333333333333333,User_1347,outandin
1424,1,9,0.0386317907444668,0.0013062701944166,0.0,0.2430086788813886,0.3333333333333333,User_1424,outandin
1521,1,9,0.0386317907444668,0.0013062701944166,0.0,0.2430086788813886,0.3333333333333333,User_1521,incoming
1527,1,9,0.0386317907444668,0.0015029460935295,0.0,0.2473417307377719,0.3333333333333333,User_1527,incoming
686,2,9,0.0386317907444668,0.0049377261850659,0.0,0.2514551804423748,0.3333333333333333,User_686,outandin
703,2,9,0.0386317907444668,0.0023906212662781,1.3131217631548538e-06,0.2516225661507738,1.0,User_703,outandin
751,2,9,0.0386317907444668,0.0078398715158098,2.1299420940150824e-06,0.2771260997067448,0.3333333333333333,User_751,outandin
910,2,9,0.0386317907444668,0.00507525779867,0.0001040870701246,0.2802594995366079,1.0,User_910,outandin
942,2,9,0.0386317907444668,0.0012338950802519,8.882318637237588e-06,0.250289687137891,0.3333333333333333,User_942,outandin
1025,2,9,0.0386317907444668,0.0011716669347339,1.1465639970516442e-05,0.2464949462014998,0.3333333333333333,User_1025,outandin
1076,2,9,0.0386317907444668,0.0003786894930271,0.0,0.2382603214623384,0.3333333333333333,User_1076,outandin
1183,2,9,0.0386317907444668,0.0039839119658689,6.536545519225858e-05,0.26517011574886,0.3333333333333333,User_1183,outandin
1199,2,9,0.0386317907444668,0.0015111953096238,1.6280625542861213e-05,0.2446601941747573,0.3333333333333333,User_1199,outandin
1295,2,9,0.0386317907444668,0.0065237655706079,7.95476658197657e-05,0.2729241877256317,1.0,User_1295,outandin
1307,2,9,0.0386317907444668,0.0050535633645808,2.3105384844168133e-05,0.2723833543505675,0.3333333333333333,User_1307,outandin
1316,2,9,0.0386317907444668,0.0084745724711757,0.0,0.2779411764705882,0.0,User_1316,incoming
1337,2,9,0.0386317907444668,0.0087312467275634,0.0,0.2774821068085887,0.3333333333333333,User_1337,outandin
1526,2,9,0.0386317907444668,0.0017470856965823,0.0,0.2520840280093364,0.3333333333333333,User_1526,incoming
158,3,9,0.0386317907444668,0.0107164617975695,0.0001405800369861,0.2787096774193548,0.3333333333333333,User_158,outandin
160,3,9,0.0386317907444668,0.0115959984459786,5.771837429028426e-06,0.2872886186585597,1.0,User_160,outandin
623,3,9,0.0386317907444668,0.0041820931533067,2.271350748531164e-05,0.263552379292313,0.3333333333333333,User_623,outandin
708,3,9,0.0386317907444668,0.0019709213909532,5.125343516821883e-06,0.2485615650172612,0.3333333333333333,User_708,outandin
1098,3,9,0.0386317907444668,0.0244710052021035,0.0,0.3098995695839311,0.3333333333333333,User_1098,incoming
1134,3,9,0.0386317907444668,0.0151413438817806,5.836096725132683e-07,0.2923433874709977,0.3333333333333333,User_1134,outandin
1310,3,9,0.0386317907444668,0.0051644302726536,1.871641093907662e-05,0.2698554345886132,0.3333333333333333,User_1310,incoming
1338,3,9,0.0386317907444668,0.0100734752737593,7.237449515255822e-05,0.2883295194508009,0.3333333333333333,User_1338,outandin
1443,3,9,0.0386317907444668,0.0034907859361692,0.0,0.2648449816079873,0.3333333333333333,User_1443,outandin
605,4,9,0.0386317907444668,0.0188400397479558,1.4473079741919904e-05,0.3005366726296959,0.3333333333333333,User_605,outandin
661,4,9,0.0386317907444668,0.0089549074496259,0.0014082048505235,0.2865807429871114,0.3333333333333333,User_661,outandin
744,4,9,0.0386317907444668,0.0158291203920985,3.785364077304711e-05,0.2931937172774869,0.3333333333333333,User_744,outandin
1066,4,9,0.0386317907444668,0.0108499598089635,1.5139324248012483e-05,0.2854984894259819,0.3333333333333333,User_1066,outandin
26,5,9,0.0386317907444668,0.0086080546906714,4.871056445226814e-05,0.2829870859067939,0.3333333333333333,User_26,incoming
548,5,9,0.0386317907444668,0.0242078411262956,0.0016974005525215,0.3052079127977392,0.3333333333333333,User_548,outandin
963,5,9,0.0386317907444668,0.0228076079466159,0.0015350483541555,0.3036144578313253,1.0,User_963,outandin
1275,5,9,0.0386317907444668,0.0066056272381956,3.356860372730316e-05,0.28125,0.3333333333333333,User_1275,outandin
1319,5,9,0.0386317907444668,0.0151674942857317,6.422138104614759e-06,0.3044091000603986,0.3333333333333333,User_1319,outandin
1363,5,9,0.0386317907444668,0.0047451655546536,0.0014843066623315,0.2821421907072215,0.3333333333333333,User_1363,incoming
585,6,9,0.0386317907444668,0.0094201172582822,0.0016064045854236,0.2811976938813464,1.0,User_585,outandin
577,7,9,0.0386317907444668,0.0107549064709002,0.0003035586196228,0.2871249525256361,0.3333333333333333,User_577,incoming
691,7,9,0.0386317907444668,0.0124491023337085,0.0014669438174889,0.2864178821746543,0.3333333333333333,User_691,outandin
608,8,9,0.0386317907444668,0.0222583171289274,0.0006698886537185,0.3151313047102959,0.3333333333333333,User_608,outandin
626,8,9,0.0386317907444668,0.0136895047342889,0.007236252149475,0.3077549358843883,1.0,User_626,outandin
680,8,9,0.0386317907444668,0.0174651534648726,0.0013662139199943,0.2945645821157218,0.3333333333333333,User_680,outandin
650,10,9,0.0386317907444668,0.0439211552218936,0.0007243439304678,0.3217705894871249,0.3333333333333333,User_650,outandin
705,10,9,0.0386317907444668,0.0304732293871742,0.0005248883905399,0.3257918552036199,1.0,User_705,incoming
1376,10,9,0.0386317907444668,0.0227633917538538,0.0032857721173368,0.3181818181818182,1.0,User_1376,incoming
272,11,9,0.0386317907444668,0.0423059188328594,0.0004821491338177,0.3280538077674116,1.0,User_272,outandin
550,15,9,0.0386317907444668,0.0333931836074328,0.0044713731466853,0.3195941661382371,0.3333333333333333,User_550,incoming
628,15,9,0.0386317907444668,0.0195110559534888,0.0024705068118158,0.3039195979899498,0.3333333333333333,User_628,incoming
1268,15,9,0.0386317907444668,0.0480704862471998,0.0027828574296301,0.339241642360332,0.3333333333333333,User_1268,outandin
1201,16,9,0.0386317907444668,0.0202519832682699,0.0014772345877692,0.3052695336159903,0.3333333333333333,User_1201,incoming
1334,20,9,0.0386317907444668,0.0292119112504028,0.0133230777967731,0.3285528031290743,0.3333333333333333,User_1334,incoming
452,21,9,0.0386317907444668,0.0245825558300567,0.0054930353542478,0.3157235330966799,1.0,User_452,outandin
664,25,9,0.0386317907444668,0.0496775470651915,0.0075806217445358,0.3353293413173652,0.3333333333333333,User_664,incoming
937,25,9,0.0386317907444668,0.0253887904856981,0.0082124690616859,0.3209509658246657,0.3333333333333333,User_937,incoming
522,28,9,0.0386317907444668,0.0887985455929527,0.0142227940861378,0.3604290822407628,0.3333333333333333,User_522,incoming
113,31,9,0.0386317907444668,0.0820514636456061,0.0043836362598168,0.3449691991786447,1.0,User_113,outandin
1053,31,9,0.0386317907444668,0.0709318594967933,0.0131410805762132,0.3556810162314749,0.3333333333333333,User_1053,incoming
253,1,10,0.0346270928462709,0.0001457487528942,0.0,0.2179302392620351,0.3333333333333333,User_253,outandin
398,1,10,0.0346270928462709,0.0013845221954541,0.0,0.2458536585365853,0.3333333333333333,User_398,outandin
679,1,10,0.0346270928462709,0.0002520814436389,0.0,0.2107610816838583,0.3333333333333333,User_679,outandin
717,1,10,0.0346270928462709,0.000346693772339,0.0,0.2149253731343283,0.3333333333333333,User_717,outandin
754,1,10,0.0346270928462709,0.000346693772339,0.0,0.2149253731343283,0.3333333333333333,User_754,outandin
810,1,10,0.0346270928462709,0.0014455321450806,0.0,0.239089184060721,0.3333333333333333,User_810,outandin
888,1,10,0.0346270928462709,0.0023880452322748,0.0,0.2458936412424784,0.3333333333333333,User_888,outandin
983,1,10,0.0346270928462709,2.7276534362059644e-05,0.0,0.1822345426057611,0.3333333333333333,User_983,outandin
1007,1,10,0.0346270928462709,0.0014455321450806,0.0,0.239089184060721,0.3333333333333333,User_1007,outandin
1029,1,10,0.0346270928462709,0.0030661410920962,0.0,0.2603305785123967,0.3333333333333333,User_1029,outandin
1071,1,10,0.0346270928462709,1.863484972704661e-05,0.0,0.1813167046408442,0.3333333333333333,User_1071,outandin
1072,1,10,0.0346270928462709,0.000619739357347,0.0,0.2468571428571428,0.3333333333333333,User_1072,outandin
1121,1,10,0.0346270928462709,0.0013845221954541,0.0,0.2458536585365853,0.3333333333333333,User_1121,incoming
1124,1,10,0.0346270928462709,0.0030661410920962,0.0,0.2603305785123967,0.3333333333333333,User_1124,outandin
1156,1,10,0.0346270928462709,0.0030661410920962,0.0,0.2603305785123967,0.3333333333333333,User_1156,outandin
1179,1,10,0.0346270928462709,1.863484972704661e-05,0.0,0.1813167046408442,0.3333333333333333,User_1179,incoming
1203,1,10,0.0346270928462709,0.0030661410920962,0.0,0.2603305785123967,0.3333333333333333,User_1203,outandin
1235,1,10,0.0346270928462709,0.0030661410920962,0.0,0.2603305785123967,0.3333333333333333,User_1235,outandin
1261,1,10,0.0346270928462709,8.005009583729275e-05,0.0,0.1957788424187491,0.3333333333333333,User_1261,outandin
1341,1,10,0.0346270928462709,0.0003696012658309,0.0,0.2150170648464164,0.3333333333333333,User_1341,outandin
1355,1,10,0.0346270928462709,3.19612296504711e-05,0.0,0.1856353591160221,0.3333333333333333,User_1355,outandin
1407,1,10,0.0346270928462709,0.0030661410920962,0.0,0.2603305785123967,0.3333333333333333,User_1407,outandin
1409,1,10,0.0346270928462709,0.0013845221954541,0.0,0.2458536585365853,0.3333333333333333,User_1409,outandin
1421,1,10,0.0346270928462709,0.000619739357347,0.0,0.2468571428571428,0.3333333333333333,User_1421,incoming
1425,1,10,0.0346270928462709,0.0030661410920962,0.0,0.2603305785123967,0.3333333333333333,User_1425,outandin
1427,1,10,0.0346270928462709,1.863484972704661e-05,0.0,0.1813167046408442,0.3333333333333333,User_1427,outandin
1454,1,10,0.0346270928462709,0.0030661410920962,0.0,0.2603305785123967,0.3333333333333333,User_1454,outandin
1496,1,10,0.0346270928462709,0.000619739357347,0.0,0.2468571428571428,0.3333333333333333,User_1496,incoming
1503,1,10,0.0346270928462709,0.0015330705460481,0.0,0.2603305785123967,0.3333333333333333,User_1503,outandin
1504,1,10,0.0346270928462709,0.0015330705460481,0.0,0.2603305785123967,0.3333333333333333,User_1504,incoming
458,2,10,0.0346270928462709,0.0076425772749853,2.489310587301605e-05,0.2833583208395802,0.3333333333333333,User_458,outandin
692,2,10,0.0346270928462709,0.0014022439581478,0.0001054779440861,0.2505800464037123,0.3333333333333333,User_692,outandin
844,2,10,0.0346270928462709,0.0030943851330687,0.0004158559142376,0.2610497237569061,0.3333333333333333,User_844,outandin
930,2,10,0.0346270928462709,0.0024464535591795,0.0001622652504143,0.2481536189069424,0.3333333333333333,User_930,outandin
940,2,10,0.0346270928462709,0.0016760197012427,3.991473295938961e-06,0.2522522522522522,0.3333333333333333,User_940,outandin
973,2,10,0.0346270928462709,0.0014507756208078,0.001083017638589,0.2397716460513796,0.3333333333333333,User_973,outandin
981,2,10,0.0346270928462709,0.0001019188325789,1.8314815227403336e-05,0.2001853568118628,0.3333333333333333,User_981,outandin
997,2,10,0.0346270928462709,0.0044002974487186,0.0,0.2641509433962264,0.3333333333333333,User_997,incoming
1030,2,10,0.0346270928462709,0.0061951686318617,0.0,0.2874524714828897,0.3333333333333333,User_1030,outandin
1067,2,10,0.0346270928462709,0.0003707372154345,3.5016580350796103e-06,0.2144072603516733,0.3333333333333333,User_1067,outandin
1281,2,10,0.0346270928462709,0.0233268205334425,0.0,0.3017361804031132,0.3333333333333333,User_1281,incoming
1288,2,10,0.0346270928462709,0.0093241961716273,0.0,0.2874524714828897,0.3333333333333333,User_1288,outandin
1410,2,10,0.0346270928462709,0.0030847759418232,0.0004095193691112,0.2610948022793991,0.3333333333333333,User_1410,outandin
1417,2,10,0.0346270928462709,0.0076425772749853,2.489310587301605e-05,0.2833583208395802,0.3333333333333333,User_1417,incoming
1437,2,10,0.0346270928462709,0.0046620980858136,0.0012068490538907,0.2874524714828897,0.3333333333333333,User_1437,incoming
1441,2,10,0.0346270928462709,0.0065495525853197,0.0,0.272678088367899,0.3333333333333333,User_1441,outandin
1462,2,10,0.0346270928462709,0.0056783866268305,0.0,0.2705314009661835,1.0,User_1462,outandin
1550,2,10,0.0346270928462709,0.0043722638594633,0.0,0.2705314009661835,1.0,User_1550,outandin
656,3,10,0.0346270928462709,0.027902366677416,0.0,0.3083826228839486,0.3333333333333333,User_656,outandin
743,3,10,0.0346270928462709,0.0081444339608292,1.3249644918990351e-06,0.2752594210813763,0.3333333333333333,User_743,outandin
798,3,10,0.0346270928462709,0.0040512520164504,0.0005429178406422,0.2775330396475771,0.3333333333333333,User_798,outandin
1260,3,10,0.0346270928462709,0.0015564716920923,0.0013270776768355,0.2433998712169993,0.3333333333333333,User_1260,outandin
1349,3,10,0.0346270928462709,0.0006211957703039,0.0013245021517688,0.2279167922821827,0.3333333333333333,User_1349,outandin
366,4,10,0.0346270928462709,0.0086315862475657,0.0003548170309534,0.2788638878642567,1.0,User_366,outandin
627,4,10,0.0346270928462709,0.0049007439830623,0.0020798056472357,0.2669962917181706,0.3333333333333333,User_627,outandin
950,4,10,0.0346270928462709,0.0075074838117433,0.0023820828278321,0.2752093192573717,0.3333333333333333,User_950,outandin
988,4,10,0.0346270928462709,0.0023063289697949,0.0015318789202923,0.2542030934767989,0.3333333333333333,User_988,incoming
1090,4,10,0.0346270928462709,0.007184492119845,0.0019479243180632,0.273863430537946,0.3333333333333333,User_1090,outandin
1166,4,10,0.0346270928462709,0.0264032246356125,0.0008567588644967,0.3106636531744401,0.3333333333333333,User_1166,outandin
931,5,10,0.0346270928462709,0.0256251649138678,3.991473295938961e-06,0.3069427527405602,0.3333333333333333,User_931,incoming
982,5,10,0.0346270928462709,0.0005301550789014,0.0015855708312138,0.2228116710875331,0.3333333333333333,User_982,outandin
1062,6,10,0.0346270928462709,0.0003622187214823,0.0040961488456314,0.2214411247803163,0.3333333333333333,User_1062,outandin
95,7,10,0.0346270928462709,0.0056666426662057,0.0033137993569784,0.2786069651741293,0.3333333333333333,User_95,incoming
678,8,10,0.0346270928462709,0.0067400731213496,0.0076480855504073,0.2737146994931209,0.3333333333333333,User_678,outandin
838,9,10,0.0346270928462709,0.0347558640674116,0.0021946634069087,0.3208147676639083,0.3333333333333333,User_838,incoming
374,10,10,0.0346270928462709,0.0170184355224614,0.0017428634382643,0.2996432818073721,0.3333333333333333,User_374,incoming
644,10,10,0.0346270928462709,0.0148392786833149,0.0027912097920361,0.2900441204680606,1.0,User_644,outandin
243,12,10,0.0346270928462709,0.0396760889710551,0.0039145379778863,0.3265658747300216,1.0,User_243,outandin
418,13,10,0.0346270928462709,0.046418157719311,0.0027342429244501,0.3260025873221216,1.0,User_418,outandin
545,16,10,0.0346270928462709,0.0240930223281013,0.026384451524033,0.3276983094928478,0.3333333333333333,User_545,incoming
742,16,10,0.0346270928462709,0.028099233832709,0.0058344782866825,0.3141491793060461,0.3333333333333333,User_742,incoming
346,23,10,0.0346270928462709,0.0269145995342208,0.0185923719834487,0.325932312998491,1.0,User_346,outandin
775,42,10,0.0346270928462709,0.0596018861704148,0.027481947558163,0.3518734000465441,1.0,User_775,incoming
574,1,11,0.0773109243697479,4.1397925309491216e-05,0.0,0.189,1.0,User_574,outandin
599,1,11,0.0773109243697479,3.9152649696009835e-05,0.0,0.1874070401586514,0.3333333333333333,User_599,outandin
604,1,11,0.0773109243697479,3.874742340325608e-05,0.0,0.1861610440778133,0.3333333333333333,User_604,outandin
609,1,11,0.0773109243697479,3.9152649696009835e-05,0.0,0.1874070401586514,0.3333333333333333,User_609,outandin
646,1,11,0.0773109243697479,4.1397925309491216e-05,0.0,0.189,0.3333333333333333,User_646,outandin
657,1,11,0.0773109243697479,4.1397925309491216e-05,0.0,0.189,0.3333333333333333,User_657,outandin
683,1,11,0.0773109243697479,4.1397925309491216e-05,0.0,0.189,0.3333333333333333,User_683,outandin
740,1,11,0.0773109243697479,3.874742340325608e-05,0.0,0.1861610440778133,0.3333333333333333,User_740,outandin
761,1,11,0.0773109243697479,4.1397925309491216e-05,0.0,0.189,0.3333333333333333,User_761,outandin
816,1,11,0.0773109243697479,4.1397925309491216e-05,0.0,0.189,0.3333333333333333,User_816,outandin
993,1,11,0.0773109243697479,7.301637912872641e-07,0.0,0.1522198731501057,0.3333333333333333,User_993,outandin
1031,1,11,0.0773109243697479,1.1979597408182572e-05,0.0,0.1792743656627934,0.3333333333333333,User_1031,outandin
1146,1,11,0.0773109243697479,4.1397925309491216e-05,0.0,0.189,0.3333333333333333,User_1146,outandin
1158,1,11,0.0773109243697479,3.8527471709526805e-05,0.0,0.1979575805184603,0.3333333333333333,User_1158,outandin
1160,1,11,0.0773109243697479,2.135397481785335e-06,0.0,0.1590072562835209,0.3333333333333333,User_1160,outandin
1169,1,11,0.0773109243697479,4.1397925309491216e-05,0.0,0.189,0.3333333333333333,User_1169,outandin
1213,1,11,0.0773109243697479,3.107735630412031e-06,0.0,0.1629310344827586,1.0,User_1213,outandin
1306,1,11,0.0773109243697479,2.135397481785335e-06,0.0,0.1590072562835209,0.3333333333333333,User_1306,outandin
1324,1,11,0.0773109243697479,4.352360879433038e-06,0.0,0.1592752554513852,1.0,User_1324,outandin
614,2,11,0.0773109243697479,5.1132247104192405e-05,8.491520735068054e-06,0.1941448382126348,0.3333333333333333,User_614,outandin
1159,2,11,0.0773109243697479,4.150774657790886e-05,0.0013227513227513,0.1890472618154538,0.3333333333333333,User_1159,incoming
1236,2,11,0.0773109243697479,4.150774657790886e-05,0.0013227513227513,0.1890472618154538,0.3333333333333333,User_1236,outandin
1461,2,11,0.0773109243697479,6.872448599356687e-06,1.167219345026537e-06,0.1593256059009483,0.3333333333333333,User_1461,outandin
715,3,11,0.0773109243697479,1.4193367470340018e-05,0.0014480518173029,0.179529802897174,0.3333333333333333,User_715,outandin
716,3,11,0.0773109243697479,8.02002091254603e-05,0.0003870103019163,0.2030347791056801,0.3333333333333333,User_716,incoming
762,3,11,0.0773109243697479,0.0035826393358834,0.0036371912337139,0.271259418729817,0.3333333333333333,User_762,outandin
563,4,11,0.0773109243697479,0.0130000931534212,0.0141401513875093,0.2939346811819596,0.3333333333333333,User_563,incoming
573,4,11,0.0773109243697479,4.898528108694273e-05,0.000582613839066,0.1892128644725316,0.3333333333333333,User_573,incoming
564,5,11,0.0773109243697479,0.0007533101164536,0.0026544756442175,0.2287097262138859,0.3333333333333333,User_564,outandin
571,5,11,0.0773109243697479,6.040984227911934e-05,0.0013309186673102,0.1946196421675891,1.0,User_571,outandin
673,5,11,0.0773109243697479,0.0007487910051091,0.0152715478608995,0.2467765627550187,0.3333333333333333,User_673,outandin
641,6,11,0.0773109243697479,8.460068462864484e-05,0.00389621773422,0.1894262089701829,0.3333333333333333,User_641,outandin
707,6,11,0.0773109243697479,0.0002327923389232,0.0029453382775187,0.2184024266936299,0.3333333333333333,User_707,outandin
598,8,11,0.0773109243697479,0.0007611853858766,0.0055957221833368,0.2305932591123989,0.3333333333333333,User_598,incoming
570,18,11,0.0773109243697479,0.0008048319706438,0.0235269681175419,0.233009708737864,1.0,User_570,outandin
723,1,12,0.4,6.622548687252431e-05,0.0,0.2090129941940835,0.3333333333333333,User_723,outandin
677,2,12,0.4,0.012919492140999,0.0002145308934465,0.2904899135446686,0.3333333333333333,User_677,outandin
991,2,12,0.4,0.0008343977860016,0.000222156494719,0.2373253806309841,0.3333333333333333,User_991,outandin
685,3,12,0.4,0.0007523087811882,7.169622533976234e-05,0.2318662781781935,0.3333333333333333,User_685,outandin
722,3,12,0.4,0.0012872351958937,0.0022735081666067,0.2641970994233793,0.3333333333333333,User_722,incoming
883,1,13,0.6666666666666666,1.713203672144747e-05,0.0,0.1837404301859278,0.3333333333333333,User_883,outandin
695,2,13,0.6666666666666666,0.0064575296142276,0.0026437518164851,0.290266845843732,0.3333333333333333,User_695,outandin
696,2,13,0.6666666666666666,0.0003330805389743,0.0013227513227513,0.2250669842214945,0.3333333333333333,User_696,outandin
1038,1,14,0.0384615384615384,0.0006058417589362,0.0,0.2469781117281934,0.3333333333333333,User_1038,outandin
1163,1,14,0.0384615384615384,0.0003406514090658,0.0,0.2229102167182662,0.3333333333333333,User_1163,outandin
1195,1,14,0.0384615384615384,0.0038801104856407,0.0,0.2655426765015806,0.3333333333333333,User_1195,outandin
1208,1,14,0.0384615384615384,0.0038801104856407,0.0,0.2655426765015806,0.3333333333333333,User_1208,outandin
1215,1,14,0.0384615384615384,0.0038801104856407,0.0,0.2655426765015806,0.3333333333333333,User_1215,outandin
1216,1,14,0.0384615384615384,0.0002001797005365,0.0,0.2099125364431487,0.3333333333333333,User_1216,outandin
1221,1,14,0.0384615384615384,0.0038801104856407,0.0,0.2655426765015806,0.3333333333333333,User_1221,outandin
1224,1,14,0.0384615384615384,0.0038801104856407,0.0,0.2655426765015806,0.3333333333333333,User_1224,outandin
1248,1,14,0.0384615384615384,0.0038801104856407,0.0,0.2655426765015806,0.3333333333333333,User_1248,outandin
1255,1,14,0.0384615384615384,0.0002001797005365,0.0,0.2099125364431487,0.3333333333333333,User_1255,outandin
1259,1,14,0.0384615384615384,0.0026122455347343,0.0,0.2543741588156124,0.3333333333333333,User_1259,outandin
1265,1,14,0.0384615384615384,0.0038801104856407,0.0,0.2655426765015806,0.3333333333333333,User_1265,outandin
1271,1,14,0.0384615384615384,0.0038801104856407,0.0,0.2655426765015806,0.3333333333333333,User_1271,incoming
1278,1,14,0.0384615384615384,0.0013618704915759,0.0,0.2458536585365853,0.3333333333333333,User_1278,outandin
1289,1,14,0.0384615384615384,0.0013618704915759,0.0,0.2458536585365853,0.3333333333333333,User_1289,incoming
1323,1,14,0.0384615384615384,0.0038801104856407,0.0,0.2655426765015806,0.3333333333333333,User_1323,outandin
1330,1,14,0.0384615384615384,0.0038801104856407,0.0,0.2655426765015806,0.3333333333333333,User_1330,outandin
1333,1,14,0.0384615384615384,0.0038801104856407,0.0,0.2655426765015806,0.3333333333333333,User_1333,outandin
1336,1,14,0.0384615384615384,0.0026122455347343,0.0,0.2543741588156124,0.3333333333333333,User_1336,outandin
1373,1,14,0.0384615384615384,0.0038801104856407,0.0,0.2655426765015806,0.3333333333333333,User_1373,outandin
1420,1,14,0.0384615384615384,0.0026122455347343,0.0,0.2543741588156124,1.0,User_1420,outandin
1449,1,14,0.0384615384615384,0.0038801104856407,0.0,0.2655426765015806,0.3333333333333333,User_1449,outandin
1465,1,14,0.0384615384615384,0.0002499499691125,0.0,0.2167120538913573,0.3333333333333333,User_1465,incoming
1481,1,14,0.0384615384615384,0.0026122455347343,0.0,0.2543741588156124,0.3333333333333333,User_1481,outandin
1492,1,14,0.0384615384615384,0.0013061227673671,0.0,0.2543741588156124,0.3333333333333333,User_1492,incoming
1549,1,14,0.0384615384615384,0.0026122455347343,0.0,0.2543741588156124,0.3333333333333333,User_1549,outandin
899,2,14,0.0384615384615384,0.0024613877711153,1.1606862885318232e-05,0.2497934908309929,0.3333333333333333,User_899,incoming
980,2,14,0.0384615384615384,0.0015662000623603,0.0005802104115275,0.2612752721617418,0.3333333333333333,User_980,outandin
1193,2,14,0.0384615384615384,0.00092489984019,4.006704867062246e-06,0.2467765627550187,0.3333333333333333,User_1193,outandin
1202,2,14,0.0384615384615384,0.0038904122044307,0.0013227513227513,0.2656359803232607,1.0,User_1202,outandin
1205,2,14,0.0384615384615384,0.003886538628418,0.001187710968116,0.2657760590613464,0.3333333333333333,User_1205,outandin
1225,2,14,0.0384615384615384,0.0064923560203751,0.0,0.2775330396475771,0.3333333333333333,User_1225,outandin
1229,2,14,0.0384615384615384,0.0043083265662689,0.0,0.2673267326732673,0.3333333333333333,User_1229,outandin
1241,2,14,0.0384615384615384,0.0003634525065555,1.5319753903473297e-06,0.2176792398502735,0.3333333333333333,User_1241,outandin
1249,2,14,0.0384615384615384,0.0038904122044307,0.0013227513227513,0.2656359803232607,0.3333333333333333,User_1249,outandin
1264,2,14,0.0384615384615384,0.0064923560203751,0.0,0.2775330396475771,0.3333333333333333,User_1264,outandin
1266,2,14,0.0384615384615384,0.0044984320516751,0.0,0.2675632631392673,0.3333333333333333,User_1266,outandin
1282,2,14,0.0384615384615384,0.006008967156606,0.0,0.2771769019248395,0.3333333333333333,User_1282,outandin
1300,2,14,0.0384615384615384,0.0045329621415824,3.450156803188738e-05,0.2705314009661835,0.3333333333333333,User_1300,outandin
1344,2,14,0.0384615384615384,0.0056783866268305,0.0,0.2705314009661835,0.3333333333333333,User_1344,outandin
1346,2,14,0.0384615384615384,0.00585150906019,8.47213024053758e-06,0.2759124087591241,0.3333333333333333,User_1346,outandin
1444,2,14,0.0384615384615384,0.0039676489530912,7.441023324544172e-06,0.2685612788632326,0.3333333333333333,User_1444,outandin
1014,3,14,0.0384615384615384,0.0033916231019338,1.2335386259939536e-05,0.2609596133931653,0.3333333333333333,User_1014,outandin
1230,3,14,0.0384615384615384,0.0007560797376045,0.0004352386812541,0.2356608478802992,0.3333333333333333,User_1230,outandin
1237,3,14,0.0384615384615384,0.0050345613947817,0.0001023578647704,0.2696148359486447,0.3333333333333333,User_1237,outandin
1242,3,14,0.0384615384615384,0.0063074886478737,0.0008997840770218,0.2752093192573717,0.3333333333333333,User_1242,outandin
1262,3,14,0.0384615384615384,0.006863973114454,2.545712970849273e-06,0.2768723676982237,0.3333333333333333,User_1262,outandin
1263,3,14,0.0384615384615384,0.0079664560466655,0.0,0.2863636363636364,0.3333333333333333,User_1263,outandin
1270,3,14,0.0384615384615384,0.0040407154548956,3.1410706302767696e-06,0.265496049165935,0.3333333333333333,User_1270,outandin
1480,3,14,0.0384615384615384,0.0022108035716363,1.0150639661212918e-05,0.2548028311425682,0.3333333333333333,User_1480,outandin
1068,4,14,0.0384615384615384,0.0066214063265971,0.0018769754688292,0.2867981790591806,0.3333333333333333,User_1068,outandin
1130,4,14,0.0384615384615384,0.0060756897856481,0.0004159748895464,0.2751592356687898,0.3333333333333333,User_1130,outandin
1192,4,14,0.0384615384615384,0.008221042274579,0.0003817993693168,0.2942779291553133,0.3333333333333333,User_1192,outandin
1269,4,14,0.0384615384615384,0.0058864163879864,0.0004299771250587,0.2820369334079463,0.3333333333333333,User_1269,outandin
1226,5,14,0.0384615384615384,0.0131324617855505,2.5785351184539675e-05,0.2908251586843624,0.3333333333333333,User_1226,outandin
1243,5,14,0.0384615384615384,0.0094250058232296,2.8307510294444773e-05,0.2849604221635884,0.3333333333333333,User_1243,outandin
1354,5,14,0.0384615384615384,0.0048580634326901,0.0033760483248731,0.2766190998902305,0.3333333333333333,User_1354,incoming
1037,6,14,0.0384615384615384,0.003768599778948,0.004353434429101,0.2730720606826801,0.3333333333333333,User_1037,outandin
1239,9,14,0.0384615384615384,0.0120188851172268,0.003406170064023,0.2964705882352941,0.3333333333333333,User_1239,outandin
1198,10,14,0.0384615384615384,0.0083226106803327,0.003765498749982,0.2913294797687861,1.0,User_1198,outandin
777,13,14,0.0384615384615384,0.0260010679814758,0.0038060086728521,0.3146722164412071,1.0,User_777,incoming
894,14,14,0.0384615384615384,0.0235512013025819,0.0113163977118632,0.3279115159401431,0.3333333333333333,User_894,incoming
1257,17,14,0.0384615384615384,0.0264697104635748,0.0102561944885698,0.325932312998491,1.0,User_1257,outandin
1217,42,14,0.0384615384615384,0.0507777223333728,0.0181964651243807,0.3410782765621475,0.3333333333333333,User_1217,incoming
1162,69,14,0.0384615384615384,0.0754146903197149,0.052150773435628,0.3614630647860387,0.3333333333333333,User_1162,incoming
391,1,15,0.0358974358974358,0.0010248751228064,0.0,0.2289521502119927,0.3333333333333333,User_391,outandin
529,1,15,0.0358974358974358,0.00043450107494,0.0,0.2190352020860495,0.3333333333333333,User_529,outandin
565,1,15,0.0358974358974358,0.0009467703984381,0.0,0.2349650349650349,0.3333333333333333,User_565,outandin
580,1,15,0.0358974358974358,0.0029633346798529,0.0,0.2476658476658476,0.3333333333333333,User_580,outandin
600,1,15,0.0358974358974358,0.0029633346798529,0.0,0.2476658476658476,0.3333333333333333,User_600,outandin
601,1,15,0.0358974358974358,0.0029633346798529,0.0,0.2476658476658476,0.3333333333333333,User_601,outandin
602,1,15,0.0358974358974358,0.0029633346798529,0.0,0.2476658476658476,0.3333333333333333,User_602,outandin
611,1,15,0.0358974358974358,0.0029633346798529,0.0,0.2476658476658476,0.3333333333333333,User_611,outandin
622,1,15,0.0358974358974358,0.0029633346798529,0.0,0.2476658476658476,0.3333333333333333,User_622,outandin
706,1,15,0.0358974358974358,0.000306355746195,0.0,0.2112321877619447,0.3333333333333333,User_706,outandin
806,1,15,0.0358974358974358,0.0006798077858343,0.0,0.2375864236329352,0.3333333333333333,User_806,outandin
814,1,15,0.0358974358974358,0.0009160016120008,0.0,0.2343096234309623,0.3333333333333333,User_814,outandin
914,1,15,0.0358974358974358,0.0006184200052927,0.0,0.2200553049046718,0.3333333333333333,User_914,outandin
999,1,15,0.0358974358974358,0.0021805281198455,0.0,0.2433998712169993,0.3333333333333333,User_999,outandin
1000,1,15,0.0358974358974358,0.0003413364629931,0.0,0.208753279028027,0.3333333333333333,User_1000,outandin
1002,1,15,0.0358974358974358,0.0002911885906137,0.0,0.2112912241475684,0.3333333333333333,User_1002,outandin
1003,1,15,0.0358974358974358,0.0002911885906137,0.0,0.2112912241475684,0.3333333333333333,User_1003,outandin
1122,1,15,0.0358974358974358,0.0005034179352102,0.0,0.2268567141785446,0.3333333333333333,User_1122,outandin
1177,1,15,0.0358974358974358,0.0031274536677318,0.0,0.2540322580645161,0.3333333333333333,User_1177,outandin
1233,1,15,0.0358974358974358,0.0021805281198455,0.0,0.2433998712169993,0.3333333333333333,User_1233,outandin
1254,1,15,0.0358974358974358,0.0006184200052927,0.0,0.2200553049046718,0.3333333333333333,User_1254,outandin
424,2,15,0.0358974358974358,0.0230824572586885,0.0,0.301255230125523,1.0,User_424,outandin
581,2,15,0.0358974358974358,0.0031190130120314,3.296778827805268e-05,0.2536487166582788,0.3333333333333333,User_581,outandin
582,2,15,0.0358974358974358,0.0037442549537114,0.0,0.2632770329096291,0.3333333333333333,User_582,outandin
637,2,15,0.0358974358974358,0.0002492000087462,0.0,0.2178988326848249,0.3333333333333333,User_637,outandin
640,2,15,0.0358974358974358,0.0121244847764913,0.0025020904014265,0.3004172461752434,0.3333333333333333,User_640,incoming
649,2,15,0.0358974358974358,0.0021624768398465,1.819313826049015e-06,0.2472608340147179,0.3333333333333333,User_649,outandin
663,2,15,0.0358974358974358,0.003021961540235,5.5725587860714445e-05,0.2477470096673767,0.3333333333333333,User_663,outandin
665,2,15,0.0358974358974358,0.0011394692918831,1.7206335331092423e-05,0.2370649106302916,0.3333333333333333,User_665,outandin
741,2,15,0.0358974358974358,0.0068815735398793,3.899675529112949e-05,0.2721382289416846,0.3333333333333333,User_741,outandin
815,2,15,0.0358974358974358,0.0028863050480126,1.916468852546461e-05,0.258505727474782,0.3333333333333333,User_815,outandin
837,2,15,0.0358974358974358,0.0006056748214789,2.845097153502183e-06,0.2255033557046979,0.3333333333333333,User_837,outandin
849,2,15,0.0358974358974358,0.0029879560587508,2.7450497810713376e-06,0.2584615384615384,0.3333333333333333,User_849,outandin
854,2,15,0.0358974358974358,0.0009681363484814,0.0001475779650147,0.242346529892611,0.3333333333333333,User_854,outandin
863,2,15,0.0358974358974358,0.0015097678806451,2.6262435263097075e-06,0.2406876790830945,0.3333333333333333,User_863,outandin
1012,2,15,0.0358974358974358,0.0003648713719897,5.005495101930764e-05,0.2129577464788732,0.3333333333333333,User_1012,outandin
300,3,15,0.0358974358974358,0.0084465495126193,0.0013227513227513,0.2804154302670623,0.3333333333333333,User_300,outandin
588,3,15,0.0358974358974358,0.0009495973303377,0.0012709712434711,0.2458136888310843,0.3333333333333333,User_588,outandin
776,3,15,0.0358974358974358,0.0033126220879764,0.0003709081313528,0.2622268470343392,0.3333333333333333,User_776,outandin
1011,3,15,0.0358974358974358,0.0256452374488144,0.0,0.3089497343686146,0.3333333333333333,User_1011,outandin
1231,3,15,0.0358974358974358,0.0011593170671335,5.56232441717719e-05,0.2321867321867322,0.3333333333333333,User_1231,outandin
526,4,15,0.0358974358974358,0.0128342602977794,1.4935127718207026e-05,0.2754600109309528,0.3333333333333333,User_526,outandin
812,4,15,0.0358974358974358,0.0041858437538861,0.0001909400804509,0.2711135018827326,0.3333333333333333,User_812,outandin
514,5,15,0.0358974358974358,0.0111372110519471,3.613671654358351e-05,0.2756106452788917,0.3333333333333333,User_514,outandin
587,5,15,0.0358974358974358,0.0043691570273481,0.0001085807573133,0.2705314009661835,0.3333333333333333,User_587,outandin
1001,5,15,0.0358974358974358,0.0056594906482688,0.0026472312582259,0.2678476527900797,0.3333333333333333,User_1001,incoming
1325,5,15,0.0358974358974358,0.0074208691994625,8.236165815424136e-05,0.2904899135446686,0.3333333333333333,User_1325,outandin
268,6,15,0.0358974358974358,0.0109653009629209,0.0021465003186811,0.2925130586186883,0.3333333333333333,User_268,outandin
658,6,15,0.0358974358974358,0.0190658928044297,8.887710972617412e-05,0.2923433874709977,0.3333333333333333,User_658,outandin
554,7,15,0.0358974358974358,0.0066351616715493,0.0017173278437605,0.2637822749476622,1.0,User_554,outandin
786,7,15,0.0358974358974358,0.0094249082197318,0.0015971928027167,0.2889356009936938,0.3333333333333333,User_786,incoming
200,8,15,0.0358974358974358,0.0335768622877042,0.0008111274120298,0.316781898177247,1.0,User_200,outandin
419,8,15,0.0358974358974358,0.026426280036472,0.0039000365494536,0.3115598598804863,0.3333333333333333,User_419,outandin
561,8,15,0.0358974358974358,0.0120196832847846,0.0031765380056979,0.282089552238806,0.3333333333333333,User_561,incoming
566,8,15,0.0358974358974358,0.0184010995826523,0.0016272028369734,0.3070674248578391,0.3333333333333333,User_566,incoming
642,8,15,0.0358974358974358,0.0059546196914681,0.0016943147625416,0.267752789091553,1.0,User_642,outandin
667,8,15,0.0358974358974358,0.018824319638812,0.0002768310935322,0.2957746478873239,0.3333333333333333,User_667,outandin
390,9,15,0.0358974358974358,0.0199239712727169,0.0023789646825622,0.2968780679363832,0.3333333333333333,User_390,incoming
922,9,15,0.0358974358974358,0.009784675782402,0.0017820569232035,0.2933643771827706,0.3333333333333333,User_922,outandin
502,10,15,0.0358974358974358,0.0156061231065349,0.0010295315887545,0.2948517940717629,1.0,User_502,outandin
533,11,15,0.0358974358974358,0.0349261825372149,0.0045069051000118,0.3274144651364227,0.3333333333333333,User_533,incoming
606,12,15,0.0358974358974358,0.019127206139115,0.0023003705622685,0.310536044362292,1.0,User_606,outandin
780,12,15,0.0358974358974358,0.0178045240871518,0.0020800807066913,0.3059490084985836,0.3333333333333333,User_780,incoming
159,22,15,0.0358974358974358,0.0576029724809441,0.0106514755317793,0.3291249455811929,0.3333333333333333,User_159,incoming
632,22,15,0.0358974358974358,0.0423869721643537,0.0052478037669421,0.3216336949585194,0.3333333333333333,User_632,incoming
273,28,15,0.0358974358974358,0.0607969276650344,0.0192884921040482,0.3404638594911056,1.0,User_273,outandin
1079,1,16,0.1818181818181818,2.9783122218883068e-05,0.0,0.1887876139343239,0.3333333333333333,User_1079,outandin
1080,1,16,0.1818181818181818,2.9783122218883068e-05,0.0,0.1887876139343239,0.3333333333333333,User_1080,outandin
1081,1,16,0.1818181818181818,2.9783122218883068e-05,0.0,0.1887876139343239,0.3333333333333333,User_1081,outandin
1082,1,16,0.1818181818181818,2.9783122218883068e-05,0.0,0.1887876139343239,0.3333333333333333,User_1082,outandin
1083,1,16,0.1818181818181818,2.9783122218883068e-05,0.0,0.1887876139343239,0.3333333333333333,User_1083,outandin
1085,1,16,0.1818181818181818,2.9783122218883068e-05,0.0,0.1887876139343239,0.3333333333333333,User_1085,outandin
1086,1,16,0.1818181818181818,2.9783122218883068e-05,0.0,0.1887876139343239,0.3333333333333333,User_1086,outandin
1087,1,16,0.1818181818181818,2.9783122218883068e-05,0.0,0.1887876139343239,0.3333333333333333,User_1087,outandin
1088,1,16,0.1818181818181818,2.9783122218883068e-05,0.0,0.1887876139343239,0.3333333333333333,User_1088,outandin
1089,1,16,0.1818181818181818,2.9783122218883068e-05,0.0,0.1887876139343239,0.3333333333333333,User_1089,outandin
1078,11,16,0.1818181818181818,0.0005788032089523,0.0131881195746185,0.2326869806094182,0.3333333333333333,User_1078,outandin
1284,1,17,0.5,3.2799672384009404e-06,0.0,0.1589571068124474,0.3333333333333333,User_1284,outandin
1247,2,17,0.5,0.0012362543130827,0.0026437518164851,0.232902033271719,0.3333333333333333,User_1247,outandin
1251,2,17,0.5,6.374305235506008e-05,0.0013227513227513,0.1889763779527559,0.3333333333333333,User_1251,outandin
120,3,17,0.5,0.0239653141347565,0.0039630014812013,0.3033099297893681,0.3333333333333333,User_120,incoming
510,2,18,0.8333333333333334,6.323616491197932e-05,0.0,0.1960072595281306,0.3333333333333333,User_510,outandin
513,2,18,0.8333333333333334,6.323616491197932e-05,0.0,0.1960072595281306,0.3333333333333333,User_513,outandin
509,4,18,0.8333333333333334,0.0005074209536892,0.0005740163946517,0.2317951862639889,0.3333333333333333,User_509,outandin
512,4,18,0.8333333333333334,0.0007217596300355,0.0021438233029335,0.2336217552533992,0.3333333333333333,User_512,outandin
