node,centrality,community,density,eign,betwness,closeness,volatility,name,type
2142,1,0,0.0373935579415031,0.0023150112574083,0.0,0.2398823076500027,0.5454545454545454,User_2142,outgoing
2217,1,0,0.0373935579415031,0.0001826898890775,0.0,0.2113880003877096,0.18181818181818182,User_2217,outgoing
186,1,0,0.0373935579415031,0.0044447814329036,0.0,0.2588132676674776,0.36363636363636365,User_186,outandin
2288,1,0,0.0373935579415031,0.0012804233183162,0.0,0.2415227442620227,0.18181818181818182,User_2288,outgoing
259,1,0,0.0373935579415031,0.0001826898890775,0.0,0.2113880003877096,0.36363636363636365,User_259,outandin
2354,1,0,0.0373935579415031,0.0011777810420497,0.0,0.2121204605415131,0.18181818181818182,User_2354,outandin
2385,1,0,0.0373935579415031,0.0001826898890775,0.0,0.2113880003877096,0.18181818181818182,User_2385,
2417,1,0,0.0373935579415031,0.0088895628658073,0.0,0.2588132676674776,0.18181818181818182,User_2417,outandin
2460,1,0,0.0373935579415031,0.0029782457521462,0.0,0.2383877138328687,0.18181818181818182,User_2460,outandin
2500,1,0,0.0373935579415031,0.0019800497765477,0.0,0.2238589648181888,0.18181818181818182,User_2500,outandin
2503,1,0,0.0373935579415031,0.0001408152479099,0.0,0.184354441614979,0.18181818181818182,User_2503,incoming
2575,1,0,0.0373935579415031,0.0054516738055108,0.0,0.2438962745509191,0.18181818181818182,User_2575,outandin
535,1,0,0.0373935579415031,0.0001826898890775,0.0,0.2113880003877096,0.36363636363636365,User_535,
2619,1,0,0.0373935579415031,0.0004137825473431,0.0,0.2205258102027402,0.18181818181818182,User_2619,outandin
2582,1,0,0.0373935579415031,0.0017055887867679,0.0,0.2304314864954104,0.18181818181818182,User_2582,incoming
2888,1,0,0.0373935579415031,0.0067534428143005,0.0,0.2504826714905102,0.18181818181818182,User_2888,incoming
2920,1,0,0.0373935579415031,0.0033128590847378,0.0,0.2430570337967735,0.18181818181818182,User_2920,outandin
2939,1,0,0.0373935579415031,0.0005832208332448,0.0,0.216982389811959,0.18181818181818182,User_2939,incoming
1611,1,0,0.0373935579415031,0.0067534428143005,0.0,0.2504826714905102,0.18181818181818182,User_1611,
1803,1,0,0.0373935579415031,0.0001913556755251,0.0,0.20737792991965,0.18181818181818182,User_1803,outgoing
1850,1,0,0.0373935579415031,0.0044447814329036,0.0,0.2588132676674776,0.5454545454545454,User_1850,
2414,1,0,0.0373935579415031,0.0006613709714007,0.0,0.2139490852013538,0.18181818181818182,User_2414,outandin
2439,1,0,0.0373935579415031,0.0016476426152738,0.0,0.2287666850234705,0.18181818181818182,User_2439,outandin
132,2,0,0.0373935579415031,0.0035981296585418,0.0002231925620217,0.2668612245522263,0.2727272727272727,User_132,outgoing
143,2,0,0.0373935579415031,0.0040171067549547,0.0,0.2485167723096645,0.5454545454545454,User_143,incoming
2284,2,0,0.0373935579415031,0.0001376712487132,0.002029334905353,0.2035171705860395,0.36363636363636365,User_2284,
2430,2,0,0.0373935579415031,0.0014343015980825,0.0001692975405652,0.2350318591462018,0.36363636363636365,User_2430,incoming
2443,2,0,0.0373935579415031,0.0036955929764945,0.0,0.2410156098908689,0.18181818181818182,User_2443,outandin
1612,2,0,0.0373935579415031,0.0248432434059473,0.0,0.2905916055962692,0.36363636363636365,User_1612,outgoing
1912,2,0,0.0373935579415031,0.0130476092994161,0.0,0.2739467403592513,0.18181818181818182,User_1912,
2249,3,0,0.0373935579415031,0.0161022367871715,0.0020697687316288,0.273375848075085,0.18181818181818182,User_2249,
2259,3,0,0.0373935579415031,0.0031999174726356,0.0041095360468375,0.2543682752587841,0.18181818181818182,User_2259,outgoing
2444,3,0,0.0373935579415031,0.0087323736971957,0.0002354370135986,0.2655492983470823,0.18181818181818182,User_2444,outandin
2471,3,0,0.0373935579415031,0.0090841754437986,0.000538235360263,0.2737833851175344,0.18181818181818182,User_2471,outandin
2486,3,0,0.0373935579415031,0.0017141299854724,0.0020745000423938,0.2268452257125026,0.36363636363636365,User_2486,incoming
2532,3,0,0.0373935579415031,0.0097847691717854,0.0008393185948786,0.2786857279769986,0.18181818181818182,User_2532,outandin
491,3,0,0.0373935579415031,0.0143376365136242,0.0020849152141925,0.2703973715206745,0.5454545454545454,User_491,incoming
700,3,0,0.0373935579415031,0.014009545095592,0.0003336927273072,0.2741102906520031,0.36363636363636365,User_700,
2822,3,0,0.0373935579415031,0.0226786466685279,2.7474508507103556e-05,0.2930959060594352,0.18181818181818182,User_2822,incoming
1281,3,0,0.0373935579415031,0.004658991497191,0.0020697687316288,0.2627380468338227,0.36363636363636365,User_1281,
1453,3,0,0.0373935579415031,0.0241021793729009,0.0020697687316288,0.2897663217684476,0.36363636363636365,User_1453,
1921,3,0,0.0373935579415031,0.0163358803504265,0.0,0.2947895581650756,0.36363636363636365,User_1921,
2435,3,0,0.0373935579415031,0.0134622671499385,0.0002310817387429,0.2835915607424986,0.18181818181818182,User_2435,outandin
2420,4,0,0.0373935579415031,0.0128218777904602,0.0004334692446789,0.2904996753192694,0.18181818181818182,User_2420,outandin
1053,4,0,0.0373935579415031,0.0177429040021241,0.0001949713437451,0.2826314169542045,0.18181818181818182,User_1053,
1670,4,0,0.0373935579415031,0.0137205521940954,0.0013332834611531,0.2853540937489778,0.36363636363636365,User_1670,
1689,4,0,0.0373935579415031,0.0081183976537899,0.0003161825025925,0.279619206359382,0.36363636363636365,User_1689,outgoing
1725,4,0,0.0373935579415031,0.0067172042568018,0.004504715297808,0.2728073302686306,0.18181818181818182,User_1725,
1819,4,0,0.0373935579415031,0.0233061045876164,0.0012488865553432,0.3115946636186666,0.36363636363636365,User_1819,
184,5,0,0.0373935579415031,0.0381129338064265,0.0015578323903865,0.3005792057886123,0.36363636363636365,User_184,outgoing
2306,5,0,0.0373935579415031,0.0296112698691837,0.000100261081299,0.2833290569837119,0.5454545454545454,User_2306,
2410,5,0,0.0373935579415031,0.0401108197483907,0.0026080040918918,0.2980426724064299,0.18181818181818182,User_2410,outandin
2415,5,0,0.0373935579415031,0.0606079483914238,8.70231922810544e-05,0.3181806908122697,0.18181818181818182,User_2415,outandin
2594,5,0,0.0373935579415031,0.0329646456102837,0.0161803277122246,0.3134025507454643,0.36363636363636365,User_2594,outandin
1656,5,0,0.0373935579415031,0.0148346820713831,0.0005216737986792,0.2749309801449732,0.18181818181818182,User_1656,
1764,5,0,0.0373935579415031,0.0141994800869589,0.0021219278022216,0.2783478246996698,0.5454545454545454,User_1764,
2063,6,0,0.0373935579415031,0.0256345656973605,0.005693439912068,0.3093899843949496,0.36363636363636365,User_2063,
2581,6,0,0.0373935579415031,0.0199012967854724,0.0001934485601604,0.2895835615528888,0.18181818181818182,User_2581,outandin
2536,7,0,0.0373935579415031,0.031741240952779,0.0029129729188794,0.3131887700150786,0.18181818181818182,User_2536,incoming
1860,7,0,0.0373935579415031,0.0563593221623069,0.0027803701310604,0.3171915280429052,0.18181818181818182,User_1860,outgoing
1815,8,0,0.0373935579415031,0.0276072075572025,0.0019892455665022,0.2991105777472999,0.36363636363636365,User_1815,
2034,8,0,0.0373935579415031,0.0207634837314629,0.0062381750192467,0.300874663723529,0.18181818181818182,User_2034,outgoing
2484,9,0,0.0373935579415031,0.0352162058860914,7.111763421158683e-05,0.2962159592529711,0.36363636363636365,User_2484,incoming
1557,10,0,0.0373935579415031,0.0663614084545674,0.003394152591558,0.3242476955099613,0.5454545454545454,User_1557,outgoing
2455,11,0,0.0373935579415031,0.0044480808469615,0.0121527884162021,0.2692082889722106,0.18181818181818182,User_2455,incoming
635,11,0,0.0373935579415031,0.0362563774732741,0.0051519556591628,0.3145835812552965,0.36363636363636365,User_635,outgoing
1334,13,0,0.0373935579415031,0.0403283698242244,0.0131071385831725,0.3227660715937471,0.36363636363636365,User_1334,
1363,13,0,0.0373935579415031,0.0100742668149719,0.0082431311484653,0.2842059652380719,0.36363636363636365,User_1363,
2017,13,0,0.0373935579415031,0.0311744398170508,0.0066766044920194,0.3200660417163508,0.36363636363636365,User_2017,
1802,15,0,0.0373935579415031,0.0567716255511578,0.0078871970481627,0.3352572010530159,0.5454545454545454,User_1802,
1,17,0,0.0373935579415031,0.0466763907205013,0.0189335620198441,0.327252128896725,0.09090909090909091,User_1,
2214,23,0,0.0373935579415031,0.0874705133159089,0.0172325743332219,0.3404781140838749,0.5454545454545454,User_2214,
492,23,0,0.0373935579415031,0.0822128516107312,0.0173389467600576,0.3359932212529127,0.5454545454545454,User_492,
304,38,0,0.0373935579415031,0.1082187194678542,0.0557498593978285,0.3511546744490289,0.36363636363636365,User_304,
29,1,1,0.0455873758036236,0.0030775799546088,0.0,0.2559279469576953,0.6363636363636364,User_29,incoming
61,1,1,0.0455873758036236,0.0013253669940711,0.0,0.2403846789749242,0.45454545454545453,User_61,outgoing
2154,1,1,0.0455873758036236,0.0002546535141486,0.0,0.2034269990439101,0.18181818181818182,User_2154,outgoing
159,1,1,0.0455873758036236,0.0016809212256032,0.0,0.2506193978395771,0.9090909090909091,User_159,outandin
2235,1,1,0.0455873758036236,0.0016809212256032,0.0,0.2506193978395771,0.18181818181818182,User_2235,
192,1,1,0.0455873758036236,0.0030775799546088,0.0,0.2559279469576953,0.5454545454545454,User_192,
2241,1,1,0.0455873758036236,0.0004263472621179,0.0,0.2181162645330666,0.18181818181818182,User_2241,outgoing
197,1,1,0.0455873758036236,0.0013253669940711,0.0,0.2403846789749242,0.36363636363636365,User_197,outandin
249,1,1,0.0455873758036236,0.0001511548348848,0.0,0.2128086845154601,0.36363636363636365,User_249,outandin
2297,1,1,0.0455873758036236,0.0030775799546088,0.0,0.2559279469576953,0.18181818181818182,User_2297,outgoing
2387,1,1,0.0455873758036236,0.0001273267570743,0.0,0.2034269990439101,0.36363636363636365,User_2387,outgoing
2451,1,1,0.0455873758036236,0.0061551599092177,0.0,0.2559279469576953,0.18181818181818182,User_2451,outandin
2478,1,1,0.0455873758036236,0.0061551599092177,0.0,0.2559279469576953,0.18181818181818182,User_2478,outandin
500,1,1,0.0455873758036236,0.0001273267570743,0.0,0.2034269990439101,0.9090909090909091,User_500,outandin
2580,1,1,0.0455873758036236,0.0008346845209428,0.0,0.2090301556303689,0.5454545454545454,User_2580,incoming
664,1,1,0.0455873758036236,0.0013253669940711,0.0,0.2403846789749242,0.5454545454545454,User_664,outgoing
2748,1,1,0.0455873758036236,0.0008526945242358,0.0,0.2181162645330666,0.18181818181818182,User_2748,outandin
2772,1,1,0.0455873758036236,0.0010005743103288,0.0,0.2145489424495819,0.18181818181818182,User_2772,incoming
786,1,1,0.0455873758036236,0.0016809212256032,0.0,0.2506193978395771,0.5454545454545454,User_786,outandin
832,1,1,0.0455873758036236,0.0001511548348848,0.0,0.2128086845154601,0.36363636363636365,User_832,outandin
2611,1,1,0.0455873758036236,0.0002546535141486,0.0,0.2034269990439101,0.18181818181818182,User_2611,outandin
869,1,1,0.0455873758036236,0.0030775799546088,0.0,0.2559279469576953,0.36363636363636365,User_869,outandin
2755,1,1,0.0455873758036236,0.0002545368189902,0.0,0.2032019193813256,0.36363636363636365,User_2755,outandin
1973,1,1,0.0455873758036236,0.0004263472621179,0.0,0.2181162645330666,0.18181818181818182,User_1973,outgoing
1997,1,1,0.0455873758036236,0.0001390194980468,0.0,0.199841017123876,0.18181818181818182,User_1997,outgoing
2053,2,1,0.0455873758036236,0.0021722908038555,5.9303802945309225e-05,0.2520640883020067,0.18181818181818182,User_2053,
2054,2,1,0.0455873758036236,0.0024687953093765,0.0016505816616273,0.2496654360207206,0.36363636363636365,User_2054,outgoing
26,2,1,0.0455873758036236,0.0079750877107188,0.0096382380544001,0.2797043782163297,0.6363636363636364,User_26,outgoing
2244,2,1,0.0455873758036236,0.0016923411324481,0.0020697687316288,0.250756273534738,0.18181818181818182,User_2244,
309,2,1,0.0455873758036236,0.00440294694868,0.0001418468763383,0.2637189757852414,0.36363636363636365,User_309,outgoing
340,2,1,0.0455873758036236,0.0002784815919591,0.000459129628905,0.2225029013046306,0.36363636363636365,User_340,
2483,2,1,0.0455873758036236,0.0067205137472335,0.0049353406609997,0.2703177726476922,0.36363636363636365,User_2483,outandin
2665,2,1,0.0455873758036236,0.0016873790451786,0.0,0.2290520014178624,0.36363636363636365,User_2665,outandin
2740,2,1,0.0455873758036236,0.0030984884683947,0.0020697687316288,0.2560706842398802,0.18181818181818182,User_2740,outandin
2599,2,1,0.0455873758036236,0.0009809390500907,0.0,0.2092206593037618,0.18181818181818182,User_2599,outandin
823,2,1,0.0455873758036236,0.0001519090560973,4.027377686141842e-05,0.1881699741156169,0.5454545454545454,User_823,outgoing
1028,2,1,0.0455873758036236,0.0025970073732213,3.858027983145836e-05,0.2514429007897619,0.36363636363636365,User_1028,outandin
1792,2,1,0.0455873758036236,0.0050133427562922,0.0029905021935293,0.2728884022835692,0.36363636363636365,User_1792,outgoing
2033,2,1,0.0455873758036236,0.0198316136001154,0.0007386886706879,0.297270791092331,0.18181818181818182,User_2033,outgoing
2258,3,1,0.0455873758036236,0.0022035816755668,0.0032368972387205,0.2538058246777807,0.18181818181818182,User_2258,outgoing
246,3,1,0.0455873758036236,0.0118620458389695,0.0001037929796754,0.2737017805318064,0.36363636363636365,User_246,outandin
2386,3,1,0.0455873758036236,0.000742308023453,0.0002689039571729,0.2274070019029744,0.18181818181818182,User_2386,outgoing
2070,4,1,0.0455873758036236,0.0017804391116332,0.0001522881069215,0.2294526421000026,0.18181818181818182,User_2070,
1746,4,1,0.0455873758036236,0.0080496550362241,0.0005077222936186,0.2896749128341358,0.36363636363636365,User_1746,
2510,5,1,0.0455873758036236,0.001629589358363,0.0009323691595444,0.2420958274938598,0.18181818181818182,User_2510,outandin
870,5,1,0.0455873758036236,0.0120756896371669,0.0001136252325371,0.2794490181631803,0.7272727272727273,User_870,outandin
1528,5,1,0.0455873758036236,0.0225662969319702,0.0083530489317384,0.3077310568646818,0.36363636363636365,User_1528,
241,6,1,0.0455873758036236,0.0036802133764348,0.0067050249656636,0.2715166983099381,0.36363636363636365,User_241,outandin
2299,6,1,0.0455873758036236,0.0121807542038453,0.0051011471912844,0.2743559825766987,0.18181818181818182,User_2299,
1316,7,1,0.0455873758036236,0.009095735175288,0.0015890084375262,0.2806447046712135,0.9090909090909091,User_1316,
1566,8,1,0.0455873758036236,0.0048125704937441,0.0026880843566757,0.2639463850773815,0.18181818181818182,User_1566,
1846,8,1,0.0455873758036236,0.0053477223538859,0.0052195580126969,0.2756738137749056,0.36363636363636365,User_1846,
1331,9,1,0.0455873758036236,0.011963275486905,0.0105564638904932,0.2966944987671116,0.5454545454545454,User_1331,
1948,10,1,0.0455873758036236,0.0101609530660222,0.0075719333750919,0.2653958016428354,0.36363636363636365,User_1948,
1615,11,1,0.0455873758036236,0.010379914784063,0.0110974468193668,0.2802165009716846,0.18181818181818182,User_1615,
2113,13,1,0.0455873758036236,0.0031000398694868,0.0109693531745982,0.2564282249886095,0.18181818181818182,User_2113,
1352,21,1,0.0455873758036236,0.0322689780945692,0.0263205735739222,0.3180704792809873,0.36363636363636365,User_1352,
1383,32,1,0.0455873758036236,0.0409251680004849,0.0596666034299778,0.3362392800015417,0.36363636363636365,User_1383,
1396,35,1,0.0455873758036236,0.0749309957376355,0.0548163985190243,0.3458642085439588,0.45454545454545453,User_1396,
2071,1,2,0.0332550860719874,0.0335080672910131,0.0,0.2813325593395253,0.18181818181818182,User_2071,outgoing
2097,1,2,0.0332550860719874,0.0335080672910131,0.0,0.2813325593395253,0.18181818181818182,User_2097,outgoing
141,1,2,0.0332550860719874,0.0028547172093961,0.0,0.2403217675174589,0.5454545454545454,User_141,incoming
230,1,2,0.0332550860719874,0.0017155444460989,0.0,0.2321206960779096,0.5454545454545454,User_230,incoming
2329,1,2,0.0332550860719874,0.0167540336455065,0.0,0.2813325593395253,0.18181818181818182,User_2329,outandin
2359,1,2,0.0332550860719874,0.0335080672910131,0.0,0.2813325593395253,0.18181818181818182,User_2359,outgoing
2462,1,2,0.0332550860719874,0.0335080672910131,0.0,0.2813325593395253,0.18181818181818182,User_2462,outandin
2479,1,2,0.0332550860719874,0.0335080672910131,0.0,0.2813325593395253,0.18181818181818182,User_2479,outandin
2492,1,2,0.0332550860719874,0.0335080672910131,0.0,0.2813325593395253,0.18181818181818182,User_2492,outandin
2493,1,2,0.0332550860719874,0.0029752166088273,0.0,0.2248456105984844,0.18181818181818182,User_2493,outandin
2519,1,2,0.0332550860719874,0.0335080672910131,0.0,0.2813325593395253,0.18181818181818182,User_2519,outandin
2534,1,2,0.0332550860719874,0.0335080672910131,0.0,0.2813325593395253,0.18181818181818182,User_2534,outandin
523,1,2,0.0332550860719874,0.0025297196131617,0.0,0.2421596713302242,0.18181818181818182,User_523,
2649,1,2,0.0332550860719874,0.0335080672910131,0.0,0.2813325593395253,0.18181818181818182,User_2649,outandin
2661,1,2,0.0332550860719874,0.0054505425573087,0.0,0.2614662510490348,0.18181818181818182,User_2661,incoming
2719,1,2,0.0332550860719874,0.0335080672910131,0.0,0.2813325593395253,0.18181818181818182,User_2719,outandin
2727,1,2,0.0332550860719874,0.0335080672910131,0.0,0.2813325593395253,0.18181818181818182,User_2727,outandin
2584,1,2,0.0332550860719874,0.0335080672910131,0.0,0.2813325593395253,0.36363636363636365,User_2584,outandin
2762,1,2,0.0332550860719874,0.0167540336455065,0.0,0.2813325593395253,0.18181818181818182,User_2762,incoming
2776,1,2,0.0332550860719874,0.0335080672910131,0.0,0.2813325593395253,0.18181818181818182,User_2776,outandin
732,1,2,0.0332550860719874,0.0054505425573087,0.0,0.2614662510490348,0.36363636363636365,User_732,
2796,1,2,0.0332550860719874,0.0335080672910131,0.0,0.2813325593395253,0.36363636363636365,User_2796,outandin
2815,1,2,0.0332550860719874,0.0028547172093961,0.0,0.2403217675174589,0.18181818181818182,User_2815,incoming
2831,1,2,0.0332550860719874,0.0335080672910131,0.0,0.2813325593395253,0.18181818181818182,User_2831,outandin
2837,1,2,0.0332550860719874,0.0335080672910131,0.0,0.2813325593395253,0.18181818181818182,User_2837,incoming
2846,1,2,0.0332550860719874,0.0335080672910131,0.0,0.2813325593395253,0.18181818181818182,User_2846,outandin
2855,1,2,0.0332550860719874,0.0167540336455065,0.0,0.2813325593395253,0.18181818181818182,User_2855,outandin
2865,1,2,0.0332550860719874,0.0034310888921978,0.0,0.2321206960779096,0.36363636363636365,User_2865,outandin
2876,1,2,0.0332550860719874,0.0335080672910131,0.0,0.2813325593395253,0.18181818181818182,User_2876,incoming
2896,1,2,0.0332550860719874,0.0335080672910131,0.0,0.2813325593395253,0.36363636363636365,User_2896,incoming
2917,1,2,0.0332550860719874,0.0167540336455065,0.0,0.2813325593395253,0.18181818181818182,User_2917,outandin
2925,1,2,0.0332550860719874,0.0335080672910131,0.0,0.2813325593395253,0.18181818181818182,User_2925,incoming
962,1,2,0.0332550860719874,0.0335080672910131,0.0,0.2813325593395253,0.5454545454545454,User_962,outandin
1244,1,2,0.0332550860719874,0.0054505425573087,0.0,0.2614662510490348,0.36363636363636365,User_1244,outgoing
1648,1,2,0.0332550860719874,0.0167540336455065,0.0,0.2813325593395253,0.5454545454545454,User_1648,outandin
1666,1,2,0.0332550860719874,0.0335080672910131,0.0,0.2813325593395253,0.36363636363636365,User_1666,outandin
2793,1,2,0.0332550860719874,0.0057094344187922,0.0,0.2403217675174589,0.18181818181818182,User_2793,outandin
1788,1,2,0.0332550860719874,0.0335080672910131,0.0,0.2813325593395253,0.36363636363636365,User_1788,outgoing
2825,1,2,0.0332550860719874,0.0027715874307468,0.0,0.2188961796625055,0.18181818181818182,User_2825,incoming
2124,2,2,0.0332550860719874,0.0397625276608393,0.0,0.3059878286185306,0.6363636363636364,User_2124,outgoing
2144,2,2,0.0332550860719874,0.0043366255461778,2.3120253682239033e-05,0.2476454891273491,0.5454545454545454,User_2144,outgoing
2233,2,2,0.0332550860719874,0.0095534535299938,0.0,0.2594714534287116,0.5454545454545454,User_2233,
2341,2,2,0.0332550860719874,0.0148970636972297,0.0,0.2718382100900564,0.18181818181818182,User_2341,outgoing
2367,2,2,0.0332550860719874,0.0018585095253261,0.0011180190928596,0.2385115516062884,0.18181818181818182,User_2367,outgoing
2576,2,2,0.0332550860719874,0.0414849075610831,0.0,0.304466005863465,0.18181818181818182,User_2576,outandin
2802,2,2,0.0332550860719874,0.035454795088137,0.0,0.2888548202844324,0.18181818181818182,User_2802,outandin
2804,2,2,0.0332550860719874,0.0337357049208342,0.0020697687316288,0.2815050501790958,0.18181818181818182,User_2804,outandin
2829,2,2,0.0332550860719874,0.0160194218624291,5.0956133508404586e-05,0.2713562274480527,0.18181818181818182,User_2829,incoming
2838,2,2,0.0332550860719874,0.0352509113947619,5.681883725150459e-05,0.2822838837024932,0.36363636363636365,User_2838,outandin
856,2,2,0.0332550860719874,0.0085672987633982,0.0,0.2720798440545809,0.7272727272727273,User_856,incoming
2307,3,2,0.0332550860719874,0.0022940339249006,0.0004388718057238,0.2400704506363949,0.18181818181818182,User_2307,outgoing
2491,3,2,0.0332550860719874,0.0545537693996474,0.0,0.3062940205751202,0.18181818181818182,User_2491,outandin
2679,3,2,0.0332550860719874,0.044185533479962,0.000595673594255,0.3111723055520876,0.18181818181818182,User_2679,incoming
2761,3,2,0.0332550860719874,0.0386202328339862,0.0,0.2866009593271568,0.18181818181818182,User_2761,outandin
2787,3,2,0.0332550860719874,0.0403080438338589,0.0003959837737536,0.3061918885242449,0.18181818181818182,User_2787,outandin
2809,3,2,0.0332550860719874,0.0439647716534486,2.4944694014629125e-05,0.2929089230252665,0.18181818181818182,User_2809,incoming
395,4,2,0.0332550860719874,0.0362145091125929,0.0027425338005203,0.2914216038350398,0.5454545454545454,User_395,
2480,4,2,0.0332550860719874,0.003807842813471,0.0011363237179522,0.2537356931981792,0.18181818181818182,User_2480,outandin
592,4,2,0.0332550860719874,0.0155551615190841,0.0001758918552747,0.2861544012727362,0.18181818181818182,User_592,
2861,4,2,0.0332550860719874,0.0517504408665543,2.234071304006416e-05,0.3015663296171463,0.18181818181818182,User_2861,incoming
1735,5,2,0.0332550860719874,0.0080816833201816,0.0023223225780573,0.2732131727712616,0.36363636363636365,User_1735,
2409,6,2,0.0332550860719874,0.0615852606965595,0.0033768955464588,0.3211855451851034,0.36363636363636365,User_2409,outandin
2434,6,2,0.0332550860719874,0.0501822175831908,0.001578794403333,0.3038615068445435,0.18181818181818182,User_2434,outandin
2716,6,2,0.0332550860719874,0.0242256315749006,0.0002747034462605,0.2762543542972956,0.18181818181818182,User_2716,incoming
2726,6,2,0.0332550860719874,0.0712889342873367,0.0001438217178759,0.3346463096516802,0.36363636363636365,User_2726,incoming
2805,6,2,0.0332550860719874,0.0212183058684984,0.0009322273570782,0.2719992516837116,0.5454545454545454,User_2805,incoming
1885,7,2,0.0332550860719874,0.0512404359965732,0.0008486505121664,0.3219738687532295,0.7272727272727273,User_1885,incoming
2812,8,2,0.0332550860719874,0.0417637383713871,0.0053076323231629,0.3037609903024183,0.18181818181818182,User_2812,incoming
2778,9,2,0.0332550860719874,0.0694979655217828,0.0062397350571485,0.3179603440734801,0.18181818181818182,User_2778,incoming
1922,10,2,0.0332550860719874,0.0838252214090497,0.0033463413911144,0.3471718236991344,0.5454545454545454,User_1922,
2176,32,2,0.0332550860719874,0.1327053909761279,0.0244330493752338,0.3560564070121018,0.18181818181818182,User_2176,
2028,117,2,0.0332550860719874,0.4079493149654759,0.172167663732892,0.3939379981485245,0.36363636363636365,User_2028,
2127,1,3,0.0405323653962492,0.0010431494950189,0.0,0.2302581428496014,0.18181818181818182,User_2127,
228,1,3,0.0405323653962492,0.0046113758232497,0.0,0.2408259831324968,0.36363636363636365,User_228,outgoing
2422,1,3,0.0405323653962492,0.0068654929460284,0.0,0.2529667971581847,0.18181818181818182,User_2422,outandin
2459,1,3,0.0405323653962492,0.0068654929460284,0.0,0.2529667971581847,0.18181818181818182,User_2459,outandin
2553,1,3,0.0405323653962492,0.0068654929460284,0.0,0.2529667971581847,0.18181818181818182,User_2553,outandin
2620,1,3,0.0405323653962492,0.0043270229468302,0.0,0.2378936460321788,0.18181818181818182,User_2620,outandin
2667,1,3,0.0405323653962492,0.0068654929460284,0.0,0.2529667971581847,0.18181818181818182,User_2667,outandin
645,1,3,0.0405323653962492,0.0018682699965362,0.0,0.2366064090915255,0.36363636363636365,User_645,outandin
2779,1,3,0.0405323653962492,0.0068654929460284,0.0,0.2529667971581847,0.18181818181818182,User_2779,incoming
2843,1,3,0.0405323653962492,0.0019467277971238,0.0,0.2434436568621979,0.18181818181818182,User_2843,incoming
846,1,3,0.0405323653962492,0.0046113758232497,0.0,0.2408259831324968,0.5454545454545454,User_846,outandin
2908,1,3,0.0405323653962492,0.0068654929460284,0.0,0.2529667971581847,0.18181818181818182,User_2908,incoming
861,1,3,0.0405323653962492,0.0021635114734151,0.0,0.2378936460321788,0.36363636363636365,User_861,incoming
2626,1,3,0.0405323653962492,0.0068654929460284,0.0,0.2529667971581847,0.36363636363636365,User_2626,outandin
1052,1,3,0.0405323653962492,0.001882282033357,0.0,0.235877080319602,1.0,User_1052,incoming
2900,1,3,0.0405323653962492,1.648657896264815e-05,0.0,0.1603964146173293,0.18181818181818182,User_2900,outandin
1289,1,3,0.0405323653962492,0.0068654929460284,0.0,0.2529667971581847,0.5454545454545454,User_1289,outandin
1556,1,3,0.0405323653962492,0.0023056879116248,0.0,0.2408259831324968,0.36363636363636365,User_1556,outandin
2754,1,3,0.0405323653962492,0.0038934555942477,0.0,0.2434436568621979,0.5454545454545454,User_2754,outandin
1633,1,3,0.0405323653962492,0.0019467277971238,0.0,0.2434436568621979,0.36363636363636365,User_1633,outandin
1873,1,3,0.0405323653962492,0.0009591848620456,0.0,0.2088399985636139,0.18181818181818182,User_1873,outgoing
1989,1,3,0.0405323653962492,0.0020862989900378,0.0,0.2302581428496014,0.18181818181818182,User_1989,outgoing
2840,1,3,0.0405323653962492,0.0013631846865004,0.0,0.2118268682085837,0.5454545454545454,User_2840,outandin
2018,1,3,0.0405323653962492,0.0038934555942477,0.0,0.2434436568621979,0.5454545454545454,User_2018,
363,2,3,0.0405323653962492,0.005988961503602,0.0,0.2586674573758339,0.36363636363636365,User_363,
2578,2,3,0.0405323653962492,0.0032115156202449,9.243340173405062e-06,0.2286527573914867,0.18181818181818182,User_2578,outandin
2648,2,3,0.0405323653962492,0.0077187404188102,0.0,0.2631144623736993,0.18181818181818182,User_2648,outandin
2844,2,3,0.0405323653962492,0.0194538259162596,0.0,0.285976167450704,0.18181818181818182,User_2844,outandin
2892,2,3,0.0405323653962492,0.0002006798357676,0.0020697687316288,0.1916255162112292,0.36363636363636365,User_2892,incoming
1714,2,3,0.0405323653962492,0.0081908599400995,3.5286438848432956e-05,0.2691293885358178,0.18181818181818182,User_1714,outgoing
2396,3,3,0.0405323653962492,0.0111722637721382,0.0003125546372133,0.2734572583931538,0.7272727272727273,User_2396,outandin
2438,3,3,0.0405323653962492,0.0475498099021042,0.0,0.3026596815043542,0.36363636363636365,User_2438,outandin
2777,3,3,0.0405323653962492,0.0143517032866031,7.615219528036342e-06,0.280816352808627,0.18181818181818182,User_2777,incoming
2839,3,3,0.0405323653962492,0.0165937626600186,0.0020697687316288,0.2699204802128779,0.18181818181818182,User_2839,incoming
1185,3,3,0.0405323653962492,0.0007197491500298,0.0003702124138378,0.2106605812535468,0.5454545454545454,User_1185,
1620,3,3,0.0405323653962492,0.0024266138079247,0.0041499639509733,0.237832031516242,0.18181818181818182,User_1620,
2441,3,3,0.0405323653962492,0.0405490672121134,0.0010322375632119,0.2976562313401006,0.18181818181818182,User_2441,outandin
171,4,3,0.0405323653962492,0.0116760623788072,0.0020697687316288,0.2650893399781208,0.5454545454545454,User_171,
2437,4,3,0.0405323653962492,0.0512393964301175,0.0,0.3155565201663954,0.18181818181818182,User_2437,incoming
2521,4,3,0.0405323653962492,0.0330776813931237,0.0001409863560603,0.2914216038350398,0.18181818181818182,User_2521,outandin
2724,4,3,0.0405323653962492,0.0245941653337215,0.0005015387925376,0.3018637323090764,0.36363636363636365,User_2724,outandin
2937,4,3,0.0405323653962492,0.0416529527906463,1.018616087109238e-05,0.311912185354691,0.18181818181818182,User_2937,outandin
1829,4,3,0.0405323653962492,0.0186969139803805,0.0006970457247973,0.2968863477802168,0.5454545454545454,User_1829,outgoing
1840,4,3,0.0405323653962492,0.0383713805159365,0.0020499978550143,0.2959295757925267,0.18181818181818182,User_1840,
2639,5,3,0.0405323653962492,0.0255082036287171,0.0033090611626253,0.3024603009500035,0.18181818181818182,User_2639,outandin
2333,6,3,0.0405323653962492,0.0674405215657941,0.0054690182685587,0.3250511411271541,0.18181818181818182,User_2333,
2711,6,3,0.0405323653962492,0.0224419809995543,0.0010138286980439,0.3039620899318803,0.18181818181818182,User_2711,incoming
2714,6,3,0.0405323653962492,0.016334292776752,0.0042836855393688,0.3046680403729961,0.18181818181818182,User_2714,outandin
2732,6,3,0.0405323653962492,0.0252272017159315,0.0002274672681458,0.2864221689595167,0.18181818181818182,User_2732,outandin
202,8,3,0.0405323653962492,0.0454865828824685,0.0022362560099547,0.3114889666500036,0.36363636363636365,User_202,
2262,8,3,0.0405323653962492,0.0796092420742832,1.4608879064538758e-05,0.3380962716068522,0.36363636363636365,User_2262,
1366,8,3,0.0405323653962492,0.0229140517581978,0.0039450378926045,0.310226173541963,0.18181818181818182,User_1366,
2590,9,3,0.0405323653962492,0.0283921491161172,0.0009210502068635,0.2949789507498267,0.36363636363636365,User_2590,incoming
1693,13,3,0.0405323653962492,0.0253979692822136,0.0082504527164901,0.3005792057886123,0.7272727272727273,User_1693,
2318,15,3,0.0405323653962492,0.0561370802973516,0.0126271857250108,0.318843567251462,0.36363636363636365,User_2318,
1731,16,3,0.0405323653962492,0.0526758203084662,0.0075044012340739,0.3137237696222106,0.7272727272727273,User_1731,
2725,19,3,0.0405323653962492,0.0473970958138774,0.0209340252387376,0.3234482119352626,0.5454545454545454,User_2725,incoming
2125,40,3,0.0405323653962492,0.0835799487885118,0.0527325801755181,0.3404781140838749,0.18181818181818182,User_2125,
72,1,4,0.0307174416158215,0.0001437814511828,0.0,0.1872490770155405,0.45454545454545453,User_72,incoming
2131,1,4,0.0307174416158215,0.0062544603698261,0.0,0.282110437383782,0.5454545454545454,User_2131,
101,1,4,0.0307174416158215,0.0011047133299835,0.0,0.231069318994517,0.2727272727272727,User_101,outandin
2477,1,4,0.0307174416158215,0.0085422285029123,0.0,0.2437020896189518,0.18181818181818182,User_2477,outandin
2287,1,4,0.0307174416158215,0.0062544603698261,0.0,0.282110437383782,0.18181818181818182,User_2287,outgoing
2346,1,4,0.0307174416158215,0.0092624927498555,0.0,0.2806447046712135,0.18181818181818182,User_2346,outgoing
2347,1,4,0.0307174416158215,9.009874603528814e-06,0.0,0.1672317380594082,0.36363636363636365,User_2347,outandin
2348,1,4,0.0307174416158215,0.0092624927498555,0.0,0.2806447046712135,0.18181818181818182,User_2348,outgoing
2364,1,4,0.0307174416158215,0.0023521926703957,0.0,0.2333001711596063,0.18181818181818182,User_2364,
2365,1,4,0.0307174416158215,0.0092624927498555,0.0,0.2806447046712135,0.36363636363636365,User_2365,outgoing
2393,1,4,0.0307174416158215,0.0092624927498555,0.0,0.2806447046712135,0.18181818181818182,User_2393,outgoing
2406,1,4,0.0307174416158215,0.0085422285029123,0.0,0.2437020896189518,0.36363636363636365,User_2406,outandin
2418,1,4,0.0307174416158215,0.0062544603698261,0.0,0.282110437383782,0.18181818181818182,User_2418,outandin
384,1,4,0.0307174416158215,0.0062544603698261,0.0,0.282110437383782,0.36363636363636365,User_384,outandin
2469,1,4,0.0307174416158215,0.018524985499711,0.0,0.2806447046712135,0.18181818181818182,User_2469,outandin
2474,1,4,0.0307174416158215,0.0002189889598017,0.0,0.2013748845798707,0.18181818181818182,User_2474,outandin
2488,1,4,0.0307174416158215,0.018524985499711,0.0,0.2806447046712135,0.18181818181818182,User_2488,outandin
2490,1,4,0.0307174416158215,0.0004379779196035,0.0,0.2013748845798707,0.18181818181818182,User_2490,outandin
2515,1,4,0.0307174416158215,0.0040658377094308,0.0,0.2362411818071033,0.18181818181818182,User_2515,outandin
2525,1,4,0.0307174416158215,0.0071762496650626,0.0,0.2520640883020067,0.36363636363636365,User_2525,outandin
2729,1,4,0.0307174416158215,0.018524985499711,0.0,0.2806447046712135,0.18181818181818182,User_2729,outandin
2739,1,4,0.0307174416158215,0.0067191120821001,0.0,0.2450025276638768,0.18181818181818182,User_2739,incoming
2765,1,4,0.0307174416158215,0.0016293631115565,0.0,0.2171876711646666,0.18181818181818182,User_2765,outandin
2794,1,4,0.0307174416158215,0.018524985499711,0.0,0.2806447046712135,0.18181818181818182,User_2794,outandin
2821,1,4,0.0307174416158215,0.018524985499711,0.0,0.2806447046712135,0.18181818181818182,User_2821,incoming
2841,1,4,0.0307174416158215,0.0008595259167393,0.0,0.2204199408747504,0.18181818181818182,User_2841,outandin
871,1,4,0.0307174416158215,0.0019803637278157,0.0,0.2443505784151704,0.36363636363636365,User_871,incoming
2941,1,4,0.0307174416158215,0.018524985499711,0.0,0.2806447046712135,0.18181818181818182,User_2941,outandin
2643,1,4,0.0307174416158215,0.0009660245470568,0.0,0.212660832256649,0.18181818181818182,User_2643,outandin
1222,1,4,0.0307174416158215,0.00277866316173,0.0,0.2289377894999278,0.18181818181818182,User_1222,outgoing
1245,1,4,0.0307174416158215,0.0019185843864374,0.0,0.2281414841451454,0.36363636363636365,User_1245,
1508,1,4,0.0307174416158215,0.001738489890364,0.0,0.2311274789036523,0.5454545454545454,User_1508,outgoing
1541,1,4,0.0307174416158215,0.0019803637278157,0.0,0.2443505784151704,0.36363636363636365,User_1541,outandin
2750,1,4,0.0307174416158215,0.0067191120821001,0.0,0.2450025276638768,0.18181818181818182,User_2750,outandin
1774,1,4,0.0307174416158215,0.0008595259167393,0.0,0.2204199408747504,0.18181818181818182,User_1774,outgoing
2016,1,4,0.0307174416158215,0.0071923431608712,0.0,0.2448718596491228,0.18181818181818182,User_2016,outgoing
2205,2,4,0.0307174416158215,0.0072173816428635,0.0,0.2559279469576953,0.18181818181818182,User_2205,outgoing
2208,2,4,0.0307174416158215,0.005660490980652,1.825782226203722e-05,0.2547210745309877,0.18181818181818182,User_2208,outgoing
2313,2,4,0.0307174416158215,0.0002193590193659,0.0020697687316288,0.2014632456525253,0.36363636363636365,User_2313,
2398,2,4,0.0307174416158215,0.0017503010064533,0.0020697687316288,0.2312438865988946,0.5454545454545454,User_2398,outgoing
2433,2,4,0.0307174416158215,0.0155566592349711,0.0,0.2973670575402236,0.18181818181818182,User_2433,outandin
2464,2,4,0.0307174416158215,0.0311133184699422,0.0,0.2973670575402236,0.18181818181818182,User_2464,incoming
533,2,4,0.0307174416158215,0.0088999415773919,0.0,0.2829798069905117,0.5454545454545454,User_533,outgoing
2644,2,4,0.0307174416158215,0.0352790191452176,0.0,0.3055805236885892,0.36363636363636365,User_2644,outandin
2742,2,4,0.0307174416158215,0.0181946980901219,0.0,0.271597004934697,0.36363636363636365,User_2742,outandin
705,2,4,0.0307174416158215,0.0082348864995502,1.4419610670511897e-05,0.2582310105973595,0.36363636363636365,User_705,outgoing
2766,2,4,0.0307174416158215,0.0021502844613371,0.0,0.2304314864954104,0.18181818181818182,User_2766,outandin
2806,2,4,0.0307174416158215,0.0063454400697825,0.0,0.2544387569088974,0.18181818181818182,User_2806,outandin
2872,2,4,0.0307174416158215,0.0072601910321724,0.0005956025469363,0.2622877674048016,0.18181818181818182,User_2872,outandin
2893,2,4,0.0307174416158215,0.0193257787818319,1.4076390745212052e-05,0.2813325593395253,0.18181818181818182,User_2893,outandin
2901,2,4,0.0307174416158215,0.0172393330199255,0.001537103237417,0.3051743016564342,0.36363636363636365,User_2901,incoming
2923,2,4,0.0307174416158215,0.0385147441605278,0.0,0.2924425075427422,0.18181818181818182,User_2923,outandin
2713,2,4,0.0307174416158215,0.0106798395377317,0.0,0.263416372255941,0.18181818181818182,User_2713,outandin
2044,2,4,0.0307174416158215,0.0101518585551144,0.0,0.2658568250388565,0.5454545454545454,User_2044,outgoing
41,3,4,0.0307174416158215,0.0038602495535444,0.0009746990935878,0.2576513674759288,0.36363636363636365,User_41,
270,3,4,0.0307174416158215,0.0112811619428006,0.0030654666226416,0.2780949344894641,0.7272727272727273,User_270,
2412,3,4,0.0307174416158215,0.0042731661445805,6.655204924851644e-06,0.24292843219159,0.18181818181818182,User_2412,outandin
2588,3,4,0.0307174416158215,0.0512326996853576,0.0,0.3251662442224541,0.18181818181818182,User_2588,outandin
2731,3,4,0.0307174416158215,0.009310101987477,0.0001485169896297,0.2704770172854818,0.6363636363636364,User_2731,incoming
2606,3,4,0.0307174416158215,0.0181361592081371,0.0001024286018046,0.2891276680365902,0.18181818181818182,User_2606,outandin
1991,3,4,0.0307174416158215,0.0122129101973202,1.2767253574751772e-05,0.2646309722432883,0.36363636363636365,User_1991,
2325,4,4,0.0307174416158215,0.0258805268012699,0.0,0.2915141186299081,0.18181818181818182,User_2325,
2407,4,4,0.0307174416158215,0.0195306512766516,0.0010203271115588,0.2886732076970168,0.18181818181818182,User_2407,outandin
2550,4,4,0.0307174416158215,0.0247991064522388,0.000206022299769,0.2891276680365902,0.18181818181818182,User_2550,outandin
2625,4,4,0.0307174416158215,0.0204457722412386,6.804448086129633e-05,0.2900408950360741,0.18181818181818182,User_2625,incoming
1317,4,4,0.0307174416158215,0.014367119603064,0.0001625272762101,0.2811602797563413,0.18181818181818182,User_1317,
2080,5,4,0.0307174416158215,0.0053317286037058,0.0082738962551507,0.253176033549548,0.36363636363636365,User_2080,
2090,5,4,0.0307174416158215,0.0295037873527247,0.0134068463983788,0.3131887700150786,0.18181818181818182,User_2090,
1629,5,4,0.0307174416158215,0.0151672286080149,0.001810059776106,0.2829798069905117,0.18181818181818182,User_1629,
1859,5,4,0.0307174416158215,0.0169527715526517,0.0008093508312829,0.2803876255524307,0.36363636363636365,User_1859,incoming
2040,5,4,0.0307174416158215,0.0082214002631421,0.0106732575084028,0.2786011752682678,0.36363636363636365,User_2040,
2311,6,4,0.0307174416158215,0.0338253334221453,0.0020970925131824,0.2983331623405492,0.18181818181818182,User_2311,outgoing
2405,6,4,0.0307174416158215,0.0538060931149015,3.997022103976731e-05,0.3242476955099613,0.18181818181818182,User_2405,incoming
2605,6,4,0.0307174416158215,0.0377026892645655,0.0039949753583092,0.3077310568646818,0.18181818181818182,User_2605,outandin
2654,6,4,0.0307174416158215,0.0525440136753155,0.0001467514633728,0.3208488727058737,0.18181818181818182,User_2654,outandin
2757,6,4,0.0307174416158215,0.0198335163162855,0.0032144830557372,0.2786857279769986,0.18181818181818182,User_2757,outandin
729,6,4,0.0307174416158215,0.0211633726141091,0.0068402109569374,0.3020623268698061,0.36363636363636365,User_729,
1018,6,4,0.0307174416158215,0.0286346936280408,0.0046962180349,0.3057840405208826,0.6363636363636364,User_1018,incoming
1271,6,4,0.0307174416158215,0.0268938621683511,0.0036463022901987,0.3019629969366033,0.36363636363636365,User_1271,incoming
2561,7,4,0.0307174416158215,0.0517400009916227,0.000772157769969,0.3114889666500036,0.18181818181818182,User_2561,outandin
2642,7,4,0.0307174416158215,0.0117599050174292,0.0038482156213494,0.2712760631267978,0.18181818181818182,User_2642,incoming
937,7,4,0.0307174416158215,0.032205235460099,0.0005780997781571,0.2966944987671116,0.18181818181818182,User_937,outgoing
1502,7,4,0.0307174416158215,0.0632840042401146,4.4072935426715024e-05,0.3241332416816839,0.7272727272727273,User_1502,
1752,8,4,0.0307174416158215,0.0104634047331936,0.0053972704661852,0.2840301496084783,0.5454545454545454,User_1752,
2475,10,4,0.0307174416158215,0.0494958317937453,0.0027941226984391,0.3108562876385276,0.18181818181818182,User_2475,outandin
1585,11,4,0.0307174416158215,0.0609463072502248,0.0186946833364626,0.3504845319405383,0.5454545454545454,User_1585,
2045,11,4,0.0307174416158215,0.023356218399443,0.0059530099929306,0.2969823653571186,0.09090909090909091,User_2045,
550,12,4,0.0307174416158215,0.0717144576610668,0.0017577976561437,0.3418724771720813,0.5454545454545454,User_550,
1584,12,4,0.0307174416158215,0.0441807057677294,0.005307638254121,0.3196204224449044,0.18181818181818182,User_1584,
2524,13,4,0.0307174416158215,0.0482132400467736,0.01598363908022,0.3250511411271541,0.36363636363636365,User_2524,incoming
1529,15,4,0.0307174416158215,0.0975173141803801,0.0036096047821596,0.3492846990050249,0.5454545454545454,User_1529,
2399,17,4,0.0307174416158215,0.0875551960155125,0.0046156589237938,0.3259742540590027,0.36363636363636365,User_2399,outgoing
2397,20,4,0.0307174416158215,0.1039899276549298,0.006119697233626,0.3239045762554535,0.18181818181818182,User_2397,
2328,22,4,0.0307174416158215,0.08736083809688,0.0207966489489508,0.338844824237716,0.36363636363636365,User_2328,
2728,24,4,0.0307174416158215,0.0817953529169694,0.0097121946739283,0.3262058521080677,0.18181818181818182,User_2728,incoming
1832,26,4,0.0307174416158215,0.1175019782512862,0.0228775534999537,0.3595416889914685,0.36363636363636365,User_1832,
2198,59,4,0.0307174416158215,0.1522752259797802,0.1787580533713504,0.3954648896142164,0.5454545454545454,User_2198,
2296,63,4,0.0307174416158215,0.2255117568448235,0.1302904761978943,0.3925906257734974,0.18181818181818182,User_2296,
39,1,5,0.0496828752642706,0.0002116917128691,0.0,0.2081771647436432,0.8181818181818182,User_39,outandin
81,1,5,0.0496828752642706,0.00249761099361,0.0,0.2392572886097474,0.2727272727272727,User_81,outandin
167,1,5,0.0496828752642706,0.0002116917128691,0.0,0.2081771647436432,0.5454545454545454,User_167,incoming
178,1,5,0.0496828752642706,0.0002116917128691,0.0,0.2081771647436432,0.5454545454545454,User_178,incoming
223,1,5,0.0496828752642706,0.0002116917128691,0.0,0.2081771647436432,0.5454545454545454,User_223,
245,1,5,0.0496828752642706,0.0002116917128691,0.0,0.2081771647436432,0.5454545454545454,User_245,incoming
257,1,5,0.0496828752642706,0.000337383578027,0.0,0.2042868684503249,0.5454545454545454,User_257,incoming
2309,1,5,0.0496828752642706,0.0021836649667251,0.0,0.2296822095258155,0.18181818181818182,User_2309,outgoing
2499,1,5,0.0496828752642706,9.594988090817636e-05,0.0,0.1969267582423784,0.36363636363636365,User_2499,outandin
2563,1,5,0.0496828752642706,0.0104403127292797,0.0,0.2677170477213442,0.18181818181818182,User_2563,incoming
2586,1,5,0.0496828752642706,0.0104403127292797,0.0,0.2677170477213442,0.18181818181818182,User_2586,outandin
2627,1,5,0.0496828752642706,0.0104403127292797,0.0,0.2677170477213442,0.18181818181818182,User_2627,outandin
2659,1,5,0.0496828752642706,0.0030502282187578,0.0,0.2320034041647828,0.18181818181818182,User_2659,outandin
2743,1,5,0.0496828752642706,0.0003108457323545,0.0,0.2111935312061202,0.18181818181818182,User_2743,outandin
2878,1,5,0.0496828752642706,0.0021836649667251,0.0,0.2296822095258155,0.18181818181818182,User_2878,incoming
2898,1,5,0.0496828752642706,0.0010585604503754,0.0,0.2140488283646178,0.18181818181818182,User_2898,incoming
2944,1,5,0.0496828752642706,0.000337383578027,0.0,0.2042868684503249,0.18181818181818182,User_2944,incoming
2946,1,5,0.0496828752642706,0.0006747671560541,0.0,0.2042868684503249,0.18181818181818182,User_2946,outandin
23,2,5,0.0496828752642706,0.0051396392264589,0.001865571064348,0.2685783777959083,0.6363636363636364,User_23,incoming
2160,2,5,0.0496828752642706,0.003079791894878,0.0003186276489018,0.2324144453769199,0.18181818181818182,User_2160,outgoing
2221,2,5,0.0496828752642706,0.0230286456995109,0.0,0.288945712298367,0.18181818181818182,User_2221,outgoing
2303,2,5,0.0496828752642706,0.0094543925116718,0.0002056428632804,0.282457543427933,0.5454545454545454,User_2303,outgoing
2562,2,5,0.0496828752642706,0.010632212491096,6.612602774285674e-06,0.2696826648118092,0.18181818181818182,User_2562,outandin
2587,2,5,0.0496828752642706,0.0230286456995109,0.0,0.288945712298367,0.18181818181818182,User_2587,outandin
2663,2,5,0.0496828752642706,0.0084778314518407,0.0002774850720056,0.2641741869056992,0.18181818181818182,User_2663,outandin
2392,3,5,0.0496828752642706,0.028039571317084,0.0,0.2950737383304018,0.36363636363636365,User_2392,
2537,3,5,0.0496828752642706,0.0274504226693249,0.0,0.2910521311201935,0.18181818181818182,User_2537,outandin
540,3,5,0.0496828752642706,0.0183958355976998,0.0,0.2881297375852559,0.5454545454545454,User_540,
2630,3,5,0.0496828752642706,0.0160894495107215,4.428398646134768e-05,0.2765871908687381,0.18181818181818182,User_2630,outandin
2758,3,5,0.0496828752642706,0.0063599841955608,3.5850715014377605e-05,0.2536656004652515,0.18181818181818182,User_2758,incoming
2811,3,5,0.0496828752642706,0.0053689691847481,7.602614396527803e-05,0.2467139907802822,0.18181818181818182,User_2811,outandin
2835,3,5,0.0496828752642706,0.01586477860759,0.0,0.2715166983099381,0.18181818181818182,User_2835,incoming
361,4,5,0.0496828752642706,0.007568279726995,0.0021994256250688,0.2688929644756107,0.45454545454545453,User_361,
2868,4,5,0.0496828752642706,0.0111090704802536,0.0001157246253094,0.2678732420315666,0.18181818181818182,User_2868,outandin
2891,4,5,0.0496828752642706,0.0128869068083466,0.0022144002135326,0.2735387172130504,0.18181818181818182,User_2891,outandin
2123,5,5,0.0496828752642706,0.0506746131648126,0.0005088270240312,0.3035601565898216,0.36363636363636365,User_2123,outgoing
204,5,5,0.0496828752642706,0.0023360056701675,0.0027654961753729,0.2461848454917454,0.36363636363636365,User_204,incoming
2897,6,5,0.0496828752642706,0.0082147005563271,0.0062056088588172,0.257796034161766,0.18181818181818182,User_2897,incoming
2658,7,5,0.0496828752642706,0.0371304439150422,0.0041902342187719,0.3035601565898216,0.7272727272727273,User_2658,incoming
2,10,5,0.0496828752642706,0.005154035786264,0.0121103341255405,0.2640222753548621,0.6363636363636364,User_2,incoming
242,11,5,0.0496828752642706,0.0265835028902119,0.0066880064085038,0.2995985232248648,0.36363636363636365,User_242,incoming
2795,11,5,0.0496828752642706,0.0449578802472914,0.0072152187430483,0.3149072269150242,0.36363636363636365,User_2795,incoming
2733,12,5,0.0496828752642706,0.0608096142590856,0.0036440473757916,0.3160996467071292,0.18181818181818182,User_2733,incoming
546,28,5,0.0496828752642706,0.1270881730192339,0.0239950852373264,0.3677490883797399,0.5454545454545454,User_546,
2085,1,6,0.0416951469583048,0.0116560365498281,0.0,0.2634919580155554,0.5454545454545454,User_2085,outgoing
2096,1,6,0.0416951469583048,0.0053864528746332,0.0,0.259324900786278,0.18181818181818182,User_2096,outgoing
2201,1,6,0.0416951469583048,0.01595368054014,0.0,0.2688929644756107,0.36363636363636365,User_2201,
2273,1,6,0.0416951469583048,0.01595368054014,0.0,0.2688929644756107,0.18181818181818182,User_2273,outandin
235,1,6,0.0416951469583048,0.0015253478854114,0.0,0.2262862182563357,0.36363636363636365,User_235,outgoing
2337,1,6,0.0416951469583048,0.01595368054014,0.0,0.2688929644756107,0.36363636363636365,User_2337,outgoing
2343,1,6,0.0416951469583048,0.0013195412974438,0.0,0.2112907210502095,0.18181818181818182,User_2343,
2380,1,6,0.0416951469583048,0.01595368054014,0.0,0.2688929644756107,0.18181818181818182,User_2380,outgoing
2436,1,6,0.0416951469583048,0.0021938062898138,0.0,0.2402588889806935,0.18181818181818182,User_2436,outandin
2440,1,6,0.0416951469583048,0.01595368054014,0.0,0.2688929644756107,0.18181818181818182,User_2440,outandin
2456,1,6,0.0416951469583048,0.0079919571652245,0.0,0.2458552807722116,0.18181818181818182,User_2456,outandin
2468,1,6,0.0416951469583048,0.01595368054014,0.0,0.2688929644756107,0.18181818181818182,User_2468,outandin
2497,1,6,0.0416951469583048,0.0035285913506041,0.0,0.2375244370626514,0.18181818181818182,User_2497,outandin
2508,1,6,0.0416951469583048,0.01595368054014,0.0,0.2688929644756107,0.18181818181818182,User_2508,outandin
507,1,6,0.0416951469583048,0.0039959785826122,0.0,0.2458552807722116,0.36363636363636365,User_507,outandin
2559,1,6,0.0416951469583048,0.0107729057492664,0.0,0.259324900786278,0.18181818181818182,User_2559,outandin
2610,1,6,0.0416951469583048,0.01595368054014,0.0,0.2688929644756107,0.18181818181818182,User_2610,incoming
2638,1,6,0.0416951469583048,0.01595368054014,0.0,0.2688929644756107,0.18181818181818182,User_2638,outandin
2651,1,6,0.0416951469583048,0.01595368054014,0.0,0.2688929644756107,0.18181818181818182,User_2651,outandin
2760,1,6,0.0416951469583048,0.0005209213497805,0.0,0.2171876711646666,0.18181818181818182,User_2760,outandin
2924,1,6,0.0416951469583048,0.01595368054014,0.0,0.2688929644756107,0.18181818181818182,User_2924,outandin
2932,1,6,0.0416951469583048,0.0039959785826122,0.0,0.2458552807722116,0.18181818181818182,User_2932,outandin
2685,1,6,0.0416951469583048,0.0059721933832783,0.0,0.2511677991477599,0.18181818181818182,User_2685,outandin
1293,1,6,0.0416951469583048,0.0035561870402518,0.0,0.2497333352418304,0.36363636363636365,User_1293,outandin
1849,1,6,0.0416951469583048,0.0022846190989554,0.0,0.2305471939955336,0.5454545454545454,User_1849,outandin
1911,1,6,0.0416951469583048,0.00797684027007,0.0,0.2688929644756107,0.36363636363636365,User_1911,incoming
1946,1,6,0.0416951469583048,0.01595368054014,0.0,0.2688929644756107,0.18181818181818182,User_1946,
2312,2,6,0.0416951469583048,0.017067072234382,0.0,0.2836791701217827,0.36363636363636365,User_2312,outgoing
2453,2,6,0.0416951469583048,0.0116806193597488,0.0105266911892611,0.2836791701217827,0.18181818181818182,User_2453,outandin
2454,2,6,0.0416951469583048,0.0370366586416173,0.0,0.295358466929627,0.18181818181818182,User_2454,outandin
2507,2,6,0.0416951469583048,0.0080215208413447,0.0021010181481833,0.2463169189067088,0.18181818181818182,User_2507,outandin
2617,2,6,0.0416951469583048,0.0133632931447032,0.0002015395036438,0.2884012166093626,0.18181818181818182,User_2617,outandin
2634,2,6,0.0416951469583048,0.0066287775696711,0.0,0.266087937897482,0.18181818181818182,User_2634,outandin
2673,2,6,0.0416951469583048,0.0065566900424523,0.0,0.2671717991516469,0.18181818181818182,User_2673,outandin
2697,2,6,0.0416951469583048,0.0084419998571691,0.0,0.2690505343346646,0.18181818181818182,User_2697,outandin
2698,2,6,0.0416951469583048,0.0084419998571691,0.0,0.2690505343346646,0.18181818181818182,User_2698,outandin
2706,2,6,0.0416951469583048,0.0029579920166393,2.7009799933478146e-05,0.2471123449096368,0.18181818181818182,User_2706,outandin
2707,2,6,0.0416951469583048,0.0029579920166393,2.7009799933478146e-05,0.2471123449096368,0.18181818181818182,User_2707,outandin
2708,2,6,0.0416951469583048,0.0029579920166393,2.7009799933478146e-05,0.2471123449096368,0.18181818181818182,User_2708,outandin
2709,2,6,0.0416951469583048,0.0029579920166393,2.7009799933478146e-05,0.2471123449096368,0.18181818181818182,User_2709,outandin
2736,2,6,0.0416951469583048,0.0005774791764317,0.0,0.2172390522082352,0.18181818181818182,User_2736,outandin
2751,2,6,0.0416951469583048,0.0174790284255514,0.0002648288062297,0.2763374883190522,0.18181818181818182,User_2751,incoming
2753,2,6,0.0416951469583048,0.0038804773908306,0.0008950628536824,0.253176033549548,0.18181818181818182,User_2753,outandin
2770,2,6,0.0416951469583048,0.0193304019472902,0.0,0.2884918233377979,0.36363636363636365,User_2770,incoming
2604,2,6,0.0416951469583048,0.0072354155836836,3.1378613734341685e-05,0.266165064836003,0.18181818181818182,User_2604,outandin
2886,2,6,0.0416951469583048,0.0069118007600446,0.000992351347214,0.2703973715206745,0.18181818181818182,User_2886,outandin
2903,2,6,0.0416951469583048,0.0160620669834012,0.0020697687316288,0.2690505343346646,0.18181818181818182,User_2903,incoming
1896,2,6,0.0416951469583048,0.0180351822782164,0.0002073603548957,0.2774228017172842,0.36363636363636365,User_1896,outgoing
2572,3,6,0.0416951469583048,0.0160540154358543,0.0002015395036438,0.2895835615528888,0.18181818181818182,User_2572,outandin
2597,3,6,0.0416951469583048,0.021596990342163,0.0,0.2884918233377979,0.18181818181818182,User_2597,outandin
2598,3,6,0.0416951469583048,0.021596990342163,0.0,0.2884918233377979,0.18181818181818182,User_2598,outandin
2722,3,6,0.0416951469583048,0.0033821201699896,0.0005709490585425,0.2588132676674776,0.18181818181818182,User_2722,outandin
2735,3,6,0.0416951469583048,0.000688490143274,0.0,0.2217506577358634,0.18181818181818182,User_2735,outandin
2741,3,6,0.0416951469583048,0.0086231531016212,0.0007647697208067,0.2732131727712616,0.18181818181818182,User_2741,outandin
2744,3,6,0.0416951469583048,0.0007362192159399,1.824856783825949e-05,0.2224490004079967,0.18181818181818182,User_2744,outandin
2747,3,6,0.0416951469583048,0.0086027473613516,0.0004217307454133,0.2715166983099381,0.18181818181818182,User_2747,outandin
2749,3,6,0.0416951469583048,0.0005992197908205,0.0,0.217290457568436,0.18181818181818182,User_2749,outandin
2752,3,6,0.0416951469583048,0.0011006504262287,0.0002439044377263,0.2336563546270255,0.18181818181818182,User_2752,outandin
2866,3,6,0.0416951469583048,0.0335085074677675,0.0006019016822945,0.3081441186859767,0.18181818181818182,User_2866,incoming
2689,3,6,0.0416951469583048,0.0014757280228573,0.0,0.2253422021310946,0.18181818181818182,User_2689,outandin
2695,3,6,0.0416951469583048,0.0029963192213789,0.0,0.2352727321763286,0.18181818181818182,User_2695,outandin
1954,3,6,0.0416951469583048,0.0380941670602798,0.0015580992143951,0.3145835812552965,0.18181818181818182,User_1954,outandin
2573,4,6,0.0416951469583048,0.0183858737125487,0.0004038580499655,0.2990131793175547,0.18181818181818182,User_2573,outandin
2602,4,6,0.0416951469583048,0.0151386724620719,0.0002019831839721,0.2885824870157795,0.18181818181818182,User_2602,outandin
2633,4,6,0.0416951469583048,0.0078884106460357,0.0006436778687792,0.2690505343346646,0.18181818181818182,User_2633,outandin
2668,4,6,0.0416951469583048,0.0233088046139789,8.83224286299173e-05,0.2894010317315507,0.18181818181818182,User_2668,outandin
2705,4,6,0.0416951469583048,0.0119537541100177,0.0002884854342916,0.2795340863574461,0.18181818181818182,User_2705,outandin
2717,4,6,0.0416951469583048,0.0024589737299699,0.0001068318756076,0.245657965137563,0.18181818181818182,User_2717,outandin
2718,4,6,0.0416951469583048,0.0099622660368648,0.0012145740670076,0.2793640017293004,0.18181818181818182,User_2718,outandin
2737,4,6,0.0416951469583048,0.0027254922844939,0.0001239165196029,0.2451333352066766,0.18181818181818182,User_2737,outandin
2745,4,6,0.0416951469583048,0.0006282660108673,2.218401641617215e-06,0.217341887262535,0.18181818181818182,User_2745,outandin
2746,4,6,0.0416951469583048,0.0012780753934272,0.0,0.2280281782180805,0.18181818181818182,User_2746,outandin
2675,4,6,0.0416951469583048,0.0023239836459206,3.839332143064251e-05,0.2317691755891495,0.18181818181818182,User_2675,outandin
6,5,6,0.0416951469583048,0.0202926834772876,0.0038245464954663,0.2945059248506128,0.45454545454545453,User_6,
2549,5,6,0.0416951469583048,0.0171466250476108,0.0002270025388123,0.2968863477802168,0.18181818181818182,User_2549,outandin
2570,5,6,0.0416951469583048,0.0192100996611879,0.0002583360680963,0.2897663217684476,0.18181818181818182,User_2570,outandin
2621,5,6,0.0416951469583048,0.0166885642361608,0.0002333617977064,0.2886732076970168,0.18181818181818182,User_2621,outandin
2622,5,6,0.0416951469583048,0.0174193576454968,0.0002329181173781,0.2886732076970168,0.18181818181818182,User_2622,outandin
2666,5,6,0.0416951469583048,0.0143539099477695,0.0010002234977278,0.2864221689595167,0.18181818181818182,User_2666,outandin
2669,5,6,0.0416951469583048,0.0191820829206342,0.0003258276493977,0.2921633705644959,0.18181818181818182,User_2669,outandin
2671,5,6,0.0416951469583048,0.0174045106832904,0.000401325801591,0.2920704432837819,0.18181818181818182,User_2671,outandin
2688,5,6,0.0416951469583048,0.019496911099915,0.0010186241077701,0.2879490353352808,0.5454545454545454,User_2688,incoming
2703,5,6,0.0416951469583048,0.0118380580395184,0.0003739563964374,0.2809022556390977,0.18181818181818182,User_2703,outandin
2704,5,6,0.0416951469583048,0.0124031002089101,0.0002884854342916,0.279619206359382,0.18181818181818182,User_2704,outandin
2712,5,6,0.0416951469583048,0.0029247068686167,0.0005531472459623,0.2515806777217015,0.36363636363636365,User_2712,outandin
2721,5,6,0.0416951469583048,0.0040088469797882,0.0005719866508782,0.2600593241813114,0.18181818181818182,User_2721,outandin
2738,5,6,0.0416951469583048,0.003052812408022,0.0002079241616752,0.2522025470157129,0.18181818181818182,User_2738,outandin
2677,5,6,0.0416951469583048,0.0022529944988725,1.514330885936412e-05,0.2255636142677992,0.18181818181818182,User_2677,outandin
2548,6,6,0.0416951469583048,0.026738036842308,0.0047986043087508,0.3156649961100758,0.18181818181818182,User_2548,outandin
2567,6,6,0.0416951469583048,0.0202173373168773,0.0004305210884261,0.2992080396494658,0.18181818181818182,User_2567,outandin
2601,6,6,0.0416951469583048,0.0224658234336182,0.0005818310969013,0.297270791092331,0.18181818181818182,User_2601,outandin
2603,6,6,0.0416951469583048,0.0207572191991458,0.0006143189114565,0.297270791092331,0.18181818181818182,User_2603,outandin
2623,6,6,0.0416951469583048,0.0185224383123076,0.0003919475616499,0.2907756408119729,0.18181818181818182,User_2623,outandin
2629,6,6,0.0416951469583048,0.0184203194586972,0.0004171277558035,0.2921633705644959,0.18181818181818182,User_2629,outandin
2694,6,6,0.0416951469583048,0.0113245946589342,0.0003648172032195,0.2765039065595334,0.18181818181818182,User_2694,outandin
2699,6,6,0.0416951469583048,0.013434743232562,0.0008390002298029,0.2830670387435914,0.18181818181818182,User_2699,outandin
2720,6,6,0.0416951469583048,0.0056717747374848,0.0005810222202258,0.2696034861081064,0.18181818181818182,User_2720,outandin
2879,6,6,0.0416951469583048,0.0371334367566834,0.0029646725075262,0.2938462315789473,0.18181818181818182,User_2879,outandin
2569,7,6,0.0416951469583048,0.0232963250428924,0.0004624850538862,0.2993055650861181,0.18181818181818182,User_2569,outandin
2571,7,6,0.0416951469583048,0.0209330495426662,0.0004669280005717,0.2920704432837819,0.18181818181818182,User_2571,outandin
2592,7,6,0.0416951469583048,0.0346602752563397,0.0001725684985135,0.3127620823175104,0.18181818181818182,User_2592,outandin
2701,7,6,0.0416951469583048,0.0144310655534064,0.0008164930556317,0.2870489133117257,0.18181818181818182,User_2701,outandin
2632,8,6,0.0416951469583048,0.0331547403246062,0.0002214646717531,0.3025599583803,0.18181818181818182,User_2632,outandin
2678,8,6,0.0416951469583048,0.0123446901902967,0.0023492106119985,0.2815913749414935,0.18181818181818182,User_2678,outandin
2702,8,6,0.0416951469583048,0.0116554401911191,0.0040905288738068,0.2874982697821573,0.18181818181818182,User_2702,outandin
2676,9,6,0.0416951469583048,0.0046133830381288,0.0014854990431452,0.2542978326458628,0.18181818181818182,User_2676,outandin
2293,10,6,0.0416951469583048,0.0504565453491627,0.0016366747444832,0.3061918885242449,0.18181818181818182,User_2293,outgoing
2674,10,6,0.0416951469583048,0.0086886547649371,0.0001687231083023,0.251649622823845,0.18181818181818182,User_2674,outandin
2683,10,6,0.0416951469583048,0.0727005746913256,0.0058550114212393,0.3372271295204592,0.18181818181818182,User_2683,outandin
425,11,6,0.0416951469583048,0.0551158460677559,0.0009786444733753,0.3127620823175104,0.36363636363636365,User_425,outgoing
2585,11,6,0.0416951469583048,0.0450167018576763,0.0013005818594616,0.320961018414614,0.18181818181818182,User_2585,outandin
2628,11,6,0.0416951469583048,0.0361815006089871,0.0023961725446751,0.305478866827748,0.18181818181818182,User_2628,outandin
2631,11,6,0.0416951469583048,0.0302453459186576,0.0007598848198559,0.2934705892247397,0.18181818181818182,User_2631,outandin
2670,11,6,0.0416951469583048,0.0284911994287591,0.0017429778469517,0.3045669896133368,0.18181818181818182,User_2670,outandin
2700,11,6,0.0416951469583048,0.0095868784931166,0.0017355425093623,0.2755083929445576,0.18181818181818182,User_2700,outandin
2568,12,6,0.0416951469583048,0.0300983820086604,0.0022295983401564,0.3004808487186552,0.18181818181818182,User_2568,outandin
2684,12,6,0.0416951469583048,0.0914010739786163,0.0116892415474631,0.3559184006527948,0.18181818181818182,User_2684,outandin
1565,12,6,0.0416951469583048,0.0508897316272815,0.0081371852786075,0.3309079184447606,0.36363636363636365,User_1565,
2566,13,6,0.0416951469583048,0.0327548704495613,0.0024941176841233,0.3066008259379668,0.18181818181818182,User_2566,outandin
2657,13,6,0.0416951469583048,0.0278106703513424,0.0062934401582388,0.301071958584987,0.18181818181818182,User_2657,outandin
2682,13,6,0.0416951469583048,0.1052743412569784,0.0074409752737431,0.3516926364167792,0.18181818181818182,User_2682,outandin
2672,14,6,0.0416951469583048,0.0308038417551342,0.0019036210950172,0.2980426724064299,0.18181818181818182,User_2672,outandin
2680,14,6,0.0416951469583048,0.0946172594857786,0.0103418398045789,0.3520971908298353,0.18181818181818182,User_2680,outandin
135,15,6,0.0416951469583048,0.0865827623835423,0.0178020768279693,0.3346463096516802,0.2727272727272727,User_135,
1201,16,6,0.0416951469583048,0.0267066186841225,0.0153700870299095,0.3178502851104917,0.36363636363636365,User_1201,
2574,17,6,0.0416951469583048,0.0325618424719133,0.0072583320867537,0.3035601565898216,0.18181818181818182,User_2574,outandin
2173,26,6,0.0416951469583048,0.0972926342013505,0.0214649669626166,0.327719298245614,0.18181818181818182,User_2173,
1543,26,6,0.0416951469583048,0.141889054645603,0.0130719315080336,0.3598234614750041,0.36363636363636365,User_1543,
2351,28,6,0.0416951469583048,0.0126828498229577,0.0245302457430093,0.2786857279769986,0.18181818181818182,User_2351,incoming
2691,39,6,0.0416951469583048,0.0290625609237653,0.0140841808112254,0.2849998366493515,0.36363636363636365,User_2691,incoming
1386,39,6,0.0416951469583048,0.042956690877437,0.0336262065197145,0.3130819889820015,0.18181818181818182,User_1386,
2067,71,6,0.0416951469583048,0.1311464664512077,0.0680099931699253,0.3520971908298353,0.2727272727272727,User_2067,
1810,103,6,0.0416951469583048,0.1942210367529335,0.145208376933648,0.3699715848848551,0.09090909090909091,User_1810,
2138,1,7,0.0442176870748299,0.0001614699286119,0.0,0.2038334014837315,0.18181818181818182,User_2138,outgoing
2164,1,7,0.0442176870748299,0.0050723084970083,0.0,0.2513052746809552,0.36363636363636365,User_2164,outgoing
2178,1,7,0.0442176870748299,0.0020850866773579,0.0,0.2300850598056152,0.18181818181818182,User_2178,
189,1,7,0.0442176870748299,0.0012544155117528,0.0,0.2189483723615189,0.5454545454545454,User_189,outandin
2371,1,7,0.0442176870748299,0.0003384043340986,0.0,0.2036977537010227,0.36363636363636365,User_2371,outgoing
2429,1,7,0.0442176870748299,0.0006143464653356,0.0,0.2114853693422871,0.36363636363636365,User_2429,incoming
2442,1,7,0.0442176870748299,0.0101446169940167,0.0,0.2513052746809552,0.18181818181818182,User_2442,incoming
2458,1,7,0.0442176870748299,0.0004326109466386,0.0,0.201906216729158,0.18181818181818182,User_2458,outandin
2502,1,7,0.0442176870748299,0.0034166319207617,0.0,0.229109150120811,0.18181818181818182,User_2502,incoming
2512,1,7,0.0442176870748299,0.0101446169940167,0.0,0.2513052746809552,0.36363636363636365,User_2512,outandin
2518,1,7,0.0442176870748299,0.0101446169940167,0.0,0.2513052746809552,0.36363636363636365,User_2518,outandin
2690,1,7,0.0442176870748299,0.0101446169940167,0.0,0.2513052746809552,0.36363636363636365,User_2690,outandin
2850,1,7,0.0442176870748299,9.070528696838371e-05,0.0,0.1743770364003438,0.18181818181818182,User_2850,outandin
2894,1,7,0.0442176870748299,0.0101446169940167,0.0,0.2513052746809552,0.18181818181818182,User_2894,incoming
2696,1,7,0.0442176870748299,0.0101446169940167,0.0,0.2513052746809552,0.18181818181818182,User_2696,outandin
1286,1,7,0.0442176870748299,6.270864673333875e-05,0.0,0.1801941667355201,0.5454545454545454,User_1286,outandin
1487,1,7,0.0442176870748299,0.0001614699286119,0.0,0.2038334014837315,0.18181818181818182,User_1487,outgoing
1586,1,7,0.0442176870748299,0.0101446169940167,0.0,0.2513052746809552,0.36363636363636365,User_1586,outandin
2864,1,7,0.0442176870748299,4.535264348419186e-05,0.0,0.1743770364003438,0.18181818181818182,User_2864,outandin
256,2,7,0.0442176870748299,0.0044597814157806,4.27847863369892e-05,0.2463830087695762,0.7272727272727273,User_256,incoming
2355,2,7,0.0442176870748299,0.0135878057629142,2.079649963849398e-05,0.2750957081139036,0.18181818181818182,User_2355,outandin
2421,2,7,0.0442176870748299,0.016337911580878,0.0,0.2703177726476922,0.18181818181818182,User_2421,outandin
2470,2,7,0.0442176870748299,0.000658562079243,0.0001459792742958,0.2211099142027957,0.36363636363636365,User_2470,outandin
2489,2,7,0.0442176870748299,0.0028439928076144,0.0038720834922578,0.2527579063265099,0.18181818181818182,User_2489,outandin
2513,2,7,0.0442176870748299,0.0164387834791323,0.0003751885928786,0.2777584614894768,0.18181818181818182,User_2513,outandin
2517,2,7,0.0442176870748299,0.0043718129937907,0.0,0.2637189757852414,0.18181818181818182,User_2517,outandin
1765,2,7,0.0442176870748299,0.0286696024937277,0.0,0.2873183584744088,0.5454545454545454,User_1765,
2845,3,7,0.0442176870748299,0.0011041954903376,0.0041373190616161,0.2119246419765083,0.18181818181818182,User_2845,incoming
2880,3,7,0.0442176870748299,0.0302582066805734,0.0009992842850482,0.2979459681000034,0.18181818181818182,User_2880,incoming
1478,3,7,0.0442176870748299,0.0021011833880186,0.0022509750098542,0.2504143642443988,0.18181818181818182,User_1478,outgoing
3598,3,7,0.0442176870748299,0.0052668011299382,0.002074205534912,0.2540164519181772,0.36363636363636365,User_3598,incoming
1886,3,7,0.0442176870748299,0.0149470006268039,5.387546843927522e-06,0.2773390134956842,0.5454545454545454,User_1886,outandin
96,4,7,0.0442176870748299,0.0133284355879,0.0062802552000779,0.2697618900364896,1.0,User_96,incoming
2243,4,7,0.0442176870748299,0.0126590313355618,0.0005751219818079,0.2692082889722106,0.36363636363636365,User_2243,
209,4,7,0.0442176870748299,0.0178431578506757,1.4403764944500343e-05,0.2633408298492144,0.36363636363636365,User_209,outandin
2424,4,7,0.0442176870748299,0.0266511504467768,0.0007242261998595,0.295358466929627,0.36363636363636365,User_2424,outandin
2501,4,7,0.0442176870748299,0.0041196794418942,0.0024178936452903,0.2568585940375414,0.18181818181818182,User_2501,outandin
2693,4,7,0.0442176870748299,0.0288650564717915,0.0019943045909309,0.3081441186859767,0.18181818181818182,User_2693,incoming
1217,4,7,0.0442176870748299,0.0007633558102775,0.0023832701717478,0.2205787830132622,0.36363636363636365,User_1217,
4,5,7,0.0442176870748299,0.0152706397533628,0.003978596555638,0.2815913749414935,0.2727272727272727,User_4,
2514,5,7,0.0442176870748299,0.0140437301960794,0.0015220057957327,0.2904996753192694,0.18181818181818182,User_2514,outandin
112,6,7,0.0442176870748299,0.0039312519243245,0.0076652012367238,0.2570743207402605,0.2727272727272727,User_112,
2449,6,7,0.0442176870748299,0.0253818275035193,0.0035030905660442,0.3002843275618739,0.18181818181818182,User_2449,outandin
2494,6,7,0.0442176870748299,0.0415880944024261,0.0022753867936479,0.2986242190842961,0.18181818181818182,User_2494,incoming
2427,7,7,0.0442176870748299,0.0074788670885577,0.0037826228457689,0.2693662287134675,0.36363636363636365,User_2427,incoming
2505,7,7,0.0442176870748299,0.0155228722368614,0.0015541403915928,0.2930959060594352,0.18181818181818182,User_2505,outandin
353,10,7,0.0442176870748299,0.0794923749158521,0.0011317255410704,0.3345243984277634,0.36363636363636365,User_353,
2344,18,7,0.0442176870748299,0.075391536454699,0.0136570608692385,0.3494176079468076,0.18181818181818182,User_2344,
1899,39,7,0.0442176870748299,0.1234971773345976,0.0257106878598104,0.3374749995164316,0.7272727272727273,User_1899,
77,1,8,0.0282131661442006,0.0001146597458909,0.0,0.1844655431265991,0.2727272727272727,User_77,outgoing
2871,1,8,0.0282131661442006,0.0002293194917818,0.0,0.1844655431265991,0.18181818181818182,User_2871,incoming
2319,1,8,0.0282131661442006,0.001500248903223,0.0,0.2306630177553907,0.36363636363636365,User_2319,outgoing
2363,1,8,0.0282131661442006,0.0037602866719839,0.0,0.2532458559526228,0.18181818181818182,User_2363,
2423,1,8,0.0282131661442006,0.0062765199963094,0.0,0.2527579063265099,0.18181818181818182,User_2423,outandin
2511,1,8,0.0282131661442006,0.0037602866719839,0.0,0.2532458559526228,0.18181818181818182,User_2511,incoming
2533,1,8,0.0282131661442006,0.001500248903223,0.0,0.2306630177553907,0.18181818181818182,User_2533,outandin
2624,1,8,0.0282131661442006,0.0014255251893806,0.0,0.2379552924810081,0.18181818181818182,User_2624,incoming
583,1,8,0.0282131661442006,0.0063799818409777,0.0,0.2448065778950174,0.36363636363636365,User_583,outandin
2641,1,8,0.0282131661442006,0.0075205733439678,0.0,0.2532458559526228,0.18181818181818182,User_2641,outandin
2645,1,8,0.0282131661442006,0.0054859141530432,0.0,0.2503460942432416,0.18181818181818182,User_2645,outandin
640,1,8,0.0282131661442006,0.001500248903223,0.0,0.2306630177553907,0.5454545454545454,User_640,outandin
2734,1,8,0.0282131661442006,0.0031899909204888,0.0,0.2448065778950174,0.18181818181818182,User_2734,outandin
2756,1,8,0.0282131661442006,0.0054859141530432,0.0,0.2503460942432416,0.18181818181818182,User_2756,outandin
2783,1,8,0.0282131661442006,0.0063799818409777,0.0,0.2448065778950174,0.18181818181818182,User_2783,outandin
2788,1,8,0.0282131661442006,0.0063799818409777,0.0,0.2448065778950174,0.18181818181818182,User_2788,incoming
2824,1,8,0.0282131661442006,0.0062765199963094,0.0,0.2527579063265099,0.18181818181818182,User_2824,outandin
2826,1,8,0.0282131661442006,0.0027429570765216,0.0,0.2503460942432416,0.18181818181818182,User_2826,incoming
2827,1,8,0.0282131661442006,0.0062765199963094,0.0,0.2527579063265099,0.18181818181818182,User_2827,outandin
2832,1,8,0.0282131661442006,0.0062765199963094,0.0,0.2527579063265099,0.18181818181818182,User_2832,outandin
2847,1,8,0.0282131661442006,0.0054859141530432,0.0,0.2503460942432416,0.18181818181818182,User_2847,incoming
2853,1,8,0.0282131661442006,0.0062765199963094,0.0,0.2527579063265099,0.18181818181818182,User_2853,outandin
2854,1,8,0.0282131661442006,0.0062765199963094,0.0,0.2527579063265099,0.18181818181818182,User_2854,outandin
2857,1,8,0.0282131661442006,0.0062765199963094,0.0,0.2527579063265099,0.18181818181818182,User_2857,incoming
2858,1,8,0.0282131661442006,0.0037602866719839,0.0,0.2532458559526228,0.18181818181818182,User_2858,incoming
2860,1,8,0.0282131661442006,0.0062765199963094,0.0,0.2527579063265099,0.36363636363636365,User_2860,outandin
2862,1,8,0.0282131661442006,0.0062765199963094,0.0,0.2527579063265099,0.18181818181818182,User_2862,incoming
2869,1,8,0.0282131661442006,0.0009357274039559,0.0,0.2147496430505637,0.18181818181818182,User_2869,outandin
2889,1,8,0.0282131661442006,0.0028510503787613,0.0,0.2379552924810081,0.36363636363636365,User_2889,incoming
2895,1,8,0.0282131661442006,0.0054859141530432,0.0,0.2503460942432416,0.18181818181818182,User_2895,incoming
2905,1,8,0.0282131661442006,0.0062765199963094,0.0,0.2527579063265099,0.18181818181818182,User_2905,incoming
2912,1,8,0.0282131661442006,0.0062765199963094,0.0,0.2527579063265099,0.18181818181818182,User_2912,outandin
2914,1,8,0.0282131661442006,0.0062765199963094,0.0,0.2527579063265099,0.18181818181818182,User_2914,outandin
2916,1,8,0.0282131661442006,0.0054859141530432,0.0,0.2503460942432416,0.18181818181818182,User_2916,incoming
2930,1,8,0.0282131661442006,0.0062765199963094,0.0,0.2527579063265099,0.18181818181818182,User_2930,outandin
2931,1,8,0.0282131661442006,0.0031382599981547,0.0,0.2527579063265099,0.18181818181818182,User_2931,incoming
2938,1,8,0.0282131661442006,0.0010318421694396,0.0,0.2232059974925159,0.18181818181818182,User_2938,outandin
925,1,8,0.0282131661442006,0.0031899909204888,0.0,0.2448065778950174,0.36363636363636365,User_925,outandin
2637,1,8,0.0282131661442006,0.0054859141530432,0.0,0.2503460942432416,0.18181818181818182,User_2637,outandin
2664,1,8,0.0282131661442006,0.0054859141530432,0.0,0.2503460942432416,0.18181818181818182,User_2664,outandin
1318,1,8,0.0282131661442006,0.001500248903223,0.0,0.2306630177553907,0.7272727272727273,User_1318,incoming
2781,1,8,0.0282131661442006,0.0063799818409777,0.0,0.2448065778950174,0.5454545454545454,User_2781,outandin
2790,1,8,0.0282131661442006,0.0012201524300095,0.0,0.2081771647436432,0.18181818181818182,User_2790,outandin
2792,1,8,0.0282131661442006,0.0063799818409777,0.0,0.2448065778950174,0.18181818181818182,User_2792,outandin
2814,1,8,0.0282131661442006,0.0004151285126584,0.0,0.1991043958552061,0.18181818181818182,User_2814,outandin
2416,2,8,0.0282131661442006,0.0013497806239268,2.8469487734087592e-05,0.2242964029516879,0.18181818181818182,User_2416,incoming
2614,2,8,0.0282131661442006,0.0138084854002407,0.0003632024285229,0.2602804630624179,0.36363636363636365,User_2614,outandin
2655,2,8,0.0282131661442006,0.0063160110368694,0.0023808514937103,0.2590322915893401,0.18181818181818182,User_2655,outandin
2660,2,8,0.0282131661442006,0.007762877081701,0.0,0.2608720095693779,0.18181818181818182,User_2660,outandin
2662,2,8,0.0282131661442006,0.0005318631719352,0.0003177379670063,0.2088399985636139,0.18181818181818182,User_2662,outandin
2730,2,8,0.0282131661442006,0.0091229389174993,0.0,0.2627380468338227,0.36363636363636365,User_2730,incoming
2774,2,8,0.0282131661442006,0.0118658959940209,0.0,0.2627380468338227,0.18181818181818182,User_2774,outandin
2789,2,8,0.0282131661442006,0.0180742471232744,0.0,0.2803876255524307,0.36363636363636365,User_2789,outandin
2813,2,8,0.0282131661442006,0.0050540249983534,0.0020697687316288,0.2495975737113918,0.18181818181818182,User_2813,outandin
2818,2,8,0.0282131661442006,0.0188648529665407,0.0,0.2804732662444137,0.18181818181818182,User_2818,outandin
2852,2,8,0.0282131661442006,0.0085444740585998,7.036614329901621e-06,0.2553585855629062,0.36363636363636365,User_2852,outandin
2867,2,8,0.0282131661442006,0.0091275703750707,0.0,0.2659338180377094,0.36363636363636365,User_2867,incoming
2873,2,8,0.0282131661442006,0.0072122474002654,0.0,0.2563566369861001,0.18181818181818182,User_2873,outandin
2874,2,8,0.0282131661442006,0.0039316599672395,2.7730020520215187e-06,0.2450025276638768,0.18181818181818182,User_2874,incoming
2915,2,8,0.0282131661442006,0.0065665237415214,0.0,0.2504826714905102,0.18181818181818182,User_2915,incoming
2922,2,8,0.0282131661442006,0.0012222408229089,8.277971327718981e-05,0.2235864313815949,0.18181818181818182,User_2922,outandin
2933,2,8,0.0282131661442006,0.0058812170746763,0.0,0.2692872356845192,0.18181818181818182,User_2933,incoming
2289,2,8,0.0282131661442006,0.003316387369942,2.218401641617215e-06,0.2343121902741032,0.7272727272727273,User_2289,outgoing
1437,2,8,0.0282131661442006,0.0068643232755673,0.0004287350560498,0.2523411579236632,0.5454545454545454,User_1437,outgoing
2828,2,8,0.0282131661442006,0.0118658959940209,0.0,0.2627380468338227,0.18181818181818182,User_2828,incoming
2159,3,8,0.0282131661442006,0.0344512123820339,0.0,0.2970784450612134,0.18181818181818182,User_2159,outgoing
2332,3,8,0.0282131661442006,0.0199230610399352,0.0004639974308042,0.285709232633544,0.18181818181818182,User_2332,outgoing
2640,3,8,0.0282131661442006,0.0118318980691932,0.0012233530273752,0.2872284872330968,0.18181818181818182,User_2640,outandin
2851,3,8,0.0282131661442006,0.012464340296164,5.6602901083158994e-05,0.269445268099827,0.5454545454545454,User_2851,outandin
2919,3,8,0.0282131661442006,0.0042705107676349,0.0025583068147146,0.2583036494189059,0.36363636363636365,User_2919,outandin
2681,3,8,0.0282131661442006,0.0095672166069179,0.001843835074178,0.274766449336987,0.18181818181818182,User_2681,outandin
2231,4,8,0.0282131661442006,0.0162013873588409,0.0,0.2706364496564133,0.36363636363636365,User_2231,outgoing
2646,4,8,0.0282131661442006,0.0284458708460036,0.0,0.2916993245502574,0.18181818181818182,User_2646,outandin
2808,4,8,0.0282131661442006,0.011390641184239,0.0023047348622393,0.2746842577577656,0.18181818181818182,User_2808,incoming
2823,4,8,0.0282131661442006,0.002791456761287,0.0041527725043337,0.2270134669182226,0.18181818181818182,User_2823,incoming
1272,4,8,0.0282131661442006,0.0251227591083069,0.0021475981006126,0.2886732076970168,0.7272727272727273,User_1272,outandin
2875,5,8,0.0282131661442006,0.0188421256172912,0.0056174536202737,0.2845582502894981,0.18181818181818182,User_2875,outandin
2910,5,8,0.0282131661442006,0.0131545390866798,0.000445351273983,0.2751781461445042,0.18181818181818182,User_2910,outandin
2030,5,8,0.0282131661442006,0.0468932792083206,0.0,0.3075249409525152,0.18181818181818182,User_2030,
2782,6,8,0.0282131661442006,0.0148544160987737,0.0030280823019591,0.2640222753548621,0.18181818181818182,User_2782,outandin
2419,7,8,0.0282131661442006,0.0398398802564998,0.0017538652121338,0.3071135363492343,0.36363636363636365,User_2419,incoming
2636,10,8,0.0282131661442006,0.0611053616543628,0.0124988187577284,0.3341591971194361,0.18181818181818182,User_2636,outandin
7,13,8,0.0282131661442006,0.0365257430817923,0.0088239106043165,0.3012695123635861,0.6363636363636364,User_7,
2378,14,8,0.0282131661442006,0.0347067514648393,0.0139715505406362,0.3138309889556427,0.36363636363636365,User_2378,
2647,21,8,0.0282131661442006,0.0776606731623798,0.0173882798353204,0.3258585783123529,0.36363636363636365,User_2647,incoming
2485,27,8,0.0282131661442006,0.0915521270823518,0.0213223028981726,0.3409838372388454,0.36363636363636365,User_2485,incoming
2635,33,8,0.0282131661442006,0.0667805713651851,0.0450040708405655,0.3357475223708265,0.36363636363636365,User_2635,incoming
1953,40,8,0.0282131661442006,0.076409273532081,0.0632296933957466,0.3400998050682261,0.2727272727272727,User_1953,
21,1,9,0.0250836120401337,0.0046829371046044,0.0,0.2457894736842105,0.45454545454545453,User_21,outandin
2172,1,9,0.0250836120401337,0.0062941664851156,0.0,0.2587403419792083,0.18181818181818182,User_2172,outgoing
2213,1,9,0.0250836120401337,0.0037959592120823,0.0,0.2552875934623882,0.18181818181818182,User_2213,
2340,1,9,0.0250836120401337,0.0062941664851156,0.0,0.2587403419792083,0.18181818181818182,User_2340,outgoing
2356,1,9,0.0250836120401337,0.0125883329702312,0.0,0.2587403419792083,0.18181818181818182,User_2356,outgoing
2373,1,9,0.0250836120401337,0.0023414685523022,0.0,0.2457894736842105,0.18181818181818182,User_2373,outgoing
2379,1,9,0.0250836120401337,0.0125883329702312,0.0,0.2587403419792083,0.18181818181818182,User_2379,outgoing
330,1,9,0.0250836120401337,0.0023414685523022,0.0,0.2457894736842105,0.36363636363636365,User_330,
2390,1,9,0.0250836120401337,0.0062941664851156,0.0,0.2587403419792083,0.18181818181818182,User_2390,outgoing
2432,1,9,0.0250836120401337,0.0062941664851156,0.0,0.2587403419792083,0.18181818181818182,User_2432,outandin
2446,1,9,0.0250836120401337,0.0125883329702312,0.0,0.2587403419792083,0.36363636363636365,User_2446,outandin
2450,1,9,0.0250836120401337,0.0062941664851156,0.0,0.2587403419792083,0.18181818181818182,User_2450,outandin
2461,1,9,0.0250836120401337,0.0038951887618931,0.0,0.232649980664862,0.18181818181818182,User_2461,outandin
2481,1,9,0.0250836120401337,0.0062941664851156,0.0,0.2587403419792083,0.18181818181818182,User_2481,outandin
2482,1,9,0.0250836120401337,0.0062941664851156,0.0,0.2587403419792083,0.18181818181818182,User_2482,outandin
2506,1,9,0.0250836120401337,0.0062941664851156,0.0,0.2587403419792083,0.18181818181818182,User_2506,outandin
2509,1,9,0.0250836120401337,0.0125883329702312,0.0,0.2587403419792083,0.18181818181818182,User_2509,outandin
2527,1,9,0.0250836120401337,0.0062941664851156,0.0,0.2587403419792083,0.18181818181818182,User_2527,outandin
2528,1,9,0.0250836120401337,0.0062941664851156,0.0,0.2587403419792083,0.18181818181818182,User_2528,outandin
2530,1,9,0.0250836120401337,0.0062941664851156,0.0,0.2587403419792083,0.18181818181818182,User_2530,outandin
2547,1,9,0.0250836120401337,0.0062941664851156,0.0,0.2587403419792083,0.18181818181818182,User_2547,outandin
2551,1,9,0.0250836120401337,0.0062941664851156,0.0,0.2587403419792083,0.18181818181818182,User_2551,outandin
2577,1,9,0.0250836120401337,0.0062941664851156,0.0,0.2587403419792083,0.18181818181818182,User_2577,outandin
2579,1,9,0.0250836120401337,0.0125883329702312,0.0,0.2587403419792083,0.18181818181818182,User_2579,outandin
2595,1,9,0.0250836120401337,0.0062941664851156,0.0,0.2587403419792083,0.18181818181818182,User_2595,outandin
2596,1,9,0.0250836120401337,0.0062941664851156,0.0,0.2587403419792083,0.18181818181818182,User_2596,outandin
2613,1,9,0.0250836120401337,0.0062941664851156,0.0,0.2587403419792083,0.18181818181818182,User_2613,outandin
2616,1,9,0.0250836120401337,0.0125883329702312,0.0,0.2587403419792083,0.18181818181818182,User_2616,outandin
2618,1,9,0.0250836120401337,0.0010411747214439,0.0,0.2049708646616541,0.5454545454545454,User_2618,outandin
2653,1,9,0.0250836120401337,0.0062941664851156,0.0,0.2587403419792083,0.18181818181818182,User_2653,outandin
2687,1,9,0.0250836120401337,0.0062941664851156,0.0,0.2587403419792083,0.18181818181818182,User_2687,outandin
2715,1,9,0.0250836120401337,0.0125883329702312,0.0,0.2587403419792083,0.18181818181818182,User_2715,outandin
2771,1,9,0.0250836120401337,0.0006455339686546,0.0,0.2038786575675423,0.18181818181818182,User_2771,outandin
2773,1,9,0.0250836120401337,0.0062941664851156,0.0,0.2587403419792083,0.18181818181818182,User_2773,outandin
2785,1,9,0.0250836120401337,0.0125883329702312,0.0,0.2587403419792083,0.18181818181818182,User_2785,outandin
2786,1,9,0.0250836120401337,0.0125883329702312,0.0,0.2587403419792083,0.18181818181818182,User_2786,outandin
2791,1,9,0.0250836120401337,0.0125883329702312,0.0,0.2587403419792083,0.18181818181818182,User_2791,outandin
2797,1,9,0.0250836120401337,0.0125883329702312,0.0,0.2587403419792083,0.18181818181818182,User_2797,outandin
2816,1,9,0.0250836120401337,0.0053513236341758,0.0,0.2368505219716818,0.18181818181818182,User_2816,outandin
2819,1,9,0.0250836120401337,0.0125883329702312,0.0,0.2587403419792083,0.18181818181818182,User_2819,incoming
2820,1,9,0.0250836120401337,0.0062941664851156,0.0,0.2587403419792083,0.18181818181818182,User_2820,outandin
2833,1,9,0.0250836120401337,0.0038951887618931,0.0,0.232649980664862,0.18181818181818182,User_2833,outandin
2834,1,9,0.0250836120401337,0.0062941664851156,0.0,0.2587403419792083,0.18181818181818182,User_2834,outandin
2927,1,9,0.0250836120401337,0.0062941664851156,0.0,0.2587403419792083,0.18181818181818182,User_2927,outandin
2926,1,9,0.0250836120401337,8.749706416674736e-05,0.0,0.1791046369581062,0.18181818181818182,User_2926,incoming
2935,1,9,0.0250836120401337,0.0002594124451006,0.0,0.205062410380574,0.18181818181818182,User_2935,outandin
2947,1,9,0.0250836120401337,0.0062941664851156,0.0,0.2587403419792083,0.18181818181818182,User_2947,outandin
1544,1,9,0.0250836120401337,0.000670668120723,0.0,0.2071907657229716,0.36363636363636365,User_1544,outandin
1645,1,9,0.0250836120401337,0.0125883329702312,0.0,0.2587403419792083,0.5454545454545454,User_1645,outandin
1651,1,9,0.0250836120401337,0.0062941664851156,0.0,0.2587403419792083,0.36363636363636365,User_1651,incoming
1781,1,9,0.0250836120401337,0.0062941664851156,0.0,0.2587403419792083,0.18181818181818182,User_1781,outandin
1823,1,9,0.0250836120401337,0.0075919184241647,0.0,0.2552875934623882,0.36363636363636365,User_1823,outandin
1901,1,9,0.0250836120401337,0.0023414685523022,0.0,0.2457894736842105,0.36363636363636365,User_1901,outandin
1939,1,9,0.0250836120401337,0.0007080221856745,0.0,0.2030222139474266,0.5454545454545454,User_1939,outgoing
2830,1,9,0.0250836120401337,0.0002594124451006,0.0,0.205062410380574,0.18181818181818182,User_2830,incoming
2000,1,9,0.0250836120401337,0.0042806768001615,0.0,0.2556429492439339,0.36363636363636365,User_2000,outandin
28,2,9,0.0250836120401337,0.0126738555228489,0.0020697687316288,0.2588862344753906,0.2727272727272727,User_28,outandin
62,2,9,0.0250836120401337,0.0022455352684804,0.0001671014938174,0.2530365041841307,0.8181818181818182,User_62,incoming
2428,2,9,0.0250836120401337,0.0131275533411342,0.0,0.2588132676674776,0.18181818181818182,User_2428,outandin
2448,2,9,0.0250836120401337,0.0131275533411342,0.0,0.2588132676674776,0.18181818181818182,User_2448,outandin
2463,2,9,0.0250836120401337,0.0164835217321244,0.0,0.266165064836003,0.18181818181818182,User_2463,outandin
2496,2,9,0.0250836120401337,0.0153107660087309,3.790070285680785e-05,0.2627380468338227,0.36363636363636365,User_2496,incoming
2531,2,9,0.0250836120401337,0.0201802513943959,0.0,0.2810742190646497,0.36363636363636365,User_2531,outandin
2609,2,9,0.0250836120401337,0.0460964002612444,0.0,0.3021617221731525,0.18181818181818182,User_2609,incoming
2800,2,9,0.0250836120401337,0.0102430063824675,8.913220881497735e-06,0.257290410110454,0.18181818181818182,User_2800,outandin
2807,2,9,0.0250836120401337,0.0086195186097419,0.0020697687316288,0.2557853687142647,0.18181818181818182,User_2807,outandin
2906,2,9,0.0250836120401337,0.0021303376999693,0.0020697687316288,0.2189483723615189,0.18181818181818182,User_2906,incoming
2909,2,9,0.0250836120401337,0.0129301171815081,0.0004990877294828,0.2591053819650707,0.18181818181818182,User_2909,outandin
1754,2,9,0.0250836120401337,0.0121047664484763,1.0215211368780222e-05,0.2657029727095517,0.36363636363636365,User_1754,
2799,2,9,0.0250836120401337,0.0074780674018233,0.0,0.2479798740708103,0.18181818181818182,User_2799,outandin
2275,3,9,0.0250836120401337,0.0427897089275395,0.0001226788528115,0.3024603009500035,0.18181818181818182,User_2275,
318,3,9,0.0250836120401337,0.0064560840666987,0.0004081432449662,0.2670940877499158,0.36363636363636365,User_318,outandin
2472,3,9,0.0250836120401337,0.0081639764672029,0.002292944309517,0.2624376889637641,0.18181818181818182,User_2472,incoming
2495,3,9,0.0250836120401337,0.0164034728392096,0.0012284214616398,0.2881297375852559,0.36363636363636365,User_2495,outandin
2723,3,9,0.0250836120401337,0.0228665452966189,4.065295496719158e-05,0.2866009593271568,0.18181818181818182,User_2723,outandin
2775,3,9,0.0250836120401337,0.0063154747409675,0.0041373190616161,0.2590322915893401,0.36363636363636365,User_2775,incoming
2612,3,9,0.0250836120401337,0.0276274003791884,2.6715894055475884e-05,0.2873183584744088,0.36363636363636365,User_2612,outandin
2686,3,9,0.0250836120401337,0.007859025649597,0.0020731999407613,0.2571463101888016,0.18181818181818182,User_2686,incoming
1412,3,9,0.0250836120401337,0.004160707765628,7.394672138724049e-06,0.2394444520688945,0.7272727272727273,User_1412,
1919,3,9,0.0250836120401337,0.0026059533856937,0.0017596517935427,0.2519257815320194,0.7272727272727273,User_1919,outandin
2304,4,9,0.0250836120401337,0.0194889648798037,0.0001123266178065,0.2794490181631803,0.5454545454545454,User_2304,outgoing
1779,4,9,0.0250836120401337,0.0207513227648085,0.0005461963814754,0.2834165042235217,0.36363636363636365,User_1779,incoming
2558,6,9,0.0250836120401337,0.0349845103879386,0.0001212258669365,0.3037609903024183,0.18181818181818182,User_2558,incoming
2780,6,9,0.0250836120401337,0.0258890784938887,0.0050453952778502,0.2814187783279836,0.18181818181818182,User_2780,incoming
2763,9,9,0.0250836120401337,0.0331423152449243,0.0002104432017522,0.2902242331492448,0.18181818181818182,User_2763,incoming
2784,11,9,0.0250836120401337,0.0651418221728817,0.0042980463825052,0.311912185354691,0.36363636363636365,User_2784,incoming
1555,12,9,0.0250836120401337,0.0684772804871628,0.0076217084154959,0.3380962716068522,0.18181818181818182,User_1555,
2404,13,9,0.0250836120401337,0.0474189167102564,0.0060659943907189,0.3046680403729961,0.18181818181818182,User_2404,incoming
2600,15,9,0.0250836120401337,0.1042168601691782,0.0074305172144213,0.3453439163912036,0.36363636363636365,User_2600,incoming
2194,17,9,0.0250836120401337,0.0570072533259566,0.0231352414280641,0.3276023809076741,0.36363636363636365,User_2194,
2538,18,9,0.0250836120401337,0.0924131902620935,0.0096799672097153,0.3446957483799589,0.18181818181818182,User_2538,incoming
35,95,9,0.0250836120401337,0.1532499178082541,0.1580621241646354,0.3510204410107838,0.2727272727272727,User_35,
2128,1,10,0.0571428571428571,0.0006970232616181,0.0,0.2233145607208683,0.18181818181818182,User_2128,outgoing
2230,1,10,0.0571428571428571,0.0006970232616181,0.0,0.2233145607208683,0.7272727272727273,User_2230,outgoing
2320,1,10,0.0571428571428571,0.0006970232616181,0.0,0.2233145607208683,0.18181818181818182,User_2320,outgoing
2342,1,10,0.0571428571428571,0.0014862233289042,0.0,0.2146492458354863,0.18181818181818182,User_2342,outgoing
2911,1,10,0.0571428571428571,0.0004855939911017,0.0,0.2138992484705824,0.36363636363636365,User_2911,outandin
2798,1,10,0.0571428571428571,0.0014862233289042,0.0,0.2146492458354863,0.18181818181818182,User_2798,outandin
2943,1,10,0.0571428571428571,0.0019848563400007,0.0,0.2417134703038195,0.5454545454545454,User_2943,incoming
2955,1,10,0.0571428571428571,0.0098558950271796,0.0,0.266087937897482,0.18181818181818182,User_2955,incoming
1576,1,10,0.0571428571428571,0.0003953340146329,0.0,0.2111935312061202,0.36363636363636365,User_1576,outgoing
1814,1,10,0.0571428571428571,2.0254608272896044e-05,0.0,0.1854715155896203,0.36363636363636365,User_1814,outandin
2043,1,10,0.0571428571428571,2.5268513689178873e-06,0.0,0.1558766718187422,0.18181818181818182,User_2043,outgoing
2076,2,10,0.0571428571428571,0.004130688168155,0.0003699740640235,0.2640222753548621,0.36363636363636365,User_2076,
2102,2,10,0.0571428571428571,0.0033224726025251,5.869458625645072e-05,0.2541570644019403,0.18181818181818182,User_2102,outgoing
2122,2,10,0.0571428571428571,0.0006982866873025,0.0037860399667465,0.2238589648181888,0.18181818181818182,User_2122,outgoing
2192,2,10,0.0571428571428571,0.0005210421708109,0.000477671774155,0.2207909289935586,0.18181818181818182,User_2192,
2291,2,10,0.0571428571428571,0.0072468885398265,0.0,0.2897663217684476,0.18181818181818182,User_2291,incoming
2403,2,10,0.0571428571428571,2.278145964181393e-05,0.0003684717075921,0.187096469780809,0.18181818181818182,User_2403,outandin
2466,2,10,0.0571428571428571,0.0433639623181928,0.0,0.3029592456892809,0.18181818181818182,User_2466,outandin
2801,2,10,0.0571428571428571,0.0177464618155069,0.0002554282360422,0.2922563569968843,0.36363636363636365,User_2801,outandin
1207,2,10,0.0571428571428571,0.0087996292939021,0.0004578802854397,0.2822838837024932,0.36363636363636365,User_1207,outandin
1624,2,10,0.0571428571428571,0.0007273941761417,0.0004696866182719,0.2224490004079967,0.18181818181818182,User_1624,
2187,3,10,0.0571428571428571,0.0108359528738316,0.0003981280902437,0.2705567099835623,0.36363636363636365,User_2187,
2281,3,10,0.0571428571428571,0.0023055927539887,8.900593380631384e-05,0.2355745186465394,0.36363636363636365,User_2281,
2447,3,10,0.0571428571428571,0.0125572085629838,2.3736897565304197e-05,0.2752606335983844,0.18181818181818182,User_2447,outandin
2520,3,10,0.0571428571428571,0.0143010727418373,0.0007304078534937,0.2842059652380719,0.18181818181818182,User_2520,outandin
545,3,10,0.0571428571428571,0.0004931372017769,0.0044664141400695,0.2285389431767572,0.36363636363636365,User_545,
2887,3,10,0.0571428571428571,0.0118225675336778,0.0020697687316288,0.2732944862155388,0.18181818181818182,User_2887,incoming
1843,3,10,0.0571428571428571,3.0758535244696546e-05,0.0020958349509178,0.185209655845948,0.18181818181818182,User_1843,outgoing
2132,4,10,0.0571428571428571,0.0091747111131228,0.0032942457149596,0.2728884022835692,0.5454545454545454,User_2132,outgoing
2174,4,10,0.0571428571428571,0.0223317836336385,1.7900973672438636e-05,0.2986242190842961,0.18181818181818182,User_2174,
2370,4,10,0.0571428571428571,0.018092020797499,0.0041373190616161,0.2745200220281646,0.18181818181818182,User_2370,
2803,4,10,0.0571428571428571,0.0468258030221888,2.347761737565118e-06,0.3134025507454643,0.18181818181818182,User_2803,incoming
2529,5,10,0.0571428571428571,0.0096257977009877,0.0022721090031555,0.2688929644756107,0.18181818181818182,User_2529,outandin
2118,9,10,0.0571428571428571,0.0169696590657276,0.0163063229175675,0.2888548202844324,0.18181818181818182,User_2118,
2388,10,10,0.0571428571428571,0.024162249731925,0.0211696720052659,0.3204010724648327,0.36363636363636365,User_2388,incoming
905,43,10,0.0571428571428571,0.1199804756978946,0.0726090185100332,0.3646820785084236,0.2727272727272727,User_905,
64,1,11,0.0564784053156146,0.0014149734390933,0.0,0.2341329611637456,0.45454545454545453,User_64,outandin
2376,1,11,0.0564784053156146,0.0085050399145207,0.0,0.2585218112849692,0.18181818181818182,User_2376,outandin
342,1,11,0.0564784053156146,0.0071461532406535,0.0,0.2487187090152249,0.5454545454545454,User_342,outgoing
2426,1,11,0.0564784053156146,0.0009239767580359,0.0,0.2040145464750523,0.18181818181818182,User_2426,outandin
2452,1,11,0.0564784053156146,0.0028299468781867,0.0,0.2341329611637456,0.18181818181818182,User_2452,outandin
2555,1,11,0.0564784053156146,0.0071461532406535,0.0,0.2487187090152249,0.18181818181818182,User_2555,incoming
2557,1,11,0.0564784053156146,0.0071461532406535,0.0,0.2487187090152249,0.18181818181818182,User_2557,outandin
2615,1,11,0.0564784053156146,0.0071461532406535,0.0,0.2487187090152249,0.18181818181818182,User_2615,outandin
2564,1,11,0.0564784053156146,0.0020007357369109,0.0,0.218583545271176,0.18181818181818182,User_2564,incoming
2817,1,11,0.0564784053156146,0.0014882676131589,0.0,0.2278019036676285,0.18181818181818182,User_2817,incoming
2948,1,11,0.0564784053156146,0.0013478824145263,0.0,0.214900415091086,0.36363636363636365,User_2948,incoming
1069,1,11,0.0564784053156146,0.0007441338065794,0.0,0.2278019036676285,0.36363636363636365,User_1069,outandin
1958,1,11,0.0564784053156146,0.0007441338065794,0.0,0.2278019036676285,0.7272727272727273,User_1958,outandin
2119,2,11,0.0564784053156146,0.0179672127791279,0.0,0.2726453306663333,0.18181818181818182,User_2119,
2389,2,11,0.0564784053156146,0.0089159339232605,0.0,0.2481138810278872,0.18181818181818182,User_2389,outgoing
2546,2,11,0.0564784053156146,0.0090088409571268,8.715149306353343e-06,0.2610945333193661,0.18181818181818182,User_2546,outandin
2607,2,11,0.0564784053156146,0.0111421318232658,2.243930866858048e-05,0.2610945333193661,0.36363636363636365,User_2607,outandin
563,2,11,0.0564784053156146,0.0085349161783814,4.059660719078583e-05,0.2589592424377356,0.7272727272727273,User_563,incoming
2565,2,11,0.0564784053156146,0.0048272227077839,4.880483611557873e-06,0.2360589906643214,0.36363636363636365,User_2565,incoming
2768,2,11,0.0564784053156146,0.0061012263955209,3.771282790749265e-06,0.2434436568621979,0.18181818181818182,User_2768,outandin
2884,2,11,0.0564784053156146,0.0420131072055339,0.0,0.2921633705644959,0.18181818181818182,User_2884,outandin
1806,2,11,0.0564784053156146,0.0132523098581639,7.082159209051784e-06,0.262888483734386,0.18181818181818182,User_1806,
1890,2,11,0.0564784053156146,0.016408645990509,0.0,0.2896749128341358,0.18181818181818182,User_1890,
2556,3,11,0.0564784053156146,0.0203655599103421,0.000107033648879,0.2854427956742961,0.18181818181818182,User_2556,outandin
1719,3,11,0.0564784053156146,0.0070727289976387,0.000145042836478,0.2760052520842231,0.7272727272727273,User_1719,
2310,4,11,0.0564784053156146,0.0169681622303139,0.0010399606130752,0.2677170477213442,0.7272727272727273,User_2310,outgoing
2408,4,11,0.0564784053156146,0.0327262574919276,8.873606566468861e-06,0.3018637323090764,0.18181818181818182,User_2408,outandin
2710,4,11,0.0564784053156146,0.0181644321215866,0.0007142998385537,0.2946949530437133,0.18181818181818182,User_2710,incoming
2158,5,11,0.0564784053156146,0.0088566665524133,0.0027036942799135,0.28985778841042,0.18181818181818182,User_2158,
2411,5,11,0.0564784053156146,0.0112477809160479,0.0021195329153192,0.2573625206514043,0.18181818181818182,User_2411,outandin
2552,5,11,0.0564784053156146,0.0386167279717596,0.0,0.2967903922702684,0.36363636363636365,User_2552,incoming
2593,5,11,0.0564784053156146,0.0164077352140693,0.0021174228525104,0.2749309801449732,0.18181818181818182,User_2593,incoming
2589,6,11,0.0564784053156146,0.034407768277004,0.0013029696144933,0.2921633705644959,0.18181818181818182,User_2589,outandin
1733,6,11,0.0564784053156146,0.0206981189580087,0.0013821717429753,0.2980426724064299,0.5454545454545454,User_1733,
1905,6,11,0.0564784053156146,0.024511940250124,0.0001234023961215,0.2894922678701798,0.18181818181818182,User_1905,
1916,6,11,0.0564784053156146,0.0573180351828324,0.0017474943871509,0.3088696514242215,0.36363636363636365,User_1916,
1967,6,11,0.0564784053156146,0.0433580231236839,0.0014711186575553,0.3189543152776,0.36363636363636365,User_1967,
2535,7,11,0.0564784053156146,0.0243561456582628,0.0028712138330526,0.2809882110416801,0.18181818181818182,User_2535,outandin
710,7,11,0.0564784053156146,0.0324956550628748,0.0001008161100751,0.2801310169872515,0.7272727272727273,User_710,outandin
2252,10,11,0.0564784053156146,0.0181179169253651,0.0087821502446435,0.2964071896979375,0.7272727272727273,User_2252,
57,14,11,0.0564784053156146,0.0344516306862824,0.0076261824543754,0.307216284270395,0.45454545454545453,User_57,
1675,21,11,0.0564784053156146,0.1035308589605761,0.0107900198501385,0.3506183557404392,0.18181818181818182,User_1675,
13,25,11,0.0564784053156146,0.0869934725542957,0.0144577216524414,0.3328269205089563,0.5454545454545454,User_13,
2143,1,12,0.0376712328767123,0.0004703901351789,0.0,0.2257299591160793,0.18181818181818182,User_2143,outgoing
2165,1,12,0.0376712328767123,0.0004703901351789,0.0,0.2257299591160793,0.36363636363636365,User_2165,
2885,1,12,0.0376712328767123,0.0012634227715354,0.0,0.2290520014178624,0.18181818181818182,User_2885,incoming
206,1,12,0.0376712328767123,0.0019357628016833,0.0,0.2413323189708832,0.36363636363636365,User_206,outandin
288,1,12,0.0376712328767123,0.0019357628016833,0.0,0.2413323189708832,0.36363636363636365,User_288,outandin
2425,1,12,0.0376712328767123,0.000477090222483,0.0,0.2069106520243827,0.18181818181818182,User_2425,outandin
386,1,12,0.0376712328767123,0.0019357628016833,0.0,0.2413323189708832,0.36363636363636365,User_386,outandin
387,1,12,0.0376712328767123,0.0038716817803123,0.0,0.2590322915893401,0.36363636363636365,User_387,incoming
2445,1,12,0.0376712328767123,4.2990077414100815e-06,0.0,0.1564609769439786,0.18181818181818182,User_2445,outandin
405,1,12,0.0376712328767123,0.0038716817803123,0.0,0.2590322915893401,0.5454545454545454,User_405,outandin
2473,1,12,0.0376712328767123,0.0077433635606246,0.0,0.2590322915893401,0.36363636363636365,User_2473,outandin
2487,1,12,0.0376712328767123,0.0077433635606246,0.0,0.2590322915893401,0.18181818181818182,User_2487,incoming
2504,1,12,0.0376712328767123,0.0077433635606246,0.0,0.2590322915893401,0.18181818181818182,User_2504,outandin
577,1,12,0.0376712328767123,0.0019357628016833,0.0,0.2413323189708832,0.36363636363636365,User_577,outandin
598,1,12,0.0376712328767123,0.0019357628016833,0.0,0.2413323189708832,0.36363636363636365,User_598,outandin
632,1,12,0.0376712328767123,0.0038716817803123,0.0,0.2590322915893401,0.36363636363636365,User_632,outandin
633,1,12,0.0376712328767123,0.0019357628016833,0.0,0.2413323189708832,0.36363636363636365,User_633,outandin
735,1,12,0.0376712328767123,0.0019357628016833,0.0,0.2413323189708832,0.36363636363636365,User_735,outandin
757,1,12,0.0376712328767123,0.0019357628016833,0.0,0.2413323189708832,0.36363636363636365,User_757,outandin
775,1,12,0.0376712328767123,0.0019357628016833,0.0,0.2413323189708832,0.5454545454545454,User_775,outandin
782,1,12,0.0376712328767123,0.0019357628016833,0.0,0.2413323189708832,0.36363636363636365,User_782,outandin
788,1,12,0.0376712328767123,0.0019357628016833,0.0,0.2413323189708832,0.36363636363636365,User_788,outandin
2863,1,12,0.0376712328767123,0.0038716817803123,0.0,0.2590322915893401,0.18181818181818182,User_2863,outandin
838,1,12,0.0376712328767123,0.0019357628016833,0.0,0.2413323189708832,0.36363636363636365,User_838,outandin
862,1,12,0.0376712328767123,0.0019357628016833,0.0,0.2413323189708832,0.36363636363636365,User_862,outandin
894,1,12,0.0376712328767123,0.0019357628016833,0.0,0.2413323189708832,0.36363636363636365,User_894,incoming
2945,1,12,0.0376712328767123,0.0012634227715354,0.0,0.2290520014178624,0.18181818181818182,User_2945,incoming
2956,1,12,0.0376712328767123,0.0077433635606246,0.0,0.2590322915893401,0.18181818181818182,User_2956,outandin
931,1,12,0.0376712328767123,0.0019357628016833,0.0,0.2413323189708832,0.36363636363636365,User_931,outandin
997,1,12,0.0376712328767123,0.0019357628016833,0.0,0.2413323189708832,0.36363636363636365,User_997,outandin
1100,1,12,0.0376712328767123,0.0038716817803123,0.0,0.2590322915893401,0.36363636363636365,User_1100,outandin
1162,1,12,0.0376712328767123,0.0019357628016833,0.0,0.2413323189708832,0.36363636363636365,User_1162,outandin
1322,1,12,0.0376712328767123,0.0019357628016833,0.0,0.2413323189708832,0.36363636363636365,User_1322,outandin
1345,1,12,0.0376712328767123,0.0019357628016833,0.0,0.2413323189708832,0.36363636363636365,User_1345,outgoing
1539,1,12,0.0376712328767123,0.0019357628016833,0.0,0.2413323189708832,0.36363636363636365,User_1539,outandin
1703,1,12,0.0376712328767123,0.0019357628016833,0.0,0.2413323189708832,0.36363636363636365,User_1703,outandin
2921,1,12,0.0376712328767123,0.0019357628016833,0.0,0.2413323189708832,0.18181818181818182,User_2921,outandin
1893,1,12,0.0376712328767123,0.0012634227715354,0.0,0.2290520014178624,0.5454545454545454,User_1893,outgoing
20,2,12,0.0376712328767123,0.0058074445819956,0.0006873453489948,0.2770043661189172,0.2727272727272727,User_20,outandin
2072,2,12,0.0376712328767123,0.005852045508128,0.0003773715340363,0.2720798440545809,0.18181818181818182,User_2072,outgoing
198,2,12,0.0376712328767123,0.0058074445819956,0.0006873453489948,0.2770043661189172,0.36363636363636365,User_198,outandin
219,2,12,0.0376712328767123,0.0058074445819956,0.0006873453489948,0.2770043661189172,0.36363636363636365,User_219,outandin
2350,2,12,0.0376712328767123,0.014608856506653,0.0,0.2767539100916849,0.18181818181818182,User_2350,outandin
374,2,12,0.0376712328767123,0.0058074445819956,0.0006873453489948,0.2770043661189172,0.36363636363636365,User_374,outandin
415,2,12,0.0376712328767123,5.233465215080804e-05,0.0020697687316288,0.1860351445875629,0.7272727272727273,User_415,incoming
561,2,12,0.0376712328767123,0.0058074445819956,0.0006873453489948,0.2770043661189172,0.36363636363636365,User_561,outandin
579,2,12,0.0376712328767123,0.0058074445819956,0.0006873453489948,0.2770043661189172,0.5454545454545454,User_579,outandin
628,2,12,0.0376712328767123,0.0055238876342146,0.0015911120878599,0.271035854098055,0.36363636363636365,User_628,outandin
654,2,12,0.0376712328767123,0.0058074445819956,0.0006873453489948,0.2770043661189172,0.36363636363636365,User_654,outandin
742,2,12,0.0376712328767123,0.0058074445819956,0.0006873453489948,0.2770043661189172,0.36363636363636365,User_742,outandin
780,2,12,0.0376712328767123,0.0206257154258189,0.0006361252401495,0.2929089230252665,0.36363636363636365,User_780,outgoing
2904,2,12,0.0376712328767123,0.0012655722754061,0.0041351006599744,0.2292807674617254,0.18181818181818182,User_2904,outandin
2953,2,12,0.0376712328767123,0.00450339316608,0.0005229237293535,0.2671717991516469,0.18181818181818182,User_2953,outandin
923,2,12,0.0376712328767123,0.0058074445819956,0.0006873453489948,0.2770043661189172,0.36363636363636365,User_923,outandin
1669,2,12,0.0376712328767123,0.0058074445819956,0.0006873453489948,0.2770043661189172,0.36363636363636365,User_1669,outandin
75,3,12,0.0376712328767123,0.0075183256038629,0.0012268865092648,0.2790244526539686,0.2727272727272727,User_75,outandin
2292,3,12,0.0376712328767123,0.0116153235897387,0.0020697687316288,0.2619884375703881,0.18181818181818182,User_2292,outgoing
2522,3,12,0.0376712328767123,0.0061919216990147,0.0003913978786113,0.2716773590781687,0.18181818181818182,User_2522,outandin
634,3,12,0.0376712328767123,0.0064391559677634,0.0028875663073818,0.2845582502894981,0.36363636363636365,User_634,outandin
2539,4,12,0.0376712328767123,0.0233598118024732,0.0008310114430683,0.3013683865061406,0.18181818181818182,User_2539,outandin
2541,4,12,0.0376712328767123,0.0077994744983039,0.0005030103744863,0.2803876255524307,0.18181818181818182,User_2541,outandin
2542,4,12,0.0376712328767123,0.0077994744983039,0.0005030103744863,0.2803876255524307,0.18181818181818182,User_2542,outandin
2543,4,12,0.0376712328767123,0.0077994744983039,0.0005030103744863,0.2803876255524307,0.18181818181818182,User_2543,outandin
2544,4,12,0.0376712328767123,0.0077994744983039,0.0005030103744863,0.2803876255524307,0.18181818181818182,User_2544,outandin
2545,4,12,0.0376712328767123,0.0077994744983039,0.0005030103744863,0.2803876255524307,0.18181818181818182,User_2545,outandin
1499,4,12,0.0376712328767123,0.0137132334939293,0.0009755080461131,0.2837668336477782,0.18181818181818182,User_1499,
1757,6,12,0.0376712328767123,0.0468960783294859,0.0005485659233662,0.3152315391981499,0.36363636363636365,User_1757,incoming
2498,9,12,0.0376712328767123,0.0114524374973091,0.0172137526138468,0.2929089230252665,0.36363636363636365,User_2498,incoming
2516,12,12,0.0376712328767123,0.0274265669258535,0.0010003887532526,0.3029592456892809,0.18181818181818182,User_2516,outandin
2859,13,12,0.0376712328767123,0.015380360764398,0.0188278406191403,0.298527137088495,0.36363636363636365,User_2859,incoming
2540,14,12,0.0376712328767123,0.0391359345060086,0.0151915873817511,0.3262058521080677,0.18181818181818182,User_2540,outandin
2877,40,12,0.0376712328767123,0.0471247348456594,0.0543963885065477,0.3197317108928309,0.5454545454545454,User_2877,incoming
2266,60,12,0.0376712328767123,0.0942664068351314,0.0910632064891632,0.3515579914564359,0.18181818181818182,User_2266,
2856,1,13,0.1333333333333333,0.0047472699436431,0.0,0.238821709670796,0.18181818181818182,User_2856,outandin
2883,1,13,0.1333333333333333,0.0023736349718215,0.0,0.238821709670796,0.18181818181818182,User_2883,outandin
2810,1,13,0.1333333333333333,0.0052676453989282,0.0,0.247178862364525,0.18181818181818182,User_2810,outandin
2849,1,13,0.1333333333333333,0.0047472699436431,0.0,0.238821709670796,0.18181818181818182,User_2849,outandin
2882,1,13,0.1333333333333333,0.0047472699436431,0.0,0.238821709670796,0.18181818181818182,User_2882,outandin
2936,1,13,0.1333333333333333,0.0052676453989282,0.0,0.247178862364525,0.18181818181818182,User_2936,outandin
2523,2,13,0.1333333333333333,0.0009054975733329,0.0006070949408115,0.2381404236732911,0.18181818181818182,User_2523,outandin
2769,2,13,0.1333333333333333,0.0110414364287587,0.0011057890879557,0.273375848075085,0.18181818181818182,User_2769,outandin
2918,2,13,0.1333333333333333,0.0055118949699763,0.00207237216231,0.2673273576955489,0.18181818181818182,User_2918,incoming
2942,2,13,0.1333333333333333,0.0013492339614293,0.0,0.2366673901247965,0.18181818181818182,User_2942,incoming
2928,3,13,0.1333333333333333,0.0358605884135854,0.0,0.3011707030777995,0.36363636363636365,User_2928,incoming
2940,3,13,0.1333333333333333,0.0062170465189343,3.1401568447244686e-05,0.2601329953779633,0.18181818181818182,User_2940,incoming
2881,6,13,0.1333333333333333,0.0230615237886617,0.0071047060235766,0.3085582908885116,0.18181818181818182,User_2881,incoming
2315,10,13,0.1333333333333333,0.0641215437884112,0.0086815049972309,0.3300752960762799,0.18181818181818182,User_2315,
25,12,13,0.1333333333333333,0.0204164870454016,0.0197604221836606,0.3070108571328019,0.45454545454545453,User_25,
2848,16,13,0.1333333333333333,0.0577870669472018,0.0087930465260361,0.3153397917871602,0.36363636363636365,User_2848,incoming
2767,1,14,1.0,7.94308032542789e-29,0.0,0.0010526315789473,0.36363636363636365,User_2767,incoming
2870,1,14,1.0,7.94308032542789e-29,0.0,0.0010526315789473,0.36363636363636365,User_2870,outandin
2322,1,15,1.0,7.94308032542789e-29,0.0,0.0010526315789473,0.7272727272727273,User_2322,outgoing
647,1,15,1.0,7.94308032542789e-29,0.0,0.0010526315789473,0.5454545454545454,User_647,outandin
2476,1,16,1.0,7.94308032542789e-29,0.0,0.0010526315789473,0.18181818181818182,User_2476,incoming
988,1,16,1.0,7.94308032542789e-29,0.0,0.0010526315789473,0.9090909090909091,User_988,outgoing
2836,1,17,1.0,6.2135878340423495e-34,0.0,0.0010526315789473,0.18181818181818182,User_2836,incoming
1054,1,17,1.0,6.2135878340423495e-34,0.0,0.0010526315789473,0.36363636363636365,User_1054,incoming
2608,1,18,1.0,7.94308032542789e-29,0.0,0.0010526315789473,0.18181818181818182,User_2608,outandin
1686,1,18,1.0,7.94308032542789e-29,0.0,0.0010526315789473,0.18181818181818182,User_1686,outgoing
2400,1,19,1.0,7.94308032542789e-29,0.0,0.0010526315789473,0.18181818181818182,User_2400,outgoing
1744,1,19,1.0,7.94308032542789e-29,0.0,0.0010526315789473,0.36363636363636365,User_1744,outgoing
2656,1,20,1.0,6.2135878340423495e-34,0.0,0.0010526315789473,0.18181818181818182,User_2656,incoming
1851,1,20,1.0,6.2135878340423495e-34,0.0,0.0010526315789473,0.5454545454545454,User_1851,incoming
2591,1,21,1.0,7.94308032542789e-29,0.0,0.0010526315789473,0.18181818181818182,User_2591,outandin
1878,1,21,1.0,7.94308032542789e-29,0.0,0.0010526315789473,0.36363636363636365,User_1878,outgoing
